Name,BSE Code,NSE Code,Industry,Current Price,Market Capitalization,Exports percentage,Sales last year,Sales,Profit after tax last year,Profit after tax,Sales preceding year quarter,Sales 3quarters back,Sales 2quarters back,Sales preceding quarter,Sales latest quarter,Operating profit preceding quarter,Operating profit latest quarter,Profit after tax preceding quarter,Profit after tax latest quarter,Historical PE 3Years,Price to Earning,YOY Quarterly sales growth,YOY Quarterly profit growth,Total Capital Employed,EBIT last year,EBIT,Current Tax,Cash from operations preceding year,Cash from operations last year,ROCE,OP/LEVERAGE QLTY,TTM sales growth,TTM profit growth,OP/LEVERAGE,PEG,TTM FY26 E/EARNINGS,TTM FY27 E/EARNINGS,TTM FY28 E/EARNINGS,ESTIMATED MCAP FY28
20 Microns,533022,20MICRONS,Minerals & Mining,212.33,749.24,0,912.83,929.44,63.9,62.41,230.55,240.18,214.65,227.45,247.16,28.87,31.51,15.41,16.88,11.33,12.01,7.2,-5.49,449.28,102.9,101.88,20.59,54.44,31.79,0.1847,-12.69,0.0182,-0.0233,-0.0415,-5.2,61,60,58,698
360 ONE,542772,360ONE,Capital Markets,1095.1,44325.32,0,3683.87,3357.21,1081.34,1056.23,849.34,865.15,759.83,820.77,911.46,461.22,565.89,249.6,284.67,33.79,41.97,7.31,-6.88,2307.27,2321.44,2277.22,281.81,-470.11,-2410.87,0.5799,-14.19,-0.0887,-0.0232,0.0655,-18.1,1032,1008,984,41313
3i Infotech,532628,3IINFOLTD,IT - Software,19.81,410.85,0,725.76,716.56,24.85,47.47,179.75,177.6,181.41,187,170.55,8.35,-3.46,26.9,7.62,24.23,8.65,-5.12,186.39,266.58,18.5,42.61,-11.65,24.12,28.25,0.1344,191.51,-0.0127,0.9103,0.9229,0.1,91,173,331,2862
3M India,523395,3MINDIA,Diversified,29590,33347.93,0,4445.56,4594.95,476.12,496.61,1046.57,1110.8,1089.95,1198.23,1195.97,226.74,241.74,71.37,177.69,68.49,67.15,14.28,13.07,1824.7,784.66,812.5,296.33,643.03,355.1,0.4346,-1.21,0.0336,0.043,0.0094,15.6,518,540,564,37841
5paisa Capital,540776,5PAISA,Capital Markets,328.7,1026.94,0,359.66,311.4,68.11,47.12,100.79,85.27,71.27,77.69,77.17,25.22,22.95,11.52,9.44,25.95,21.79,-23.43,-56.88,547.29,115.12,89,18.46,-91.24,98,0.1198,-33.45,-0.1342,-0.3082,-0.174,-0.7,33,23,16,340
63 Moons Tech.,526881,63MOONS,IT - Software,840.6,3873.36,7.71,46.82,65.65,-49.66,-80.83,11.62,9.79,11.78,13.63,30.45,-61.86,-54.88,-22.89,-13.07,15.98,,162.05,-6.24,2363.88,-78.18,-103.83,3.87,47.16,-142.78,-0.0326,-168.29,0.4022,0.6277,0.2255,0,-30,-11,-4,0
A2Z Infra Engg.,533292,A2ZINFRA,Construction,18.45,324.94,0,336.27,344.14,11.19,12.53,82.64,78.41,84.56,90.66,90.51,9.1,6.76,8.26,2.8,33.25,25.93,9.52,13900,-5.59,23.22,26.17,7.15,95.33,54.21,-3.5206,13890.48,0.0234,0.1197,0.0963,2.2,14,16,18,456
Aadhar Hsg. Fin.,544176,AADHARHFC,Finance,515.5,22325.93,0,3107.63,3242.67,912.04,948.97,713.14,764.27,797.61,832.61,848.18,635.84,641.05,244.84,237.28,22.61,23.53,18.94,18.56,1699.14,2347.3,2449.87,258.32,-2550.1,-3026.65,0.7105,-0.38,0.0435,0.0405,-0.003,5.8,987,1027,1069,25153
Aaron Industries,,AARON,Industrial Manufacturing,188.14,394.09,0,77.93,79.97,8.26,7.43,17.19,18.29,18.33,24.11,19.24,5.04,3.66,2.75,1.06,45.46,53.04,11.93,-43.32,62.88,13.25,13.08,2.68,5.6,8.63,0.1608,-55.25,0.0262,-0.1005,-0.1267,-5.3,7,6,5,287
Aarti Drugs,524348,AARTIDRUGS,Pharmaceuticals & Biotechnology,515.2,4736.49,0,2387.03,2422.2,168.16,188.83,555.34,598.33,556.6,676.76,590.51,93.33,74.08,62.86,53.91,25.42,25.08,6.33,62.18,1697.67,250.81,254.62,26.62,358.92,244.58,0.1269,55.85,0.0147,0.1229,0.1082,2,212,238,267,6706
Aarti Industries,524208,AARTIIND,Chemicals & Petrochemicals,378,13706.05,59.64,7271.32,7095,328.7,235,1851,1628,1843,1949,1675,262,212,96,43,40.21,58.32,-9.51,-68.61,7259.34,580.03,473,-14,1209.58,1241.94,0.0304,-59.1,-0.0242,-0.2851,-0.2608,-2,168,120,86,5008
Aarti Pharma,543748,AARTIPHARM,Pharmaceuticals & Biotechnology,831.4,7535.91,57.63,2115.07,1945.78,272.39,266.45,555.49,458.03,537.78,563.78,386.19,145.63,93.44,88.34,49.5,24.8,28.28,-30.48,-10.73,2128.48,387.58,381.32,65.95,216.35,331.56,0.1562,19.75,-0.08,-0.0218,0.0582,-13,261,255,249,7053
Aarti Surfactant,543210,AARTISURF,Chemicals & Petrochemicals,461.6,390.44,18.9,659.09,731.57,11.59,12.59,143.41,150.84,162.78,202.05,215.9,19.69,11.63,9.72,2.94,38.61,31.01,50.55,32.43,284.12,28.05,29.49,4.35,51.96,11.14,0.0596,-18.12,0.11,0.0863,-0.0237,3.6,14,15,16,500
Aarvee Denims,514274,AARVEEDEN,Textiles & Apparels,151.42,390.12,0,42.45,28.37,-92.09,17.94,13.53,15.48,5.94,7.5,-0.55,-51.7,-1.11,-8.87,25.48,19.62,21.75,-104.07,12.84,-19.91,-79.25,17.3,0,109.93,27.47,-0.9011,116.91,-0.3317,-1.1948,-0.8631,-0.2,-3,-8,-17,-366
AAVAS Financiers,541988,AAVAS,Finance,1631.7,12916.76,0,2354.51,2439.67,573.74,587.24,542.39,579.16,596.74,636.21,627.56,466.47,459.45,153.68,139.23,26.32,22,15.7,10.41,1895.15,1739.58,1794.42,144.88,-2000.51,-1660.13,0.3863,-5.29,0.0362,0.0235,-0.0126,9.3,601,615,630,13853
A B B,500002,ABB,Electrical Equipment,5186,109895.7,0,12188.31,12612.09,1876.15,1798.58,2830.86,2912.16,3364.93,3159.56,3175.44,582.27,414.09,474.12,352.08,91.09,61.1,12.17,-20.46,6819.95,2535.76,2429.68,579.88,1351.48,1331.8,0.3488,-32.63,0.0348,-0.0413,-0.0761,-14.8,1724,1653,1585,96818
Abbott India,500488,ABBOTINDIA,Pharmaceuticals & Biotechnology,30130,64026.25,1.18,6409.15,6589.89,1414.92,1452.29,1557.61,1632.67,1614.28,1604.59,1738.35,428.54,445.59,367.04,365.86,48.52,44.09,11.6,11.54,3688.46,1899.03,1957.36,486.19,1212.81,1011.84,0.5256,-0.06,0.0282,0.0264,-0.0018,16.7,1491,1530,1570,69240
Aditya Birla Cap,540691,ABCAPITAL,Finance,293.35,76638.08,0,40632.23,41420.09,3285.73,3403.19,8672.6,10322.01,9381.35,12214.04,9502.69,3794.71,3850.37,864.6,835.08,17.5,22.52,9.57,13.32,-93336,14508.93,15162.99,1456.44,-24100.5,-27934.6,-0.0521,3.75,0.0194,0.0357,0.0164,6.3,3525,3651,3781,85156
AB Cotspin,544522,ABCOTS,Textiles & Apparels,438.8,963.76,0,298.06,292.24,9.99,11.93,72.51,81.36,59.24,84.95,66.69,7.16,10.02,1.88,4.22,47.74,80.78,-8.03,85.9,166.66,23.86,26.06,3.5,-32.18,-16.58,0.0926,93.93,-0.0195,0.1942,0.2137,4.2,14,17,20,1641
Allied Blenders,544203,ABDL,Beverages,545.05,15245.6,5.73,3519.88,3685.12,194.61,240.23,757.63,867.67,973.94,920.65,922.86,135.91,111.58,78.64,56.56,85.85,63.46,21.81,405,1543.27,390.97,434.23,91.1,185.69,-678.42,0.2147,383.19,0.0469,0.2344,0.1875,2.7,297,366,452,28676
Aditya Bir. Fas.,535755,ABFRL,Retailing,83.19,10151.4,1.15,7351.4,9395.32,-591.99,-647.98,1674.22,3643.86,2200.52,1719.48,1831.46,199.49,105.92,-115.27,-211.98,33.25,,9.39,-18.63,10146.6,-373.07,-176.76,31.17,1341.4,1643.83,-0.0608,-28.02,0.278,0.0946,-0.1835,0,-587,-531,-481,0
A B Infrabuild,544281,ABINFRA,Construction,197.82,1263.65,0,207.95,254.58,16.6,21.24,14.15,47.23,75.04,71.75,60.56,12.55,9.61,6.92,5.18,36.79,59.49,327.99,859.26,112.31,29.39,36.54,7.7,5.4,-23.59,0.2577,531.27,0.2242,0.2795,0.0553,2.1,27,35,44,2647
A B Lifestyle,544403,ABLBL,Retailing,142.82,17428.25,0,7829.96,7829.96,124.81,124.81,1784.47,,,1942.16,1840.58,308.71,263.12,28.65,24.06,,139.64,3.14,4.93,3014.18,588.14,588.14,0,,1144.17,0.0414,1.79,0,0,0,,125,125,125,17428
A B Real Estate,500040,ABREL,"Paper, Forest & Jute Products",1627.7,18180.71,0,1218.88,1872.32,-95.92,-78.85,353.29,1127.56,204.44,394.76,145.56,-30.63,-42.39,-16.78,-44.49,104.35,,-58.8,-1096.1,4191.63,-12.4,-65.94,83.75,-315.33,-1293.44,0.0012,-1037.3,0.5361,-0.178,-0.7141,0,-93,-109,-129,0
Aditya AMC,543374,ABSLAMC,Capital Markets,821.4,23711.51,0,1982.28,1745.55,930.6,972,386.62,424.21,445.11,428.84,447.39,243.93,265.98,228.08,277.11,20.31,24.39,15.72,17.56,183.96,1250.38,1317.84,315.27,684.84,708.48,6.9976,1.84,-0.1194,0.0445,0.1639,5.5,1015,1060,1108,27014
ABS Marine,,ABSMARINE,Transport Services,185.2,454.67,0,179.85,179.85,27.06,27.06,,,,80.05,99.8,17.11,33.07,7.91,19.23,17.24,16.8,,,341.54,41.97,41.97,7.29,10.73,44.89,0.1006,0,0,0,0,,27,27,27,455
ACC,500410,ACC,Cement & Cement Products,1885.6,35409.17,0,21762.31,22742.68,2307.05,2334.7,5199.09,4613.52,5927.38,6114.55,6087.23,830.21,778.01,644.38,375.38,26.37,15.17,17.08,4.36,14908.64,3111.64,3211.47,734.03,2995.11,1711.48,0.2058,-12.72,0.045,0.012,-0.0331,12.7,2363,2391,2420,36706
Accelya Solution,532268,ACCELYA,IT - Software,1500.2,2239.24,0,528.72,528.72,129.02,129.02,128.11,127.12,133.17,136.68,131.73,46.37,51.19,30.25,33.95,19.12,17.36,2.83,8.85,302.92,178.02,178.02,46.69,156.14,144.56,0.5801,6.02,0,0,0,,129,129,129,2240
Accent Microcell,,ACCENTMIC,Pharmaceuticals & Biotechnology,254,609.32,0,264.58,264.58,33.06,33.06,138.63,,,126.04,138.54,18.73,23.18,16.47,16.6,18.83,18.43,-0.06,3.3,184.72,44.11,44.11,10.67,11.33,24.67,0.2367,3.36,0,0,0,,33,33,33,609
Action Const.Eq.,532762,ACE,"Agricultural, Commercial & Construction Vehicles",1069,12729.99,0,3327.05,3244.87,407.43,422.76,734.26,756.69,875.11,960.99,652.08,163.68,92.83,118.56,97.72,41.04,30.11,-11.19,16.08,610,575.36,594.4,144.2,433.42,411.98,0.9294,27.27,-0.0247,0.0376,0.0623,8,439,455,472,14221
Archean Chemical,543657,ACI,Chemicals & Petrochemicals,640,7899.37,0,1041.02,1120.69,174.71,190.61,212.69,240.46,242.29,345.58,292.36,88.29,78.09,53.54,40.19,29.04,41.44,37.46,-10.41,1739.34,249.61,273.18,69.67,379.35,176.23,0.1496,-47.87,0.0765,0.091,0.0145,4.6,208,227,248,10258
Andhra Cements,532141,ACL,Cement & Cement Products,83.83,772.68,0,274.05,310.19,-151.04,-151.88,63.39,54.86,66.33,89.47,99.53,-5.3,6.64,-43.65,-29.62,10.11,,57.01,-25.56,700.65,-98.58,-84.43,0,-26.72,59.55,-0.2168,-82.57,0.1319,0.0056,-0.1263,0,-151,-150,-149,0
Allcargo Gati,532345,ACLGATI,Transport Services,58.72,863.63,0,1509.94,1561.39,11.16,9.96,358.12,426.35,392.46,385.35,357.23,9.61,13.05,9.75,-1.23,99.74,86.69,-0.25,-27.56,932.55,23.91,21.33,-2.66,72.59,78.75,0.0078,-27.31,0.0341,-0.1075,-0.1416,-8.1,9,8,7,614
ACME Solar Hold.,544283,ACMESOLAR,Power,285,17245,0,1405.13,1606.47,268.93,409.41,309.64,259.59,349.01,486.89,510.98,435.75,457.8,133.31,142.77,73.01,42.12,65.02,10171.22,16139.7,1119.95,1294.96,34.64,1434.17,1543.02,0.0275,10106.2,0.1433,0.5224,0.3791,0.8,623,949,1444,60842
Acutaas Chemical,543349,ACUTAAS,Pharmaceuticals & Biotechnology,1467.5,12014.26,0,1006.88,1037.44,158.7,189.05,176.67,246.73,274.99,308.48,207.24,84.95,50.91,62.48,44.29,57.89,63.55,17.3,217.49,1290.05,222.37,256.71,57.39,125.17,118.34,0.191,200.19,0.0304,0.1912,0.1609,3.3,225,268,320,20309
Adani Energy Sol,539254,ADANIENSOL,Power,925.85,111220.8,0,23767.09,25207.82,2367.15,2396.37,5378.55,6183.7,5830.26,6374.58,6819.28,2039.96,1810.69,647.15,512.48,78.38,46.41,26.79,317.47,46631.13,5836.23,6127.86,232.16,6037.62,8695.22,0.0564,290.68,0.0606,0.0123,-0.0483,37.6,2426,2456,2486,115385
Adani Enterp.,512599,ADANIENT,Metals & Minerals Trading,2550.9,294420,0,97894.75,94383.55,4390.38,3582.97,25472.4,22608.07,22848.42,26965.86,21961.2,3710.01,3310.29,1043.2,734.41,94.51,82.17,-13.78,-49.61,119863.1,12180.53,11646.74,2969.45,10312.19,4513.1,0.0547,-35.83,-0.0359,-0.1839,-0.148,-4.5,2924,2386,1947,160022
Adani Green,541450,ADANIGREEN,Power,1064.3,172692.9,0,11212,12268,1664.13,1857.66,2794,3055,2340,3073,3800,2393,3042,300.99,724.08,149.41,92.96,36.01,54.12,84324,8045,7891,205,7713,8364,0.0245,18.11,0.0942,0.1163,0.0221,8,2074,2315,2584,240215
Adani Ports,532921,ADANIPORTS,Transport Infrastructure,1409.4,304450,0,30475.33,32645.15,10791.9,11378.4,7559.59,7067.02,7963.55,8488.44,9126.14,5005.96,5495.33,3034.41,3314.59,27.51,26.76,20.72,2.4,98389.47,15199.27,16400.07,2285.2,15017.58,17226.28,0.1389,-18.32,0.0712,0.0543,-0.0169,4.9,11997,12649,13336,356876
Adani Power,533096,ADANIPOWER,Power,149.7,288691.9,0,56203.09,55356.61,12950.97,12410.84,14955.63,13338.88,13671.18,14237.4,14109.15,4812.63,5685.28,2636.97,3384.86,12.55,23.26,-5.66,-13.49,90236.63,19714.95,19043.54,-66.52,14170.15,21501.11,0.1368,-7.83,-0.0151,-0.0417,-0.0266,-5.6,11893,11397,10922,254043
ADF Foods,519183,ADFFOODS,Food Products,202.5,2224.74,93.37,589.58,600.83,65.27,70.11,121.62,161.39,147.49,159.07,132.88,24.68,23.52,16.44,15.24,35.47,31.73,9.26,1.33,470.03,88.78,95.68,23.34,69.84,37.42,0.1988,-7.93,0.0191,0.0742,0.0551,4.3,75,81,87,2757
Ador Welding,517041,ADOR,Industrial Products,1028.5,1789.88,13.66,1122.68,1105.06,67.95,43.26,269.46,269.24,273.96,310.02,251.84,31.05,-4.4,18.95,-3.95,28.18,41.37,-6.54,-119.89,447.19,104.17,70.22,22.05,58.29,137.11,0.146,-113.35,-0.0157,-0.3634,-0.3477,-1.1,28,18,11,462
Allied Digital,532875,ADSL,IT - Services,190.42,1074.5,62.56,807.07,846.96,31.33,36.14,179.13,203.02,220.57,204.35,219.02,-9.3,18.83,-7.61,14.44,19.14,29.73,22.27,38.71,692.84,77.99,70.02,23.12,67.6,92.27,0.0855,16.44,0.0494,0.1535,0.1041,1.9,42,48,55,1649
Advance Agrolife,544562,ADVANCE,Fertilizers & Agrochemicals,110.27,708.88,1.98,495.83,495.83,25.64,25.64,,,,,,,,,,19,27.65,,,114.39,42.28,42.28,9.74,14.84,5.71,0.3093,0,0,0,0,,26,26,26,709
Advani Hotels.,523269,ADVANIHOTR,Leisure Services,59.88,553.52,0,107.41,105.28,26.33,25.18,22.06,16.71,35.14,33.51,19.92,15.11,2.96,11.47,2.35,21.55,21.98,-9.7,-34.9,68.51,35.26,33.84,8.7,29.23,21.2,0.4945,-25.2,-0.0198,-0.0437,-0.0238,-5,24,23,22,484
Advanced Enzyme,540025,ADVENZYMES,Pharmaceuticals & Biotechnology,306.5,3429.16,54.38,636.91,668.3,130.96,136.89,154.52,146.1,169.11,167.18,185.91,45.6,56.43,26.48,39.93,29.39,25.05,20.31,16.93,1003.23,191.76,197.02,52.12,141.37,142.5,0.1884,-3.38,0.0493,0.0453,-0.004,5.5,143,150,156,3916
Aegis Logistics,500003,AEGISLOG,Gas,812.5,28518.75,0,6763.79,6881.86,662.02,663.2,1601.34,1750.42,1706.99,1705.04,1719.41,408.8,239.92,281.67,131.32,33.93,43,7.37,-0.13,9354.91,1152.03,1175.8,204.33,655.53,558.19,0.0927,-7.5,0.0175,0.0018,-0.0157,241.2,664,666,667,28670
Aegis Vopak Term,544407,AEGISVOPAK,Oil,276.7,30658.12,0,621.08,621.08,127.27,127.27,154.03,,161.5,156.9,164.01,116.3,119.91,41.34,47.72,186.81,240.89,6.48,85.1,5283.34,357.73,357.73,6.92,337.21,478.18,0.0254,78.62,0,0,0,,127,127,127,30658
Aeroflex Enter.,511076,AEROENTER,Industrial Products,88.64,1002.39,0,578.33,590.4,51.7,50.21,122.61,137.79,157.3,160.83,134.48,27.38,18.26,11.11,10.19,18.75,19.96,9.68,-22.57,770.17,112.67,108.07,25.29,-245.71,139.65,0.098,-32.25,0.0209,-0.0288,-0.0497,-6.9,49,47,46,918
Aeroflex,543972,AEROFLEX,Industrial Products,173.01,2237.37,73.56,376.23,370.81,52.65,47.27,89.75,94.99,99.8,91.69,84.33,18.89,15.48,11.23,7.17,50.12,47.33,-6.04,-42.22,338.89,71.08,63.45,15.12,44.09,26.58,0.1841,-36.18,-0.0144,-0.1022,-0.0878,-4.6,42,38,34,1619
Aether Industri.,543534,AETHER,Chemicals & Petrochemicals,750.2,9946.92,0,788.52,822.84,160.9,170.52,180.02,196.45,197.4,214.66,214.33,67.43,68.68,45.1,42.13,91.4,58.33,19.06,29.47,2165,226.99,240.74,40.75,-1.96,117.67,0.0976,10.41,0.0435,0.0598,0.0163,9.8,181,192,203,11839
Afcons Infrastr.,544280,AFCONS,Construction,463.35,17041.3,30.69,12548.42,12764.44,489.98,532.62,3154.36,2959.69,3211.1,3223.27,3370.38,293.63,435.29,110.93,137.4,32.43,32,6.85,50.02,5792.05,1344.4,1402,275.59,707.45,-132.2,0.1395,43.17,0.0172,0.087,0.0698,3.7,579,629,684,21892
Affle 3i,542752,AFFLE,IT - Services,1967.4,27669.56,0,2266.31,2367.54,381.86,400.78,519.5,542.88,601.67,602.25,620.74,133.97,139.72,103.07,105.5,59.99,69.04,19.49,21.84,2879.92,480.22,500.91,93.48,262.28,425.99,0.1716,2.35,0.0447,0.0495,0.0049,13.9,421,441,463,31990
Akme Fintrade,544200,AFIL,Finance,8.81,375.97,0,102.47,113.3,33.23,34.23,21.33,24.02,28.09,29.27,31.92,23.13,23.61,7.55,9.61,10.55,10.98,49.65,11.61,95.9,78.62,84.74,11.04,-45.5,-177.1,0.4721,-38.04,0.1057,0.0301,-0.0756,3.6,35,36,37,411
Abans Financial,543712,AFSL,Finance,202.38,1024.25,0,3281.03,4878.37,101.91,109.63,296.11,641.26,1280.14,1063.16,1893.81,47.51,51.36,28.35,29.95,20.28,9.34,539.56,34.73,1016.78,191.33,199.79,36.47,33.41,-118.76,0.1437,-504.83,0.4868,0.0758,-0.4111,1.2,118,127,136,1275
Agarwal Indl.,531921,AGARIND,Chemicals & Petrochemicals,894.25,1337.6,0,2398.93,2284.82,115.69,89.71,707.71,325.66,542.11,823.44,593.61,53.52,36.13,30.54,13.03,12.99,14.91,-16.12,-66.59,793.13,164.86,138.29,17.76,112.28,99.84,0.1355,-50.47,-0.0476,-0.2246,-0.177,-0.7,70,54,42,624
Dr Agarwal's Hea,544350,AGARWALEYE,Healthcare Services,535.2,16920.8,0,1711,1794.93,76.32,102.93,403.49,416.57,430.72,460.22,487.42,130.99,127.86,33.96,30.05,153.98,164.39,20.8,150.83,2729.01,261.35,295.34,47.82,346,360.33,0.0552,130.03,0.0491,0.3487,0.2996,4.7,139,187,252,41508
AGI Greenpac,500187,AGI,Industrial Products,874.5,5657.79,0,2528.82,2650.15,317.74,348.06,566.33,599.18,658.48,704.83,687.66,154.15,142.02,96.61,88.85,17.58,16.26,21.42,40.52,2629.37,505.3,541.64,106.32,588.39,428.55,0.1728,19.1,0.048,0.0954,0.0474,1.7,381,418,458,7439
AGI Infra,539042,AGIIL,Realty,287.9,3517.19,0,324.67,343.86,66.67,72.27,72.63,77.56,91.41,83.28,91.61,15.68,30.33,15.74,20.01,20.02,48.67,26.13,38.86,380.27,87.52,93.85,14.42,61.46,-19.91,0.228,12.73,0.0591,0.084,0.0249,5.8,78,85,92,4480
Anlon Healthcare,544497,AHCL,Pharmaceuticals & Biotechnology,129.24,686.93,3.24,120.29,120.29,20.52,20.52,,,,,37.83,,6.85,,4.54,24.63,33.48,,,120.34,30.95,30.95,6.55,-3.23,-22.55,0.2249,0,0,0,0,,21,21,21,687
Ahluwalia Contr.,532811,AHLUCONT,Construction,973.6,6521.91,0,4098.62,4184.16,201.73,222.41,919.35,1011.48,951.96,1215.84,1004.88,123.67,86.33,83.33,51.21,27.72,29.32,9.3,67.57,2060.34,330.64,356.12,82.08,257.45,359.43,0.1478,58.27,0.0209,0.1025,0.0816,2.9,245,270,298,8739
AIA Engineering,532683,AIAENG,Industrial Products,3271.9,30860.68,53.84,4287.45,4306.41,1047.24,1106.17,1019.97,1044.21,1066.22,1157.04,1038.94,301.62,306.38,285.22,305.02,30.22,27.9,1.86,17.51,3074.04,1376.75,1435.26,265.04,902.72,1162.31,0.4461,15.65,0.0044,0.0563,0.0518,5,1168,1234,1304,36371
Authum Invest,539177,AIIL,Finance,3299.5,56040.39,0,4568.35,4361.23,4248.11,4096.68,1412.36,1091.1,617.66,1442.07,1210.4,1259.78,1154.72,1766.46,941.32,8.4,13.68,-14.3,-13.86,752.93,4119.95,4031.36,61.15,-147.62,1688.96,5.5222,0.44,-0.0453,-0.0356,0.0097,-3.8,3951,3810,3674,50261
Aimtron,,AIMTRON,Industrial Manufacturing,680.1,1388.34,0,158.3,158.3,25.74,25.74,49.91,,,57.69,100.62,14.7,19.38,11.18,14.56,47.72,53.94,101.6,121.61,146.48,32.46,32.46,6.76,6.69,-17.69,0.2219,20.01,0,0,0,,26,26,26,1388
Airan,543811,AIRAN,IT - Services,24.07,300.92,5.8,106.5,106.04,11.99,-0.09,26.16,26.23,26.8,27.31,25.7,4.58,3.9,-3.45,3.15,20.72,,-1.76,-85.51,147.27,15.86,2.31,3.9,3.91,21.22,0.0259,-83.75,-0.0043,-1.0075,-1.0032,0,0,0,-1,0
Ajanta Pharma,532331,AJANTPHARM,Pharmaceuticals & Biotechnology,2434.2,30411.83,0,4648.1,4805.83,916.4,929.96,1144.92,1186.64,1146.13,1170.41,1302.65,297.15,351.35,225.26,255.34,36.12,32.7,13.78,3.89,3346.51,1204.32,1223.43,306.42,785.07,1157.23,0.3695,-9.89,0.0339,0.0148,-0.0191,22.1,944,958,972,31780
Ajax Engineering,544356,AJAXENGG,"Agricultural, Commercial & Construction Vehicles",638.35,7303.16,3.58,2073.92,2071.43,260.14,245.99,469,300.98,548.18,755.75,466.52,110.84,61.39,90.95,52.88,30.54,29.69,-0.53,-21.06,492.2,350.07,330.71,84.88,207.47,42.72,0.6722,-20.53,-0.0012,-0.0544,-0.0532,-5.5,233,220,208,6175
Ajmera Realty,513349,AJMERA,Realty,1029.5,4052.02,0,737.95,802.74,124.39,132.8,193.73,199.96,192.88,151.39,258.51,43.36,78.23,25.28,38.28,22.3,30.51,33.44,21.79,1648.61,240.67,255.13,49.71,219.74,7.55,0.1107,-11.65,0.0878,0.0676,-0.0202,4.5,142,151,162,4930
Akums Drugs,544222,AKUMS,Pharmaceuticals & Biotechnology,446.15,7022.13,0,4118.16,4123.08,322.83,329.54,1019.11,1033.09,1010.41,1055.55,1024.03,93.91,128.98,141.72,63.48,27.42,21.31,0.48,5.5,2941.01,359.44,381.42,86.6,498.26,465.2,0.1415,5.02,0.0012,0.0208,0.0196,10.3,336,343,351,7470
Akzo Nobel,500710,AKZOINDIA,Consumer Durables,3344.9,15232.78,6.14,4091.2,4050,428.3,405,1036.3,982.3,1050.5,1022.1,995.1,159,134.5,107.5,91,34.03,37.61,-3.98,-20.59,1098.1,579.1,547.9,131.7,485.9,310.8,0.4888,-16.61,-0.0101,-0.0544,-0.0443,-6.9,383,362,342,12879
Alankit,531082,ALANKIT,Commercial Services & Supplies,12.64,342.74,0,301.06,329.91,21.66,19.8,61.93,64.35,72.77,102.01,90.78,12.48,-4.55,6.41,5.15,20.94,17.31,46.58,-30.41,174.56,37.88,40.38,7.89,9.6,49.24,0.1586,-76.99,0.0958,-0.0859,-0.1817,-2,18,17,15,262
Albert David,524075,ALBERTDAVD,Pharmaceuticals & Biotechnology,802.4,458.17,0,345.01,326.98,17.02,6.29,89.36,98.44,83.08,74.89,70.57,-4.75,-10.66,-10.33,7.94,10.19,72.84,-21.03,-57.86,108.35,25.51,12.47,4.74,45.5,-28.44,0.1018,-36.83,-0.0523,-0.6304,-0.5782,-1.2,2,1,0,23
Alembic,506235,ALEMBICLTD,Realty,100.51,2580.91,1.13,221.89,220.85,309.65,316.5,50.78,52.91,57.92,60.27,49.75,27.33,19.59,68.45,61.64,9.86,8.15,-2.03,10.43,448.26,156.81,158.51,15.75,22.69,86.37,0.7412,12.46,-0.0047,0.0221,0.0268,3.7,324,331,338,2754
Alicon Cast.,531147,ALICON,Auto Components,853.2,1393.86,0,1720.36,1698.33,46.06,37.95,439.98,463.75,392.1,424.53,417.95,46.67,49.1,9.43,10.93,27.76,36.73,-5.01,-42.59,708.67,106.63,95.78,17.61,157.74,204.15,0.0784,-37.58,-0.0128,-0.1761,-0.1633,-2.1,31,26,21,780
Alivus Life,543322,ALIVUS,Pharmaceuticals & Biotechnology,933.8,11455.98,51.72,2386.88,2400.12,481.33,495.69,588.62,506.88,641.84,649.55,601.85,198.43,172.31,141.87,121.54,20.7,23.11,2.25,9.02,2444.24,650.75,670.2,163.87,413.52,391.52,0.2698,6.77,0.0055,0.0298,0.0243,7.7,510,526,541,12512
Alkem Lab,539523,ALKEM,Pharmaceuticals & Biotechnology,5454.5,65216.73,29.47,12964.52,13303.84,2161.91,2274.08,3031.82,3414.67,3374.28,3143.75,3371.14,391.29,739.05,305.86,653.76,33.6,28.68,11.19,19.92,9350.62,2644.13,2788.12,540.28,1948.07,1912.84,0.301,8.73,0.0262,0.0519,0.0257,5.5,2392,2516,2647,75908
Alkyl Amines,506767,ALKYLAMINE,Chemicals & Petrochemicals,1843.2,9426.86,0,1571.82,1577.67,186.31,186.68,399.69,414.89,371.2,386.05,405.53,67.81,76.57,46.02,49.44,60.68,50.5,1.46,1.17,1481.95,249.92,250.18,48.68,274.79,263.11,0.1588,-0.29,0.0037,0.002,-0.0017,254.3,187,187,188,9484
Allcargo Logist.,532749,ALLCARGO,Transport Services,31.95,3139.99,0,16021.53,16127.88,61.48,-49.7,3762.69,4301.09,4057.65,3952.44,3816.7,114.66,19.82,5.78,-105.04,44.47,,1.44,-2274.74,2720.71,175.45,51.29,77.82,-145.73,261.08,0.0103,-2276.18,0.0066,-1.8084,-1.815,0,-140,-392,-1101,0
Alldigi Tech,532633,ALLDIGI,Commercial Services & Supplies,887.75,1352.78,62.93,546.31,560.9,69.02,66.48,129.32,131.43,139.46,146.1,143.91,35.15,36.55,19.9,14.89,20.06,20.35,11.28,-18.99,206.62,96.09,99.54,24.68,90.83,118.46,0.4412,-30.27,0.0267,-0.0368,-0.0635,-5.5,64,62,59,1209
All E Tech,,ALLETEC,IT - Software,257.4,519.8,0,139.94,140.9,29.47,29.66,33.13,35.91,35.99,34.93,34.07,9.18,6.53,9.46,6.32,27.33,17.53,2.84,2.43,143.56,39.09,39.38,9.96,16.13,22.14,0.276,-0.41,0.0069,0.0064,-0.0004,27.2,30,30,30,530
All Time Plastic,544479,ALLTIME,Consumer Durables,272.65,1786.07,85.23,558.17,558.17,47.33,47.33,130.06,,,148.25,157.98,24.3,28.75,9.68,12.82,31.54,37.74,21.47,5.17,364.97,78.91,78.91,13.09,90.75,51.68,0.1655,-16.3,0,0,0,,47,47,47,1786
Almondz Global,531400,ALMONDZ,Capital Markets,17.37,301.62,0,149.71,151.62,17.32,18.13,29.65,34.01,33.23,52.75,31.63,5.09,5.67,6.15,6.9,18.09,16.64,6.68,13.3,178.94,23.58,25.21,3.51,35.06,-9.42,0.1209,6.62,0.0128,0.0468,0.034,3.6,19,20,21,346
Alok Industries,521070,ALOKINDS,Textiles & Apparels,17.49,8684.21,24.67,3708.78,3634.97,-908.77,-900.72,1006.3,885.66,863.86,952.96,932.49,-23.25,19.93,-168.47,-197.16,,,-7.33,4.69,4677.37,-275.58,-268.1,0,-1160.73,115.22,-0.1926,12.02,-0.0199,-0.0089,0.011,0,-909,-917,-925,0
Alpex Solar,,ALPEXSOLAR,Electrical Equipment,1182.35,2893.61,0.11,780.15,1083.74,83.37,124.84,76.73,188.4,187.63,327.39,380.32,53.87,62.59,35.45,42.29,49.88,23.18,395.66,3889.62,222.27,120.44,178.79,43.35,-8.02,68.84,0.7567,3493.96,0.3891,0.4974,0.1083,0.5,187,280,419,9716
Amanta Healthcar,544502,AMANTA,Pharmaceuticals & Biotechnology,134.06,520.55,0,274.71,274.71,10.57,10.57,68.1,,,72.06,65.31,18.96,14.9,5.96,3.51,37.93,49.25,-4.1,1075,246.53,42.76,42.76,3.59,58.07,46.62,0.0574,1079.1,0,0,0,,11,11,11,521
Amber Enterp.,540902,AMBER,Consumer Durables,8284.5,29119.14,0,9973.02,11020.86,245.37,275.06,2401.29,1684.7,2133.33,3753.7,3449.13,282.06,249.81,116.07,103.87,88.27,105.86,43.64,43.53,3212.17,581.45,640.05,113.13,964.84,710.89,0.1208,-0.11,0.1051,0.121,0.0159,8.7,308,346,387,41018
Ambika Cotton,531978,AMBIKCO,Textiles & Apparels,1412.1,808.43,0,702.07,684.96,65.74,60.13,209.09,200.41,156.26,136.31,191.98,23.61,26.93,15.86,15.92,12.74,13.44,-8.18,-26.06,911.81,108.71,98.05,17.6,-137.75,129.05,0.0852,-17.88,-0.0244,-0.0853,-0.061,-1.6,55,50,46,618
Ambuja Cements,500425,AMBUJACEM,Cement & Cement Products,569.25,140708.6,0,35044.76,37114.29,4142.58,4319.33,8392.09,7516.11,9328.56,9980.55,10289.07,1867.55,1961.09,883.87,764.23,37.07,32.58,22.6,19.44,56506.42,6096.8,6357.67,543.39,5645.82,2237.35,0.0861,-3.16,0.0591,0.0427,-0.0164,7.6,4504,4696,4896,159516
ANB Metal,,AMCL,Industrial Products,272,321.91,0,162.57,162.57,10.25,10.25,,,,,,,,,,17.37,31.41,,,41.87,16.74,16.74,3.52,-7.3,4,0.3289,0,0,0,0,,10,10,10,322
Amines & Plast.,506248,AMNPLST,Chemicals & Petrochemicals,207.17,1139.85,0,660.73,663.53,40.96,39.78,137.48,166.64,190.79,165.81,140.29,20.97,12.99,12.81,7.43,29.58,28.65,2.04,-14.2,275.5,64.65,62.54,13.2,46.85,29.14,0.1923,-16.24,0.0042,-0.0288,-0.033,-9.9,39,38,36,1044
Amrutanjan Healt,590006,AMRUTANJAN,Pharmaceuticals & Biotechnology,704.75,2037.48,0,451.82,462.13,50.83,54.54,83.74,109.92,122.75,135.41,94.05,17.7,8.44,15.18,8.31,42.34,37.36,12.31,79.87,271.75,69.46,74.29,19.54,27.91,50.9,0.2726,67.56,0.0228,0.073,0.0502,5.1,59,63,67,2517
Anand Rathi Wea.,543415,ANANDRATHI,Capital Markets,2956.1,24541.73,0,979.94,975.5,299.83,320.2,237.61,242.48,237.04,221.96,274.02,90.83,127.78,73.45,93.62,54.78,76.65,15.32,27.83,530.71,416.35,446.31,106.85,277.57,244.05,0.8047,12.51,-0.0045,0.0679,0.0725,11.3,342,365,390,29893
Anant Raj,515055,ANANTRAJ,Realty,694.2,23829.15,0,2059.97,2180.55,425.53,460.42,471.83,512.85,534.64,540.65,592.41,142.37,150.65,118.64,125.88,43.01,51.76,25.56,38.33,3575.45,501.52,546.95,97.58,-25.52,96.61,0.1561,12.77,0.0585,0.082,0.0235,6.3,498,539,583,30187
Andhra Paper,502330,ANDHRAPAP,"Paper, Forest & Jute Products",79.42,1579.27,0,1541.24,1618.77,58.8,82.53,315.89,432.28,385.7,407.37,393.42,20.27,33.6,7.85,21.31,5.98,19.14,24.54,-23.01,1178.44,95.33,131.64,25.31,318.74,-55.39,0.0915,-47.55,0.0503,0.4036,0.3533,0.5,116,163,228,4368
Andhra Sugars,590062,ANDHRSUGAR,Chemicals & Petrochemicals,81.78,1108.41,0,2019.69,2139.46,39.92,53.92,480.02,528.42,510.9,500.35,599.79,46.49,51.38,22.73,26.47,17.16,20.56,24.95,78.84,1519.76,60.46,84.72,15.76,141.69,127.8,0.0458,53.89,0.0593,0.3507,0.2914,0.6,73,98,133,2732
Andrew Yule & Co,526173,ANDREWYU,Agricultural Food & other Products,26.39,1290.34,0,310.91,312.32,-26.99,19.84,55.53,89.42,68.33,98.43,56.14,-42.23,-27.66,-1.07,20.14,101.45,65.04,1.1,889.8,131.82,-30.67,16.51,-0.79,22.81,-11.05,0.1445,888.7,0.0045,-1.7351,-1.7396,-0.4,-15,-40,-109,-7096
Angel One,543235,ANGELONE,Capital Markets,2303.3,20883.7,0,5239.22,4973.46,1172.08,993.84,1405.45,1514.71,1262.21,1056.01,1140.53,342.72,274.67,174.52,114.47,18.03,21.01,-18.85,-60.9,5178.05,1887.84,1681.67,357.8,-329.9,-1859.84,0.261,-42.05,-0.0507,-0.1521,-0.1013,-1.4,843,715,606,12730
Annapurna Swadi.,,ANNAPURNA,Food Products,255.3,557.06,0.46,406.72,406.72,20.12,20.12,133.84,,,203.76,204.21,22.9,24.24,12.46,7.85,36.34,27.69,52.58,19.48,298.31,38.35,38.35,7.07,-10.22,-15.87,0.0911,-33.1,0,0,0,,20,20,20,557
Anondita Medi.,,ANONDITA,Personal Products,441.8,799.07,0,76.99,76.99,15.8,15.8,,,,,,,,,,30.26,50.58,,,47.66,24.9,24.9,5.51,,-10.47,0.4471,0,0,0,0,,16,16,16,799
Antelopus Selan,530075,ANTELOPUS,Oil,547.1,1923.73,0,258.08,245.25,74.18,65.86,63.46,68.92,63.98,61.72,50.63,30.86,26.83,14.78,11.22,19.79,29.21,-20.22,-37.07,406.92,99.19,88.19,1.58,71.67,125.75,0.1657,-16.85,-0.0497,-0.1122,-0.0624,-2.6,58,52,46,1346
Anthem Bioscienc,544449,ANTHEM,Pharmaceuticals & Biotechnology,800.8,44973.73,83.44,1844.55,1844.55,451.51,451.51,338.59,,,483.2,540.21,195.19,191.49,82.62,135.79,99.63,99.61,59.55,64.83,1996.32,667.76,667.76,182.03,140.15,418.34,0.3174,5.28,0,0,0,,452,452,452,44975
Anuh Pharma,506260,ANUHPHR,Pharmaceuticals & Biotechnology,82.23,824.14,54.94,661.51,710.08,41.39,46.14,137.91,165.95,159.51,198.14,186.48,18.67,10.29,12.46,8.3,17.35,17.86,35.22,-12.72,202.28,54.39,60.38,15.08,12.93,37.12,0.3026,-47.94,0.0734,0.1148,0.0413,1.6,51,57,64,1142
The Anup Enginee,542460,ANUP,Industrial Manufacturing,2398.3,4802.95,62.34,732.79,761.81,115.62,120.54,145.99,193.14,171.74,221.7,175.23,49.61,40.35,31.54,26.26,39.17,39.85,20.03,9.33,620.82,145.44,152.59,28.96,,-7.15,0.2408,-10.7,0.0396,0.0426,0.003,9.4,126,131,137,5443
Anupam Rasayan,543275,ANURAS,Chemicals & Petrochemicals,1118,12728.24,25.14,1436.97,1670.09,93.27,123.47,254.2,293.96,390.14,500.16,485.83,144.45,124.29,44.57,34.04,64.69,103.09,91.12,768.37,3158.53,309.91,369.98,51.27,59.03,-30.13,0.0553,677.25,0.1622,0.3238,0.1616,3.2,163,216,286,29528
Anzen IYEP Trust,543655,ANZEN,Power,118.5,2324.9,0,256.85,313.65,-23.8,-4.59,62.63,63.21,63.18,76.8,110.46,64.86,98.79,-7.59,9.55,,,76.37,554.76,2947.29,52,92.46,1.3,163.05,240.01,-0.0011,478.39,0.2211,-0.8071,-1.0283,0,-8,-15,-27,0
Apar Inds.,532259,APARINDS,Electrical Equipment,8385,33681.13,25.78,18581.21,19674.85,817.15,881.68,4010.52,4644.51,4716.42,5209.76,5104.16,458.17,452.25,249.97,262.91,29.15,38.2,27.27,29.81,4440.98,1543.52,1592.64,305.24,-283.29,1290.57,0.2673,2.54,0.0589,0.079,0.0201,4.8,951,1026,1107,42306
Anjani Portland,518091,APCL,Cement & Cement Products,125.61,368.98,0,430.03,453.78,-80.93,-65.2,115.78,70.07,105.31,138.87,139.53,-4.86,12.45,-12.99,-3.4,104.82,,20.51,82.12,703.85,-63.65,-46.32,0,52.64,9.7,-0.0926,61.61,0.0552,-0.1944,-0.2496,0,-78,-93,-111,0
Apcotex Industri,523694,APCOTEXIND,Industrial Products,363.65,1885.34,32.24,1392.36,1431.49,53.69,58.43,336.63,351.06,355.27,349.4,375.76,38.45,38.61,16.76,19.16,35.45,32.27,11.62,29.46,532.96,93.04,99.53,23.26,40.21,84.72,0.1533,17.84,0.0281,0.0883,0.0602,3.7,64,69,75,2430
Apex Frozen Food,540692,APEX,Food Products,224.97,703.03,93.31,813.55,885.73,3.76,9.17,185.99,199.52,230.73,197.32,258.16,6.59,15.46,1.96,9.1,52.16,76.67,38.8,139.47,496.21,14.21,21.85,3.21,11.16,50.17,0.0249,100.67,0.0887,1.4388,1.3501,0.5,22,55,133,10199
APL Apollo Tubes,533758,APLAPOLLO,Industrial Products,1738.6,48269.8,0,20689.54,20885.01,740.48,801.06,4974.3,4773.91,5432.73,5508.6,5169.77,413.69,372,293.11,237.17,57.64,60.26,3.93,22.78,4556.31,1072.23,1157.07,183.2,1111.56,1213.28,0.216,18.85,0.0094,0.0818,0.0724,7.4,867,937,1014,61115
Alembic Pharma,533573,APLLTD,Pharmaceuticals & Biotechnology,948.35,18641.06,59.57,6672.08,6821.08,569.29,593.1,1561.73,1647.98,1692.74,1769.64,1710.72,271.26,280.9,156.89,154.38,32.98,31.43,9.54,14.6,5036.21,768.76,816.49,105.57,803.2,87.95,0.1387,5.06,0.0223,0.0418,0.0195,7.5,618,644,671,21079
Apollo Micro Sys,540879,APOLLO,Aerospace & Defense,317.5,10589.66,0,562.07,604.45,57.67,68.06,91.2,160.71,148.39,161.77,133.58,36.04,40.98,14.32,19.43,71.75,155.59,46.47,125.67,659.52,118.57,136.03,22.87,-77.64,11.83,0.1379,79.2,0.0754,0.1802,0.1048,8.6,80,95,112,17406
Apollo Hospitals,508869,APOLLOHOSP,Healthcare Services,7681,110441,0,21794,22550.5,1395.3,1573.5,5085.6,5589.3,5526.9,5592.2,5842.1,769.7,851.9,389.6,432.8,87.57,70.19,14.88,41.81,12926.9,2426.5,2642.2,538.1,1920.2,2136.4,0.1633,26.93,0.0347,0.1277,0.093,5.5,1774,2001,2257,158394
Apollo Pipes,531761,APOLLOPIPE,Industrial Products,336.05,1547.45,0,925.69,905.47,29.65,28.04,240.23,200.6,244.64,240.22,220.01,21.68,18.67,9.49,8.11,60.62,55.19,-8.42,-25.46,613.42,50.9,45.33,10.85,123.02,70.06,0.0634,-17.04,-0.0218,-0.0543,-0.0325,-10.2,27,25,24,1309
Apollo Tyres,500877,APOLLOTYRE,Auto Components,488.25,31008.8,0,26123.42,26349.33,1234.12,1236.39,6334.85,6437.03,6927.95,6423.59,6560.76,837.38,867.75,263.73,331.01,20.7,25.08,3.57,0.05,19301.5,2172.67,2100.47,273.17,3439.52,1823.14,0.0782,-3.52,0.0086,0.0018,-0.0068,136.4,1239,1241,1243,31180
Apollo Sindoori,,APOLSINHOT,Leisure Services,1331,346.11,0,541.79,552.38,7.5,10.19,127.7,135.06,140.98,138.06,138.28,2.98,4.98,2.16,3.95,41.89,33.97,8.29,165.1,158.21,19.51,20.49,6.57,14.13,21.33,0.1059,156.81,0.0195,0.3587,0.3391,0.9,14,19,26,868
Aprameya Enginee,,APRAMEYA,Healthcare Equipment & Supplies,245.45,467.34,0,135.71,135.71,16.12,16.12,,,,9.27,126.43,-1.38,25.78,-1.73,17.84,29,28.99,,,64.41,24.9,24.9,5.75,-9.97,-10.64,0.3395,0,0,0,0,,16,16,16,467
Australian Prem,,APS,Electrical Equipment,472.15,948.55,0,432.78,503.14,39.13,47.02,81.79,81.79,121,148.22,152.13,19.46,20.8,14.65,14.45,28.82,20.17,86,120.27,111.59,54.1,64.04,15.49,-5.34,24.29,0.5602,34.27,0.1626,0.2016,0.0391,1,57,68,82,1646
Aptech,532475,APTECHT,Other Consumer Services,119.18,691.28,6.88,459.81,475.83,19.51,21.05,104.71,126.5,110.21,118.69,120.43,7.78,7.33,4.94,6.87,32.49,32.84,15.01,27.22,211.97,36.65,38.66,12.82,-8.41,20.1,0.1598,12.21,0.0348,0.0789,0.0441,4.2,23,25,26,868
Aptus Value Hou.,543335,APTUS,Finance,318.3,15936.02,0,1750.41,1875.74,751.25,798.75,394.94,421.39,450.05,484.04,520.26,408.88,439.22,207.03,219.25,25.92,19.95,31.73,27.66,484.48,1516.42,1619.82,230.53,-1355.68,-1404.91,2.1245,-4.07,0.0716,0.0632,-0.0084,3.2,849,903,960,19153
Amara Raja Ener.,500008,ARE&M,Auto Components,1005.65,18405.95,13.5,12404.89,12623.62,873.15,836.08,3131.19,3135.83,3164.02,2973.85,3349.92,342.23,386.66,166.81,194.01,18.91,22.01,6.99,-20.67,5627.33,1219.25,1164.05,316.21,1314.2,1375.2,0.2048,-27.66,0.0176,-0.0425,-0.0601,-5.2,801,767,734,16156
Arfin India,539151,ARFIN,Non - Ferrous Metals,49.75,839.39,22.45,615.75,615.75,9.15,9.15,132.9,,180.37,153.37,108.86,6.58,6.6,0.53,1.08,62.58,91.74,-18.09,-64.12,184.15,34.2,34.2,4.36,4.64,-21.2,0.0734,-46.03,0,0,0,,9,9,9,839
Aries Agro,532935,ARIES,Fertilizers & Agrochemicals,399.6,519.65,0,622.21,652.94,33.7,36.79,135.4,193.66,170.36,127.77,161.15,0.96,21.82,-3.69,10.03,14.38,14.12,19.02,37.96,279.33,62.5,68.63,10.58,76.54,105.26,0.1696,18.94,0.0494,0.0917,0.0423,1.5,40,44,48,676
Arihant Capital,511605,ARIHANTCAP,Capital Markets,113.44,1181.06,0,247.32,225.28,56.19,50.11,72.81,76.38,51.79,46.34,50.77,14.85,20.3,7.7,12.7,13.94,23.57,-30.27,-32.48,297.19,95.88,83.73,14.88,-29.63,30.08,0.2187,-2.21,-0.0891,-0.1082,-0.0191,-2.2,45,40,36,838
Arihant Super.,506194,ARIHANTSUP,Realty,425.65,1840.94,0,498.83,536.11,54.49,68.6,83.69,111.8,150.77,152.58,120.96,22.26,36.9,11.27,15.91,23.83,26.84,44.53,699.5,1035.06,106.43,134.41,16.66,-120.69,-177.84,0.0824,654.97,0.0747,0.2589,0.1842,1,86,109,137,3674
Arisinfra Solu.,544419,ARISINFRA,Other Construction Materials,165.85,1344.19,0,767.67,767.67,2.75,2.75,190.39,,181.82,221.15,212.08,10.03,18.16,-1.61,4.82,336.38,489.26,11.39,-20.52,230.32,61.08,61.08,9.06,3.45,-21.28,0.0513,-31.91,0,0,0,,3,3,3,1345
Arkade,544261,ARKADE,Realty,173.02,3212.35,0,683.1,717.17,155.43,155.46,125.38,201.65,224.62,131.45,159.45,44.36,34.25,33.26,28.76,19.51,20.66,27.17,-4.83,815.55,211.13,210.34,54.88,101.49,-217.72,0.2579,-32,0.0499,0.0002,-0.0497,1070.4,155,156,156,3214
Arman Financial,531179,ARMANFIN,Finance,1630.5,1714.13,0,730.04,696.61,52.07,6.19,184.43,181.49,164.77,199.35,151,64.89,41.49,12.76,-14.58,15.82,276.92,-18.13,-146.58,358.14,308.99,243.12,16.05,-302.4,492.82,0.0621,-128.45,-0.0458,-0.8811,-0.8353,-3.1,1,0,0,3
Arrow Greentech,516064,ARROWGREEN,Industrial Products,528.75,797.77,2.4,243.35,218.84,62.34,53.86,66.11,64.84,55.11,57.29,41.6,16.04,14.25,11.44,10.9,21.38,14.81,-37.07,-45.91,132.47,85.39,73.39,19.63,18.38,67.57,0.5548,-8.84,-0.1007,-0.136,-0.0353,-1.1,47,40,35,514
Anand Rathi Shar,544530,ARSSBL,Capital Markets,449.7,2820.75,0,843.57,843.57,103.88,103.88,,,,,,,,,,19.12,27.15,,,720.67,287.38,287.38,36.35,184.42,673.88,0.1946,0,0,0,0,,104,104,104,2820
Artemis Medicare,542919,ARTEMISMED,Healthcare Services,239.77,3331.18,0,913.26,946.16,83.54,87.96,216.89,234.67,226.89,234.8,249.8,35.55,40.88,23.2,21.42,47.61,37.87,15.17,26.6,1089.36,139.83,147.09,23.41,107.59,139.08,0.1022,11.43,0.036,0.0529,0.0169,7.2,93,98,103,3888
Arvind Ltd,500101,ARVIND,Textiles & Apparels,279.6,7328.73,40.95,8328.81,8504.53,341.65,367.42,1830.6,2188.31,2089.21,2220.69,2006.32,244.57,177.29,151.04,53.24,22.8,19.95,9.6,35.44,4250.58,684.62,681.56,126.35,696.36,762.88,0.1162,25.84,0.0211,0.0754,0.0543,2.6,395,425,457,9117
Arvind Fashions.,542484,ARVINDFASN,Retailing,503.25,6717.2,0.85,4619.84,4772.31,-35.61,-23.15,954.84,1273.18,1202.76,1189.06,1107.31,158.67,133.36,-92.84,12.71,119.78,,15.97,872.4,1546.7,394.53,398.62,58.88,434.18,529.52,0.0231,856.43,0.033,-0.3499,-0.3829,0,-31,-42,-57,0
Arvind SmartSp.,539301,ARVSMART,Realty,604.1,2770.82,0,713.3,740.59,102.67,118.76,74.47,265.58,210.16,163.09,101.76,33.57,21.47,19.15,11.18,57.1,23.33,36.65,282.88,249.2,174.34,199.78,45.33,30.5,-83.98,0.6585,246.23,0.0383,0.1567,0.1185,1.5,137,159,184,4288
Asahi India Glas,515030,ASAHIINDIA,Auto Components,899.95,22942.17,0,4594.25,4690.57,341.79,325.76,1132.66,1157.68,1124.3,1179.85,1228.74,196.79,192.27,92.41,56.17,43.25,70.43,8.48,-27.98,4756.52,599.99,604.9,135.99,653.34,719.97,0.0971,-36.46,0.021,-0.0469,-0.0679,-15,310,296,282,19864
Asahi Songwon,532853,ASAHISONG,Chemicals & Petrochemicals,279,328.86,47.57,562.36,577.96,19.99,17.74,134.28,141.61,133.72,152.75,149.88,17.07,10.54,7.64,3.16,27.22,18.54,11.62,-38.88,353.85,41.85,38.81,9.68,8.73,57.92,0.0775,-50.5,0.0277,-0.1126,-0.1403,-1.6,16,14,12,230
Automotive Stamp,520119,ASAL,Auto Components,561.75,890.94,0,775.28,756.41,15.86,15.33,191.95,197.11,198.16,188.07,173.07,13.18,10.75,4.94,2.54,58.56,58.12,-9.84,-36.34,58.58,30.76,30.21,0,31.12,-6.72,0.2617,-26.5,-0.0243,-0.0334,-0.0091,-17.4,15,14,14,805
Assoc.Alcohols,507526,ASALCBR,Beverages,1016.15,1948.89,0.11,1075.32,1090.82,81.46,87.4,251.78,254.63,327.02,242.48,266.69,35.48,37.12,22.33,23.66,20.48,22.3,5.92,33.52,484.73,115.35,123.31,23.44,28.42,73.94,0.2287,27.6,0.0144,0.0729,0.0585,3.1,94,101,108,2407
Ashapura Minech.,527001,ASHAPURMIN,Minerals & Mining,692.55,6615.66,82.62,2738.93,3380.35,294.76,346.1,714.16,604.1,865.44,555.24,1355.57,84.45,181.79,86.49,109.86,15.32,19.11,89.81,84.42,1797.46,399.52,449.2,28.88,148.06,188.4,0.2086,-5.39,0.2342,0.1742,-0.06,1.1,406,477,560,10707
Ashiana Housing,523716,ASHIANA,Realty,297.45,2990.11,0,528.72,698.38,21.01,40.04,123.09,54.54,133.17,217.91,292.76,17.87,11.85,20.34,12.72,75.01,74.68,137.84,333.39,1016.48,32.58,55.17,12.41,212.31,233.51,0.0516,195.55,0.3209,0.9058,0.5849,0.8,76,145,277,20697
Ashima,514286,ASHIMASYN,Textiles & Apparels,22.02,422.04,0,10.4,10.63,-17.7,-5.69,7.84,5.28,2.17,0.74,2.44,-1.09,-0.23,-1.99,-0.96,8.82,,-68.88,-120.82,326.84,7.86,1.13,0,-38.51,-19.34,-0.0174,-51.94,0.0221,-0.6785,-0.7006,0,-10,-16,-27,0
Ashoka Buildcon,533271,ASHOKA,Construction,192.62,5407.29,0,10036.63,9458.31,1680.55,1761.17,2465.39,2488.93,2387.89,2694.42,1887.07,777.2,598.65,432.23,217.39,8.45,3.07,-23.46,44.61,1647.23,2783.08,2876.27,285.39,748.84,1673.45,1.2424,68.07,-0.0576,0.048,0.1056,0.6,1846,1934,2027,6223
Ashok Leyland,500477,ASHOKLEY,"Agricultural, Commercial & Construction Vehicles",137.55,80789.37,11.05,42333.28,49546.88,3060.38,3193.86,10724.49,11147.58,11995.21,14695.55,11708.54,2990.92,2173.13,1190.12,611.07,26.28,25.3,9.18,20.67,12435.94,8445.46,8850.05,1686.72,-6257.98,128.47,0.3925,11.49,0.1704,0.0436,-0.1268,5.8,3333,3479,3630,91846
Asian Energy,530355,ASIANENE,Oil,341.25,1527.93,0,465.04,520.22,42.12,45.62,60.19,97.72,91.69,215.44,115.37,31.47,11.46,22.52,5.55,38.22,33.49,91.68,169.42,370.37,60,65.33,14.68,-44.1,-33.08,0.1628,77.74,0.1187,0.0831,-0.0356,4,49,54,58,1941
Asian Hotels (N),500023,ASIANHOTNR,Leisure Services,328.35,638.75,0,318.19,326.35,-69.1,-86.02,62.13,78.08,86.47,91.51,70.29,29.2,14.84,-8.46,-13.55,,,13.13,46.36,409.21,64.56,65.93,0.03,72.5,436.57,-0.2101,33.23,0.0256,0.2449,0.2192,0,-65,-49,-37,0
Asian Paints,500820,ASIANPAINT,Consumer Durables,2340.2,224471.5,0.71,33905.62,33874.44,3924.81,3850.11,8969.73,8027.54,8549.44,8358.91,8938.55,1436.2,1624.97,814.93,1099.77,59.12,58.3,-0.35,-6,16080.08,5689.82,5587.4,1346.87,6103.6,4423.96,0.3232,-5.65,-0.0009,-0.019,-0.0181,-30.6,3777,3705,3634,211887
Asian Granito,532888,ASIANTILES,Consumer Durables,58.16,1348.8,19.13,1558.53,1624.54,27.65,22.08,360.08,383.68,360.02,492.6,388.24,22.05,24.9,7.85,7.47,38.09,61.09,7.82,497.34,1293.52,34.55,38.11,7.79,-82.42,81.42,0.0231,489.52,0.0424,-0.2014,-0.2438,-3,18,14,11,687
ASK Automotive,544022,ASKAUTOLTD,Auto Components,493.9,9736.87,4.07,3600.83,3629.92,247.61,256.85,862.2,973.86,915.1,849.67,891.29,103.82,119.6,57.61,66.07,41.03,37.91,3.37,16.26,1345.34,361.03,374.05,72.2,303.29,360.2,0.2446,12.89,0.0081,0.0373,0.0292,10.2,266,276,287,10868
Bartronics India,532694,ASMS,IT - Services,13.15,400.52,0,40.04,35.3,0.25,0.46,13.57,8.85,8.71,8.91,8.83,-0.1,-0.82,0.09,0.45,292.52,870.7,-34.93,104.55,1.19,0.39,-0.72,-0.78,-0.48,-2.52,-0.2689,139.48,-0.1184,0.84,0.9584,10.4,1,2,3,2495
Astec Lifescienc,533138,ASTEC,Fertilizers & Agrochemicals,765.75,1706.22,67.81,381.3,403.02,-136.77,-128.07,69.37,98.55,93.86,119.53,91.08,5.53,-10.99,-16.09,-33.04,54.29,,31.3,16.82,495.58,-106.3,-71.67,0.04,10.22,-8.4,-0.2583,-14.48,0.057,-0.0636,-0.1206,0,-136,-145,-154,0
Aster DM Health.,540975,ASTERDM,Healthcare Services,685.55,35519.79,0,4138.46,4214.46,298.8,353.65,1001.87,1086.44,1049.81,1000.34,1077.87,182.06,201.64,98.57,88.23,85.48,100.44,7.59,9.08,5233.85,645.38,667.47,139.28,157.81,425.05,0.0942,1.49,0.0184,0.1836,0.1652,5.5,419,495,586,58892
Astral,532830,ASTRAL,Industrial Products,1427.1,38336.86,0,5832.4,5810,506.74,484.5,1383.6,1370.4,1397,1681.4,1361.2,301.9,184.9,179.3,81.1,93.62,79.13,-1.62,-32.64,3833.1,720.7,695.2,170.6,823.4,629.6,0.1709,-31.02,-0.0038,-0.0439,-0.04,-18,463,443,423,33509
Astra Microwave,532493,ASTRAMICRO,Aerospace & Defense,1090.6,10354.7,0,1051.18,1095.73,148.92,162.58,155.18,229.61,258.54,407.85,199.73,118.41,40.95,73.49,16.27,59.92,63.69,28.71,125.97,1144.87,255.16,276.74,52.67,-181.52,-90.15,0.188,97.26,0.0424,0.0917,0.0493,6.9,177,194,212,13474
Astrazeneca Phar,506820,ASTRAZEN,Pharmaceuticals & Biotechnology,9262,23155,6.39,1716.29,1855.08,175.13,211.46,387.52,408,440.29,480.48,526.31,86.37,81.11,62.27,56.08,94.12,109.5,35.81,60.14,703.59,254.29,287.88,71.89,27.87,65.36,0.4027,24.33,0.0809,0.2074,0.1266,5.3,255,308,372,40761
Adani Total Gas,542066,ATGL,Gas,628.05,69073.57,0,4999.86,5232.95,654.99,647.81,1145.49,1218.65,1294.46,1341.26,1378.58,266.27,293.18,154.59,165.24,131.77,106.63,20.35,-3.84,5078.02,976.26,967.19,166.44,955.13,963.87,0.1603,-24.19,0.0466,-0.011,-0.0576,-97.3,641,634,627,66829
Ather Energy,544397,ATHERENERG,Automobiles,594.85,22623.59,0,2255,2255,-812.3,-812.3,360.5,,634.9,676.1,644.6,-172.4,-134.3,-234.4,-178.2,,,78.81,2.57,680.6,-701.7,-701.7,0,-267.6,-720.7,-1.1935,-76.24,0,0,0,,-812,-812,-812,0
Allcargo Termi,543954,ATL,Transport Infrastructure,35.1,884.73,0,757.81,755.42,32.84,32.17,189.64,194.9,187.34,185.93,187.25,33.53,34.61,-2.28,9.11,22.33,27.5,-1.26,-1.01,463.38,86.61,97.61,27.33,99.21,108.39,0.1284,0.25,-0.0032,-0.0204,-0.0172,-13.5,32,31,30,832
Atlantaa,532759,ATLANTAA,Construction,58.47,476.53,0,68.1,67.22,42.53,27.6,15.41,13.43,14.07,25.18,14.54,14.15,8,9.33,-1.71,10.32,17.27,-5.65,-112.87,185.45,21.58,4.05,-4.5,-34.68,54.69,0.1246,-107.22,-0.0129,-0.351,-0.3381,-0.5,18,12,8,130
Atlanta Electric,544527,ATLANTAELE,Electrical Equipment,901.15,6929.54,0,1244.18,1244.18,118.64,118.64,,,,,,,,,,52.76,58.41,,,428.02,193.56,193.56,40,73.84,86.41,0.3706,0,0,0,0,,119,119,119,6930
Atmastco Ltd,,ATMASTCO,Construction,207.75,513.86,0,289.57,289.57,19.85,19.85,147.84,,,138.91,150.66,25.33,17.44,14.41,5.49,27.35,25.89,1.91,-46.75,215.64,41.45,41.45,9.45,-19.51,-33.29,0.1359,-48.66,0,0,0,,20,20,20,514
Atul,500027,ATUL,Chemicals & Petrochemicals,6032,17759.27,49.51,5583.35,5739.3,487.3,499.82,1322.05,1392.83,1416.83,1451.64,1478,222.93,235.5,126.5,127.77,44.85,35.53,11.8,14.2,4216.49,721.32,735.07,155.84,667.46,603.13,0.1555,2.4,0.0279,0.0257,-0.0022,13.8,513,526,539,19163
Atul Auto,531795,ATULAUTO,"Agricultural, Commercial & Construction Vehicles",503.15,1396.31,7.83,722.68,740.56,21.48,23.26,135.21,181.65,194.99,211.14,152.78,15.11,10.01,7.15,2.95,95.63,60.03,12.99,123.48,366.81,36.58,38.85,3.41,-0.79,33.48,0.0727,110.49,0.0247,0.0829,0.0581,7.2,25,27,30,1773
AU Small Finance,540611,AUBANK,Banks,763.25,56946.94,0,16063.73,16673.13,2108.63,2184.22,3769.04,3910.61,4113.48,4270.6,4378.44,2073.16,2302.06,503.7,580.86,27.91,26.07,16.17,15.58,7918.76,10843.82,11435.53,713.85,2608.07,5462.41,0.366,-0.59,0.0379,0.0358,-0.0021,7.3,2263,2344,2428,63289
Aurionpro Sol.,532668,AURIONPRO,IT - Software,1115.9,6161.28,0,1172.97,1248.16,186.17,194.05,261.62,278.28,306.11,326.95,336.82,65.93,68.16,50.33,51.31,39.45,31.75,28.74,18.14,1486.76,231.85,236.64,39.26,163.63,157.1,0.1569,-10.6,0.0641,0.0423,-0.0218,7.5,202,211,220,6977
Aurobindo Pharma,524804,AUROPHARMA,Pharmaceuticals & Biotechnology,1130.3,66228.64,0,31723.73,32024.85,3463.6,3391.41,7567.02,7796.07,7978.52,8382.12,7868.14,1759.73,1603.03,903.47,824.75,20.28,19.53,3.98,-10.28,32174.26,5490,5393.15,1741.43,2434.52,3924.62,0.1595,-14.26,0.0095,-0.0208,-0.0303,-9.4,3321,3252,3184,62178
Aurum Proptech,539289,AURUM,IT - Services,167.08,1199.65,0,263.84,267.35,-33.22,-32.77,64.89,63.96,64.58,70.41,68.4,15.62,13.31,-7.2,-9.42,,,5.41,11.63,370.46,-15.05,-11,2.13,20.21,27.68,-0.0827,6.22,0.0133,-0.0135,-0.0268,0,-33,-34,-34,0
Automotive Axles,505010,AUTOAXLES,Auto Components,1723.8,2604.66,0,2077.54,2074.44,154.04,157.2,492.47,494.68,530.74,559.64,489.38,62.63,47.86,45.93,35.72,18.07,16.57,-0.63,4.9,879.63,211.54,214.95,54.15,260.16,128.25,0.2403,5.53,-0.0015,0.0205,0.022,8.1,160,164,167,2768
Autoline Industr,532797,AUTOIND,Auto Components,71.57,309.01,0,658.55,659.4,21.57,16.25,151.13,156.36,156.07,194.99,151.98,20.21,13.58,6.76,0.02,26.01,19.02,0.56,-99.63,135.68,54.75,51.71,6.96,10.79,66.17,0.1711,-100.19,0.0013,-0.2466,-0.2479,-0.8,12,9,7,132
Avadh Sugar,540649,AVADHSUGAR,Agricultural Food & other Products,440.25,881.31,0,2635.59,2644.21,87.75,70.84,707.99,632.02,616.8,678.78,716.61,149.28,28.23,71.68,-8.41,11.46,12.44,1.22,-196.78,1398.22,221.39,192.03,21.22,-76.94,153.96,0.0658,-198,0.0033,-0.1927,-0.196,-0.6,57,46,37,464
Avalon Tech,543896,AVALON,Electrical Equipment,1230.4,8208.48,0,1098.13,1221.97,59.99,79.96,199.47,275.02,280.85,342.79,323.31,41.35,29.88,24.28,14.21,83.76,102.66,62.08,715.15,610.17,98.72,124.28,22.74,17.29,25.06,0.1683,653.07,0.1128,0.3329,0.2201,3.1,107,142,189,19438
Avantel,532406,AVANTEL,Aerospace & Defense,203.82,5400.61,0,249.13,249.27,56.44,52.29,51.76,77.42,70.68,49.26,51.91,11.61,10.45,6.08,3.23,57.99,103.28,0.29,-56.23,252.06,82.49,76.98,21.71,65.18,49.89,0.2936,-56.52,0.0006,-0.0735,-0.0741,-14,48,45,42,4295
Avanti Feeds,512573,AVANTIFEED,Food Products,644.85,8785.8,19.57,5612.26,5709.36,504.56,578.92,1506.27,1355.09,1365.77,1382.14,1606.36,176.74,214.13,151.77,178.29,20.07,15.18,6.64,39.08,2092.63,707.28,808.68,193.96,260.11,584.36,0.3693,32.44,0.0173,0.1474,0.1301,1,664,762,874,13274
AVG Logistics,543910,AVG,Transport Services,236.28,355.78,0,550.81,552.68,21.39,21.03,122.62,138.44,142.32,147.44,124.48,23.59,23.37,5.26,4.93,23.47,16.92,1.52,-4.64,328.19,55.7,54.76,5.82,-1.29,37.95,0.0818,-6.16,0.0034,-0.0168,-0.0202,-10.1,21,20,20,338
Aditya Vision,540205,AVL,Retailing,558.7,7188.4,0,2259.78,2311.22,108.42,107.57,888.78,375.85,508.45,486.69,940.23,42.31,89.73,15.98,55.16,52.61,66.83,5.79,3.92,728.86,178.84,178.45,39.4,-6.12,-40.82,0.2016,-1.87,0.0228,-0.0078,-0.0306,-85.2,107,106,105,7021
Avonmore Capital,511589,AVONMORE,Finance,19.01,536.43,0,179.58,181.4,29,26.99,35.08,54.29,35.25,55.55,36.31,6.32,5.63,5.59,3.84,20.11,19.88,3.51,38.13,229.9,48.63,46.82,7.59,42.48,-6.69,0.1504,34.62,0.0101,-0.0693,-0.0794,-2.9,25,23,22,433
AVP Infracon,,AVPINFRA,Construction,168.2,420.15,0,272.45,272.45,33.1,33.1,87.85,,,95.89,176.56,22.26,32.99,12.76,20.34,13.65,12.69,100.98,84.57,120.57,55.32,55.32,10.12,-30.29,-9.41,0.3585,-16.41,0,0,0,,33,33,33,420
AVT Natural Prod,519105,AVTNPL,Agricultural Food & other Products,69.29,1055.29,93.26,556.04,583.94,48.25,54.39,104.52,121.83,172.87,156.82,132.42,24.57,15.9,14.36,12.12,21.44,19.4,26.69,103.36,375.26,72.65,80.15,15.55,98.52,-32.5,0.1864,76.67,0.0502,0.1273,0.0771,1.5,61,69,78,1511
AWFIS Space,544181,AWFIS,Commercial Services & Supplies,593.25,4242.27,0,1207.54,1284.49,47.63,49.97,257.74,292.38,317.72,339.69,334.7,115.91,126.53,11.05,9.98,97.7,84.9,29.86,257.71,1387.17,184.33,205.23,1.29,228.96,362.56,0.037,227.85,0.0637,0.0491,-0.0146,17.3,52,55,58,4899
Antony Waste han,543254,AWHCL,Other Utilities,532.8,1512.3,0,933.61,953.98,69.92,67.47,226.97,221.24,242.74,242.66,247.34,51.02,55.06,21.84,17.78,20.08,22.41,8.97,1.54,857.34,150.69,153.02,25.76,139.53,189.53,0.1087,-7.43,0.0218,-0.035,-0.0569,-6.4,65,63,61,1359
AWL Agri Busine.,543458,AWL,Agricultural Food & other Products,268.95,34954.86,7.32,63672.24,66587.55,1229.14,1148.3,14153.85,14460.45,16838.86,18229.59,17058.65,458.14,365.89,190.28,236.43,88.74,30.44,20.52,-24.51,9178.63,2329.26,2210.17,369.02,288.92,2149.69,0.1653,-45.03,0.0458,-0.0658,-0.1116,-4.6,1073,1002,936,28501
Axis Bank,532215,AXISBANK,Banks,1180.4,366263.8,0,127374.1,128563.9,28062.95,27862.4,31158.52,31601.05,32162.2,32452.32,32348.31,20509.76,18365.7,7475.13,6243.72,13.33,13.15,3.82,-2.99,96948.56,107768.8,108272.5,8336.64,-5554.67,44383.68,0.3734,-6.81,0.0093,-0.0071,-0.0165,-18.4,27663,27466,27269,358591
AXISCADES Tech.,532395,AXISCADES,Aerospace & Defense,1668.8,7092.01,63.58,1030.72,1050.93,78.21,81.75,223.51,264.72,274.53,267.97,243.71,37.45,34.07,32.7,20.75,53.06,86.75,9.04,21.56,706.56,125.51,126.69,17.93,78.93,88.34,0.1411,12.52,0.0196,0.0453,0.0257,19.2,85,89,93,8099
AYM Syntex,508933,AYMSYNTEX,Textiles & Apparels,189.59,1110.64,0,1489,1468.29,12.67,5.82,347.19,403.52,377.67,360.62,326.48,26.71,16.68,2.03,-3.55,65.19,190.83,-5.97,-256.39,608.17,63.85,48.91,4.61,63.65,108.08,0.0171,-250.42,-0.0139,-0.5406,-0.5267,-3.5,3,1,1,108
Azad Engineering,544061,AZAD,Electrical Equipment,1656.2,10696.03,91.93,452.93,489.03,88.53,101.38,98.41,111.41,118.59,124.52,134.51,45.44,48.51,26.03,29.99,103.04,105.5,36.68,75.07,1460.31,143.96,164.35,36.66,-6.95,62.89,0.0945,38.39,0.0797,0.1451,0.0654,7.3,116,133,152,16062
Bafna Pharma.,532989,BAFNAPH,Pharmaceuticals & Biotechnology,159.22,376.66,0,145.86,147.19,6.37,10.07,33.29,40.32,33.19,39.06,34.62,3.11,5.07,3.1,3.39,36.86,37.4,4,1016.22,98.97,9.1,13.04,0,9.48,22.14,0.1017,1012.22,0.0091,0.5808,0.5717,0.6,16,25,40,1488
Baheti Recycling,,BAHETI,Industrial Products,569.4,590.38,0,523.84,523.84,17.95,17.95,222.61,,,257.19,267.12,16.48,24.17,7.02,10.99,36.03,32.89,19.99,158.59,75.04,39.33,39.33,5.86,-10.91,-22.7,0.3173,138.6,0,0,0,,18,18,18,590
Bajaj Auto,532977,BAJAJ-AUTO,Automobiles,8946.5,249837.8,31.87,50994.55,52195.83,7304.03,7593.38,11932.07,13247.28,13168.88,12646.32,13133.35,2357.75,2792.94,1801.85,2210.44,30.13,32.9,10.07,13.84,5697.49,10583.54,11186.09,2921.49,6558.16,-1405.57,1.8455,3.77,0.0236,0.0396,0.0161,8.3,7894,8207,8532,280704
Bajaj Consumer,533229,BAJAJCON,Personal Products,264.12,3771.47,0,964.83,985.58,123.95,126.07,245.94,233.98,234.41,250.49,266.7,31.94,40.49,30.98,37.93,20.42,29.92,8.44,2.18,348.47,151.7,154.14,27.44,116.33,65.1,0.4405,-6.26,0.0215,0.0171,-0.0044,17.5,128,130,133,3969
Bajaj Electrical,500031,BAJAJELEC,Consumer Durables,543.1,6265.75,0,4826.28,4738.11,112.76,95.46,1154.91,1118.33,1289.72,1265.47,1064.59,93.01,32.61,42.38,6.82,64.96,65.64,-7.82,-75.74,1542.96,210.36,189.87,38.63,353.79,346.8,0.0869,-67.92,-0.0183,-0.1534,-0.1352,-4.3,81,68,58,3802
Bajaj Finserv,532978,BAJAJFINSV,Finance,2004.3,320249.7,0,133822.1,137780,8885.47,9523.66,31479.93,33703.74,32041.81,36595.36,35439.08,12727.5,14315.19,2416.64,2789.05,34.79,33.63,12.58,30.47,-114821,48371.87,50508.23,6505.09,-65502,-62113.3,-0.1396,17.89,0.0296,0.0718,0.0422,4.7,10208,10941,11727,394368
Bajaj Healthcare,539872,BAJAJHCARE,Pharmaceuticals & Biotechnology,468.8,1480.62,22.88,542.6,559.19,39.81,47.07,132.25,133.09,122.79,154.47,148.84,11.77,24.51,11.6,12.17,29.07,31.46,12.54,51.75,455.03,74.4,75.05,0,92.29,21.62,0.1034,39.21,0.0306,0.1824,0.1518,1.7,56,66,78,2448
Bajaj Housing,544252,BAJAJHFL,Finance,110,91655.68,0,9575.61,9982.68,2165,2263.6,2208.65,2410.15,2448.86,2507.96,2615.71,2281.71,2371.25,586.68,583.3,46.71,40.49,18.43,20.86,-71.6,8754.24,9083.76,638.46,-14600.1,-17074.9,-40.5316,2.43,0.0425,0.0455,0.003,8.9,2367,2474,2587,104755
Bajaj Hindusthan,500032,BAJAJHIND,Agricultural Food & other Products,22.25,2842.13,0,5574.76,5437.5,-23.33,-132.23,1385.68,1159.67,1475.75,1553.66,1248.42,285.59,-26.85,217.87,-173.61,,,-9.91,-211.68,4684.58,92.56,36.64,0.01,646.2,280.39,-0.0282,-201.77,-0.0246,4.6678,4.6924,0,485,2749,15580,0
Bajaj Holdings,500490,BAJAJHLDNG,Finance,12074,134371.6,0,739.24,875.32,6439.76,6964.11,133.76,279.07,126.33,145.26,324.66,103.17,283.82,1725.49,2053.9,15.86,19.29,142.72,27.54,1315.58,6664.32,7312.8,320.07,1941.12,-1956.76,5.5369,-115.18,0.1841,0.0814,-0.1027,2.4,7531,8144,8808,169897
Indef Manufactur,544364,BAJAJINDEF,Industrial Manufacturing,425.25,1360.8,0,176.72,176.71,34.24,34.37,38.14,42.77,44.22,51.59,38.13,10.66,3.85,10.14,5.86,39.15,39.59,-0.03,2.27,67.96,42.48,42.39,3.67,29.46,5.21,0.5597,2.3,-0.0001,0.0038,0.0039,104.3,35,35,35,1376
Bajel Projects,544042,BAJEL,Electrical Equipment,199.58,2308.31,0,2598.24,2693.86,15.43,13.26,512.01,662.41,622.39,801.42,607.64,20.74,16.55,4.82,3.32,161.65,174.08,18.68,-39.86,281.34,83.97,81.17,11.35,195.37,69.13,0.0875,-58.54,0.0368,-0.1406,-0.1774,-12.4,11,10,8,1465
Bajaj Finance,500034,BAJFINANCE,Finance,1023.85,637088.8,0,69709.44,73107.06,16663.99,17425.45,16100.05,17091.22,18035.11,18456.85,19523.88,12430.66,13532.15,4479.57,4699.61,33.44,36.56,21.27,20.13,16759.36,47107.31,49186.47,5686.92,-69843.3,-68154.5,1.3791,-1.14,0.0487,0.0457,-0.003,8,18222,19054,19925,728459
Shree TirupatiBa,544249,BALAJEE,Industrial Products,54.04,440.81,0,579.4,561.29,25.37,24.02,143.52,155.57,142.66,137.65,125.41,8.78,10.49,5.66,5.14,15.44,18.35,-12.62,-20.92,344.13,65.64,63.8,10.53,-26.5,-40.25,0.1004,-8.3,-0.0313,-0.0532,-0.022,-3.4,23,22,20,374
Balaji Phos.,,BALAJIPHOS,Fertilizers & Agrochemicals,148,351.9,0,126.52,126.52,7.92,7.92,55.36,,,,64.08,,7.29,,3.58,41.72,44.43,15.75,306.82,74.99,14.54,14.54,2.81,2.85,-36.44,0.1431,291.07,0,0,0,,8,8,8,352
Balaji Telefilms,532382,BALAJITELE,Entertainment,125.72,1503.47,2.87,453.09,376.75,86,82.01,149.17,144.42,93.25,66.25,72.83,-19.09,-9.82,93.87,-5.77,33.85,18.33,-51.18,-736.23,245.19,-7.9,-17.94,-4.2,65.85,51.73,0.3173,-685.05,-0.1685,-0.0464,0.1221,-4,78,75,71,1304
Balaji Amines,530999,BALAMINES,Chemicals & Petrochemicals,1368.5,4434.08,0,1388.8,1370.68,157.48,152.23,384.75,346.88,312.73,352.73,358.34,59.67,54.7,40.06,38,29.57,29.13,-6.86,-12.22,2052,216.86,204.11,54.12,334.13,255.44,0.1006,-5.36,-0.013,-0.0333,-0.0203,-8.7,147,142,138,4006
Balkrishna Inds,502355,BALKRISIND,Auto Components,2287.3,44217.44,70.86,10446.95,10492.47,1518.06,1453.27,2714.5,2419.74,2560.33,2752.38,2760.02,613.51,506.2,368.55,288.3,34.35,30.43,1.68,-41.16,7568.96,2134.96,2079.06,436.8,2081.99,1764.14,0.2497,-42.84,0.0044,-0.0427,-0.047,-7.1,1391,1332,1275,38799
Balmer Lawrie,523319,BALMLAWRIE,Diversified,205.92,3521.31,0,2504.65,2558.14,264.71,271.06,638.16,638.91,630.41,608.16,680.66,94.62,83.17,75.15,68.93,13.8,12.99,6.66,7.99,1687.99,300.5,318.74,91.79,274.22,156.18,0.215,1.33,0.0214,0.024,0.0026,5.4,278,284,291,3781
Balrampur Chini,500038,BALRAMCHIN,Agricultural Food & other Products,478.2,9656.96,0,5415.38,5536.05,394.49,418.34,1421.6,1297.95,1192.15,1503.68,1542.27,365.24,134.25,229.12,51.57,24.56,23.08,8.49,-26.49,3495.54,601.11,624.05,73.34,177.83,425.16,0.1407,-34.98,0.0223,0.0605,0.0382,3.8,444,470,499,11515
Balu Forge,531112,BALUFORGE,Industrial Products,674.8,7692.17,81.5,923.62,981.51,203.86,226.73,175.31,222.88,255.78,269.65,233.2,74.98,72.28,62.69,57.03,32.96,33.93,33.02,66.9,986.05,264.9,293.71,52.36,-31.73,148.24,0.283,33.88,0.0627,0.1122,0.0495,3,252,280,312,10583
Bannari Amm.Sug.,500041,BANARISUG,Agricultural Food & other Products,3474.2,4356.54,0,1792.97,1807.65,104.65,113.49,403.95,473.73,421.43,493.87,418.62,53.02,36.56,35.16,15.25,29.69,38.39,3.63,137.17,1898.5,178.01,187.09,27.55,274.22,429.55,0.0743,133.54,0.0082,0.0845,0.0763,4.5,123,133,145,5557
Banco Products,500039,BANCOINDIA,Auto Components,803.95,11499.48,0,3212.52,3378.73,378.86,432.65,803.88,894.93,639.06,874.65,970.09,214.28,181.92,153.5,109.52,16.49,26.58,20.68,59.49,1575.2,542.17,615.61,134.12,458.09,164.31,0.3598,38.81,0.0517,0.142,0.0902,1.9,494,564,644,17126
Bandhan Bank,541153,BANDHANBNK,Banks,169.32,27276.97,0,21948.23,21888.01,2745.32,2053.8,5535.82,5499.81,5478.73,5433.86,5475.61,2289.53,2513.98,317.9,371.96,11.69,13.28,-1.09,-65.02,13247.99,14080.95,13339.2,673.08,14808.42,2752.33,0.2058,-63.93,-0.0027,-0.2519,-0.2491,-0.5,1536,1149,860,11420
Bank of Baroda,532134,BANKBARODA,Banks,266.95,138049.5,0,127944.8,130143,20676.96,19457.68,31143.13,31886.92,32569.84,32819.93,32866.31,20108.27,19938.35,5419.7,3469.16,6.6,7.09,5.53,-26.62,12434.88,105844.2,106438.1,7218.36,-6273.96,34891.58,2.1453,-32.15,0.0172,-0.059,-0.0761,-1.2,18310,17231,16215,114961
Bank of India,532149,BANKINDIA,Banks,126.77,57714.17,0,71307.71,72728.68,9345.36,9864.55,17045.63,17465.81,18317.3,18478.96,18466.61,12429.29,13067.62,2601.98,2204.58,8.05,5.85,8.34,16.75,12082.88,59162.21,61316.13,3206.16,-4436.94,18534.45,1.0818,8.41,0.0199,0.0556,0.0356,1.1,10413,10991,11602,67870
Bansal Wire Inds,544209,BANSALWIRE,Industrial Products,330.4,5172.61,0,3507.06,3629.27,144.72,153.74,816.92,825.45,924.61,940.2,939.01,71.95,71.83,33.12,39.26,38.47,33.65,14.95,29.8,1445.24,248.23,253.51,54.49,-540.72,-150.96,0.1441,14.85,0.0348,0.0623,0.0275,5.4,163,174,184,6202
Banswara Syntex,503722,BANSWRAS,Textiles & Apparels,126.02,431.39,44.06,1292.53,1327.55,21.91,19.66,270.95,342.61,338.89,340.08,305.97,25.44,17.63,5.87,-1.37,9.5,21.94,12.92,-222.32,736.01,70.37,70.2,7.24,142.44,77.22,0.0365,-235.24,0.0271,-0.1027,-0.1298,-2.1,18,16,14,312
Barbeque-Nation,543283,BARBEQUE,Leisure Services,224.87,878.94,0,1233.05,1224.34,-27.79,-39.33,305.69,305.7,328.89,292.77,296.98,53.28,46.02,-20.23,-16.41,117.12,,-2.85,-237.65,938.06,50.7,40.64,0.64,220.51,193.35,-0.0412,-234.8,-0.0071,0.4153,0.4223,0,-23,-13,-8,0
BASF India,500042,BASF,Chemicals & Petrochemicals,4591.5,19874.6,0,15162.35,14947.23,472.23,411.58,3966.9,4247.72,3758.67,3189.06,3751.78,63.25,221.76,32.91,147.15,35.79,48.29,-5.42,-30.1,3252.68,648.26,566.42,158.7,807.24,389.06,0.1753,-24.68,-0.0142,-0.1284,-0.1142,-3.8,359,313,272,13159
Basilic Fly Stud,,BASILIC,Entertainment,367.75,929.12,99.65,304.09,304.09,40.34,40.34,51.06,,,75.48,228.07,16.82,47.37,11.54,28.73,24.65,23.03,346.67,62.84,247.39,60.55,60.55,7.08,-27.9,9.63,0.1917,-283.83,0,0,0,,40,40,40,929
Bata India,500043,BATAINDIA,Consumer Durables,1169,15024.87,0.57,3488.79,3485.99,241.76,219.11,944.63,837.14,918.79,788.21,941.85,177.84,198.82,45.92,55.21,66.61,68.57,-0.29,-20,2597.67,446.92,427.42,87.34,453.11,737.82,0.118,-19.71,-0.0008,-0.0937,-0.0929,-7.3,199,180,163,11185
Bayer Crop Sci.,506285,BAYERCROP,Fertilizers & Agrochemicals,5007.1,22502.95,0,5473.4,5756,568.94,592.5,1631.4,1737.6,1057.4,1046.4,1914.6,170.8,348.4,143.3,278.7,33.55,37.98,17.36,9.64,2800.9,725.6,744.3,149,951.6,262,0.2647,-7.72,0.0516,0.0414,-0.0102,9.2,617,643,669,25416
Bharat Bijlee,503960,BBL,Electrical Equipment,3299.7,3729.69,0,1901.69,1991.83,133.23,137.6,374.76,394.08,513.75,619.1,464.9,63.39,33.64,50.31,27.88,24.9,27.11,24.05,16.51,732.14,194.95,196.09,46.63,241.06,175.3,0.2516,-7.54,0.0474,0.0328,-0.0146,8.3,142,147,152,4110
Black Box,500463,BBOX,IT - Services,575.4,9781.08,94.76,5966.91,5930.27,274.17,274.31,1423.38,1497.23,1501.72,1544.58,1386.74,142.83,104.79,75.23,59.74,37.15,35.66,-2.57,16.82,1537.21,430.55,424.2,12.32,129.45,-87.61,0.1865,19.39,-0.0061,0.0005,0.0067,698.4,274,275,275,9797
Bombay Burmah,501425,BBTC,Food Products,1879,13110.14,6.71,18298.01,18676.48,1125.59,1128.14,4333.43,4760.84,4684.91,4518.82,4711.91,802.28,724.19,286.38,240.7,13.31,11.62,8.73,0.95,3152.38,3223.52,3205.43,844.97,1935.29,2277.51,0.6259,-7.78,0.0207,0.0023,-0.0184,51.3,1131,1133,1136,13198
B&B Triplewall,543668,BBTCL,Industrial Products,189.87,389.45,0,491.76,537.77,-5.53,-6.51,106.24,120.51,123.44,141.57,152.25,15.81,18.25,-1.83,1.94,27.66,,43.31,-27.61,240.99,9.83,12.43,-1.2,56.89,22.92,-0.032,-70.92,0.0936,0.1772,0.0837,0,-5,-4,-4,0
Brightcom Group,532368,BCG,IT - Services,14.43,2911.86,99.99,5146.67,5419.73,710.04,761.4,1182.43,1302.79,1673.96,987.49,1455.49,256.31,379.89,120.68,210.87,2.84,3.82,23.09,32.19,7933.53,1014.71,1090.83,333.1,133.74,174.57,0.138,9.1,0.0531,0.0723,0.0193,0.5,816,876,939,3586
BCL Industries,524332,BCLIND,Beverages,40.43,1193.35,0,2815.14,2971.43,94.42,102.97,635.66,721.28,735.43,722.77,791.95,49.3,53.49,25.49,30.63,15.6,11.59,24.59,35.41,1087,166.75,167.63,25.92,39.18,63.2,0.1186,10.82,0.0555,0.0906,0.035,1.3,112,122,134,1548
Brand Concepts,543442,BCONCEPTS,Retailing,335.75,417.06,0,291.92,286.52,5.23,1.48,76.91,70.57,71.94,72.32,71.69,7.52,3,1.56,-2.72,59.94,281.8,-6.79,-254.55,124.45,19.72,14.62,1.86,-2.72,-2.83,0.0268,-247.76,-0.0185,-0.717,-0.6985,-3.9,0,0,0,9
Bharat Dynamics,541143,BDL,Aerospace & Defense,1537.1,56344.32,0,3345.05,3401.82,549.66,560.78,191.17,544.77,832.14,1776.98,247.93,298.97,-45.37,272.77,18.35,68.71,100.47,29.69,154.16,7176.53,752.94,763.51,199.88,411.72,167.39,0.106,124.47,0.017,0.0202,0.0033,49.7,572,584,596,59831
Mrs Bectors,543253,BECTORFOOD,Food Products,1276.5,7837.47,0,1873.88,1907.44,142.97,138.69,439.4,496.29,492.12,446.07,472.96,55.56,58.23,34.28,30.88,56.27,56.51,7.64,-12.84,1210.31,204.78,197.34,47.73,153.41,161.48,0.154,-20.48,0.0179,-0.0299,-0.0478,-18.9,135,131,127,7154
Bedmutha Indus.,533270,BEDMUTHA,Industrial Products,135.1,435.89,0,1048.9,1117.36,23.93,11.48,242.58,251.47,273.57,281.72,310.6,10.1,10.51,2.07,-3.3,19.57,37.97,28.04,-132.87,360.8,59.83,48.09,0,73.86,108.95,0.0318,-160.91,0.0653,-0.5203,-0.5855,-0.7,6,3,1,48
Bharat Electron,500049,BEL,Aerospace & Defense,413.5,302259.4,3.77,23768.75,23964.92,5304.24,5500.35,4243.57,4604.9,5770.69,9149.59,4439.74,2816.06,1238.27,2127.04,969.91,41.07,54.95,4.62,22.62,19577.6,7088.45,7345.38,1838.04,4659.49,586.62,0.3748,18,0.0083,0.037,0.0287,14.9,5704,5915,6133,337023
Bella Casa Fashi,539399,BELLACASA,Textiles & Apparels,409.3,547.95,0.02,348.51,364.6,15.79,17.16,73.87,106.81,80.8,87.08,89.91,6.16,7.39,4.34,4.7,32.64,31.93,21.71,41.14,153.9,26.59,27.9,5.53,3.63,11.84,0.1474,19.43,0.0462,0.0868,0.0406,3.7,19,20,22,703
Belrise Industri,544405,BELRISE,Auto Components,155.24,13814.48,0,8290.82,8772.05,354.93,395.55,1780.97,2068.73,2166.76,2274.35,2262.21,275.97,280.52,110.02,111.68,24.48,34.92,27.02,56.06,4092.37,752.37,806.32,107.73,582.35,704.39,0.123,29.04,0.058,0.1144,0.0564,3.1,441,491,547,19118
BEML Ltd,500048,BEML,"Agricultural, Commercial & Construction Vehicles",4363.9,18173.24,0,4022.22,4022.13,290.62,298.88,634.08,859.84,875.77,1652.53,633.99,422.5,-49.29,287.55,-64.11,54.81,60.8,-0.01,9.03,3937.72,455.4,464.04,106.62,457.72,183.12,0.103,9.04,0,0.0284,0.0284,21.4,307,316,325,19766
Bhansali Engg.,500052,BEPL,Chemicals & Petrochemicals,101.43,2524.17,0,1397.75,1365.6,179.94,172.56,340.06,366.91,345.84,344.94,307.91,48.16,52.55,39.5,45.89,15.65,14.63,-9.45,-13.98,999.95,243.87,234.71,61.51,231.01,108.75,0.2341,-4.53,-0.023,-0.041,-0.018,-3.6,165,159,152,2226
Berger Paints,509480,BERGEPAINT,Consumer Durables,535.15,62392.86,7.34,11544.71,11654.46,1168.36,1168.86,3091.01,2774.61,2975.06,2704.03,3200.76,427.77,528.41,262.05,342.02,57.81,53.38,3.55,-3.26,5979.22,1615.73,1624.65,381.27,1591.05,1269.05,0.2593,-6.81,0.0095,0.0004,-0.0091,1247.3,1169,1170,1170,62474
Best Agrolife,539660,BESTAGRO,Fertilizers & Agrochemicals,344.2,813.85,0.12,1814.31,1676.29,69.89,68.53,519.26,746.6,274.11,274.34,381.24,4.36,45.82,-21.89,19.92,13.11,11.88,-26.58,-6.35,789.86,161.95,153.81,31.54,35.53,228.16,0.1267,20.23,-0.0761,-0.0195,0.0566,-6.1,67,66,65,768
Beta Drugs Ltd,,BETA,Pharmaceuticals & Biotechnology,1731,1747.37,21.93,362.36,362.36,45.79,45.79,154.45,,,180.3,182.05,38.81,35.8,24.44,21.34,38.15,38.16,17.87,28.86,317.28,68.53,68.53,14.97,30.93,36.14,0.1915,10.99,0,0,0,,46,46,46,1747
BF Investment,533303,BFINVEST,Finance,481.25,1812.39,0,62.74,63.74,222.29,78.12,7.72,18.58,9.26,26.47,9.43,-5.47,8.03,-3.33,38.44,6.08,23.2,22.15,-78.95,443.12,302.32,110.73,32.77,9.09,21.24,0.2502,-101.1,0.0159,-0.6486,-0.6645,-0.4,27,10,3,79
BF Utilities,532430,BFUTILITIE,Transport Infrastructure,810.95,3054.04,0,18.58,18.9,15.98,4.9,5.45,8.92,1.84,2.37,5.77,-0.56,-2.03,0.07,6.42,238.06,623.27,5.87,-63.31,17.67,21.51,11.35,6.45,-4.87,-23.68,0.6423,-69.18,0.0172,-0.6934,-0.7106,-9,2,0,0,88
BGR Energy Sys.,532930,BGRENERGY,Construction,335.58,2421.6,0,452.48,367.27,-968.74,-1119.43,173.82,82.54,66.05,130.07,88.61,-302.16,-105.28,-330.32,-265.12,,,-49.02,-133.67,-1241.5,-369.84,-462.94,0,150.38,-1857.43,0.9017,-84.65,-0.1883,0.1556,0.3439,0,-945,-798,-674,0
Bhagiradha Chem.,531719,BHAGCHEM,Fertilizers & Agrochemicals,252.05,3268.31,3.15,440.47,452.86,13.86,12.13,111.39,103.73,102.73,122.62,123.78,6.07,8.99,-0.88,3.98,89.73,269.44,11.12,-30.3,713.66,32.36,27.1,7.95,34.29,-52.8,0.0281,-41.42,0.0281,-0.1248,-0.1529,-21.6,11,9,8,2191
Bhageria Indust.,530803,BHAGERIA,Chemicals & Petrochemicals,185.54,809.77,15.65,594.61,639.57,34.31,45.73,112.53,129.11,170.35,182.63,157.48,29.4,17.69,15.76,11.27,32.35,17.71,39.94,89.41,556.57,47.25,64.6,22.67,22.92,49.49,0.1229,49.47,0.0756,0.3328,0.2572,0.5,61,81,108,1918
Bhagyanagar Ind,512296,BHAGYANGR,Non - Ferrous Metals,100.33,321.01,0,1625.57,1742,11.43,19.87,369.21,408.02,394.48,453.9,485.6,11.36,16.19,4.58,7.57,18.23,16.16,31.52,337.57,299.12,32.17,47.31,6.34,96.11,-143.53,0.0876,306.05,0.0716,0.7384,0.6668,0.2,35,60,104,1687
Bharat Forge,500493,BHARATFORG,Auto Components,1220,58326.81,0,15122.8,14925.41,951.16,1025.32,4106.15,3688.51,3475.55,3852.6,3908.75,679.07,669.59,285.29,283.68,61.31,56.89,-4.81,-2.4,8535.02,1890.33,1948.56,592.74,1664.4,1796.34,0.1896,2.41,-0.0131,0.078,0.091,7.3,1105,1191,1284,73066
Bharat Rasayan,590021,BHARATRAS,Fertilizers & Agrochemicals,9745,4049.31,26.41,1170.65,1268.2,115.81,152.71,282.2,327.87,256.4,306.53,377.4,40.19,73.17,28.46,54.41,33.09,26.52,33.73,103.02,846.61,161.53,210.12,46.18,41.08,172.02,0.2349,69.29,0.0833,0.3186,0.2353,0.8,201,266,350,9285
Bharat Seats,523229,BHARATSE,Auto Components,216.79,1361.44,0,1288.82,1417.03,32.6,35.26,298.85,290.67,306.39,392.91,427.06,22.71,21.71,11.39,9.18,19.33,38.61,42.9,38.88,306.51,52.67,56.52,12.22,56.74,96.14,0.1549,-4.02,0.0995,0.0816,-0.0179,4.7,38,41,45,1723
Bharat Wire,539799,BHARATWIRE,Industrial Products,170.49,1169.3,0,619.32,627.49,72.39,70,133.47,152.19,161.82,171.83,141.65,37.1,30.11,20.65,15.61,18.84,16.7,6.13,-13.52,854.32,111.08,108.06,0,85.22,74.05,0.0819,-19.65,0.0132,-0.033,-0.0462,-5.1,68,65,63,1057
Bharti Airtel,532454,BHARTIARTL,Telecom - Services,1939.9,1163794,0,172985.2,183941.4,22676.77,29521.95,38506.4,41473.3,45129.3,47876.2,49462.6,27008.8,27838.7,11128.26,5947.9,58.35,39.42,28.45,62.85,284962.5,46403.9,58388.1,5189.5,78898.2,98332.2,0.1218,34.4,0.0633,0.3019,0.2385,1.3,38433,50035,65138,2567753
Bharti Hexacom,544162,BHARTIHEXA,Telecom - Services,1751.9,87595,0,8547.9,8900.3,1329.37,1436.81,1910.6,2097.6,2250.7,2289,2263,1167.8,1160.7,468.4,391.6,74.44,60.96,18.44,55.91,10033.3,2269.9,2545.4,561.4,3546.1,4582.6,0.1992,37.47,0.0412,0.0808,0.0396,7.5,1553,1678,1814,110587
B H E L,500103,BHEL,Electrical Equipment,239.64,83444.17,0,28339.48,28341.47,520.14,289.8,5484.92,6584.1,7277.09,8993.37,5486.91,831.68,-537.14,504.45,-455.5,155.76,287.94,0.04,-115.47,18442.56,1632.46,1184.35,20.59,-3712.9,2191.89,0.0168,-115.51,0.0001,-0.4428,-0.4429,-6.5,161,90,50,14432
BIGBLOC Const.,540061,BIGBLOC,Cement & Cement Products,53.5,757.43,0,224.45,229.43,9.6,2.09,51.57,51.66,56.82,64.59,56.36,5.75,1.3,0.97,-3.19,51.05,362.41,9.29,-172.67,265.3,19.5,10.23,4.41,19.11,12.95,0.0245,-181.96,0.0222,-0.7823,-0.8045,-4.6,0,0,0,8
Bikaji Foods,543653,BIKAJI,Food Products,729.2,18273.22,0,2621.85,2699.7,201.37,202.35,571.63,721.17,714.89,610.97,652.67,74.08,96.27,44.72,59.9,75.31,90.31,14.18,2.81,1506.9,280.99,281.85,71.2,244.68,193.46,0.1815,-11.37,0.0297,0.0049,-0.0248,185.6,203,204,205,18542
Bhartiya Intl.,526666,BIL,Consumer Durables,797.4,1069.35,0,1029.26,1079.98,15.74,26.67,229.24,295.91,262.97,241.14,279.96,18.8,25.85,14.92,5.58,40.84,40.1,22.13,202.95,474.24,81.17,84.08,11.08,65.79,44.3,0.0796,180.82,0.0493,0.6944,0.6451,0.6,45,77,130,5203
Biocon,532523,BIOCON,Pharmaceuticals & Biotechnology,353.45,47254.98,0,15261.7,15770.7,986.86,361.88,3432.9,3590.4,3821.4,4417,3941.9,1078.2,748.9,330.06,31.4,42.85,130.58,14.83,-95.1,41976.8,2736.6,1711.6,230.6,2953.9,4061.2,0.0141,-109.93,0.0334,-0.6333,-0.6667,-2.1,133,49,18,2330
Brookfield India,543261,BIRET,Realty,344.18,22027.88,0,2385.59,2471.74,184.35,255.84,573.76,590.2,619.8,620.12,641.62,433.19,450.03,74.1,124.56,121.52,86.1,11.83,140,23520.59,1327.05,1358.15,21.28,1432.83,1847.95,0.0118,128.17,0.0361,0.3878,0.3517,2.2,355,493,684,58877
Birla Cable,500060,BIRLACABLE,Telecom - Equipment & Accessories,157.67,473.01,0,661.65,672.19,5,6.34,165.91,181.72,157.8,156.23,176.44,7.91,7.82,1.45,1.34,26.18,74.61,6.35,4366.67,259.57,20.14,21.28,2.8,16.3,112.4,0.0352,4360.32,0.0159,0.268,0.2521,2.8,8,10,13,964
Birla Corpn.,500335,BIRLACORPN,Cement & Cement Products,1187.2,9142.63,0.58,9214.49,9478.34,327.63,411.56,2190.37,1952.56,2256.65,2814.91,2454.22,533.83,346.73,285.99,119.57,35.49,22.21,12.05,266.55,9676.01,746.65,861.61,111.49,1620.09,1669.49,0.0541,254.5,0.0286,0.2562,0.2275,0.9,517,649,816,18119
Adit.Birla Money,532974,BIRLAMONEY,Capital Markets,175.85,993.71,0,453.44,443.86,74.2,73.21,119.41,125.66,106.03,99.46,112.71,49.71,54.74,9.33,15.38,13.06,13.57,-5.61,-5.99,602.51,228.5,228.12,26.33,-443.78,-126.2,0.1652,-0.38,-0.0211,-0.0133,0.0078,-10.2,72,71,70,954
BirlaNu Ltd,509675,BIRLANU,Consumer Durables,1919.4,1447.4,34.22,3615.23,3560.9,-89.28,-119.09,1106.61,774.46,805.25,928.91,1052.28,22.41,39.68,-24.71,-1.32,42.62,,-4.91,-110.46,1712.36,-54.28,-73.14,22.21,173.3,82.09,-0.0566,-105.55,-0.015,0.3339,0.3489,0,-79,-53,-35,0
Blackbuck,544288,BLACKBUCK,Transport Services,685.5,12388.39,0,426.73,478.21,366.13,362.14,92.18,98.77,113.98,121.81,143.65,39.73,40.44,286.49,33.7,0.25,34.21,55.84,395.59,761.74,93.34,134.38,6.61,44.55,58.33,0.4841,339.75,0.1206,-0.0109,-0.1315,-31.4,358,354,350,11988
BEML Land Assets,543898,BLAL,Finance,210.19,875.33,,0,0,-3.75,-4.37,0,0,0,0,0,-0.21,-2.47,-0.42,-2.74,,,,-29.25,9.66,-2.98,-3.48,0,0.57,0.94,-0.4524,-29.25,,0.1653,,0,-4,-3,-3,0
Bliss GVS Pharma,506197,BLISSGVS,Pharmaceuticals & Biotechnology,159.2,1681.94,0,809.73,833.56,84.3,106.64,183.64,217.68,210.42,197.99,207.47,21.09,41.33,15.54,43.04,14.34,15.77,12.98,107.92,1081.13,133.76,170.74,51.24,102.82,105.91,0.146,94.94,0.0294,0.265,0.2356,0.6,135,171,216,3404
B.L.Kashyap,532719,BLKASHYAP,Construction,61.61,1388.94,0,1153.63,1139.74,10.2,16.19,350.31,267.28,241.86,294.18,336.42,7.23,25.95,-5.15,10.85,31.69,85.79,-3.97,-31.63,524.73,66.49,73.03,6.75,78.8,76.43,0.0437,-27.66,-0.012,0.5873,0.5993,1.5,26,41,65,5554
BLS Internat.,540073,BLS,Leisure Services,337.15,13881.84,0,2193.3,2411.2,504.07,565.04,492.67,495.01,512.85,692.77,710.57,174.09,204.23,135.14,171,42.68,24.57,44.23,49.76,1864.29,647.24,703.28,75.93,349.85,828.83,0.3438,5.53,0.0993,0.121,0.0216,2,633,710,796,19555
BLS E-Services,544107,BLSE,IT - Services,183.74,1669.4,0,519.35,687.99,50.42,55.26,75.35,77.16,127.63,239.21,243.99,19.42,17.73,13.2,14.68,40.8,30.21,223.81,22.44,205.69,76.82,85.91,21.37,19.65,67.29,0.3726,-201.37,0.3247,0.096,-0.2287,3.1,61,66,73,2198
Blue Dart Expres,526612,BLUEDART,Transport Services,5502,13056.25,0,5720.18,5819.39,236.95,247.83,1342.71,1448.46,1511.69,1417.32,1441.92,213.14,195.61,55.15,48.83,53.69,52.68,7.39,-8.59,1690.29,408.75,421.18,86.29,846.73,735.12,0.1977,-15.98,0.0173,0.0459,0.0286,11.5,259,271,284,14938
Blue Jet Health,544009,BLUEJET,Pharmaceuticals & Biotechnology,677.8,11757.49,0,1029.99,1221.85,299.13,358.6,162.9,208.26,318.38,340.45,354.76,139.96,121,110.1,91.17,45.27,32.79,117.78,141.32,952.79,398.13,480.24,116.83,241.26,45.76,0.499,23.54,0.1863,0.1988,0.0125,1.6,430,515,618,20258
Blue Star,500067,BLUESTARCO,Consumer Durables,1949.1,40076.38,6.48,11967.65,12084.53,585.24,534.1,2865.37,2275.96,2807.36,4018.96,2982.25,279,198.58,193.64,120.96,63.93,75.04,4.08,-28.36,2613.14,825.77,760.86,180.32,289.22,688.07,0.2734,-32.44,0.0098,-0.0874,-0.0971,-8.6,487,445,406,30464
Bluestone Jewel,544484,BLUESTONE,Consumer Durables,702.05,10623.45,0,1770,1770,-223.65,-223.65,348.24,,,461.3,492.68,25.09,54.75,-51.11,-34.52,,,41.48,41.71,1396.14,-15.7,-15.7,0,,-665.83,-0.1602,0.23,0,0,0,,-224,-224,-224,0
Bluspring Enter.,544414,BLUSPRING,Commercial Services & Supplies,81.47,1213.49,0.66,3483.57,3483.57,-32.39,-32.39,,,790.92,801.51,797.23,4.75,11.67,-16.46,-4.34,,,,,796.76,37.27,37.27,23.25,,-22.12,-0.0115,0,0,0,0,,-32,-32,-32,0
BMW Ventures,544543,BMWVENTLTD,Metals & Minerals Trading,60.59,525.41,0,2062.04,2062.04,32.81,32.81,,,,,,,,,,12.26,16.01,,,240.07,83.25,83.25,9.75,-53.05,50.23,0.1773,0,0,0,0,,33,33,33,525
Bodal Chemicals,524370,BODALCHEM,Chemicals & Petrochemicals,60.59,763.1,0,1744.94,1777.17,27.47,30.04,421.96,428.63,443.47,450.87,454.2,47.26,47.61,14.5,9.53,106.38,25.4,7.64,907.63,1493.14,110.25,116.42,0.02,204.25,113.78,0.0201,899.99,0.0185,0.0936,0.0751,2.7,33,36,39,998
Bombay Dyeing,500020,BOMDYEING,Textiles & Apparels,175.37,3622,32.34,1605.43,1532.3,29.06,29.64,450.97,380.63,414.81,359.02,377.84,-12.85,-14.04,11.62,13.91,101.42,122.2,-16.22,-10.49,829.29,54.84,56.33,85.83,354.92,-17.02,0.1392,5.73,-0.0456,0.02,0.0655,61.2,30,31,31,3843
Borana Weaves,544404,BORANA,Textiles & Apparels,228.77,609.56,0,290.31,290.31,40.8,40.8,62.22,,78.58,78.7,81,17.11,17.15,10.9,12.2,0.04,14.94,30.18,21.27,116.07,54.93,54.93,9.16,22.46,22.64,0.4304,-8.91,0,0,0,,41,41,41,610
Borosil,543212,BOROLTD,Consumer Durables,343.95,4112.87,3.33,1090.15,1119.2,64.66,82.35,216.81,278.23,338.1,270.18,232.69,37.16,37.34,11.14,17.41,62.62,49.94,7.32,87.41,814.69,102.71,123.86,23.73,48.03,-19.33,0.1302,80.09,0.0266,0.2736,0.2469,1.8,105,134,170,8496
Borosil Renew.,502219,BORORENEW,Industrial Products,642.85,8563.5,30.92,1476.42,1476.42,-83.24,-83.24,283.11,370.79,373.09,361.49,373.54,-10.09,15.37,-26.75,-20.1,95.37,,31.94,58.23,1116.7,-59.92,-59.92,8.25,68.75,99.79,-0.0672,26.29,0,0,0,,-83,-83,-83,0
Borosil Scienti.,544184,BOROSCI,Industrial Products,137.61,1224,14.94,434.19,429.52,26.79,24.01,104.2,102.61,101.45,129.48,95.98,16.57,4.86,8.67,2.25,53.15,50.97,-7.89,-55.3,306.3,41.93,37.42,9.52,30,120.03,0.1095,-47.41,-0.0108,-0.1038,-0.093,-4.9,22,19,17,881
Bosch,500530,BOSCHLTD,Auto Components,38625,113919.2,8.51,18087.4,18559.2,2012.26,2217.41,4316.8,4394.3,4465.7,4910.6,4788.6,646.9,639.3,553.7,670.49,43.67,51.37,10.93,44.04,6403.5,2748.3,2977.3,742.7,1252.8,2373.4,0.4623,33.11,0.0261,0.102,0.0759,5,2443,2693,2967,152420
B P C L,500547,BPCL,Petroleum Products,338.7,146945.2,1.4,440271.9,439732.8,13587.54,17559.67,113094.9,102785.3,113165.9,111230.2,112551.5,7736.51,9677.95,4467.15,6890.96,7.8,8.37,-0.48,133.97,93512.17,22115.93,26958.63,5418.26,35969.63,23677.79,0.2457,134.45,-0.0012,0.2923,0.2936,0.3,22693,29327,37900,317226
BPL,500074,BPL,Consumer Durables,77.27,378.44,0,78.36,78.46,-20.35,54.81,19.39,20.92,19.32,18.74,19.48,1.88,3.35,47.67,2.74,24.1,6.9,0.46,-79.6,-50.22,20.25,58.06,1.05,7.5,9.15,-1.1123,-80.06,0.0013,-3.6934,-3.6946,0,-148,-693,-3252,-22437
Brigade Enterpr.,532929,BRIGADE,Realty,942.65,23046.19,0,5074.21,5277.63,683.08,751.92,1077.72,1072.16,1463.94,1460.39,1281.14,415.98,323.33,246.82,149.88,53.99,30.65,18.88,79.03,9374.65,1360.64,1403.83,383.15,333.98,995.31,0.1211,60.15,0.0401,0.1008,0.0607,3,828,911,1003,30740
Brigade Hotel,544457,BRIGHOTEL,Leisure Services,81.08,3079.76,0,468.25,468.25,20.23,20.23,101.8,,,134.01,124.16,50.31,40.95,11.35,6.21,116.01,152.22,21.96,226.22,637.72,117.17,117.17,0,154.86,148.95,0.0317,204.26,0,0,0,,20,20,20,3079
Britannia Inds.,500825,BRITANNIA,Food Products,5871.5,141425.8,0,17942.67,18314.59,2196.26,2193.92,4250.29,4667.57,4592.61,4432.19,4622.22,800.52,752.2,559.95,520.72,58.34,64.46,8.75,-0.59,2176.78,3088.92,3082.63,747.63,2572.98,2480.65,1.3513,-9.34,0.0207,-0.0011,-0.0218,-605,2192,2189,2187,140969
Brooks Lab.,533543,BROOKS,Pharmaceuticals & Biotechnology,124.81,367.66,0,82.56,90.14,-9.99,2.03,17.93,20.79,20.52,23.32,25.51,-1.26,3.13,-1.46,9.58,330.62,181.11,42.28,497.51,25.02,-8.78,3.37,0.18,-9.8,2.63,0.0883,455.23,0.0918,-1.2032,-1.295,-1.5,0,-1,-2,-363
BSE,,BSE,Capital Markets,2385,97001.31,0,3212.04,3443.42,1392.19,1586.21,601.87,813.3,825.09,846.64,958.39,484.21,625.93,493.79,527.46,68.9,61.15,59.24,100.43,1561.22,1869.93,2103.71,521.55,2643.46,414.17,1.3501,41.19,0.072,0.1394,0.0673,4.4,1807,2059,2346,143464
Bombay Super Hyb,,BSHSL,Agricultural Food & other Products,123.17,1292.51,0,357.92,354.92,26.35,27.56,156.77,28.21,127.86,45.91,152.94,6.13,15.36,4.22,12.27,100.51,46.9,-2.44,10.34,104.73,34.18,35.9,1.77,11.54,-31.12,0.2801,12.78,-0.0084,0.0459,0.0543,10.2,29,30,32,1479
Birlasoft Ltd,532400,BSOFT,IT - Software,359.45,10012.23,0,5375.24,5332.71,508.36,472.99,1327.43,1368.22,1362.7,1316.89,1284.9,173.58,158.81,122.11,106.43,25.63,21.17,-3.2,-29.15,1687.21,708.94,682.37,174.75,718.23,587.52,0.3839,-25.95,-0.0079,-0.0696,-0.0617,-3,440,409,381,8065
Butterfly Gan Ap,517421,BUTTERFLY,Consumer Durables,709.25,1268.14,0,864.5,870.16,31.02,36.45,181.7,257.7,238.09,187,187.37,16.12,12.77,9.03,6.43,49.84,34.79,3.12,155.16,248.96,47.64,53.43,13.35,36.85,33.64,0.2,152.04,0.0065,0.175,0.1685,2,43,50,59,2057
The Byke Hospi.,531373,BYKE,Leisure Services,66.01,345.1,0,96.64,100.19,4.29,4.45,23.27,20.49,26.12,26.76,26.82,10.62,11.78,0.77,2.15,63.47,77.55,15.26,-6.52,242.71,13.23,14.94,1.6,20.82,9.59,0.0249,-21.78,0.0367,0.0373,0.0006,20.8,5,5,5,385
C2C Advanced,,C2C,Aerospace & Defense,634.1,1055.22,93.24,115.11,115.11,28.84,28.84,,,,43.22,71.89,13.7,27.72,9.73,19.11,39.56,36.59,,,206.49,42.07,42.07,10.59,-35.27,-115.24,0.191,0,0,0,0,,29,29,29,1055
Camlin Fine,532834,CAMLINFINE,Chemicals & Petrochemicals,199.61,3752.28,80.99,1666.53,1715,-132.23,37.83,380.85,422.97,431.02,437.46,423.55,59.41,19.04,24.96,-3.96,65.16,99.19,11.21,77.8,1028.69,170.78,141.88,40.7,138.98,26.72,0.0763,66.59,0.0291,-1.2861,-1.3152,-0.8,-11,-25,-57,-5610
Campus Activewe.,543523,CAMPUS,Consumer Durables,280.6,8571.55,0,1592.96,1597.07,121.21,118,339.16,333.29,514.8,405.71,343.27,71.45,49.27,35.03,22.2,86.59,72.64,1.21,-12.53,878.29,182.77,180.25,45.02,264.47,235.21,0.1856,-13.74,0.0026,-0.0265,-0.0291,-27.4,115,112,109,7908
Cams Services,543232,CAMS,Capital Markets,3860.8,19109.56,0,1333.9,1360.27,421.82,444.31,308.01,341.9,347.55,336.44,334.38,151.62,149.18,106.08,105.19,44.19,43.01,8.56,3.23,539.52,567.97,598.2,147.53,388.33,442.31,1.097,-5.33,0.0198,0.0533,0.0335,8.1,468,493,519,22332
Canara Bank,532483,CANBK,Banks,127.39,115551,0,121601.1,123951.1,17537.37,18478.71,29172.97,30181.85,30750.73,31495.57,31522.98,19371.27,18381.98,5070.19,5006.6,5.67,6.25,8.06,23.09,172308.4,105703.4,109050.1,5716.36,15046.5,60668.58,0.1404,15.03,0.0193,0.0537,0.0344,1.2,19471,20516,21617,135106
Can Fin Homes,511196,CANFINHOME,Finance,793.6,10567.11,0,3878.61,3967.5,857.19,881.4,931.08,962.48,986.11,998.58,1020.33,916.54,929.34,233.92,223.87,13.54,11.99,9.59,12.14,-21.05,3565.99,3633.74,225.51,224.82,933.37,-52.5848,2.55,0.0229,0.0282,0.0053,4.2,906,932,958,11489
Cantabil Retail,533267,CANTABIL,Textiles & Apparels,244.8,2047.46,0.19,721.07,751.83,74.86,78.12,127.92,151.2,222.92,219.03,158.68,58.64,48.95,22.51,14.67,30.07,26.21,24.05,28.57,736.91,133.24,139.75,30.51,132.72,150.48,0.1474,4.52,0.0427,0.0435,0.0009,6,82,85,89,2327
Capacit'e Infra.,540710,CAPACITE,Construction,286.4,2423.06,0,2349.51,2369.12,203.32,194.84,569.75,517.97,590.49,671.3,589.36,85.74,101.6,52.53,45.69,16.19,12.44,3.44,-14.45,1769.02,359.53,353.32,71.39,-38.82,51.53,0.1505,-17.89,0.0083,-0.0417,-0.0501,-3,187,179,171,2133
Capital Infra,544338,CAPINVIT,Construction,76.49,2106.53,0,159.06,159.06,-37.31,-37.31,,,,159.06,188.7,-2.69,-80.65,-37.31,-73.72,,,,,1137.89,8.91,8.91,9.23,,284.49,-0.0247,0,0,0,0,,-37,-37,-37,0
Capital Small,544120,CAPITALSFB,Banks,277.5,1256.69,0,908.5,937.1,131.64,133.64,218.48,223.59,234.97,231.46,247.08,147.82,156.92,34.24,32.01,10.04,9.4,13.09,6.63,91.65,673.41,693.68,43.83,115.89,279.49,1.9364,-6.46,0.0315,0.0152,-0.0163,6.2,136,138,140,1314
Caplin Point Lab,524742,CAPLIPOINT,Pharmaceuticals & Biotechnology,2056.8,15634.09,0,1937.47,1988.73,536.31,565.13,458.96,483.1,492.96,502.45,510.22,168.06,177.76,142.57,152.8,23.98,27.66,11.17,23.26,2516.85,677.39,707.59,129.05,318.39,432.37,0.2758,12.09,0.0265,0.0537,0.0273,5.1,595,627,661,18289
Carborundum Uni.,513375,CARBORUNIV,Industrial Products,937.55,17854.33,53.46,4894.22,4915.71,360.87,291.24,1197.54,1224.12,1255.45,1217.12,1219.02,146.29,121.25,29.14,61.89,55.61,61.31,1.79,-45.21,3517.39,590.72,514.25,164.41,601.51,304.24,0.1295,-47,0.0044,-0.193,-0.1973,-3.2,235,190,153,9386
CARE Ratings,534804,CARERATING,Capital Markets,1480.8,4443.45,7.37,402.32,417.31,137.24,142.28,78.92,117.37,96.38,109.65,93.91,47.38,27.74,42.61,25.78,30.56,31.23,18.99,24.36,716.45,194.38,201.54,53.46,90.88,122.95,0.2732,5.37,0.0373,0.0367,-0.0005,8.5,148,153,159,4951
Carraro India,544320,CARRARO,Auto Components,466.95,2654.68,32.18,1792.15,1811.31,85.53,87.34,470.04,436.74,444.78,440.61,489.18,44.08,46.57,23.11,28.51,36.22,30.39,4.07,4.17,601.47,137.55,139.1,29.06,106.73,94.54,0.1935,0.1,0.0107,0.0212,0.0105,14.4,89,91,93,2826
Cartrade Tech,543333,CARTRADE,Retailing,2444.8,11638.71,0,641.12,672.98,133.81,155.26,141.52,154.21,176.22,169.51,173.04,46.17,43.5,41.82,42.87,61.59,74.96,22.27,92.59,1575.46,179.32,212.79,13.32,15.87,171.02,0.107,70.32,0.0497,0.1603,0.1106,4.7,180,209,243,18180
Carysil,524091,CARYSIL,Consumer Durables,930.45,2646.44,81.42,815.57,841.36,64,70.7,201.2,207.07,203.12,204.18,226.99,34.93,43.85,18.58,22.82,35.24,37.43,12.82,43.88,602.43,114.2,117.77,24.37,57.84,-6.88,0.1578,31.06,0.0316,0.1047,0.0731,3.6,78,86,95,3567
Castrol India,500870,CASTROLIND,Petroleum Products,200.51,19832.89,0,5364.85,5560.9,920.22,956.28,1397.54,1288.18,1353.89,1422,1496.83,307.36,349.52,233.46,244,21.19,20.74,7.1,5.1,1195.49,1257.41,1303.31,343.24,853.04,1044.1,1.087,-2,0.0365,0.0392,0.0026,5.3,994,1033,1073,22257
C C C L,532902,CCCL,Realty,24.06,1074.9,0,181.92,205.07,-32.17,-44.92,28.23,56.63,52.17,44.96,51.31,-7.57,-21.69,-1.58,-16.47,,,81.76,-540.86,201.66,-0.82,-16,17.32,50.54,155.52,-0.1369,-622.62,0.1273,0.3963,0.2691,0,-27,-16,-10,0
CCL Products,519600,CCL,Agricultural Food & other Products,829.65,11078.28,0,3105.75,3388.1,310.34,311.31,773.29,738.2,758.41,835.85,1055.64,163.28,159.03,101.87,72.45,31.47,35.59,36.51,1.37,2522.99,465.08,484.35,33.87,55.38,289.69,0.1368,-35.14,0.0909,0.0031,-0.0878,113.9,312,313,314,11184
C D S L,,CDSL,Capital Markets,1605.3,33550.77,0,1082.21,1083.63,527.02,494.81,257.39,322.26,278.11,224.45,258.81,109.38,130.08,100.31,102.37,52.46,67.81,0.55,-23.72,457.27,695.51,671.59,167.66,385.94,542.68,1.4488,-24.27,0.0013,-0.0611,-0.0624,-11.1,465,436,410,27769
CEAT,500878,CEATLTD,Auto Components,3539.9,14318.93,0,13217.87,13554.46,495,460.16,3192.82,3304.53,3299.9,3420.62,3529.41,388.08,387.73,126.3,114.85,23.74,31.12,10.54,-22.75,5789.03,951.71,912.83,103.01,1719.26,1091.96,0.0973,-33.29,0.0255,-0.0704,-0.0958,-4.4,428,398,370,11504
Ceigall India,544223,CEIGALL,Construction,261.65,4558.07,0,3436.73,3452.52,283.84,267.8,822.39,772.19,830.54,1011.61,838.18,127.89,109.12,74.1,53.18,15.75,17.02,1.92,-33.02,1549.98,505.28,489.88,87.95,-190.16,-519.56,0.2295,-34.94,0.0046,-0.0565,-0.0611,-3,253,238,225,3828
Cellecor Gadgets,,CELLECOR,Consumer Durables,33.5,739.27,0,1025.95,1025.95,30.9,30.9,290.8,,,425.71,600.23,25.3,28.95,14.62,16.28,30.45,23.92,106.41,79.49,155.18,53.46,53.46,10.71,-101.71,-33.62,0.2681,-26.92,0,0,0,,31,31,31,739
Cello World,544012,CELLO,Consumer Durables,600.1,13255.31,0,2136.39,2164.74,338.82,329.25,500.66,490.06,556.85,588.82,529.01,135.21,109.05,88.19,73.02,52.73,40.26,5.66,-11.58,1798.8,492.74,479.58,119.42,231.18,261.73,0.2494,-17.24,0.0133,-0.0282,-0.0415,-14.3,320,311,302,12164
Cemindia Project,509496,CEMPRO,Construction,817.9,14050.51,0,9096.94,9257.82,362.34,409.83,2381.49,1990.87,2244.86,2479.72,2542.37,258.26,232.85,113.55,137.22,26.37,34.28,6.76,36.96,1723.57,716.9,757,139.52,704.34,202.7,0.3187,30.2,0.0177,0.1311,0.1134,2.6,464,524,593,20329
Century Enka,500280,CENTENKA,Textiles & Apparels,480.25,1049.35,0,2001.69,1875.2,59.08,58.16,528.02,536.27,493.4,444,401.53,8.77,19.89,6.91,15.35,16.57,18.04,-23.96,-36.81,1139.79,86.04,81.31,14.89,88.06,117.87,0.0641,-12.85,-0.0632,-0.0156,0.0476,-11.6,57,56,55,1001
Central Bank,532885,CENTRALBK,Banks,38.12,34503.94,0,33797.45,34053.81,3958.55,4216.91,8367.01,8235.34,8541.83,8653.26,8623.38,4585.9,5227.96,1104.58,1225.12,14.47,8.18,3.06,30,43765.59,24946.29,26208.88,1852.47,-5909.91,-2459.64,0.1387,26.94,0.0076,0.0653,0.0577,1.3,4492,4785,5098,41699
Centrum Capital,501150,CENTRUM,Finance,33.6,1397.87,0,3503.4,3623.63,-207.34,-110.22,716.04,783.63,877.48,1116.25,846.27,442.96,205.03,-20.5,-13.93,,,18.19,84.72,-1715.17,1355.27,1524.87,27.89,119.85,2532.43,0.048,66.53,0.0343,-0.4684,-0.5027,0,-162,-238,-349,0
Centum Electron,517544,CENTUM,Industrial Manufacturing,2693.4,3961.22,0,1155.42,1183.31,-9.56,18.8,245.51,259.83,281.34,368.74,273.4,41.55,22.72,19.42,3.71,173.68,210.7,11.36,196.61,384.9,61.34,72.19,27.32,201.81,-29.35,0.1198,185.25,0.0241,-2.9665,-2.9907,-0.7,-37,-147,-582,-122558
Century Plyboard,532548,CENTURYPLY,Consumer Durables,770.1,17109.54,0,4527.8,4691.78,193.93,202.74,1005.38,1183.62,1140.47,1198.33,1169.36,134.57,128.16,52.47,51.86,45.06,84.39,16.31,27.42,2879.66,360.22,367.04,101.02,251.68,-2.73,0.1055,11.11,0.0362,0.0454,0.0092,18.6,212,222,232,19549
Cera Sanitary.,532443,CERA,Consumer Durables,5967,7760.61,0,1915.25,1936.65,246.35,247.22,398.01,489.99,449.27,577.97,419.42,105.58,53.07,86.75,46.53,40.24,31.39,5.38,-0.94,757.65,313.05,313.31,66.33,227.59,115.6,0.4138,-6.32,0.0112,0.0035,-0.0076,88.9,248,249,250,7843
CESC,500084,CESC,Power,171.16,22688.46,0,17001.29,17340,1329.67,1378,4863,4700,3561,3877,5202,812,864,373,387,12.94,16.46,6.97,2.38,23053.98,3208,3163,401,2351.41,2581.5,0.0772,-4.59,0.0199,0.0363,0.0164,4.5,1428,1480,1534,25246
Concord Enviro,544315,CEWATER,Other Utilities,495.6,1025.71,38.76,594.44,594.09,51.49,64.28,102.73,161.89,122.82,206.99,102.39,58.23,-1.19,48.49,5.14,21.27,15.96,-0.33,299.22,440.06,86.4,91.7,6.91,-34.67,4.75,0.1618,299.55,-0.0006,0.2484,0.249,0.6,80,100,125,1996
Capri Global,531595,CGCL,Finance,189.76,18247.99,0,3247.71,3533.58,478.57,577.7,717.66,751.64,820.83,957.33,1003.78,621.43,647.43,177.74,174.9,66.59,31.59,39.87,130.98,1384.24,1907.09,2160.03,207.53,-3698.57,-4311.64,0.5673,91.11,0.088,0.2071,0.1191,1.5,697,842,1016,32101
CG Power & Ind,500093,CGPOWER,Electrical Equipment,753.4,118637.7,9.79,9908.66,10559.19,948.93,1002.69,2227.52,2412.69,2515.68,2752.77,2878.05,346.82,381.22,271.97,269.23,85.02,118.32,29.2,11.65,3553.54,1333.45,1384.81,232.6,1027.79,944.42,0.3476,-17.55,0.0657,0.0567,-0.009,20.9,1059,1120,1183,139966
Creative Graphic,,CGRAPHICS,Industrial Products,224.25,544.61,1.41,251.08,251.08,20.77,20.77,83.52,,,113.05,138.03,13.23,19.08,9.15,11.62,25.29,26.22,65.27,226.4,121.81,33.15,33.15,6.71,3.25,-22.24,0.2256,161.13,0,0,0,,21,21,21,545
Chalet Hotels,542399,CHALET,Leisure Services,953,20840.72,0,1717.83,2251.36,141.31,285.05,361.01,377.05,457.79,521.97,894.55,241.45,357.27,123.85,203.15,74.35,73.11,147.79,234.84,4283.93,584.65,801.14,22.13,689.44,950.39,0.0717,87.05,0.3106,1.0172,0.7066,0.7,575,1160,2340,171058
Chambal Fert.,500085,CHAMBLFERT,Fertilizers & Agrochemicals,498.35,19966.51,0,16646.2,17410.58,1582.74,1750.11,4933.23,4346.18,4918.06,2448.73,5697.61,163.36,760.97,130.36,548.96,12.44,11.41,15.49,22.44,8490.6,2400.88,2500.02,546.83,3326.75,1393.9,0.2705,6.95,0.0459,0.1057,0.0598,1.1,1935,2140,2366,26997
Chandan Healthca,,CHANDAN,Healthcare Services,288,704.22,0,230.12,230.12,22.17,22.17,91.83,,,,119.66,,21.49,,11.53,24.79,31.76,30.31,36.29,134.21,36.65,36.65,8.31,1.12,-29.05,0.2271,5.98,0,0,0,,22,22,22,704
Chembond Chemic.,544450,CHEMBONDCH,Chemicals & Petrochemicals,159.41,428.76,0,292.27,292.27,30.55,30.55,64.36,,,78.01,65.38,12.27,8.42,8.81,6.26,,14.03,1.58,11.99,130.77,42.23,42.23,11.91,-55.62,9.73,0.3247,10.41,0,0,0,,31,31,31,429
Chemcon Special.,543233,CHEMCON,Chemicals & Petrochemicals,264.25,967.97,0,207.4,215.4,24.43,25.48,45.52,52.6,54.39,54.89,53.52,5.79,7.77,3.95,6.39,30.21,37.99,17.57,18.99,450.1,36.61,37.06,8.63,11.96,40.52,0.0758,1.42,0.0386,0.043,0.0044,8.8,27,28,29,1098
Chemfab Alka.,541269,CHEMFAB,Chemicals & Petrochemicals,606.55,871.23,0.29,334.37,349.38,8.95,2.76,76.53,81.9,83.62,92.32,91.54,13.34,11.3,-1.14,2.55,24.33,315.66,19.61,183.33,383.94,14.46,17.17,4.02,31.35,39.91,0.0177,163.72,0.0449,-0.6916,-0.7365,-4.6,1,0,0,26
Chemplast Sanmar,543336,CHEMPLASTS,Chemicals & Petrochemicals,366.1,5788.39,0,4346.07,4301.08,-111.75,-198.5,1144.89,992.75,1057.55,1150.88,1099.9,36.73,17.07,-54.17,-64.25,32.63,,-3.93,-368.94,3697.02,65.42,-51.28,-5.61,-244.93,171.67,-0.0552,-365.01,-0.0104,0.7763,0.7866,0,-44,-10,-2,0
C P C L,500110,CHENNPETRO,Petroleum Products,802.25,11946.42,0,58983.38,57073.11,214.09,-183.08,17094.98,12086.4,12925.36,17249.12,14812.23,784.8,98.64,469.93,-40.1,4.44,,-13.35,-111.23,7583.06,493.27,-65.15,-154.84,2694.25,1352.37,-0.0446,-97.88,-0.0324,-1.8552,-1.8228,0,-523,-1492,-4261,0
Cheviot Company,526817,CHEVIOT,"Paper, Forest & Jute Products",1153.2,693.87,43.15,439.43,464.43,49.49,59.94,94.72,102.85,108.07,133.79,119.72,20.58,19.88,9.31,28.71,11.71,11.58,26.39,8.26,364.7,64.7,80.4,17.44,35.92,26.17,0.2122,-18.13,0.0569,0.2112,0.1543,0.5,73,88,106,1233
Choice Intl.,531358,CHOICEIN,Finance,795.9,16368.12,0,921.07,943.61,162.69,172.08,200.64,247.39,209.34,253,233.88,96.25,82.73,51.69,45.01,59.46,95.12,16.57,52.73,1309.98,287.43,314.84,60.51,-152.98,-294.46,0.1776,36.16,0.0245,0.0577,0.0332,16.5,182,193,204,19369
Cholaman.Inv.&Fn,511243,CHOLAFIN,Finance,1614.2,135818.6,0,25845.98,27300.47,4262.7,4453.38,5812.31,6255.12,6732.98,7045.57,7266.8,5035.55,4980.48,1259.54,1137.83,30.4,30.5,25.02,20.13,9318.25,18238.68,19167.32,1810.3,-35682.9,-32413.2,0.6722,-4.89,0.0563,0.0447,-0.0115,6.8,4653,4861,5078,154883
Chola Financial,504973,CHOLAHLDNG,Finance,1837.4,34502.23,0,33196.06,34788.94,2174.32,2203.8,7632.71,8090.16,8489.09,8913.37,9296.32,5203.97,5154.4,613.57,578.5,13.54,15.66,21.8,5.5,-5920.04,18895.63,19707.92,1941.64,-35726.4,-34201.3,-0.7002,-16.3,0.048,0.0136,-0.0344,11.6,2234,2264,2295,35934
CIE Automotive,532756,CIEINDIA,Auto Components,422.95,16045.13,0,8964.07,8886.21,826.23,782.73,2292.69,2134.63,2109.95,2272.63,2369,335.48,336.76,206,203.01,22.72,20.5,3.33,-6.18,7224.26,1160.59,1086.79,250,1383.26,880.84,0.143,-9.51,-0.0087,-0.0526,-0.044,-3.9,742,702,665,13643
Capital India,530879,CIFL,Finance,35.01,1364.37,0,611.86,597.99,1.85,0.31,158.27,165.94,152.93,139.33,139.79,30.64,30.94,-0.59,-2.85,530.5,4401.19,-11.68,-77.02,279.93,101.68,102.45,2.7,120.56,12.53,0.0108,-65.34,-0.0227,-0.8324,-0.8098,-52.9,0,0,0,6
Cigniti Tech.,534758,CIGNITITEC,IT - Services,1649.9,4530.12,94.87,2014.34,2080.08,220.82,255.61,468.5,499.18,516.4,530.3,534.2,89.5,88.9,73.2,65.9,17.19,17.72,14.02,160.47,819.4,304.51,347.25,91.43,129.42,159.9,0.4235,146.45,0.0326,0.1575,0.1249,1.1,296,342,396,7025
Cipla,500087,CIPLA,Pharmaceuticals & Biotechnology,1561.8,126156.9,56.39,27547.62,27811.15,5145.69,5392.5,6693.94,7051.02,7072.97,6729.69,6957.47,1537.59,1778.14,1221.84,1297.62,28.02,23.39,3.94,10.19,22044.44,6713.61,7037.49,1806.63,4133.91,5004.98,0.3266,6.25,0.0096,0.048,0.0384,4.9,5651,5922,6206,145164
Clean Science,543318,CLEAN,Chemicals & Petrochemicals,1072.3,11395.74,63.62,922.32,924.92,292.32,296.73,217.31,228.06,231.56,245.39,219.91,104.51,100.66,78.61,76.57,53.94,38.4,1.2,6.11,580.93,391.24,396.99,98.14,277.41,279.39,0.6797,4.91,0.0028,0.0151,0.0123,25.5,301,306,310,11918
CL Educate,540403,CLEDUCATE,Other Consumer Services,90.71,491.87,0,358.08,411.63,-6.64,-7.03,93.99,98.68,69.81,97.46,145.68,1.16,17.51,-5.91,-2.87,25.12,,55,-166.59,610.22,12.34,16.42,2.7,25.57,16.36,-0.0071,-221.59,0.1495,0.0587,-0.0908,0,-7,-6,-6,0
Chamanlal Setia,530307,CLSEL,Agricultural Food & other Products,255.95,1272.73,0,1495.26,1439.69,102.66,101.9,362.84,369.43,395.3,367.69,307.27,33.37,29.43,24.55,21.64,9.6,12.49,-15.32,-4.33,795.83,145.85,144.49,33.75,-38.21,72.68,0.1705,10.99,-0.0372,-0.0074,0.0298,-16.9,101,100,100,1245
Chaman Metallics,,CMNL,Ferrous Metals,153.05,369.38,0,172.18,172.18,9.73,9.73,96.83,,,91.34,80.85,9.51,5.67,6.17,3.61,13.32,37.96,-16.5,1.4,376.93,14.77,14.77,3.93,20.13,-51.86,0.0362,17.9,0,0,0,,10,10,10,369
CMS Info Systems,543441,CMSINFO,Commercial Services & Supplies,362.55,5962.95,0,2424.53,2452.51,359.42,375.25,599.43,624.54,581.49,619.07,627.41,162.08,157.88,97.56,93.58,19.05,15.89,4.67,3.07,1650,498.58,520.75,126.8,439.89,482.53,0.3043,-1.6,0.0115,0.044,0.0325,3.6,392,409,427,6786
Coal India,533278,COALINDIA,Consumable Fuels,384.5,236956.9,0,143368.9,141198.2,35358.56,33142.07,36464.61,30672.88,36858.62,37824.54,35842.19,11790.15,12521.42,9604.02,8743.38,6.78,7.15,-1.71,-20.22,134145.3,47850.37,45468.06,10831.5,18103.1,29199.66,0.3278,-18.51,-0.0151,-0.0627,-0.0475,-1.1,31065,29117,27292,195138
Cochin Shipyard,540678,COCHINSHIP,Industrial Manufacturing,1776.3,46731.04,0,4527.84,4795.41,842.78,849.92,709.84,1096.98,1069.88,1651.13,977.42,253.41,233.64,284.7,187.86,42.41,54.98,37.7,3.88,5641.25,1182.82,1181.15,299.34,-172.83,-269.05,0.2037,-33.82,0.0591,0.0085,-0.0506,64.9,857,864,872,47926
Coffee Day Enter,539436,COFFEEDAY,Leisure Services,44.11,931.83,0,1159.38,1087.1,-26.21,-29.9,260.07,269.34,280.41,268.03,269.32,28.08,32.21,-9.53,-6.8,9.45,,3.56,40.61,2601.89,44.39,53.4,129.83,188.8,195.89,0.0384,37.05,-0.0623,0.1408,0.2031,0,-26,-22,-19,0
Coforge,532541,COFORGE,IT - Software,1722.3,57627.48,0,12050.7,13418.9,799.26,965.26,2357.1,3062.3,3258.1,3409.9,3688.6,527,577,265.98,283.85,48.09,59.7,56.49,88.48,7566.2,1409.1,1585.7,435.9,903.4,1237.1,0.1852,31.99,0.1135,0.2077,0.0942,2.9,1166,1408,1700,101505
Cohance Life,543064,COHANCE,Pharmaceuticals & Biotechnology,904.75,34612.76,91.63,1197.58,1954.6,237.33,351.64,488.08,257.72,307.15,840.42,549.31,229.22,112.01,131.92,54.63,44.81,98.43,12.55,-27.52,2300.69,315.42,482.37,119.59,384.77,288.16,0.2048,-40.07,0.6321,0.4817,-0.1505,2,521,772,1144,112580
Colgate-Palmoliv,500830,COLPAL,Personal Products,2227.8,60592.96,4.33,6040.17,5977.52,1436.54,1393.45,1496.71,1619.11,1461.84,1462.51,1434.06,498.01,452.57,355,320.62,48.15,43.48,-4.19,-11.91,1300.44,1933.8,1876.9,480.03,1198.96,1394.46,1.4407,-7.72,-0.0104,-0.03,-0.0196,-14.5,1352,1311,1272,55297
Commerl. Synbags,539986,COMSYN,Industrial Products,158.38,632.76,0,341.26,355.87,14.05,17.96,75.12,85.63,83.84,97.02,89.38,10.03,10.14,7.23,5.06,36.46,35.23,18.98,406,137.22,26.54,31.21,4.22,4.38,8.04,0.1616,387.02,0.0428,0.2783,0.2355,1.3,23,29,38,1322
Container Corpn.,531344,CONCOR,Transport Services,541.4,41234,0,8887.02,8937.52,1306.18,1322.16,2103.13,2287.75,2208.31,2287.83,2153.63,440.57,432.68,298.53,266.54,37.56,31.19,2.4,3.24,10986.41,1817.63,1795.12,365.71,1386.8,1711.54,0.1536,0.84,0.0057,0.0122,0.0066,25.5,1338,1355,1371,42770
Concord Biotech,543960,CONCORDBIO,Pharmaceuticals & Biotechnology,1603,16769.98,44.85,1200.09,1188.27,355.08,356.11,215.8,310.18,244.22,429.88,203.99,188.88,61.4,140.39,44.06,53.81,47.09,-5.47,-26.06,1479.99,473.56,474.13,113.65,265.47,244.52,0.3174,-20.59,-0.0098,0.0029,0.0128,162.3,357,358,359,16916
Confidence Petro,526829,CONFIPET,Gas,42.77,1420.99,0,3145.76,3479.83,90.84,91.37,777.93,745.76,697.27,924.81,1111.99,90.51,82.8,22.8,20.16,24.41,15.55,42.94,34.31,1759.14,191.97,204.19,30.54,262.95,9.63,0.0693,-8.63,0.1062,0.0058,-0.1004,26.7,92,92,93,1446
Connplex Cinemas,,CONNPLEX,Entertainment,201.35,384.58,0,95.61,95.61,18.51,18.51,,,,,40.69,,12.84,,9.61,14.92,20.78,,,28.64,25.21,25.21,6.77,4.02,2.8,0.8827,0,0,0,0,,19,19,19,385
Cons. Finvest,,CONSOFINVT,Finance,188.99,611.65,0,65.53,65.99,108.28,97.98,14.38,16.72,14.16,20.27,14.84,20.14,14.7,22.93,12.66,6.15,6.24,3.2,-44.86,1.9,70.88,68.17,0.29,13.88,9.98,51.7211,-48.06,0.007,-0.0951,-0.1021,-0.7,89,80,73,453
Control Print,522295,CONTROLPR,IT - Hardware,803.85,1285.69,0,425.03,438.49,100.26,95.34,97.83,101.79,103.34,122.07,111.29,22.11,18.58,66.64,6.65,22,13.49,13.76,-42.97,336.29,70.3,67.85,17.61,49.77,49.87,0.3359,-56.73,0.0317,-0.0491,-0.0807,-2.7,91,86,82,1106
Cool Caps,,COOLCAPS,Industrial Products,85,1965.2,0,238.49,238.49,12.06,12.06,71.81,36.14,58.99,96.2,142.29,8.08,0.77,5.09,6.88,160.41,162.95,98.15,4814.29,129.29,28.09,28.09,3.01,5.7,5.6,0.1166,4716.14,0,0,0,,12,12,12,1965
Coromandel Inter,506395,COROMANDEL,Fertilizers & Agrochemicals,2220.5,65487.23,0,24085.24,26398.71,1731.82,1986.02,4728.83,7432.83,6935.19,4988.39,7042.3,409.37,782.08,305.19,505.01,19.42,32.97,48.92,62.4,9914.05,2545.58,2909.27,736.92,1427.69,2463.61,0.2747,13.48,0.0961,0.1468,0.0507,2.2,2278,2612,2995,98752
Cosmo First,508814,COSMOFIRST,Industrial Products,898.5,2358.54,52.03,2895.1,3005.46,130.35,145.28,689.67,758.92,700.65,745.86,800.03,70.3,91.88,27.1,42.87,14.76,16.23,16,38.51,2356.05,258.87,288.71,33.02,245.22,166.37,0.0757,22.51,0.0381,0.1145,0.0764,1.4,162,180,201,3264
Career Point Edu,544499,CPEDU,Other Consumer Services,281.8,512.68,0,48.83,48.83,18.15,18.15,13.11,,,11.06,14.32,3.75,9.04,3.72,7.04,0.9,28.25,9.23,49.47,46.94,22.97,22.97,4.07,7.28,6.91,0.4734,40.24,0,0,0,,18,18,18,513
Aditya Infotech,544466,CPPLUS,Industrial Manufacturing,1391.2,16307.91,0,3111.87,3111.87,150.44,150.44,636.02,,,977.44,740.04,98.03,60.93,54.96,32.88,97.75,108.4,16.35,46.07,1032.4,227.57,227.57,56.82,-180.41,27.21,0.2008,29.72,0,0,0,,150,150,150,16308
Craftsman Auto,543276,CRAFTSMAN,Auto Components,6548,15620.64,6.94,5690.48,6323.29,212.35,230.94,1151.19,1213.95,1576.09,1749.25,1784,243.62,264.94,74.64,75.57,37.08,67.64,54.97,42.08,4176.79,511.99,550.15,81.7,513.31,283.33,0.0749,-12.89,0.1112,0.0875,-0.0237,7.7,251,273,297,20093
Creative Newtech,,CREATIVE,Commercial Services & Supplies,620.05,931.11,61.95,1782.55,1866.43,46.21,54.2,301.01,411.42,659.06,402.99,392.96,13.36,10.89,13.73,10.18,22.77,17.18,30.55,11.99,309.42,71.71,74.26,8.58,-28.18,21.86,0.2029,-18.56,0.0471,0.1729,0.1259,1,64,75,87,1502
CreditAcc. Gram.,541770,CREDITACC,Finance,1380.1,22068.22,0,5752.33,5703.19,531.4,193.94,1512.03,1453.29,1380.38,1406.63,1462.89,542.94,577.76,47.21,60.19,20.97,113.79,-3.25,-84.86,1879,2663.85,2174.67,230.36,-4733.89,1125.16,0.2258,-81.61,-0.0085,-0.635,-0.6265,-1.8,71,26,9,1073
Crest Ventures,511413,CREST,Finance,363.7,1034.72,0,204.31,190.03,88.51,65.55,77.36,35.38,43.98,47.56,63.11,20.22,42.42,7.73,25.4,13.17,15.79,-18.42,-48.44,536.52,131.87,107.95,22.45,-7.36,-15.25,0.164,-30.02,-0.0699,-0.2594,-0.1895,-0.6,49,36,27,420
CRISIL,500092,CRISIL,Finance,4684.2,34255.56,0,3259.78,3380.95,660.99,727.65,797.35,811.84,912.91,813.18,843.02,232,238.77,159.84,171.57,49.02,47.08,5.73,14.3,2213.91,899.24,989.13,208.66,780.33,765.06,0.4229,8.57,0.0372,0.1008,0.0637,4.7,801,882,971,45703
Crizac,544439,CRIZAC,Retailing,281.7,4929.26,0,849.49,849.49,152.43,152.43,161.36,,,340.59,209.54,64.79,60.48,49.94,45.81,38.07,32.34,29.86,10.36,323.66,201.68,201.68,70.53,101.36,187.27,0.6889,-19.5,0,0,0,,152,152,152,4930
Crompton Gr. Con,539876,CROMPTON,Consumer Durables,287.75,18528.65,0,7863.55,7724.2,555.95,526.51,2137.69,1896.01,1769.21,2060.64,1998.34,264.4,191.7,169.48,122.29,41.34,35.19,-6.52,-19.4,3342.89,804.19,761.1,201.79,843.41,737.41,0.2179,-12.88,-0.0177,-0.053,-0.0352,-6.6,499,472,447,15738
CSB Bank,542867,CSBBANK,Banks,389.8,6762.48,0,3597.14,3806.06,593.99,599.08,832.02,864.85,919.38,980.89,1040.94,484.69,576.34,190.44,118.6,10.1,11.29,25.11,4.66,3942.2,2920.75,3119.07,207.54,1782.98,-5255.52,0.2046,-20.45,0.0581,0.0086,-0.0495,13.2,604,609,615,6939
CSL Finance,530067,CSLFINANCE,Finance,285.35,650.1,0,215.51,223.43,72.23,74.92,51.09,54.06,53.39,56.53,59.45,43.18,46.14,18.98,21.32,12.45,8.68,16.36,15.31,93.48,162.07,168.7,25.6,-127.67,-172.24,1.0753,-1.05,0.0368,0.0372,0.0005,2.3,78,81,84,726
City Union Bank,532210,CUB,Banks,214.83,15919.95,0,5834.04,6050.74,1123.59,1165.06,1388.64,1433.95,1478.74,1532.72,1605.33,1044.14,1117.08,287.96,305.92,11.68,13.66,15.6,15.66,5744.59,4934.91,5117.95,298,436.2,1128.3,0.2547,0.06,0.0371,0.0369,-0.0002,3.7,1208,1253,1299,17743
Cube Highways,543899,CUBEINVIT,Transport Infrastructure,136,18279.35,0,3307.14,3522.98,-82.67,-39.13,791.95,854.77,877.91,846.02,944.28,540.27,671.9,-61.7,0.46,108.77,,19.23,-88.08,25729.24,983.14,1151.41,38.35,1869.95,2916.36,0,-107.31,0.0653,-0.5267,-0.5919,0,-60,-91,-139,0
Cummins India,500480,CUMMINSIND,Industrial Products,3966,109937.5,17.05,10390.69,10981.95,1995.16,2131.54,2315.56,2508.6,3096.15,2470.38,2906.82,525.23,623.5,529.5,594.21,42.64,51.58,25.53,28.45,6266.45,2602.45,2783.36,645.9,1285.34,1684.86,0.4432,2.92,0.0569,0.0684,0.0115,7.5,2277,2433,2599,134067
Cupid,530843,CUPID,Personal Products,246.26,6611.27,51.13,183.01,223.89,41.48,47.65,44.02,47.28,50.76,61.11,64.74,18.08,21.42,11.55,15.02,43.07,138.75,47.07,81.84,246.74,57.67,66.31,16.49,7.84,-11.14,0.2599,34.77,0.2234,0.1487,-0.0746,9.3,55,63,72,10022
Cybertech Sys.,532173,CYBERTECH,IT - Software,174.5,543.23,0,235.9,236.2,34.78,35.75,57.88,57.95,58.57,61.49,58.19,7.82,4.93,9.6,8.17,18.08,15.2,0.54,11.01,107.34,46.77,48.01,11.05,37.05,37.76,0.436,10.47,0.0013,0.0279,0.0266,5.5,37,38,39,590
Cyient,532175,CYIENT,IT - Services,1176.9,13073.84,71.43,7360.4,7396.5,612.73,625.6,1675.7,1849.1,1926.4,1909.2,1711.8,298.5,228.2,170.4,153.8,26.86,20.9,2.15,6.88,5617.6,963.4,977.4,250.3,726.1,789.9,0.1559,4.73,0.0049,0.021,0.0161,10,639,652,666,13916
Cyient DLM,543933,CYIENTDLM,Industrial Manufacturing,471.35,3740.84,0,1519.63,1540.18,68.08,64.94,257.89,389.45,444.24,428.06,278.43,57.41,25.06,31.04,7.46,83.74,57.6,7.96,-29.62,1099.4,129.28,125.79,29.88,-70.54,-62.39,0.0862,-37.58,0.0135,-0.0461,-0.0596,-12.5,62,59,56,3246
Dabur India,500096,DABUR,Personal Products,489.7,86857.61,0,12563.09,12618.56,1760.45,1781.42,3349.11,3028.59,3355.25,2830.14,3404.58,426.87,667.42,320.13,513.91,53.7,48.76,1.66,2.76,4285.15,2412.07,2443.53,505.68,2013.47,1986.75,0.5337,1.1,0.0044,0.0119,0.0075,40.9,1803,1824,1846,90003
Dalmia BharatLtd,542216,DALBHARAT,Cement & Cement Products,2227.7,41783.89,0,13980,13995,701.33,922.86,3621,3087,3181,4091,3636,793,883,435,380.86,40.58,45.28,0.41,70.69,18584,1241,1537,29,2635,2117,0.0512,70.28,0.0011,0.3159,0.3148,1.4,1214,1598,2103,95210
Dalmia Bharat,500097,DALMIASUG,Agricultural Food & other Products,368.35,2981.4,0,3745.73,3725.33,383.66,377.91,960.26,923.33,841.26,1017.87,942.87,194.45,85.59,206.32,38.37,11.64,7.89,-1.81,-29.89,3358.45,409.61,386.77,-7.19,-239.31,450.45,0.1104,-28.08,-0.0054,-0.015,-0.0095,-5.3,372,367,361,2850
Dam Capital Advi,544316,DAMCAPITAL,Capital Markets,249.34,1762.48,0,250.18,250.18,103.81,103.81,44.44,,103.98,36.61,30.85,13.19,6.03,8.5,0.23,16.39,16.98,-30.58,-98.96,261.35,139.5,139.5,32.31,-595.02,95.73,0.5208,-68.38,0,0,0,,104,104,104,1763
Danish Power,,DANISH,Electrical Equipment,832.15,1638.64,2.13,424.97,424.97,58.33,58.33,,,,163.38,261.58,30.38,51.03,20.73,37.61,30,28.09,,,286.51,84.48,84.48,20.51,25.71,-20.3,0.2752,0,0,0,0,,58,58,58,1638
Datamatics Glob.,532528,DATAMATICS,IT - Services,883.4,5227.69,0,1723.36,1796.93,161.91,182.94,393.99,406.75,425.47,497.15,467.56,74.54,75.93,44.98,50.38,17.89,28.58,18.67,9.4,1302.81,208.98,239.99,49.7,183.87,223.72,0.1786,-9.27,0.0427,0.1299,0.0872,2.2,207,234,264,7542
Data Pattern,543428,DATAPATTNS,Aerospace & Defense,2805.3,15705.18,15.06,708.35,703.6,215.03,214.52,104.08,91.02,117.04,396.21,99.33,149.49,32.08,114.08,25.5,72.28,73.21,-4.56,-22.23,1144.41,298.42,298.16,71.32,139.38,-89.88,0.2498,-17.67,-0.0067,-0.0024,0.0043,-308.7,214,214,213,15594
Davangere Sugar,543267,DAVANGERE,Diversified FMCG,3.67,524.81,0,214.99,193.49,10.94,11.3,45.57,39.33,73.18,56.91,24.07,9.68,11.39,1.94,1.3,160.76,46.44,-47.18,38.3,494.63,41.05,42.89,2.31,2.48,-4.57,0.0275,85.48,-0.1,0.0329,0.1329,14.1,12,12,12,578
D B Corp,533151,DBCORP,Media,267,4758.99,0,2339.11,2308.71,371.9,333.95,589.85,558.95,642.65,547.66,559.45,82.58,110.62,52.33,80.84,13.14,14.25,-5.15,-31.42,2361.6,524.55,474.26,121.61,578.65,414.32,0.1929,-26.27,-0.013,-0.102,-0.089,-1.4,300,269,242,3446
Deepak Builders,544276,DBEIL,Construction,166.75,776.74,0,579.14,583.29,56.75,57.53,105.11,121.82,130.55,224.32,106.6,22.68,26.31,11.2,14.99,9.86,13.5,1.42,5.49,463.08,109.28,104.58,20.88,-26.85,-131.25,0.1693,4.07,0.0072,0.0137,0.0066,9.8,58,59,60,809
Dilip Buildcon,540047,DBL,Construction,524.4,8518.61,0,11316.72,10802.91,470.15,458.35,3134.15,2496.78,2589.69,3096.1,2620.34,660.93,520.51,153.28,115.21,24.59,18.59,-16.39,-3.58,8283.05,1949.47,2189.05,208.9,1080.48,131,0.0806,12.81,-0.0454,-0.0251,0.0203,-7.4,447,436,425,7895
Dhampur Bio,543593,DBOL,Agricultural Food & other Products,81.56,541.46,0,1861.54,1920.07,15.74,-5.67,466.99,465.97,464.31,464.27,525.52,95.67,1.38,44.8,-22,19.94,,12.53,-18433.3,1302.66,84.25,51.42,3.98,-101.33,129.57,-0.0013,-18445.83,0.0314,-1.3602,-1.3917,0,-13,-32,-75,0
Valor Estate,533160,DBREALTY,Leisure Services,160.18,8636.98,0,1133.08,1785.97,-125.59,-127.18,6.79,79.05,329.5,537.09,840.33,-22.63,-29.94,-22.07,4.51,8.64,,12275.99,141.68,3847.62,-97.88,-124.96,5.91,236.7,540.45,-0.0315,-12134.31,0.5762,0.0127,-0.5635,0,-126,-124,-122,0
Dishman Carbogen,540701,DCAL,Pharmaceuticals & Biotechnology,293.9,4607.86,0,2711.5,2895.77,-18.28,118.79,523.78,789.04,682.34,716.34,708.05,152.69,140.68,54.84,24.78,167.22,38.79,35.18,134.32,7771.9,195.76,321.15,61.47,379.43,375.23,0.0232,99.14,0.068,-7.4984,-7.5663,-0.1,-772,-6560,-55751,-2162586
DCB Bank,532772,DCBBANK,Banks,130.15,4101.76,0,6470.59,6794.91,615.19,641.24,1489.25,1568.4,1671.05,1741.89,1813.57,1203.29,1208.76,177.07,157.26,7.38,6.4,21.78,19.72,3504.03,5192.45,5467.86,222.14,484.92,-441,0.2464,-2.06,0.0501,0.0423,-0.0078,1.5,668,697,726,4648
DC Infotech,543636,DCI,IT - Hardware,243.45,389.52,0,555.48,585.32,14.5,15.5,118.51,130.32,134.19,172.72,148.09,6.96,6.49,3.72,4.05,26.73,25.13,24.96,32.35,72.3,26.96,28.22,5.98,-7.61,-3.8,0.2971,7.39,0.0537,0.069,0.0152,3.6,17,18,19,476
DCM Shriram,523367,DCMSHRIRAM,Diversified,1197.6,18675.65,0,12077.35,12462.81,586.02,617.35,2876.45,2957.33,3366.81,2876.76,3261.91,405.23,303.51,178.91,113.38,27.84,30.25,13.4,13.04,9207.26,1034.86,1089.04,164.95,793.81,1127.82,0.085,-0.36,0.0319,0.0535,0.0215,5.7,650,685,722,21833
DCM Shriram Inds,523369,DCMSRIND,Agricultural Food & other Products,168,1461.47,26.9,2051.59,1996.25,100.8,86.98,553.93,533.08,492.98,471.6,498.59,48.28,43.59,23.7,16.87,14.29,16.8,-9.99,-46.21,972.62,190.6,169.85,47.77,76.64,151.79,0.1385,-36.22,-0.027,-0.1371,-0.1101,-1.2,75,65,56,939
DCW,500117,DCW,Chemicals & Petrochemicals,68.58,2024.17,0,2000.34,1976.32,30.03,34.94,499.52,488.74,474.17,537.91,475.5,55.86,53.73,11.38,11.39,45.58,57.93,-4.81,69.24,1378.88,116.2,122.34,9.94,252.09,190.75,0.0325,74.05,-0.012,0.1635,0.1755,3.5,41,47,55,3188
DCX Systems,543650,DCXINDIA,Aerospace & Defense,242.36,2699.56,0,1083.67,1167.75,38.88,39.99,138.08,195.62,200.01,549.96,222.16,10.22,0.27,20.7,4.06,40.51,67.51,60.89,38.1,1373.85,71.26,72.1,26.82,4.43,495.9,0.0486,-22.79,0.0776,0.0285,-0.049,23.6,41,42,44,2938
DDev Plastiks,543547,DDEVPLSTIK,Chemicals & Petrochemicals,315.95,3269.35,0,2603.32,2747.11,186.01,195.2,625.43,580.35,660.75,736.79,769.22,76.46,72.91,51.73,52.15,15.76,16.75,22.99,22.85,789.02,272.61,285.88,65.64,116.2,137.2,0.3306,-0.14,0.0552,0.0494,-0.0058,3.4,205,215,226,3779
Deccan Cements,502137,DECCANCE,Cement & Cement Products,998.6,1398.79,0,526.98,505.39,5.41,20.07,172.15,120.46,115.45,118.92,150.56,13.12,27.88,7.95,15.35,19.43,69.7,-12.54,446.26,1257.62,20.46,40.11,7.7,56.7,-37.63,0.0221,458.8,-0.041,2.7098,2.7508,0.3,74,276,1025,71422
DEE Development,544198,DEEDEV,Industrial Manufacturing,271.3,1875.45,39.39,827.36,866.15,43.84,53.64,184.97,194.02,162,286.37,223.76,63.52,35.87,31.51,13.2,43.93,34.96,20.97,313.79,856.71,100.64,107.04,12.61,102.92,-60.16,0.0773,292.82,0.0469,0.2235,0.1767,1.6,66,80,98,3435
Deepak Fertilis.,500645,DEEPAKFERT,Chemicals & Petrochemicals,1497,18897.8,0,10274.42,10651.84,916.63,981.21,2281.33,2746.72,2579.02,2667.35,2658.75,479.99,513.02,277.24,243.17,14.13,19.26,16.54,24.35,8193.14,1577.81,1654.83,320.41,731.79,1879.66,0.1589,7.81,0.0367,0.0705,0.0337,2.7,1050,1124,1204,23180
Deepak Nitrite,506401,DEEPAKNTR,Chemicals & Petrochemicals,1789.3,24404.81,16.41,8281.93,8004.97,680.46,606.89,2166.84,2032,1903.4,2179.69,1889.88,316.51,189.56,202.41,112.2,38.47,40.21,-12.78,-44.6,5975.02,960.62,862.56,195.94,874.06,624.7,0.1344,-31.82,-0.0334,-0.1081,-0.0747,-3.7,541,483,431,17313
Deep Industries,543288,DEEPINDS,Oil,486.95,3116.48,0,576.13,652.18,211.1,178.32,123.46,130.62,154.83,167.23,199.5,56.66,81.6,37.48,58.82,15.84,17.48,61.59,58.72,1795.05,229.53,253,37.1,254.61,209.95,0.12,-2.87,0.132,-0.1553,-0.2873,-1.1,151,127,107,1879
Delhivery,543529,DELHIVERY,Transport Services,464.85,34754.69,0,8931.9,9053.6,141.11,198.8,2172.3,2189.73,2378.3,2191.57,2294,119.08,141.26,72.56,91.05,456.04,174.82,5.6,53.05,5907.94,261.83,325.41,0.73,472.4,567.36,0.0338,47.45,0.0136,0.4088,0.3952,4.3,280,395,556,97181
Delta Corp,532848,DELTACORP,Leisure Services,79.33,2124.23,0,729.63,741.35,89.39,149.2,178.01,187.65,186.88,182.65,184.17,40.56,39.1,28.98,29.46,17.6,14.24,3.46,-12.92,1636.81,201.51,168.19,44.97,170.29,49.36,0.1186,-16.38,0.0161,0.6691,0.653,0.2,249,416,694,9879
Den Networks,533137,DEN,Entertainment,34.64,1653.1,0,1005.41,999.15,151.64,208.76,247.53,249.08,260.7,248.1,241.27,28.42,19.19,62.18,54.22,9.15,7.92,-2.53,19.11,1991.83,189.47,260.12,28.26,83.63,18.3,0.119,21.64,-0.0062,0.3767,0.3829,0.2,287,396,545,4314
DE Nora India,590031,DENORA,Industrial Products,805.35,427.64,8.43,68.58,97.79,2.21,2.06,12.76,18.13,17.56,20.13,41.97,3.83,2.44,3.34,3.25,39.55,207.59,228.92,12.85,52.56,1.06,3.2,3.8,16.06,3.13,0.1115,-216.07,0.4259,-0.0679,-0.4938,-30.6,2,2,2,346
Denta Water,544345,DENTA,Other Utilities,451.5,1205.51,0,203.29,221.07,52.8,58.29,49.49,48.29,51.35,54.15,67.28,16.51,22.46,13.72,18.55,11.19,20.68,35.95,41.06,403.31,72.29,78.69,19.83,27.29,-71.91,0.1937,5.11,0.0875,0.104,0.0165,2,64,71,78,1622
Vasa Denticity,,DENTALKART,Healthcare Equipment & Supplies,587.65,976.78,0,249.15,253.95,17.09,16.55,53.54,58.3,62.83,72.8,60.02,6.52,3.16,4.32,2.87,61.56,59.02,12.1,-16.08,128.58,23.29,22.59,6.1,-10.74,-4.57,0.1762,-28.18,0.0193,-0.0316,-0.0509,-18.7,16,16,15,887
Dev Accele.,544513,DEVX,Commercial Services & Supplies,50.3,453.64,0,158.88,158.88,1.74,1.74,24.91,,,65.4,55.63,31.31,26.39,2.1,0.13,204.46,260.71,123.32,102.18,247.5,47.25,47.25,1.71,7.56,93.75,0.0139,-21.14,0,0,0,,2,2,2,454
Devyani Intl.,543330,DEVYANI,Leisure Services,163.48,20139.71,0,4951.05,5086.12,5.83,-12.41,1221.9,1222.16,1294.4,1212.59,1356.97,185.77,205.88,-14.74,3.88,143.41,,11.05,-87.11,3986.69,284.01,253.81,16.91,766.37,900.22,0.0011,-98.16,0.0273,-3.1286,-3.1559,0,-51,-212,-873,0
Dhampur Sugar,500119,DHAMPURSUG,Agricultural Food & other Products,141.63,910.77,0,1956.52,1973.56,49.97,51.5,504.38,421.1,411.89,619.15,521.42,101.09,22.82,49.01,0.85,11.74,17.68,3.38,-45.51,1391.41,122.16,124.42,12.75,-52.55,200.69,0.0462,-48.89,0.0087,0.0306,0.0219,5.8,53,55,56,997
Dhanlaxmi Bank,532180,DHANBANK,Banks,26.04,1027.8,0,1319.88,1381.8,66.42,86.82,305.84,328.83,334.59,350.62,367.76,200.48,201.54,28.98,12.18,16.78,11.84,20.25,252.25,282.9,907.97,951.1,4.98,17.29,-4.79,0.3245,232,0.0469,0.3071,0.2602,0.4,113,148,194,2296
Dhani Services,532960,DHANI,Finance,61.06,3691.69,0,396.89,373.32,-56.8,33.91,107.37,102.63,94.91,89.85,85.93,-14.19,22.6,7.18,6.16,111.93,108.87,-19.97,107.46,1406.55,52.52,127.81,13.43,-231.11,98.43,0.0337,127.43,-0.0594,-1.597,-1.5376,-0.7,-20,-53,-137,-14865
Dhanuka Agritech,507717,DHANUKA,Fertilizers & Agrochemicals,1478.3,6737.84,0,2035.15,2035.15,291.81,291.81,368.31,493.58,654.28,445.27,442.02,75.56,109.74,55.04,75.5,21.17,23.09,20.01,27.92,1189.07,390.36,390.36,95.47,134.46,262.66,0.3257,7.91,0,0,0,,292,292,292,6738
Dharmaj Crop,543687,DHARMAJ,Fertilizers & Agrochemicals,306.05,1034.37,0,951.04,951.04,34.98,34.98,255.28,,,209.93,367.38,3.84,50.73,-2.45,32.59,31.62,29.57,43.91,116.26,460.01,58.86,58.86,6.26,7.39,38.68,0.0897,72.35,0,0,0,,35,35,35,1034
Dhunseri Invest.,533336,DHUNINV,Finance,1413,861.53,0,539.48,525.12,90.58,96.91,178.52,160.06,138.6,41.26,185.2,-122.73,94.56,-58.2,52.98,7.23,8.89,3.74,13.57,1065.27,227.32,257.97,31.63,133.44,65.11,0.1207,9.83,-0.0266,0.0699,0.0965,1.3,104,111,119,1055
Diamond Power,522163,DIACABS,Electrical Equipment,141.9,7477.72,0.16,1115.39,1193.35,34.5,38.04,223.86,250.3,307.42,333.81,301.82,13.75,30.91,7.66,20.11,221.8,196.58,34.83,20.78,1346.72,47.05,51.68,0.15,15.77,77.32,0.0284,-14.05,0.0699,0.1026,0.0327,19.2,42,46,51,10024
Prataap Snacks,540724,DIAMONDYD,Food Products,1015,2425.94,0.13,1707.7,1697.29,-8.66,-13.56,421.44,441.09,444.61,400.59,411,4.92,18.01,-11.94,0.69,47.77,,-2.48,-92.69,702.18,-10.64,-22.24,-2.04,126.7,26.09,-0.0222,-90.21,-0.0061,0.5658,0.5719,0,-6,-3,-1,0
DIC India,500089,DICIND,Chemicals & Petrochemicals,544.25,499.57,11.27,881.53,876.92,18.93,15.56,242.7,221.01,219.22,210.21,226.48,6.79,9.36,2.59,4.36,38.8,32.11,-6.68,-29.79,406.01,26.85,23.57,3.62,5.26,16.38,0.0472,-23.11,-0.0052,-0.178,-0.1728,-1.8,13,11,9,277
Diffusion Eng,544264,DIFFNKG,Industrial Products,374.35,1401.05,8.77,335.2,344.79,33.12,40.81,71.08,82.47,79.2,102.45,80.67,14.69,10.58,13.02,12.19,29.4,34.33,13.49,68.37,332.29,45.51,54.52,11.04,36.38,8.62,0.156,54.88,0.0286,0.2322,0.2036,1.5,50,62,76,2621
DigiSpice Tech.,517214,DIGISPICE,IT - Services,26.75,625,0,448.48,462.41,-0.21,4.13,109.83,108.86,112.98,116.81,123.76,0.7,6.4,0.65,6.93,57.98,151.37,12.68,95.37,197.4,15.56,19.08,6.68,41.76,11.6,0.0548,82.69,0.0311,-20.6667,-20.6977,-0.1,-81,-1760,-38130,-5771714
Digitide Solutio,544413,DIGITIDE,IT - Services,170.13,2534.08,0,2536.21,2536.21,119.62,119.62,696.01,,732.63,732.52,735.74,81.93,82.58,17.88,8.27,,21.18,5.71,-74.88,941.17,230.55,230.55,55.63,,234.38,0.1862,-80.59,0,0,0,,120,120,120,2534
Dish TV India,532839,DISHTV,Entertainment,4.91,904.07,0,1567.6,1441.67,-152.66,-245.26,455.29,395.62,373.03,343.66,329.36,97.32,72.84,-66.81,-94.53,14.3,,-27.66,-5959.62,-3484.18,115.99,23.49,2.72,676.39,409.98,0.0696,-5931.96,-0.0803,0.6066,0.6869,0,-96,-38,-15,0
Divgi Torq,543812,DIVGIITTS,Auto Components,637.5,1949.66,0,218.92,236.37,24.37,27.36,54.23,53.96,52.51,58.22,71.68,8.66,14,5.35,8.93,56.24,71.26,32.18,49.83,599.18,33.58,37.41,8.44,32.46,35.21,0.0597,17.65,0.0797,0.1227,0.043,5.8,31,34,39,2759
Divi's Lab.,532488,DIVISLAB,Pharmaceuticals & Biotechnology,6474.5,171877.6,88.17,9360,9652,2190.27,2306,2118,2338,2319,2585,2410,886,729,662,545,71.69,74.53,13.79,26.74,15093,2918,3050,811,1261,1653,0.2065,12.95,0.0312,0.0528,0.0216,14.1,2428,2556,2691,200574
Dixon Technolog.,540699,DIXON,Consumer Durables,17445,105566.1,4.48,38860.1,45115.96,772.92,858.11,6579.8,11534.08,10453.68,10292.54,12835.66,442.79,482.37,226.6,224.97,118,123.02,95.08,68.29,3529.65,1268.81,1453.27,294.75,584.31,1149.75,0.3266,-26.79,0.161,0.1102,-0.0508,11.2,953,1058,1174,144459
DJ Mediaprint,543193,DJML,Transport Services,96.69,318.86,0,78.07,84.59,6.55,7,14.99,18.95,20.42,23.7,21.52,5.32,4.13,2.28,1.66,55.26,45.55,43.56,37.19,58.32,10.67,11.29,2.32,11.23,-6.58,0.1598,-6.37,0.0835,0.0687,-0.0148,6.6,7,8,9,389
DLF,532868,DLF,Realty,740.2,183222.6,0,7993.66,9348.01,4657.55,4233.72,1362.35,1975.02,1528.71,3127.58,2716.7,977.99,364.16,1282.2,762.67,57.04,43.28,99.41,18.13,21404.02,2959.7,2995.27,722.05,2538.81,5235.22,0.2315,-81.28,0.1694,-0.091,-0.2604,-4.8,3848,3498,3180,137627
D-Link India,533146,DLINKINDIA,IT - Hardware,474.7,1685.42,0.14,1383.86,1388.23,97.04,105.03,345.8,336.91,331.4,369.76,350.16,32.46,29.35,27.43,24.38,14.37,16.05,1.26,3.26,294.99,130.73,141.54,34.46,120.54,89.96,0.4729,2,0.0032,0.0823,0.0792,1.9,114,123,133,2137
Avenue Super.,540376,DMART,Retailing,4320.4,281142.7,0,59358.05,63880.41,2697.41,2732.6,14444.5,15972.55,14871.86,16359.7,16676.3,1299.04,1213.65,772.97,685.01,102.48,102.88,15.45,3.86,21484.6,3727.54,3819.04,965.14,2745.84,2462.97,0.1721,-11.59,0.0762,0.013,-0.0631,78.9,2768,2804,2841,292277
DMCC Speciality,506405,DMCC,Chemicals & Petrochemicals,307.55,767.03,19.05,431.23,472.94,21.75,27.9,85.32,102.7,118.03,125.19,127.02,15.12,16.88,6.47,7.75,66.15,27.49,48.87,457.55,259.17,41.96,49.83,6.92,38.27,38,0.1344,408.68,0.0967,0.2828,0.186,1,36,46,59,1619
Dodla Dairy,543306,DODLA,Food Products,1310.6,7906.56,10.2,3720.07,3815.33,252.3,257.79,911.6,997.62,901.22,909.62,1006.87,83.53,82.52,67.97,62.87,31.56,30.67,10.45,-3.31,806.88,349.55,347.31,90.13,-0.71,519.79,0.4312,-13.76,0.0256,0.0218,-0.0038,14.1,263,269,275,8434
Dolat Algotech,505526,DOLATALGO,Capital Markets,78.9,1388.64,0,529.9,488.78,215.44,182.57,151.73,145.56,118.71,113.91,110.6,68.6,64.98,39.67,38.81,8.22,7.61,-27.11,-45.86,580.39,345.42,300.83,73.02,24.46,-26.83,0.4404,-18.75,-0.0776,-0.1526,-0.075,-0.5,155,131,111,846
Dollar Industrie,541403,DOLLAR,Textiles & Apparels,362.3,2054.83,3.9,1682.19,1744.06,87.39,94.02,321.98,445.83,377.81,536.57,383.85,53.48,40.2,28.52,19.62,31.97,21.86,19.22,44.8,880.18,143.22,150.31,32.93,-6.33,86.42,0.1442,25.58,0.0368,0.0759,0.0391,2.9,101,109,117,2559
Dolphin Offshore,522261,DOLPHIN,Oil,382.95,1531.98,0,74.02,82.11,46.15,50.26,8.34,16.73,28.5,20.44,16.44,11.34,15.62,10.45,11.33,100.32,30.48,97.12,50.07,404.94,48.44,54.09,-0.7,3.53,10.47,0.1224,-47.05,0.1093,0.0891,-0.0202,3.4,55,60,65,1979
Doms Industries,544045,DOMS,Household Products,2553.4,15495.97,14.29,1912.63,2029.89,202.55,207.78,445.01,457.77,501.11,508.73,562.28,88.26,98.74,48.44,57.28,73.4,74.58,26.35,10.49,1182.61,302.16,307.53,77.89,182.49,183.33,0.2416,-15.86,0.0613,0.0258,-0.0355,28.9,213,219,224,16728
Donear Inds.,512519,DONEAR,Textiles & Apparels,92.82,482.66,0,913.7,911.02,31.89,31.91,199,209.87,247.17,257.66,196.32,13.32,21.18,1.62,8.81,15.62,15.13,-1.35,0.23,247.54,78.82,76.44,13.81,70.67,-0.54,0.1847,1.58,-0.0029,0.0006,0.0036,241.2,32,32,32,484
D.P. Abhushan,544161,DPABHUSHAN,Consumer Durables,1427,3257.54,0,3306.97,3346.47,112.7,124.04,504.69,1004.72,1084.14,717.24,540.37,41.99,54.3,25.15,36.42,29.46,26.26,7.07,45.22,422.08,168.12,181.35,42.82,-0.28,-18.93,0.3953,38.15,0.0119,0.1006,0.0887,2.6,137,150,165,4343
Divine Power,,DPEL,Industrial Products,279.2,697.03,0,341.67,341.67,9.17,9.17,119.45,,,144.02,197.65,9.39,10.24,4.5,4.65,30.98,76.01,65.47,10.19,39.65,18.75,18.75,3.72,-2.82,-18.53,0.3251,-55.28,0,0,0,,9,9,9,697
India Power Corp,,DPSCLTD,Power,11.9,1158.81,0,620.37,612.37,7.03,6.98,171.67,152.92,159.06,136.72,163.67,-91.75,5.77,-1.87,3.05,97.66,166.02,-4.66,-1.61,937.58,35.86,32.51,6.63,84.65,78.85,0.0145,3.05,-0.0129,-0.0071,0.0058,-233.4,7,7,7,1134
D P Wires,543962,DPWIRES,Industrial Products,235.7,365.35,3.11,620.93,563.61,22.2,18.62,183.46,145.09,154.56,137.82,126.14,4.98,3.83,4.04,3.6,18.05,19.62,-31.24,-49.93,121.2,31.42,26.77,6.79,23.56,51.78,0.2097,-18.69,-0.0923,-0.1613,-0.0689,-1.2,16,13,11,216
Dreamfolks Servi,543591,DREAMFOLKS,Transport Infrastructure,126.35,673.06,0,1291.88,1320.04,65.14,69.52,320.8,316.86,340.07,314.16,348.95,20.03,26.94,14.94,21.28,35.82,9.68,8.77,23.79,208.27,93.31,98.67,26.49,21.89,57.42,0.461,15.02,0.0218,0.0672,0.0454,1.4,74,79,85,818
Dredging Corpn.,523618,DREDGECORP,Engineering Services,616.4,1725.92,0,1142.14,1233.59,-45.51,-37.14,150.8,204.5,324.44,462.41,242.24,76.68,46.91,24.06,-23.33,38.41,,60.64,25.7,1913.63,-6.04,41.51,1.09,190.7,111.95,-0.0188,-34.94,0.0801,-0.1839,-0.264,0,-44,-52,-62,0
Dr Reddy's Labs,500124,DRREDDY,Pharmaceuticals & Biotechnology,1264.4,105528.6,0,32643.9,33519.9,5549.67,5680.8,7696.1,8038.2,8381.2,8528.4,8572.1,1997.9,2173.6,1593.3,1418.1,19.46,18.58,11.38,1.85,29345.6,7811.2,8007.9,2762.7,4543.3,4642.8,0.2877,-9.53,0.0268,0.0236,-0.0032,7.9,5815,5952,6093,113209
Dynacons Sys.,532365,DSSL,IT - Services,951.1,1210.31,0.78,1266.83,1274.55,72.41,74.35,320.97,306.33,308.92,330.61,328.69,29.45,31.73,18.17,19.61,19.53,16.28,2.41,10.92,202.55,110.28,115.47,25.25,29.04,64.11,0.4917,8.51,0.0061,0.0268,0.0207,6.1,76,78,80,1310
Dhunseri Vent.,523736,DVL,Diversified,352.8,1235.51,0,527.61,595.38,144.16,145.44,161.28,148.3,126.37,147.23,173.48,-107.77,83.47,-87.03,71.26,4.86,8.49,7.56,1.83,951.25,226.73,258.18,28.02,-7.03,-378.33,0.1823,-5.73,0.1284,0.0089,-0.1196,9.6,147,148,149,1268
Dwarikesh Sugar,532610,DWARKESH,Agricultural Food & other Products,44.73,828.85,0,1358.88,1423.1,23.32,23.68,341.25,246.06,312.72,458.85,405.47,106.98,3.92,46.33,-9.38,16.08,35,18.82,3.6,976.03,70.95,72.76,9.6,13.37,60.68,0.0341,-15.22,0.0473,0.0154,-0.0318,22.7,24,24,25,868
Dynamic Cables,540795,DYCL,Industrial Products,398.65,1931.8,0,1025.37,1078.87,64.86,71.42,208.55,234.15,251.5,331.18,262.04,34.2,26.94,23.56,18.21,28.27,27.05,25.65,56.98,324.73,101.01,107.41,23.31,1.26,56.32,0.2917,31.33,0.0522,0.1011,0.049,2.7,79,87,95,2579
Dynamatic Tech.,505242,DYNAMATECH,Industrial Manufacturing,7797,5295.29,74.97,1403.8,1428.45,43.04,42.42,346.28,361.42,315.43,380.67,370.93,37.94,37.78,16.09,10.77,70.15,124.83,7.12,-5.44,1006.79,113.83,115.49,17.23,97.34,144.33,0.0592,-12.56,0.0176,-0.0144,-0.032,-86.7,42,41,41,5070
Dynemic Products,532707,DYNPRO,Chemicals & Petrochemicals,321.7,399.82,0,367.52,381.91,15.02,17.03,80.05,97.85,95.54,94.09,94.43,12.45,12.77,3.94,4.81,59.33,23.48,17.96,73.02,226.2,31.9,34.56,0.69,30.26,28.43,0.0783,55.06,0.0392,0.1338,0.0947,1.8,19,22,25,583
E2E Networks,,E2E,IT - Services,3407.8,6849.98,33.69,163.96,158.74,47.46,34.51,41.33,47.55,41.6,33.48,36.11,13.34,10.51,13.61,-2.84,70.86,198.49,-12.63,-128.01,1660.63,75.97,57.18,-0.89,42.86,88.47,0.0202,-115.38,-0.0318,-0.2729,-0.241,-7.3,25,18,13,2634
Easy Trip Plann.,543272,EASEMYTRIP,Leisure Services,8.05,2927.67,0,587.32,548.51,107.35,76.19,152.6,144.67,150.57,139.48,113.79,13.52,0.32,15.36,1.32,47.83,38.43,-25.43,-95.94,653.29,148.75,103.14,26.74,124.11,111.82,0.1576,-70.51,-0.0661,-0.2903,-0.2242,-1.3,54,38,27,1047
GNG Electronics,544455,EBGNG,IT - Hardware,335.2,3821.67,75.53,1411.11,1411.11,68.83,68.83,255.32,,,455.77,312.28,27.85,32.32,14.75,18.52,48.56,55.52,22.31,52.43,302.37,116.69,116.69,8.32,97.46,24.53,0.2552,30.12,0,0,0,,69,69,69,3821
eClerx Services,532927,ECLERX,Commercial Services & Supplies,4084.1,20022.45,100,3365.87,3518.51,519.09,571.16,781.92,831.84,853.82,898.29,934.56,218.58,220.53,152.16,141.68,23.48,35.06,19.52,26.94,2254.67,724.62,795.54,196.33,525.89,654.62,0.3404,7.42,0.0453,0.1003,0.055,3.5,628,691,761,26676
Ecos (India),544239,ECOSMOBLTY,Transport Services,227.77,1366.62,0,616.38,660.01,55.57,57.81,144.06,155.28,155.46,171.63,177.64,26.37,21.85,17.97,13.26,26,23.64,23.31,0.08,135.28,75.24,78.2,19.01,65,75.19,0.5679,-23.23,0.0708,0.0403,-0.0305,5.9,60,63,65,1539
Edelweiss.Fin.,532922,EDELWEISS,Finance,111.07,10508.22,0,9414.77,9212.58,398.83,406.71,2293.39,2831.74,1849.68,2285.51,2245.65,732.1,796.54,105.34,66.77,17.78,25.84,-2.08,13.38,-7312.39,3338.66,3329.3,444.4,2893.58,2051.75,-0.1164,15.46,-0.0215,0.0198,0.0412,13.1,415,423,431,11145
E Factor Experie,,EFACTOR,Other Consumer Services,280,366.47,0,171.55,171.55,19.38,19.38,127.31,,,18.14,153.41,0.51,26.17,0.25,19.92,18.72,18.91,20.5,36.16,68.62,26.72,26.72,6.94,0.13,-17.5,0.3836,15.66,0,0,0,,19,19,19,366
EFC (I),512008,EFCIL,Commercial Services & Supplies,314.2,3127.97,0,656.74,774.31,112.82,132.09,102.05,166.44,177.24,211.01,219.62,109.31,102.16,30.81,34.41,39.38,23.68,115.21,127.43,850.62,245.53,296.33,34.41,10.54,133.68,0.1957,12.22,0.179,0.1708,-0.0082,1.4,155,181,212,5020
Effwa Infra,,EFFWA,Other Utilities,221.2,512.02,0,185.12,185.12,20.11,20.11,112.15,,,60.86,124.26,7.3,22.72,4.76,15.35,26.34,25.46,10.8,22.31,97.92,29.79,29.79,7.13,5.12,-31.24,0.2782,11.51,0,0,0,,20,20,20,512
Eicher Motors,505200,EICHERMOT,Automobiles,6965,191034.6,0,18870.35,19519.14,4740.59,4838.2,4393.05,4263.07,4973.12,5241.11,5041.84,1257.69,1202.78,1362.15,1205.22,31.97,39.48,14.77,9.42,5805.77,5995.12,6141.99,1153.02,3723.71,3979.92,1.0319,-5.35,0.0344,0.0206,-0.0138,19.2,4938,5039,5143,203056
EID Parry,500125,EIDPARRY,Food Products,1026.5,18257.47,0,31608.61,33585.5,715.11,898.04,6746.79,9330.35,8720.35,6811.12,8723.68,513.39,805.33,151.26,246.28,12.78,20.33,29.3,169.66,11430.72,2370.85,2788.42,741.87,1974.26,1936.39,0.1435,140.36,0.0625,0.2558,0.1933,0.8,1128,1416,1779,36158
Enviro Infra,544290,EIEL,Other Utilities,248.82,4367.54,0,1066.06,1094.3,176.21,191.04,205.18,213.01,247.45,392.92,240.92,99.43,64.22,73.24,45.52,25.52,22.86,17.42,47.89,886.1,277.62,295.38,64.35,-102.17,-46.6,0.2882,30.47,0.0265,0.0842,0.0577,2.7,207,225,243,5565
Euro India Fresh,,EIFFL,Food Products,232.69,577.07,1.68,143.74,146.65,5.6,5.44,28.25,32.72,47.78,34.98,31.17,4.95,2.22,2.58,0.33,201.09,106.08,10.34,-32.65,82.07,10.91,10.99,1.83,9.62,8.66,0.0886,-42.99,0.0202,-0.0286,-0.0488,-37.1,5,5,5,529
EIH Assoc.Hotels,523127,EIHAHOTELS,Leisure Services,382.25,2329.29,0,408.24,412.5,96.16,98.92,64.48,70.84,133.01,139.91,68.74,60.56,8.98,46.28,7.16,27.22,23.55,6.61,100,356.87,129.49,132.67,29.08,77.53,108.75,0.3587,93.39,0.0104,0.0287,0.0183,8.2,102,105,108,2536
EIH,500840,EIHOTEL,Leisure Services,385.65,24117.17,0,2743.15,2790.19,767.75,785.43,526.54,588.99,800.17,827.45,573.58,350.8,159.81,268.7,119.42,37.23,30.71,8.93,27.48,4190.08,1088.68,1107.9,202.02,711.67,825.08,0.2357,18.55,0.0171,0.023,0.0059,13.3,804,822,841,25826
Eimco Elecon(I),523708,EIMCOELECO,Industrial Manufacturing,1938.8,1118.69,0.18,246.47,210.94,48.26,40.89,66.63,45.84,64.29,67.57,33.24,12.31,5.22,14.48,5.35,23.98,27.36,-50.11,-59.04,241.2,65.29,53.83,11.67,11.59,33.28,0.2179,-8.93,-0.1442,-0.1527,-0.0086,-1.8,35,29,25,680
Everest Kanto,532684,EKC,Industrial Manufacturing,140.77,1579.55,0,1499.21,1543.28,102.86,116,342.8,367.28,367.01,422.11,386.88,37.92,61.31,17.8,41.63,14.37,13.62,12.86,48.41,1176.45,146.81,165.55,35.21,226.4,58.01,0.1285,35.55,0.0294,0.1277,0.0984,1.1,131,148,166,2266
Eldeco Housing,523329,ELDEHSG,Realty,800.35,786.98,0,133.35,133.45,21.51,16.65,29.18,33.38,34.66,36.72,28.69,5.72,3.21,3.24,3.13,22.97,47.27,-1.68,-60.83,413.22,34.8,28.57,7.93,-127.75,-6.94,0.0595,-59.15,0.0007,-0.2259,-0.2267,-2.1,13,10,8,365
Elecon Engg.Co,505700,ELECON,Electrical Equipment,556.85,12495.71,0,2226.96,2395.16,413.68,449.26,508.14,528.89,797.57,490.57,578.13,130.3,125.64,107.52,87.72,33.07,27.81,13.77,0,2284.2,548.45,592.32,135.85,364.81,432.3,0.2562,-13.77,0.0755,0.086,0.0105,3.2,488,530,575,16003
Electrost.Cast.,500128,ELECTCAST,Industrial Products,93.89,5804.14,23.32,7319.97,6865.75,716.48,572.68,2011.9,1827.8,1779.58,1700.68,1557.69,159.6,170.24,168.31,89.05,10.82,10.14,-22.58,-60.59,6131.05,1026.09,828.55,173.74,802.9,480.45,0.1217,-38.01,-0.0621,-0.2007,-0.1387,-0.5,458,366,292,2965
Electrotherm(I),526608,ELECTHERM,Industrial Products,1161.25,1479.76,5.53,4115.37,3890.04,321.55,241.19,1059.38,813.68,1081.23,1161.08,834.05,64.46,51.76,78.72,27.75,3.21,6.14,-21.27,-74.5,123.69,334.68,254.83,0,351.34,328.68,1.95,-53.23,-0.0548,-0.2499,-0.1952,-0.2,181,136,102,625
Elgi Equipments,522074,ELGIEQUIP,Industrial Products,483.85,15333.64,0,3510.4,3576.05,348.67,362.9,801.1,868.86,847.59,992.9,866.7,149.9,121.1,102,85.6,50.56,42.25,8.19,17.58,1804.4,514,528.49,145.21,284.9,390.9,0.2816,9.39,0.0187,0.0408,0.0221,10.4,378,393,409,17287
Elgi Rubber Co,,ELGIRUBCO,Industrial Products,64.72,324.25,0,383.92,372.96,-22.56,-27.97,96.54,98.68,91.48,97.22,85.58,-14.56,1.59,-18.77,-1.51,102.82,,-11.35,-128.22,193.82,2.24,-1.57,1.57,6.02,-8.09,-0.1362,-116.87,-0.0285,0.2398,0.2684,0,-21,-16,-12,0
Elin Electronics,543725,ELIN,Consumer Durables,203.07,1008.43,0.31,1180.21,1182.11,22.71,32.79,293.58,304.56,266.32,315.75,295.48,20.25,17.56,17.22,9.39,42.98,30.75,0.65,58.61,472.05,37.43,50.88,7.29,42.67,16.74,0.0849,57.96,0.0016,0.4439,0.4422,0.7,47,68,99,3035
Ellen.Indl.Gas,544421,ELLEN,Chemicals & Petrochemicals,445.5,6278.68,0,312.48,312.48,80.22,80.22,67.29,,,82.47,83.63,24.6,30.7,18.25,18.71,86.43,78.27,24.28,15.57,358.69,121.09,121.09,19.33,43.75,4.28,0.2775,-8.71,0,0,0,,80,80,80,6279
Emami,531162,EMAMILTD,Personal Products,542.4,23675.76,0,3809.19,3807.21,775.76,818.08,906.07,890.59,1049.48,963.05,904.09,218.85,212.11,162.17,164.26,31.4,28.94,-0.22,7.61,1529.63,864.83,911.96,92.91,779.01,895.86,0.5956,7.83,-0.0005,0.0546,0.0551,5.3,863,910,959,27765
Emami Paper,533208,EMAMIPAP,"Paper, Forest & Jute Products",100.77,609.66,0,1928.04,1884.11,25,19.52,503.69,495.09,454.31,474.95,459.76,31.11,37.68,3.92,6.31,10.7,31.23,-8.72,-50.7,1086.27,93.28,89.53,5.76,351.34,43.78,0.0233,-41.98,-0.0228,-0.2192,-0.1964,-1.4,15,12,9,290
Emami Realty Ltd,533218,EMAMIREAL,Realty,101.2,443.6,0,82.31,82.89,-127.11,-163.22,5.43,6,57.22,13.66,6.01,-69.54,-40.71,-79.68,-50.8,18.38,,10.68,-267.58,583.88,-34.81,-75.65,-0.05,-35.95,-75.4,-0.2796,-278.26,0.007,0.2841,0.277,0,-117,-84,-60,0
Embassy Off.REIT,542602,EMBASSY,Realty,427.04,40478.85,0,4126.62,4204.04,1622.72,1600.85,934.15,1025.81,1032.62,1085.82,1059.79,309.94,820.96,-242.88,155.17,39.72,25.29,13.45,-13.2,37465.84,1508.62,1591.47,182.11,2590.9,3079.32,0.0476,-26.65,0.0188,-0.0135,-0.0322,-18.8,1579,1558,1537,38871
Embassy Develop,532832,EMBDL,Realty,95.07,13036.27,0,2179.93,2141.49,99.57,-7.43,489.86,245.97,325.29,889.31,680.92,8.23,-10.76,155.55,-165.85,741.33,,39,-235.4,12095.06,331.4,424.2,35.14,-97.28,1460.87,0.0023,-274.4,-0.0176,-1.0746,-1.057,0,-15,-32,-66,0
Emcure Pharma,544210,EMCURE,Pharmaceuticals & Biotechnology,1423.2,26970.83,53.66,7896,8181.4,684.63,753.02,1815.14,2001.98,1962.63,2116.25,2100.54,402.41,416.77,195.41,209.32,38.39,35.82,15.72,45.28,5185.68,1152.03,1212.36,316.3,1097.24,851.71,0.2062,29.56,0.0361,0.0999,0.0637,3.6,828,911,1002,35891
Electronics Mart,543626,EMIL,Retailing,144.07,5543.08,0,6964.83,6674.56,160.62,109.48,1926.67,1386.1,1884.84,1664.23,1739.39,107.46,110.05,26.66,26.73,35.53,50.63,-9.72,-65.25,2518.92,333.78,275.23,43.66,159.83,175.79,0.0608,-55.53,-0.0417,-0.3184,-0.2767,-1.6,75,51,35,1755
Emk.Global Fin.,532737,EMKAY,Capital Markets,333.2,853.18,0,360.43,329.33,56.84,47.76,82.69,108.02,77.3,71.04,72.97,0.11,5.83,8.49,4.78,12.41,17.86,-11.75,-65.54,312.97,67.7,56.49,11.92,24.05,-2.09,0.1907,-53.79,-0.0863,-0.1597,-0.0735,-1.1,40,34,28,506
EMS,543983,EMSLIMITED,Other Utilities,549.8,3053.08,0,965.83,987.49,183.54,184.63,206.28,233.47,245.29,269.84,238.89,64.84,54.11,46.6,37.88,19.72,16.54,15.81,2.05,753.27,260.37,257.78,65.98,-115.92,33.54,0.3327,-13.76,0.0224,0.0059,-0.0165,27.9,186,187,188,3109
eMudhra,543533,EMUDHRA,IT - Services,665.4,5510.29,0,519.39,574.25,84.65,91.67,92.44,141.22,138.85,146.88,147.3,34.78,34.68,23.89,24.88,65.55,60.11,59.35,39.38,685.79,108.56,115.89,20.75,72.52,101.62,0.1639,-19.97,0.1056,0.0829,-0.0227,7.2,99,108,116,6998
Endurance Tech.,540153,ENDURANCE,Auto Components,2888.8,40634.68,24.49,11560.81,12054.2,782.35,849.36,2825.5,2912.66,2859.16,2963.49,3318.89,422.45,443.87,235.64,226.35,42.94,47.84,17.46,11.03,5465.28,1070.66,1165.22,257.09,1057.09,1531.69,0.2025,-6.43,0.0427,0.0857,0.043,5.6,922,1001,1087,51994
Engineers India,532178,ENGINERSIN,Construction,202.89,11403.28,0,3087.59,3334.12,569.53,553.57,623.83,688.94,764.59,1010.23,870.36,300.96,72.09,279.81,65.4,21.93,20.6,39.52,-28.6,809.97,621.61,650.82,140.89,221.96,109.23,0.8574,-68.12,0.0798,-0.028,-0.1079,-7.4,538,523,508,10471
Ent.Network,532700,ENIL,Entertainment,147.41,702.71,0,544.15,547.6,6.35,11.64,113.5,113.54,158.9,158.21,116.95,29.44,7.57,12.06,-5.39,59.76,60.37,3.04,2,446.5,24.61,31.69,3.45,127.41,25.54,0.0338,-1.04,0.0063,0.8331,0.8267,0.7,21,39,72,4328
Siemens Ener.Ind,544390,ENRIN,Electrical Equipment,3235.5,115222.8,0,2653.4,2653.4,408.73,408.73,1484.2,,1516.9,1879.5,1784.6,358.5,340.3,246.1,262.7,,281.9,20.24,80.18,4185,557.1,557.1,145.6,,102.9,0.1325,59.94,0,0,0,,409,409,409,115221
Entero Healthcar,544122,ENTERO,Retailing,1123,4886.05,0,5095.78,5402.57,94.66,102.55,1097.04,1300.69,1359,1339.06,1403.82,48.92,50.06,25.69,27.8,64.97,47.65,27.96,38.45,1732.69,180.12,190.39,27.57,-36.61,-76.87,0.0751,10.49,0.0602,0.0834,0.0231,5.7,111,120,130,6213
Epack Durable,544095,EPACK,Consumer Durables,353.75,3394.86,0,2170.87,2059.58,58.26,58.54,773.68,377.1,376.84,643.25,662.39,72.14,54.67,39.44,23.86,61.59,57.99,-14.38,1.32,783.74,131.47,132.98,16.49,256.98,31.13,0.0957,15.7,-0.0513,0.0048,0.0561,120.7,59,59,59,3444
EPack PrefabTech,544540,EPACKPEB,Industrial Manufacturing,193.75,1946.26,0.22,1133.92,1133.92,59.37,59.37,,,,,,,,,,24.89,32.78,,,488.25,105.2,105.2,20.05,71.65,62.29,0.1627,0,0,0,0,,59,59,59,1946
Epigral,543332,EPIGRAL,Chemicals & Petrochemicals,1715.9,7402.62,6.63,2550.13,2505.47,352.12,431.1,651.2,626.06,645.24,627.63,606.54,173.38,163.39,86.62,160.41,20.5,17.17,-6.86,86.5,2507.81,586.44,578.12,100.39,397.69,440.56,0.2119,93.36,-0.0175,0.2243,0.2418,0.8,528,646,791,13583
EPL Ltd,500135,EPL,Industrial Products,212.27,6793.68,0,4213.3,4313.8,361.71,398.13,1007.4,1086.2,1014.3,1105.4,1107.9,228,226.8,117.63,100,25.41,17.06,9.98,55.76,2600.6,538.8,575.8,70,586.5,795.1,0.18,45.78,0.0239,0.1007,0.0768,1.7,438,482,531,9057
Equitas Sma. Fin,543243,EQUITASBNK,Banks,56.16,6405.14,0,6311.73,6459.63,146.59,-102.47,1500.95,1554.87,1611.93,1643.97,1648.86,642.39,273.95,42.11,-223.76,15.86,,9.85,-968.63,5584.88,3258.5,3089.38,-31.92,3833.54,1936.82,-0.0241,-978.48,0.0234,-1.699,-1.7225,0,-277,-746,-2015,0
ERIS Lifescience,540596,ERIS,Pharmaceuticals & Biotechnology,1596,21739.68,8.35,2893.64,2946.92,350.35,387.18,719.72,741.17,727.45,705.3,773,252.39,276.71,93.84,117.99,32.04,56.15,7.4,41.63,5210.09,718.08,755.04,142.81,486.01,1065.01,0.1017,34.23,0.0184,0.1051,0.0867,5.3,428,473,523,29342
Esab India,500133,ESABINDIA,Industrial Products,4916.1,7567.36,14.02,1373.47,1395.88,174.64,171.91,329.61,338.65,337.49,367.72,352.02,65.75,59.15,47.43,40.94,51.89,44.02,6.8,-7.9,323.37,236.64,233.21,62.6,141.03,200.08,0.7252,-14.7,0.0163,-0.0156,-0.0319,-28.2,169,167,164,7218
ESAF Small Fin,544020,ESAFSFB,Banks,29.13,1501.69,0,3862.22,3666.61,-521.48,-607.38,1022.34,996.43,949.89,892.06,828.23,72.09,146.02,-183.19,-81.22,6.77,,-18.99,-229.39,2389.93,1117.63,997.86,-221.71,1000.93,3176.32,-0.3469,-210.4,-0.0506,0.1647,0.2154,0,-507,-424,-354,0
Esconet,,ESCONET,IT - Hardware,256.35,338.29,0,225.1,225.1,6.89,6.89,66.2,,,104.6,120.5,3.42,4.38,2.2,4.69,45.75,49.1,82.02,108.44,64.03,9.94,9.94,2.31,-1.85,0.05,0.1437,26.42,0,0,0,,7,7,7,338
Escorts Kubota,500495,ESCORTS,"Agricultural, Commercial & Construction Vehicles",3638.1,40702.25,0,10243.88,10170.2,1264.71,1173.94,2573.73,2277.25,2948.02,2444.88,2500.05,287.25,321.4,273.67,312.17,39.41,34.67,-2.86,18.1,4027.1,1379.9,1441.06,287.07,788.6,1003.19,0.3628,20.96,-0.0072,-0.0718,-0.0646,-4.8,1090,1011,939,32551
Essen Speciality,,ESFL,Consumer Durables,262.4,651.78,69.71,173,179.62,11.67,10.19,34.55,46.31,47.44,44.71,41.16,-4.25,3.52,-4.54,1.78,24.8,63.96,19.13,-33.58,150.13,18.05,16.22,4.56,-2.87,-12.49,0.0982,-52.71,0.0383,-0.1268,-0.1651,-5,9,8,7,434
Essar Shipping,533704,ESSARSHPNG,Transport Services,30.06,622.17,0,10.26,9.41,-5.49,142.12,2.54,147.81,3.07,-143.16,1.69,-30.39,-4.72,7.49,27.36,6.72,4.38,-33.46,209.4,-978.48,91.55,228.32,0,-46.5,530.63,-0.1452,242.86,-0.0828,-26.8871,-26.8042,0,-3679,-102598,-2861171,-12531927
Ester Industries,500136,ESTER,Industrial Products,115.63,1128.39,37.18,1282.14,1334.2,13.27,22.64,286.15,331.16,345.58,319.26,338.2,36.46,20.31,1.96,-7.16,42.58,49.84,18.19,55.53,1131.93,94.26,106.7,7.67,43.78,112.19,0.0268,37.34,0.0406,0.7061,0.6655,0.7,39,66,112,5604
Eternal Ltd,543320,ETERNAL,Retailing,348.3,336121.7,0,20243,23204,433.4,299,4206,4799,5405,5833,7167,72,115,39,25,396.59,1124.15,70.4,-90.12,15686,711,742,310,646,308,0.0388,-160.52,0.1463,-0.3101,-0.4564,-36.3,206,142,98,110368
Ethos Ltd,543532,ETHOSLTD,Consumer Durables,2756.3,7375.22,0,1251.63,1324.7,96.69,92.51,273.25,297.13,369.93,311.32,346.32,46.25,45.01,22.75,19.02,71.96,79.72,26.74,-16.58,1142.85,158.09,146.14,34.78,30.81,-20.29,0.1114,-43.32,0.0584,-0.0432,-0.1016,-18.4,89,85,81,6459
Emkay Tools,,ETL,Industrial Manufacturing,880,939.07,0,116.55,116.55,44.49,44.49,,,,,,,,,,22.38,21.11,,,59.16,59.74,59.74,15.01,,35.44,1.0057,0,0,0,0,,44,44,44,939
Eureka Forbes,543482,EUREKAFORB,Consumer Durables,542.6,10494.08,0.04,2436.06,2490.99,158.44,167.04,552.81,672.87,597.84,612.54,607.74,77.65,61.25,49.2,38.52,94.39,62.82,9.94,24.1,5217.47,217.88,228.88,60.02,195.2,225.5,0.0435,14.16,0.0225,0.0543,0.0317,11.6,176,186,196,12297
Euro Panel,544461,EUROBOND,Industrial Products,200.99,492.43,0,423.19,423.19,18.43,18.43,100.24,,,117.61,104.84,13.28,11.88,6.24,5.72,29.69,26.72,4.59,81.01,154.71,36.29,36.29,5.36,6,9.41,0.1538,76.42,0,0,0,,18,18,18,492
Euro Pratik Sale,544519,EUROPRATIK,Consumer Durables,262.95,2687.35,2.61,283.86,283.86,76.72,76.72,,,,,,,,,,33.62,35.03,,,231.7,104.79,104.79,25.87,74.68,-30.65,0.4428,0,0,0,0,,77,77,77,2688
Eveready Inds.,531508,EVEREADY,Household Products,380.55,2766.11,0,1344.52,1369.29,82.44,89.14,349.37,362.61,333.5,299.04,374.14,25.61,53.68,10.42,36.06,54.69,31.03,7.09,22.82,450.71,124.21,130.75,18.15,153.91,129.67,0.238,15.73,0.0184,0.0813,0.0628,3.8,96,104,113,3497
Everest Inds.,508906,EVERESTIND,Other Construction Materials,679.05,1076.68,1.71,1722.82,1701.2,-6.57,-25.67,522.34,376.82,371.03,452.63,500.72,10.31,16.4,-0.15,1.63,79.68,,-4.14,-87.75,764.91,5.8,-7.43,-1.65,182.5,-90.23,-0.0357,-83.61,-0.0125,2.9072,2.9197,0,49,191,747,0
Excel Industries,500650,EXCELINDUS,Chemicals & Petrochemicals,1149,1444.37,18.05,978.07,1022.68,78.61,88.05,264.91,268.91,196.41,247.84,309.52,19.57,42.21,12.41,33.76,20.51,16.4,16.84,8.83,642.16,107.67,119.05,26.34,72.37,61.82,0.1781,-8.01,0.0456,0.1201,0.0745,1.4,99,110,124,2029
Exicom Tele-Sys.,544133,EXICOM,Electrical Equipment,144.33,2007.34,0,867.61,820.85,-110.02,-199.4,252.08,153.37,196.63,265.53,205.32,-16.42,-38.58,-62.27,-71.13,52.21,,-18.55,-489.97,1077.7,-62.05,-144.24,0.78,28.43,-169.24,-0.1843,-471.42,-0.0539,0.8124,0.8663,0,-37,-7,-1,0
Exide Inds.,500086,EXIDEIND,Auto Components,400.65,34055.25,9.82,17237.85,17497.26,769.3,847.95,4435.71,4450,4016.72,4335.42,4695.12,427.94,538.34,186.87,272.99,36.62,40.16,5.85,24.05,8584.16,1296.64,1400.46,409.02,1533.14,1272.9,0.1464,18.2,0.015,0.1022,0.0872,3.9,935,1030,1136,45602
Expleo Solutions,533121,EXPLEOSOL,IT - Services,996.75,1546.93,0,1024.8,1032.29,101.41,99.78,252.17,259.26,257.58,255.8,259.65,40.01,29.72,24.08,20.43,16.02,15.5,2.97,-14.52,531.27,139.86,139.94,44.72,71.35,179.42,0.272,-17.49,0.0073,-0.0161,-0.0234,-9.6,98,97,95,1473
Exxaro Tiles,543327,EXXARO,Consumer Durables,8.13,363.74,2.2,303.18,309.25,0.24,4.56,59.89,69.9,79.44,94.98,64.93,9.71,6.11,3.51,0.81,80.2,79.77,8.42,119.1,301.44,14.32,19.92,1.09,5.27,23.29,0.0187,110.68,0.02,18,17.98,0,87,1646,31277,2494969
Fabtech Tech.,544558,FABTECH,Healthcare Services,194.83,866.03,13.72,326.67,326.67,32.92,32.92,,,,,,,,,,18.3,26.31,,,107.13,44.67,44.67,14.62,61.19,-36.14,0.4438,0,0,0,0,,33,33,33,866
F A C T,590024,FACT,Fertilizers & Agrochemicals,892.25,57735,0,4050.91,4494.1,22.01,81.04,599.58,1448.63,949.42,1053.28,1042.77,84.83,23.98,57.57,4.28,105.51,712.43,73.92,107.52,1294.31,274.23,354.04,0,279.99,139.97,0.0626,33.6,0.1094,2.682,2.5726,2.7,298,1099,4045,2881906
Fairchem Organic,543252,FAIRCHEMOR,Chemicals & Petrochemicals,778.35,1013.48,8.58,537.9,504.03,22.22,9.29,164.93,138.62,113.57,120.78,131.06,4.42,5.23,0.59,1.17,38.47,109.09,-20.54,-91.55,315.03,33.94,16.78,1.28,74.48,-16.78,0.0336,-71.01,-0.063,-0.5819,-0.5189,-1.9,4,2,1,74
Faze Three,530079,FAZE3Q,Textiles & Apparels,479.65,1166.46,88.41,658.91,722.16,33.92,45.66,141.47,148.6,170.05,198.79,204.72,22.59,23.1,16.99,12.76,21.1,25.55,44.71,84.13,367.39,67.57,74.13,11.6,34.65,28.75,0.1559,39.42,0.096,0.3461,0.2501,0.7,61,83,111,2846
Fineotex Chem,533333,FCL,Chemicals & Petrochemicals,244.67,2803.31,0,533.33,528.51,108.21,104.26,141.9,145.73,125.92,119.79,137.07,21.28,25.2,19.97,24.81,34.36,26.89,-3.4,-13.7,393.6,142.31,136.08,26.17,97.04,69.33,0.3314,-10.3,-0.009,-0.0365,-0.0275,-7.4,100,97,93,2508
FCS Software,532666,FCSSOFT,IT - Services,2.18,372.68,0,36.54,35.67,3.73,2.8,9.18,9.3,9.25,8.81,8.31,0.84,0.49,0.01,0.43,210,133.1,-9.48,-68.38,262.85,10.3,9.29,0.86,22.66,10.21,0.0139,-58.9,-0.0238,-0.2493,-0.2255,-5.3,2,2,1,158
FDC,531599,FDC,Pharmaceuticals & Biotechnology,456.05,7424.95,14.89,2108.12,2118.26,259.06,269.1,638.27,513.85,464.11,491.89,648.41,53.98,140.35,38.67,121.35,26.53,27.59,1.59,1.94,1230.82,351.38,358.63,84.26,220.77,317.57,0.2871,0.35,0.0048,0.0388,0.0339,7.1,280,290,302,8322
Federal Bank,500469,FEDERALBNK,Banks,208.3,51230.23,0,28106.08,28529.32,4157.24,4049.66,6727.6,7005.66,7264.87,7107.95,7150.84,4842.72,4644.96,1090.94,918.32,10.87,12.65,6.29,-10.63,40571.14,23216.91,23412.68,1345.08,6431.17,8800.92,0.133,-16.92,0.0151,-0.0259,-0.0409,-4.9,3945,3843,3743,47353
Fedbank Financi.,544027,FEDFINA,Finance,155.92,5826.24,0,2036.63,2091.19,225.41,229.97,477.31,512.98,522.27,536.23,519.71,326.53,330.04,71.65,75.01,17.11,25.33,8.88,6.81,923.3,1157.87,1179.8,105.32,-775.52,-977.52,0.3631,-2.07,0.0268,0.0202,-0.0066,12.5,235,239,244,6186
Fiem Industries,532768,FIEMIND,Auto Components,1942.4,5112.33,0,2422.61,2503.81,202,210.7,577.71,612.4,593.09,639.42,658.9,85.37,89.49,55.99,57.52,19.36,24.26,14.05,17.65,1064.74,273.86,285.4,74.03,134.88,233.06,0.2674,3.6,0.0335,0.0431,0.0096,5.6,220,229,239,5801
Filatex India,526227,FILATEX,Textiles & Apparels,54.08,2400.37,0,4252.15,4247.21,134.55,143.01,1054.34,1049.1,1068.69,1080.02,1049.4,71.27,67.88,41.38,40.73,19.63,16.78,-0.47,26.14,1428.65,205.24,212.14,48.46,167.87,312.22,0.134,26.61,-0.0012,0.0629,0.064,2.7,152,162,172,2881
Filatex Fash.,532022,FILATFASH,Textiles & Apparels,0.54,450.04,0,178.48,199.24,9.37,8.48,24.21,35.33,53.1,65.83,44.98,-1.65,2.3,1.81,1.41,32,53.07,85.79,-18.5,120.48,14.91,14.38,3.55,15.15,2.36,0.0999,-104.29,0.1163,-0.095,-0.2113,-5.6,8,7,6,334
Finolex Cables,500144,FINCABLES,Industrial Products,803.25,12284.85,0.58,5318.89,5483.93,545.54,560.71,1230.48,1311.72,1182.11,1594.58,1395.52,166.29,130.77,151.86,138.82,27.25,21.91,13.41,13.31,1802.63,716.71,730.43,141.23,576.9,207.25,0.3894,-0.1,0.031,0.0278,-0.0032,7.9,576,592,609,13339
Fine Organic,541557,FINEORG,Chemicals & Petrochemicals,4658.2,14282.03,58.83,2269.15,2307.83,410.5,409.15,549.69,595.82,516.84,606.79,588.38,119.56,122.88,97.12,111.9,31.09,34.91,7.04,-1.19,1989.53,557.35,556.21,145.62,634.51,204,0.2788,-8.23,0.017,-0.0033,-0.0203,-106.2,408,406,405,14143
Finkurve Fin.,508954,FINKURVE,Finance,123.73,1732.84,0,140.48,151.93,17.41,18.11,28.43,31.9,39.87,40.28,39.88,11.22,14.5,3.91,5.09,73.71,95.68,40.27,15.95,15.97,39.98,45.47,6.44,-7.06,-133.82,1.5373,-24.32,0.0815,0.0402,-0.0413,23.8,19,20,20,1950
Fino Payments,543386,FINOPB,Banks,299.9,2495.72,0,195.23,210.87,92.5,86.02,45.33,47.75,49.35,52.78,60.99,-385.02,-339.48,24,17.76,29.35,29.01,34.55,-26.82,919.43,208.9,213.77,22.69,56.78,76.19,0.1182,-61.37,0.0801,-0.0701,-0.1502,-4.1,80,74,69,2007
Finolex Inds.,500940,FINPIPE,Industrial Products,192.94,11971.48,0,4141.97,4044.63,389.23,369.59,1140.49,828.43,1001.24,1171.81,1043.15,171.27,93.59,150.26,96.93,33.9,32.39,-8.53,-45.85,1435.69,532.54,513.53,106.23,353.3,382.68,0.3314,-37.32,-0.0235,-0.0505,-0.027,-6.4,351,333,316,10249
Brainbees Solut.,544226,FIRSTCRY,Retailing,374.2,19527.02,0,7659.61,7870.11,-161.07,-151.05,1652.07,1904.92,2172.31,1930.32,1862.56,15.89,33.13,-51.75,-42.4,,,12.74,12.68,6077.98,-24.12,-24.11,34.23,-42.07,-83.45,-0.0192,-0.06,0.0275,-0.0622,-0.0897,0,-160,-170,-181,0
Fischer Medical,524743,FISCHER,Healthcare Equipment & Supplies,96.89,6283.47,0,110.7,124.02,1.47,6.61,10.12,39.66,11.75,49.17,23.44,2.49,4.26,1.37,5.07,2113.33,950.6,131.62,2635,288.45,2.72,13.71,5.38,-7.35,-86.74,0.0416,2503.38,0.1203,3.4966,3.3763,2.7,30,134,601,571283
Five-Star Bus.Fi,543663,FIVESTAR,Finance,528.5,15562.97,0,2847.84,2968.38,1072.55,1087.23,666.14,702.05,727.38,752.27,786.68,547.89,545.96,279.12,266.31,26.55,14.31,18.1,5.86,2240.36,2102.66,2146.46,380.87,-2122.34,-1044.95,0.6553,-12.24,0.0423,0.0137,-0.0286,10.5,1102,1117,1132,16206
Flair Writing,544030,FLAIR,Household Products,314.75,3317.32,98.96,949.31,969.72,112.24,113.57,221.8,241.89,229.04,256.57,242.22,38.71,37.95,27.53,27.13,25.87,29.21,9.21,5.69,775.33,155.04,156.14,38.9,105.84,58.19,0.1967,-3.52,0.0215,0.0118,-0.0097,24.7,115,116,118,3437
Gujarat Fluoroch,542812,FLUOROCHEM,Chemicals & Petrochemicals,3728,40952.08,58.95,4737.49,4842,546.56,622,1176,1188,1148,1225,1281,306,344,191,184,59.57,65.84,8.93,70.37,7335.13,860.63,951,218,626.34,545.24,0.1145,61.44,0.0221,0.138,0.116,4.8,708,806,917,60358
FlySBS Aviation,,FLYSBS,Transport Services,557,963.82,0,193.9,193.9,28.42,28.42,,,,,,,,,,25.33,33.91,,,92.39,41.11,41.11,10.15,1.19,0.01,0.4175,0,0,0,0,,28,28,28,964
Federal-Mogul Go,505744,FMGOETZE,Auto Components,499.85,2780.67,7.85,1800.19,1839.22,167.06,169.79,444.65,463.71,433.09,458.75,483.67,97.21,70.57,59.39,43.25,18.01,16.38,8.78,21.87,1309.79,249.05,250.34,70.94,159.75,220.69,0.1838,13.09,0.0217,0.0163,-0.0053,10,173,175,178,2920
Foce India,,FOCE,Consumer Durables,1943,950.7,0,104.25,104.25,14.4,14.4,54.34,,,33.94,70.13,8.52,9.65,6.86,7.54,43.33,66.02,29.06,-29.66,78.04,18.6,18.6,3.53,0.27,15.25,0.2298,-58.72,0,0,0,,14,14,14,951
Focus Lighting,,FOCUS,Consumer Durables,85.38,574.21,0,183.29,169.83,15.21,8.26,54.95,45.37,41.51,41.5,41.45,3.85,4.28,1.18,2.16,26.69,69.52,-24.57,-76.24,148.11,21,13,4.29,6.16,32.45,0.0847,-51.67,-0.0734,-0.4569,-0.3835,-1.5,4,2,1,92
Foods & Inns,507552,FOODSIN,Food Products,83.37,612.06,37.93,992.08,991.61,40.92,42.01,247.28,168.7,189.43,397.33,236.15,47.74,24.36,22.93,7.1,21.38,14.57,-4.5,1.28,601.19,110.07,104.51,9.62,-21.81,15.24,0.0859,5.78,-0.0005,0.0266,0.0271,5.5,43,44,45,662
Force Motors,500033,FORCEMOT,Automobiles,15781,20793.46,0,8071.73,8484.08,550.46,604.53,1884.9,1941.33,1889.49,2356.01,2297.25,329.24,323.07,177.87,176.33,28.9,34.4,21.88,52.4,3111.29,875.05,956.52,476.36,1014.45,971.47,0.3474,30.52,0.0511,0.0982,0.0471,3.5,664,729,801,27546
Fortis Health.,532843,FORTIS,Healthcare Services,1060.3,80048.21,0,7782.75,8090.57,840.02,920.09,1858.9,1988.39,1928.26,2007.2,2166.72,435.47,490.67,225.53,250.9,60.17,87,16.56,51.31,10694.37,1277.06,1423.18,225.38,1100.1,1423.93,0.1071,34.75,0.0396,0.0953,0.0558,9.1,1008,1104,1209,105189
Foseco India,500150,FOSECOIND,Chemicals & Petrochemicals,5500,3512.55,3.52,524.78,582.98,73.39,81.88,125.01,140.75,136.47,148.51,157.25,27.3,27.15,21.67,21.53,37.23,42.9,25.79,16.38,365.57,99.18,110.51,28.65,57.1,42.25,0.3023,-9.41,0.1109,0.1157,0.0048,3.7,91,102,114,4878
Freshara Agro,,FRESHARA,Food Products,169.05,397.25,100,250.64,250.64,28.51,28.51,,,,103.66,146.98,14.93,21.25,11.38,17.41,22.76,13.93,,,134.74,44.23,44.23,9.01,-97.51,-0.12,0.2785,0,0,0,0,,29,29,29,397
Frog Cellsat,,FROG,Telecom - Equipment & Accessories,230.5,358.53,0,219.35,219.35,23.56,23.56,44.46,35.94,43.77,91.15,48.48,22.31,6.54,15.64,2.79,18.34,15.22,9.04,-57.73,157.43,33.96,33.96,7.84,6.9,-2.6,0.1995,-66.77,0,0,0,,24,24,24,359
Firstsour.Solu.,532809,FSL,Commercial Services & Supplies,334.2,23628.88,0,7980.31,8406.87,585.91,621.67,1791.1,1925.38,2102.38,2161.46,2217.65,332.81,347.09,160.69,169.33,26.88,38.01,23.81,25.2,4776.49,914.08,937.52,149.05,644.05,701.1,0.1614,1.39,0.0535,0.061,0.0076,6.2,660,700,743,28226
Fusion Finance,543652,FUSION,Finance,193.68,2648.24,0,2319.76,2065.87,-1224.54,-1281.17,688.32,691.55,473.81,466.08,434.43,8.2,47.92,-164.56,-92.25,19.5,,-36.89,-158.98,782.13,-289.16,-405.21,-59.71,-1350.34,1447.88,-1.7144,-122.09,-0.1094,0.0462,0.1557,0,-1222,-1165,-1112,0
Gabriel India,505714,GABRIEL,Auto Components,1271.2,18260.02,0,3643.29,3763.61,209.45,216.38,864.23,924.01,924.18,930.87,984.55,85.75,87.54,54.05,55.67,32.69,84.39,13.92,8.82,1090.74,285.52,294.09,73.85,188.89,146.46,0.2661,-5.1,0.033,0.0331,0.0001,25.5,224,231,239,20133
Guj. Ambuja Exp,524226,GAEL,Agricultural Food & other Products,104.6,4797.7,25.84,4612.58,4813.37,247.78,237.63,1090.44,1124.64,1130.88,1266.62,1291.23,62.28,96.27,31.9,65.02,18.12,20.19,18.41,-15.25,2135.15,355.56,345.1,80.41,213.15,340.58,0.149,-33.66,0.0435,-0.041,-0.0845,-4.9,228,219,210,4232
GAIL (India),532155,GAIL,Gas,179.21,117832.4,0,141903.5,142476.4,10605.94,9747.02,34737.77,33888.9,36834.73,36442.09,35310.68,3535.36,3668.74,2491.76,2369.2,12.12,12.09,1.65,-25.57,85885.83,14458.83,13322.65,3140.11,12585.72,15735.04,0.15,-27.22,0.004,-0.081,-0.085,-1.5,8958,8232,7566,91467
Gala Precis. Eng,544244,GALAPREC,Industrial Manufacturing,778.25,992.29,0,237.84,247.74,27.04,27.29,53.17,51.23,58.12,75.31,63.08,12.81,9.63,10.05,6.59,38.98,36.36,18.64,3.94,254.1,37.68,36.49,5.89,15.65,2.74,0.1306,-14.7,0.0416,0.0092,-0.0324,39.3,28,28,28,1020
Galaxy Surfact.,540935,GALAXYSURF,Chemicals & Petrochemicals,2255.8,7997.88,0,4220.91,4527.53,305.69,304.68,974.06,1062.99,1041.69,1144.93,1277.92,126.93,123.85,75.87,79.49,27.61,26.25,31.2,-0.29,2109.04,400.67,402.54,76.55,518.42,420.51,0.1808,-31.49,0.0726,-0.0033,-0.0759,-79.4,304,303,302,7919
Gallantt Ispat L,532726,GALLANTT,Industrial Products,657.35,15860.6,0,4292.73,4260.82,399.78,452.66,1159.69,942.57,1118.32,1072.15,1127.78,183.12,246.86,116.31,173.79,24.02,35.04,-2.75,42.6,3069.25,588.73,626.36,142.29,344.32,578.8,0.1938,45.35,-0.0074,0.1323,0.1397,2.6,513,580,657,23024
Gandhar Oil Ref.,544029,GANDHAR,Petroleum Products,139.17,1362.19,0,3896.92,3805.07,80.05,75.42,994.82,935.09,1005.29,961.73,902.96,33.58,45.96,11.67,26.23,16.68,18.06,-9.23,-14.92,1435.28,163.5,145.02,21.95,-69.34,14.71,0.0678,-5.69,-0.0236,-0.0578,-0.0343,-3.1,71,67,63,1139
Gandhi Spl. Tube,513108,GANDHITUBE,Industrial Products,933.25,1134.09,0,172.54,179.82,51.36,65.97,40.83,48.61,39.77,43.33,48.11,16.02,20.77,11.95,21.61,16.39,17.19,17.83,50.91,105.38,67.25,86.52,18.95,26.36,47.05,0.8058,33.08,0.0422,0.2845,0.2423,0.6,85,109,140,2403
Ganesha Ecosphe.,514167,GANECOS,Textiles & Apparels,1231.1,3298.85,0,1465.54,1466.11,103.27,91.33,336.55,386.81,397.8,344.38,337.12,51.06,36.28,23.76,10.75,38.42,36.12,0.17,-52.33,1467.19,173.7,159.16,20.21,43.48,41.24,0.076,-52.5,0.0004,-0.1156,-0.116,-3.1,81,71,63,2282
Ganesh Benzopl.,500153,GANESHBE,Oil,90.17,649.13,2.94,374.3,382.4,70.35,83.86,87.53,97.63,89.22,99.93,95.62,31.6,29.11,30.2,18.81,17.18,7.74,9.24,14.49,518.22,102.87,108.82,12.06,83.28,54.94,0.1851,5.25,0.0216,0.192,0.1704,0.4,100,119,142,1099
Ganesh Consumer,544528,GANESHCP,Food Products,302.6,1222.9,0,850.46,850.46,35.43,35.43,,,,,,,,,,30.16,34.52,,,225.91,54.3,54.3,12.93,88.47,46.08,0.2141,0,0,0,0,,35,35,35,1223
Ganesh Housing,526367,GANESHHOU,Realty,830.95,6929.05,0,958.92,896.43,598.06,577.28,214.14,237.22,257.01,251.39,150.81,216.59,127.89,164.9,93.06,16.83,12,-29.57,-18.25,2080.02,805.58,778.35,200.84,637.81,409.84,0.3741,11.32,-0.0652,-0.0347,0.0304,-3.5,557,538,519,6230
Ganesh Infra.,,GANESHIN,Construction,225.75,964.44,0,538.22,583.52,38.85,44.63,135.36,95.03,149.19,158.64,180.66,14.4,20.27,11.62,14.61,19.33,21.61,33.47,45.52,141.27,53.69,61.97,14.43,-28.29,-80.14,0.4181,12.05,0.0842,0.1488,0.0646,1.5,51,59,68,1462
Garware Tech.,509557,GARFIBRES,Textiles & Apparels,753.25,7477.2,0,1540.11,1571.09,231.68,237.88,336.25,420.59,350.72,432.55,367.23,98.26,68.12,71.06,53.09,36.29,31.43,9.21,13.54,562.66,328.66,333.79,79.05,218.8,195.1,0.5633,4.33,0.0201,0.0268,0.0066,11.7,244,251,257,8093
Garuda Cons,544271,GARUDA,Construction,199.35,1854.79,0,225.03,315.07,49.8,69.17,35.13,46.75,62.22,80.94,125.16,24.14,36.42,18.04,28.01,22.11,26.81,256.28,223.82,307.17,67.86,94.18,23.52,-6.81,-110.7,0.3018,-32.46,0.4001,0.389,-0.0112,0.7,96,133,185,4969
Gateway Distri,543489,GATEWAY,Transport Services,62.42,3118.78,0,1680.56,1877.88,253.18,243.2,353.11,389.99,402.52,534.94,550.43,107.7,119.34,48.26,60.25,16.65,12.82,55.88,23.79,2618.15,299.87,325.11,56.16,321.22,384.87,0.1143,-32.09,0.1174,-0.0394,-0.1568,-3.3,234,224,216,2763
Grand Continent,,GCHOTELS,Leisure Services,222.2,553.71,0,72.62,72.62,10.64,10.64,15.65,,,31.84,40.78,10.68,8.51,6.22,4.41,32.11,52.04,160.58,167.27,101.93,18.35,18.35,1.93,-1.18,6.18,0.1233,6.69,0,0,0,,11,11,11,554
Gretex Corporate,543324,GCSL,Capital Markets,230.85,522.63,0,262.19,241.23,1.3,-2.95,39.61,93.68,65.7,59.87,21.98,-12.27,1.72,-17.1,0.77,23.52,,-44.51,-84.66,136.72,5.62,-2.01,1.41,-18.62,-31.05,-0.0113,-40.15,-0.0799,-3.2692,-3.1893,0,-13,-54,-230,0
GeeCee Vent.,532764,GEECEE,Realty,366.35,766.1,0,134.96,111.39,47.36,39.29,31.26,29.22,58.74,15.8,7.63,4.48,4.09,3.89,3.34,19.14,19.5,-75.59,-69.1,330.34,60,49.41,9.56,-20.9,215.65,0.1479,6.49,-0.1746,-0.1704,0.0042,-1.1,33,27,22,437
Geekay Wires,,GEEKAYWIRE,Industrial Products,68.02,355.47,0,458.25,452.9,36.18,33.38,97.16,123.83,113.3,124.03,91.74,6.75,6.2,7.37,7.19,10.73,10.65,-5.58,-28.32,187.76,55.6,51.52,10.29,61.54,31.14,0.2326,-22.74,-0.0117,-0.0774,-0.0657,-1.4,31,28,26,279
Gem Aromatics,544491,GEMAROMA,Chemicals & Petrochemicals,251.93,1316.01,50.66,503.95,503.95,53.32,53.32,92.67,,,202.22,87.63,44.63,14.86,29.12,7.98,23.83,24.68,-5.44,-7.1,342.93,82.72,82.72,22.02,40.13,-24.92,0.2197,-1.66,0,0,0,,53,53,53,1316
Genesys Intl.,506109,GENESYS,IT - Services,483.25,2016.07,29.38,311.03,326.14,56.21,57.96,55.76,72.02,89.09,94.16,70.87,49.77,29.5,18.95,7.12,62.16,34.78,27.1,32.34,549.32,92.37,96.78,18.01,19.07,-52.86,0.1383,5.24,0.0486,0.0311,-0.0174,11.2,60,62,64,2210
Genus Paper & Bo,538961,GENUSPAPER,"Paper, Forest & Jute Products",16.94,435.57,0.38,863.25,907.84,2.93,2.84,210.86,211.09,213.09,228.21,255.45,17.38,20.17,-0.02,2.74,161.91,153.37,21.15,-3.18,690.11,41.31,42.25,0,73.48,40.84,0.0041,-24.33,0.0517,-0.0307,-0.0824,-49.9,3,3,3,397
Genus Power,530343,GENUSPOWER,Electrical Equipment,308.75,9389.44,0.82,2442.01,2970.27,298.33,382.95,414.16,486.88,604.2,936.77,942.42,208.47,199.47,128,128.49,84,24.52,127.55,215.93,1850.13,515.23,652.47,96.25,-154.37,-443.46,0.259,88.38,0.2163,0.2836,0.0673,0.9,492,631,810,19861
Geojit Fin. Ser.,532285,GEOJITFSL,Capital Markets,77.98,2176.59,0,748.62,720,167.5,150.71,181.07,218.46,171.69,176.7,153.15,51.99,47.56,31.13,27.69,14.04,14.44,-15.42,-37.79,844.02,255.11,226.11,50.2,-124.05,166.75,0.238,-22.37,-0.0382,-0.1002,-0.062,-1.4,136,122,110,1585
GE Shipping Co,500620,GESHIP,Transport Services,1049.75,14986.98,0,5322.54,5015.78,1877.65,1657.24,1508.23,1354.4,1236.87,1223.04,1201.47,501.62,642.77,363.09,504.5,6.03,9.04,-20.34,-32.46,13683.25,2207.88,1975.65,90.34,2808.05,2647.36,0.1277,-12.12,-0.0576,-0.1174,-0.0598,-0.8,1463,1291,1139,10301
GFL,500173,GFLLIMITED,Finance,60.85,668.44,0,3.65,3.43,-75.59,-57.22,0.81,0.85,0.82,0.84,0.92,-21.36,-9.53,-18.29,-8.16,1316.88,,13.58,69.23,34.55,-48.4,-28.01,0.29,0.36,0.5,-1.6478,55.65,-0.0603,-0.243,-0.1827,0,-71,-88,-110,0
Ganesh Green,,GGBL,Construction,409.6,1015.85,0,318.01,318.01,30.22,30.22,111.44,,,137.83,180.18,21.21,26.21,13.07,17.15,35.39,33.62,61.68,30.72,181.06,46.33,46.33,11.02,24.85,-28.72,0.2278,-30.96,0,0,0,,30,30,30,1016
GHCL,500171,GHCL,Chemicals & Petrochemicals,631.5,6066.95,4.07,3183.48,3148.86,600.61,617.63,830.49,792.79,778.73,781.47,795.87,218.18,197.19,150.27,144.11,6.96,9.82,-4.17,-4.33,3050.64,821.96,841.54,209.65,797.04,637.88,0.2712,-0.16,-0.0109,0.0283,0.0392,3.5,635,653,672,6595
GHCL Textiles,543918,GHCLTEXTIL,Textiles & Apparels,76.96,735.63,0,1161.16,1140.98,55.88,57.69,287.93,304.62,285,283.61,267.75,30.77,30,14.2,13.52,18.53,12.75,-7.01,14.58,1514.41,66.96,68.66,5.77,57.9,162.16,0.0419,21.59,-0.0174,0.0324,0.0498,3.9,60,61,63,809
GIC Housing Fin,511676,GICHSGFIN,Finance,173.35,933.49,0,1079.15,1070.33,170.31,136.82,273.94,264.04,269.26,271.67,265.36,241.8,155.19,43.35,7.35,6.03,6.82,-3.13,-81.13,175.4,922.7,854.26,41.75,522,-17.8,1.0181,-78,-0.0082,-0.1966,-0.1885,-0.3,110,88,71,484
Globe Intl. Car.,,GICL,Transport Services,176.4,493.72,0,156.54,156.54,4.91,4.91,30.73,,,48.13,34.33,3.56,2.93,1.98,1.66,70.54,100.55,11.71,86.52,39.66,8.99,8.99,1.76,-11.44,9.89,0.1682,74.81,0,0,0,,5,5,5,494
General Insuranc,540755,GICRE,Insurance,383.85,67342.64,0,49616.79,51353.59,6413.51,8561.79,12886.47,12377.97,11143.81,13208.55,14623.26,2998.11,2604.98,2498.86,2530.59,8.44,7.87,13.48,80.67,-55301.5,7776.47,10278.2,2253.19,-211.72,1975.99,-0.1956,67.19,0.035,0.335,0.3,0.2,11430,15258,20369,160304
Gillette India,507815,GILLETTE,Personal Products,9540,31090.86,0,2234.84,2941.56,418.66,563.35,645.33,781.82,685.55,767.47,706.72,225.76,210.25,158.68,145.69,56.95,55.19,9.51,25.63,860.1,564.02,759.13,193.97,462.6,327.85,0.8805,16.12,0.3162,0.3456,0.0294,1.6,758,1020,1373,75751
Ginni Filaments,590025,GINNIFILA,Textiles & Apparels,44.35,379.86,0,299.9,384.14,17.48,28.41,62.56,93.36,99.24,90,101.54,16.15,22.61,9.96,19.06,30.9,13.37,62.31,439.94,191.84,24.92,38.14,3.38,43.43,10.36,0.1657,377.63,0.2809,0.6253,0.3444,0.2,46,75,122,1631
Guj Inds. Power,517300,GIPCL,Power,184.07,2857.06,0,1256.26,1307.82,211.43,201.12,319.96,276.06,321.99,338.25,371.52,119.28,112.67,69.73,57.47,13.7,14.21,16.11,-15.21,6694.2,304.88,296.07,47.68,561.51,1126.54,0.0372,-31.32,0.041,-0.0488,-0.0898,-2.9,191,182,173,2460
Giriraj Civil,,GIRIRAJ,Construction,356,851.57,0.76,294.71,294.71,17.88,17.88,93.02,,,71.7,223.01,4.41,20.25,2.91,14.97,69.86,47.63,139.74,75.7,113.8,27.62,27.62,6.13,-27.91,-6.51,0.211,-64.04,0,0,0,,18,18,18,852
GK Energy,544525,GKENERGY,Construction,188.81,3829.39,0,1094.83,1094.83,133.22,133.22,151.8,,,352.52,295.27,66.33,56.61,43.28,36.94,22.26,28.74,94.51,118.32,209.51,202.63,202.63,47.78,-4.86,-98.59,0.8639,23.81,0,0,0,,133,133,133,3829
GKW,,GKWLIMITED,Finance,1745.9,1042.3,0,32.78,37.64,-18.47,-6.92,9.69,14.5,1.36,7.22,14.56,5.25,12.53,3.8,13.81,61.75,,50.26,511.06,2922.43,-9.21,5.8,2.27,17.19,-202.91,-0.0016,460.8,0.1483,-0.6253,-0.7736,0,-11,-18,-30,0
Gland Pharma,543245,GLAND,Pharmaceuticals & Biotechnology,1923.4,31689.25,91.4,5616.5,5720.41,697.75,770.24,1401.71,1405.83,1384.05,1424.91,1505.62,347.51,367.76,186.54,215.48,38.09,41.14,7.41,49.89,9515.88,1103.46,1205.02,396.18,996.8,914.73,0.1226,42.48,0.0185,0.1039,0.0854,4,850,939,1036,42625
Glaxosmi. Pharma,500660,GLAXO,Pharmaceuticals & Biotechnology,2767.4,46881.43,0,3749.21,3739.73,873.96,946.92,814.65,1010.77,949.42,974.37,805.17,333.19,251.2,262.87,205.01,51.91,49.51,-1.16,12.44,684.45,1188.36,1286.13,336.35,582.02,1289.9,1.8749,13.6,-0.0025,0.0835,0.086,5.9,1026,1112,1204,59631
Glenmark Pharma.,532296,GLENMARK,Pharmaceuticals & Biotechnology,1939.3,54727.2,66.34,13321.74,13341.99,1318.03,1332.88,3244.18,3433.8,3387.55,3256.2,3264.44,561.02,580.52,370.38,260.33,30.54,41.06,0.62,-23.49,8650.1,1979.1,1954.19,344.77,-265.44,-827.6,0.1939,-24.11,0.0015,0.0113,0.0097,36.4,1348,1363,1378,56599
Global Education,,GLOBAL,Other Consumer Services,61.95,315.33,0,68.03,68.61,25.26,23.71,13.8,23.39,15.89,14.95,14.38,6.51,6.21,4.45,4.38,14.28,13.3,4.2,-25.26,48.19,34.03,31.99,8.28,19.57,21.13,0.6638,-29.46,0.0085,-0.0614,-0.0699,-2.2,22,21,20,261
Globe Civil,544424,GLOBECIVIL,Construction,71.97,429.8,0,378.58,378.58,24.1,24.1,,,,123.92,67.35,14.3,11.52,6.26,5.05,1.29,17.83,,,102.67,53.18,53.18,9.68,2.74,-10.77,0.329,0,0,0,0,,24,24,24,430
Globus Spirits,533104,GLOBUSSPR,Beverages,1121.5,3248.51,0.13,2535.95,2592.87,24.97,27.11,642.11,637.86,601.51,654.48,699.02,39.15,57.73,6.3,18.53,23.73,119.83,8.86,12.99,1133.6,81.9,88.17,5.56,171.9,69.54,0.0288,4.13,0.0224,0.0857,0.0633,14,29,32,35,4157
Gloster Ltd,542351,GLOSTERLTD,"Paper, Forest & Jute Products",643.7,704.42,0,734.78,904.51,-14.39,-1.9,135.9,142.85,177.69,278.34,305.63,14.43,30.04,-2.32,3,20.19,,124.89,135.5,1433.82,22.97,47.9,18.88,38.01,-99.04,0.0118,10.61,0.231,-0.868,-1.099,0,-4,-7,-12,0
Glottis,544557,GLOTTIS,Transport Services,81.81,755.95,10.64,941.17,941.17,56.04,56.04,,,,,,,,,,11.89,13.49,,,102.83,78.53,78.53,19.44,6.82,1.09,0.734,0,0,0,0,,56,56,56,756
G M Breweries,507488,GMBREW,Beverages,894.45,2043.54,0,636.57,678.55,128.32,143.18,149,165.84,169.33,162.86,180.52,30.9,44.81,25.86,34.89,11.41,14.27,21.15,61.01,339.82,159.65,179.38,35.68,59.27,161.68,0.5263,39.86,0.0659,0.1158,0.0499,1.2,160,178,199,2838
G M D C,532181,GMDCLTD,Minerals & Mining,606.55,19288.29,0,2850.84,2765.31,680.09,665.51,818.13,593.01,653.42,786.28,732.6,193.56,169.14,226.22,163.77,14.48,28.98,-10.45,-11.02,4255.59,888.89,871.91,203.78,110.07,1059.37,0.2043,-0.57,-0.03,-0.0214,0.0086,-13.5,651,637,624,18072
GMM Pfaudler,505255,GMMPFAUDLR,Industrial Manufacturing,1059.2,4761.87,0,3198.69,3208.04,66.02,84.59,785.2,805.42,801.48,806.59,794.55,83.23,100.99,16.74,11.15,43.76,56.3,1.19,-51.98,1930.1,245.87,258.18,67.07,283.89,378.1,0.0786,-53.17,0.0029,0.2813,0.2784,2,108,139,178,10017
GMR Airports,532754,GMRAIRPORT,Transport Infrastructure,90.35,95400.35,0.76,10414.24,11217.27,-680.57,-945.59,2402.2,2495.46,2653.24,2863.34,3205.23,1009.32,1164.67,-297.71,-206.62,,,33.43,-45.87,26354.62,2471.06,2710.32,215.82,3880.1,3442.56,-0.0277,-79.3,0.0771,0.3894,0.3123,0,-577,-353,-215,0
GMR Urban,543490,GMRP&UI,Power,112.19,8019.75,10.17,6343.97,6381.13,-287.92,-230.55,1611.58,1384.09,1611.22,1737.37,1648.45,289.72,400.64,-103.5,-81.04,6.56,,2.29,-391.68,9348.52,1441.38,1310.31,14,1690.28,2832.74,-0.0232,-393.97,0.0059,-0.1993,-0.2051,0,-276,-332,-398,0
GNA Axles,540124,GNA,Auto Components,313.45,1345.67,54.58,1539.74,1484.33,106.74,102.37,399.62,387.55,375.07,377.5,344.21,50.33,50.12,25.45,23.03,15.09,13.15,-13.87,-17.1,950.89,155.61,149.63,35.81,98.41,92.07,0.1453,-3.23,-0.036,-0.0409,-0.005,-3.2,98,94,90,1188
G N F C,500670,GNFC,Chemicals & Petrochemicals,498,7317.65,0,7892.45,7472,597.65,562,2021,1917,1899,2055,1601,240,31,211,83,13.28,13.02,-20.78,-29.66,7113.29,813.18,746,221,31.28,605.18,0.1101,-8.88,-0.0533,-0.0597,-0.0064,-2.2,528,497,467,6084
Goa Carbon,509567,GOACARBON,Minerals & Mining,449.25,411.06,0,508.47,579.92,-24,-32.96,127.8,119.02,129.46,132.19,199.25,-4.78,-7.79,-6.54,-7.95,7.2,,55.91,-366.78,188.75,-12.31,-26.69,-1.99,196.08,-53.93,-0.1852,-422.69,0.1405,0.3733,0.2328,0,-21,-13,-8,0
GOCL Corpn.,506480,GOCLCORP,Chemicals & Petrochemicals,351.2,1740.99,2.14,554.65,270.05,111.53,93.45,3.84,127.74,135.94,2.98,3.39,-5.04,-6.01,19.63,43.75,21.85,18.63,-11.72,-0.3,1709.37,186.04,205.5,19.6,40,15.67,0.0661,11.42,-0.5131,-0.1621,0.351,-1.1,78,66,55,1024
Go Fashion (I),543401,GOCOLORS,Retailing,675.75,3649.66,0,848.17,850.9,93.17,87.1,220.09,208.53,214.73,204.81,222.83,62.42,68.71,19.89,22.26,71.29,41.9,1.24,-22.3,1044.78,171.83,162.84,36.53,218.69,198.76,0.1183,-23.54,0.0032,-0.0651,-0.0684,-6.4,81,76,71,2982
Godavari Bioref.,544279,GODAVARIB,Diversified FMCG,252.4,1291.68,10.33,1870.25,1880.96,-24.32,-13.33,522.53,320.95,447.27,579.5,533.24,112.4,5.76,71.93,-16.02,488.64,,2.05,38.64,1038.78,70.32,85.31,0.37,185.17,6.15,-0.0125,36.59,0.0057,-0.4519,-0.4576,0,-19,-28,-41,0
Godfrey Phillips,500163,GODFRYPHLP,Cigarettes & Tobacco Products,3340.7,52108.83,37.79,5611.01,6032.39,944.44,1215.54,1088.44,1383.98,1588.82,1573.39,1486.2,269.08,337.57,293.62,356.31,20.32,42.87,36.54,25.14,2149.94,1317.87,1585.52,305.13,290.24,107.25,0.7073,-11.4,0.0751,0.287,0.2119,1.5,1564,2014,2592,111098
Go Digit General,544179,GODIGIT,Insurance,362.9,33506.95,0,9370.72,9501.25,417.47,461.93,2105.44,2234.35,2436.38,2594.55,2235.97,-209.01,159.42,115.61,138.33,78.8,72.54,6.2,36.5,-14745.6,417.47,484.26,22.33,1720.47,1604.03,-0.0328,30.3,0.0139,0.1065,0.0926,6.8,511,566,626,45395
Godrej Agrovet,540743,GODREJAGRO,Food Products,660.95,12711.95,2.82,9382.77,9646.31,432.87,455.09,2350.75,2448.75,2449.63,2133.64,2614.29,146.68,269.68,70.78,160.52,30.17,27.93,11.21,18.77,2966.61,691.47,726.85,148.28,678,969.34,0.2034,7.56,0.0281,0.0513,0.0232,5.4,478,503,529,14770
Godrej Consumer,532424,GODREJCP,Personal Products,1129.8,115586.9,0,14364.29,14694.57,1871.07,1896.8,3331.58,3666.33,3768.43,3597.95,3661.86,759.22,694.56,432.1,466.86,63.96,60.94,9.91,0.42,8430.37,3057.51,3052.74,452.57,2069.95,2576.75,0.2787,-9.49,0.023,0.0138,-0.0092,44.3,1923,1949,1976,120426
Godrej Industrie,500164,GODREJIND,Diversified,1078.9,36337.69,8.13,19657.41,19869.28,874.54,1008.12,4247.93,4804.96,4824.83,5779.69,4459.8,593.39,396.71,183.08,349.22,39.87,36.05,4.99,8.29,14910.4,4055.56,4639.6,385.12,-4284.12,-5150.78,0.0934,3.3,0.0108,0.1527,0.142,2.4,1162,1340,1544,55669
Godrej Propert.,533150,GODREJPROP,Realty,2091.9,63009.36,0,4922.84,4618.4,1226.48,1479.96,739,1093.23,968.88,2121.73,434.56,74.6,-270.48,381.99,600.12,72.65,42.58,-41.2,15.4,15031.92,1681.28,2032.59,234.24,-692.57,-2242.38,0.114,56.6,-0.0618,0.2067,0.2685,2.1,1786,2155,2600,110720
Gokaldas Exports,532630,GOKEX,Textiles & Apparels,790.35,5787.6,0,3864.24,3887.9,137.6,172.83,932.13,929,987.77,1015.34,955.79,122.54,97.29,52.86,41.47,36.65,33.49,2.54,52.58,1963.73,266.7,319.9,58.46,-177.06,57.2,0.1178,50.04,0.0061,0.256,0.2499,1.3,217,273,342,11469
Gokul Refoils,532980,GOKUL,Agricultural Food & other Products,42.48,420.53,24.23,3510.42,3649.23,13.9,16.22,788.05,855.97,1006.76,860.07,926.43,9.33,13.85,6.64,3.86,20.24,25.93,17.56,58.2,289.71,51.99,56.18,4.51,55.59,17.07,0.0716,40.64,0.0395,0.1669,0.1274,1.6,19,22,26,668
Gokul Agro,539725,GOKULAGRO,Agricultural Food & other Products,373.65,5512.96,0,19550.75,20184.82,245.56,264.3,4290.29,4810.1,4988.22,5462.15,4924.35,122.19,133.72,48.71,71.61,14,20.86,14.78,35.42,1382.25,507.75,527.98,77.24,355.39,467.21,0.2471,20.64,0.0324,0.0763,0.0439,2.7,284,306,330,6874
Goldiam Intl.,526729,GOLDIAM,Consumer Durables,372.85,4210.14,0,780.98,844.91,117.37,128.68,165.8,136.98,279.63,198.57,229.73,36.26,41.16,23.12,33.69,21.75,32.72,38.56,52.86,656.58,173.64,185.7,52.94,107.01,-12.88,0.2766,14.3,0.0819,0.0964,0.0145,3.4,141,155,170,5549
Goldkart Jewels,,GOLDKART,Consumer Durables,252,422.99,0,82.35,82.35,3.32,3.32,36.56,,,34.5,47.85,3.25,2.87,1.83,1.48,136.8,127.41,30.88,78.31,26.42,6.05,6.05,1.27,1.63,3.35,0.1737,47.43,0,0,0,,3,3,3,423
Aion-Tech Soluti,531439,GOLDTECH,IT - Software,60.63,316.86,20.39,88.9,90.34,-3.24,-7.16,17.8,20.19,22.11,28.8,19.24,0.22,-3.48,0.73,-3.71,555,,8.09,-1024.24,66.29,-2.11,-6.56,5.01,3.63,-12.29,-0.0324,-1032.33,0.0162,1.2099,1.1937,0,2,3,7,0
Goodluck India,530655,GOODLUCK,Industrial Products,1270,4221.29,0,3935.89,4006.1,165.73,168.99,913.08,976.21,941.98,1104.62,983.29,84.69,92.24,41.94,39.87,19.26,24.98,7.69,11.65,1538.27,301.33,312.96,53.29,-45.93,158.26,0.1445,3.96,0.0178,0.0197,0.0018,12.7,172,176,179,4475
Goodyear India,500168,GOODYEAR,Auto Components,991.6,2287.62,1.28,2608.05,2572.89,55.12,44.2,691.38,682.25,631.72,602.7,656.22,17.34,28.23,4.87,14.11,25.97,51.76,-5.09,-43.63,609.51,79.36,65.18,17,134.87,131.2,0.1004,-38.54,-0.0135,-0.1981,-0.1846,-2.6,35,28,23,1180
Gopal Snacks,544140,GOPAL,Food Products,347.95,4336.23,0.24,1468.02,1435.87,45.4,44.31,354.32,402.64,393.57,317.49,322.17,2.03,15.2,7.68,2.42,44.47,97.86,-9.07,-90.04,412.25,75.78,50.28,4.62,68.81,68.28,0.1187,-80.97,-0.0219,-0.024,-0.0021,-40.8,43,42,41,4031
Goyal Salt,,GOYALSALT,Food Products,180,322.2,0,129.9,129.9,7.64,7.64,70.95,,,68.26,61.71,6.57,5.36,9.33,3.92,31.78,42.17,-13.02,-44.32,61.04,10.55,10.55,4.09,5.08,12.3,0.1922,-31.3,0,0,0,,8,8,8,322
GP Eco Solutions,,GPECO,Electrical Equipment,556.25,658.09,0,240.08,240.08,10.25,10.25,,,,79.21,160.88,7.06,8.43,4.78,5.32,33.77,64.2,,,31.71,16.74,16.74,3.42,-6.14,27.35,0.4311,0,0,0,0,,10,10,10,658
Godawari Power,532734,GPIL,Industrial Products,243.54,16307.85,3.27,5370.16,5356.5,809.92,740.61,1342.48,1267.57,1297.6,1468.08,1323.25,318.31,324.09,221.26,215.96,12.95,22.02,-1.43,-24.62,4490.93,1145.07,1051,213.16,1044.44,895.46,0.2124,-23.19,-0.0025,-0.0856,-0.083,-2.6,677,619,566,12470
Guj Pipavav Port,533248,GPPL,Transport Infrastructure,161.91,7827.38,0,987.67,992.15,399.32,395.26,245.98,227.04,262.89,251.77,250.45,156.73,148.14,109.04,100.73,19.15,19.8,1.82,-3.74,2196.15,541.77,536.42,139.88,485,446.12,0.2437,-5.56,0.0045,-0.0102,-0.0147,-19.5,391,387,383,7590
GPT Healthcare,544131,GPTHEALTH,Healthcare Services,148.99,1222.53,0,407.09,416.38,49.66,47.64,97.82,105.66,102.21,101.4,107.11,20.7,17.37,12.89,7.68,27.82,25.66,9.5,-22.89,246.8,72.46,70.04,11.49,68.8,67.4,0.2396,-32.39,0.0228,-0.0407,-0.0635,-6.3,46,44,42,1079
GPT Infraproject,533761,GPTINFRA,Construction,111.91,1414.15,0,1188.07,1258.97,80.88,86.77,241.73,287.52,278.08,380.74,312.63,38.59,37.02,24.24,23.48,18.83,16.3,29.33,39.85,491.3,124.41,133.43,28.81,113.39,28.88,0.2353,10.52,0.0597,0.0728,0.0131,2.2,93,100,107,1746
Granules India,532482,GRANULES,Pharmaceuticals & Biotechnology,568.55,13796.93,93.96,4481.61,4511.85,481.07,477.45,1179.86,966.62,1137.7,1197.43,1210.1,252.36,246.71,130.9,131.72,24.6,28.9,2.56,-2.18,3978.98,735.13,718.41,168.13,439.41,866.57,0.1622,-4.74,0.0067,-0.0075,-0.0143,-38.4,474,470,467,13489
Graphite India,509488,GRAPHITE,Industrial Products,563.25,11004.53,0,2560.03,2497,458.83,359,728,643,523,666,665,39,43,50,134,30.2,30.65,-8.65,-43.46,1932.92,598.13,484,75,680.25,500.23,0.2245,-34.81,-0.0246,-0.2176,-0.193,-1.4,281,220,172,5271
Grasim Inds,500300,GRASIM,Cement & Cement Products,2811,191293.3,4,148477.9,153326.5,3680.65,4180.54,34609.75,33562.85,35378.34,44267.26,40118.08,8750.1,8822.26,1521.1,1432.88,27.36,45.76,15.92,29.06,121025.8,23252.35,25474.3,2811.92,-10719.3,-17169.7,0.0578,13.14,0.0327,0.1358,0.1032,3.4,4748,5393,6126,280312
Grauer & Weil,505710,GRAUWEIL,Chemicals & Petrochemicals,84.51,3831.78,0,1133.64,1122.86,153.36,150.08,264.09,254.69,274.8,340.11,253.26,29.53,52.57,25.74,43.61,25.31,25.53,-4.1,-14,849.22,208.09,204.62,48.15,159.68,144.03,0.2334,-9.9,-0.0095,-0.0214,-0.0119,-11.9,147,144,141,3591
Gravita India,533282,GRAVITA,Minerals & Mining,1642.4,12122.3,0,3868.77,4000.85,307.7,338.32,907.86,927.42,996.42,1037.07,1039.94,92.19,100.63,95.13,93.26,32.73,35.83,14.55,38.51,1710.74,404.38,440.79,63.67,42.4,282.18,0.235,23.96,0.0341,0.0995,0.0654,3.6,372,409,450,16113
Greaves Cotton,501455,GREAVESCOT,Industrial Products,207.94,4841.77,0,2918.44,3024.17,58.55,66.66,639.7,705.31,750.6,822.83,745.43,45.74,56.93,24.05,33.33,100.24,72.63,16.53,222.97,1363.94,87.82,117.12,89.75,-153.04,-22.52,0.1147,206.44,0.0362,0.1385,0.1023,5.2,76,86,98,7145
Greenlam Industr,538979,GREENLAM,Consumer Durables,252.92,6453.2,0,2569.34,2638.41,66.9,34.05,604.71,680.81,602.04,681.77,673.79,64,44.08,2.08,-15.36,50.18,189.52,11.42,-175.78,1882.95,167.16,142.44,46.71,193.64,204.9,0.0429,-187.2,0.0269,-0.491,-0.5179,-3.9,17,9,4,851
Greenpanel Inds.,542857,GREENPANEL,Consumer Durables,309.8,3799,0,1435.77,1399.01,72.1,21.77,364.95,336.87,359.44,374.51,328.19,47.95,-15.83,29.39,-34.62,27.38,174.51,-10.07,-320.37,1709.67,76.35,15.48,-12.64,134.51,77.8,0.0053,-310.3,-0.0256,-0.6981,-0.6725,-2.5,7,2,1,105
Greenply Industr,526797,GREENPLY,Consumer Durables,292.35,3650.89,0,2487.58,2504.51,91.28,83.5,583.88,640.48,614.45,648.77,600.81,46.45,52.46,16.48,24.93,37.77,43.72,2.9,-24.6,1080.47,159.6,169.23,36.67,110.91,218.68,0.1112,-27.5,0.0068,-0.0852,-0.092,-5.1,76,70,64,2794
Orient Green,533263,GREENPOWER,Power,13.04,1529.63,0,263.45,287.39,35.81,52.86,63.44,124.04,34.5,41.47,87.38,15.58,60.13,-17.1,29.08,75.56,28.94,37.74,324.53,1519.93,105.08,125.12,0.81,249.53,168.54,0.0353,286.79,0.0909,0.4761,0.3853,0.6,78,115,170,4920
Gretex Industrie,,GRETEX,Entertainment,199,308.57,0,32.92,32.92,1.6,1.6,7.44,,,6.68,11.87,0.03,0.17,0.73,0.35,10.14,192.86,59.54,20.69,9.6,1.71,1.71,-0.45,8.1,-6.41,0.1198,-38.85,0,0,0,,2,2,2,309
Grindwell Norton,506076,GRINDWELL,Industrial Products,1684.8,18654.11,0,2811.59,2809.45,345.62,369.99,705.6,693.87,702.61,709.51,703.46,127.32,129.89,92.54,94.45,62.35,50.42,-0.3,1.37,1462.02,470.49,501.5,116.28,367.94,458.49,0.3326,1.67,-0.0008,0.0705,0.0713,7.2,396,424,454,22886
G R Infraproject,543317,GRINFRA,Construction,1268.8,12276.98,0,7394.7,7352.19,977.31,1074.1,2030.3,1394.33,1694.5,2275.57,1987.79,545.3,398.15,386.4,244.06,10.73,11.43,-2.09,30.91,4129.58,1735.94,1860.51,299.76,-1590.41,-2031.59,0.3327,33,-0.0057,0.099,0.1048,1.2,1180,1297,1426,16298
GRM Overseas,531449,GRMOVER,Agricultural Food & other Products,392.75,2409.6,58.27,1346.76,1304.9,60.6,62.3,370.08,315.49,371.24,291.39,326.78,32.65,23.97,20.48,19.09,21,38.68,-11.7,5.94,420.9,102.5,105.42,23.44,47.12,62.34,0.2037,17.64,-0.0311,0.0281,0.0591,13.8,64,66,68,2618
GRP,509152,GRPLTD,Industrial Products,2160,1152,50.8,550.46,548,31.25,28.09,126.2,131.65,132.26,160.34,123.75,32.85,9.93,19.45,1.75,47.5,41.01,-1.94,-59.95,237.53,54.17,50.61,8.91,27.01,44.56,0.1558,-58.01,-0.0045,-0.1011,-0.0967,-4.1,25,23,20,837
Garden Reach Sh.,542011,GRSE,Aerospace & Defense,2660,30470.83,0,5075.69,5375.84,517.84,560.39,1009.72,1152.92,1271.01,1642.04,1309.87,220.98,111.91,244.25,120.18,37.33,54.37,29.73,37.84,1926.36,701.39,766.73,185.69,-706.89,15.59,0.3873,8.11,0.0591,0.0822,0.023,6.6,606,656,710,38613
Garware Hi Tech,500655,GRWRHITECH,Industrial Products,2941.8,6834.51,0,2109.36,2129.88,331.22,325.89,474.47,620.58,466.37,547.94,494.99,104.45,109.57,77.8,83.02,21.54,20.97,4.32,-6.03,1761.79,454.26,447.09,104.22,172.11,329.72,0.2441,-10.35,0.0097,-0.0161,-0.0258,-13,321,315,310,6509
G S F C,500690,GSFC,Fertilizers & Agrochemicals,193.94,7728.07,0,9533.96,9555.84,593.49,642.3,2162.53,2635.17,2814.07,1922.19,2184.41,79.99,192.86,71.68,138.55,12.18,12.03,1.01,58.69,7542.85,769.5,844.09,134.04,-268.08,83.48,0.1029,57.68,0.0023,0.0822,0.0799,1.5,695,752,814,9794
Global Surfaces,543829,GSLSU,Consumer Durables,93.68,397.03,96.75,207.64,225,-28.72,-27.74,57.15,46.97,46.06,57.47,74.5,-1.92,7.94,-10.5,-0.43,50.68,,30.36,64.75,375.3,-9.67,-9.33,1.39,-37.25,-31.23,-0.0702,34.39,0.0836,-0.0341,-0.1177,0,-29,-30,-31,0
GSM Foils,,GSMFOILS,Industrial Products,221.1,311.59,0,133.8,164.81,9.65,12.09,21,31.18,36.02,45.61,52,5.8,5.82,3.42,3.83,86.35,25.77,147.62,173.57,28.04,14.95,18.63,5.01,-13.72,-17.69,0.6098,25.95,0.2318,0.2528,0.0211,1,15,19,24,613
Guj.St.Petronet,532702,GSPL,Gas,320.35,18074.51,0,17370.11,16750.02,1111.08,1050.79,4727.01,3992.12,4360.47,4290.52,4106.91,567.29,717.85,220.3,314.68,11.27,17.2,-13.12,-16.08,14866,2290.91,2186.08,522.29,2803.4,2740.85,0.1058,-2.96,-0.0357,-0.0543,-0.0186,-3.2,994,940,889,15288
GTL Infra.,532775,GTLINFRA,Telecom - Services,1.5,1921.49,0,1344.07,1346.4,-867.86,-905.51,332.2,336.38,338.47,337.02,334.53,45.73,79.85,-248.89,-232.42,,,0.7,-15.03,-5600.67,60.65,56.08,0,194.43,635.43,0.1617,-15.73,0.0017,0.0434,0.0416,0,-866,-829,-793,0
GTPL Hathway,540602,GTPL,Entertainment,105.88,1190.76,0,3477.2,3537.52,47.98,44.25,843.37,855.56,887.27,890.99,903.7,105.34,106.86,10.74,10.56,20.97,26.91,7.15,-26.1,1334.46,93.9,86.45,7.51,454.81,451.93,0.0388,-33.25,0.0173,-0.0777,-0.0951,-3.5,41,38,35,934
Gufic BioScience,509079,GUFICBIO,Pharmaceuticals & Biotechnology,365.15,3661.63,20.17,819.81,843.9,69.84,61.14,202.81,204.18,207.79,205.02,226.91,26.64,32.34,7.97,12.07,38.36,59.89,11.88,-42.14,764.06,118.83,110.32,13.96,-7.46,122.78,0.0983,-54.02,0.0294,-0.1246,-0.154,-4.8,54,47,41,2457
Gujarat Alkalies,530001,GUJALKALI,Chemicals & Petrochemicals,566.55,4160.74,0,4072.91,4200.73,-66.36,-34.37,977.3,990.73,1029.41,1075.47,1105.12,101.19,95.05,8.82,-13.78,11.84,,13.08,69.05,4765.56,-21.91,20.4,2.55,66.62,381.18,-0.0067,55.97,0.0314,-0.4821,-0.5135,0,-51,-75,-112,0
Guj Apollo Inds,522217,GUJAPOLLO,Industrial Manufacturing,453.1,534.66,0,41.46,44.09,0.77,-0.49,8.53,9.83,6.23,16.95,11.08,-8.56,-2.34,-8.76,1.15,26.23,,29.89,-71.11,291.79,6.86,7.52,2.46,7.4,-15.57,0.0068,-101,0.0634,-1.6364,-1.6998,0,-1,-3,-9,0
Gujarat Gas,539336,GUJGASLTD,Gas,429.65,29576.68,0,16486.95,15907.54,1154.95,1145.25,4450.3,3781.75,4152.89,4102.01,3870.89,449.51,519.87,287.88,327.64,26.09,25.83,-13.02,-0.93,9047.31,1610.15,1578.54,357.81,1634.04,1805.86,0.1661,12.09,-0.0351,-0.0084,0.0267,-30.8,1136,1126,1117,28843
Guj. Themis Bio.,506879,GUJTHEM,Pharmaceuticals & Biotechnology,420.45,4581.44,0,150.8,147.85,48.77,44.6,38.83,34.72,39.52,37.74,35.87,16.04,13.92,12,9.06,49.5,102.72,-7.62,-31.57,257.11,65.9,60.13,14.39,64.21,91.03,0.2294,-23.95,-0.0196,-0.0855,-0.0659,-12,41,37,34,3504
Gulf Oil Lubric.,538567,GULFOILLUB,Petroleum Products,1201.9,5927.73,8.56,3554.36,3665.65,351.24,370.89,885.07,849.33,904.88,915.08,996.36,124.48,126.57,91.62,96.66,15.38,15.98,12.57,9.82,1288.51,505.45,532.88,129.59,348.14,423.26,0.3884,-2.75,0.0313,0.0559,0.0246,2.9,392,414,437,6978
Gulshan Polyols,532457,GULPOLY,Agricultural Food & other Products,145.37,906.68,5.97,2019.67,2158.34,23.62,28.26,454.56,440.47,609.76,514.88,593.23,28.89,36.6,7.02,13.17,40.89,32.08,30.51,35.63,776.85,61.31,73.66,0,66.25,41.78,0.0364,5.12,0.0687,0.1964,0.1278,1.6,34,40,48,1553
GVK Power Infra.,532708,GVKPIL,Construction,3.57,563.78,0,802.16,658.74,78.93,-138.89,223.95,390.87,143.24,44.1,80.53,4.78,-283.13,-113.46,-202.78,18.8,,-64.04,-1718.66,1171.65,511.8,69.02,50.18,793.97,598.56,-0.0757,-1654.62,-0.1788,-2.7597,-2.5809,0,-522,-1963,-7381,0
GE Power,532309,GVPIL,Electrical Equipment,332.5,2235.31,0,1047.1,1087.55,202.98,-0.91,246.4,217.42,316.9,266.38,286.85,-35.1,-12.2,-54.51,34.72,165.07,,16.42,245.7,271.64,17.57,52.47,32.63,182.4,319.65,0.1168,229.28,0.0386,-1.0045,-1.0431,0,-2,-4,-7,0
GE Vernova T&D,522275,GVT&D,Electrical Equipment,3012.4,77132.5,25.91,4292.3,4664.09,608.42,764.99,958.34,1107.77,1073.65,1152.54,1330.13,252.14,387.6,186.49,291.2,153.48,100.83,38.8,116.44,1309.33,846.4,1044.8,295.54,518.36,903.58,0.81,77.64,0.0866,0.2573,0.1707,3.9,962,1209,1521,153321
Hind.Aeronautics,541154,HAL,Aerospace & Defense,4832.9,323212.3,0,30980.95,31452.46,8358.42,8306.41,4347.5,5976.29,6957.31,13699.85,4819.01,5294.9,1282.4,3976.66,1383.77,32.18,38.91,10.85,-3.71,58199.51,10881.11,11140.8,2939.09,8222.82,13643.46,0.1932,-14.56,0.0152,-0.0062,-0.0214,-62.5,8255,8203,8152,317207
Happiest Minds,543227,HAPPSTMNDS,IT - Software,500.8,7625.92,85.67,2060.84,2146.92,192.67,198.23,463.82,521.64,530.81,544.57,549.9,83.88,94.02,41.48,57.13,52.42,38.47,18.56,11.95,1653.99,366.91,380.55,85.13,212.56,236.42,0.1713,-6.61,0.0418,0.0289,-0.0129,13.3,204,210,216,8305
Happy Forgings,544057,HAPPYFORGE,Industrial Products,928.35,8754.74,0,1408.89,1421.22,267.66,269.41,341.47,361.13,354.32,351.97,353.8,102.28,101.15,67.77,65.69,38.81,32.5,3.61,2.87,1543.29,367.33,370.91,84.08,189.43,292.36,0.229,-0.74,0.0088,0.0065,-0.0022,49.7,271,273,275,8929
Hardwyn India,541276,HARDWYN,Consumer Durables,13.53,660.85,0,184.6,186.62,11.23,13.52,40.93,51.65,46.39,45.64,42.94,2.98,5.69,1.86,3.63,104.71,48.88,4.91,170.9,398.56,17.05,20.33,5.69,2.14,2.14,0.0482,165.99,0.0109,0.2039,0.193,2.4,16,20,24,1153
Hariom Pipe,543517,HARIOMPIPE,Industrial Products,470.05,1455.62,0,1604.11,1474.82,61.55,67.83,343.18,314.28,299.88,399.7,460.96,48.85,57.59,17.24,23.61,27.64,21.46,34.32,34.84,669.2,127.76,138.98,21.97,4.96,78.63,0.1342,0.52,-0.0806,0.102,0.1826,2.1,75,82,91,1948
Harri. Malayalam,500467,HARRMALAYA,Industrial Products,203.88,376.36,0,511.93,532.72,14.22,26.46,97.66,137.3,142.25,136.71,116.46,6.57,8.21,5.19,5.96,27.18,14.22,19.25,206.24,252.59,27.3,39.76,0,32.98,23.35,0.1048,186.99,0.0406,0.8608,0.8201,0.2,49,92,170,2424
Harsha Engg Intl,543600,HARSHA,Industrial Products,390.7,3557.09,51.22,1407.65,1429.78,106.33,109.29,343.16,352.58,338.94,372.97,365.29,35.16,55.43,15.71,37.93,33.67,32.55,6.45,5.21,1026.96,170.31,174.9,42.53,135.79,206.34,0.1478,-1.24,0.0157,0.0278,0.0121,11.7,112,115,119,3863
Hathway Cable,533162,HATHWAY,Entertainment,14.2,2513.55,0,2039.65,2067.54,96.15,105.77,502.61,512.74,511.15,513.15,530.5,90.75,87.61,35.06,31.03,34,23.76,5.55,63.75,1317.46,131.91,141.95,0.34,-409.59,290.3,0.0805,58.2,0.0137,0.1001,0.0864,2.4,116,128,141,3345
Hatsun Agro,531531,HATSUN,Food Products,880.9,19621.89,0,8667.24,8827.09,281.02,302.98,2375.06,2072.1,2009.75,2210.33,2534.91,228,370.29,49.64,148.08,92.86,64.76,6.73,13.44,2649.41,561.69,591.01,110.38,-71.45,1443.05,0.156,6.71,0.0184,0.0781,0.0597,8.3,327,352,380,24590
Havells India,517354,HAVELLS,Consumer Durables,1495.9,93784.21,3.67,21778.06,21427.2,1483.41,1412.08,5806.21,4539.31,4888.98,6543.56,5455.35,757.05,515.67,517.83,347.72,72.05,66.42,-6.04,-14.75,8865.85,2077.6,1955.29,487.03,1952.89,1515.29,0.2142,-8.71,-0.0161,-0.0481,-0.032,-13.8,1344,1280,1218,80901
HBL Engineering,517271,HBLENGINE,Industrial Products,882.5,24462.45,0,1967.2,2048.87,278.18,343.11,520.11,520.96,450.56,475.58,601.77,79.49,191.87,45.77,145.57,50.57,71.3,15.7,81.69,1176.63,388.58,468.8,117.86,273.1,239.14,0.3918,65.99,0.0415,0.2334,0.1919,3.1,423,522,644,45903
Hind.Construct.,500185,HCC,Construction,28.64,5210.98,0,5603.37,4878.75,-2.58,-50.82,1815.95,1406.91,1006.81,1373.7,1091.33,288.45,179.47,90.08,50.73,37.33,,-39.9,2162.2,1213.01,583.23,628.6,-10.33,90.68,133.61,-0.0504,2202.1,-0.1293,18.6977,18.827,0,899,17716,348964,0
Health.Global,539787,HCG,Healthcare Services,690.25,9732.53,0,2218.14,2310.43,44.89,37.08,525.58,553.54,558.57,585.16,613.16,105.63,107.79,7.36,4.75,142.74,262.47,16.66,-60.68,2264.03,212.59,216.21,29.9,284.58,317.11,0.0296,-77.34,0.0416,-0.174,-0.2156,-15.1,31,25,21,5485
HCL Infosystems,500179,HCL-INSYS,IT - Hardware,15.22,501.06,0,24.61,24.17,-26.95,-27.33,7.47,6.79,5.7,4.65,7.03,-14.12,-10.13,-9.74,-4.5,,,-5.89,-8.96,-516.06,-26.3,-27.19,0,-36.18,-28.21,0.053,-3.07,-0.0179,0.0141,0.032,0,-27,-27,-26,0
HCL Technologies,532281,HCLTECH,IT - Software,1495.5,405828.6,96.87,117055,119347,17238.99,16976,28057,28862,29890,30246,30349,6482,6035,4307,3843,23.91,23.91,8.17,-9.73,62828,23703,23405,5190,22448,22261,0.3528,-17.9,0.0196,-0.0153,-0.0348,-15.7,16717,16462,16211,387602
HDB FINANC SER,544429,HDBFS,Finance,736.8,61122.48,0,16300.28,16300.28,2175.78,2175.78,3883.8,,4143.6,4266.1,4465.4,2408.5,2523.6,530.9,567.7,28.49,28.09,14.98,-2.41,-3068.9,9360.96,9360.96,679.08,-16736,-13626.3,-0.9303,-17.39,0,0,0,,2176,2176,2176,61118
HDFC AMC,541729,HDFCAMC,Capital Markets,5520,118130.1,0,4049.61,3690.55,2460.99,2604.99,775.24,887.21,934.36,901.22,967.76,730.76,773.68,638.73,747.92,39.1,45.35,24.83,23.83,56.07,3295.77,3530.19,786.83,1620.01,2076.7,60.4926,-1,-0.0887,0.0585,0.1472,7.8,2757,2919,3090,140111
HDFC Bank,500180,HDFCBANK,Banks,980.9,1507025,0,336367.4,342193.1,70677.36,70575.31,81546.2,83001.72,85040.17,86779.34,87371.87,39070.18,22875.24,18834.88,16257.91,19.21,21.35,7.14,-1.32,286012.8,279980.1,281387.7,21021.96,19069.34,127241.8,0.3203,-8.46,0.0173,-0.0014,-0.0188,-147.9,70473,70372,70270,1500265
HDFC Life Insur.,540777,HDFCLIFE,Insurance,747.3,161124.3,0,92921.74,99451.07,1664.04,1880.2,26933.85,28496.97,17300.27,24190.65,29463.18,376.87,439.32,475.36,548.35,87.19,85.7,9.39,14.49,222.2,1142.96,1492.76,-387.44,10721.36,15597.06,6.7181,5.1,0.0703,0.1299,0.0596,6.6,2124,2400,2712,232437
HEG,509631,HEG,Industrial Products,515.2,9942.2,66.45,2157.5,2205.16,115.11,196.84,571.46,567.6,478.38,542.25,616.93,-66.02,105.43,-73.67,104.83,23.96,50.51,7.96,354.99,2987.67,199.64,303.01,57.87,612.22,279.71,0.0853,347.03,0.0221,0.71,0.6879,0.7,337,576,984,49715
Heidelberg Cem.,500292,HEIDELBERG,Cement & Cement Products,199.81,4527.96,0,2148.88,2214.23,107.08,115.08,532.19,461.41,542.82,612.46,597.54,90.64,88.52,50.45,48.23,36.56,39.35,12.28,20.88,1542.01,175.59,183.96,50.45,349.52,264.65,0.1073,8.6,0.0304,0.0747,0.0443,5.3,124,133,143,5621
Hemisphere Prop,543242,HEMIPROP,Commercial Services & Supplies,148.26,4225.41,0,0.91,0.95,-7.52,-8.06,0.2,0.23,0.24,0.24,0.24,-3.14,-2.27,-1.06,-2.64,,,20,-25.71,351.6,-3.19,-3.59,0,-6.63,-16.86,-0.0229,-45.71,0.044,0.0718,0.0279,0,-7,-7,-6,0
Heranba Inds,543266,HERANBA,Fertilizers & Agrochemicals,316.35,1265.83,30.4,1409.73,1565.91,3.08,-7.61,296.25,437.42,341.29,334.77,452.43,-14.48,31.24,-41.49,6.1,28.43,,52.72,-63.63,905.29,48.61,43.39,15.05,107.2,101.3,0.0082,-116.35,0.1108,-3.4708,-3.5816,0,-34,-152,-680,0
Hercules Hoists,505720,HERCULES,Industrial Manufacturing,203.94,652.61,,0,0,5.58,5.37,0,0,0,0,0,-0.16,-0.13,0,-0.01,20.18,121.53,,-104.76,1.19,5.67,5.44,0.02,-1.11,7.59,4.5294,-104.76,,-0.0376,,-32.3,5,5,5,582
Heritage Foods,519552,HERITGFOOD,Food Products,490.6,4552.57,0.05,4134.6,4238.69,179.9,176.53,1032.67,1019.52,1033.94,1048.47,1136.76,78.35,72.58,44.3,40.55,29.57,25.79,10.08,-30.6,937.92,263.8,260.36,61.97,389.88,213.93,0.2543,-40.68,0.0252,-0.0187,-0.0439,-13.8,173,170,167,4302
Hero Motocorp,500182,HEROMOTOCO,Automobiles,5500,110037.3,9.05,40923.42,40440.38,4262.94,5037.88,10210.79,10482.93,10259.89,9969.81,9727.75,1440.75,1412.9,1161.33,1705.29,20.95,21.84,-4.73,63.05,6092.08,5847.54,6724.37,1441.71,4923.07,4297.39,1.0636,67.78,-0.0118,0.1818,0.1936,1.2,5954,7036,8315,181600
Hester Bios,524669,HESTERBIO,Pharmaceuticals & Biotechnology,1741.8,1481.73,16.12,311.1,312.95,27.8,37.59,82.27,83.69,63.22,81.93,84.11,19.18,22.81,1.29,16.44,55.24,39.42,2.24,159.31,486,52.76,58.68,11.3,48.18,64.51,0.1006,157.07,0.0059,0.3522,0.3462,1.1,51,69,93,3663
Heubach Colorant,506390,HEUBACHIND,Chemicals & Petrochemicals,529.45,1222.07,0,825.06,862.4,57.84,70.73,173.38,218.42,212.98,220.28,210.72,17.8,24.42,18.01,17.09,32.01,17.28,21.54,230.56,519.05,79.51,95.58,21.52,94.51,110.6,0.1777,209.02,0.0453,0.2229,0.1776,0.8,86,106,129,2235
Hexa Tradex,534328,HEXATRADEX,Finance,174.88,966.21,0,4.56,4.56,-24.95,-23.23,0,3.06,0,1.5,0,-3.08,0.39,-3.69,-0.16,15.65,,,-125.4,2.23,2.11,5.75,0.6,96.31,22.49,-10.148,-125.4,0,-0.0689,-0.0689,0,-25,-27,-28,0
Hexaware Tech.,544362,HEXT,IT - Software,716.6,43641.44,0,11974.4,12758.7,1166.09,1328.6,2935.5,3135.7,3154.4,3207.9,3260.7,527.8,404.4,327.2,379.9,34.69,32.85,11.08,37.99,5834.3,1617.5,1814.1,382.6,1515.6,1548,0.2933,26.91,0.0655,0.1394,0.0739,2.4,1514,1725,1965,64553
HFCL,500183,HFCL,Telecom - Services,76.04,10970.08,0,4064.52,3777.3,177.41,33.87,1158.24,1093.61,1011.95,800.72,871.02,-37.07,28.4,-81.43,-32.24,39.44,323.89,-24.8,-128.97,3934.98,401.6,251.42,14.1,-44.87,396,0.0122,-104.17,-0.0707,-0.8091,-0.7384,-4,6,1,0,76
H.G. Infra Engg.,541019,HGINFRA,Construction,934.5,6090.24,0,5056.18,5010.34,493.89,431.18,1528.04,902.41,1264.84,1360.89,1482.2,239.45,259.45,136.44,98.82,12.84,14.12,-3,-39.21,3640.31,929.15,873.71,186.69,-310.65,-877.67,0.1697,-36.21,-0.0091,-0.127,-0.1179,-1.1,376,329,287,4051
Hinduja Global,532859,HGS,Commercial Services & Supplies,494.5,2300.43,0,4404.18,4368.49,121.33,-84.19,1091.92,1087.15,1064.05,1161.06,1056.23,142.5,28.72,3.81,-40.06,31.44,,-3.27,24.39,4652.52,294.07,308.18,56.9,192.42,457.17,-0.0059,27.66,-0.0081,-1.6939,-1.6858,0,-227,-611,-1646,0
Hi-Green Carbon,,HIGREEN,Other Utilities,214.75,536.66,2.34,96.73,96.73,10.04,10.04,36.83,,,36.09,60.69,7.07,12.03,5.31,5.82,47.19,53.45,64.78,14.34,95.85,13.87,13.87,2.55,-1.83,12.36,0.1314,-50.44,0,0,0,,10,10,10,537
Hikal,524735,HIKAL,Pharmaceuticals & Biotechnology,248.05,3058.48,61.68,1859.8,1833.4,90.43,63.3,406.8,452.9,447.7,552.4,380.4,123.4,25.1,50.2,-22.4,52.41,48.32,-6.49,-539.22,1691.6,198.5,159,28.5,186.7,280.4,0.0543,-532.73,-0.0142,-0.3,-0.2858,-1.6,44,31,22,1049
Highway Infra,544477,HILINFRA,Transport Infrastructure,80.08,574.34,0,418.38,418.38,19.39,19.39,82.28,,,128.73,113.6,14.62,10.96,11.8,7.2,26.12,29.62,38.07,127.85,88.47,31.11,31.11,5,3.31,-10.73,0.2757,89.78,0,0,0,,19,19,19,574
Himatsing. Seide,514043,HIMATSEIDE,Textiles & Apparels,117.82,1481.5,0,2778.2,2699.68,18.02,150.47,735.46,694.33,691.5,656.91,656.94,117.78,120.67,96.03,10.9,14.96,9.85,-10.68,-46.98,3382.49,409.15,402.93,26.62,322.34,235.13,0.0524,-36.3,-0.0283,7.3502,7.3784,0,1256,10492,87606,862922
Hindalco Inds.,500440,HINDALCO,Non - Ferrous Metals,773.95,173924.1,67.29,238496,245715,16116.16,17308.99,57013,58203,58390,64890,64232,8836,7906,5278.41,4004,10.35,10.05,12.66,21.95,169864,25916,27028,6541,24056,24410,0.1404,9.29,0.0303,0.074,0.0437,1.4,18590,19966,21444,215510
Hind.Composites,509635,HINDCOMPOS,Auto Components,447.3,660.62,0,325.08,335.01,43.26,42.92,77.15,76.95,81.83,89.15,87.08,16.23,13.76,15.2,7.46,18.15,15.39,12.87,-13.96,174.06,55.33,57.32,9.76,40.27,29.86,0.3027,-26.83,0.0305,-0.0079,-0.0384,-19.6,43,42,42,645
Hindustan Copper,513599,HINDCOPPER,Non - Ferrous Metals,344.55,33318.81,7.16,2070.97,2093.73,463.19,489.4,493.6,518.19,327.77,731.4,516.37,266.7,212.01,190.54,134.28,53.96,68.08,4.61,18.4,2885.39,634.06,664.19,150.45,341.22,544.31,0.2218,13.79,0.011,0.0566,0.0456,12,517,546,577,39300
Hindustan Motors,500500,HINDMOTORS,Automobiles,20.21,421.7,0,2.25,1.38,0.97,11.65,0.87,0.79,0.59,0,0,-1.91,-0.92,-0.71,4.16,35.65,36.2,-100,-48.51,32.25,1.33,14.84,3.11,-15.25,-26.94,0.4577,51.49,-0.3867,11.0103,11.397,0,140,1680,20183,730629
Hind.Oil Explor.,500186,HINDOILEXP,Oil,165.9,2193.92,0,420.87,363.37,147.21,117.27,136.15,94.81,146.52,43.39,78.65,4.78,32.18,51.16,11.98,15.89,18.71,-42.23,-71.42,1517.4,172.07,133.54,-2.9,122.8,160.7,0.0754,-29.19,-0.1366,-0.2034,-0.0668,-0.9,93,74,59,1109
H P C L,500104,HINDPETRO,Petroleum Products,452.5,96283.97,2.5,434106.2,431043.2,6747.59,10212.69,113888.3,99977.12,110608,109632.8,110825.3,5795.32,7460.67,3415.44,4110.93,8.34,9.43,-2.69,548.47,62346.19,12381.49,17190.61,2720.37,23851.87,14227.74,0.2074,551.16,-0.0071,0.5135,0.5206,0.2,15457,23395,35409,333908
Hind. Unilever,500696,HINDUNILVR,Diversified FMCG,2528.9,594188.1,0,63121,63928,10423.69,10633.88,15707,15926,15818,15670,16514,3618,3717,2565.14,2861.97,57.22,55.88,5.14,8.18,57107,14505,14392,3261,15469,11886,0.2433,3.04,0.0128,0.0202,0.0074,27.7,10848,11067,11290,630898
Hindware Home In,542905,HINDWAREAP,Consumer Durables,348.35,2913.82,0,2522.99,2454.24,-44.4,-20.46,599.91,629.83,594.23,699.02,531.16,40.89,48.75,-6.87,17.93,69.99,,-11.46,613.75,1183.85,60.24,63.89,11.45,240.77,192.09,-0.0076,625.21,-0.0272,-0.5392,-0.5119,0,-31,-48,-75,0
Hindustan Zinc,500188,HINDZINC,Non - Ferrous Metals,498.3,210547.7,0,33969,33562,10327.71,10185.85,8130,8242,8556,9041,7723,4783,3816,2976,2204,17.26,20.67,-5.01,-6.53,12360,14639,14460,3132,13343,14127,1.0775,-1.52,-0.012,-0.0137,-0.0018,-15,10046,9908,9772,201984
Hind Rectifiers,504036,HIRECT,Industrial Manufacturing,1627.4,2796.49,0,655.37,734.6,36.59,43.16,135.53,165.84,168.94,185.05,214.77,20.06,24.27,10.15,12.81,63.11,64.79,58.47,84.85,164.38,63.05,72.26,15.53,33.9,35.62,0.357,26.38,0.1209,0.1796,0.0587,3.6,51,60,71,4589
Hi-Tech Pipes,543411,HITECH,Industrial Products,118.55,2407.84,0.34,3067.64,2992.02,72.88,75.81,866.98,705.9,761.02,733.74,791.36,34.93,41.03,17.63,20.92,28.77,31.76,-8.72,15.9,1192.21,140.91,138.7,21.55,-95.19,69.83,0.0817,24.62,-0.0247,0.0402,0.0649,7.9,79,82,85,2710
Hitech Corp.,526217,HITECHCORP,Industrial Products,196.57,337.62,0.95,561.43,583.7,7.95,10.75,142.62,146.51,123,149.29,164.9,15.77,20.48,1.96,4.75,34.31,31.41,15.62,43.07,306.54,26.57,31.52,3.63,,48.1,0.0469,27.45,0.0397,0.3522,0.3125,0.9,15,20,27,835
The Hi-Tech Gear,522073,HITECHGEAR,Auto Components,854.8,1606.44,48.35,926.96,881.88,39.9,32.13,260.63,246.39,205.06,214.88,215.55,33.22,26.15,9.72,6,28.33,50,-17.3,-57.87,606.36,83.44,70.68,18.05,117.45,149.04,0.0828,-40.57,-0.0486,-0.1947,-0.1461,-2.6,26,21,17,839
HLE Glascoat,522215,HLEGLAS,Industrial Manufacturing,500.7,3418.05,0,1027.59,1084.47,46.71,56.28,227.07,235.78,231.03,333.71,283.95,52,37.6,20.34,14.76,64.33,60.73,25.05,334.12,678.51,114.12,126.39,19.12,94.73,134.36,0.1111,309.07,0.0554,0.2049,0.1495,3,68,82,98,5978
HLV,500193,HLVLTD,Leisure Services,11.31,745.62,0,203.31,201.1,25.37,20.22,42.95,43.37,57.73,59.26,40.74,12.88,-1.71,12.24,-3.47,60.42,36.88,-5.15,-314.2,429.06,27.61,22.52,0,23.82,33.72,0.0471,-309.05,-0.0109,-0.203,-0.1921,-1.8,16,13,10,378
HMA Agro Inds.,543929,HMAAGRO,Food Products,30.35,1519.84,91.4,5133.02,5543.01,86.43,86.26,712.61,1465.86,1454.98,1499.56,1122.61,4.68,5.3,13.22,0.81,25.43,17.62,57.53,-39.1,572.65,151.97,149.08,29.39,-165.81,124.39,0.202,-96.63,0.0799,-0.002,-0.0818,-89.6,86,86,86,1511
HMT,500191,HMT,Industrial Manufacturing,57.4,2041.15,0,142.31,135.11,-143.06,-139.48,31.75,41.59,29.19,39.78,24.55,-64.5,-21.03,-59.7,-27.77,,,-22.68,4.04,-1774.1,-70.4,-71.45,2.99,-846.77,-46.41,0.0769,26.72,-0.0506,-0.025,0.0256,0,-143,-147,-150,0
Hindustan Media,533217,HMVL,Media,82.86,610.44,0,732.89,753.7,73.96,86.63,162.18,171.99,197.47,201.25,182.99,-1.11,-8.98,45.17,10.03,29.83,7.05,12.83,2765.71,-45.62,84.14,98.18,0,16.4,37.89,-1.8989,2752.88,0.0284,0.1713,0.1429,0.4,101,119,139,981
Hindustan Foods,519126,HNDFDS,Diversified FMCG,525.8,6282.35,3.65,3564.38,3690.99,107.38,114.11,868.08,883.2,879.73,933.37,994.69,77.36,80.01,30.75,31.73,69.55,55.06,14.59,16.44,1523.91,226.21,234.49,38.54,86.7,113.68,0.1002,1.85,0.0355,0.0627,0.0272,8.8,121,129,137,7540
Home First Finan,543259,HOMEFIRST,Finance,1222.6,12661.32,0,1539.08,1647.13,382.07,413.19,336.42,372.91,405.95,414.66,453.61,331,359.51,104.69,118.89,29.32,30.64,34.83,35.46,1065.42,1220.26,1303.34,126.58,-1907.68,-2198.34,0.5066,0.63,0.0702,0.0815,0.0112,3.8,447,483,523,16013
Honasa Consumer,544014,HONASA,Personal Products,291.85,9495.92,0,1865.71,1994.23,64.08,71.17,543.56,417.48,470.55,522.57,583.63,23.91,41.52,24.61,39.9,106.18,133.43,7.37,1.6,391.21,94.67,104.95,20.66,218.02,78.3,0.2347,-5.77,0.0689,0.1106,0.0418,12.1,79,88,98,13010
Honeywell Auto,517174,HONAUT,Industrial Manufacturing,36475,32243.9,41.88,4189.6,4412.3,523.74,511.7,960.4,1023.9,1090.8,1114.5,1183.1,159.4,141.5,139.9,124.6,78.43,63.01,23.19,-8.72,3948.8,718.2,696.9,199.3,438.7,426.3,0.1801,-31.91,0.0532,-0.023,-0.0761,-27.4,500,488,477,30069
Honda India,522064,HONDAPOWER,Industrial Manufacturing,2710,2747.94,0,794.23,804.97,79.35,73.27,144.17,177.2,204.18,268.68,154.91,43.4,8.44,36.16,9.48,29.14,37.5,7.45,-41.3,757.25,107.4,99.12,27.99,105.64,22.09,0.1337,-48.75,0.0135,-0.0766,-0.0901,-4.9,68,62,58,2163
HP Adhesives,543433,HPAL,Chemicals & Petrochemicals,47.54,436.77,0,251.25,256.91,17.32,16.42,60.52,58.87,65.72,66.19,66.13,5.6,6.61,4.12,4.22,49.62,26.6,9.27,-25.04,158.24,24.67,23.67,3.87,21.64,9.7,0.1282,-34.31,0.0225,-0.052,-0.0745,-5.1,16,15,14,372
HPL Electric,540136,HPL,Industrial Manufacturing,445.55,2864.91,0,1700.24,1690.37,94.35,95.17,392.91,422.32,392.48,492.54,383.03,82.23,58,37.14,18.43,40.86,30.1,-2.51,8.28,949.76,218.16,218.2,34.58,100.28,138.21,0.1366,10.79,-0.0058,0.0087,0.0145,34.6,96,97,98,2940
HP Telecom,,HPTL,Commercial Services & Supplies,280,333.61,0,1596.11,1596.11,12.58,12.58,635.2,,,,1002.66,,16.84,,7.34,17.46,26.52,57.85,34.68,45.32,27.68,27.68,4.51,-26.35,-47.73,0.3771,-23.17,0,0,0,,13,13,13,334
Himadri Special,500184,HSCL,Chemicals & Petrochemicals,455.5,22494.84,26.71,4612.63,4530.51,555.53,614.69,1200.41,1136.92,1140.66,1134.64,1118.29,233.31,245.01,155.58,181.69,38.94,36.6,-6.84,48.17,3332.59,850.8,916.36,172.83,404.76,446.86,0.2363,55.01,-0.0178,0.1065,0.1243,3.4,680,753,833,30478
H T Media,532662,HTMEDIA,Media,27.63,643.15,0,1805.63,1839.27,0.56,18.47,378.51,423.75,489.8,513.57,412.15,25.63,-29.55,45.37,-13.33,34.57,34.82,8.89,47.73,53.32,71.79,94.52,0,-53.16,56.56,0.3464,38.84,0.0186,31.9821,31.9635,0,609,20092,662679,23074498
Hubtown,532799,HUBTOWN,Realty,310.6,4290.53,0,408.47,475.56,44.11,120.35,120.32,98.94,92.46,96.75,187.41,8.45,40.77,3.53,79.28,37.37,35.65,55.76,1349.36,2342.28,228.28,299.87,-0.11,160.67,-579.76,0.0513,1293.6,0.1642,1.7284,1.5642,0.2,328,896,2444,87143
H U D C O,540530,HUDCO,Finance,232.92,46628.25,0,10344.63,11060.25,2708.75,2781.62,2188.35,2517.72,2760.23,2844.99,2937.31,2873.1,2828.32,727.74,630.23,15.43,16.76,34.22,13,1072.15,10383.59,11069.26,648.87,-10286.7,-31602.7,3.1996,-21.22,0.0692,0.0269,-0.0423,6.2,2856,2933,3012,50485
Huhtamaki India,509820,HUHTAMAKI,Industrial Products,235.01,1774.84,0,2521.18,2493.77,60.35,72.87,639.45,652.5,619.11,609.93,612.23,38.73,42.59,25.65,24.73,25.1,24.36,-4.26,52.84,1333.82,98.06,110.58,9.01,273.58,142.34,0.0614,57.1,-0.0109,0.2075,0.2183,1.2,88,106,128,3125
Hyundai Motor I,544274,HYUNDAI,Automobiles,2405.2,195432.4,19.49,67653.81,66704.55,5494.7,5380.19,16974.16,16876.17,16241.53,17561.95,16024.9,2489.07,2134.85,1582.56,1335.75,32.02,36.32,-5.59,-7.74,15964.02,7521.56,7364.05,1934.8,9113.34,4251.32,0.4582,-2.15,-0.014,-0.0208,-0.0068,-17.4,5268,5158,5051,183444
ICE Make Refrig.,,ICEMAKE,Industrial Manufacturing,728.55,1149.63,0,471.79,500.49,23.27,17.98,83.17,101.38,108.64,178.61,111.86,20.76,4.19,11.52,-1.39,41.67,63.94,34.5,-136.1,164.57,35.37,30.3,6.72,9.94,30.39,0.1501,-170.6,0.0608,-0.2273,-0.2882,-2.8,14,11,8,530
ICICI Bank,532174,ICICIBANK,Banks,1380.3,986123.1,0,186331.5,190829.8,50998.53,52890.96,44581.65,46325.78,47037.12,48386.92,49079.96,10799.15,17088.47,13502.22,13557.6,18.81,18.64,10.09,15.92,171687.5,161837.3,166582.7,18303.43,157284.5,122805.3,0.4147,5.83,0.0241,0.0371,0.013,5,54854,56889,59000,1099762
ICICI Lombard,540716,ICICIGI,Insurance,1862.8,92685.88,0,23960.92,24755.14,2508.6,2675,5601.35,6147.3,6161.11,6051.16,6395.57,608.6,980.74,509.59,747.08,38.22,34.65,14.18,28.72,-39509.9,3321.73,3541.03,866.03,2406.77,1147.3,-0.0896,14.54,0.0331,0.0663,0.0332,5.2,2852,3042,3243,112384
ICICI Pru Life,540133,ICICIPRULI,Insurance,597.7,86474.15,0,70778.14,70783.41,1185.52,1262.17,25396.07,25158.31,4536.44,15687.32,25401.34,415.07,212.9,385.28,300.99,85.86,68.51,0.02,34.17,1244.28,1581.81,1700.93,438.76,-7315.05,-9412.84,1.367,34.15,0.0001,0.0647,0.0646,10.6,1344,1431,1523,104352
Indo Count Inds.,521016,ICIL,Textiles & Apparels,275.05,5447.48,89.23,4151.39,4168.67,246.74,206,941.43,1035.85,1151.55,1022.56,958.71,81.94,110.03,11.2,37.79,18.47,26.44,1.84,-51.43,2719.89,457.74,408.57,64.38,145.8,394.14,0.0994,-53.27,0.0042,-0.1651,-0.1693,-1.6,172,144,120,3170
ICRA,532835,ICRA,Capital Markets,6252,6033.95,32.47,498.02,507.69,169.99,176.93,114.82,126.12,120.87,136.21,124.49,59.16,39.75,55.74,42.44,36.11,34.1,8.42,19.48,272.66,238.76,249.44,55.57,107.01,144.89,0.8527,11.06,0.0194,0.0408,0.0214,8.4,184,192,199,6803
IDBI Bank,500116,IDBI,Banks,93.46,100492,0,28917.07,29273.85,7633.01,7915.54,6669.84,7445.01,7819.25,6982.97,7026.62,4567.83,4935.98,2087.49,2019.18,15.56,12.7,5.35,16.42,48851.9,24996.69,25361.04,2807.77,-1252.49,25795.7,0.2195,11.07,0.0123,0.037,0.0247,3.4,8209,8512,8827,112108
Vodafone Idea,532822,IDEA,Telecom - Services,9.04,97942.1,0,43571.3,44085.5,-27480.5,-27559.4,10508.3,10932.2,11117.3,11013.5,11022.5,4659.7,4612.1,-7166.1,-6608.1,,,4.89,-2.74,134957.4,-2921.3,-2634.5,-4.1,20826.1,9290.6,-0.2042,-7.63,0.0118,0.0029,-0.0089,0,-27480,-27401,-27323,0
Ideaforge Tech,543932,IDEAFORGE,Aerospace & Defense,477.45,2064.73,0.32,161.22,87.8,-65.19,-87.02,86.19,37.1,17.61,20.31,12.78,-21.85,-19.08,-25.71,-23.56,89.06,,-85.17,-2113.68,471.57,-62.98,-87.63,0.87,76.04,-76.79,-0.1827,-2028.51,-0.4554,0.3349,0.7903,0,-58,-38,-26,0
IDFC First Bank,539437,IDFCFIRSTB,Banks,74.43,54626.13,0,36501.64,37355.1,1482.16,1301.18,8788.69,8957.02,9342.99,9412.94,9642.15,2954.17,3053.28,295.6,453.47,19.85,41.98,9.71,-29.44,2729.05,19060.94,19406.27,281.54,11542.89,14465.09,0.58,-39.15,0.0234,-0.1221,-0.1455,-3.4,1142,1003,880,36958
Indiabulls Enter,543715,IEL,Commercial Services & Supplies,19.54,387.55,0,53.93,53.14,-131.8,-139.92,14.88,13.24,13.32,13.42,13.16,-115.61,-1.42,-119.33,-5.8,165.42,,-11.56,-72.11,-203.78,-128.93,-134.51,-0.55,39.41,33.88,0.6893,-60.55,-0.0146,0.0616,0.0763,0,-131,-123,-116,0
Indian Energy Ex,540750,IEX,Capital Markets,139.87,12472.11,0,535.37,551.8,414.65,434.26,123.56,139.24,131.31,141.26,139.99,121.95,113.9,111.99,113.04,41.31,28.72,13.3,21,-511.52,552.83,578.23,139.64,300.15,429.6,-1.122,7.7,0.0307,0.0473,0.0166,6.1,455,476,499,14326
IFB Agro Inds.,507438,IFBAGRO,Beverages,972.75,911.47,0,1059.22,1086.77,25.33,34.63,265.23,266.79,294.97,232.23,292.78,9.99,22.95,1.63,18.19,20.98,26.32,10.39,101.44,483,39.95,56.48,15.86,-30.61,71.82,0.1045,91.05,0.026,0.3672,0.3411,0.7,47,65,88,2329
IFB Industries,505726,IFBIND,Consumer Durables,1747.7,7081.68,0,4942.28,5005.99,128.73,115.31,1237.28,1176.56,1227.95,1300.49,1300.99,58.2,60.12,22.29,25.36,79.33,61.41,5.15,-34.71,738.3,198.01,177.83,42.62,349.46,102.64,0.2139,-39.86,0.0129,-0.1042,-0.1171,-5.9,103,93,83,5089
IFCI,500106,IFCI,Finance,57.81,15575.83,0,1876.1,1895.48,171.71,321.03,387.8,617.14,457.55,413.61,407.18,493.19,192.6,227.91,40.58,104.75,48.52,5,137.51,2951.12,1287.02,1320.94,70.84,11.87,-983.74,0.1328,132.51,0.0103,0.8696,0.8593,0.6,600,1122,2098,101793
IFGL Refractori.,540774,IFGLEXPOR,Industrial Products,267.95,1931.35,0,1653.03,1692.5,42.95,29.14,414.54,411.12,378.84,448.53,454.01,33.23,36,8.43,10.81,25.73,66.28,9.52,-56.15,1061.13,73.25,57.14,15.77,152.19,28.28,0.0423,-65.67,0.0239,-0.3215,-0.3454,-2.1,20,13,9,603
Igarashi Motors,517380,IGARASHI,Auto Components,540.45,1701.07,54.65,838.42,821.05,24.17,18.52,222.07,216.07,210.8,189.47,204.71,19.71,19.61,3.06,2.51,129.17,91.85,-7.82,-69.24,480.43,46.46,38.13,7.1,50.34,93.82,0.0533,-61.42,-0.0207,-0.2338,-0.213,-3.9,14,11,8,765
Indogulf Cropsci,544432,IGCL,Fertilizers & Agrochemicals,108.8,687.88,13.63,590.42,590.42,30.53,30.53,132.13,,,126.23,189.37,20.85,9.93,9.79,3.86,16.91,22.53,43.32,656.86,243.01,57.74,57.74,13.5,36.33,-14.76,0.1812,613.54,0,0,0,,31,31,31,688
International Ge,544311,IGIL,Commercial Services & Supplies,347.45,15015.39,25.96,1053.16,1120.82,427.31,490.64,259.99,250.13,265,304.78,300.91,195.7,173.51,140.73,126.53,33.36,30.6,15.74,62.55,1242.35,594.18,675.24,170.83,302.56,393.38,0.5324,46.81,0.0642,0.1482,0.084,2.1,563,647,743,22727
Indraprastha Gas,532514,IGL,Gas,216.18,30265.23,0,14927.8,15318,1659.05,1665.62,3516.65,3697.6,3758.76,3947.64,3914,492.95,510.61,455.14,429.05,17.15,18.17,11.3,-10.84,7742.86,2133.89,2124.24,373.17,1531.76,2198.8,0.2633,-22.14,0.0261,0.004,-0.0222,45.9,1672,1679,1685,30625
I G Petrochems,500199,IGPL,Chemicals & Petrochemicals,428.95,1320.95,7.84,2206.23,2091.14,105.68,60.68,585.14,582.96,558.05,480.08,470.05,47.23,-0.69,18.96,-12.99,13.62,21.77,-19.67,-137.09,1441.78,175.45,117.64,19.12,37.19,260.98,0.0553,-117.42,-0.0522,-0.4258,-0.3736,-0.5,35,20,11,250
IIFL Finance,532636,IIFL,Finance,490,20824.54,0,10234.06,10542.7,564.22,782.59,2621.02,2556.04,2442.58,2591.25,2952.83,1526.49,1685.65,207.68,233.35,13.64,26.61,12.66,-18.99,5300.67,5489.9,5630.39,263.66,-8715.83,-4780.83,0.1974,-31.65,0.0302,0.387,0.3569,0.7,1085,1506,2088,55570
IIFL Capital,542773,IIFLCAPS,Capital Markets,302.3,9382.42,0,2519.87,2382.47,678.06,705.49,639.92,645.37,582.59,537.14,617.37,185.95,221.06,127.95,175.34,10.37,13.3,-3.52,-3.76,2007.61,1062.96,1080.81,180.94,-117.58,870.89,0.4415,-0.24,-0.0545,0.0405,0.095,3.3,734,764,795,10568
Indl. Inv. Trust,501295,IITL,Finance,198.59,447.77,0,16.58,20.45,4.01,6.94,11.65,14.48,-4.19,-5.37,15.53,-7.71,13.44,-7.54,10.28,13.77,64.52,33.3,40.05,56.22,5.52,9.31,5.45,-44.84,-138.83,0.2204,6.75,0.2334,0.7307,0.4973,0.9,12,21,36,2321
IKIO Tech,543923,IKIO,Consumer Durables,210.74,1628.61,19.83,485.88,478.99,30.9,20.65,127.04,125.04,121.52,112.29,120.14,6.18,11.3,-2.34,2.12,37.85,78.87,-5.43,-82.89,550.32,50.89,39.29,14.86,-5.2,35.05,0.0645,-77.46,-0.0142,-0.3317,-0.3175,-2.4,14,9,6,486
Inventurus Knowl,544309,IKS,IT - Services,1531.6,26278.15,0,2663.99,2764,484.4,542.02,640.09,642.78,657.16,723.96,740.1,226.18,237.76,147.8,151.54,61.02,48.48,15.62,58.7,2065.79,695.63,760.7,124.63,209.77,317.89,0.3227,43.08,0.0375,0.119,0.0814,4.1,606,679,759,36814
IL&FS Engg.,532907,IL&FSENGG,Construction,27.37,358.88,0,321.38,277.08,-33.66,-38.76,85.52,65.89,67.91,102.06,41.22,-42.69,-26.85,-20.23,-9.29,,,-51.8,-209.67,-3773.21,-29.75,-35.42,0,-72.75,-48.81,0.0103,-157.87,-0.1378,0.1515,0.2894,0,-33,-28,-24,0
Imagica. Enter.,539056,IMAGICAA,Leisure Services,54.82,3102.05,0,410.22,374.33,76.42,55.91,183.98,39.97,91.86,94.4,148.1,40.46,72.6,15.16,45.29,45.67,55.48,-19.5,-33.46,1301.17,93.05,54.69,0,104.59,147.22,0.043,-13.96,-0.0875,-0.2684,-0.1809,-2.1,41,30,22,1215
Indian Metals,533047,IMFA,Ferrous Metals,1227.8,6624.49,8.28,2564.57,2543.83,378.83,357.95,662.28,691.92,643.22,567.15,641.54,70.53,125.46,47.32,92.29,9.74,18.51,-3.13,-18.37,1432.73,542.53,514.15,105.68,459.57,585.35,0.3236,-15.24,-0.0081,-0.0551,-0.047,-3.4,338,320,302,5589
India Motor Part,590065,IMPAL,Auto Components,1067.8,1332.61,0,788.81,787.61,75.51,85.42,197.89,190.4,211.67,188.85,196.69,16.03,14.06,26.11,20.41,15.5,15.6,-0.61,-2.06,206.3,94.63,108.34,19.32,26.83,17.84,0.5077,-1.45,-0.0015,0.1312,0.1328,1.2,97,109,124,1929
Indegene,544172,INDGN,Healthcare Services,556.65,13367.37,0,2839.3,2923.6,416.47,435.4,676.5,686.8,720.4,755.6,760.8,147.5,155.3,117.6,116.4,35.98,30.7,12.46,32.73,1357,574.8,585.8,142.3,507.7,441.9,0.4257,20.27,0.0297,0.0455,0.0158,6.8,455,476,498,15274
Indian Hotels Co,500850,INDHOTEL,Leisure Services,735.55,104700.6,0,8334.54,8825.39,1661.72,1716.22,1550.23,1826.12,2533.05,2425.14,2041.08,856.78,576.03,524.01,296.37,65.44,61.01,31.66,19.32,12825.67,2441.34,2597.65,619.24,1935.14,2194.37,0.1821,-12.34,0.0589,0.0328,-0.0261,18.6,1773,1831,1891,115350
India Cements,530005,INDIACEM,Cement & Cement Products,391,12116.98,0,4148.78,4170.77,-695.97,-406.18,1026.76,1007.92,940.81,1197.3,1024.74,-3,83.19,-53.16,-10.76,63.51,,-0.2,93.31,12155.74,-537.47,-327.76,69.51,343.91,-256.22,-0.0277,93.51,0.0053,-0.4164,-0.4217,0,-575,-815,-1154,0
India Glycols,500201,INDIAGLYCO,Beverages,937.15,5803.11,14.38,3768.26,3840.08,238.18,243.79,968.64,961.2,975.2,863.22,1040.46,145.94,149.64,64.02,73.25,17.17,23.8,7.41,21.32,3422.64,465.88,480.39,16.26,438.53,362.11,0.076,13.91,0.0191,0.0236,0.0045,10.1,250,255,261,6222
Indiamart Inter.,542726,INDIAMART,Retailing,2391.4,14356.09,0,1388.34,1429.2,527.87,590.2,331.3,347.7,354.3,355.1,372.1,119.3,119.4,180.6,153.5,49.83,24.32,12.32,34.65,-558.63,683.95,764.7,164.1,559.17,623.21,-1.3503,22.33,0.0294,0.1181,0.0886,2.1,660,738,825,20062
Indian Bank,532814,INDIANB,Banks,776.25,104558.1,0,62039.43,63283.9,11259.77,11477.27,15040.63,15369.01,15770.16,15859.63,16285.1,10762.14,11404.95,2981.64,2786.2,7.67,9.11,8.27,8.4,45602.28,51688.06,53615.64,4163.14,-8617.26,17396.4,0.343,0.13,0.0201,0.0193,-0.0007,4.7,11699,11925,12155,110735
Indian Hume Pipe,504741,INDIANHUME,Industrial Manufacturing,359.15,1892.07,0,1491.23,1434.52,101.09,85.49,364.14,354.37,380.62,392.1,307.43,55.99,33.74,35.94,21.92,22.85,22.13,-15.57,-29.65,1158.64,188.97,164.99,104.63,213.04,203.8,0.1641,-14.08,-0.038,-0.1543,-0.1163,-1.4,72,61,52,1144
INDIA SHELTE FIN,544044,INDIASHLTR,Finance,880.55,9541.36,0,1164.51,1274.16,377.16,412.95,251.27,282.28,303.96,326.99,360.93,243.76,264.1,107.92,119.23,23.92,23.11,43.64,43.08,482.87,843.87,919.94,123.81,-1232.97,-1435.61,1.1116,-0.56,0.0942,0.0949,0.0007,2.4,452,495,542,12526
Interglobe Aviat,539448,INDIGO,Transport Services,5735,221708.7,0,80803,81728.6,5832.66,6687.7,19570.7,16969.6,22110.7,22152,20496.3,6082.3,5204.6,3073.4,2161.1,24.23,33.15,4.73,-20.74,43271.5,11234,12415.1,393.1,21182.8,24064.7,0.1636,-25.47,0.0115,0.1466,0.1351,2.3,7668,8792,10081,334188
Indigo Paints,543258,INDIGOPNTS,Consumer Durables,1051.4,5012.62,0.23,1277.19,1278.1,143.83,143.84,293.95,288.55,327.48,367.22,294.85,85.89,43.61,56.9,26.36,47.58,34.85,0.31,-0.38,821.08,195.04,194.95,42.76,152.1,204.95,0.2273,-0.69,0.0007,0.0001,-0.0006,5012.5,144,144,144,5014
IndiGrid Trust,540565,INDIGRID,Power,168.69,14078.16,0,3287.64,3352.69,345.02,336.6,835.13,835.78,802.75,874.31,839.85,709.56,696.04,113.88,72.37,27.12,41.82,0.57,-46.06,20394.64,1879.41,1869.06,15.19,2662.85,2901.59,0.0172,-46.63,0.0198,-0.0244,-0.0442,-17.1,328,320,313,13071
Indiqube Spaces,544454,INDIQUBE,Commercial Services & Supplies,225.72,4740.38,0,1059.29,1059.29,-139.69,-139.69,242.27,,,296.94,309.29,169.97,188.12,-31.33,-36.76,,,27.66,12.56,3471.59,172.98,172.98,7.68,542.18,611.65,-0.038,-15.1,0,0,0,,-140,-140,-140,0
India Nipp.Elec.,532240,INDNIPPON,Auto Components,1001.4,2265.31,3.94,844.83,882.98,82.28,87.35,186.55,209.85,214.67,233.76,224.7,27.71,22.74,27.02,23.21,21.05,25.93,20.45,27.95,267.11,103.32,110.34,21.79,62.69,49.56,0.4086,7.5,0.0452,0.0616,0.0165,4.2,93,98,105,2710
Indo Amines,524648,INDOAMIN,Chemicals & Petrochemicals,136.39,990.02,0,1078.68,1101.19,55.26,65.77,264.93,269.35,258.84,285.41,287.59,24.81,31.31,11.85,28.84,20.38,15.05,8.55,49.35,396.31,99.27,110.08,19.55,69.89,35.41,0.2153,40.8,0.0209,0.1902,0.1693,0.8,78,93,111,1669
Indo Borax & Ch.,524342,INDOBORAX,Chemicals & Petrochemicals,235.55,755.88,0,175.26,179.07,42.51,38.69,49.76,37.87,37.51,50.12,53.57,10.2,12.21,10.24,10.2,13.04,19.54,7.66,-27.19,240.05,58.84,54,14.73,67.87,-71.99,0.2225,-34.85,0.0217,-0.0899,-0.1116,-2.2,35,32,29,570
Indoco Remedies,532612,INDOCO,Pharmaceuticals & Biotechnology,287.3,2650.28,0,1664.92,1671.31,-74.83,-112.99,431.49,432.66,410.55,390.21,437.89,-0.78,17.53,-40.39,-35.79,28.21,,1.48,-1466.03,1510.77,-9.29,-40.93,-4.34,155.39,94.93,-0.0777,-1467.51,0.0038,0.51,0.5061,0,-55,-27,-13,0
Indo Farm Equip.,544328,INDOFARM,"Agricultural, Commercial & Construction Vehicles",231.17,1110.81,6.98,367.97,408.49,23.57,26.52,74.96,86.09,96.17,129.97,96.26,18.43,13.17,13.51,5.43,39.08,41.89,28.42,121.63,518.79,50.1,51.94,1.75,40.58,53,0.0545,93.21,0.1101,0.1252,0.015,3.3,30,34,38,1582
Indo Rama Synth.,500207,INDORAMA,Textiles & Apparels,59.57,1555.45,7.74,4258.93,4620.34,2.44,73.33,944.3,950.53,1165.63,1198.47,1305.71,82.23,90.86,51.07,52.75,14.71,21.21,38.27,375.03,483.32,159.68,221.58,0,-96.73,391.11,0.1517,336.76,0.0849,29.0533,28.9684,0,2204,66232,1990477,42218027
Indostar Capital,541336,INDOSTAR,Finance,242.6,3316.54,0,1408.37,1434.29,-15.57,-429.65,306.54,344.99,373.23,372.56,343.51,211.12,-278.81,12.5,-471.45,43.31,,12.06,-4510.2,1200.46,725.3,329.93,169.06,-2207.73,-1061.13,-0.2171,-4522.26,0.0184,26.5947,26.5763,0,10997,303453,8373708,0
Indo Tech.Trans.,532717,INDOTECH,Electrical Equipment,1831.6,1945.16,0,611.78,693.56,63.88,77.14,82.15,146.23,177.34,206.06,163.93,20.67,24,20.98,19.17,26.94,25.22,99.55,224.37,271.06,96.6,104.82,25.69,31.77,55.75,0.3794,124.82,0.1337,0.2076,0.0739,1.2,93,112,136,3426
Indo Thai Sec.,533676,INDOTHAI,Capital Markets,375.9,4532.99,0,26.75,34.75,8.25,11.48,9.44,9.32,5.54,5.85,14.04,-1.98,10.09,-2.58,8.57,133.71,394.86,48.73,71.74,126.23,11.53,15.48,2.67,-2.75,-21.5,0.1121,23.01,0.2991,0.3915,0.0924,10.1,16,22,31,12214
Indrapr.Medical,532150,INDRAMEDCO,Healthcare Services,567.25,5200.15,0,1356.36,1373.56,161.37,167.68,347.86,349.82,324.93,333.75,365.06,61.32,73.15,41.01,51.46,17.91,31.01,4.94,14.94,613,223.11,231.26,61.6,200.15,156.75,0.374,10,0.0127,0.0391,0.0264,7.9,174,181,188,5834
Ind-Swift Labs.,532305,INDSWFTLAB,Pharmaceuticals & Biotechnology,104.73,769.63,72.28,561.71,427.59,1.77,22.06,33.17,11.96,124.66,138.24,152.73,-9.2,3.6,17.64,8.77,14.26,34.89,360.45,832.98,878.41,8.79,4.49,12.82,-186.98,-25.47,0.0397,472.53,-0.2388,11.4633,11.702,0,275,3427,42707,1490058
IndusInd Bank,532187,INDUSINDBK,Banks,763.35,59470.76,0,48667.66,48384.78,2641.8,1174.99,12546.77,12686.28,12800.77,10633.85,12263.88,3987.63,6382.2,-2235.99,684.25,13.39,50.61,-2.25,-68.21,67962.83,33249.19,31773.52,477.26,-16843.4,18112.54,0.0243,-65.96,-0.0058,-0.5552,-0.5494,-0.9,523,232,103,5232
Indus Inf. Trust,544137,INDUSINVIT,Transport Infrastructure,116.96,5180.61,0,744.6,803.86,462.79,491.14,127.15,156.01,210.38,251.07,186.4,172.85,149.35,147.43,120.55,13.56,10.55,46.6,8.53,714.54,612.39,655.25,11.87,128.71,438.96,0.704,-38.07,0.0796,0.0613,-0.0183,1.7,521,553,587,6193
Indus Towers,534816,INDUSTOWER,Telecom - Services,353.7,95319.92,0,30122.8,30797.4,9676.12,9742.6,7383,7465.3,7547.4,7727.1,8057.6,4395.2,4390.1,1779.1,1736.8,13.59,9.78,9.14,-9.82,46604,14673.1,14435.8,1839.8,11582.1,19645,0.2485,-18.96,0.0224,0.0069,-0.0155,14.2,9810,9877,9945,97260
Infibeam Avenues,539807,INFIBEAM,Financial Technology (Fintech),19.56,6348.31,0,3992.58,4527.73,230.52,214.19,745.06,1016.65,1070.35,1160.52,1280.21,75.15,70.99,46.47,61.25,38.72,29.64,71.83,-12.31,3410.17,323.91,309.13,78.86,719.71,72.06,0.0859,-84.14,0.134,-0.0708,-0.2049,-4.2,199,185,172,5093
Infinium Pharma,,INFINIUM,Pharmaceuticals & Biotechnology,256.5,399.71,0,155.71,155.71,10.05,10.05,74.18,,,82.98,72.73,8.47,7.95,4.41,3.74,27.64,39.77,-1.95,-26.52,101.34,18.09,18.09,3.86,4.92,-29.12,0.1373,-24.57,0,0,0,,10,10,10,400
Influx Health.,,INFLUX,Pharmaceuticals & Biotechnology,169,391.24,0,104.85,104.85,13.37,13.37,,,,,,,,,,22.42,29.26,,,33.86,17.89,17.89,4.41,8.94,7.06,0.5251,0,0,0,0,,13,13,13,391
InfoBeans Tech.,543644,INFOBEAN,IT - Software,500.9,1214.17,83.25,394.78,409.67,38.83,54.4,96.96,98.27,96.33,103.22,111.85,19.31,23.21,11.36,23.32,30.59,22.32,15.36,200.9,245.13,56.5,73.73,19.03,43.54,50.03,0.2996,185.54,0.0377,0.401,0.3633,0.6,76,107,150,3339
Infollion Resea.,,INFOLLION,Commercial Services & Supplies,446.6,433.07,0,77.29,77.29,10.95,10.95,26.64,,,35.19,42.11,7.14,7.42,5.94,6.45,34.54,39.55,58.07,48.62,53.91,14.87,14.87,4.06,9.16,6.16,0.2784,-9.45,0,0,0,,11,11,11,433
Infosys,500209,INFY,IT - Software,1514.9,629350.3,96.92,162990,165954,26516.13,27266,39315,40986,41764,40925,42279,9874,9943,7033,6921,25.33,23.08,7.54,8.68,85379,37733,38742,12185,25210,35694,0.4621,1.14,0.0182,0.0283,0.0101,8.2,28037,28830,29645,684213
Ingersoll-Rand,500210,INGERRAND,Industrial Products,3988.1,12589.63,14.58,1336.29,1341.28,267.72,264.65,317.74,322.1,381.52,322.34,315.32,83.46,74.24,67.66,58.98,49.32,47.57,-0.76,-4.66,585.95,361.98,358.25,88.28,206.92,265.07,0.6023,-3.9,0.0037,-0.0115,-0.0152,-41.5,262,259,256,12161
Interiors & More,,INM,Consumer Durables,613,428.82,0,58.87,58.87,11.97,11.97,26.64,,,17.95,40.95,5.93,11.63,4.16,7.81,29.09,35.82,53.72,44.1,78.24,16.71,16.71,3.69,-9.85,-15.83,0.2002,-9.62,0,0,0,,12,12,12,429
Innova Captab,544067,INNOVACAP,Pharmaceuticals & Biotechnology,836.9,4789.15,25.67,1243.68,1300.94,128.39,129.79,294.27,318.2,316.46,314.74,351.54,47.68,52.1,29.57,31.02,38.32,36.9,19.46,5.22,1195.08,173.61,179.51,27.37,146.34,63.84,0.1315,-14.24,0.046,0.0109,-0.0351,33.8,131,133,134,4948
Innovana Think.,544302,INNOVANA,IT - Software,502,1029.1,60.89,103.48,110.45,42.26,46.94,25.12,22.85,28.92,26.59,32.09,14.94,16.08,11.4,12.95,25.96,21.92,27.75,27.59,118.18,56.88,62.18,13.38,0.16,34.89,0.5104,-0.16,0.0674,0.1107,0.0434,2,52,58,64,1410
Inox Green,543667,INOXGREEN,Power,234.41,8603.24,0,235.55,240.89,16.89,38.61,50.86,55.18,61.13,68.38,56.2,0.87,6.12,5.56,22.03,186.53,222.83,10.5,2487.35,1238.03,47.89,82.45,1.67,-7.87,60.37,0.0325,2476.85,0.0227,1.286,1.2633,1.7,88,202,461,102774
Inox India,544046,INOXINDIA,Industrial Products,1196.2,10857.13,0,1306,1349.21,220.75,229.08,296.41,306.56,333.63,369.4,339.62,81.11,76.13,65.51,61.12,52.3,47.39,14.58,16.11,608.9,300.43,311.55,71.83,122.44,121.97,0.4942,1.53,0.0331,0.0377,0.0046,12.6,238,247,256,12132
Inox Wind,539083,INOXWIND,Electrical Equipment,150.08,25937.39,0,3557.09,3744.58,459.13,510.72,639.57,732.24,911.27,1274.82,826.25,254.29,183.69,186.87,105.86,81.4,50.79,29.19,1015.1,4370.43,719.24,790.85,1.66,-366.4,137.96,0.1172,985.91,0.0527,0.1124,0.0597,4.5,568,632,703,35703
Insecticid.India,532851,INSECTICID,Fertilizers & Agrochemicals,742.5,2160.51,5.17,1999.95,2034.84,141.85,150.86,656.69,627.09,357.7,358.92,691.13,28.47,84.59,13.89,58.11,19.69,14.32,5.24,17.7,1080.95,199.39,213.04,57.24,186.98,93.46,0.1925,12.46,0.0174,0.0635,0.0461,2.3,160,171,181,2599
Inspirisys Sol.,532774,INSPIRISYS,IT - Services,93.09,368.79,0,388.15,368.6,30.56,29.55,104.15,84.15,79.51,120.34,84.6,11.35,8.56,7.08,6.04,18.64,12.48,-18.77,142.57,65.77,30.32,34.68,8.1,28.77,38.7,0.5724,161.34,-0.0504,-0.033,0.0173,-3.8,29,28,27,333
Intellect Design,538835,INTELLECT,IT - Software,1008.15,14029.99,79.97,2500,2595.36,332.64,352.81,606.34,558.13,609.63,725.91,701.69,201.94,142.09,135.32,94.49,35.43,39.77,15.73,26.9,1858.21,451.25,475.43,110.16,410.15,431.36,0.2491,11.17,0.0381,0.0606,0.0225,6.6,374,397,421,16742
Intense Tech.,532326,INTENTECH,IT - Services,138.57,327.19,0,149.8,132.58,16.3,10.23,41.85,33.26,35.32,30.52,33.48,2.18,3.59,1.25,3.17,14.08,31.98,-20,-36.73,109.97,20.62,12.21,1.51,27.81,1.85,0.1068,-16.73,-0.115,-0.3724,-0.2574,-0.9,6,4,3,81
Interarch Build.,544232,INTERARCH,Construction,1944.6,3261.45,0.07,1453.83,1531.18,107.74,115.93,303.42,323.28,363.62,463.51,380.77,48.85,31.64,38.68,28.38,27.46,28.13,25.49,39.94,633.23,152.5,155.66,37.95,81.52,53.56,0.243,14.45,0.0532,0.076,0.0228,3.7,125,134,144,4063
Interise,541300,INTERISE,,109.75,11440.46,0,3476.17,3476.17,-99.61,-99.61,875.85,,,896.62,895.66,610.04,667.37,54.84,27.5,,,2.26,447.66,18106.02,1239.28,1239.28,96.69,1486.01,1595.24,-0.0002,445.4,0,0,0,,-100,-100,-100,0
Intl. Conveyors,509709,INTLCONV,Industrial Manufacturing,104.61,663.01,0,151.85,146.92,83.69,111.91,40.39,30.77,26.09,54.6,35.46,10.52,5.41,13.03,52.07,8.66,5.92,-12.21,63.38,87.55,114.56,148.01,9.86,12,14.92,1.3909,75.59,-0.0325,0.3372,0.3697,0.2,150,200,268,1584
I O B,532388,IOB,Banks,40.23,77469.26,0,28131.01,28981.53,3333.38,3812.93,6535.03,6850.67,7111.72,7633.59,7385.55,4484,4672.28,1051.07,1111.04,30.06,20.32,13.01,75.57,4915.03,21750.71,23073.77,1474.69,-1165.42,2963.19,1.0758,62.56,0.0302,0.1439,0.1136,1.4,4361,4989,5707,115959
I O C L,530965,IOC,Petroleum Products,154.11,217622.4,5.85,758105.8,756601.6,12047.66,15966.65,193844.9,174976.1,194014.5,195270.3,192340.7,15029.33,13267.46,8122.8,6813.71,9.9,13.63,-0.78,93.11,196077.8,24432.7,28387.03,2466.26,71146.41,34699.28,0.094,93.89,-0.002,0.3253,0.3273,0.4,21160,28044,37166,506574
IOL Chemicals,524164,IOLCP,Pharmaceuticals & Biotechnology,101.94,2992.22,0,2079.21,2128.52,101.13,105.28,502.38,525.75,523.3,527.78,551.69,62.94,62.15,31.62,33.96,18.19,28.42,9.82,14.42,1730.22,152.83,161.04,26.46,290.46,178.68,0.0761,4.6,0.0237,0.041,0.0173,6.9,110,114,119,3376
ION Exchange,500214,IONEXCHANG,Other Utilities,399.6,5860.8,0,2737.11,2752.73,207.63,211.55,567.57,644.47,690.51,834.56,583.19,85.74,62.54,63.35,48.7,37.15,27.7,2.75,8.32,1427.38,302.06,302.22,75.39,129.94,32.05,0.201,5.57,0.0057,0.0189,0.0132,14.7,216,220,224,6198
Ipca Labs.,524494,IPCALAB,Pharmaceuticals & Biotechnology,1334.5,33856.83,55.01,8896.81,9155.81,846.67,894.63,2092.63,2354.9,2245.37,2246.69,2308.85,428.86,416.42,183.8,233.21,46.73,37.84,10.33,21.31,7706.01,1392.11,1455.7,383.37,944.65,1321.32,0.1658,10.98,0.0291,0.0566,0.0275,6.7,945,999,1055,39938
India Pesticides,543311,IPL,Fertilizers & Agrochemicals,205.05,2361.43,37.92,828.61,883.42,82.05,98.66,220.36,228.78,172.22,207.24,275.18,31.74,45.2,21.77,34.91,28.11,23.94,24.88,79.21,892.53,116.03,138.22,32.27,114.56,2.73,0.1467,54.33,0.0661,0.2024,0.1363,1.2,119,143,172,4106
IRB Infra.Devl.,532947,IRB,Construction,43.41,26215.3,0,7613.47,7859.49,992.19,834.46,1852.94,1585.84,2025.44,2149.24,2098.97,997.87,951.98,214.72,202.48,39.11,31.42,13.28,44.65,26762.48,2846.6,2930.21,138.33,4053.79,1971.21,0.0363,31.37,0.0323,-0.159,-0.1913,-2,702,590,496,15597
IRB InvIT Fund,540526,IRBINVIT,Transport Infrastructure,63.52,3687.34,0,1084.06,1084.06,337.72,337.72,273.75,,275.22,281.75,290.74,232.36,244.63,93.53,99.6,10.88,10.92,6.21,16.12,10109.57,643.83,643.83,12.28,987.23,960.6,0.0346,9.91,0,0,0,,338,338,338,3688
Ircon Intl.,541956,IRCON,Construction,176.64,16613.27,3.15,10759.58,10258.73,691.13,667.95,2287.13,2447.52,2612.86,3412.07,1786.28,254.3,199.89,210.85,164.56,19.75,24.87,-21.9,-26.54,7263.17,1109.92,1114.93,207.37,-78.55,-1109.53,0.1205,-4.64,-0.0465,-0.0335,0.013,-7.4,646,624,603,14996
I R C T C,542830,IRCTC,Leisure Services,715.7,57256,0,4674.77,4716.87,1280.85,1307.42,1117.59,1064,1224.66,1268.53,1159.68,385.06,397.38,327.94,330.45,53.94,43.79,3.77,7.98,3692.83,1726.83,1759.81,508.8,882.17,833.73,0.4918,4.21,0.009,0.0207,0.0117,21.1,1335,1362,1390,60889
Indian Renewable,544026,IREDA,Finance,150.96,42408.16,0,6754.02,7179.45,1699.02,1561.6,1510.27,1629.56,1698.45,1904.15,1947.29,1733.85,1520.6,501.79,246.68,32.43,27.16,28.94,-35.71,-1300.21,6245.37,6317.09,455.08,-11099.6,-14461.4,-1.551,-64.65,0.063,-0.0809,-0.1439,-3.4,1435,1319,1213,32932
I R F C,543257,IRFC,Finance,126.5,165316.6,0,27152.94,27301.96,6502.04,6670.87,6765.68,6899.66,6763.69,6723.23,6915.38,6678.96,6868.55,1681.87,1745.69,24.87,24.78,2.21,10.71,440844.6,26997.13,27135.44,0,7914.1,8229.57,0.0151,8.5,0.0055,0.026,0.0205,9.5,6844,7022,7204,178518
IRIS Business,540735,IRIS,IT - Software,313.7,644.91,0,125.97,128.18,13.03,10.39,27.65,30.85,32.83,34.64,29.86,5.02,0.01,2.82,0.18,49.19,62.07,7.99,-93.62,60.03,19.34,16.02,4.62,11.7,27.78,0.25,-101.61,0.0175,-0.2026,-0.2202,-3.1,8,7,5,327
Iris Clothings,,IRISDOREME,Textiles & Apparels,33.74,642.18,0,144.14,152.24,13.12,13.32,31.43,41.26,33.38,40.2,37.4,8.11,5.26,4.48,2.63,54.17,48.21,18.99,8.68,90.77,22.01,21.97,4.83,1.71,2.53,0.2,-10.31,0.0562,0.0152,-0.041,31.6,14,14,14,672
IRM Energy,544004,IRMENERGY,Gas,343.85,1411.84,0,975.49,1012.63,43.28,40.42,225.35,231.52,250.75,267.86,262.5,17.34,25.87,4.39,13.92,23.4,34.93,16.49,-25.56,962.8,93.02,87.63,12.95,120.31,93.72,0.0554,-42.05,0.0381,-0.0661,-0.1042,-5.3,38,35,33,1150
ISGEC Heavy,533033,ISGEC,Construction,911.15,6699.64,13.75,6422.28,6225.95,246.58,261.41,1539.68,1643.9,1496.66,1744.4,1340.99,152.05,120.2,91.21,57.56,28.31,25.63,-12.9,-12.06,2477.72,529.5,463,130.93,735.16,116.18,0.1583,0.84,-0.0306,0.0601,0.0907,4.3,277,294,311,7983
ITC,500875,ITC,Diversified FMCG,402.8,504592.8,19.25,75323.34,79040.32,19746.69,20031.55,17777.81,19990.36,18790.17,18765,21494.79,6519.39,6816.47,5134.32,5244.2,26.08,25.19,20.91,4.71,36317.43,26833.24,27288.31,6574.27,17178.86,17627.04,0.7326,-16.2,0.0493,0.0144,-0.0349,17.5,20321,20614,20911,526749
ITC Hotels,544325,ITCHOTELS,Leisure Services,215.29,44838.87,0,3559.81,3559.81,639.2,639.2,705.84,,1015.4,1060.62,815.54,412.29,244.67,256.9,133.1,74.49,70.15,15.54,53.82,10469.89,934.73,934.73,220.79,672.49,803.45,0.0821,38.28,0,0,0,,639,639,639,44840
I T D C,532189,ITDC,Leisure Services,628.95,5394.47,0,570.4,584.88,81.06,80.16,84.91,153.66,143.53,199.94,87.75,32.2,8.98,25.27,9.99,74.01,67.3,3.34,-15.91,331.76,99.07,102.91,29.91,-3.11,52.84,0.3318,-19.25,0.0254,-0.0111,-0.0365,-60.6,79,78,78,5217
ITI,523610,ITI,Telecom - Equipment & Accessories,340.5,32718.2,0,3616.42,3594.45,-268.19,-263.29,519.98,1016.2,1034.54,1045.7,498.01,-28.18,-7.33,-67.26,-59.71,131.81,,-4.23,7.58,1667.91,-43.89,-41.27,0,973.68,-153.57,-0.1579,11.81,-0.0061,-0.0183,-0.0122,0,-268,-273,-278,0
Ivalue Infosolut,544523,IVALUE,IT - Services,297.95,1595.22,5.57,895.76,895.76,83.03,83.03,,,,,,,,,,14.48,19.21,,,427.02,125.26,125.26,27.96,67.02,35.83,0.2599,0,0,0,0,,83,83,83,1595
Le Travenues,544192,IXIGO,Leisure Services,318.3,12426.55,1.21,914.25,1046.84,52.59,63.83,181.88,206.47,241.76,284.14,314.47,21.47,23.19,16.72,19.09,119.63,194.68,72.9,62.47,502.45,73.74,91.58,12.08,43.22,122.21,0.1511,-10.43,0.145,0.2137,0.0687,9.1,77,94,114,22218
IZMO,532341,IZMO,IT - Services,1038.3,1546.33,0,224.61,233.54,23.41,50.91,47.58,58.55,58.67,59.81,56.51,11.24,9.67,6.89,6,12.26,30.37,18.77,-0.5,358.66,27.38,57.33,5.11,30.54,4.47,0.1562,-19.27,0.0398,1.1747,1.135,0.3,111,241,524,15902
J & K Bank,532209,J&KBANK,Banks,107.51,11838.81,0,12541.08,12816.16,2081.08,2147.82,2994.36,3123.65,3209.67,3213.39,3269.45,2135.51,2208.8,581.91,484.53,5.61,5.51,9.19,15.78,19847.41,9678.95,9903.24,672.49,-852.55,2723.15,0.1421,6.59,0.0219,0.0321,0.0101,1.7,2217,2288,2361,13010
Jagran Prakashan,532705,JAGRAN,Media,71.79,1562.54,0,1888.13,1904.06,120.29,157,444.12,446.51,516.5,481,460.05,-66.22,63.79,-15.8,67.24,10.86,9.95,3.59,63.32,1036.7,136.83,190.72,66.11,296.87,223.94,0.2152,59.73,0.0084,0.3052,0.2967,0.3,205,267,349,3473
Jagsonpal Pharma,507789,JAGSNPHARM,Pharmaceuticals & Biotechnology,220.79,1471.15,1.3,268.72,282.89,39.7,42.64,61.44,74.69,74.03,58.56,75.61,8.71,14.2,6.74,10.8,38.62,34.5,23.06,38.64,229.74,51.13,55.21,15.15,35.17,55.3,0.2515,15.58,0.0527,0.0741,0.0213,4.7,46,49,53,1823
Jai Balaji Inds.,532976,JAIBALAJI,Ferrous Metals,98.08,8947.74,5.78,6350.8,5989.66,557.84,419.61,1718.31,1556.57,1486.39,1589.53,1357.17,132.9,127.02,75.48,70.55,17.39,21.32,-21.02,-66.21,2157,840.6,649.94,0,838.72,311.28,0.1945,-45.19,-0.0569,-0.2478,-0.1909,-0.9,316,237,179,3808
Jai Corp,512237,JAICORPLTD,Industrial Products,162.28,2895.88,10.01,517.7,528.03,49.58,157.49,120.92,135.37,126.04,135.37,131.25,10.21,8.2,23.46,104.33,90.84,18.39,8.54,658.76,517.28,61.32,174.1,16.41,40.98,44.99,0.3362,650.22,0.02,2.1765,2.1565,0.1,500,1589,5048,92827
Jainam Ferro,,JAINAM,Ferrous Metals,268.8,314.8,0,221.39,221.39,10.73,10.73,90.43,,,114.21,107.18,11.83,3.09,8.4,2.33,6.37,29.34,18.52,375.51,81.3,16.34,16.34,3.11,4.03,-2.02,0.1702,356.99,0,0,0,,11,11,11,315
Jain Resource,544537,JAINREC,Diversified Metals,347.01,11974.82,56.59,6143.25,6143.25,209.36,209.36,,,,,,,,,,50.08,57.2,,,619.25,372.19,372.19,70.53,81.21,27.96,0.452,0,0,0,0,,209,209,209,11975
Jamna Auto Inds.,520051,JAMNAAUTO,Auto Components,97.23,3879.28,1.93,2270.14,2286.33,182.55,179.69,557.14,512.81,562.48,637.71,573.33,83.5,76.26,50.32,45.75,23.67,21.59,2.91,-1.36,961.47,264.12,259.34,78.63,89.99,288.93,0.2687,-4.27,0.0071,-0.0157,-0.0228,-13.8,177,174,171,3700
Jaro Institute,544534,JARO,Other Consumer Services,718,1590.82,0,252.26,252.26,51.67,51.67,,,,,,,,,,28.47,30.79,,,178.03,75.37,75.37,7.84,-17.19,-23.46,0.3343,0,0,0,0,,52,52,52,1591
Jash Engineering,544402,JASH,Industrial Manufacturing,481.15,3019.46,63.38,735.19,748.25,87.62,82.11,114.55,139.58,180.68,300.38,127.61,58.77,-4.1,36.13,-5.09,35.71,36.77,11.4,-1118,438.08,120.59,115.33,29.54,58.33,54.88,0.2549,-1129.4,0.0178,-0.0629,-0.0806,-5.8,77,72,68,2485
Jayant Agro Org.,524330,JAYAGROGN,Chemicals & Petrochemicals,234.03,702.09,82.72,2528.15,2484.01,54.93,55.52,716.32,598.05,579.79,634,672.17,22.69,30.37,11.48,16.15,14.05,12.65,-6.16,3.86,622.92,91.54,91.88,19.65,15.78,117.98,0.1207,10.02,-0.0175,0.0107,0.0282,11.8,56,57,57,725
Jay Bharat Maru.,520066,JAYBARMARU,Auto Components,97.25,1052.73,0,2290.12,2313.58,30.71,49.51,533.37,555.43,590.66,610.66,556.83,57.71,65.8,19.6,23.07,33.17,21.26,4.4,330.41,993.06,81.72,110.77,19.74,187.71,199.37,0.0697,326.01,0.0102,0.6122,0.6019,0.3,80,129,207,4411
Jay Bee Laminati,,JAYBEE,Industrial Products,199.7,450.67,0,367.45,367.45,25.43,25.43,148.65,,,153.17,214.28,22.94,20.06,14.41,10.97,21.99,17.72,44.15,13.33,142.63,41.51,41.51,9.09,15.17,-34.57,0.242,-30.82,0,0,0,,25,25,25,451
Jayaswal Neco,522285,JAYNECOIND,Industrial Products,70.48,6843.6,0.7,5953.62,6211.52,112.68,237.38,1437.56,1230.06,1656.84,1675.27,1649.35,341.51,314.59,101.64,93.02,20.91,28.83,14.73,393.62,4629.52,666.7,807.76,0.2,681.12,1388.49,0.0513,378.89,0.0433,1.1067,1.0634,0.3,500,1054,2219,63985
J B Chemicals &,506943,JBCHEPHARM,Pharmaceuticals & Biotechnology,1673.3,26203.25,0,3917.99,4007.53,639.54,685.13,1004.4,1000.62,963.49,949.48,1093.94,226.44,300.87,145.69,202.38,44.79,38.25,8.91,14.45,3004.53,872.08,926.36,211.53,800.61,902.45,0.2984,5.54,0.0229,0.0713,0.0484,5.4,734,786,842,32220
JBM Auto,532605,JBMA,Auto Components,664.55,15716.23,0,5472.33,5581.71,202.35,205.31,1144.5,1285.98,1396.15,1645.7,1253.88,185.01,120.14,66.34,36.8,97.01,76.55,9.56,10.18,2006.51,520.8,539.49,85.54,204.8,393.92,0.145,0.62,0.02,0.0146,-0.0054,52.3,208,211,214,16416
Johnson Con. Hit,523398,JCHAC,Consumer Durables,1728.2,4698.98,0,2756.46,2613.13,60.96,40.3,995.96,396.28,431.65,932.57,852.63,91.7,36.43,56.07,17.62,116.79,116.6,-14.39,-51.26,640.08,90.85,63.45,2.38,254.39,83.25,0.0667,-36.87,-0.052,-0.3389,-0.2869,-3.4,27,18,12,1358
J.G.Chemicals,544138,JGCHEM,Chemicals & Petrochemicals,424.7,1664.23,0,847.33,863.42,62.79,64.6,202.53,212.08,209.08,224.25,218.01,19.48,19.8,15.35,15.77,23.38,25.76,7.64,3.75,422.71,89.42,91.12,22.25,75.96,-11.2,0.2055,-3.89,0.019,0.0288,0.0098,8.9,66,68,70,1812
Jindal Photo,532624,JINDALPHOT,Finance,1555.5,1595.68,0,2.46,2.37,225.94,230.9,0.63,0.81,0.48,0.54,0.54,0.45,0.45,29.22,52.38,2.72,6.91,-14.29,10.46,36.39,230.69,235.82,0.04,-0.38,0.06,6.3462,24.75,-0.0366,0.022,0.0585,3.1,236,241,246,1703
Jindal Poly Film,500227,JINDALPOLY,Industrial Products,579.05,2535.45,0,5334.94,5185.27,87.1,54.69,1233.08,1310.97,1371.2,1419.69,1083.41,56.43,3.55,-92.52,26.49,17.08,46.36,-12.14,-62.31,4216.75,455.63,428.73,55.56,132.93,221.57,0.0261,-50.17,-0.0281,-0.3721,-0.344,-1.2,34,22,14,628
Jindal Saw,500378,JINDALSAW,Industrial Products,206.31,13193.69,0,20828.89,19974.49,1753.39,1721.35,4939.08,5571.92,5271.3,5046.59,4084.68,736.16,670.11,291.28,424.04,10.66,7.66,-17.3,-3.86,13102.23,2996.61,2775.43,424.18,2592.9,2335.16,0.1638,13.44,-0.041,-0.0183,0.0227,-4.2,1690,1659,1629,12476
Jindal Steel,532286,JINDALSTEL,Ferrous Metals,1015.2,103559.3,91.8,50128.66,48441.59,3514.76,3820,13617.84,11213.31,11750.67,13183.13,12294.48,2261.6,3005.6,514.65,1493.97,17.48,27.11,-9.72,11.48,65038.74,6779.6,7008.68,1627.23,6008.35,10823.96,0.0838,21.2,-0.0337,0.0868,0.1205,3.1,4152,4512,4904,132952
Jindal Drilling,511034,JINDRILL,Oil,587.5,1702.58,0,827.95,911.06,212.63,238.14,170.98,172.5,239.46,245.01,254.09,86.98,106.81,71.61,66.11,19.79,7.15,48.61,50.73,1164.47,278.43,310.97,18.07,-44.19,864.11,0.22,2.12,0.1004,0.12,0.0196,0.6,267,299,335,2392
Jindal Worldwide,531543,JINDWORLD,Textiles & Apparels,38.1,3819.91,9.9,2288.07,2340.54,75.94,75.25,492.49,570.81,624.3,605.53,539.9,49,40.34,22.02,17.44,80.21,50.76,9.63,-3.43,934.09,163.19,161.99,25.14,5.45,167.15,0.1075,-13.06,0.0229,-0.0091,-0.032,-55.9,75,74,73,3717
Jio Financial,543940,JIOFIN,Finance,308.15,195776.5,0,2043.29,2237.55,1612.59,1602.48,417.82,693.5,438.35,493.24,612.46,337.99,456.88,316.11,302.52,123.6,122.17,46.58,-3.23,4058.13,1954.56,2043.37,276.64,-677.57,-10083.4,0.4631,-49.81,0.0951,-0.0063,-0.1013,-194.9,1592,1582,1573,192116
Jain Irrigation,500219,JISLJALEQS,Industrial Products,50.94,3702.06,0,5731.97,5847.13,33.56,33.88,1477.86,1191.97,1360.78,1748.73,1545.65,223.48,200.95,28.91,13.93,99.97,109.27,4.59,2.5,5712.81,479.46,495.79,11.42,534.8,842.76,0.0079,-2.09,0.0201,0.0095,-0.0106,114.6,34,35,35,3809
JITF Infra Logis,540311,JITFINFRA,Other Utilities,348.2,895,0,2264.81,2349.98,52.44,-73.56,464.98,480.59,531.71,787.52,550.16,128.76,129.95,-32.96,-11.13,124.08,,18.32,-7114.47,2498.31,372.84,395.99,37.42,185.34,185.02,-0.0145,-7132.79,0.0376,-2.4027,-2.4404,0,-250,-852,-2898,0
J K Cements,532644,JKCEMENT,Cement & Cement Products,6621,51159.31,5.44,11879.15,12424.11,794.41,917.14,2807.57,2560.12,2930.28,3581.18,3352.53,764.79,687.66,360.36,324.42,48.8,55.78,19.41,75.07,11464.18,1605.41,1813.24,326.07,1959.1,1939.39,0.1084,55.66,0.0459,0.1545,0.1086,3.6,1059,1222,1411,78720
J Kumar Infra,532940,JKIL,Construction,635.9,4811.57,0,5693.49,5890.65,390.45,406.76,1281.5,1292.37,1486.88,1632.74,1478.66,235.08,216.14,114.14,102.73,13.43,11.83,15.39,18.87,2964.98,690.57,720.75,150.43,336.46,375.29,0.1879,3.48,0.0346,0.0418,0.0071,2.8,424,441,460,5441
Jinkushal Indus.,544547,JKIPL,"Agricultural, Commercial & Construction Vehicles",110.64,424.7,0,380.56,380.56,18.3,18.3,,,,,,,,,,0.09,23.21,,,63.75,27.76,27.76,4.58,-23.83,-11.25,0.3589,0,0,0,0,,18,18,18,425
JK Lakshmi Cem.,500380,JKLAKSHMI,Cement & Cement Products,851.5,10570.9,0,6192.62,6369.67,298.28,371.27,1563.88,1234.29,1496.83,1897.62,1740.93,351.2,311.19,175.69,150.17,23.79,28.47,11.32,84.85,5207.79,604.35,700.78,8.62,899.17,782.68,0.0729,73.53,0.0286,0.2447,0.2161,1.2,462,575,716,20383
JK Paper,532162,JKPAPER,"Paper, Forest & Jute Products",420.6,7125.06,0,6718.07,6678.58,368.65,351.33,1713.65,1682.93,1631.99,1689.5,1674.16,216.67,247.08,76.2,81.23,7.52,20.28,-2.3,-41.86,7261.37,645.74,658.7,148.8,1375.89,613.23,0.0689,-39.56,-0.0059,-0.047,-0.0411,-4.3,335,319,304,6167
JK Tyre & Indust,530007,JKTYRE,Auto Components,382.3,10475.79,23.57,14692.92,14922.78,516.82,461.54,3639.08,3621.56,3673.68,3758.6,3868.94,363.09,402.13,98.75,156.39,16.36,22.7,6.32,-26.16,8312.49,1220.72,1128.35,174.01,1614.16,715.77,0.0765,-32.48,0.0156,-0.107,-0.1226,-2.1,412,368,329,7462
Jupiter Life Lin,543980,JLHL,Healthcare Services,1513.4,9922.76,0,1261.55,1318.97,188.72,192.61,288.58,322.58,322.02,326.74,347.63,78.25,78.13,44.86,43.84,52.27,51.52,20.46,-1.42,1582.86,261.89,276.82,64.14,114.52,253.3,0.1622,-21.88,0.0455,0.0206,-0.0249,25,197,201,205,10550
JM Financial,523405,JMFINANCIL,Finance,170.87,16338.86,0,4410.07,4411.91,820.74,1104.42,1077.05,1190.51,1106.14,1003.92,1111.34,578.05,850.22,209.53,453.81,13.72,14.79,3.18,165.85,6178.63,2300.97,2529.75,322.94,3635.05,5568.68,0.231,162.67,0.0004,0.3456,0.3452,0.4,1486,2000,2691,39800
JNK,544167,JNKINDIA,Industrial Manufacturing,307.6,1721.14,29.39,473.29,484.18,30.14,24.79,87.91,102.68,93.58,189.03,98.89,18.42,3.4,13.26,1.17,50.74,69.43,12.49,-82.06,493.54,58.39,53.06,16.43,-9.6,-65.52,0.0835,-94.55,0.023,-0.1775,-0.2005,-3.9,20,17,14,958
JP Associates,532532,JPASSOCIAT,Construction,3.87,949.93,4.94,5795.77,4660.97,-1390.91,-1369.44,1670.75,1373.56,1477.71,1137.28,672.42,-193.59,-18.73,-355.52,-198.65,,,-59.75,-247.29,12802.32,-262.15,-366.29,-2.67,1169.71,557.5,-0.1072,-187.54,-0.1958,-0.0154,0.1804,0,-1391,-1412,-1434,0
Jindal Poly Inve,536773,JPOLYINVST,Finance,1058.1,1112.06,0,31.69,31.88,295.84,302.65,8.16,7.9,7.8,7.83,8.35,7.72,8.27,66.65,62.76,2.24,3.67,2.33,12.17,-3.09,271.5,278.73,0.02,-0.72,1.3,-97.9515,9.84,0.006,0.023,0.017,1.6,310,317,324,1189
JP Power Ven.,532627,JPPOWER,Power,18.47,12658.34,0,5462.19,5290.65,813.49,743.14,1754.7,1226.41,1140.17,1340.91,1583.16,388.44,601.36,155.67,278.13,15.6,17.03,-9.78,-20.2,15180.05,1629.68,1464.8,-6.67,1927.2,1714.28,0.0485,-10.42,-0.0314,-0.0865,-0.0551,-2,679,620,567,9648
Jana Small Finan,544118,JSFB,Banks,473.35,4981.4,0,4709.79,4792.9,501.42,432.79,1167.06,1166.05,1177.41,1199.28,1250.16,488.34,491,123.48,101.93,6.33,11.51,7.12,-40.24,3819.86,2790.34,2829.9,-17.3,707.82,4073.25,0.1088,-47.36,0.0176,-0.1369,-0.1545,-0.8,374,322,278,3203
Jindal Stain.,532508,JSL,Ferrous Metals,772.7,63702.9,13.05,39312.21,40089.59,2506.82,2576.66,9429.76,9776.83,9907.3,10198.32,10207.14,1032.9,1296.14,596.35,714.16,19.37,24.72,8.24,10.2,20134.26,3952.81,4042.16,904.78,4818.13,4718.36,0.1729,1.96,0.0198,0.0279,0.0081,8.9,2648,2722,2798,69168
Jeena Sikho,544476,JSLL,Pharmaceuticals & Biotechnology,764.65,9504.66,0,469.05,469.05,88.25,88.25,100.04,,,139.02,174.29,46.72,78.79,27.35,51.31,49.66,107.7,74.22,217.91,263.07,119.7,119.7,31.75,36.69,68.63,0.4562,143.69,0,0,0,,88,88,88,9505
JSW Cement,544480,JSWCEMENT,Cement & Cement Products,140.68,19179.82,0,5785.29,5785.29,-115.74,-115.74,1447.23,,,1709.39,1559.82,240.15,322.65,34.22,34.94,,,7.78,331.06,6438.31,407.86,407.86,55.59,1407.71,736.68,-0.0093,323.28,0,0,0,,-116,-116,-116,0
JSW Energy,533148,JSWENERGY,Power,546,95428.16,0,11745.39,14009.3,1785.1,2172.25,2879.46,3237.66,2438.88,3189.39,5143.37,1204.48,2788.66,408.05,743.12,46.13,43.93,78.62,42.43,62694.9,4278.85,5594.68,366.23,6233.63,3838.48,0.0405,-36.19,0.1927,0.2169,0.0241,2,2643,3217,3914,171954
JSW Holdings,532642,JSWHL,Finance,17148,19034.28,0,248.09,250.93,195.83,177.06,27.23,162.18,29.22,29.46,30.07,25.6,26.35,9.72,33.81,43.52,107.5,10.43,-35.7,23.48,234.04,236.36,60.05,114.99,169.03,10.0984,-46.13,0.0114,-0.0958,-0.1073,-11.2,160,145,131,14069
JSW Infrast,543994,JSWINFRA,Transport Infrastructure,307,64470.05,7.51,4476.14,4690.22,1439.3,1595.32,1009.77,1001.36,1181.83,1283.18,1223.85,640.92,581.16,509.37,384.68,47.16,40.41,21.2,31.54,14149.9,1984.74,2122.15,264.45,1803.21,2100.44,0.1314,10.34,0.0478,0.1084,0.0606,3.7,1768,1960,2172,87786
JSW Steel,500228,JSWSTEEL,Ferrous Metals,1167.8,285580.1,0,168824,169028,3882.08,5100.74,42943,39684,41378,44819,43147,6135,7476,1527.26,2184,38.3,55.99,0.48,158.46,149764,14110,15814,2113,12078,20899,0.0482,157.98,0.0012,0.3139,0.3127,1.8,6702,8806,11570,647813
JTEKT India,520057,JTEKTINDIA,Auto Components,155.44,4311.86,0,2399.34,2412.45,73.82,70.66,552.91,605.31,591.93,649.19,566.02,56.6,30.85,24.65,10.82,45.72,61.02,2.37,-27.28,942.19,110.69,108.39,26.27,172.48,194.49,0.1029,-29.65,0.0055,-0.0428,-0.0483,-14.3,68,65,62,3781
JTL Industries,534600,JTLIND,Industrial Products,68.98,2635.32,10.14,1911.15,1901.36,97.62,83.97,515.67,479.55,451.58,466.07,504.16,17.4,20.84,16.77,15.87,30.14,31.38,-2.23,-48.31,1091.84,134.42,116.52,26.71,-23.06,-214.79,0.1014,-46.08,-0.0051,-0.1398,-0.1347,-2.2,72,62,53,1677
Jubilant Agri,544355,JUBLCPL,Chemicals & Petrochemicals,2305.9,3474.32,20.5,1541.24,1644.84,88.31,106.46,358.14,407.08,397.52,398.29,441.95,27.16,62.08,16.01,44.13,29.23,32.63,23.4,69.93,367.49,133.15,152.07,31.83,75.61,129.34,0.3763,46.53,0.0672,0.2055,0.1383,1.6,128,155,187,6086
Jubilant Food.,533155,JUBLFOOD,Leisure Services,602.3,39742.48,0,8141.73,8469.52,221.37,263.45,1933.06,1954.72,2150.76,2103.18,2260.86,388.57,437.98,48.78,94.54,146.4,150.85,16.96,61.68,5694.16,850.8,862.06,128.96,1009.64,1668,0.0689,44.72,0.0403,0.1901,0.1498,7.9,314,373,444,66986
Jubilant Ingrev.,543271,JUBLINGREA,Chemicals & Petrochemicals,651.2,10372.39,0,4177.62,4191.22,251.37,277.53,1024.34,1045.24,1056.77,1051.26,1037.95,146.69,142.08,74.05,75.1,37.62,37.37,1.33,54.08,3542.17,399.52,431.41,95.96,429.98,508.1,0.1054,52.75,0.0033,0.1041,0.1008,3.6,306,338,374,13958
Jubilant Pharmo,530019,JUBLPHARMA,Pharmaceuticals & Biotechnology,1124.2,17908.51,96.67,7234.5,7403.5,558.06,485.96,1731.7,1752.3,1821.7,1928.8,1900.7,345.3,289.5,155.06,102.9,58.29,36.85,9.76,-3.72,10218.5,861.4,890,224.6,971.3,1072.1,0.0695,-13.48,0.0234,-0.1292,-0.1526,-2.9,423,369,321,11825
Juniper Hotels,544129,JUNIPER,Leisure Services,265.5,5907.44,0,944.27,965.32,70.98,77.26,199.69,214.52,252.5,277.56,220.74,116.73,79.84,54.95,17.64,176.15,76.46,10.54,51.16,3991.32,257.93,274.67,0,327.08,309.23,0.0194,40.62,0.0223,0.0885,0.0662,8.6,84,92,100,7618
Just Dial,535648,JUSTDIAL,Retailing,832.45,7079.54,0,1141.93,1159.22,266.8,602.63,280.57,284.83,287.33,289.2,297.86,86.08,86.44,157.6,159.65,60.55,11.75,6.16,131.51,-125.09,313.5,720.9,79.02,259.22,311.49,-5.4493,125.35,0.0151,1.2587,1.2436,0.1,1361,3075,6945,81599
Jupiter Wagons,533272,JWL,Industrial Manufacturing,334.4,14195.21,0,3870.63,3386.56,370.96,316.67,894.93,973.63,1000.04,1002.04,410.85,144.63,50.75,97.33,32.86,51.3,44.83,-54.09,-63.17,1660.53,548.66,478.65,102.17,-6.35,200.26,0.2522,-9.08,-0.1251,-0.1464,-0.0213,-3.1,270,231,197,8831
Jyothy Labs,532926,JYOTHYLAB,Household Products,313.65,11517.68,3.25,2846.98,2846.98,365.96,365.96,659.99,741.81,733.76,704.45,666.96,115.75,111.94,87.41,79.37,40.64,31.47,1.06,1.55,1607.95,488.94,488.94,85.41,457.92,311.41,0.2807,0.49,0,0,0,,366,366,366,11517
Jyoti CNC Auto.,544081,JYOTICNC,Industrial Manufacturing,964.4,21932.68,0,1817.7,1866.03,322.82,336.51,361.84,430.67,449.51,575.68,410.17,177.63,100.21,108.97,71.42,93.24,65.18,13.36,40.26,1787.68,468.87,487.7,109.49,-48.25,-105.43,0.2495,26.9,0.0266,0.0424,0.0158,15.4,351,366,381,24844
Jyoti Structures,513250,JYOTISTRUC,Electrical Equipment,14.6,1738.48,0,497.83,565.69,35.61,41.63,88.29,107.49,137.35,164.69,156.16,12.65,6.9,11.93,11.16,91.45,41.76,76.87,119.25,2509.23,35.9,40.55,0,-19.48,-177.29,0.0166,42.38,0.1363,0.1691,0.0327,2.5,49,57,67,2778
Kabra Extrusion,524109,KABRAEXTRU,Industrial Manufacturing,253.15,885.34,0,476.85,474.68,27.56,17.49,88.2,128,121.17,139.54,85.97,5.39,-2.25,5.01,-6.84,42.28,50.62,-2.53,-367.19,393.51,44.6,34.52,9.54,32.79,45.17,0.0687,-364.66,-0.0046,-0.3654,-0.3608,-1.4,11,7,4,226
Kajaria Ceramics,500233,KAJARIACER,Consumer Durables,1242,19781.62,1.18,4635.07,4659.48,300.67,351.85,1095.79,1179.27,1155.62,1221.85,1102.74,138.37,186.86,72.84,111.2,50.79,56.22,0.63,16.91,2937.02,513.65,520,132.68,601.65,500.99,0.165,16.28,0.0053,0.1702,0.165,3.3,412,482,564,31699
Sai Silks,543989,KALAMANDIR,Retailing,185.69,2847.86,0,1462.01,1573.73,85.34,113.35,267.29,347.31,448.56,398.84,379.02,58.44,57.12,13.51,30.05,28.58,25.12,41.8,1337.8,1339.2,189.49,218.55,68.17,-21.46,106.78,0.1355,1296,0.0764,0.3282,0.2518,0.8,151,200,266,6672
Kalpat.,544423,KALPATARU,Realty,371.55,7650.73,0,2221.62,2221.62,21.51,21.51,530.48,,587.99,596.89,443.2,-19.8,-28.26,14.05,-49.42,292.07,355.74,-16.45,-7062.32,5789.9,128.7,128.7,50.11,376.49,488.25,0.0124,-7045.87,0,0,0,,22,22,22,7652
Kalyan Jewellers,543278,KALYANKJIL,Consumer Durables,484.85,50063.31,0,25045.07,26793.58,717.24,801.12,5527.82,6065.48,7278.09,6181.53,7268.48,399.41,508.02,187.61,264.08,69.2,62.49,31.49,48.55,5442.54,1385.52,1452.93,307.39,1321.8,1209.4,0.2037,17.06,0.0698,0.1169,0.0471,5.3,895,999,1116,69760
Kamat Hotels,526668,KAMATHOTEL,Leisure Services,305.2,899.73,0,356.97,371.3,45.04,49.21,73.76,85.38,110.89,92.38,82.65,24.82,18.09,11.23,3.45,16.1,18.28,12.05,548.14,400.8,93.29,95.87,9.58,71.86,66.36,0.1467,536.09,0.0401,0.0926,0.0524,2,54,59,64,1173
Kamdhenu,532741,KAMDHENU,Industrial Products,28.85,813.23,0,747.49,758.74,60.87,66.85,184.53,190.18,174.96,197.82,195.78,23.66,21.32,17.09,21.42,20.64,12.16,6.1,38.73,118.03,80.62,89.12,21.67,102.12,68.87,0.75,32.63,0.0151,0.0982,0.0832,1.2,73,81,89,1077
Kanoria Chem.,506525,KANORICHEM,Industrial Manufacturing,82.3,359.65,0,1536.72,1606.36,-66.34,-49.36,384.13,373.64,347.52,431.42,453.78,16.99,16.37,-10.95,-7.83,62.94,,18.13,55.02,903.28,-26.03,-9.62,5.68,37.57,14.68,-0.0484,36.89,0.0453,-0.256,-0.3013,0,-62,-78,-98,0
Kanpur Plastipa.,507779,KANPRPLA,Industrial Products,220.44,512.01,0,626.56,675.9,20.66,28.19,132.21,151.63,160.81,183.96,179.5,17.92,12.8,12.37,6.91,36.67,18.16,35.77,690.6,250.89,45.3,53.84,4.45,-4.43,36.85,0.1301,654.83,0.0787,0.3645,0.2857,0.5,38,52,72,1300
Kansai Nerolac,500165,KANSAINER,Consumer Durables,247.5,20010.7,2.85,7822.97,7851.94,624.98,638.86,2133.06,1951.37,1921.89,1816.65,2162.03,165.72,303.15,108.46,220.91,36.01,31.32,1.36,-4.3,4528.23,819.15,867.29,324.51,903.01,672.36,0.2127,-5.66,0.0037,0.0222,0.0185,14.1,653,668,682,21372
Kapston Services,,KAPSTON,Commercial Services & Supplies,251.96,511.18,0,688.7,725.39,17.8,20.61,153.51,168.11,182.2,184.89,190.19,9.37,9.09,6.04,6.1,28.29,24.8,23.89,83.73,118.67,27.71,30.54,0,3.91,-7.98,0.1737,59.84,0.0533,0.1579,0.1046,1.6,24,28,32,793
Karnika Industri,,KARNIKA,Textiles & Apparels,174.65,866.23,0,170.8,170.8,16.73,16.73,62.93,,,97.14,75.41,15.05,10.99,10.35,7.68,31.75,51.78,19.83,37.39,63.35,26.97,26.97,6.15,-6.03,4.14,0.3612,17.56,0,0,0,,17,17,17,866
Karur Vysya Bank,590003,KARURVYSYA,Banks,226.59,21893.72,0,9678.04,9957.1,1939.34,2004.44,2284.53,2384,2488.62,2515.93,2568.55,1590.91,1729.31,513.36,521.45,9.64,10.92,12.43,13.69,7360.45,8005.78,8312.31,660.73,2954.06,4487.08,0.3621,1.26,0.0288,0.0336,0.0047,3.3,2072,2141,2213,24168
Kavveri Defence,590041,KAVDEFENCE,Telecom - Equipment & Accessories,119.71,411.49,0,17.12,20.42,6.41,7.46,0.62,1.3,7.01,8.2,3.91,-0.59,1.04,3.69,1.08,1.02,55.16,530.65,3500,12.47,6.44,7.5,0,-11.34,0.65,0.5982,2969.35,0.1928,0.1638,-0.029,3.4,9,10,12,649
Kaya Ltd,539276,KAYA,Leisure Services,448.8,681.62,0,217.17,218.12,82.23,-47.46,51.85,52.52,58.12,54.69,52.79,1.7,3.72,-11.16,-14.09,6.81,,1.81,-141000,79.02,-2.4,-15.49,0,38.79,1.21,-0.6006,-141001.81,0.0044,-1.5772,-1.5815,0,-122,-315,-812,0
Kaynes Tech,543664,KAYNES,Industrial Manufacturing,7102,47608.01,7.4,2721.73,2891.25,286.2,317.48,503.98,572.12,661.18,984.48,673.47,167.86,113.04,116.2,74.61,119.33,149.96,33.63,46.93,2237.44,468.36,510.83,86.97,87.71,-82.32,0.1808,13.3,0.0623,0.1093,0.047,13.7,352,391,433,64988
Kay Cee,,KCEIL,Construction,258.75,316.3,0,152.68,152.68,17.07,17.07,40.34,,,37.86,114.82,8,19.14,5,12.06,25.64,18.53,184.63,220.74,77.49,27.5,27.5,5.67,-12.04,-22.41,0.2935,36.11,0,0,0,,17,17,17,316
K C P,590066,KCP,Cement & Cement Products,199.06,2566.3,0,2528.94,2514.42,161.48,191.79,691.03,602.46,600.67,634.78,676.51,102.33,111.09,37,63.49,16.46,13.38,-2.1,92.28,2220.22,308.67,353.94,1.46,106.31,160.02,0.087,94.38,-0.0057,0.1877,0.1934,0.7,228,271,321,4299
KCP Sugar &Inds.,533192,KCPSUGIND,Agricultural Food & other Products,31.72,359.66,0,310.46,281.16,8.83,-24,88.67,73.74,84.06,63.99,59.37,30.13,-0.26,-22.22,19.15,7.12,,-33.04,-64.62,235.76,26.3,-3.79,3.11,42.46,47.79,-0.0886,-31.58,-0.0944,-3.718,-3.6236,0,-113,-534,-2521,0
KDDL Ltd,532054,KDDL,Consumer Durables,2689.3,3371.61,16.16,1647.88,1752.95,94.87,97.77,359.93,396.34,472.03,419.58,465,64.4,68.46,20.31,20.43,35.2,34.49,29.19,18.3,1682.66,230,227.9,49.02,97.87,-4.26,0.0872,-10.89,0.0638,0.0306,-0.0332,11.3,101,104,107,3691
K E C Intl.,532714,KEC,Construction,853.8,22728.16,32.52,21846.7,22357.69,567.42,607.77,4511.89,5113.31,5349.38,6872.12,5022.88,538.83,350.1,268.2,124.6,59.73,37.4,11.33,42.27,4844.89,1561.19,1433.73,242.21,311.15,419.07,0.1754,30.94,0.0234,0.0711,0.0477,5.3,651,697,747,27933
Kirl. Electric,533193,KECL,Electrical Equipment,116.12,771.2,0,543.82,542.59,-6.03,-7.72,133.47,161.47,119.75,129.13,132.24,0.7,6.88,-3.85,0.42,38.02,,-0.92,-78.24,174.24,18.35,16.61,0.18,36.58,35.76,-0.0433,-77.32,-0.0023,0.2803,0.2825,0,-6,-4,-3,0
KEI Industries,517569,KEI,Industrial Products,4278.2,40879.31,0,9735.88,10257.01,695.9,741.92,2065.02,2279.65,2472.25,2914.79,2590.32,301.28,258.01,226.55,195.75,49.5,55.1,25.44,30.28,5665.15,991.93,1053.45,245.39,610.5,-32.21,0.1743,4.84,0.0535,0.0661,0.0126,8.3,791,843,899,49538
Kellton Tech,519602,KELLTONTEC,IT - Services,23.91,1165.78,90.98,1097.82,1131.36,79.72,82.43,261.93,270.69,278.87,286.33,295.47,29.26,35.12,19.2,22.65,15.37,14.14,12.8,13.59,591.18,112.77,116.3,13.63,56.2,5.87,0.1625,0.79,0.0306,0.034,0.0034,4.2,85,88,91,1289
Kennametal India,505890,KENNAMET,Industrial Manufacturing,2091.6,4596.97,15.65,1170.3,1170.3,95.55,95.55,302.4,270.4,287,289.6,323.4,39.9,49.4,24.4,31.3,59.83,48.11,6.94,3.3,729.6,130.4,130.4,40.8,114.3,144.8,0.1869,-3.64,0,0,0,,96,96,96,4597
Kernex Microsys.,532686,KERNEX,Transport Services,1132.8,1898.51,0,189.77,217.03,50.24,54.08,28.68,41.22,36.81,83.07,55.93,17.12,12.58,32.59,7.46,39.96,35.11,95.01,106.08,145.55,39.42,47.06,0,-71.12,14.55,0.3716,11.07,0.1436,0.0764,-0.0672,4.6,58,63,67,2368
KFin Technolog.,543720,KFINTECH,Capital Markets,1072.5,18475.19,7.07,1090.75,1127.25,318.17,341.81,237.56,280.47,290.02,282.7,274.06,122.26,113.6,85.05,77.26,48.91,54.05,15.36,13.5,1094.31,432.92,465.3,113.74,289.25,398.9,0.4163,-1.86,0.0335,0.0743,0.0408,7.3,367,394,424,22906
Khadim India,540775,KHADIM,Consumer Durables,247.25,454.41,0,418.03,460.32,5.4,15.04,104.1,160.58,110.24,93.8,95.7,16,12.33,5.54,0.86,29.11,30.21,-8.07,-81.74,374.47,51.73,44.14,3.16,51.5,67.21,0.0486,-73.67,0.1012,1.7852,1.684,0.2,42,117,325,9817
Khaitan Chemical,507794,KHAICHEM,Fertilizers & Agrochemicals,123.68,1199.56,0,720.17,824.41,1.4,39.52,130.08,230.65,198.76,160.68,234.32,10.57,31.72,8.63,21.41,26.5,30.35,80.14,228.13,245.07,13.35,52.16,0,-55.39,44.13,0.1613,147.99,0.1447,27.2286,27.0838,0,1116,31492,888963,26980024
Kalyani Invest.,533302,KICL,Finance,5025.4,2196.1,0,78.22,79.19,71.54,64.2,4.81,46.35,5.62,21.44,5.78,19.04,-4.04,25.68,-3.18,26.44,34.21,20.17,-176.26,243.77,97.49,87.85,19.33,-12.13,-16.14,0.3427,-196.43,0.0124,-0.1026,-0.115,-3.3,58,52,46,1587
Kilitch Drugs,524500,KILITCH,Pharmaceuticals & Biotechnology,361.25,631.49,55.97,198.32,208.01,23.87,28.01,33.45,47.47,56.17,61.23,43.14,14.59,3.26,10.4,3.03,33.43,22.55,28.97,126.12,151.79,35.83,40.72,9.89,-1.53,17.54,0.2497,97.15,0.0489,0.1734,0.1246,1.3,33,39,45,1021
Krishna Institu.,543308,KIMS,Healthcare Services,700.6,28033.73,0,3035.1,3218.2,366.52,368.9,688.4,777.3,772.4,796.9,871.6,198,192.6,94.2,78.6,49.07,75.99,26.61,-9.24,4401.4,632,638.6,148.2,521.2,581.8,0.1175,-35.85,0.0603,0.0065,-0.0538,117,371,374,376,28582
Kingfa Science,524019,KINGFA,Industrial Products,4666.5,5651.35,0,1744.69,1790.18,152.86,153.58,416.44,418.33,440.37,469.55,461.93,60.45,57.91,41.9,39.79,27.67,36.8,10.92,1.84,716.83,212.74,214.21,53.71,16.1,59.92,0.2892,-9.08,0.0261,0.0047,-0.0214,78.1,154,155,156,5732
KIOCL,540680,KIOCL,Ferrous Metals,508,30873.76,0,590.52,534.09,-204.63,-191.65,147.37,16.14,180.55,246.46,90.94,-40.81,-41.72,-36.86,-37.79,712.39,,-38.29,25.49,1933.46,-189.77,-178.39,-3.28,104.73,343.31,-0.1008,63.78,-0.0956,-0.0634,0.0321,0,-204,-217,-230,0
Kiri Industries,532967,KIRIINDUS,Chemicals & Petrochemicals,583.8,3504.12,23.72,740.03,758.77,258.01,182.69,183.38,173,178.63,205.02,202.12,-5.07,-16.21,-84.64,10.14,11.44,19.18,10.22,-89,965.68,382.84,20.05,-0.79,-76.83,-341.93,0.1884,-99.22,0.0253,-0.2919,-0.3172,-0.7,129,92,65,1244
Kirl. Ferrous,500245,KIRLFER,Ferrous Metals,515.25,8488.18,0,6566.26,6697.6,321.34,337.49,1553.71,1667.11,1609.25,1736.19,1685.05,198.54,213.88,95.56,95.77,22.07,25.15,8.45,26.73,3866.42,582.13,603.35,95.34,567.33,660.35,0.1119,18.28,0.02,0.0503,0.0303,5,354,372,391,9833
Kirl. Brothers,500241,KIRLOSBROS,Industrial Products,1946.1,15453.77,0,4492.24,4440.3,411.99,422.61,1030.9,1035.8,1144.2,1281.3,979,189.5,111.7,138.3,66.91,29.83,36.57,-5.03,2.78,1494.15,579.38,590.8,158.1,369.55,385.52,0.3887,7.81,-0.0116,0.0258,0.0373,14.2,434,445,456,16681
Kirloskar Oil,533293,KIRLOSENG,Industrial Products,891.1,12944.96,0,6349.13,6471.41,443.72,445.91,1631.87,1504.59,1453.7,1749.32,1763.8,312.44,326.67,115.87,137.14,25.57,29.03,8.08,-10.61,1711.82,1072.4,1114.32,146.45,-468.78,-738.94,0.346,-18.69,0.0193,0.0049,-0.0143,58.8,448,450,453,13137
Kirloskar Indus.,500243,KIRLOSIND,Industrial Products,3941.6,4138.65,0,6628.91,6754.58,146.6,159.07,1558.96,1687.74,1613.54,1747.82,1705.48,205.88,218.6,42.7,42.97,19.49,26.02,9.4,50.3,5458.31,585.21,614.04,114.79,576.17,598.26,0.0502,40.9,0.019,0.0851,0.0661,3.1,173,187,203,5288
Kirl.Pneumatic,505283,KIRLPNU,Industrial Products,1180.3,7661.93,0,1628.63,1625.3,213.43,215.08,275.3,430.67,340.03,582.6,272,109.9,35.8,83.46,28.1,38.46,35.62,-1.2,4.46,654.9,285.78,285.39,68.9,183.41,214.84,0.4336,5.66,-0.002,0.0077,0.0098,46.1,217,218,220,7840
Kitex Garments,521248,KITEX,Textiles & Apparels,190.51,3800.67,78.68,982.8,989.06,138.67,132.18,190.44,215.88,276.32,300.17,196.69,51.14,34.19,33.05,20.76,32.81,28.75,3.28,-24.01,2060.61,203.47,196.89,59.45,-38.26,54.28,0.093,-27.29,0.0064,-0.0468,-0.0532,-6.1,126,120,114,3291
Kewal Kir.Cloth.,532732,KKCL,Textiles & Apparels,547.55,3374.29,0,1002.77,1085.27,115.64,150.54,151.25,308.23,255.16,288.13,233.75,52.13,41.51,29.13,31.28,27.11,22.41,54.55,24.08,1053.95,168.29,217.15,42.5,135.85,13.66,0.1832,-30.47,0.0823,0.3018,0.2195,0.7,196,255,332,7443
Knowledge Marine,543273,KMEW,Engineering Services,2374.4,2564.59,0,200.71,206.04,49.61,51.14,43.14,52.48,57.61,47.48,48.47,16.68,19.94,10.89,11.27,35.22,50.15,12.36,9.42,235.61,72,75.44,10.39,38.36,57.84,0.2612,-2.94,0.0266,0.0308,0.0043,16.3,53,54,56,2809
KN Agri Resource,,KNAGRI,Agricultural Food & other Products,233.5,583.72,0,1710.78,1710.78,37.02,37.02,1062.75,,,754.06,970.79,25.09,35.51,14.35,22.71,12.85,15.77,-8.65,19.65,325.17,60.96,60.96,13.27,21.52,-2.65,0.1547,28.3,0,0,0,,37,37,37,584
KNR Construct.,532942,KNRCON,Construction,193.44,5440.2,0,4753.17,4380.89,1102.52,1036.29,985,1944.86,848.1,975.21,612.72,221.49,182.95,212.92,123.41,13.18,5.25,-37.79,-28.49,2812.48,1593.37,1550.17,216.66,-297.12,-566.58,0.4455,9.3,-0.0783,-0.0601,0.0183,-0.9,974,916,861,4518
Kody Technolab,,KODYTECH,IT - Software,673.25,858.23,0,71.77,71.77,17.62,17.62,,,,,,,,,,50.83,48.71,,,31.32,24.99,24.99,6.02,,-7.55,0.7548,0,0,0,0,,18,18,18,858
Kokuyo Camlin,523207,KOKUYOCMLN,Household Products,106.34,1066.63,3.41,762.53,760.49,5.85,-0.34,229.42,172.51,160.56,200.03,227.39,13.2,19.63,4.39,10.06,43.01,,-0.88,-38.05,288.55,13.39,4.53,1.09,18.84,54.54,0.0026,-37.17,-0.0027,-1.0581,-1.0554,0,-1,-1,-3,0
Kolte Patil Dev.,532924,KOLTEPATIL,Realty,431.65,3827.88,0,1717.38,1458.99,104.06,83.34,340.75,308.29,349.67,718.67,82.36,106.38,-25.95,65.29,-16.99,41.9,45.93,-75.83,-372.71,246.05,209.11,162.12,38.55,-111.01,281.91,0.4954,-296.88,-0.1505,-0.1991,-0.0487,-2.3,67,53,43,1966
Kopran,524280,KOPRAN,Pharmaceuticals & Biotechnology,173.5,837.76,0,629.6,625.38,38.55,34.91,139.44,151.56,166.24,172.36,135.22,17.09,14.13,9.68,7.45,23.52,24,-3.03,-32.88,542.39,61.29,56.81,10.19,43.26,41.94,0.0832,-29.85,-0.0067,-0.0944,-0.0877,-2.5,32,29,26,622
Kotak Mah. Bank,500247,KOTAKBANK,Banks,2150.1,427567.3,0,65668.83,67080.35,22091.71,19150.01,15836.79,16426.97,16633.14,16771.93,17248.31,3108.19,4127.12,4932.76,4472.18,20.95,22.33,8.91,-2.35,64479.66,57217.78,54230.07,6255.96,15685,16915.73,0.394,-11.26,0.0215,-0.1332,-0.1547,-1.7,16600,14390,12473,278533
Kothari Petroche,,KOTHARIPET,Chemicals & Petrochemicals,142.27,837.21,24.87,577.34,625.45,65.83,64.04,144.86,180.59,131.27,152.92,160.67,23.26,22.88,17.28,17.58,14.32,13.07,10.91,-9.19,273.46,83.33,86.06,21.02,71.52,58.77,0.3111,-20.1,0.0833,-0.0272,-0.1105,-4.8,62,61,59,771
Kothari Products,530299,KOTHARIPRO,Commercial Services & Supplies,85.28,509.02,65.12,957.86,958.63,-75.58,-78.01,247.64,265.9,221.49,222.83,248.41,1.82,0.22,10.27,21.25,24.5,,0.31,303.23,690.96,-62.43,-64.5,5.93,161.92,100.26,-0.1043,302.92,0.0008,0.0322,0.0313,0,-76,-73,-71,0
Kotyark Indust.,,KOTYARK,Gas,304.05,312.54,0,283.81,283.81,13.85,13.85,143.76,,,196.76,87.05,36.12,6.03,17.88,-3.79,36.81,22.57,-39.45,-133.13,164.77,27.29,27.29,6.38,-15.35,31.08,0.1228,-93.68,0,0,0,,14,14,14,313
Kovai Medical,523323,KOVAI,Healthcare Services,6620.1,7242.39,0,1371.11,1429.93,209.6,220.42,315.1,343.99,355.04,356.98,373.92,101.05,105.8,54.7,57.23,26.34,32.86,18.67,25.09,1498.14,314.79,328.44,72.14,344.13,352.91,0.1953,6.42,0.0429,0.0516,0.0087,6.4,232,244,256,8424
K.P. Energy,539686,KPEL,Power,424.55,2840.54,0,936.44,1031.06,113.32,122.54,127.18,198.62,211.77,401.2,219.47,70.31,48.38,45.79,25.42,27.37,23.18,72.57,39.59,626.21,180.23,198.95,29.45,33.14,161.71,0.2427,-32.98,0.101,0.0814,-0.0197,2.8,133,143,155,3592
KPI Green Energy,542323,KPIGREEN,Power,442.6,8734.32,0,1735.45,1990.39,321.47,358.54,348.01,359.68,458.36,569.41,602.94,161.12,206.07,99.19,104.19,29.21,24.36,73.25,55.03,3922.3,522.96,591.11,44.13,-57.49,207.73,0.1027,-18.22,0.1469,0.1153,-0.0316,2.1,400,446,497,12117
Kalpataru Proj.,522287,KPIL,Construction,1249.8,21343.15,0,22315.78,23900.35,580.17,706.49,4586.6,4929.93,5732.48,7066.77,6171.17,537.76,525.05,225.41,213.62,29.8,30.21,34.55,130.12,7697.09,1587.51,1530.06,319.59,842.96,913.95,0.1333,95.57,0.071,0.2177,0.1467,1.4,860,1048,1276,38540
KPIT Technologi.,542651,KPITTECH,IT - Software,1154.1,31638.94,0,5842.35,6016.47,839.6,807.35,1364.63,1471.41,1477.96,1528.34,1538.76,322.99,294.76,244.73,171.9,66.78,39.19,12.76,-15.8,2969.53,1174.94,1133.36,302.05,1001.77,1389.53,0.3736,-28.56,0.0298,-0.0384,-0.0682,-10.2,776,747,718,28132
K P R Mill Ltd,532889,KPRMILL,Textiles & Apparels,1004.3,34328.38,0,6387.88,6544.49,797.45,824.5,1609.66,1480.02,1529.22,1768.98,1766.27,332.67,310.25,204.55,212.7,35.36,41.64,9.73,4.62,4790.02,1089.62,1134.07,255.76,677.94,1401.32,0.2255,-5.11,0.0245,0.0339,0.0094,12.3,852,881,911,37946
KRBL,530813,KRBL,Agricultural Food & other Products,370.9,8489.53,26.33,5593.81,5978.98,475.69,540.07,1199.18,1270.48,1681.9,1442.25,1584.35,223.72,192.65,154.21,150.58,13.45,15.72,32.12,73.96,4994.17,654.08,738.76,183.39,223.8,960.75,0.1449,41.84,0.0689,0.1353,0.0665,1.2,613,696,790,12425
Krishana Phosch.,,KRISHANA,Fertilizers & Agrochemicals,570.45,3454.22,0,1355.21,1473.01,86.54,100.71,280.76,300.56,304.03,472.88,395.54,56.28,65.56,32.86,30.58,34.76,34.3,40.88,86.35,555.89,162.71,188.59,26.55,-83.47,154.3,0.2289,45.47,0.0869,0.1637,0.0768,2.1,117,136,159,5444
Krishca Strapp.,,KRISHCA,Industrial Products,216.95,307.85,0,149.2,149.2,11.73,11.73,56.53,,,63.58,85.62,9.3,13.26,5.44,6.3,26.91,26.24,51.46,-16.67,75.98,19.74,19.74,4.34,-1.29,-20.2,0.2115,-68.13,0,0,0,,12,12,12,308
Krishival Foods,544416,KRISHIVAL,Food Products,464.85,1036.39,1.33,202.23,202.23,13.54,13.54,29.2,,,73.78,49.52,6.7,5.41,4.19,4.27,74.48,76.54,69.59,27.46,124.34,20.96,20.96,5.32,-33.55,46.38,0.1517,-42.13,0,0,0,,14,14,14,1036
Krishna Defence,,KRISHNADEF,Aerospace & Defense,828.3,1235.74,0,194.32,194.32,21.91,21.91,71.2,,,94.04,100.82,14.14,16.17,10.6,11.32,57.61,56.4,41.6,58.1,119.37,31.18,31.18,7.79,-3.23,-11.37,0.2488,16.5,0,0,0,,22,22,22,1236
Kriti Industries,526423,KRITI,Industrial Products,126.03,664.13,0,721.91,688.81,-4.27,-10.85,257.16,117.36,209.88,137.51,224.06,0.23,15.1,-3.66,7.26,35.79,,-12.87,-47.54,237.45,17.51,7.63,-2.14,58.43,33.77,-0.0547,-34.67,-0.0459,1.541,1.5868,0,6,15,38,0
Kriti Nutrients,533210,KRITINUT,Agricultural Food & other Products,92.83,465.11,0,734.34,775.56,36.29,31.97,187.82,173.55,172.92,200.05,229.04,6.09,11.37,4.95,9.21,13.26,14.55,21.95,-35.46,121.5,49.37,43.43,11.06,49.81,31.96,0.3542,-57.41,0.0561,-0.119,-0.1752,-1.2,28,25,22,318
KRN Heat Exchan,544263,KRN,Industrial Products,845.3,5254.1,15.7,429.65,449.35,52.88,53.33,95.78,91.1,111.47,131.5,115.28,18.89,17.59,14.87,12.42,89.41,98.52,20.36,3.76,498.96,77.73,78.94,22.37,16.92,21.44,0.1517,-16.6,0.0459,0.0085,-0.0373,115.8,54,54,55,5389
Kronox Lab,544187,KRONOX,Chemicals & Petrochemicals,151.86,563.46,0,100.19,99.29,25.47,25.6,25.19,24.86,24.01,26.13,24.29,7.75,7.97,6.32,6.28,26.8,22.01,-3.57,2.11,83.22,34.27,34.39,8.91,17.42,30.7,0.4147,5.68,-0.009,0.0051,0.0141,43.1,26,26,26,572
Kross Ltd,544253,KROSS,Auto Components,189.33,1221.36,0,620.41,613.37,48,51.07,146.39,139,150.05,184.96,139.36,26.8,16.17,17.15,10.7,23.92,23.92,-4.8,39.69,397.14,79.64,80.6,18.24,8.25,-32.06,0.1745,44.49,-0.0113,0.064,0.0753,3.7,54,58,62,1471
Krsnaa Diagnost.,543328,KRSNAA,Healthcare Services,824.95,2676.03,0,681.7,694.15,79.33,84.2,163.16,178.72,165.16,174.65,175.62,53.3,50.1,21.07,19.56,32.52,31.78,7.64,7.59,790.57,129.56,137.94,23.5,24.39,89.38,0.1362,-0.05,0.0183,0.0614,0.0431,5.2,89,95,101,3200
Knowledge Realty,544481,KRT,,117.1,51926.82,0,3930.1,3930.1,317.99,317.99,,,,0,0,-1.93,-0.91,-1.93,-0.91,,163.3,,,19371.22,2904.24,2904.24,339.36,2094.85,2723.14,0.0339,0,0,0,0,,318,318,318,51928
Krystal Integrat,544149,KRYSTAL,Commercial Services & Supplies,612.1,855.22,0,1113.24,1161.42,60.18,59.93,243.24,246.18,256.9,373.62,284.72,24.71,18.83,16.07,15.01,14.54,14.27,17.05,-1.9,366.12,82.47,83.89,14.22,-1.64,-33.46,0.2025,-18.95,0.0433,-0.0042,-0.0474,-34.4,60,59,59,845
KSB,500249,KSB,Industrial Products,803.15,13977.96,13.82,2533.09,2605,247.01,256.8,646,616.5,726.4,595.4,666.7,67.7,91.4,51.6,70.4,54.7,54.43,3.2,3.38,1452.5,332.74,344.8,84.1,141.5,187.15,0.2347,0.18,0.0284,0.0396,0.0112,13.7,267,278,289,15706
Kaveri Seed Co.,532899,KSCL,Agricultural Food & other Products,1063.9,5472.6,1.82,1202.43,1260.27,260.09,317.91,803.23,137.44,174.05,90.25,858.53,-16.53,338.17,-22.94,326.08,13.5,17.21,6.88,12.64,854.01,275,335.12,13.1,389.42,196.91,0.3876,5.76,0.0481,0.2223,0.1742,0.8,389,475,581,9991
Kalyani Steels,500235,KSL,Industrial Products,833.6,3638.92,0,1981.9,1963.21,252.51,262.43,461.46,492.1,484.01,544.33,442.77,114.31,85.34,79.28,60.97,13.55,13.87,-4.05,18.23,1729.21,360.59,370.43,87.85,317.47,382.64,0.2026,22.28,-0.0094,0.0393,0.0487,3.5,273,283,295,4086
Ksolves India,543599,KSOLVES,IT - Software,327.6,776.81,77.73,137.43,143.53,34.32,31.8,31.57,34.82,37.7,33.34,37.67,8.55,9.94,5.86,6.43,32.66,24.43,19.32,-28.16,26.56,46.25,43.54,11.11,33.24,34.11,1.6156,-47.48,0.0444,-0.0734,-0.1178,-3.3,29,27,25,618
Karnataka Bank,532652,KTKBANK,Banks,174.62,6601.85,0,9013.6,8996.89,1272.41,1164.44,2277.99,2234.13,2243.02,2258.46,2261.28,1393.49,1503.81,252.37,292.4,5.48,5.67,-0.73,-26.96,17342.64,7343.87,7313.03,314.32,680.98,209.52,0.0853,-26.23,-0.0019,-0.0849,-0.083,-0.7,1066,975,892,5060
Kuantum Papers,532937,KUANTUM,"Paper, Forest & Jute Products",108.84,949.78,6.49,1107.04,1049.21,117.68,89.05,280.75,278.86,270.08,277.35,222.92,59.88,40.4,26.12,12.06,7.71,10.67,-20.6,-68.42,1719.35,198.92,161.4,15.93,297.8,176.96,0.0611,-47.82,-0.0522,-0.2433,-0.191,-0.4,67,51,39,412
Dr Lal Pathlabs,539524,LALPATHLAB,Healthcare Services,3096.8,25943.6,0,2461.4,2529.3,488.68,513.1,601.9,660.2,596.7,602.6,669.8,169,192.3,154.8,132.4,65.58,50.56,11.28,24.44,1806.29,649.26,676.9,172.2,535.33,568.89,0.3794,13.16,0.0276,0.05,0.0224,10.1,539,566,594,30029
Landmark Cars,543714,LANDMARK,Automobiles,578.65,2397.05,0,4025.5,4255.24,16.89,18.42,831.98,907.27,1195.03,1091.22,1061.72,54.67,61.04,1.34,6.91,43.89,130.14,27.61,103.16,875.67,103.8,113.45,21.7,40.81,151.99,0.0458,75.55,0.0571,0.0906,0.0335,14.4,20,22,24,3109
La Opala RG,526947,LAOPALA,Consumer Durables,240.71,2671.88,13.07,331.87,324.28,91.62,98.27,72.85,90.61,91.3,77.1,65.27,26.7,24.13,25.69,25.35,31.65,27.19,-10.4,7.14,262.17,130.88,138.16,22.93,68.2,112.21,0.4623,17.54,-0.0229,0.0726,0.0955,3.7,105,113,121,3297
Latent View,543398,LATENTVIEW,IT - Software,439.75,9085.28,95.74,847.84,904.99,166.39,186.11,178.88,208.95,227.84,232.18,236.02,54.92,50.43,53.48,50.84,54.64,48.82,31.94,30.59,739.66,225.53,246.81,59.87,115.37,130.47,0.3326,-1.35,0.0674,0.1185,0.0511,4.1,208,233,260,12714
Laurus Labs,540222,LAURUSLABS,Pharmaceuticals & Biotechnology,876.75,47329.15,68.42,5553.96,5928.62,319.75,508.83,1194.91,1223.7,1415.05,1720.3,1569.57,420.6,382.13,233.67,163.02,93.02,93.02,31.35,1203.12,5374.18,643.24,908.36,198.51,665.69,601.65,0.1316,1171.77,0.0675,0.5913,0.5239,1.6,810,1289,2050,190737
Laxmi Dental,544339,LAXMIDENTL,Healthcare Equipment & Supplies,318.4,1749.99,0,239.11,245.06,26.19,23.12,59.67,57.12,61.67,60.67,65.6,9.53,11.91,4.04,8.39,49.53,75.69,9.94,-27.83,184.2,30.97,29.23,3.72,8.15,43.83,0.1457,-37.77,0.0249,-0.1172,-0.1421,-6.5,20,18,16,1204
Laxmi India Fin.,544465,LAXMIINDIA,Finance,149.72,782.55,0,245.73,245.73,35.99,35.99,50.84,,61.19,74.27,69.68,50.57,46.05,14.57,9.78,17.39,21.74,37.06,47.51,240.06,161.98,161.98,15,-223.76,-311.26,0.2124,10.45,0,0,0,,36,36,36,782
Le Merite Export,,LEMERITE,Textiles & Apparels,466.8,1134.26,0,524.83,524.83,5.82,5.82,228.64,,,296.88,217.86,4.24,3.48,2.97,3.13,39.12,195.03,-4.71,1638.89,120.8,17.26,17.26,1.75,0.17,-12.28,0.0627,1643.6,0,0,0,,6,6,6,1135
Lemon Tree Hotel,541233,LEMONTREE,Leisure Services,164.43,13026.91,0,1286.08,1333.84,196.52,215.1,268.02,284.37,355.18,378.52,315.77,203.48,140.11,84.64,38.33,72.42,60.56,17.82,93.49,3525.56,507.35,523.46,37.79,465.01,541.58,0.0717,75.67,0.0371,0.0945,0.0574,6.4,235,258,282,17082
L G Balakrishnan,500250,LGBBROSLTD,Auto Components,1395.1,4449.31,0,2578.29,2664.05,284.7,285.42,571.29,660.93,676.9,669.17,657.05,102.03,97.11,74.14,60.82,14.42,15.59,15.01,1.5,1516.67,379.7,382.25,95.94,342.75,288.36,0.2514,-13.51,0.0333,0.0025,-0.0307,61.6,286,287,288,4484
Laxmi Goldorna,,LGHL,Consumer Durables,368.25,1844.66,0,87.82,87.82,10.56,10.56,15.85,,22.16,27.72,28.67,5.28,5.21,0.6,2.24,109.4,174.68,80.88,115.38,114.21,22.51,22.51,3.31,-8.63,-44.59,0.1214,34.5,0,0,0,,11,11,11,1845
Liberty Shoes,526596,LIBERTSHOE,Consumer Durables,334.25,569.56,0,675.48,692.35,15.54,13.93,155.93,171.8,160.1,187.66,172.79,25.13,15.97,5.8,3.3,43.8,40.89,10.81,-28.73,325.25,36.73,35.4,6.01,88.17,74.5,0.0613,-39.54,0.025,-0.1036,-0.1286,-3.9,12,11,10,410
LIC Housing Fin.,500253,LICHSGFIN,Finance,568.45,31268.33,0,28110.6,28563.39,5442.15,5499.82,6796.85,6937.72,7069.99,7305.52,7250.16,6756.45,6775.23,1373.38,1363.89,7.06,5.69,6.67,4.41,-4197.62,26407.12,26773.04,1447.69,-7151.41,-16609.2,-1.6551,-2.26,0.0161,0.0106,-0.0055,5.4,5558,5617,5677,32299
Life Insurance,543526,LICI,Insurance,897.8,567858.3,0,889970,902689.4,48001.19,48733.05,211952.1,231132.1,203751.3,243134.5,224671.5,21513.9,10473.63,19038.67,10957.05,13.56,11.65,6,3.91,184198,55895.35,53855.07,7962.43,26547.94,-9144.77,0.3078,-2.09,0.0143,0.0152,0.001,7.6,49476,50230,50996,594106
Likhitha Infra.,543240,LIKHITHA,Construction,238.6,941.28,0,512.22,509.6,69.37,66.2,125.03,125.4,126.29,135.5,122.41,24.03,19.23,17.63,13.91,17.61,14.22,-2.1,-18.51,365.26,94.48,89.95,22.76,6.73,1.39,0.2436,-16.41,-0.0051,-0.0457,-0.0406,-3.1,63,60,58,818
Linc,531241,LINC,Household Products,124.5,740.64,17.35,531.47,538.03,38.47,37.62,127.75,134.64,118,151.09,134.3,18.93,12.72,12.66,7.33,25.89,19.69,5.13,-12.43,234.21,53.36,52.3,13.06,38.35,56.9,0.2164,-17.56,0.0123,-0.0221,-0.0344,-8.9,37,36,35,693
Lincoln Pharma.,531633,LINCOLN,Pharmaceuticals & Biotechnology,528.85,1059.27,0,623.23,630.01,81.04,86.36,147.28,161.21,146.55,168.18,154.07,26.72,23.81,11.58,27.68,13.14,12.27,4.61,16.94,406.44,109.34,116.77,23.94,63.22,93.02,0.2714,12.33,0.0109,0.0656,0.0548,1.9,92,98,105,1282
Linde India,523457,LINDEINDIA,Chemicals & Petrochemicals,6198.5,52860.81,0,2485.38,2403.24,444.75,441.35,653.23,634.42,605.86,591.88,571.08,209.87,197.03,117.9,105.07,122.59,119.77,-12.58,-5.8,2851.39,614.7,612.53,182.41,440.4,583.6,0.2188,6.78,-0.033,-0.0076,0.0254,-156.7,438,435,431,51657
Lloyds Engineeri,539992,LLOYDSENGG,Industrial Manufacturing,62.83,8624.04,0,845.74,845.74,103.13,103.13,,,266.21,231.96,217.01,34.66,26.51,18.25,30.18,91.01,83.62,,,665.84,149.66,149.66,34.33,,158.3,0.2064,0,0,0,0,,103,103,103,8624
Lloyds Enterpris,512463,LLOYDSENT,Metals & Minerals Trading,70.54,10184.64,0,1488.06,1496.01,49.6,280.67,323.18,385.49,290.3,489.32,330.9,24.79,22.41,9.43,229.73,57.8,36.29,2.39,3641.53,995.62,169.31,467.16,76.26,-19.99,144.51,0.3585,3639.14,0.0053,4.6587,4.6533,0.1,1588,8987,50856,1845550
Lloyds Metals,512455,LLOYDSME,Minerals & Mining,1344.2,70765.17,0,6721.4,6684.04,1449.9,1528.02,2417.24,1435.69,1675.17,1193.3,2379.88,261.25,780.1,202.47,634.58,27.76,46.31,-1.55,13.83,6616.77,1922.69,1999.08,375.28,1700.93,1204.87,0.2876,15.38,-0.0056,0.0539,0.0594,8.6,1610,1697,1789,82828
LMW,500252,LMW,Industrial Manufacturing,14732,15738.2,0,3012.01,3033.19,83.19,103.81,672.96,768.99,766.43,803.63,694.14,57.96,13.75,47.82,12.23,44.61,151.61,3.15,10.98,2270.28,122.65,155.85,51.51,140.58,29.04,0.0684,7.83,0.007,0.2479,0.2408,6.1,130,162,202,30582
Lodha Developers,543287,LODHA,Realty,1155.9,115417,0,13779.5,14424.7,2764.3,2963.7,2846.5,2625.7,4083,4224.3,3491.7,1220,984.2,921.7,674.7,50.77,38.94,22.67,41.95,20501,4105,4388.5,801.3,2512.3,1565.6,0.1836,19.28,0.0468,0.0721,0.0253,5.4,3177,3407,3652,142225
Lokesh Mach.,532740,LOKESHMACH,Industrial Manufacturing,191.25,382.44,3.76,228.32,213.85,0.54,-0.03,62.53,75.32,51.79,38.69,48.05,7.32,8.61,0.13,0.46,48.37,,-23.16,-55.34,263.35,16.07,15.98,-0.49,17.44,20.91,-0.002,-32.18,-0.0634,-1.0556,-0.9922,0,0,0,0,0
Lords Chloro,500284,LORDSCHLO,Chemicals & Petrochemicals,199.95,502.87,0,270.22,305.38,5.63,14.68,65.04,60.62,64.78,79.78,100.2,9.96,20.41,2.6,10.45,14.08,34.26,54.06,435.9,285.48,13.17,27.88,1.34,-14.4,9.17,0.0561,381.84,0.1301,1.6075,1.4773,0.2,38,100,260,8916
Sri Lotus,544469,LOTUSDEV,Realty,185.56,9068.76,0,547.73,547.73,227.41,227.41,120.69,,,190.03,61.32,109.04,29.46,85.76,25.61,35.83,39.88,-49.19,-36.09,973.42,307.04,307.04,77.12,46.16,-19.5,0.3128,13.1,0,0,0,,227,227,227,9069
Larsen & Toubro,500510,LT,Construction,3784,520510.4,0,255734.5,264293.6,15224.79,15544.08,55119.82,61554.58,64667.78,74392.28,63678.92,9875.94,8024.01,5172.76,3617.19,33.8,33.49,15.53,29.85,46496.88,33801.15,34119.57,6283.85,18266.28,9160.71,0.4694,14.32,0.0335,0.021,-0.0125,16,15870,16203,16543,554015
L&T Finance Ltd,533519,LTF,Finance,256.04,64006.67,0,15924.24,16399.41,2644.02,2659.25,3784.4,4019.34,4097.58,4022.92,4259.57,2442.03,2619.62,636.17,701.1,18.36,24.07,12.56,2.27,10596.98,9498.42,9793.3,778.48,685.64,-16586.5,0.3244,-10.29,0.0298,0.0058,-0.0241,41.8,2675,2690,2705,65121
L T Foods,532783,LTFOODS,Agricultural Food & other Products,402.05,13961.3,0,8681.47,9074.88,603.3,620.67,2070.51,2107.79,2274.81,2228.36,2463.92,258.26,265.41,160.52,168.5,13.44,22.49,19,10.01,3963.26,906.88,938.97,222.65,756.91,462.5,0.2128,-8.99,0.0453,0.0288,-0.0165,7.8,639,657,676,15200
LTIMindtree,540005,LTIM,IT - Software,5471.5,162184.4,0,38008.1,38706.1,4598.7,4719,9142.6,9432.9,9660.9,9771.7,9840.6,1596.2,1649.4,1128.5,1254.1,33.23,34.37,7.63,10.61,13564.1,6493.1,6693.7,1643,5669.5,4545.8,0.469,2.98,0.0184,0.0262,0.0078,13.1,4842,4969,5099,175257
L&T Technology,540115,LTTS,IT - Services,4317.1,45755.08,0,10670.1,11074.3,1264.09,1268.8,2461.9,2572.9,2653,2982.4,2866,475.5,462.4,311.1,315.7,37.38,36.06,16.41,0.67,4786.7,1793.6,1800.3,468,1492.8,1481.1,0.3628,-15.74,0.0379,0.0037,-0.0342,96.8,1274,1278,1283,46266
Lumax Industries,517206,LUMAXIND,Auto Components,4945,4623.58,0.76,3400.39,3549.32,139.7,141.92,765.79,816.35,887.08,923.37,922.52,79.3,81.81,43.97,36.19,19.27,32.58,20.47,5.88,922.47,250.47,254.17,24.81,132.7,211.99,0.1807,-14.59,0.0438,0.0159,-0.0279,20.5,144,146,149,4848
Lumax Auto Tech.,532796,LUMAXTECH,Auto Components,1163,7926.74,1.24,3636.67,3907.11,174.58,187.5,755.93,842.26,905.6,1132.88,1026.37,156.64,124.88,58.38,41.42,25.75,42.28,35.78,30.66,1368.72,382.18,408.55,87.07,265.37,290.49,0.2006,-5.12,0.0744,0.074,-0.0004,5.7,201,216,232,9821
Lupin,500257,LUPIN,Pharmaceuticals & Biotechnology,1959.3,89492.57,62.55,22707.9,23375.91,3247.61,3699.34,5600.33,5672.73,5767.71,5667.13,6268.34,1321.17,1727.24,772.52,1219.03,41.69,24.19,11.93,52.13,17014.07,4264.38,4756.13,1244.03,3648.36,2999.94,0.2905,40.2,0.0294,0.1391,0.1097,1.7,4214,4800,5468,132264
Lux Industries,539542,LUXIND,Textiles & Apparels,1292,3885.26,0,2578.5,2647.69,163.22,155.45,535.3,670.96,553.1,819.14,604.49,76.11,35.41,48.17,23.92,30.86,24.99,12.93,-30.79,1590.15,237.12,228.48,49.85,243.75,-84.88,0.1291,-43.72,0.0268,-0.0476,-0.0744,-5.2,148,141,134,3356
Laxmi Organic,543277,LXCHEM,Chemicals & Petrochemicals,204.22,5659.91,38,2985.44,2960.21,109.82,100.55,718.17,771.25,786.34,709.69,692.93,58.99,30.75,21.76,21.39,55.5,56.29,-3.51,-37.73,1777.83,175.76,142.78,20.93,561.29,107.96,0.0683,-34.22,-0.0085,-0.0844,-0.076,-6.7,92,84,77,4344
Lyka Labs,500259,LYKALABS,Pharmaceuticals & Biotechnology,94.44,337.06,35.22,138.5,141.42,7.99,7.5,30.11,41.16,33.8,33.43,33.03,4.08,3.68,1.77,0.93,100.38,44.94,9.7,-35.42,107.09,13.37,13.09,2.63,1.77,1.9,0.0946,-45.12,0.0211,-0.0613,-0.0824,-7.3,7,7,6,279
M & M,500520,M&M,Automobiles,3454.9,429626.8,0,159210.8,167522.3,12929.1,13729.79,37217.72,37923.74,41470.05,42599.31,45529.19,7910.94,8227.8,3295.17,4083.32,22.97,31.29,22.33,24.39,57237.79,28163.01,29509.75,5156.55,-5629.95,3175.81,0.33,2.06,0.0522,0.0619,0.0097,5.1,14580,15483,16442,514466
M & M Fin. Serv.,532720,M&MFIN,Finance,282.1,39211.09,0,18518.85,19138.19,2258.72,2292.08,4315.52,4465.15,4796.8,4885.63,4990.61,2884.69,3026.45,457.22,527.87,17.28,17.11,15.64,6.07,5734.32,11438.02,11804.1,814.79,-18448.6,-15601.9,0.5418,-9.57,0.0334,0.0148,-0.0187,11.6,2326,2360,2395,40981
Maan Aluminium,532906,MAANALU,Non - Ferrous Metals,133.44,721.71,0,810.17,844.58,17.91,14.85,176.78,205.44,182.09,245.86,211.19,7.7,4.94,3.94,2.73,19.96,48.6,19.46,-19.47,186.49,28.16,24.93,4.75,33.47,0.19,0.1051,-38.93,0.0425,-0.1709,-0.2133,-2.8,12,10,8,411
Macpower CNC,,MACPOWER,Industrial Manufacturing,842.25,842.6,0,261.82,272.25,26,26.48,50.22,71.1,60.11,80.01,61.03,14.29,7.92,9.15,4.56,35.43,31.82,21.53,13.72,147.19,35.94,36.69,9.01,16.84,6.98,0.2411,-7.81,0.0398,0.0185,-0.0214,17.2,27,27,28,890
Madras Fertilize,590134,MADRASFERT,Fertilizers & Agrochemicals,83.3,1341.97,0,2541.85,2559.07,64.26,67.83,655.15,532.42,799.52,554.76,672.37,-61.11,64.97,-52.44,44.06,12.94,19.78,2.63,8.84,-451.56,159.29,158.12,23.3,175.04,116.22,-0.2018,6.21,0.0068,0.0556,0.0488,3.6,72,76,80,1578
Magadh Sugar,540650,MAGADSUGAR,Agricultural Food & other Products,585,824.36,0,1322.29,1295.94,109.01,98.25,359.39,323.85,283.84,355.21,333.04,115.4,19.08,71.51,0.22,9.54,8.39,-7.33,-98.08,1053.59,185.65,169.73,26.98,31.07,139.32,0.1189,-90.75,-0.0199,-0.0987,-0.0788,-0.8,89,80,72,604
Bank of Maha,532525,MAHABANK,Banks,57.53,44249.52,0,24947.58,26126.89,5541.4,5751.06,5874.68,6017.41,6324.68,6730.82,7053.98,4169.96,4639.7,1502.32,1504.37,8.53,7.69,20.07,16.16,40744.42,18821.97,20050.09,262.56,11580.85,7627.84,0.1476,-3.91,0.0473,0.0378,-0.0094,2,5969,6194,6429,49438
Mahamaya Steel,513554,MAHASTEEL,Industrial Products,522.7,859.03,0,801.76,797.79,5.89,6.37,211.03,154.74,199.83,236.17,207.05,7.71,4.88,4.19,1.19,46.07,134.86,-1.89,54.55,109.25,12.09,12.74,2.89,14.28,8.85,0.0848,56.44,-0.005,0.0815,0.0864,16.5,7,7,8,1087
Mahindra EPC,523754,MAHEPC,Industrial Manufacturing,145.87,407.6,0.43,272.67,289.4,7.21,10.82,45.31,50.02,81.45,95.89,62.04,9.59,2.74,6.25,0.98,138.03,37.67,36.92,137.26,154.5,12.99,18.13,0.69,1.58,-4.39,0.0745,100.34,0.0614,0.5007,0.4393,0.8,16,24,37,1378
Mahindra Life.,532313,MAHLIFE,Realty,369.8,7887.03,0,372.27,216.1,41.25,99.81,188.14,7.61,167.28,9.24,31.97,-55.18,-55.02,85.08,51.24,100.33,79.02,-83.01,302.83,1548.27,66.83,126.33,2.52,-661.37,-542.09,0.0661,385.84,-0.4195,1.4196,1.8391,0.6,242,584,1414,111728
Mahindra Logis.,540768,MAHLOG,Transport Services,351.55,3486.7,0,6104.83,6309.4,-37.03,-37.33,1420.02,1521.1,1594.2,1569.51,1624.59,77.7,76.25,-6.75,-10.8,127.48,,14.41,-15.88,980.39,72.37,73.31,21.1,226.86,343.17,-0.0166,-30.29,0.0335,0.0081,-0.0254,0,-37,-37,-36,0
Mah. Scooters,500266,MAHSCOOTER,Finance,17174,19627.42,0,183.91,204.88,175.09,193.84,7.72,163.17,5.79,6.65,29.27,4.75,28.19,4.02,35.36,44.71,101.26,279.15,58.28,-9.64,171.68,197.55,13.55,206.02,158.76,-21.5135,-220.87,0.114,0.1071,-0.0069,9.5,215,238,263,26633
Mah. Seamless,500265,MAHSEAMLES,Industrial Products,584.1,7826.45,0,5268.66,5262.96,778.26,878.51,1150.98,1291.81,1408.11,1417.77,1145.27,284.79,165.33,242.04,230.32,9.88,8.91,-0.5,78.17,3838.39,1003.97,1144.39,231.61,1041.42,609.62,0.2892,78.67,-0.0011,0.1288,0.1299,0.7,992,1119,1264,11259
Maithan Alloys,590078,MAITHANALL,Ferrous Metals,1124.8,3274.47,58.7,1802.1,2062.85,757.43,709.8,375.07,464.22,531.09,435.23,632.31,76.47,65.39,-61.02,536.14,4.69,4.61,68.58,17.44,852.36,1050.55,1005.18,21.38,-408.78,49.77,0.8578,-51.14,0.1447,-0.0629,-0.2076,-0.7,665,623,584,2693
Mallcom (India),539400,MALLCOM,Industrial Products,1435.8,895.94,0,486.78,506.82,36.89,37.93,102.38,129.08,117.74,137.57,122.43,15.4,17.65,8.95,9.85,18.1,23.62,19.58,15.47,286.97,53.67,57.33,16.65,6.37,1.7,0.1902,-4.11,0.0412,0.0282,-0.013,8.4,39,40,41,974
Mamata Machinery,544318,MAMATA,Industrial Manufacturing,446.35,1098.37,68.86,254.58,265.93,40.75,43.19,27.62,42.79,73.44,111.04,38.66,36.67,3.09,27.12,2.65,4.88,25.43,39.97,1104.55,168.71,56.18,59.47,13.08,19.37,72.55,0.3335,1064.58,0.0446,0.0599,0.0153,4.2,46,49,51,1308
Manaksia Coated,539046,MANAKCOAT,Industrial Products,145.58,1540.73,39.2,781.63,837.63,15.63,25.85,193.78,174.91,205.05,207.89,249.78,15.16,24.51,5.1,14.1,33.88,59.6,28.9,363.82,296.19,54.13,66.91,9.14,21.82,30.4,0.1181,334.92,0.0716,0.6539,0.5822,0.9,43,71,117,6970
Manaksia,532932,MANAKSIA,Industrial Products,65.93,432.07,74.64,731.05,799.32,41.96,45.04,105.13,169.47,187.9,268.56,173.39,14.6,9.93,12.95,15,7.11,9.59,64.93,-22.45,498.67,75.35,76.44,19.64,134.73,-275.22,0.1297,-87.38,0.0934,0.0734,-0.02,1.3,48,52,56,534
Manaksia Steels,539044,MANAKSTEEL,Ferrous Metals,59.29,388.55,0,584.18,628.86,11.29,15.73,156.31,95.45,142.3,190.13,200.98,7.7,10.03,4.33,6.35,17.64,24.7,28.58,172.53,161.86,20.37,26.59,1.8,-49.42,13.18,0.1083,143.95,0.0765,0.3933,0.3168,0.6,22,31,43,1051
Manali Petrochem,500268,MANALIPETC,Chemicals & Petrochemicals,73.01,1255.77,0,897.12,891.37,31.45,32.8,240.42,230.22,196.12,230.36,234.67,21.04,22.83,12.99,14.34,49.43,38.29,-2.39,10.14,1139.19,55.68,58.33,14.29,74.64,-18.99,0.0413,12.53,-0.0064,0.0429,0.0493,8.9,34,36,37,1425
Manappuram Fin.,531213,MANAPPURAM,Finance,284.75,24102.23,0,10007,9781.86,1215.54,799.91,2488.22,2633.1,2559.72,2326.65,2262.39,689.08,1029.04,-191.18,138.38,7.66,30.13,-9.08,-75.05,5111.2,5205.59,4562.25,500.83,-3449.75,-466.57,0.2545,-65.97,-0.0225,-0.3419,-0.3194,-0.9,526,346,228,6868
Manba Finance,544262,MANBA,Finance,134.13,673.86,0,250.45,268.4,37.8,42.37,49.01,64.59,68.87,67.94,67,41.43,43.71,8.02,9.75,16.22,15.9,36.71,88.22,266.75,157.95,172.49,15.18,-141.14,-323.56,0.2157,51.51,0.0717,0.1209,0.0492,1.3,47,53,60,949
Mangal Credit,505850,MANCREDIT,Finance,180.38,380.85,0,49.58,52.18,13.31,12.54,11.87,11.66,12.68,13.37,14.47,9.9,10.82,2.84,3,23.95,30.37,21.9,-20,35.01,36.92,38.25,4.79,-53.98,-49.36,0.495,-41.9,0.0524,-0.0579,-0.1103,-5.2,12,11,10,318
Mangalore Chem.,530011,MANGCHEFER,Fertilizers & Agrochemicals,318.3,3772.49,0,3331.9,3380.01,149.41,161.43,814.05,776.39,967.66,773.8,862.16,37.55,110.94,16.03,61.63,12.34,23.37,5.91,40.36,1359.96,290.61,288.99,60.99,496.26,271.34,0.1635,34.45,0.0144,0.0804,0.066,2.9,174,188,204,4758
Mangalam Cement,502157,MANGLMCEM,Cement & Cement Products,735.95,2023.66,0,1680.99,1752.16,47.38,60.26,380.57,359.14,438.38,502.9,451.74,54.16,75.19,16.91,32.26,39.59,33.58,18.7,89.1,937.36,143.02,162.29,16.31,182.46,187.63,0.0817,70.4,0.0423,0.2718,0.2295,1.2,77,97,124,4163
Man Industries,513269,MANINDS,Industrial Products,382.15,2866.49,0,3505.35,3498.79,150.75,161.75,748.7,806.23,731.94,1218.49,742.13,121.2,49.12,68.15,27.62,16.18,17.72,-0.88,44.99,1516.24,304.69,330.88,55.58,344.91,67.99,0.1433,45.87,-0.0019,0.073,0.0748,2.4,174,186,200,3541
Man Infra,533169,MANINFRA,Construction,148.44,5992.03,0,1108.07,949.35,282.21,260.8,341.62,230.32,242.33,293.8,182.9,106.48,40.59,76.93,55.57,22.32,22.98,-46.46,-28.3,1533.48,414.72,381.28,90.54,572.59,132.99,0.2291,18.16,-0.1432,-0.0759,0.0674,-3,241,223,206,4730
Mankind Pharma,543904,MANKIND,Pharmaceuticals & Biotechnology,2459.9,101534.5,12.55,12207.44,12925.02,1738.87,1890.51,2867.85,3076.51,3198.79,3079.37,3570.35,683.19,846.77,425.07,438.32,50.15,53.71,24.5,-17.6,19464.07,2626.09,2982.79,568.34,2152.44,2413.38,0.1263,-42.1,0.0588,0.0872,0.0284,6.2,2055,2235,2429,130488
Manomay Tex Indi,540396,MANOMAY,Textiles & Apparels,202.21,364.96,39.06,696.92,705.47,19.25,18.6,155.39,176.5,185.89,179.14,163.94,18.25,20.32,3.33,4.45,19.59,19.62,5.5,-12.92,319.44,57.67,59.12,6.53,12.81,4.15,0.0787,-18.42,0.0123,-0.0338,-0.046,-5.8,18,17,17,329
Manorama Indust.,541974,MANORAMA,Food Products,1498.2,8945.53,72.56,770.84,926.98,111.98,149.09,133.41,195.42,209.2,232.81,289.55,63.91,78.97,42.27,50.58,67.55,60,117.04,273.56,499.12,187.4,239.11,50.08,-153.5,-58.73,0.399,156.52,0.2026,0.3314,0.1288,1.8,198,264,352,21112
Mangalam Organic,514418,MANORG,Chemicals & Petrochemicals,523.7,448.52,8.1,530.01,558.58,12.6,23.16,117.99,138.32,123.92,149.79,146.55,19.66,21.61,5.14,12.23,65.21,19.37,24.21,632.34,321.25,38.11,52.5,1.52,73.18,-7.84,0.0768,608.13,0.0539,0.8381,0.7842,0.2,43,78,144,2786
Vedant Fashions,543463,MANYAVAR,Retailing,697.2,16938.97,2.62,1386.48,1427.86,377.05,396.25,239.82,267.95,511.28,367.44,281.19,165.73,120.59,101.11,70.26,71.44,42.75,17.25,12.43,1185.11,559.44,584.37,134.93,483.08,388.6,0.4482,-4.82,0.0298,0.0509,0.0211,8.4,416,438,460,19661
C.E. Info System,543425,MAPMYINDIA,IT - Software,1704,9324.57,0,463.25,483.37,127.75,157.45,101.49,103.67,114.54,143.55,121.61,55.06,54.3,48.57,46.11,73.07,59.22,19.82,28.73,290.3,181.84,222.15,53.47,75.52,113.15,0.7266,8.91,0.0434,0.2325,0.1891,2.5,194,239,295,17456
Marathon Nextgen,503101,MARATHON,Realty,572.5,3859.83,0,580.14,558.73,144.22,209.49,162.21,145.99,123.35,148.58,140.81,41.28,30.92,53.3,59.88,15.2,18.42,-13.19,62.06,822.13,211.48,284.17,50.84,22.1,-25.31,0.3167,75.25,-0.0369,0.4526,0.4895,0.4,304,442,642,11827
Marico,531642,MARICO,Agricultural Food & other Products,714.3,92711.54,25.12,10831,11447,1613.81,1669,2643,2664,2794,2730,3259,458,655,343,504,53.11,55.55,23.31,8.62,4045,2149,2213,502,1387,1363,0.5367,-14.69,0.0569,0.0342,-0.0227,16.2,1726,1785,1846,102554
Marine Electric.,,MARINE,Industrial Manufacturing,210.77,2907.45,16.53,767.1,795.62,37.8,42.9,138.46,184.1,193.8,250.74,166.98,22.39,16.91,13.38,11.61,62.43,67.77,20.6,62.83,418.05,65.51,72.07,19.88,-7.36,55.44,0.1502,42.23,0.0372,0.1349,0.0977,5,49,55,63,4250
Marksans Pharma,524404,MARKSANS,Pharmaceuticals & Biotechnology,181.58,8228.55,100,2622.85,2652.22,380.09,350.15,590.62,641.92,681.85,708.46,619.99,126.94,100.13,90.55,58.32,22.99,23.5,4.97,-34.29,2735.11,514.96,475.37,118.19,230.41,206.66,0.1712,-39.26,0.0112,-0.0788,-0.09,-3,323,297,274,6433
Maruti Suzuki,532500,MARUTI,Automobiles,16265,511375.8,0,152913,155738.8,14451.43,14532.9,35779.4,37449.2,38764.3,40920.1,38605.2,4844,4622.6,3911.1,3792.4,28.63,35.19,7.9,0.87,31527.8,19751.8,19911.5,3946.8,16801.1,16136.2,0.5861,-7.03,0.0185,0.0056,-0.0128,62.4,14615,14697,14780,520111
MAS FINANC SER,540749,MASFIN,Finance,304.8,5530.7,0,1597.23,1698.12,310.38,324.21,364.34,384.27,409.73,438.14,465.98,314.32,333.91,82.47,85.55,19.72,17.06,27.9,19.28,1098.71,1191.26,1238.61,115.85,-1366.05,-1133.48,0.4005,-8.62,0.0632,0.0446,-0.0186,3.8,339,354,370,6304
Mason Infratech,,MASON,Realty,202,354.96,0,112.08,112.08,17.08,17.08,69,,,,75.06,,19.2,,12.38,20.66,20.78,8.78,25.94,26.85,25.38,25.38,6.13,15.95,7.51,0.8644,17.16,0,0,0,,17,17,17,355
Mastek,523704,MASTEK,IT - Software,2156.8,6681.91,84.32,3455.23,3557.04,367.15,391.75,812.89,867.39,869.53,905.42,914.7,138.75,137.32,87.17,92.05,22.6,17.06,12.52,28.74,2546.63,488.4,515,149.32,420.37,395.14,0.2125,16.22,0.0295,0.067,0.0375,2.5,418,446,476,8119
Master Trust,511768,MASTERTR,Capital Markets,147.13,1651.77,0,583.88,555.24,131.23,123.7,160.35,153.72,147.88,121.98,131.66,52.84,51.81,24.55,27.11,11.89,13.35,-17.89,-21.76,735.19,239.35,229.09,45.42,457.87,-37.08,0.23,-3.87,-0.0491,-0.0574,-0.0083,-2.3,117,110,104,1383
Matrimony.com,540704,MATRIMONY,Retailing,511.2,1102.32,0,455.84,450.58,45.23,39.71,120.59,115.5,111.43,108.32,115.33,7.05,12.43,8.18,8.4,26.92,27.76,-4.36,-39.87,104.05,62.55,55.01,9.75,61.2,56.86,0.4753,-35.51,-0.0115,-0.122,-0.1105,-2.3,35,31,27,746
Mawana Sugars,523371,MAWANASUG,Agricultural Food & other Products,90.22,352.94,0,1446.49,1460.33,57.51,47.07,386.69,382.5,334.44,342.86,400.53,88.83,-0.59,61.67,-13.54,10,7.5,3.58,-196.28,495.08,97.61,83.27,7.28,-164.35,113.76,0.1098,-199.86,0.0096,-0.1815,-0.1911,-0.4,39,32,26,194
Max Estates,544008,MAXESTATES,Realty,474.2,7636.82,0,160.49,171.47,34.63,50.69,40.49,40.18,40.04,39.78,51.47,9.06,13.91,17.34,11.45,202.5,150.66,27.12,629.3,3575.78,85.86,119.97,32.04,270.7,225.01,0.0231,602.18,0.0684,0.4638,0.3953,3.2,74,109,159,23951
Max Healthcare,543220,MAXHEALTH,Healthcare Services,1156.4,112429.4,0,7028.46,7513.08,1131.61,1199.52,1542.95,1707.46,1868.31,1909.74,2027.57,511.62,522.91,319,307.97,75.15,93.73,31.41,30.35,12181.11,1644.62,1755.11,351.2,1121.8,1459.31,0.1273,-1.06,0.069,0.06,-0.0089,15.6,1272,1348,1429,133912
Max India Ltd,543223,MAXIND,Finance,213.42,1115.8,0,162.6,155.7,-127.85,-133.87,26.46,42.77,34.74,41.52,36.67,-40.82,-27.92,-45.75,-33.21,,,38.59,-23.14,258.47,-117.78,-121.21,2.52,-102.34,-127.6,-0.5082,-61.73,-0.0424,0.0471,0.0895,0,-128,-122,-116,0
Maxvolt Energy,,MAXVOLT,Auto Components,300.55,327.72,0,107.45,107.45,10.12,10.12,27.51,,,,67.19,,8.56,,5.34,31.11,32.38,144.24,33.83,48.02,15.25,15.25,3.81,-7.55,-44.51,0.2901,-110.41,0,0,0,,10,10,10,328
Mayur Uniquoters,522249,MAYURUNIQ,Consumer Durables,491.5,2160.27,34.76,820.21,831.88,139.6,147.52,194.74,216.36,194.93,214.18,206.41,44.74,43.42,35.02,41.23,20.07,14.64,5.99,18.72,693,189.95,201.24,50.77,92.24,158.9,0.2861,12.73,0.0142,0.0567,0.0425,2.6,156,165,174,2549
Mazda,523792,MAZDA,Industrial Manufacturing,291.2,583.13,26.83,193.26,206.72,24.85,26.87,36.17,56.79,46.78,53.52,49.63,7.89,3.23,5.56,4.91,17.25,21.7,37.21,69.31,143.17,33.54,36.12,6.92,43.02,11.07,0.236,32.1,0.0696,0.0813,0.0116,2.7,29,31,34,737
Mazagon Dock,543237,MAZDOCK,Industrial Manufacturing,2870.1,115774.1,0,11431.88,11700.45,2412.94,2169.56,2357.02,2756.83,3143.62,3174.41,2625.59,90.01,301.69,325.29,452.15,33.52,53.36,11.39,-35.05,6586.44,3071.17,2744.12,940.39,683.75,2078.05,0.4722,-46.44,0.0235,-0.1009,-0.1244,-5.3,1951,1754,1577,84152
M B Agro Prod.,,MBAPL,Fertilizers & Agrochemicals,439.65,3852.52,0,1057.61,1440.39,57.47,90.82,278.31,283.72,296.79,409.69,450.19,56.97,61.84,28.21,30.46,44.68,42.42,61.76,120.09,618.3,122.7,171.55,25.61,147.67,96.21,0.1883,58.33,0.3619,0.5803,0.2184,0.7,144,227,358,15205
M & B Engineer.,544470,MBEL,Construction,376.95,2154.2,6.53,988.55,988.55,76.85,76.85,140.22,,,313.64,237.65,41.57,29.48,28.52,17.95,27.5,28.03,69.48,158.65,360.88,121.92,121.92,23,5.2,35.59,0.2767,89.17,0,0,0,,77,77,77,2154
MBL Infrast,533152,MBLINFRA,Construction,42.98,655.57,0,128.32,122.26,-108.93,-106.73,33.75,32.95,30.45,31.17,27.69,-7.05,-21.81,-47.34,-12.26,,,-17.96,15.21,151.63,104.58,-40.5,0,48.17,46.42,-0.7039,33.17,-0.0472,-0.0202,0.027,0,-109,-111,-113,0
Mcleod Russel,532654,MCLEODRUSS,Agricultural Food & other Products,51.71,540.14,0,1185.41,1204.41,-217.19,-220.68,196.76,452.62,370.56,165.47,215.76,-125.09,7.17,-174.41,-43.48,,,9.66,-9.19,-1734.86,-37.84,-41.95,3.47,34.29,72.43,0.1252,-18.85,0.016,0.0161,0,0,-217,-214,-210,0
Magellanic Cloud,538891,MCLOUD,IT - Software,75.73,4425.62,66.3,599.97,629.03,102.69,103.73,132.17,157.3,151.42,156.35,163.96,45.19,56.82,22.33,27.75,44.49,42.66,24.05,5.47,641.42,167.29,170.06,43.2,31.96,143.04,0.2291,-18.58,0.0484,0.0101,-0.0383,42.1,105,106,107,4561
Multi Comm. Exc.,534091,MCX,Capital Markets,8688.5,44309.93,0,1112.66,1251.5,560.01,652.31,234.37,285.58,301.38,291.33,373.21,160.18,241.16,135.46,203.19,70.55,67.93,59.24,83.19,1141.87,699.81,818.02,148.4,442.12,950.13,0.7012,23.95,0.1248,0.1648,0.04,4.1,760,885,1031,70031
Global Health,543654,MEDANTA,Healthcare Services,1349.4,36270.57,0,3692.32,3862.09,518.43,570.27,861.08,956.56,943.44,931.25,1030.84,224.69,246.58,137.51,159.01,62.27,63.6,19.71,49.6,3961.65,771.29,822.72,166.47,612.08,623.76,0.186,29.89,0.046,0.1,0.054,6.4,627,690,759,48274
Medi Assist Ser.,544088,MEDIASSIST,Insurance,526.65,3720.77,0,723.32,746.17,88.02,94.42,167.71,180.77,185.97,188.87,190.56,40.75,42.01,21.54,22.4,47.65,39.41,13.62,18.21,286.05,118.28,130.68,29.88,66.38,138.09,0.4345,4.59,0.0316,0.0727,0.0411,5.4,101,109,117,4593
Medicamen Biotec,531146,MEDICAMEQ,Pharmaceuticals & Biotechnology,309.95,420.38,0,162.55,162.53,7.11,9.48,43.05,44.74,45.14,29.61,43.04,-1.61,4.61,2.4,2.15,61.17,44.34,-0.02,59.26,173.49,13.6,14.04,3.38,-6.74,-8.16,0.0741,59.28,-0.0001,0.3333,0.3335,1.3,13,17,22,996
Medico Remedies,540937,MEDICO,Pharmaceuticals & Biotechnology,50.44,418.57,90.23,150.94,158.39,10.09,10.33,30.8,39.35,39.49,41.3,38.25,6.66,2.82,4.34,1.82,64.84,40.52,24.19,15.19,59.91,14.66,15.01,3.81,2.44,4.89,0.236,-9,0.0494,0.0238,-0.0256,17,11,11,11,449
Medplus Health,543427,MEDPLUS,Retailing,784.2,9396.49,0,6136.06,6189.86,146.02,178.33,1488.83,1576.17,1561.45,1509.61,1542.63,136.38,130.73,51.34,42.36,135.78,52.69,3.61,194.99,2579.56,280.06,323.56,56.3,143.74,540.43,0.091,191.38,0.0088,0.2213,0.2125,2.4,218,266,325,17115
Megasoft,532408,MEGASOFT,Telecom - Services,158.08,1166.16,,0,0,-29.94,123.07,0,0,0,0,0,-3.14,-15.96,-4.76,136.23,52.22,9.48,,911.86,187.71,26.66,192.58,31,22.49,36.74,0.8208,911.86,,-5.1106,,0,-506,-3091,-18889,-179070
Megatherm Indu.,,MEGATHERM,Industrial Products,275.5,519.06,0,320.51,320.51,21.31,21.31,159.38,,,147.95,172.56,15.14,20.58,9.31,12,28.42,24.36,8.27,-8.61,131.24,34.95,34.95,6.2,22.94,16.11,0.2096,-16.88,0,0,0,,21,21,21,519
Mangal Electrica,544492,MEIL,Electrical Equipment,455.6,1258.83,6.59,549.04,549.04,47.3,47.3,114.32,,,153.03,89.66,22.6,9.97,13.93,3.73,21.52,26.61,-21.57,-31.56,157.38,78.87,78.87,15.8,36.56,-30.09,0.4009,-9.99,0,0,0,,47,47,47,1259
Menon Bearings,523828,MENONBE,Auto Components,122.35,685.65,0,242.52,248.81,24.77,27.21,57.69,59.39,58.39,63.82,67.21,10.01,12.92,6.61,8.43,26.36,25.2,16.5,36.85,177.97,37.38,40.72,9.26,28.33,27.05,0.2049,20.35,0.0259,0.0985,0.0726,2.6,30,33,36,909
Metro Brands,543426,METROBRAND,Consumer Durables,1220.3,33232.36,0,2507.39,2559.55,339.62,357.39,576.08,585.45,703.09,642.77,628.24,197.21,193.9,94.75,98.51,82.11,92.99,9.05,7.39,2109.12,578.24,604.29,167.57,590.08,697.53,0.2489,-1.66,0.0208,0.0523,0.0315,17.8,376,396,416,38728
Metropolis Healt,542650,METROPOLIS,Healthcare Services,1995,10335.59,0,1331.2,1403.91,139.87,152.08,313.36,349.79,322.77,345.29,386.06,62.3,89.76,29.14,45.06,60.8,67.96,23.2,18.74,1429.33,207.85,220.12,52.8,264.07,262.75,0.1433,-4.46,0.0546,0.0873,0.0327,7.8,165,180,195,13285
Max Financial,500271,MFSL,Insurance,1581.7,54586.8,0,46469.34,47492.47,331.88,271.72,11798.61,13372.39,8922.67,12375.76,12821.65,19.77,118.59,32.9,70.07,88.49,200.89,8.67,-45.2,-172400,500.8,426.36,30.09,6104.36,8351.8,-0.0018,-53.87,0.022,-0.1813,-0.2033,-11.1,222,182,149,29957
Mangalam Global,544273,MGEL,Agricultural Food & other Products,16.88,556.29,12.75,2281.45,2460.05,24.8,25.26,679.97,562.62,502.16,536.73,858.54,7.79,12.56,4.79,6.43,19.84,22.02,26.26,6.99,209.03,64.16,64.61,0.03,39.86,-39.08,0.121,-19.27,0.0783,0.0185,-0.0597,11.9,26,26,27,588
Mahanagar Gas,539957,MGL,Gas,1294.9,12790.73,0,6923.68,7309.97,977.51,1084.68,1589.63,1711.62,1757.58,1864.85,1975.92,378.37,485.36,252.19,324.32,12.4,11.79,24.3,13.98,4074.53,1297.48,1442.21,305.3,1563.1,1368.45,0.3411,-10.32,0.0558,0.1096,0.0538,1.1,1204,1336,1482,17473
Mahindra Holiday,533088,MHRIL,Leisure Services,344.05,6950.39,0,2780.85,2829.41,127.82,129.56,652.86,670.75,678.43,778.83,701.4,204.33,121.91,73.08,7.87,65.63,53.65,7.43,33.62,5803.35,349.86,356.4,20.13,624.33,621.46,0.0258,26.19,0.0175,0.0136,-0.0038,39.4,131,133,135,7239
MIC Electronics,532850,MICEL,Industrial Products,57.76,1392.08,0,94.76,95.67,9.6,9.54,10.71,27.46,11.75,44.85,11.61,8.36,4.11,3.57,1.67,199.91,145.92,8.4,-15.23,144.19,17.59,18.6,0,-12.87,-48.67,0.0662,-23.63,0.0096,-0.0063,-0.0159,-233.5,9,9,9,1366
Mishra Dhatu Nig,541195,MIDHANI,Aerospace & Defense,388.6,7280.03,0,1074.1,1081.14,110.03,117.76,163.45,262.12,237.96,410.56,170.5,93.34,34.17,56.14,12.8,58.23,61.82,4.31,150.49,2200.15,186.41,194.84,41.44,215.64,216.96,0.0724,146.18,0.0066,0.0703,0.0637,8.8,126,135,144,8925
Minda Corp,538962,MINDACORP,Auto Components,588.95,14080.58,0,5056.2,5249.71,252.74,256.48,1192.39,1290.01,1252.56,1321.26,1385.88,152.88,156.29,52.03,65.31,35.88,54.9,16.23,1.73,1308.1,400.6,412.23,90.25,286.8,544.4,0.2651,-14.5,0.0383,0.0148,-0.0235,37.1,260,264,268,14715
Mindspace Busine,543217,MINDSPACE,Realty,458.81,27949.95,0,2660.47,2736.79,477.91,506.38,627.75,648.88,666.57,681.08,740.26,483.92,550.13,87.18,156.71,46.69,55.2,17.92,22.17,23380.61,1528.75,1630.04,294.76,1526.53,2017.35,0.0343,4.25,0.0287,0.0596,0.0309,9.3,537,569,602,33251
Mindteck (India),517344,MINDTECK,IT - Software,276.83,884.59,0,424.42,417.57,30.04,31.05,108.15,108.23,104.02,104.02,101.3,8.57,9.62,6.8,8.75,22.3,28.49,-6.33,12.61,233.31,38.11,39.39,8.11,22.48,24.13,0.1678,18.94,-0.0161,0.0336,0.0498,8.5,32,33,34,977
MIRC Electronics,500279,MIRCELECTR,Consumer Durables,25.77,722.7,0,746.69,659.75,-2.3,-17.46,227.79,151.37,166.81,200.72,140.85,-0.44,-8.04,-1.05,-12.49,102.93,,-38.17,-567.79,108.61,12.3,-2.68,0,-4.54,30.95,-0.1608,-529.62,-0.1164,6.5913,6.7077,0,98,741,5626,0
Mirza Internatio,526642,MIRZAINT,Consumer Durables,39.8,550.04,0,569.59,573.89,-5.06,-2.41,137.12,197.84,114.16,120.47,141.42,8.7,12.47,-0.5,2.34,40.86,,3.14,72.06,477.84,3.21,6.64,3.02,41.34,21.48,0.0013,68.92,0.0075,-0.5237,-0.5313,0,-4,-6,-9,0
M M Forgings,522241,MMFL,Auto Components,312.1,1506.87,0,1476.96,1457.24,136.26,126.16,368.52,389.43,364.24,354.76,348.81,72.4,62.54,36.22,22.34,17.64,11.94,-5.35,-31.11,1376.25,241.21,231.39,32.67,144.55,189.01,0.1154,-25.76,-0.0134,-0.0741,-0.0608,-1.6,117,108,100,1196
MMP Industries,,MMP,Non - Ferrous Metals,278.05,706.32,0,691.86,719.64,39.21,39.42,155.51,144.83,168.39,223.12,183.3,18.42,12.76,10.86,11.88,20.62,17.92,17.87,4.85,317.91,61.73,56.61,4.5,42.75,56.79,0.1382,-13.02,0.0402,0.0054,-0.0348,33.5,40,40,40,718
MMTC,513377,MMTC,Commercial Services & Supplies,70.55,10582.5,0,1.17,3.4,97.59,70.8,0.65,1.56,0.25,0.23,1.36,-27.24,-23.1,1.92,44.25,53.26,149.47,109.23,-33.17,1191.14,134.39,100.15,22.08,-352.93,-362.72,0.078,-142.4,1.906,-0.2745,-2.1805,-5.4,51,37,27,4041
One Mobikwik,544305,MOBIKWIK,Financial Technology (Fintech),282.25,2220.14,0,1163.98,1093.14,-122.57,-150.82,340.62,289.54,267.97,265.85,269.78,-57.2,-41.23,-55.71,-39.83,384.84,,-20.8,-250.31,433.06,-90.14,-117,1.05,-24.91,-62.06,-0.3458,-229.51,-0.0609,0.2305,0.2913,0,-116,-89,-69,0
Modi Rubber,500890,MODIRUBBER,Auto Components,132.81,332.56,0,29.2,30.96,19.42,18.57,5.34,6.5,10.32,7.04,7.1,-7.36,-5.09,1.18,4.88,12.74,17.91,32.96,-28.13,272.3,22.74,20.79,-0.14,-22.35,-28.92,0.0677,-61.09,0.0603,-0.0438,-0.104,-4.1,18,17,16,291
Modison,506261,MODISONLTD,Electrical Equipment,162.74,528.09,0,490.24,507.9,25.48,27.15,116.48,122.48,121.21,130.07,134.14,15.37,8.56,9.38,5.61,20.5,19.45,15.16,28.38,220.19,40.6,43.41,9.28,0.99,-16.1,0.1654,13.22,0.036,0.0655,0.0295,3,29,31,33,639
MOIL,533286,MOIL,Minerals & Mining,387.05,7875.9,0,1582.07,1440.16,374.7,280.8,492.84,291.89,366.82,433.39,348.06,139.5,78.81,115.65,51.51,19.74,28.05,-29.38,-66.19,2486.79,477.41,346.27,89.31,253.35,434.29,0.1488,-36.81,-0.0897,-0.2506,-0.1609,-1.1,210,158,118,3315
Meghmani Organi.,543331,MOL,Fertilizers & Agrochemicals,81.01,2060.2,82.9,2079.75,2279.48,-12.13,18.84,413.88,543.89,568.51,553.46,613.62,65.48,66.89,19.82,12.68,9.46,109.35,48.26,175.66,1803.99,79.83,140.98,14.59,249.68,66.22,0.0185,127.4,0.096,-2.5532,-2.6492,-0.4,-29,-104,-369,-40397
Mold-Tek Technol,526263,MOLDTECH,Construction,208.76,601.34,0,145.85,139.85,10.31,7.66,39.29,43.08,33.6,29.88,33.29,-3.04,0.47,-1.56,0.68,23.93,78.5,-15.27,-86.87,69.23,14.65,10.98,2.58,32.52,24.48,0.1479,-71.6,-0.0411,-0.257,-0.2159,-3.1,6,4,3,247
Mold-Tek Pack.,533080,MOLDTKPAC,Industrial Products,746.15,2479.38,1.17,781.32,825.16,60.43,65.81,196.72,191.3,190.69,202.61,240.56,38.29,46.79,16.27,21.79,39.23,37.67,22.29,31.82,694.46,95.2,103.4,17.89,78.82,110.42,0.1205,9.53,0.0561,0.089,0.0329,4.2,72,78,85,3202
Monarch Networth,511551,MONARCH,Capital Markets,313.45,2484.67,0,327.55,339.88,149.53,154.47,84.9,104.28,76.65,60.97,97.98,38.2,62.59,24.74,45.25,18.8,16.09,15.41,12.87,336.16,210.65,214.75,48.91,-107.94,29.75,0.605,-2.54,0.0376,0.033,-0.0046,4.9,160,165,170,2740
Monolithisch Ind,,MONOLITH,Industrial Products,458.7,997.03,0,97.26,97.26,14.36,14.36,,,,,,,,,,47,69.43,,,34.32,19.54,19.54,4.96,3.87,5.93,0.5629,0,0,0,0,,14,14,14,997
Monte Carlo Fas.,538836,MONTECARLO,Textiles & Apparels,665.3,1379.3,0,1100.41,1112.94,79.74,76.75,126,219.7,548.78,205.93,138.53,5.96,-5.87,-10.28,-16.32,13.93,17.97,9.94,-22.98,767.26,161.78,158.32,33.13,82.54,70.4,0.1432,-32.92,0.0114,-0.0375,-0.0489,-4.8,74,71,68,1230
Morepen Labs.,500288,MOREPENLAB,Pharmaceuticals & Biotechnology,49.85,2731.55,39.21,1811.58,1781.6,118.02,92.61,455.22,437.73,452.78,465.85,425.24,42.24,24.17,20.32,10.75,30.9,29.5,-6.59,-70.28,1097.77,163.45,133.68,24.48,73.37,32.06,0.1067,-63.69,-0.0165,-0.2153,-0.1988,-1.4,73,57,45,1320
MOS Utility,,MOS,Financial Technology (Fintech),50.1,644.89,0,616.46,616.46,11.16,11.16,103.05,,,261.27,308.25,6.97,13.42,5.77,7.21,95.74,57.8,199.13,32.29,82.88,18.59,18.59,5.64,-13.66,36.93,0.2027,-166.84,0,0,0,,11,11,11,645
Moschip Tech.,532407,MOSCHIP,IT - Hardware,269.41,5175.99,46.96,466.84,522.09,33.37,40.38,80.35,125.63,126.16,134.71,135.59,14.35,16.58,8.69,10.9,180.2,128.18,68.75,173.87,358.85,41.05,47.75,0.62,30.79,100.29,0.1143,105.12,0.1183,0.2101,0.0917,6.1,49,59,72,9171
Samvardh. Mothe.,517334,MOTHERSON,Auto Components,104.1,109871.8,87.59,113662.6,115006.6,3711.6,3377.44,28867.96,27811.86,27665.92,29316.83,30212,2642.86,2458.34,1050.5,568.57,43.3,32.53,4.66,-42.81,36995.8,7001.9,6687.38,1380.35,7568.9,6286.2,0.1286,-47.47,0.0118,-0.09,-0.1019,-3.6,3073,2797,2545,82785
Motil.Oswal.Fin.,532892,MOTILALOFS,Capital Markets,967.3,58087.26,0,8339.54,8758.54,2501.57,2781.89,2314.31,2837.83,1993.42,1190.26,2737.03,279.76,1719.53,-64.77,1162.06,12.79,20.88,18.27,31.77,7044.29,4524.63,4832.87,635.65,-349.64,1214.6,0.4852,13.5,0.0502,0.1121,0.0618,1.9,3094,3440,3826,79883
Motisons Jewel,544053,MOTISONS,Consumer Durables,17.81,1753.32,0.08,462.11,460.44,43.15,44.87,88.71,109.34,145.3,118.75,87.05,17.38,12.76,11.14,8.03,48.52,39.08,-1.87,26.86,419.07,67.14,68.88,16.82,-52.48,-22.61,0.1472,28.73,-0.0036,0.0399,0.0435,9.8,47,49,50,1972
Mphasis,526299,MPHASIS,IT - Software,2783.2,52953.45,0,14229.99,14540.02,1678.45,1739.33,3422.46,3536.15,3561.34,3710.04,3732.49,702.56,702.86,446.49,441.7,28.66,30.44,9.06,9.19,6534.64,2394.19,2490.45,594.82,2179.7,1905.2,0.3572,0.13,0.0218,0.0363,0.0145,8.4,1802,1868,1936,58918
MPS,532440,MPSLTD,Other Consumer Services,2218.3,3794.58,99.23,726.89,732.45,142.89,154.22,180.72,177.7,186.36,182.11,186.28,56.01,50.29,42.58,35.69,23.94,24.6,3.08,37.85,477.84,193.73,210.15,52.49,118.04,100.9,0.4326,34.77,0.0076,0.0793,0.0716,3.1,166,180,194,4770
MRF,500290,MRF,Auto Components,155395,65905.24,0,28152.5,28632.42,1868.45,1798.73,7196.45,6881.09,7000.82,7074.82,7675.69,1078.63,1071.24,512.11,500.47,32.3,36.64,6.66,-12.36,15412.82,2845.67,2760.34,553.12,3303.36,1867.8,0.1526,-19.02,0.017,-0.0373,-0.0544,-9.8,1732,1667,1605,58800
M R P L,500109,MRPL,Petroleum Products,143.85,25211.13,0,94681.62,88790.83,58.56,-287.67,23247.02,24967.87,21870.86,24595.87,17356.23,1129.95,179.59,370.63,-270.66,10.42,,-25.34,-469.65,20556.84,1140.67,659.97,-13.3,7050.78,1877.9,-0.0146,-444.31,-0.0622,-5.9124,-5.8502,0,-1988,-13745,-95012,0
MSP Steel & Pow.,532650,MSPL,Industrial Products,37.18,2107.35,0,2905.25,2844.1,-28.35,-17.3,772,656.32,716.85,760.07,710.86,44.7,44.9,-33.83,17.84,63.84,,-7.92,163.13,929.35,83.74,84.69,0,170.39,189.28,-0.0186,171.05,-0.021,-0.3898,-0.3687,0,-24,-33,-46,0
MSTC,542597,MSTCLTD,Commercial Services & Supplies,543.35,3825.18,0,310.96,319.34,196.56,217.37,69.04,71.92,81.14,88.85,77.43,52.84,43.67,85.86,42.34,17.64,17.6,12.15,7.85,440.64,245.13,253.81,102.91,-282.52,260.3,0.7269,-4.3,0.0269,0.1059,0.0789,1.7,240,266,294,5174
Motherson Wiring,543498,MSUMI,Auto Components,44.46,29484.37,0,9319.4,9629.47,605.75,600.09,2184.84,2325.64,2300.28,2509.52,2494.03,271.22,244.25,164.93,143.1,50.32,49.13,14.15,-3.88,1773.5,830,822.26,199.47,791,364.8,0.4508,-18.03,0.0333,-0.0093,-0.0426,-52.6,594,589,583,28664
MTAR Technologie,543270,MTARTECH,Aerospace & Defense,1880.7,5784.96,78.67,675.96,704.31,52.87,60.54,128.23,190.18,174.45,183.1,156.58,34.27,28.45,14.2,11.23,73.35,95.56,22.11,147.36,808.57,93.29,104.53,16.45,55.47,101.79,0.0952,125.25,0.0419,0.1451,0.1031,6.6,69,79,91,8686
M T N L,500108,MTNL,Telecom - Services,42.95,2705.85,0,698.02,579.91,-3333.88,-3497.38,183.85,174.23,170.07,169.87,65.74,-122.03,-185.52,-827.88,-943.15,,,-64.24,-21.94,-3783.93,-406.05,-530.68,0.13,130.1,339.84,0.9242,42.3,-0.1692,0.049,0.2182,0,-3326,-3163,-3008,0
Mufin Green,542774,MUFIN,Finance,88.02,1481.51,0,182.01,193.31,19.61,18.62,36.98,46.21,48.57,49.61,48.92,28.07,30.45,3.6,3.48,80.27,79.57,32.29,-22.15,156.39,116.18,119.25,3.6,-358.7,-152.55,0.1421,-54.44,0.0621,-0.0505,-0.1126,-15.8,18,17,16,1268
Credo Brands,544058,MUFTI,Retailing,115.45,754.7,0,618.18,618.18,69.17,69.17,133.08,123.89,185.57,155.52,153.21,47.64,41.11,18.31,13.83,15.31,10.91,15.13,95.62,591.61,118.42,118.42,27.51,56.26,159.1,0.1634,80.49,0,0,0,,69,69,69,755
Mukand,500460,MUKANDLTD,Ferrous Metals,132.17,1909.8,0,4889.99,4760.71,72.68,80.64,1257.99,1262.84,1262.27,1106.89,1128.71,65.13,47.25,10.9,29.03,16.26,23.68,-10.28,19.32,967.04,242.94,255.9,0.2,64.94,180.09,0.0836,29.6,-0.0264,0.1095,0.136,2.2,89,99,110,2608
Mukka Proteins,544135,MUKKA,Food Products,26.61,798.3,0,1006.42,1004.69,46.44,43.45,172.5,149.2,303.15,381.57,170.77,29.09,14.1,13.59,1.52,17.17,18.37,-1,-64.07,417.81,97.49,97.47,13.54,-150.41,-111.93,0.1364,-63.07,-0.0017,-0.0644,-0.0627,-2.9,41,38,36,654
Munjal Auto Inds,520059,MUNJALAU,Auto Components,98.49,984.9,0,2066.37,2047.48,41.42,34.55,509.92,522.49,522.09,511.88,491.02,34.61,28.37,8.22,9.92,20.14,28.5,-3.71,-53.19,509.73,86.18,86.34,22.38,127.18,25.36,0.1117,-49.48,-0.0091,-0.1659,-0.1567,-1.7,29,24,20,571
Munjal Showa,520043,MUNJALSHOW,Auto Components,138.55,554.13,0,1250.45,1225.73,4.69,25.23,310.75,317.72,319.08,302.89,286.04,7.19,1.57,8.92,8.28,18.88,21.96,-7.95,-30.54,262.7,1.78,31.64,8.9,11.42,36.61,0.1299,-22.59,-0.0198,4.3795,4.3993,0.1,136,730,3928,86255
Muthoot Cap.Serv,511766,MUTHOOTCAP,Finance,274.6,451.65,0,473.74,516.95,45.63,30.28,100,108.65,125.68,137.31,145.31,73.48,67.93,6.42,-4.67,8.27,14.92,45.31,-143.24,380.88,318.38,294.67,-3.89,-7.09,-1096.5,0.0693,-188.55,0.0912,-0.3364,-0.4276,-0.4,20,13,9,132
Muthoot Finance,533398,MUTHOOTFIN,Finance,3156.9,126739.6,0,20214.17,22190.43,5332.97,6154.66,4473.86,4928.82,5189.73,5621.75,6450.13,4046.95,5008.8,1477.68,2016.2,15.62,20.59,44.17,73.21,6221.03,14727.29,16447.05,2239.98,-13605.5,-26524.9,1.3494,29.04,0.0978,0.1541,0.0563,1.3,7103,8197,9460,194789
Muthoot Microfin,544055,MUTHOOTMF,Finance,168.06,2865.29,0,2562.17,2456.84,-222.52,-329.56,663.47,662.41,680.78,555.03,558.62,-290.01,226.08,-401.15,6.18,7.43,,-15.8,-94.54,1545.21,641.2,476.47,15.99,-1271.69,1382.03,-0.2029,-78.74,-0.0411,0.481,0.5221,0,-171,-89,-46,0
Manoj Vaibhav,543995,MVGJL,Consumer Durables,187.47,915.74,0,2382.42,2393.9,100.42,99.24,539.06,642.23,497.63,705.1,548.94,45.62,37.4,26.74,20.59,13.28,9.23,1.83,-5.42,753.69,170.99,167.45,29.58,59.51,-66.67,0.1709,-7.25,0.0048,-0.0118,-0.0166,-7.9,98,97,96,884
M.V.K. Agro,,MVKAGRO,Agricultural Food & other Products,548,848.85,0,149.73,149.73,9.43,9.43,81.31,,,56.3,93.43,10.25,7.77,3.69,5.65,9.32,90.02,14.91,28.41,160.7,20.97,20.97,1.34,-30.8,51.14,0.067,13.5,0,0,0,,9,9,9,849
Mangalam World.,,MWL,Metals & Minerals Trading,237.77,706.19,2.54,1059.87,1107.29,27.56,31.69,229.15,237.73,269.79,324.04,275.73,14.92,15.8,6.63,10.11,17.65,22.28,20.33,69.06,233.64,51.57,57.8,0,-11.51,-86.67,0.1356,48.73,0.0447,0.1499,0.1051,1.5,36,42,48,1073
NACL Industries,524709,NACLIND,Fertilizers & Agrochemicals,216.13,4353.39,25.08,1234.52,1357.87,-120.77,-87.55,325.01,440.31,267.77,201.43,448.36,-73.86,37.98,-79.26,13.04,23.48,,37.95,162.69,460.4,-82.93,-43.2,0.01,50.4,468.98,-0.1901,124.74,0.0999,-0.2751,-0.375,0,-112,-142,-181,0
Nagarjuna Fert.,539917,NAGAFERT,Fertilizers & Agrochemicals,5.03,300.83,0,703.2,-167.86,2294.16,-34.59,871.08,0.93,-168.79,0,0,-15.09,-5.82,-10.75,-6.26,0.18,,-100,-100.26,-848.37,2364.85,-39.21,-9.94,44.56,-211.06,0.0525,-0.26,-1.2387,-1.0151,0.2236,0,-70,-140,-283,0
Nahar Capital,532952,NAHARCAP,Finance,285.85,478.69,0,46.36,25.26,49.81,49.61,6.58,11.66,4.6,3.33,5.67,1.21,2.97,21.21,11.48,10.85,9.65,-13.83,-1.71,67.33,58.85,65.19,6.55,-13.29,-0.2,0.8341,12.12,-0.4551,-0.004,0.4511,-24,49,49,49,473
Nahar Indl. Ent.,519136,NAHARINDUS,Textiles & Apparels,117.49,507.62,0,1530.08,1564.23,10.92,23.31,354.38,355.91,429.66,390.14,388.52,32.03,15.2,16.18,4.09,23.02,21.78,9.63,424.36,1091.65,60.15,78.11,7.13,-71.84,77.66,0.0279,414.73,0.0223,1.1346,1.1123,0.2,50,106,227,4938
Nahar Poly,523391,NAHARPOLY,Industrial Products,314.05,772.19,0,665.94,694.92,45.5,57.29,167.78,168.58,172.95,156.64,196.75,23.49,27.78,14.14,18.24,22.79,13.48,17.27,119.23,296.8,58.86,75.89,14.96,16.69,56.65,0.2434,101.96,0.0435,0.2591,0.2156,0.5,72,91,114,1542
Nahar Spinning,500296,NAHARSPING,Textiles & Apparels,205.08,739.63,0,3284.56,3282.97,10.52,24.83,820.88,775.92,812.17,875.6,819.28,66.23,57.96,23.32,16.13,8.56,29.79,-0.19,111.96,1532.14,96.79,108.07,11.58,-394.74,93.1,0.0238,112.15,-0.0005,1.3603,1.3608,0.2,59,138,326,9726
Nippon Life Ind.,540767,NAM-INDIA,Capital Markets,871.85,55506.05,0,2518.21,2332.34,1286.39,1350.18,504.96,571.3,587.89,566.54,606.61,365.17,388.13,298.6,396.12,31.31,41.11,20.13,19.19,1097.37,1701.06,1786.37,393.49,777.48,1199.53,1.589,-0.94,-0.0738,0.0496,0.1234,8.3,1417,1487,1561,64179
Namo eWaste,,NAMOEWASTE,Other Utilities,189.65,433.68,0,121.97,121.97,8.48,8.48,48.7,,,52.61,69.36,5.74,5.86,5.34,3.06,38.03,51.14,42.42,-26.79,76.64,12.69,12.69,2.79,0.67,-15.86,0.1471,-69.21,0,0,0,,8,8,8,434
Natco Pharma,524816,NATCOPHARM,Pharmaceuticals & Biotechnology,845.8,15149.11,87.2,4429.5,4395.8,1884.27,1697.6,1362.6,1371.1,474.8,1221,1328.9,548.1,571,406.6,480.7,14.67,8.92,-2.47,-28.09,6929.1,2313.9,2081.6,409.7,1211.6,1696.8,0.3041,-25.62,-0.0076,-0.0991,-0.0915,-0.9,1529,1378,1241,11073
Nath Bio-Genes,537291,NATHBIOGEN,Agricultural Food & other Products,177.38,337.09,0,265.29,398.6,42.61,45.87,243.88,32.19,36.87,49.37,280.17,3.17,38.9,4.17,36.15,10.04,7.35,14.88,6.67,567.73,54.38,58.54,2.4,74.72,26.8,0.085,-8.21,0.5025,0.0765,-0.426,1,49,53,57,421
Natl. Aluminium,532234,NATIONALUM,Non - Ferrous Metals,224.3,41195.65,32.86,16787.63,17738.47,5267.49,5729,2856.1,4001.48,4662.22,5267.83,3806.94,2742.74,1477.76,2067.23,1049.48,12.49,7.19,33.29,78.36,17810.64,7136.73,7752.65,2025.96,2727.08,5806.11,0.4354,45.07,0.0566,0.0876,0.031,0.8,6231,6777,7371,52995
Info Edg.(India),532777,NAUKRI,Retailing,1333.1,86440.95,0,2849.55,2963.71,378.55,1034.66,676.71,700.82,722.4,749.63,790.86,232.32,259.96,447.46,299.1,148.11,83.55,16.87,29.38,2355.3,1033.43,1929.14,300.57,702.3,875.84,0.5669,12.51,0.0401,1.7332,1.6932,0.5,2828,7729,21126,1765092
Nava,513023,NAVA,Power,624.45,18121.62,62.55,3983.55,3954.39,1091.49,1045,1222.37,900.48,842.49,1018.2,1193.22,381.64,588.33,234.67,308.28,8.1,17.34,-2.38,-13.39,9007.33,1634.38,1631.72,250.34,3184.89,2157.05,0.1438,-11.01,-0.0073,-0.0426,-0.0353,-4.1,1000,958,917,15902
Navin Fluo.Intl.,532504,NAVINFLUOR,Chemicals & Petrochemicals,4741.1,24287.71,0,2349.38,2551.1,288.58,354.54,523.68,518.56,606.2,700.94,725.4,178.71,206.79,94.96,117.16,72.36,68.5,38.52,128.83,3294.09,458.02,559.58,112.33,749.89,570.81,0.1417,90.31,0.0859,0.2286,0.1427,3,436,535,657,45035
Navkar Corporat.,539332,NAVKARCORP,Transport Services,119.05,1791.93,0,484.49,505.01,-38.27,-28.77,117.63,133.12,129.48,104.27,138.14,-18.61,20.14,-18.53,2.45,18.56,,17.44,129.95,1993.11,-39.21,-23.07,0.31,61.86,83.97,-0.0143,112.51,0.0424,-0.2482,-0.2906,0,-36,-45,-56,0
Navneet Educat.,508989,NAVNETEDUL,Printing & Publication,157.06,3552.9,36.03,1780.59,1782.13,196.73,202.07,798,271.79,282.34,434,794,79,227,50.4,157,17.22,17.58,-0.5,-6.35,1164.12,267.41,281.88,74.97,155.86,274.43,0.238,-5.85,0.0009,0.0271,0.0263,6.5,208,213,219,3850
Nazara Technolo.,543280,NAZARA,Entertainment,264.95,9815.47,0,1623.91,1872.6,70.46,123.83,250.08,318.94,534.69,520.2,498.77,29.12,23.19,15.86,53.46,88.13,79.27,99.44,136.24,2032.27,72.71,97.94,48.43,90.79,65.5,0.0848,36.8,0.1531,0.7575,0.6043,1,218,382,672,53282
NBCC,534309,NBCC,Construction,112.66,30418.2,3.67,12038.57,12300.24,600.7,636.43,2142.53,2458.73,2807.77,4642.55,2391.19,289.67,110.16,243.7,132.13,43.03,47.8,11.61,26.3,2221.56,843.38,888.63,179.02,-5.65,657.19,0.3671,14.69,0.0217,0.0595,0.0377,8,674,714,757,36179
NBI Indl. Fin.,,NBIFIN,Finance,2566.8,758.45,0,13.94,13.9,8.49,8.41,0.45,6.79,0.62,6.07,0.42,5.24,-0.29,4.01,-0.35,66.24,90.18,-6.67,-25,0.17,10.86,10.88,2.4,7.16,4.97,63.5882,-18.33,-0.0029,-0.0094,-0.0066,-95.7,8,8,8,737
NCC,500294,NCC,Construction,210.78,13233.75,0,22199.36,21850.37,796.53,802.1,5527.98,5195.98,5344.52,6130.88,5178.99,555.23,456.12,253.82,192.14,16.86,16.5,-6.31,-8.47,6188.16,1833.57,1844.46,265.71,1359.45,741.7,0.1726,-2.16,-0.0157,0.007,0.0227,23.6,808,813,819,13514
NCL Industries,502168,NCLIND,Cement & Cement Products,201.68,912.25,0,1798.97,1393.11,29.33,38.42,354.89,330.38,341.4,382.86,338.47,20.85,50.7,6.44,20.21,15.06,23.74,-4.63,56.18,1119.44,73.43,89.18,21.54,182.98,96.47,0.0536,60.81,-0.2256,0.3099,0.5355,0.8,50,66,86,2050
Naga Dhunseri,,NDGL,Finance,3831.2,383.12,0,70.77,181.13,34.29,44.24,8.89,3.74,1.93,55.85,119.61,4.49,28.11,-5.36,27.35,6.62,8.66,1245.44,57.82,844.61,17.03,55.15,2.63,4.74,-8.03,0.0555,-1187.62,1.5594,0.2902,-1.2692,0.3,57,74,95,823
Nandan Denim,532641,NDL,Textiles & Apparels,3.22,464.15,0,3546.68,3872.73,33.47,37.17,721.62,850.25,926.15,1048.65,1047.68,34.38,32.41,10.61,11.2,14.71,12.49,45.18,49.53,722.2,82.61,84.05,0,230.41,95.07,0.0515,4.35,0.0919,0.1105,0.0186,1.1,41,46,51,636
NDR Auto Compon.,543214,NDRAUTO,Auto Components,997,2371.39,0,712.78,726.69,52.98,55.32,171.31,174.23,175.2,192.04,185.22,20.67,19.87,16.39,13.6,27.06,42.87,8.12,17.95,240.74,70.78,73.73,15.33,27.41,83.82,0.2935,9.83,0.0195,0.0442,0.0247,9.7,58,60,63,2700
NDR INVIT Trust,,NDRINVIT,Commercial Services & Supplies,120.65,4777.89,0,324.11,350.5,133.25,134.41,75.18,75.08,79.32,94.54,101.56,82.3,87.85,32.57,38.24,34.68,35.55,35.09,-2.57,5017.03,227.73,254.42,15.01,-52.57,280.39,0.0298,-37.66,0.0814,0.0087,-0.0727,40.8,136,137,138,4904
NDTV,532529,NDTV,Entertainment,105.03,1185,0,465.03,478.76,-210.21,-239.72,93.92,111.32,132.74,127.05,107.65,-48.9,-57.62,-60.88,-70.38,41.3,,14.62,-50.55,191.25,-190.71,-213.72,1.21,-67.59,-144.37,-1.2471,-65.17,0.0295,0.1404,0.1109,0,-206,-177,-152,0
Nectar Lifesci.,532649,NECLIFE,Pharmaceuticals & Biotechnology,14.1,316.21,0,1664.34,1594.45,-113.7,-179.88,359.3,428.09,454.98,430.7,280.68,-154.31,-61.89,-130.09,-63.23,97.71,,-21.88,-2228.96,905.36,-86.98,-189.92,0,224.69,169.44,-0.1987,-2207.08,-0.042,0.5821,0.6241,0,-75,-31,-13,0
Nelcast,532864,NELCAST,Industrial Products,113.55,987.9,0,1251.68,1283.44,34.75,40.54,300.1,330.42,291.41,329.75,331.86,29.68,28.23,13.54,12.5,32.25,24.37,10.58,96.54,646.96,81.24,90.24,10.97,20.45,104.83,0.0796,85.96,0.0254,0.1666,0.1412,1.5,47,55,64,1569
NELCO,504112,NELCO,IT - Hardware,877.95,2003.48,0,304.87,305.58,9.6,6.77,74.08,82.55,80.72,67.52,74.79,6.44,7.74,-4.08,1.8,88.59,295.94,0.96,-60.53,101.32,25.95,21.57,14.27,44.89,19.66,0.2077,-61.49,0.0023,-0.2948,-0.2971,-10,5,3,2,703
Neogen Chemicals,542665,NEOGEN,Chemicals & Petrochemicals,1510.4,3984.69,0,777.56,784.34,43.32,40.44,179.95,193.36,201.43,202.82,186.73,36.38,31.51,9.21,10.26,91.15,98.53,3.77,-10.55,826.47,112.74,114.13,21.76,-29.15,195.98,0.0753,-14.32,0.0087,-0.0665,-0.0752,-14.8,38,35,33,3242
Neptune Pet.,,NEPTUNE,Chemicals & Petrochemicals,159.2,360.64,0,947.94,947.94,25.1,25.1,,,,,,,,,,0.01,14.37,,,66.24,34.13,34.13,8.72,17.48,56.5,0.5106,0,0,0,0,,25,25,25,361
NESCO,505355,NESCO,Commercial Services & Supplies,1363.7,9608.62,0,732.01,783.99,389.69,401.65,141.35,192.1,206.54,192.01,193.34,106.68,110.4,88.63,96.2,17.76,23.92,36.78,37.86,1641.36,520.41,525.36,114.72,376.8,348.9,0.3146,1.08,0.071,0.0307,-0.0403,7.8,414,427,440,10519
Nestle India,500790,NESTLEIND,Food Products,1199.5,231301.3,3.88,20201.56,20483.77,3095.99,3008.42,4813.95,5104,4779.73,5503.88,5096.16,1388.96,1100.26,885.41,659.23,77.1,76.88,5.86,-11.7,5694.98,4290.27,4199.27,1070.15,4174.79,2936.35,0.7162,-17.56,0.014,-0.0283,-0.0423,-27.2,2923,2841,2760,212211
Netweb Technol.,543945,NETWEB,IT - Services,4027.5,22817.35,5.42,1149.02,1300.91,114.03,129.13,149.32,251.06,333.99,414.65,301.21,59.26,44.8,42.61,30.48,110.63,176.7,101.72,100,527.86,157.46,178.68,45.76,18.37,-13.21,0.3313,-1.72,0.1322,0.1324,0.0002,13.3,146,166,188,33135
Netwrk.18 Media,532798,NETWORK18,Entertainment,52.4,8080.08,0,6887.92,4214.86,-333.91,-127.59,3140.92,1825.18,1360.5,561.32,467.86,19.03,4.16,-20.25,-1.78,64.78,,-85.1,98.58,-865.36,135.25,235.79,4.36,-6464.93,-1912.05,0.1424,183.68,-0.3881,-0.6179,-0.2298,0,-206,-334,-540,0
Neuland Labs.,524558,NEULANDLAB,Pharmaceuticals & Biotechnology,16316,20933.25,0,1476.84,1329.98,208.22,131.79,439.6,310.84,398.03,328.36,292.75,51.08,34.48,27.81,13.9,28.81,158.84,-33.41,-83.11,1568.71,285.54,188.5,47.55,261.18,317.38,0.1143,-49.7,-0.0994,-0.3671,-0.2676,-4.3,83,53,33,5308
Newgen Software,540900,NEWGEN,IT - Software,871.9,12352.97,69.15,1486.88,1492.82,308.25,317.39,314.72,361.16,381.11,429.89,320.66,137.21,45,108.34,49.72,44.54,38.92,1.89,4.52,966.08,397.47,409.57,100.27,281.41,214.98,0.4323,2.63,0.004,0.0297,0.0257,13.1,327,336,346,13485
Natl.Fertilizer,523630,NFL,Fertilizers & Agrochemicals,93.35,4579.56,0,19797.55,18236.89,170.69,153.23,5091.78,4390.36,5855.85,4456.51,3534.17,234.32,81.26,134.79,-39.44,19.68,29.89,-30.59,-353.86,3902.57,429.68,363.05,19.32,668.11,2590.02,0.0442,-323.27,-0.0788,-0.1023,-0.0235,-2.9,138,123,111,3313
NGL Fine Chem,524774,NGLFINE,Pharmaceuticals & Biotechnology,1540.2,951.84,0,368.26,381.74,21.12,20.87,90.75,93.48,89.1,94.97,104.19,6.32,10.98,0.54,9.24,36.58,45.61,14.81,0.22,249.15,30.98,30.6,5.32,20.47,35.82,0.1051,-14.59,0.0366,-0.0118,-0.0484,-38.5,21,20,20,918
Narayana Hrudaya,539551,NH,Healthcare Services,1769.9,36169.82,0,5482.98,5717.31,788.23,790.8,1306.27,1400.01,1334.59,1475.44,1507.27,357.72,336.51,202.65,195.99,33.77,45.74,15.39,-2.26,4741.84,1096.64,1101.09,134.17,1066.6,985.78,0.1951,-17.65,0.0427,0.0033,-0.0395,140.3,793,796,799,36526
National High,543385,NHIT,Transport Infrastructure,141.5,27406.44,0,2413.21,2823,325.01,378.77,563.56,566.77,586.5,646.98,1022.75,556.86,833.49,140.51,121.47,56.81,72.36,81.48,102.62,25533.15,1177.81,1444.78,11.97,804.61,2098.67,0.0153,21.14,0.1698,0.1654,-0.0044,4.4,441,514,600,43382
NHPC Ltd,533098,NHPC,Power,86.94,87331.53,0,10379.86,10899.43,2950.64,3049.92,2694.2,3051.93,2286.76,2346.97,3213.77,1090.19,1801.51,853.64,1065.02,24.58,28.63,19.28,4.23,73858.11,5977.55,5990.85,873.25,7252.14,5026.19,0.0531,-15.05,0.0501,0.0336,-0.0164,8.5,3153,3259,3368,96433
New India Assura,540769,NIACL,Insurance,192.87,31784.98,0,43353.86,44872.06,1041.88,1197.63,10417.91,10785.91,10702.92,11664.22,11719.01,425.54,189.3,358.54,400.33,31.5,26.54,12.49,67.29,-37369.8,1031.1,1141.51,9.71,-4671.83,-3389.71,-0.0323,54.8,0.035,0.1495,0.1145,1.8,1377,1582,1819,48277
NIBE,535136,NIBE,Aerospace & Defense,1335.5,1936.65,1.99,507.32,479.76,26.73,20.73,110.06,135.99,148.68,112.59,82.5,19.14,7.5,7.64,1.9,111.15,93.42,-25.04,-75.98,244.19,47.22,37.94,11.57,18.18,25.03,0.1323,-50.94,-0.0543,-0.2245,-0.1701,-4.2,16,12,10,903
NIIT,500304,NIITLTD,Other Consumer Services,106.93,1457.26,0,357.58,359.23,46.12,46,82.48,90.71,98.11,86.29,84.12,-1.49,-9.84,13.41,6.06,41.9,31.68,1.99,-22.66,361.02,60.09,57.54,8.65,9.24,29.3,0.1514,-24.65,0.0046,-0.0026,-0.0072,-121.8,46,46,46,1446
NIIT Learning,543952,NIITMTS,Other Consumer Services,330.4,4529.61,0,1653.26,1697.39,235.63,227.14,407.23,397.45,418.88,429.71,451.35,80.15,90.41,49.25,53.51,25.66,19.94,10.83,-13.93,945.86,341.36,332.31,78.3,278.57,247.1,0.3229,-24.76,0.0267,-0.036,-0.0627,-5.5,219,211,203,4057
Nikita Papers,,NIKITA,"Paper, Forest & Jute Products",149.45,368.66,0,363.28,363.28,23.02,23.02,179.03,,,,198.46,,24.45,,12.9,9.96,16.01,10.85,32.31,154.83,49.45,49.45,9.84,-12.5,-19.95,0.2122,21.46,0,0,0,,23,23,23,369
Nila Infrastruct,530377,NILAINFRA,Realty,10.62,418.31,0,246.88,298.17,20.36,22.22,41.31,39.81,52.34,113.42,92.6,7.1,8.82,5.36,6.71,33.17,18.83,124.16,34.47,73.51,35.69,40.28,10.19,65.38,60.21,0.4409,-89.69,0.2078,0.0914,-0.1164,2.1,24,26,29,544
Nila Spaces,542231,NILASPACES,Realty,19.14,753.9,0,135.8,145.52,13.89,18.03,31.11,31.91,33.02,39.76,40.83,10.12,12.09,4.72,5.86,30.62,41.81,31.24,128.91,154.4,35.42,43.12,7.87,49.76,-40.47,0.1677,97.67,0.0716,0.2981,0.2265,1.4,23,30,39,1649
Nilkamal Ltd,523385,NILKAMAL,Consumer Durables,1565.4,2335.58,1.44,3312.74,3453.19,105.99,103.39,742.69,821.76,854.28,894.01,883.14,85.2,58,34.13,15.24,24.66,22.59,18.91,-16.63,1803.17,183.6,179.24,33.25,250.08,247.45,0.0758,-35.54,0.0424,-0.0245,-0.0669,-9.2,101,98,96,2168
NINtec Systems,539843,NINSYS,IT - Software,443.05,823.01,95.79,139.8,145.75,25.23,28.24,32.88,33.88,35.19,37.85,38.83,8.32,8.43,7.35,7.65,39.96,29.14,18.1,33.51,43.22,33.83,37.86,9.57,9.91,23.73,0.8748,15.41,0.0426,0.1193,0.0767,2.4,32,35,40,1154
Indo National,504058,NIPPOBATRY,Household Products,445.85,334.39,0,467.47,465.75,123.74,-8.8,121.15,127.57,121.63,97.11,119.44,-1.94,2.79,0.08,1.02,3.09,,-1.41,-99.24,399.89,154.44,-10.8,-2.63,43.55,-55.76,-0.0286,-97.83,-0.0037,-1.0711,-1.0674,0,-18,-38,-78,0
Nitco,532722,NITCO,Consumer Durables,114.02,2611.74,0,314.39,394.4,-280.46,-188.25,70.22,66.01,84.63,93.54,150.22,-6.15,49.62,-2.85,47.53,,,113.93,209.21,467.91,-210.3,-142.41,0.01,-8.79,-147.97,-0.4023,95.28,0.2545,-0.3288,-0.5833,0,-250,-332,-442,0
Nitin Spinners,532698,NITINSPIN,Textiles & Apparels,321.1,1805.22,63.97,3300.26,3295.99,175.42,174.3,802.97,822.52,838.87,841.29,793.31,120.33,111.25,46.37,40.99,12.55,10.36,-1.2,-2.68,2052.5,327.3,319.96,55.15,163.48,307.43,0.1118,-1.48,-0.0013,-0.0064,-0.0051,-16.2,173,172,171,1771
Niva Bupa Health,544286,NIVABUPA,Insurance,79.34,14646.16,0,5374.28,5621.17,208.81,140.9,1124.19,1321.28,1258.02,1670.79,1371.08,250.66,-93.01,206.08,-91.44,,103.95,21.96,-385.87,-4867.31,208.81,140.9,0,812.65,1654.16,-0.0289,-407.83,0.0459,-0.3252,-0.3712,-3.2,95,64,43,4500
NLC India,513683,NLCINDIA,Power,270.05,37446.12,0,15322.48,15730.34,2550.09,2859.49,3376.05,3657.27,4411.46,3836,3825.61,861.36,934.76,481.96,797.59,13.1,13.1,13.32,42.57,43362.79,4528.66,4509.32,1100.53,5512.49,8977.12,0.0913,29.25,0.0266,0.1213,0.0947,1.1,3206,3595,4032,52815
NMDC,526371,NMDC,Minerals & Mining,77.13,67811.29,1.87,23905.52,25230.19,6532.38,6539.72,5414.19,4918.91,6567.83,7004.59,6738.86,2051.11,2478.49,1477.87,1967.8,9.44,10.37,24.47,-0.16,23480.66,9323.4,9360.51,2676.7,7393.94,1894.28,0.3925,-24.63,0.0554,0.0011,-0.0543,92.3,6547,6554,6562,68046
NOCIL,500730,NOCIL,Chemicals & Petrochemicals,181.34,3028.83,0,1392.69,1356.74,102.86,93.08,372.17,362.7,318.13,339.69,336.22,34.2,30.58,20.79,17.26,31.56,32.54,-9.66,-36.22,1688.28,115.93,102.24,25.04,200.92,25.56,0.07,-26.56,-0.0258,-0.0951,-0.0693,-3.4,84,76,69,2244
Northern ARC,544260,NORTHARC,Finance,270.3,4367.14,0,2344.27,2369.3,304.55,292.1,577.74,585.27,576.08,602.52,605.43,235.82,322.67,37.76,81.05,7.28,14.95,4.79,-13.31,562.43,1217.92,1202.35,170.77,-2134.44,-1046.68,0.823,-18.1,0.0107,-0.0409,-0.0516,-3.7,280,269,258,3853
Nova Agritech,544100,NOVAAGRI,Fertilizers & Agrochemicals,46.7,432.07,0,294.13,298.97,27.42,26.39,41.91,82.69,88.19,81.34,46.75,9.57,5.37,5.81,3.25,16.71,16.37,11.55,-24.07,216.18,43.33,42.29,8.93,0.79,-18.43,0.1634,-35.62,0.0165,-0.0376,-0.054,-4.4,25,24,24,385
Novartis India,500672,NOVARTIND,Pharmaceuticals & Biotechnology,871.2,2151.06,0,356.27,351.54,100.82,102.78,92.29,87.11,93,83.88,87.55,23.91,27.24,29.3,27.62,24.15,20.93,-5.14,7.3,608.31,131.08,134.68,31.43,113.4,74.57,0.2206,12.44,-0.0133,0.0194,0.0327,10.8,105,107,109,2279
Network People,544396,NPST,IT - Services,1898.4,3681.99,0,173.21,147.96,45.2,36.49,58.86,66.75,21.24,26.35,33.62,8.75,9.83,6.01,7.19,94.47,100.9,-42.88,-53.97,106.25,60.69,49.19,11.93,50.97,29.06,0.4557,-11.09,-0.1458,-0.1927,-0.0469,-5.2,29,24,19,1937
N R Agarwal Inds,516082,NRAIL,"Paper, Forest & Jute Products",445.5,758.2,16.88,1659.03,1764.2,18.06,30.8,346.98,428.41,417.91,465.74,452.14,27.66,16.51,-6.82,16.55,6.32,24.62,30.31,386.76,1270.1,77.49,83.03,-7.01,135.22,176.11,0.0187,356.45,0.0634,0.7054,0.642,0.3,53,90,153,3761
NRB Bearings,530367,NRBBEARING,Auto Components,272.2,2638.23,21.64,1198.61,1219.37,113.23,134.99,289.29,301.51,278.52,329.29,310.05,60.26,51.42,43.47,32.09,23.1,19.54,7.18,28.72,860.72,172.94,187.92,34.05,115.16,83.68,0.1964,21.54,0.0173,0.1922,0.1749,1,161,192,229,4469
Nupur Recyclers,,NRL,Metals & Minerals Trading,70.86,489.42,0,158.31,173.7,14.43,13.52,35.61,51.18,34.31,37.22,50.99,2,4.03,2.06,3.54,44.04,36.2,43.19,-20.98,109.44,23.36,22.19,5.08,-11.07,-18.67,0.17,-64.17,0.0972,-0.0631,-0.1603,-5.7,13,12,11,403
Nalwa Sons Invst,532256,NSIL,Finance,7696.5,3956,0,125.3,122.67,46.71,43.34,39.65,59.75,13.55,12.28,37.09,-30.77,32.76,-25.61,25.79,32.87,91.28,-6.46,-11.56,81.85,65.03,58.99,21.55,41.13,61.71,0.7928,-5.1,-0.021,-0.0721,-0.0512,-12.7,40,37,35,3160
NMDC Steel,543768,NSLNISP,Ferrous Metals,44.93,13167.21,0,8503.05,9845.36,-2373.93,-1800.98,2022.91,1522.35,2119.54,2838.25,3365.22,-290.53,407.66,-473.39,25.56,,,66.36,104.67,16796.09,-2669.93,-1881.03,0,-2825.04,1965.98,-0.1072,38.31,0.1579,-0.2414,-0.3992,0,-2236,-2775,-3445,0
NTPC,532555,NTPC,Power,339.7,329395.8,0,188138.1,186664.8,20909.64,23958.92,48528.88,44696.3,45069.43,49833.7,47065.36,14754.05,12579.94,7611.22,6010.6,13.93,13.75,-3.02,9.8,364341.1,41961.24,46178.8,3853.95,40099.19,50435.95,0.0763,12.82,-0.0078,0.1458,0.1537,0.9,27453,31456,36044,495601
NTPC Green Ene.,544289,NTPCGREEN,Power,99.58,83909.39,0,2209.64,2311.41,475.52,557.35,578.45,503.85,505.08,622.27,680.21,560.27,603.55,233.22,220.48,186.15,150.55,17.59,59.07,35431.27,1419.02,1516.39,0,1616.16,1998.92,0.0157,41.48,0.0461,0.1721,0.126,8.7,653,766,897,135110
Nucleus Soft.,531209,NUCLEUS,IT - Software,1009.95,2703.97,0,832.25,854.58,133.82,168,195.39,202.2,205.7,228.96,217.72,74.5,33.98,64.77,35.2,19.33,16.1,11.43,16.56,86.04,180.58,228.23,50.21,222.03,150.94,2.5361,5.13,0.0268,0.2554,0.2286,0.6,211,265,332,5352
Nuvama Wealth,543988,NUVAMA,Capital Markets,7235.5,26094.29,0,4162.3,4328.16,985.64,1029.11,949.43,1051.35,1034.35,1119.81,1122.65,574.75,611.58,255.41,263.96,27.03,25.36,18.24,19.43,6480.87,2139.55,2251.72,348.6,-1658.45,-371.11,0.2126,1.19,0.0398,0.0441,0.0043,5.8,1074,1122,1171,29706
Nuvoco Vistas,543334,NUVOCO,Cement & Cement Products,432.85,15459.5,0,10356.67,10592.89,21.81,152.16,2636.48,2268.58,2409.36,3042.25,2872.7,551.62,518.59,165.54,133.16,81.13,101.6,8.96,4588.73,12109.98,520.6,709.96,75.2,1592.54,1328.52,0.0188,4579.77,0.0228,5.9766,5.9538,0.2,1062,7406,51670,5249630
Nexus Select,543913,NXST,Realty,161.65,24489.98,0,2282.89,2352.72,419.68,462.82,553.82,557.37,601.44,580.33,613.58,398.05,421.27,114.27,119.58,39.9,52.91,10.79,-14.33,17375.39,1000.58,1128.87,132.56,1217.33,1532.41,0.0343,-25.12,0.0306,0.1028,0.0722,5.1,510,563,621,32842
FSN E-Commerce,543384,NYKAA,Retailing,265.19,75878.26,0.3,7949.82,8358.65,66.08,79.76,1746.11,1874.74,2267.21,2061.76,2154.94,133.35,140.68,20.28,23.32,1418.65,951.33,23.41,141.91,1388.05,235.64,265.25,17.2,0.25,466.63,0.0699,118.5,0.0514,0.207,0.1556,46,96,116,140,133433
Oriental Aromat.,500078,OAL,Chemicals & Petrochemicals,336.5,1132.44,0,934.72,938.02,34.41,23.84,215.76,236.77,222.57,253.16,225.52,19.27,18.06,1.42,0.5,48.25,47.5,4.52,-95.45,741.39,73.11,64.71,10.99,141.8,-34.29,0.047,-99.97,0.0035,-0.3072,-0.3107,-1.5,17,11,8,377
Oberoi Realty,533273,OBEROIRLTY,Realty,1599.6,58161.81,0,5286.27,4868.66,2167.08,2062.24,1405.16,1319.89,1411.08,1150.14,987.55,618.07,520.34,433.17,421.25,26.83,28.2,-29.72,-27.93,15921.92,3132.77,2958.1,573.14,2816.41,2162.58,0.1655,1.79,-0.079,-0.0484,0.0306,-5.8,1962,1868,1777,50117
OBSC Perfection,,OBSCP,Auto Components,293,716.46,20.17,142.31,142.31,16.73,16.73,59.13,,,67.64,75.15,12.05,13.35,7.27,9.49,27.96,42.82,27.09,51.11,123.41,23.71,23.71,4.65,5,8.85,0.1732,24.02,0,0,0,,17,17,17,716
OCCL,544278,OCCLLTD,Chemicals & Petrochemicals,127.73,638.02,48.14,306.73,429.82,21.47,34.6,0,103.06,96.19,107.48,123.09,18.68,26.33,8.7,13.14,19.86,18.44,,32950,438.05,34.15,53.78,8.18,-0.08,69.78,0.0977,32950,0.4013,0.6116,0.2103,0.3,56,90,145,2670
Oracle Fin.Serv.,532466,OFSS,IT - Software,9213,80094.36,90.81,6846.8,6957.6,2379.33,2404.8,1741.4,1673.9,1715.2,1716.3,1852.2,764.7,846.3,643.9,641.9,29.74,33.31,6.36,4.09,7599.9,3311,3334.9,1110.8,1790.7,2198.9,0.4626,-2.27,0.0162,0.0107,-0.0055,31.1,2431,2457,2483,82704
Oil India,533106,OIL,Oil,418.2,68024.74,0,31703.16,32320.93,6504.51,6561.57,8120.21,7247.03,8336.9,8808.34,7928.66,2587.96,2350.93,1310.1,1896.42,8.39,10.37,-2.36,0.56,56401.7,10438.83,10266.63,2045.9,10933.14,11332.04,0.1526,2.92,0.0195,0.0088,-0.0107,11.8,6619,6677,6736,69850
Oil Country,500313,OILCOUNTUB,Oil,74.11,385.29,0,122.9,122.47,-31.86,-30.87,25,22.36,41.21,34.33,24.57,12.33,8.79,-10.54,-8.81,0.8,,-1.72,10.19,351.76,-23.59,-24.49,2.25,-18.99,30.49,-0.0814,11.91,-0.0035,-0.0311,-0.0276,0,-32,-33,-34,0
Ola Electric,544225,OLAELEC,Automobiles,49.7,21921.82,0,4514,3698,-2252,-2357,1644,1214,1045,611,828,-695,-237,-870,-428,,,-49.64,-32.1,6961,-1886,-1964,0,-633,-2391,-0.3386,17.54,-0.1808,0.0466,0.2274,0,-2247,-2142,-2042,0
Olectra Greentec,532439,OLECTRA,Automobiles,1517.4,12454.93,0,1801.9,1835.18,140.02,140.92,313.94,523.67,515.37,448.92,347.22,53.82,47.84,21,26.03,109.16,88.38,10.6,8.46,1129.22,240.6,243.39,55.44,143,140.67,0.1739,-2.14,0.0185,0.0064,-0.012,137.5,142,143,144,12696
Omaxe,532880,OMAXE,Realty,83.6,1529.05,0,1560.88,1501.62,-695.84,-724.32,341.61,389.18,288.94,541.26,282.24,-106.09,-169.64,-148.32,-185.75,,,-17.38,-25.98,-74.68,-578.29,-615,2.47,986.77,1006.67,9.6659,-8.6,-0.038,0.0409,0.0789,0,-695,-666,-639,0
Om Freight Forwa,544564,OMFREIGHT,Transport Services,94.33,317.66,,490.14,490.14,21.99,21.99,,,,,,,,,,13.02,14.45,,,,32.08,32.08,6.99,,,,0,0,0,0,,22,22,22,318
Om Infra,531092,OMINFRAL,Construction,128.66,1239.04,5.73,712.66,647.51,24.53,22.38,169.49,238.43,132.8,171.94,104.34,-16.29,-0.75,14.79,-0.98,37.31,55.36,-38.44,-107.82,769.14,38,36.56,2.28,82.9,5.8,0.0321,-69.38,-0.0914,-0.0876,0.0038,-6.3,20,19,17,941
One Point One,,ONEPOINT,Commercial Services & Supplies,49.71,1306.76,0,256.36,264.22,27.65,34.99,61.15,62.48,65.68,67.05,69.01,12.27,15.08,8.74,9.44,48.63,37.35,12.85,24.21,240.62,42.33,51.88,7.6,26.89,27.84,0.177,11.36,0.0307,0.2655,0.2348,1.4,44,56,71,2648
OneSource Speci.,544292,ONESOURCE,Pharmaceuticals & Biotechnology,1870.7,21424.23,39.41,1444.85,1479.83,104.93,89.38,292.29,334.05,392.56,425.95,327.27,182.51,88.48,99.19,2.55,,239.7,11.97,267.76,6406.47,210.33,236.11,7.17,-107.21,-67.85,0.0151,255.79,0.0242,-0.1482,-0.1724,-16.2,76,65,55,13241
O N G C,500312,ONGC,Oil,246.34,309902.6,1.77,612065.4,658345.6,36267.27,36116.02,168968,158329.1,166096.7,170811.7,163108.1,22084.58,25679.28,7406.24,9815.59,7,8.58,-3.47,-1.59,418233.9,66995.18,69166.95,15949.89,98846.61,90868.19,0.1245,1.88,0.0756,-0.0042,-0.0798,-20.6,35965,35815,35666,306015
OnMobile Global,532944,ONMOBILE,Media,69.36,737.44,0,573.02,574.86,-31.44,-3.42,123.5,129.3,164.01,156.22,125.33,0.82,6.26,-7.93,15.68,54.52,,1.48,231.99,343.76,-15.58,12.76,8.68,38,-23.88,0.0153,230.51,0.0032,-0.8912,-0.8944,0,-6,-12,-23,0
Onward Technolog,517536,ONWARDTEC,IT - Services,314.6,715.15,46.17,491.32,506.87,27.06,32.72,117.6,123.04,123.39,127.29,133.15,13.85,17.14,10.41,12.73,32.32,21.86,13.22,79.55,228.69,38.49,44.76,10.83,62.35,31.52,0.1904,66.33,0.0316,0.2092,0.1775,1,40,48,58,1265
Optiemus Infra.,530135,OPTIEMUS,Telecom - Equipment & Accessories,681.6,6012.37,0.49,1890,1832.69,63.27,65.72,492.66,476.58,471.5,449.26,435.35,22.81,26.76,22.46,14.53,67.67,91.48,-11.63,19.69,675.13,106.65,109.09,18.63,40.34,-12.54,0.1249,31.32,-0.0303,0.0387,0.069,23.6,68,71,74,6738
Orbit Exports,512626,ORBTEXP,Textiles & Apparels,219.15,580.99,62.58,217.78,231.97,33.28,44.22,52.84,60.17,53.98,50.78,67.04,11.48,18.94,6.61,15.01,13.19,13.14,26.87,53.01,210.4,46.5,60.35,13.62,41.66,33.49,0.2749,26.14,0.0652,0.3287,0.2636,0.4,59,78,104,1363
Orchid Pharma,524372,ORCHPHARMA,Pharmaceuticals & Biotechnology,745.6,3781.62,0,921.93,850.45,99.98,85.22,244.41,222.7,217.34,237.48,172.93,27.99,14.18,22.29,14.91,58.79,44.37,-29.25,-49.2,1235.27,110.81,95.48,0.06,125.99,19.22,0.069,-19.95,-0.0775,-0.1476,-0.0701,-3,73,62,53,2342
Oriana Power Ltd,,ORIANA,Electrical Equipment,2781.8,5652.38,0,987.17,987.17,158.55,158.55,318.82,,,359.54,627.62,75.38,159.1,48.6,109.96,34.2,35.65,96.86,126.35,609.39,237,237,58.7,2.13,290.49,0.3565,29.49,0,0,0,,159,159,159,5652
Oricon Enterpris,513121,ORICONENT,Industrial Products,54.54,856.54,42.48,172.19,179.43,135.83,22.71,31.5,42.28,51.31,47.51,38.33,-8.21,-7.95,3.6,12.81,100,37.72,21.68,377.27,632.57,4.74,31.9,1.23,57.83,-31.55,0.0378,355.59,0.042,-0.8328,-0.8749,-0.5,4,1,0,4
Orient Bell,530365,ORIENTBELL,Consumer Durables,301.2,442.39,0.9,669.77,664.54,2.84,4.32,148.14,160.35,163.02,198.26,142.91,8.68,4.97,2.75,-0.37,79.96,102.41,-3.53,80.21,362.17,8.56,9.66,0.02,39.71,33.43,0.012,83.74,-0.0078,0.5211,0.5289,2,7,10,15,1557
Orient Cement,535754,ORIENTCEM,Cement & Cement Products,221.37,4548.27,0,2708.83,2879.05,90.83,259.9,696.27,544.03,643.35,825.19,866.48,103.03,182.6,42.07,205.37,30.28,17.5,24.45,459.44,2181.79,167.41,252.09,54.64,425.92,205.29,0.1442,434.99,0.0628,1.8614,1.7986,0.1,744,2128,6089,106555
Orient Ceratech,504879,ORIENTCER,Industrial Products,36.97,442.31,42.98,327.1,327.47,9.9,11.32,98.09,70.33,74.12,84.57,98.45,9.18,9.31,3.47,4.3,38.22,39.07,0.37,47.77,326.89,21.21,21.8,4.71,-14.5,20.89,0.049,47.4,0.0011,0.1434,0.1423,2.7,13,15,17,661
Orient Electric,541301,ORIENTELEC,Consumer Durables,202.42,4318.95,4.15,3093.68,3107.9,83.59,86.39,754.86,660.15,816.82,861.85,769.08,66.82,46.08,31.26,17.52,61.89,49.99,1.88,22.18,691.19,137,140.6,31.18,118.26,87.55,0.1701,20.3,0.0046,0.0335,0.0289,14.9,89,92,95,4767
Oriental Hotels,500314,ORIENTHOT,Leisure Services,128.85,2301.25,0,439.7,465.38,38.96,47.19,81.97,103.3,121.9,132.53,107.65,39.03,25.63,19.41,6.63,50.35,48.77,31.33,591.11,388.02,79.64,91.78,13.03,90.55,99.69,0.1552,559.78,0.0584,0.2112,0.1528,2.3,57,69,84,4090
Orient Paper,502420,ORIENTPPR,"Paper, Forest & Jute Products",26.45,561.23,10.09,895.79,895.84,-48.54,-14.25,238.29,208.13,230.1,219.27,238.34,-10.43,1.4,-18.07,33.99,16.49,,0.02,629.44,1423.5,-50.3,-64.08,0,101.05,-12.25,-0.01,629.42,0.0001,-0.7064,-0.7065,0,-24,-41,-71,0
Orient Tech.,544235,ORIENTTECH,IT - Services,451.1,1878.46,0.96,839.53,903.24,50.44,51.19,148.85,223.14,206.86,260.68,212.56,19.24,15.4,13.44,10.03,27.05,36.7,42.8,8.08,303.6,69.23,71.49,18.55,22.29,-11.14,0.2297,-34.72,0.0759,0.0149,-0.061,24.7,52,53,54,1964
Orissa Minerals,590086,ORISSAMINE,Minerals & Mining,5574.4,3344.64,0,64.62,70.11,-40.22,-40.93,13.87,23.39,20.62,6.73,19.37,-36.25,0.89,-31.44,-2.79,616.37,,39.65,-34.13,-95.57,-26,-26.91,0,-25.94,170.28,0.4283,-73.78,0.085,0.0177,-0.0673,0,-40,-39,-39,0
OSEL Devices,,OSELDEVICE,Healthcare Equipment & Supplies,619.85,1096.8,0,186.47,186.47,20.05,20.05,81.55,,,87.35,99.12,13.42,19.97,8.01,12.04,21.95,54.7,21.55,55.76,109.58,32.44,32.44,8.69,12.9,-38.22,0.2623,34.21,0,0,0,,20,20,20,1097
Osia Hyper Reta.,,OSIAHYPER,Retailing,21.97,361.57,0,1427.08,1428.97,19.52,20.86,324.65,355.23,406.96,340.3,326.48,12.27,18.63,0.53,8.04,21.19,17.33,0.56,20.18,606.84,66.69,64.35,5.57,9.33,-230.48,0.0436,19.62,0.0013,0.0686,0.0673,2.5,22,24,25,441
Oswal Agro Mills,500317,OSWALAGRO,Commercial Services & Supplies,72.08,967.53,0,161.77,180.54,112.84,126.51,0.46,0.36,62.46,98.49,19.23,81.07,14.73,63.12,17.46,20.95,7.65,4080.43,361.9,184.74,145.68,162.34,41.61,-81.77,55.87,0.91,-3718.53,0.116,0.1211,0.0051,0.6,142,159,178,1364
Oswal Green Tech,539290,OSWALGREEN,Finance,40,1027.24,0,92.56,70.3,8.54,10.52,15.85,14.96,15.32,19.83,20.19,-6.44,1.04,-0.61,6.66,80.88,97.65,27.38,42.61,1361.43,10.81,12.83,1.09,-466.34,110.15,0.0085,15.23,-0.2405,0.2319,0.4723,4.2,13,16,20,1920
Oswal Pumps,544418,OSWALPUMPS,Industrial Products,773.95,8821.28,0,1430.31,1430.31,280.7,280.7,375.61,,379.75,364.64,513.95,98.84,140.79,63.9,94.68,4.63,31.43,36.83,34.2,481.95,409.8,409.8,93.02,16.92,-150.59,0.7754,-2.63,0,0,0,,281,281,281,8822
Owais Metal,,OWAIS,Ferrous Metals,528.85,961.58,0,213.39,213.39,49.8,49.8,49.85,,,105.13,108.28,35.07,30.82,24.72,25.22,47.57,19.31,117.21,190.55,105.2,65.08,65.08,12.82,-26.7,15.89,0.5952,73.34,0,0,0,,50,50,50,962
Pace Digitek,544550,PACEDIGITK,Telecom - Services,224.56,4847.16,0,2438.78,2438.78,268.2,268.2,,,,,,,,,,14.5,18.07,,,1147.84,502.21,502.21,121.98,214.12,-175.89,0.3399,0,0,0,0,,268,268,268,4846
Page Industries,532827,PAGEIND,Textiles & Apparels,41640,46444.73,0,4934.91,4973.95,729.1,764.73,1277.52,1246.27,1313.05,1098.07,1316.56,235.23,294.69,164.01,200.8,74.58,60.73,3.06,21.53,1561.66,1024.91,1073.67,261.5,1080.47,1203.59,0.6571,18.47,0.0079,0.0489,0.041,12.4,802,841,882,53589
Paisalo Digital,532900,PAISALO,Finance,39.44,3557.95,0,764.42,803.26,199.72,205.24,186.55,187.03,203.75,193.77,218.71,150.4,160.07,45.72,47.17,26.8,17.34,17.24,13.69,124.79,596.13,614.88,59.06,-569.75,-841.53,2.118,-3.55,0.0508,0.0276,-0.0232,6.3,211,217,223,3862
Pakka,516030,PAKKA,"Paper, Forest & Jute Products",146.9,660.29,30.86,406.04,391.23,39.2,27.43,96.79,111.09,106.01,92.16,81.97,5.73,5.93,3.19,-1.53,19.34,24.07,-15.31,-117.87,518.45,61.11,44.77,7.13,43.65,11.16,0.0667,-102.56,-0.0365,-0.3003,-0.2638,-0.8,19,13,9,226
Panacea Biotec,531349,PANACEABIO,Pharmaceuticals & Biotechnology,435.45,2667.16,71.68,559.09,610.07,-41.26,-27.22,115.72,147.35,163.49,132.53,166.7,-26.88,-1.18,-26.36,-4.67,,,44.05,74.79,870,-39.11,-25.04,0.01,3.47,-27.37,-0.0313,30.74,0.0912,-0.3403,-0.4315,0,-36,-49,-66,0
Panache Digilife,,PANACHE,IT - Services,446,679.17,0,115.93,133.73,5.86,6.71,11.74,23.43,20.74,60.02,29.54,3.52,1.98,2.2,0.96,53.98,101.22,151.62,772.73,69.94,10.48,11.24,1.86,8.13,-12.77,0.1225,621.11,0.1535,0.1451,-0.0085,7,8,9,10,1020
Panama Petrochem,524820,PANAMAPET,Petroleum Products,277.95,1681.42,0,2792.89,2815.33,187.02,179.48,670.78,698.91,727.97,695.23,693.22,59.45,54.86,44.27,42.62,10.46,9.37,3.35,-15.05,1274.04,246.53,237.09,39.18,-27.95,162.11,0.1716,-18.4,0.008,-0.0403,-0.0484,-2.3,172,165,159,1486
Pansari Develop.,,PANSARI,Realty,256.95,448.3,0,39.69,39.69,7.48,7.48,7.63,,4.2,18.68,17.74,6.75,5.64,5.39,4.14,61.89,59.93,132.5,340.43,126.53,14.28,14.28,2.66,11.18,-16.37,0.0801,207.93,0,0,0,,7,7,7,448
Paramount Comm.,530555,PARACABLES,Industrial Products,44.88,1368.99,30.69,1573.7,1705.67,85.77,80.17,321.05,355.89,391.64,507.02,451.12,31.69,15.16,18.74,18.5,20.96,17.08,40.51,-26.88,676.89,120.58,124.15,23.84,-100.93,104.09,0.1537,-67.39,0.0839,-0.0653,-0.1492,-2.6,75,70,65,1118
Paradeep Phosph.,543530,PARADEEP,Fertilizers & Agrochemicals,177.15,14461.56,0,13820.21,15196.84,540.08,802.26,2377.43,3843.84,4104.92,3494.02,3754.06,347.07,465.36,160.03,255.85,24.9,18.03,57.9,4655.58,4530.54,1098.6,1439.2,253.48,1436.76,1386.01,0.233,4597.68,0.0996,0.4854,0.3858,0.4,1192,1770,2630,47411
Parag Milk Foods,539889,PARAGMILK,Food Products,278.75,3327.6,2.55,3432.21,3525.8,119.45,119.07,757.93,871.31,884.72,918.25,851.52,62,57.88,26.21,27.58,23.97,27.95,12.35,1.03,1244.18,226.45,228.76,-1.07,102.27,212.04,0.0948,-11.32,0.0273,-0.0032,-0.0304,-87.9,119,118,118,3296
Paras Defence,543367,PARAS,Aerospace & Defense,721.95,5818,14.78,364.66,374.28,62.5,63.49,83.57,87.09,85.77,108.23,93.19,28.29,21.88,19.72,14.87,82.39,91.64,11.51,0.13,608.27,91.32,89.48,23.98,-45.54,44.83,0.1438,-11.38,0.0264,0.0158,-0.0105,57.9,64,66,67,6099
Parin Enterpris.,,PARIN,Consumer Durables,544,604.82,0,167.66,167.66,6.92,6.92,33.74,,,37.1,130.55,4,15.19,1.1,5.79,63.15,87.41,286.93,632.85,87.21,15.32,15.32,2.23,3.61,-12.47,0.1049,345.92,0,0,0,,7,7,7,605
Apeejay Surrend.,544111,PARKHOTELS,Leisure Services,155.02,3307.73,0,631.45,650.63,83.6,99.32,135.07,141.57,177.49,177.32,154.25,62.24,45.39,26.56,13.85,50.05,33.3,14.2,828.93,1377.25,164.67,167.39,26.56,168.19,157.62,0.0914,814.73,0.0304,0.188,0.1577,1.8,118,140,167,5546
Parsvnath Devl.,532780,PARSVNATH,Realty,15.02,653.64,0,253.93,253.93,-462.22,-462.22,87.07,88.02,47.05,58.24,60.62,7.24,-21.67,-92.49,-138.31,,,-30.38,61.09,328.83,-14.91,-14.91,3.33,261.35,261.35,-1.3955,91.47,0,0,0,,-462,-462,-462,0
Parth Electrical,,PARTH,,243.3,332.54,0,174.67,174.67,10.1,10.1,,,,,,,,,,,32.92,,,31.12,17.34,17.34,3.48,7.53,0.3,0.4364,0,0,0,0,,10,10,10,332
Pashupati Cotsp.,544448,PASHUPATI,Textiles & Apparels,707,1115.93,0,636.7,636.7,14.11,14.11,155.72,344.69,,127.47,106.08,5.89,4.16,7.19,2.03,61.52,79.09,-31.88,-13.98,187.35,30.89,30.89,-0.23,51.86,29.45,0.0741,17.9,0,0,0,,14,14,14,1116
Pasupati Acrylon,500456,PASUPTAC,Chemicals & Petrochemicals,44.32,395.02,0,621.43,682.68,35.38,25.88,154.8,124.44,173.87,168.32,216.05,13.98,6.02,11.27,1.75,12.35,15.26,39.57,-84.44,394.67,50.21,40.38,6.65,71.81,6.71,0.0824,-124.01,0.0986,-0.2685,-0.3671,-0.6,19,14,10,155
Patanjali Foods,500368,PATANJALI,Agricultural Food & other Products,594.1,64627.88,0.67,34156.97,35866.38,1300.93,1218.83,7177.17,8154.19,9120.27,9692.21,8899.71,516.35,321.18,358.54,180.39,59.07,53.02,24,-31.38,10747.64,1820.42,1704.89,451.1,1746.25,197.73,0.1554,-55.38,0.05,-0.0631,-0.1132,-8.4,1142,1070,1002,53144
Patel Engineerin,531120,PATELENG,Construction,37.29,3148.68,0,5093.36,5225.16,360.68,379.88,1101.66,1174.33,1205.52,1611.86,1233.45,218.35,165.33,96.07,80.94,15.39,8.29,11.96,51.32,3752.16,807.11,810.74,85.17,687.83,363.39,0.1239,39.36,0.0259,0.0532,0.0274,1.6,400,421,444,3679
Patel Retail,544487,PATELRMART,Retailing,226.57,756.76,33.18,820.68,820.68,25.25,25.25,177.38,,,219.67,182.45,15.57,15.14,7.18,6.92,23.85,29.97,2.86,13.07,134.77,51.92,51.92,9.32,24.82,27.72,0.2565,10.21,0,0,0,,25,25,25,757
Patil Automation,,PATILAUTOM,Industrial Manufacturing,173,377.5,0,118.05,118.05,11.16,11.16,,,,,,,,,,30.32,33.83,,,42.41,16.13,16.13,3.64,7.47,0.63,0.349,0,0,0,0,,11,11,11,378
Pavna Industries,543915,PAVNAIND,Auto Components,40.13,559.93,0,306.29,289.8,6.89,5.33,78.84,83.73,79.44,66.23,60.4,7.52,5.04,1.7,0.19,55.72,105.05,-23.39,-91.48,208.37,21.38,18.02,2.48,5.5,6.3,0.0375,-68.09,-0.0538,-0.2264,-0.1726,-4.6,4,3,2,259
One 97,543396,PAYTM,Financial Technology (Fintech),1236.9,78996.28,0,6900.4,7316.3,-1457.64,-500.02,1501.6,1659.5,1827.8,1911.5,1917.5,-88.9,71.5,-24.78,138.62,,,27.7,116.52,10212.5,-1452,-470.5,22.1,650.8,-121.3,-0.0468,88.82,0.0603,-0.657,-0.7172,0,-829,-1373,-2275,0
PCBL Chemical,506590,PCBL,Chemicals & Petrochemicals,387.55,14628.56,37.06,8404.25,8374.74,432.76,411.02,2143.56,2163.2,2010,2087.49,2114.05,297.66,319.05,100.16,94.05,22.07,35.59,-1.38,-20.31,7154.32,1035.3,986.31,152.52,1105.4,760.49,0.0788,-18.93,-0.0035,-0.0502,-0.0467,-7.1,390,371,352,12533
Petro Carbon,,PCCL,Minerals & Mining,175.1,432.5,0,295.97,295.97,8.98,8.98,189.53,,,176.45,119.52,9.43,4.06,8.28,1.19,12.35,48.16,-36.94,-96.29,227.57,13.73,13.73,-4.57,98.95,12.45,0.0194,-59.35,0,0,0,,9,9,9,432
PC Jeweller,534809,PCJEWELLER,Consumer Durables,12.84,8442.78,0,2244.11,2568.35,578.51,583.55,401.15,504.97,639.45,699.02,724.91,145.04,127.31,94.78,161.93,17.56,14.47,80.71,3.76,5050.15,505.4,622.62,-42.79,63.86,-632.72,0.1071,-76.95,0.1445,0.0087,-0.1358,16.6,589,594,599,8667
Pudumjee Paper,539785,PDMJEPAPER,"Paper, Forest & Jute Products",120.64,1145.48,0,809.08,802.69,90,104.43,202.84,222.47,193.69,190.08,196.45,23.91,33.67,18.85,36.24,9.13,10.97,-3.15,31.45,507.92,124.2,143.03,32.42,132.73,82.37,0.2694,34.6,-0.0079,0.1603,0.1682,0.7,121,141,163,1790
PDS,538730,PDSL,Textiles & Apparels,310.4,4387.49,0,12577.99,12956.36,155.97,149.98,2621.06,3306.29,3124.88,3525.77,2999.42,139.33,50.54,40.3,12.99,34.8,29.25,14.44,-34.72,1382.21,417.83,386.61,37,189.5,-36.55,0.1353,-49.16,0.0301,-0.0384,-0.0685,-7.6,144,139,133,3901
Piramal Enterp.,500302,PEL,Finance,1124.2,25483.11,0,10375.32,10608.79,437.98,520.22,2226.51,2287.97,2824.6,2853.55,2642.67,1316.58,1720.62,102.44,276.37,13.69,48.99,18.69,52.29,11602.27,5862.98,6198.5,44.32,95.36,-8090.87,0.0487,33.6,0.0225,0.1878,0.1653,2.6,618,734,872,42706
Pelatro,,PELATRO,Media,380,402.7,84.58,85.77,85.77,12.08,12.08,18.33,,,,26.69,,5.8,,3.56,634.26,33.34,45.61,55.46,118.37,17.15,17.15,4.58,25.02,20.2,0.1407,9.85,0,0,0,,12,12,12,403
Pennar Industrie,513228,PENIND,Industrial Manufacturing,241.71,3261.79,26.85,3226.58,3338.8,117.64,124.81,733.45,747.61,839.72,905.8,845.67,91.15,85.79,35.57,31.94,19.83,26.13,15.3,20.98,1226.61,275.82,290.83,24.02,224.72,255.98,0.1213,5.68,0.0348,0.0609,0.0262,4.3,132,140,149,3895
Peninsula Land,503031,PENINLAND,Realty,34.4,1114.56,0,251.95,261.73,-29.15,-26.95,33.48,60.74,100.43,63.09,37.47,-1.43,9.12,-21.91,0.81,18.75,,11.92,143.33,202.21,25.67,37.9,8.68,180.07,-44.04,-0.0904,131.41,0.0388,-0.0755,-0.1143,0,-29,-31,-34,0
Persistent Systems,533179,PERSISTENT,IT - Software,5357.7,83794.43,0,11938.72,12535.13,1357.83,1518.69,2737.17,2897.15,3062.28,3242.11,3333.59,584.41,611.59,395.76,424.94,54.18,55.18,21.79,38.68,5172.81,1832.48,2047.24,524.65,1302.11,1156.92,0.395,16.89,0.05,0.1185,0.0685,4.7,1699,1900,2125,117252
Petronet LNG,532522,PETRONET,Gas,281.45,42217.5,0,50982.03,49446.76,3944.93,3709.09,13415.13,13024.29,12226.86,12315.75,11879.86,1512.34,1159.2,1094.9,841.88,11.3,11.38,-11.44,-23.84,20606.04,5453.42,5114.12,1268.11,4871.12,4397.92,0.2415,-12.4,-0.0301,-0.0598,-0.0297,-1.9,3487,3279,3083,35083
Power Fin.Corpn.,532810,PFC,Finance,403.85,133274.6,0,107106.4,110323.9,22998.22,24313.93,24716.76,25721.79,26798.04,29265.03,28539.04,27133.67,28327.34,6316.45,6866.26,5.92,5.48,15.46,23.87,16004.92,103314.6,107293.5,8077.54,-97820.4,-92269.4,2.0238,8.41,0.03,0.0572,0.0272,1,25705,27175,28730,157441
Pfizer,500680,PFIZER,Pharmaceuticals & Biotechnology,5333,24397.27,0,2281.35,2321.54,640.84,676.03,562.86,588.59,537.99,591.91,603.05,227.5,210.02,198.33,191.75,35.56,36.09,7.14,27.23,3674.6,853.31,909.74,276.44,256.84,659.75,0.2592,20.09,0.0176,0.0549,0.0373,6.6,713,752,794,28642
Prime Focus,532748,PFOCUS,Entertainment,168.18,5261.19,0,3598.88,3808.6,-106.45,150.18,813.44,897.04,909.46,978.95,1023.15,232.18,244.29,115.11,61.85,28.67,35.03,25.78,151.82,2353.16,499.17,792.89,22.04,-32.5,295.42,0.0732,126.04,0.0583,-2.4108,-2.4691,-0.1,-212,-723,-2465,-86344
PTC India Fin,533344,PFS,Finance,35.01,2248.63,0,637.93,614.06,217.03,309.27,161.21,163.4,158.07,150.68,141.91,144.03,213.15,58.16,136.63,12.21,7.27,-11.97,207.73,1130.53,599.56,663.72,16.83,2562.99,1139.22,0.2884,219.7,-0.0374,0.425,0.4624,0.2,441,628,895,6506
PG Electroplast,533581,PGEL,Consumer Durables,585.95,16645.41,0.06,4869.53,5052.7,287.83,271.08,1320.68,671.3,967.69,1909.86,1503.85,211.86,121.24,145.23,66.98,50.66,61.4,13.87,-19.98,2991.91,453.59,452.67,68.28,188.46,-76.59,0.1134,-33.85,0.0376,-0.0582,-0.0958,-10.6,255,240,226,13904
P & G Hygiene,500459,PGHH,Personal Products,14292,46392.88,0,3374.42,4311.45,636.76,828.65,931.75,1135.16,1247.63,991.63,937.03,209.65,266.17,156.1,192.06,75.85,55.99,0.57,136.94,361.65,876.69,1141.23,299.9,825.77,593.21,3.1206,136.37,0.2777,0.3014,0.0237,1.9,1078,1403,1826,102251
P & G Health Ltd,500126,PGHL,Pharmaceuticals & Biotechnology,6199,10289.96,0,934.17,1272.91,234.51,300.59,283.88,313.41,309.77,310.99,338.74,80.92,90.34,61.18,66.18,36.29,34.23,19.33,157.91,438.15,312.18,400.98,100.64,236.01,168.69,0.9157,138.58,0.3626,0.2818,-0.0808,1.2,385,494,633,21668
Pearl Global Ind,532808,PGIL,Textiles & Apparels,1302,5986.43,99.73,4506.29,4681.41,238,252.2,1052.8,1201.92,1022.53,1229.04,1227.92,117.25,112.42,65.7,68.09,17.6,23.74,16.63,12.29,1410.3,367.68,375.18,41.03,352.09,176.39,0.2079,-4.34,0.0389,0.0597,0.0208,4,267,283,300,7124
Powergrid Infra.,543290,PGINVIT,Power,95.21,8664.1,0,1266.49,1264.19,1175.68,1173.49,315.58,319.96,319.62,311.33,313.28,960.47,291.94,686.77,190.76,9.82,7.38,-0.73,-1.14,10127.49,1407.77,1406.99,18.81,1229.99,1215.22,0.1177,-0.41,-0.0018,-0.0019,0,-39.6,1171,1169,1167,8612
Phantom Digital,,PHANTOMFX,Entertainment,239.9,381.99,29.19,98.52,98.52,20.22,20.22,48.26,17.42,26.06,34.85,63.67,15.35,22.12,8.38,11.83,18.39,18.89,31.93,-13.78,168.65,32.8,32.8,8.3,-54.17,-18.48,0.1691,-45.71,0,0,0,,20,20,20,382
Phoenix Mills,503100,PHOENIXLTD,Realty,1597.8,57136.1,0,3806.71,3862.43,932.04,983.97,904.14,917.97,975.13,1016.34,952.99,559.65,564.29,270.57,240.69,51.48,58.07,5.4,3.37,16952.39,1911.66,1996.13,306.11,2160.94,2083.56,0.0761,-2.03,0.0146,0.0557,0.0411,10.4,1039,1097,1158,67232
Piccadily Agro,530305,PICCADIL,Beverages,647.9,6381.67,7.21,796.95,836.35,102.34,107.7,195.69,184.92,182.29,255.23,213.91,65.51,37.92,39.86,18.43,56.91,59.25,9.31,41.01,736.43,170.08,179.84,38.38,51.03,-27.07,0.1984,31.7,0.0494,0.0524,0.0029,11.3,113,119,126,7437
Pidilite Inds.,500331,PIDILITIND,Chemicals & Petrochemicals,1510.6,153735.9,0,13140.31,13498.06,2093.39,2200,3395.35,3234.91,3368.91,3141.14,3753.1,631.78,940.98,440.61,672.41,87.04,69.88,10.54,18.61,6844.42,2896.36,3046.76,750.54,2724.03,2286.63,0.4311,8.07,0.0272,0.0509,0.0237,13.7,2312,2430,2554,178440
Power & Instrum.,543912,PIGL,Electrical Equipment,178.18,316.68,0,168.84,184.69,11.75,12.46,25.47,54.93,33.37,55.09,41.3,5.14,4.03,3.11,2.58,19.4,25.42,62.15,37.97,83.05,19.33,19.98,4.73,8.48,-39.89,0.207,-24.18,0.0939,0.0604,-0.0335,4.2,13,14,15,378
P I Industries,523642,PIIND,Fertilizers & Agrochemicals,3564.6,54081.44,0,7977.8,7809.4,1662.73,1611.4,2068.9,2221,1900.8,1787.1,1900.5,455.6,519.1,330.5,400,37.66,33.56,-8.14,-10.87,8723.6,2201.6,2111.7,403.2,2035.9,1413,0.2309,-2.73,-0.0211,-0.0309,-0.0098,-10.9,1562,1513,1467,49223
Pilani Invest.,539883,PILANIINVS,Finance,5296.5,5864.42,0,305.18,290.09,98.48,61.96,61.75,122.83,60.94,56.63,49.69,50.84,46.13,-25.09,-4.02,19.21,94.65,-19.53,-112.37,3.78,292.88,278.93,44.24,-86.73,649.9,28.0952,-92.84,-0.0494,-0.3708,-0.3214,-2.6,39,25,15,1461
Pil Italica Life,500327,PILITA,Consumer Durables,13.33,313.26,0,98.79,102.99,4.75,5.27,21.2,21.81,30.22,26.92,24.04,2.59,2.74,1.07,1.55,68.77,59.44,13.4,2.65,79.69,7.95,8.73,1.02,11.81,21.72,0.0789,-10.75,0.0425,0.1095,0.067,5.4,6,6,7,428
Pitti Engg.,513519,PITTIENG,Industrial Manufacturing,967.75,3643.93,0,1524.55,1547.48,108.05,105.89,359.53,379.38,363.71,421.92,382.47,70.51,67.49,29.98,17.57,31.12,34.41,6.38,-5.08,968.3,209.7,214.68,33.56,80.02,261.45,0.144,-11.46,0.015,-0.02,-0.035,-17.2,104,102,100,3429
Pix Transmission,500333,PIXTRANS,Industrial Products,1447.8,1973.35,0,589.45,583.05,112.86,113.29,129.91,159.06,139.52,162.93,121.54,33.54,27.57,22.65,27.86,21.36,17.42,-6.44,1.49,523.99,156.96,154.92,38.57,136.61,108.04,0.2898,7.93,-0.0109,0.0038,0.0147,45.7,114,114,115,1996
Plastiblends (I),523648,PLASTIBLEN,Chemicals & Petrochemicals,183.62,477.21,18.72,758.41,768.51,31.58,31.51,211.58,185.35,184.37,199.16,199.63,14.45,13.48,9.57,8.92,18.34,15.14,-5.65,-17.79,395.67,43.64,43.36,11.42,38.06,8.86,0.1085,-12.14,0.0133,-0.0022,-0.0155,-68.3,31,31,31,474
Platinum Industr,544134,PLATIND,Chemicals & Petrochemicals,285.4,1567.56,0,392.26,404.99,50.06,45.01,102.66,99.64,93.46,96.51,115.38,8.19,15.16,6.37,12.72,30.07,34.83,12.39,-27.4,363.02,71.12,65.01,15.39,32.74,-7.96,0.1664,-39.79,0.0325,-0.1009,-0.1333,-3.5,40,36,33,1140
Punjab Natl.Bank,532461,PNB,Banks,117.24,134743.3,0,124009.9,127437.6,18477.4,16624.31,29144.54,30447.42,31894.8,32523.09,32572.33,23381.36,23375.24,4989.29,2119.88,15.13,8.11,11.76,-46.68,15542.44,106715.3,111270.8,11719.21,-27939.4,22075.28,1.8236,-58.44,0.0276,-0.1003,-0.1279,-0.8,14957,13457,12107,98191
PNB Gilts,532366,PNBGILTS,Finance,97.86,1761.58,0,1676.16,1845.16,231.37,338.41,440.28,500.76,362.36,418.77,563.27,406.71,537.76,74.89,160.04,16.79,5.21,27.93,199.48,707.56,1621.17,1733.02,84.22,-2875.07,-196.88,0.5973,171.55,0.1008,0.4626,0.3618,0.1,495,724,1059,5517
PNB Housing,540173,PNBHOUSING,Finance,853.6,22237.01,0,7651.36,7884.11,1948.95,2041.97,1812.53,1867.53,1922.76,2029.94,2063.88,1904.68,1928.14,567.11,531.73,13.61,10.89,13.87,21.2,824.22,7048.77,7312.66,553.89,-4644.14,-8119.5,3.1495,7.33,0.0304,0.0477,0.0173,2.3,2139,2242,2349,25575
PNC Infratech,539150,PNCINFRA,Construction,288.8,7408.85,0,6768.68,6023.97,775.95,403.49,2167.51,1427.05,1470.01,1704.11,1422.8,362.34,367.42,75.48,163.16,11.03,18.36,-34.36,-71.63,3263.1,1984.44,1451.84,288.85,-231.19,-56.11,0.2122,-37.27,-0.11,-0.48,-0.37,-0.4,210,109,57,1042
P N Gadgil Jewe.,544256,PNGJL,Consumer Durables,663.75,9007.64,0,7586,7739.84,219,252.29,1668.18,2001.31,2435.75,1588.22,1714.56,94.11,109.97,61.99,69.34,35.85,35.7,2.78,96.32,1509.09,337.09,387.76,86.27,6.32,-675.44,0.2243,93.54,0.0203,0.152,0.1317,2.3,291,335,386,13770
Pondy Oxides,532626,POCL,Diversified Metals,1306.6,3931.17,0,2028.27,2187.65,65.06,78.09,436.78,572.43,502.42,516.63,596.17,27.06,41.31,18.01,27.55,20.69,50.34,36.49,89.61,544.67,97.06,114.43,25,64.31,-79.08,0.1893,53.12,0.0786,0.2003,0.1217,2.5,94,113,135,6798
Pokarna,532486,POKARNA,Consumer Durables,735.75,2281.12,0,925.15,908.53,187.55,182.62,192.56,251.28,223.61,262.68,170.96,101.1,54.93,58.95,28.29,18.91,12.49,-11.22,-14.38,1089.78,303.77,293.96,70.48,188.1,191.17,0.2322,-3.16,-0.018,-0.0263,-0.0083,-4.8,178,173,169,2106
PB Fintech.,543390,POLICYBZR,Financial Technology (Fintech),1745.4,80167.51,0,4977.21,5314.71,315.32,377.42,1010.49,1167.23,1291.62,1507.87,1347.99,112.82,34.39,170.62,84.59,432.44,212.41,33.4,233.03,2879.79,380.28,445.39,31.33,8.65,-183.14,0.1419,199.63,0.0678,0.1969,0.1291,10.8,452,541,647,137474
Polycab India,542652,POLYCAB,Industrial Products,7730,116359.7,0,22408.31,23616.26,1931.05,2216.16,4698.03,5498.42,5226.06,6985.8,5905.98,1025.39,857.6,726.67,592.12,47.65,52.51,25.71,49.54,7779.09,2750.86,3146.96,682.77,1296.24,1808.53,0.3727,23.83,0.0539,0.1476,0.0937,3.6,2543,2919,3350,175900
Poly Medicure,531768,POLYMED,Healthcare Equipment & Supplies,1896,19211.36,0,1669.03,1688.27,334.02,357.59,384.78,420.02,424.21,440.83,403.21,119.47,106.13,91.83,93.08,63.12,53.72,4.79,25.72,1675.6,460.76,488.8,95.09,266.08,240.42,0.2702,20.93,0.0115,0.0706,0.059,7.6,383,410,439,23570
Polyplex Corpn,524051,POLYPLEX,Industrial Products,997.7,3132.03,0,6885.18,6938.25,208.05,136.38,1685.6,1738.86,1721.16,1739.56,1738.67,63.9,-0.61,10.11,-19.31,23.05,22.97,3.15,-136.08,6192.68,488.94,314.69,79.88,455.22,438.03,0.0349,-139.23,0.0077,-0.3445,-0.3522,-0.7,89,59,38,882
Polysil Irrigati,,POLYSIL,Industrial Products,278,625.64,0,13.86,13.86,-1.85,-1.85,34.08,,,8.73,5.15,3.2,-2.24,1.39,-3.24,16.41,,-84.89,-472.41,24.37,0.5,0.5,0.45,-6.25,1.51,-0.0574,-387.52,0,0,0,,-2,-2,-2,0
Poonawalla Fin,524000,POONAWALLA,Finance,529.15,41231.82,0,4189.76,4526.14,-104.52,-327.38,977.59,988.87,1057.03,1166.27,1313.97,551.08,651.53,62.33,62.6,45.82,,34.41,-78.54,13.83,1373.51,1299.47,-47.2,-7556.49,-10569.4,-27.0846,-112.95,0.0803,2.1322,2.0519,0,371,1161,3637,0
Power Grid Corpn,532898,POWERGRID,Power,289.15,268927,0,45792.32,45982.36,15284.24,15428.1,11006.18,11277.76,11233.03,12275.35,11196.22,10194.02,9102.3,4142.87,3630.58,16.44,17.43,1.73,-2.51,195160.2,27750.73,27784.99,3356.77,37289.5,36223.29,0.0963,-4.24,0.0042,0.0094,0.0053,18.5,15573,15720,15868,276577
Hitachi Energy,543187,POWERINDIA,Electrical Equipment,17645,78647.94,0,6384.93,6536.59,384.43,505.16,1327.24,1553.74,1620.27,1883.68,1478.9,237.97,154.9,183.89,131.6,198.52,155.69,11.43,1162.96,4069.12,571.24,716.52,195.02,252.31,1493.77,0.1721,1151.53,0.0238,0.314,0.2903,5,664,872,1146,178453
Power Mech Proj.,539302,POWERMECH,Construction,2679.8,8472.53,0,5234.14,5520.15,326.5,318.86,1007.39,1035.49,1337.97,1853.28,1293.41,213.87,170.08,117.24,52.52,28.78,26.57,28.39,-12.66,2009.55,590.69,645.65,176.81,204.6,0.74,0.2467,-41.05,0.0546,-0.0234,-0.078,-11.4,311,304,297,7891
PPAP Automotive,532934,PPAP,Auto Components,230.52,325.38,0,553.98,547.96,6.75,4.63,122.68,144.86,139.25,147.22,116.63,15,9.3,2.42,-2.27,68.42,70.28,-4.93,-2370,315.66,25.32,22.75,2.85,40.58,52.19,0.0237,-2365.07,-0.0109,-0.3141,-0.3032,-2.2,3,2,1,105
Prakash Pipes,542684,PPL,Industrial Products,300.3,718.27,0,780.48,779.08,82.89,68.01,204.82,200.21,192.5,182.95,203.42,17.52,16.29,10.29,10.31,10.73,10.56,-0.68,-59.41,432.47,119.12,98.41,22.5,119.64,73.32,0.2093,-58.73,-0.0018,-0.1795,-0.1777,-0.6,56,46,38,397
Piramal Pharma,543635,PPLPHARMA,Pharmaceuticals & Biotechnology,201.69,26809.61,0,9151.18,9133.75,88.82,86.31,1951.14,2241.75,2204.22,2754.07,1933.71,560.99,106.7,153.5,-93.46,557.84,310.62,-0.89,-5.44,11121.49,825.74,760.74,294.28,1004.54,892.3,0.0342,-4.55,-0.0019,-0.0283,-0.0264,-109.9,84,82,79,24600
Prabha Energy,544379,PRABHA,Oil,219.06,2999.05,0,3.95,4.14,-1.45,-1.37,0.94,0.97,1.02,1.02,1.13,-1.66,-0.27,-0.89,-0.23,,,20.21,8,563.79,-1.88,-1.98,0.08,-43.73,-6.09,-0.0023,-12.21,0.0481,-0.0552,-0.1033,0,-1,-2,-2,0
Praj Industries,522205,PRAJIND,Industrial Manufacturing,350,6433.46,23.56,3228.04,3169.1,186.96,140.07,699.14,816.19,853.03,859.68,640.2,73.93,31.43,39.81,5.34,39.18,45.93,-8.43,-91.39,1051.6,270.66,220.23,80.01,199.39,42.96,0.2093,-82.96,-0.0183,-0.2508,-0.2325,-1.8,105,79,59,2705
Prakash Industri,506022,PRAKASH,Ferrous Metals,164.52,2946.25,0,4014.35,3884.57,353.72,356.36,1166.86,1076.9,925.95,844.64,1037.08,131.62,137.98,90.83,91.4,8.42,8.27,-11.12,1.01,3510.73,400.56,401.49,0.5,601.48,141.9,0.1016,12.13,-0.0323,0.0075,0.0398,11.1,359,362,364,3014
Precision Camshf,539636,PRECAM,Auto Components,193.87,1841.49,0,865.36,805.05,30.27,35.54,255.32,225.07,194.55,190.43,195,25.64,14.57,14.76,18.82,56.46,51.81,-23.63,61.96,477.5,54.83,68.66,25.77,130.93,143.47,0.1284,85.59,-0.0697,0.1741,0.2438,3,42,49,58,2980
Precot,,PRECOT,Textiles & Apparels,383.1,459.72,0,868.19,899.71,32.7,48.66,207.81,253.58,211.99,227.76,206.38,28.13,28.54,15.73,11.3,16.43,9.45,-0.69,-1.31,529.65,98.89,93.63,4.15,121.07,115.78,0.0997,-0.62,0.0363,0.4881,0.4518,0.2,72,108,160,1515
Prec. Wires (I),523539,PRECWIRE,Industrial Products,216.53,3898.43,0,4014.83,4196.01,89.55,94.89,955.19,1043.79,982.26,1054.38,1115.58,59.14,58.95,29.58,27.09,34.17,41.08,16.79,21.86,569.86,166.38,179.17,30.84,59.68,167.92,0.2206,5.07,0.0451,0.0596,0.0145,6.9,101,107,113,4638
Prem. Explosives,526247,PREMEXPLN,Chemicals & Petrochemicals,657.7,3535.87,18.8,417.45,476.75,28.55,39.7,82.86,94.6,165.92,74.08,142.15,9.56,20.88,3.7,18.42,82.57,89.06,71.55,153.02,266.62,48.65,58.62,11.4,79,118.62,0.1917,81.47,0.1421,0.3905,0.2485,2.3,55,77,107,9507
Premier Energies,544238,PREMIERENE,Electrical Equipment,1023.6,46141.26,4.15,6518.75,6682.12,928.82,1046.77,1657.37,1527.22,1713.32,1620.84,1820.74,528.39,548.28,277.81,307.79,48.64,44.08,9.86,55.32,2834.12,1405.65,1566.21,431.65,90.15,1348.05,0.5217,45.46,0.0251,0.127,0.1019,3.5,1180,1330,1498,66047
Premier Polyfilm,514354,PREMIERPOL,Industrial Products,44.74,468.62,0,263.16,269.59,25.95,26.12,62.87,70.5,61.87,72.13,65.09,8.96,9.65,5.59,6,21.36,17.94,3.53,2.04,109.97,35.73,36.13,8.99,15.52,23.11,0.3193,-1.49,0.0244,0.0066,-0.0179,27.4,26,26,27,478
Prestige Estates,533274,PRESTIGE,Realty,1621.6,69847.21,0,7349.4,7794.6,464.52,527.4,1862.1,2304.4,1654.5,1528.4,2307.3,529,877.3,25,292.5,36.09,132.44,23.91,25.75,19871.6,2080.6,2156.7,579.6,1297.3,130.7,0.0557,1.84,0.0606,0.1354,0.0748,9.8,599,680,772,102227
Pricol Ltd,540293,PRICOLLTD,Auto Components,522.75,6371.36,5.99,2691.92,2967.33,163.75,171.36,619.93,668.83,633.8,769.36,895.34,80.05,98.96,34.95,49.89,33.31,37.18,44.43,9.5,1157.71,235.19,250.01,68.11,254.78,309.29,0.2068,-34.93,0.1023,0.0465,-0.0558,8,179,188,196,7301
Prime Securities,500337,PRIMESECU,Finance,309.4,1040.99,0,88.98,110.63,35.38,36.68,29.14,29.83,21.18,12.71,46.91,1.17,17.07,0.8,10.48,32.96,28.38,60.98,12.45,35.17,41.14,45.37,11.09,13.15,27.86,1.3583,-48.53,0.2433,0.0367,-0.2066,7.7,38,39,41,1160
Primo Chemicals,506852,PRIMO,Chemicals & Petrochemicals,23.43,567.81,0,549.49,575.57,3.45,18.89,121.93,134.36,143.85,155.42,141.94,23.98,20.39,-0.41,4.08,17.66,30.06,16.41,136.27,414.1,37.39,42.03,3.48,13.67,64.43,0.054,119.86,0.0475,4.4754,4.4279,0.1,103,566,3101,93209
Prince Pipes,542907,PRINCEPIPE,Industrial Products,332.3,3673.94,0,2523.92,2499.86,42.67,23.29,604.47,622.07,577.72,719.65,580.42,54.84,39.57,24.18,4.82,42.81,157.75,-3.98,-80.46,1632.38,67.91,44.97,7.51,32.9,118.94,0.0189,-76.48,-0.0095,-0.4542,-0.4447,-3.5,13,7,4,597
Privi Speci.,530117,PRIVISCL,Chemicals & Petrochemicals,2517.6,9834.43,0,2101.19,2196.02,186.15,217.55,463.98,532.79,490.87,613.55,558.81,132.6,132.06,66.52,61.93,58.78,45.21,20.44,97.42,1549.75,345.74,382.29,82.45,354.48,281.11,0.1936,76.98,0.0451,0.1687,0.1235,2.7,254,297,347,15699
Prizor Viztech,,PRIZOR,Industrial Manufacturing,343.1,366.82,0,70.98,70.98,10.15,10.15,29.68,,,31.03,40.06,6.47,8.56,4.28,5.87,2.82,36.14,34.97,27.33,47.49,15.09,15.09,3.41,-1.82,-14.1,0.2855,-7.64,0,0,0,,10,10,10,367
Prostarm Info,544410,PROSTARM,Electrical Equipment,196.2,1155.12,0.04,345.89,345.89,30.52,30.52,,,75.59,77.97,50.98,11.16,3.42,6.84,1.56,33.71,37.85,,,90.34,47.05,47.05,10.93,-8.39,-5.71,0.4588,0,0,0,0,,31,31,31,1155
Protean eGov,544021,PROTEAN,IT - Services,869.15,3529.5,0,840.7,855,90.29,95.22,196.54,219.7,202.31,222.15,210.84,17.89,16.41,20.4,23.85,49.51,37.07,7.28,13.09,245.01,117.99,127.06,21.39,57.54,192.71,0.4759,5.81,0.017,0.0546,0.0376,6.8,100,106,112,4140
Proventus Agro.,,PROV,Food Products,1080,372.24,0,580.92,580.92,5.59,5.59,293.42,,,293.42,288.14,5.73,4.53,4.83,2.53,87.94,66.59,-1.8,-47.62,131.64,9.36,9.36,1.09,-5.73,-1.84,0.0507,-45.82,0,0,0,,6,6,6,372
Prozone Realty,534675,PROZONER,Realty,60.08,916.82,0,178.73,184.78,-38.35,-32.61,32.19,48.86,44.85,52.83,38.24,6.07,18.35,-32.81,0.73,24.86,,18.79,115.94,916.99,34.83,47.88,1.98,60.22,39.63,-0.0334,97.15,0.0338,-0.1497,-0.1835,0,-37,-43,-50,0
Prism Johnson,500338,PRSMJOHNSN,Cement & Cement Products,154.88,7796.04,1.98,7310.21,7530.11,-57.36,-16.34,1763.15,1685.38,1820.65,2102.33,1921.75,187.5,168.41,21.88,2.19,850.25,,9,128.44,2552.77,84.54,87.49,-41.15,472.81,737.28,-0.0225,119.44,0.0301,-0.7151,-0.7452,0,-28,-48,-82,0
Prudent Corp.,543527,PRUDENT,Capital Markets,2692.4,11148.33,0,1133.32,1147.91,195.57,203.23,249.42,286.08,285.04,283.03,293.76,68.75,67.26,51.74,51.78,43.94,54.86,17.78,17.15,341.41,264.36,275.05,67.27,149.6,160.61,0.7923,-0.63,0.0129,0.0392,0.0263,14,211,219,228,12511
Pun. & Sind Bank,533295,PSB,Banks,30.2,21428.67,0,11481.3,11739.69,1015.98,1103.49,2652.27,2738.95,2931.14,3158.94,2910.66,1802.53,1864.54,312.78,269.16,23.29,19.42,9.74,48.3,1755.79,9035.4,9353,343.86,1746.38,-2293.5,0.8243,38.56,0.0225,0.0861,0.0636,2.3,1199,1302,1414,27458
PSP Projects,540544,PSPPROJECT,Construction,767.85,3043.89,0,2512.13,2406.83,56.3,22.15,623.06,585.97,630.21,672.89,517.76,32.36,24.79,6.46,0.42,19.97,137.42,-16.9,-98.79,966.61,123.9,74.99,18.51,-223.98,52.71,0.0421,-81.89,-0.0419,-0.6066,-0.5647,-2.3,9,3,1,185
PTC India,532524,PTC,Power,164.71,4875.55,6.24,16240.66,15481.98,672.03,618.77,4554.67,5127.99,3420.81,2924.01,4009.17,155.63,288.24,118.95,195.05,9.09,7.88,-11.98,40.94,4920.37,1156.1,1263.02,229.52,2450.54,2131.55,0.1724,52.92,-0.0467,-0.0793,-0.0325,-1,570,525,483,3806
PTC Industries,539006,PTCIL,Industrial Products,16247,24344.71,85.66,308.07,358.36,61.7,62.01,46.87,72.37,66.92,121.92,97.15,28.73,8.78,24.96,5.16,298.17,392.59,107.28,5.31,1337.73,88.04,89.28,17.46,-96.28,13.59,0.0594,-101.97,0.1632,0.005,-0.1582,781.4,62,63,63,24713
PTL Enterprises,509220,PTL,Commercial Services & Supplies,39.92,528.45,0,64.34,64.33,36.3,40.28,16.08,16.09,16.09,16.07,16.08,14.56,14.61,8.75,9.22,18.57,13.12,0,76.29,586.3,62.99,63.12,18,21.4,26.47,0.0994,76.29,-0.0002,0.1096,0.1098,1.2,45,50,55,722
Punjab Chemicals,506618,PUNJABCHEM,Fertilizers & Agrochemicals,1326.8,1626.66,38.64,900.52,977.81,41.76,48.59,242.22,242.13,213.89,202.28,319.51,25.51,34.36,9.52,20.63,24.41,33.48,31.91,53.5,441.39,75.29,84.98,16.36,29.89,25.22,0.1471,21.59,0.0858,0.1636,0.0777,2,57,66,77,2563
Purple United,,PURPLEUTED,Textiles & Apparels,469.95,451.61,0,103.13,103.13,10.47,10.47,,,,30.5,72.63,7.12,13.59,3.29,7.18,28.89,43.13,,,76.93,18.93,18.93,4.11,-10.78,-31.03,0.1895,0,0,0,0,,10,10,10,452
Puravankara,532891,PURVA,Realty,250,5928.74,0,2013.61,1879.68,-181.65,-263.44,658.33,495.54,318.17,541.57,524.4,30.4,66.69,-85.82,-67.68,124.5,,-20.34,-547.32,814.45,340.65,271.94,1.5,896.39,-530.76,-0.3216,-526.98,-0.0665,0.4503,0.5168,0,-145,-80,-44,0
Pushpa Jewellers,,PUSHPA,Consumer Durables,128.75,311.87,0,281.06,281.06,22.28,22.28,,,,,66.46,,10.51,,7.48,11.43,14,,,65.2,31.38,31.38,7.34,8.79,0.15,0.4543,0,0,0,0,,22,22,22,312
PVP Ventures,517556,PVP,Realty,29.93,779.39,0,27.2,41.9,-1.47,-1.89,2.52,3.18,2.48,19.03,17.21,5.21,5.04,0.9,0.29,2.64,,582.94,114.57,51.37,1.82,11.17,-0.34,0.04,19.54,-0.0434,-468.37,0.5404,0.2857,-0.2547,0,-1,-1,-1,0
PVR Inox,532689,PVRINOX,Entertainment,1090,10703.8,0,5779.9,6058.3,-300.7,-154.9,1190.7,1622.1,1717.3,1249.8,1469.1,282.9,397.2,-125,-54,,,23.38,69.78,12585.2,414,590.3,7.3,1979,1966.8,-0.0117,46.4,0.0482,-0.4849,-0.533,0,-230,-342,-507,0
Popular Vehicles,544144,PVSL,Automobiles,145.23,1034.01,0,5541.23,5560.68,-14.51,-24.67,1291.45,1512.75,1364.67,1372.36,1310.9,25.82,33.21,-13.72,-8.76,20.02,,1.51,-260.73,1046.3,76.17,59.84,13.45,79.93,150.8,-0.0107,-262.24,0.0035,0.7002,0.6967,0,-7,-2,-1,0
Pyramid Technopl,543969,PYRAMID,Industrial Products,164.13,603.75,0,591.34,621.52,26.31,27.02,133.62,133.14,153.35,171.22,163.81,11.39,13.34,6.61,7.91,21.64,22.34,22.59,4.49,269.05,38.34,40,7.93,-3.81,35.01,0.1299,-18.1,0.051,0.027,-0.0241,8.3,28,28,29,654
Quality Power El,544367,QPOWER,Electrical Equipment,997.4,7724.27,0,336.65,451.94,63.72,70.18,61.42,94.31,72.59,108.32,176.72,16.28,31,19.62,24.14,88.55,110.07,187.72,-22.48,562.57,110.55,120.62,13.92,51.52,62.46,0.1495,-210.2,0.3425,0.1014,-0.2411,10.9,77,85,94,10320
Quadrant Future,544336,QUADFUTURE,Industrial Products,387.2,1548.8,0,150.25,153.84,-19.68,-23.92,25.51,39.63,27.01,58.47,28.73,1.23,-10.11,1.58,-13.5,46.55,,12.62,-45.79,314.61,-17.93,-23.06,0,21.93,-71.96,-0.076,-58.41,0.0239,0.2154,0.1916,0,-19,-15,-12,0
Quess Corp,539978,QUESS,Commercial Services & Supplies,245.25,3656.31,0,14967.2,16506.33,177.87,252.73,3586.87,5179.36,4019.13,3656.42,3651.42,67.36,69.75,60.55,52.71,17.88,14.47,1.8,7.52,826.32,245.64,319.78,19.2,529.27,380.48,0.3291,5.72,0.1028,0.4209,0.318,0.3,359,510,725,10490
Quick Heal Tech,539678,QUICKHEAL,IT - Software,313.7,1698.94,6.89,279.53,266.47,2.75,-4.5,70.29,73.49,70.61,65.14,57.23,-8.48,-9.73,-3.25,-5.51,101.11,,-18.58,-236.72,239.66,-1.07,-10.58,-0.59,18.19,-22.3,-0.0212,-218.14,-0.0467,-2.6364,-2.5896,0,-16,-60,-216,0
Race Eco,537785,RACE,Other Utilities,224.81,387.96,0,555.06,625.39,3.89,4.14,86.44,106.29,168.42,193.95,156.73,3.41,2.91,1.48,0.35,399.57,93.71,81.32,218.18,47.79,9.85,11.55,1.91,-8.53,-42.64,0.1266,136.86,0.1267,0.0643,-0.0624,14.6,4,5,5,468
RACL Geartech,520073,RACLGEAR,Auto Components,1195.7,1409.5,0,417.37,412,26.11,27.62,105.28,101.51,109.49,101.09,99.91,19.11,18.76,6.67,8.29,30.7,51.03,-5.1,32.43,342,64.5,67.18,6.63,35.26,63.96,0.1001,37.53,-0.0129,0.0578,0.0707,8.8,29,31,33,1668
Radhika Jeweltec,540125,RADHIKAJWE,Consumer Durables,89.38,1054.68,0,587.79,593.2,60.12,62.65,93.74,131.48,206.06,156.51,99.15,19.51,25.31,11.13,18.21,16.73,16.83,5.77,39.11,330.6,87.8,94.38,28.57,-25.85,16.57,0.2759,33.34,0.0092,0.0421,0.0329,4,65,68,71,1193
Radiant Cash,543732,RADIANTCMS,Commercial Services & Supplies,56.12,598.84,0,427.15,427.33,46.47,42.99,99.91,107.04,115.89,104.31,100.09,13.39,9.67,9.82,7.34,15.45,13.93,0.18,-32.35,249.48,88.92,60.62,15.81,40.62,43.42,0.2357,-32.53,0.0004,-0.0749,-0.0753,-1.9,40,37,34,474
Radico Khaitan,532497,RADICO,Beverages,2988.4,40007.97,0,4842.64,5220.66,345.16,407.47,1136.54,1116.3,1294.24,1304.08,1506.04,177.61,232.15,90.71,138.59,91.56,98.19,32.51,81.61,2798.11,538.84,621.56,128.64,166.11,362.11,0.1916,49.1,0.0781,0.1805,0.1025,5.4,481,568,670,65825
Railtel Corpn.,543265,RAILTEL,Telecom - Services,383.95,12322.43,0,3477.5,3663.2,314.89,318.96,558.11,843.49,767.62,1308.28,743.81,179.63,115.85,105.78,63.57,39.54,38.63,33.27,3.57,2012.28,427.71,427.81,125.04,556.34,255.34,0.2206,-29.7,0.0534,0.0129,-0.0405,29.9,323,327,331,12805
Rain Industries,500339,RAIN,Chemicals & Petrochemicals,130.9,4402.82,0,15374.39,15779.41,-564.83,-417.52,4094.15,3934.28,3675.73,3768.02,4401.38,380.35,629.26,-137.7,60.7,4.82,,7.5,177.94,15781.79,714.35,901.59,320.23,3063.49,1943.22,-0.0062,170.44,0.0263,-0.2608,-0.2871,0,-526,-664,-837,0
Rainbow Child.,543524,RAINBOW,Healthcare Services,1346.5,13674.94,0,1515.87,1538.58,237.61,257.4,330.22,417.46,398.08,370.11,352.93,114.72,103.62,56.34,53.5,56.63,53.13,6.88,35.34,1527.35,398.88,420.39,90.78,321.4,395.66,0.228,28.46,0.015,0.0833,0.0683,6.4,279,302,327,17385
Rajesh Exports,531500,RAJESHEXPO,Consumer Durables,183.59,5420.68,0,423099.3,494285.6,94.87,73.48,60355.5,66923.67,96630.48,199189.7,131541.8,-13.54,42.09,1.95,-9.53,21.77,73.77,117.95,-180.35,5152.62,239.65,231.55,17.77,316.05,7737.55,0.0177,-298.3,0.1682,-0.2255,-0.3937,-3.3,57,44,34,2519
Rajoo Engineers,522257,RAJOOENG,Industrial Manufacturing,92.65,1655.43,54.2,253.64,287.86,37.86,47.66,50.87,56.81,56.08,89.9,85.07,19.49,18.57,15.31,15.02,56.69,34.73,67.23,174.59,151.29,47.49,59.79,14.47,1.93,70.51,0.4107,107.36,0.1349,0.2588,0.1239,1.3,60,76,95,3302
Rajratan Global,517522,RAJRATAN,Auto Components,320.2,1625.69,13.78,935.25,961.62,58.56,57.08,220.14,245.33,218.36,251.42,246.51,33.33,30.94,15.2,13.52,38.18,28.48,11.98,-11.29,685.16,105.22,105.27,11.91,106.66,56.66,0.1007,-23.27,0.0282,-0.0253,-0.0535,-11.3,56,54,53,1505
Raj Rayon Inds.,530699,RAJRILTD,Textiles & Apparels,25.36,1410.23,0,849.38,907.35,13.81,23.35,202.22,211.98,229.33,205.85,260.19,10.63,15.34,13.44,6.07,297.29,60.4,28.67,274.43,277.92,21.84,32.11,0,78.71,36.82,0.084,245.76,0.0682,0.6908,0.6226,0.9,39,67,113,6817
Rallis India,500355,RALLIS,Fertilizers & Agrochemicals,302.55,5883.66,0,2662.94,2837,124.12,171.15,783,928,522,430,957,-20,150,-32.85,95,41.7,34.38,22.22,97.92,1444.5,198.98,261,77,269.07,295.11,0.1718,75.7,0.0654,0.3789,0.3135,0.9,236,325,449,15427
Shree Rama News.,500356,RAMANEWS,"Paper, Forest & Jute Products",31.49,464.55,0,44.13,41.93,-28.62,-29.39,11.37,9,12.43,11.33,9.17,1.81,1.01,-6.64,-8.11,84.62,,-19.35,-10.79,277.34,7.51,6.76,0,13.19,9.17,-0.106,8.56,-0.0499,0.0269,0.0768,0,-29,-28,-27,0
Rama Phosphates,524037,RAMAPHO,Fertilizers & Agrochemicals,160.79,568.98,0,743.69,780.31,13.66,28.02,153.69,209.46,179.62,200.92,190.31,17.37,26.3,5.25,16.03,16.85,20.31,23.83,854.17,377.9,39.01,59.51,6.73,-5.14,39.9,0.092,830.34,0.0492,1.0512,1.002,0.2,57,118,242,4912
Rama Steel Tubes,539309,RAMASTEEL,Industrial Products,10.04,1564.5,0,1048.05,1099.55,16.15,21.71,216.64,263.05,275.17,293.2,268.13,12.06,1.57,6.84,5.32,63.5,72.06,23.77,-16.35,362.91,32.18,40.06,7.11,18.09,51.02,0.0794,-40.12,0.0491,0.3443,0.2951,2.1,29,39,53,3800
The Ramco Cement,500260,RAMCOCEM,Cement & Cement Products,1018.65,24069.92,0.4,8518.4,8498.87,104.4,137.92,2093.55,2044.13,1983.45,2397.27,2074.02,319.23,397.53,21.6,85.03,66.92,174.52,-0.93,128.82,11655.38,579.59,637.68,-4.08,1898.13,1398.78,0.0115,129.75,-0.0023,0.3211,0.3234,5.4,182,241,318,55495
Ramco Inds.,532369,RAMCOIND,Other Construction Materials,348.45,3024.86,8.49,1658.67,1642.34,181.01,207.11,543.16,353.17,343.68,418.66,526.83,43.83,67.96,35.71,65.63,15.13,14.61,-3.01,66.53,1017.13,158.89,169.79,47.94,134.67,132.24,0.2508,69.54,-0.0098,0.1442,0.154,1,237,271,310,4533
Ramco Systems,532370,RAMCOSYS,IT - Software,565.65,2113.42,79.93,591.34,615.68,-34.09,-13.66,136.98,142.51,156.59,155.26,161.32,41.52,29.06,5.31,0.94,,,17.77,104.78,339.1,-20.3,5.61,7.66,103.76,113.35,-0.0177,87.01,0.0412,-0.5993,-0.6405,0,-22,-35,-56,0
Ramky Infra,533262,RAMKY,Construction,625.5,4328.32,0,2044.54,1854.65,196.54,204.32,569.13,527.42,459.09,488.9,379.24,1.81,75.83,-4.65,74.4,19.27,21.18,-33.36,10.09,20.66,449.57,434.67,94.06,370.19,372.9,14.4424,43.45,-0.0929,0.0396,0.1325,5.4,212,221,230,4862
Ram Ratna Wires,522281,RAMRAT,Electrical Equipment,632.25,2947.96,0,3676.75,3767.69,67.71,66.72,891.54,939.8,888.67,956.75,982.47,44.77,42.88,17.99,15.46,30.56,44.18,10.2,-6.81,632.31,148.5,155.28,24.27,138.35,227.33,0.1439,-17.01,0.0247,-0.0146,-0.0394,-30.2,66,65,64,2820
Rane Holdings,505800,RANEHOLDIN,Finance,1573.7,2247.24,0,4382.43,4871.56,80.65,74.16,830.85,916.5,1240.56,1373.68,1340.82,95.28,101.98,7.76,38.37,23.18,30.3,61.38,194.11,1826.97,213.59,232.5,6.52,233.41,513.03,0.0442,132.73,0.1116,-0.0805,-0.1921,-3.8,68,63,58,1747
Rategain Travel,543417,RATEGAIN,IT - Software,683,8064.85,98.88,1076.67,1089.58,207.87,210.49,260.01,277.26,278.71,260.69,272.92,60.6,49.67,54.81,46.93,62.4,38.31,4.97,3.42,1366.38,273.84,276.58,67.03,151.81,119.97,0.2031,-1.55,0.012,0.0126,0.0006,30.4,213,216,219,8373
Ratnamani Metals,520111,RATNAMANI,Industrial Products,2340.8,16407.14,35.65,5186.47,5154.4,542.62,570.66,1183.7,971.33,1316.3,1715.15,1151.62,302.13,188.15,207.14,131.82,35.71,28.75,-2.71,25.39,3664.61,773.56,812.12,208.11,511.23,536.22,0.2125,28.1,-0.0062,0.0517,0.0579,5.6,600,631,664,19084
Ratnaveer Precis,543978,RATNAVEER,Industrial Products,153.93,816.59,5.6,891.88,952.28,46.81,49.25,204.22,229.99,254.56,203.11,264.62,16.75,27.03,10.71,14.95,16.95,16.58,29.58,19.5,430.49,73.33,72.49,4.89,12.35,94.93,0.1258,-10.08,0.0677,0.0521,-0.0156,3.2,52,55,57,951
Raymond,500330,RAYMOND,Realty,579.55,3858.28,54.88,1946.84,2592.6,24.4,109.17,449.81,1044.74,466.11,557.46,524.29,44.48,54.24,24.55,20.61,6.41,35.34,16.56,-8.89,3497.25,115.83,236.75,54.62,533.26,233.14,0.0468,-25.45,0.3317,3.4742,3.1425,0.1,488,2185,9778,345550
Raymond Lifestyl,544240,RAYMONDLSL,Textiles & Apparels,1216.3,7410.14,0,6176.74,6387.05,64.53,91.62,1220.12,1708.26,1754.21,1494.15,1430.43,13.55,77,-43.99,-19.82,95.74,80.88,17.24,12.84,8545.24,331.6,347.79,36.56,37.58,404.3,0.015,-4.4,0.034,0.4198,0.3858,1.9,130,185,262,21209
Raymond Realty,544420,RAYMONDREL,Realty,606.9,4040.36,0,565.18,565.18,17.03,17.03,129.68,,,117.33,374.35,14.76,23.68,2.42,16.5,,237.25,188.67,121.77,935.92,61,61,0,-226.27,-236.6,0.0182,-66.9,0,0,0,,17,17,17,4040
Restaurant Brand,543248,RBA,Leisure Services,71.91,4186.6,0,2550.72,2601.76,-216.24,-208.79,646.69,632.43,639.06,632.55,697.72,73.18,72.77,-56.28,-41.94,,,7.89,15.03,2523.97,-71.94,-55.79,0,346.12,350.44,-0.0827,7.14,0.02,-0.0345,-0.0545,0,-216,-223,-231,0
RBL Bank,540065,RBLBANK,Banks,291.6,17875.68,0,14039.07,13983.92,694.85,524.18,3496.24,3530.93,3536.33,3475.57,3441.09,988.57,1151.58,68.7,200.33,12.83,34.1,-1.58,-46.08,14846.21,8243.61,8176.18,-88.21,4934.96,-841.82,0.0294,-44.5,-0.0039,-0.2456,-0.2417,-1.4,395,298,225,7674
RBM Infracon,,RBMINFRA,Commercial Services & Supplies,446.6,451.2,0,321.75,321.75,29.47,29.47,57.29,38.85,64.52,65.14,153.24,9.81,18.78,6.7,12.87,16.08,15.31,167.48,215.44,142.19,41.55,41.55,10.58,-51.74,-3.44,0.2817,47.96,0,0,0,,29,29,29,451
RBZ Jewellers Lt,544060,RBZJEWEL,Consumer Durables,145.69,582.76,0,530.15,523.28,38.8,36.85,82.45,116.6,193.81,137.29,75.58,14.6,12.98,8.57,7.12,18.49,15.81,-8.33,-21.59,251.4,62.46,60.47,13.39,-48.74,-14.92,0.1998,-13.26,-0.013,-0.0503,-0.0373,-3.1,35,33,32,499
R C F,524230,RCF,Fertilizers & Agrochemicals,146.65,8090.53,0,16933.64,15908.16,235.1,283.35,4396.06,4289.56,4518.35,3729.67,3370.58,178.29,157.73,69.73,54.43,28.56,28.55,-23.33,403.98,4729.3,577.1,621.98,110.82,-422.27,2363.82,0.0833,427.31,-0.0606,0.2052,0.2658,1.4,342,412,496,14163
Reliance Communi,532712,RCOM,Telecom - Services,1.42,392.71,0,358,345,-9348.02,-159.61,97,88,87,87,83,2,-2,-32.61,-34,,,-14.43,-61.9,-91957,-95,-109,4,-40,26,0.0017,-47.47,-0.0363,-0.9829,-0.9466,0,-316,-628,-1244,0
REC Ltd,532955,RECLTD,Finance,372.95,98206.09,0,56368.53,58043.68,15885.47,16889.76,13078.66,13682.43,14271.92,15351.88,14737.45,14249.96,14520.76,4309.98,4465.71,6.67,5.81,12.68,29.06,5988.23,54250.33,56479.88,4184.36,-57722.6,-39064.1,3.5193,16.38,0.0297,0.0632,0.0335,0.9,17958,19093,20300,117942
Redington,532805,REDINGTON,Commercial Services & Supplies,290.1,22679.28,49.66,99333.65,104003.3,1170.88,1271.28,21282.33,24895.56,26716.08,26439.68,25951.99,596.91,400.24,302.83,275.27,12.4,17.84,21.94,11.88,9077.09,2156.86,2062.13,541.87,1079.4,292.62,0.1998,-10.06,0.047,0.0857,0.0387,2.1,1380,1499,1627,29028
Redtape,543957,REDTAPE,Consumer Durables,136.66,7554.67,0,2020.91,2046.4,169.24,178.21,441.89,415.8,661.05,505.24,464.31,81.28,77.02,41.47,38.6,51.94,42.39,5.07,25.98,1119.89,286.15,297.17,64.58,84.37,4.24,0.2168,20.91,0.0126,0.053,0.0404,8,188,198,208,8820
Refex Industries,532884,REFEX,Chemicals & Petrochemicals,357.05,4615.96,0,2467.66,2254.55,158.65,151.04,590.94,527.65,717.13,626.52,383.25,64.19,37.84,48.59,21.34,27.52,30.56,-35.15,-28.91,1347.78,227.45,217.42,45.75,2.85,-264.81,0.146,6.24,-0.0864,-0.048,0.0384,-6.4,144,137,130,3983
Regaal Resources,544485,REGAAL,Agricultural Food & other Products,92.05,945.57,7.16,915.16,915.16,47.67,47.67,194.88,,,258.54,246.57,27.03,24.46,11.18,9.07,18.22,19.84,26.52,-1.2,536.83,101.14,101.14,10.66,-22.51,-11.2,0.1087,-27.72,0,0,0,,48,48,48,946
Relaxo Footwear,530517,RELAXO,Consumer Durables,434.6,10818.87,0,2789.61,2695.91,170.33,174.86,748.19,679.37,666.9,695.15,654.49,112.05,99.45,56.22,48.9,104.22,61.87,-12.52,10.21,1912.75,253.46,256.43,61.75,235.12,406.01,0.1237,22.73,-0.0336,0.0266,0.0602,23.3,180,184,189,11705
Reliance Industr,500325,RELIANCE,Petroleum Products,1381.7,1869781,0,962820,976541,68732.22,75040.42,231784,231535,239986,261388,243632,43832,42905,19407,20530.42,25.36,24.92,5.11,35.62,1188575,128883,136392,12679,158788,178703,0.0738,30.51,0.0143,0.0918,0.0775,2.7,81928,89447,97656,2433593
Religare Enterp.,532915,RELIGARE,Finance,264.7,8755.08,0,7385.14,7506.08,125.09,117.46,1709.54,1951.86,1664.43,2028.41,1861.38,232.42,15.3,99.06,10.27,70.76,74.54,8.88,-42.94,-5513.88,305.84,247.51,50.97,1499.62,1571.92,-0.0305,-51.82,0.0164,-0.061,-0.0774,-12.2,110,104,97,7249
Reliance Infra.,500390,RELINFRA,Power,241.84,9882.34,0,24441.39,22306.87,4347.59,4468.19,7192.83,7258.49,5032.55,4108.01,5907.82,14.29,222.17,4114.18,59.72,2.84,2.21,-17.87,125.55,-4668.48,9170.24,9472.59,10.92,4097.48,3656.67,-0.9594,143.42,-0.0873,0.0277,0.1151,0.8,4592,4720,4850,10719
Ravindra Energy,504341,RELTD,Electrical Equipment,152.51,2723.13,0,250.42,390.35,26.24,52.83,22.71,15.58,53.14,158.99,162.64,27.37,27.87,26.64,22.61,54.22,51.55,616.16,20454.55,533.75,43.03,67,-1.21,60.88,70.9,0.0967,19838.39,0.5588,1.0133,0.4546,0.5,106,214,431,22226
Remsons Ind,530919,REMSONSIND,Auto Components,128.89,449.55,0,376.58,399.7,14.44,15.91,76.5,91.31,102.58,106.18,99.63,10.96,10.59,4.7,3.64,31.75,28.26,30.24,78.43,181.22,28.94,32.83,5.6,15.48,22.26,0.1187,48.19,0.0614,0.1018,0.0404,2.8,18,19,21,601
Remus Pharma.,,REMUS,Pharmaceuticals & Biotechnology,684.4,806.5,55.47,620.36,620.36,28.95,28.95,184.9,,,272.68,347.75,20.5,24.52,14.01,16.01,46.93,27.86,88.07,15.89,115.66,48.6,48.6,8.85,1.35,6.99,0.3268,-72.18,0,0,0,,29,29,29,807
Sh.Renuka Sugar,532670,RENUKA,Agricultural Food & other Products,30.46,6483.38,0,10907.27,9870.8,-292.2,-397.3,3053.7,2566.2,2603.1,2691.3,2010.2,291.8,-86.1,91.6,-263,,,-34.17,-58.91,1614.88,456.07,264,7.5,913.36,950.43,-0.2414,-24.74,-0.095,0.3597,0.4547,0,-254,-163,-104,0
Repco Home Fin,535322,REPCOHOME,Finance,393.5,2461.79,0,1716.43,1712.84,461.41,464.09,407.83,415.25,435.93,426.15,435.51,398.2,392.91,120.65,115.14,6.54,5.3,6.79,2.32,203.29,1549.47,1570.38,116.69,-684.51,-613.7,2.8569,-4.47,-0.0021,0.0058,0.0079,9.1,467,469,472,2503
Repro India,532687,REPRO,Printing & Publication,491.7,704.29,7.25,465.95,470.13,-1.97,-4.88,112.29,104.66,125.94,123.06,116.47,8.41,6.91,1.13,-2.73,85.14,,3.72,-2200,370.16,7.12,4.3,0.86,27.17,50.07,-0.0109,-2203.72,0.009,1.4772,1.4682,0,2,6,14,0
Responsive Ind,505509,RESPONIND,Consumer Durables,181.6,4841.61,17.4,1417.91,1436.71,198.86,200.35,319.9,349.52,367.82,380.66,338.71,78.89,72.57,54.25,49.87,47.3,24.17,5.88,3.08,1407.26,233.74,234.59,7.52,225.08,75.41,0.1477,-2.8,0.0133,0.0075,-0.0058,32.3,202,203,205,4952
Renaiss. Global,532923,RGL,Consumer Durables,135.46,1453.32,0,2080.98,2166.47,76.4,75.85,444.83,411.6,710.15,514.4,530.32,38.17,36.21,25.05,15.31,13.99,19.16,19.22,-1.91,1406.64,143.54,137.9,13.06,-35.18,-3.4,0.0632,-21.13,0.0411,-0.0072,-0.0483,-26.6,75,75,74,1422
Rhetan TMT Ltd,543590,RHETAN,Industrial Products,21.88,1743.56,0,37.16,22.86,3.1,4.9,19.35,4.95,6.38,6.49,5.04,-3.02,0.61,0.48,0.76,242.66,355.83,-73.95,-6.17,91.16,4.97,6.57,0.38,13.9,4.97,0.0579,67.78,-0.3848,0.5806,0.9655,6.1,8,12,19,6886
RHI Magnesita,534076,RHIM,Industrial Products,447.75,9246.1,11.08,3674.5,3756.06,203.52,164.9,878.76,867.07,1010.7,917.97,960.32,92.96,102.23,36.18,35.27,54.58,56.07,9.28,-51.61,4286.7,307.43,252.77,61.53,270.6,373.08,0.0528,-60.89,0.0222,-0.1898,-0.212,-3,134,108,88,4918
Robust Hotels,543901,RHL,Leisure Services,247.6,428.14,0,136.28,139.77,20.95,19.13,29.75,34,32.91,39.62,33.24,12.83,9.96,10.28,4.03,45.71,22.38,11.73,196.32,792.99,44.37,43.32,0.06,28.93,54.35,0.0242,184.59,0.0256,-0.0869,-0.1125,-2.6,17,16,15,326
Rico Auto Inds,520008,RICOAUTO,Auto Components,90,1217.7,0,2212.4,2216.19,25.26,32.85,539.67,575.78,551.69,545.26,543.46,50.47,53.88,7.58,16.76,30.06,37.07,0.7,193.01,1110.81,106.59,112.35,0.75,247.23,193.1,0.0302,192.31,0.0017,0.3005,0.2988,1.2,43,56,72,2678
Rel. Indl. Infra,523445,RIIL,Transport Services,933.7,1409.89,0,49.49,49.55,11.97,12.17,12.41,12.24,12.36,12.49,12.46,-3.54,-1.99,3.2,3.1,132.34,115.85,0.4,6.9,162.18,13.62,14.09,1.55,2.03,-3.03,0.0846,6.5,0.0012,0.0167,0.0155,69.3,12,13,13,1482
Rishabh Instrum.,543977,RISHABH,Electrical Equipment,390.35,1501.65,63,720.34,741.33,22.66,38.61,169.35,182.36,181.19,187.45,190.33,16.17,28.4,6.31,19.7,39.98,38.89,12.39,441.21,690.41,36.22,55.25,15.6,76.04,64.95,0.0785,428.82,0.0291,0.7039,0.6747,0.6,66,112,191,7428
Ritco Logistics,542383,RITCO,Transport Services,258.6,740.18,0,1185.54,1289.03,47.29,50.39,252.23,279.09,312.93,344.31,352.7,27.66,28.28,13.45,12.46,19.75,14.69,39.83,34.56,349.84,86.01,91,12.41,16.14,-10,0.1795,-5.27,0.0873,0.0656,-0.0217,2.2,54,57,61,896
Rites,541556,RITES,Construction,254.52,12232.33,0.17,2217.81,2221.79,384.71,385.88,485.76,540.86,575.76,615.43,489.74,185.61,114.15,132.71,80.1,29.72,31.7,0.82,1.37,2611.53,598.7,577.8,136.96,431.56,637.06,0.2002,0.55,0.0018,0.003,0.0012,104.2,387,388,389,12344
Ramkrishna Forg.,532527,RKFORGE,Auto Components,552,9999.03,36.88,4034.11,4089.88,408.32,340.7,959.48,1053.63,1073.78,947.21,1015.26,98.23,141.95,199.83,11.79,38.54,29.35,5.81,-77.69,3717.05,308.03,331.48,-0.6,621.06,32.55,0.0915,-83.5,0.0138,-0.1656,-0.1794,-1.8,284,237,198,5809
R K Swamy,544136,RKSWAMY,Media,141.17,712.78,0,294.29,303.49,18.61,19.35,68.37,65.62,76.79,83.51,77.57,16.12,6.11,12.33,2.87,32.87,36.84,13.46,31.65,243.16,26.95,27.75,5.38,11.2,-10.3,0.1017,18.19,0.0313,0.0398,0.0085,9.3,20,21,22,801
R M Drip & Sprin,544456,RMDRIP,Industrial Products,69.37,1732.86,0,130.34,130.34,23.93,23.93,17.01,,,48.05,30.48,14.97,8.78,10.25,5.31,69.12,72.41,79.19,212.35,94.68,33.92,33.92,8.21,-13.72,-22.39,0.3395,133.16,0,0,0,,24,24,24,1733
Rane (Madras),532661,RML,Auto Components,829.1,2291.4,19.01,3405.75,3148.33,44.04,24.62,817.78,529.02,837.37,901.34,880.6,78.81,74.73,5.94,19.29,32.83,93.07,7.68,33.03,745.81,167.18,142.53,-10.14,191.06,315.75,0.0194,25.35,-0.0756,-0.441,-0.3654,-2.1,14,8,4,400
R&B Denims,538119,RNBDENIMS,Textiles & Apparels,127.8,1149.86,0,366.76,391.01,21.27,30.58,78.39,93.35,95.26,99.79,102.61,12.18,11.28,7.61,8.23,25.11,37.6,30.9,64.6,199.95,43.07,49.78,10.75,24.4,23.22,0.2067,33.7,0.0661,0.4377,0.3716,0.9,44,63,91,3417
RNFI Services,,RNFI,Finance,338.65,845.02,0,916.68,916.68,18.11,18.11,408.39,,,458.11,458.67,16.54,20.28,8.38,9.81,36,46.66,12.31,103.95,124.43,28.94,28.94,6.66,47.08,29.9,0.1991,91.64,0,0,0,,18,18,18,845
Roadstar Infra,544374,ROADSTAR,Transport Infrastructure,50,2277.39,0,930.38,930.38,5.83,5.83,182.09,,,,303.18,,51.3,,-119.7,413.31,390.9,66.5,-806.61,8286.23,358.98,358.98,9.83,625.33,756.52,0.0019,-873.11,0,0,0,,6,6,6,2279
Royal Orch.Hotel,532699,ROHLTD,Leisure Services,513.2,1407.46,0,319.47,325.23,47.24,49.38,73.01,70.41,89.31,86.74,78.77,19.93,19.64,13.14,10.94,20.85,28.5,7.89,24.32,291.56,76.05,78.62,16.09,59.39,24.69,0.2246,16.43,0.018,0.0453,0.0273,6.3,52,54,56,1607
Rolex Rings,543325,ROLEXRINGS,Auto Components,1338.1,3644.09,0,1154.8,1135.62,187.63,184.53,310.76,300.27,259.88,283.89,291.58,52.22,61.57,54.64,49.16,29.62,19.75,-6.17,-1.5,829.37,228.43,229.84,35.71,221.44,227.24,0.2656,4.67,-0.0166,-0.0165,0.0001,-12,181,178,176,3467
Rossari Biotech,543213,ROSSARI,Chemicals & Petrochemicals,661.75,3663.91,0,2080.29,2134.36,136.43,135.07,489.65,498.35,512.73,579.56,543.72,69.49,67.86,34.44,33.6,33.81,27.13,11.04,-3.72,1186.59,203.07,204.15,59.92,43.26,137.44,0.1643,-14.76,0.026,-0.01,-0.036,-27.2,134,132,131,3556
Rossell Techsys,544294,ROSSTECH,Aerospace & Defense,697.1,2627.82,0,259.67,301.99,7.91,15.25,44.9,51.1,75.74,87.93,87.22,15.51,10.98,6.85,3.3,0.18,172.32,94.25,182.5,138.98,27.31,38.33,2.93,1.26,-42.26,0.1308,88.25,0.163,0.9279,0.765,1.9,29,57,109,18832
Roto Pumps,517500,ROTO,Industrial Products,73.67,1388.28,67.85,297.94,302.15,33.2,34.55,57.61,84.59,72.69,78.99,65.88,20.26,13.57,12.87,6.3,35.29,40.18,14.36,13.72,227.5,49.12,51.15,13.47,38.64,36.17,0.2111,-0.64,0.0141,0.0407,0.0265,9.9,36,37,39,1565
Route Mobile,543228,ROUTE,Telecom - Services,760.55,4791.28,82.84,4575.62,4523.03,331.75,305.88,1103.42,1113.41,1183.79,1175,1050.83,121.89,93.9,73.48,53.21,26.81,15.66,-4.77,-32.23,2275.49,486.28,455.86,100.47,-97.59,602.48,0.1786,-27.46,-0.0115,-0.078,-0.0665,-2,282,260,240,3755
Raghav Product.,539837,RPEL,Industrial Products,719.25,3302.22,46.47,199.65,213.25,36.08,40.37,44.84,49.12,55.04,50.65,58.44,14.4,15.92,10.13,11.68,62.38,81.8,30.33,40.89,169.18,47.43,52.67,10.21,20.9,38.68,0.299,10.56,0.0681,0.1189,0.0508,6.9,45,51,57,4626
RPG LifeScience.,532983,RPGLIFE,Pharmaceuticals & Biotechnology,2318,3833.74,0,653.43,656.93,115.58,103.58,165.42,172.21,172.71,143.09,168.92,25.49,35.47,21.75,26.29,30.44,37.01,2.12,-1.76,407.41,148.46,150.31,49.25,94.36,77.86,0.3751,-3.88,0.0054,-0.1038,-0.1092,-3.6,93,83,75,2759
Reliance Power,532939,RPOWER,Power,48.58,20091.58,0,7582.89,7476.24,-151.42,-14.64,1992.23,1759.81,1852.84,1978.01,1885.58,589.84,565.04,125.57,44.68,,,-5.35,145.46,27800,1904.01,1893.59,45.24,3173.97,1937.92,0.0011,150.81,-0.0141,-0.9033,-0.8893,0,-28,-53,-101,0
RPP Infra Proj.,533284,RPPINFRA,Construction,122.08,605.34,0,1439.44,1442.22,66.3,60.3,336.12,394.28,355.1,345.88,346.96,12.74,19.11,11.67,10.84,10.24,10.04,3.23,-34.34,380.02,104.52,90.95,21.87,44.26,8.22,0.2162,-37.57,0.0019,-0.0905,-0.0924,-1.1,55,50,45,455
RPSG Ventures,542333,RPSGVENT,Commercial Services & Supplies,823.55,2724.83,0,9608.35,10063.45,-53.95,-27.11,2516.31,2165.73,2385.05,2541.26,2971.41,334.68,600.27,-13.11,83.09,33.88,,18.09,-18.46,9788.19,1100.03,1132.37,222.48,1037.73,1097.5,0.02,-36.55,0.0474,-0.4975,-0.5449,0,-41,-61,-91,0
Rashi Peripheral,544119,RPTECH,IT - Hardware,349.05,2300.23,96.95,13772.73,12657.79,206.11,212.29,4267.08,3706.17,2826.31,2973.17,3152.14,93.76,103.51,49.39,61.32,9.97,10.84,-26.13,11.07,1733.28,347.97,364.39,60.86,-102.01,-299.18,0.1576,37.2,-0.081,0.03,0.1109,3.6,219,225,232,2514
R R Kabel,543981,RRKABEL,Industrial Products,1272.6,14391.35,25.53,7618.23,7868.72,302.99,337,1808.11,1810.14,1782.15,2217.84,2058.59,194.38,142.08,129.13,89.77,53.37,42.7,13.85,39.44,1941.7,457.91,505.77,110.85,338.99,494.4,0.2306,25.59,0.0329,0.1122,0.0794,3.8,375,417,464,19800
RSWM Ltd,500350,RSWM,Textiles & Apparels,143.56,676.19,31.47,4825.83,4788.23,-41.34,-16.92,1207.91,1166.08,1195.62,1256.22,1170.31,71.28,72.78,1.49,8.37,7.4,,-3.11,156.82,1665.61,80.45,114.85,2.79,-75.78,426.39,-0.0085,159.93,-0.0078,-0.5907,-0.5829,0,-27,-43,-68,0
R Systems Intl.,532735,RSYSTEMS,IT - Services,421.35,4988.46,97.65,1741.73,1797.54,131.19,193.25,432.04,444.09,448.96,442.47,462.02,70.54,70.2,38.59,75.85,37.48,25.81,6.94,204.86,896.38,199.92,271.41,70.32,211.36,235.27,0.294,197.92,0.032,0.4731,0.441,0.5,285,419,618,15943
RattanIndia Ent,534597,RTNINDIA,Retailing,52.04,7193.33,0,6866.45,7539.85,84.44,-264.58,2494.04,1800.62,1921.49,1504.56,2313.18,-376.96,608.82,-355.89,502.72,19.22,,-7.25,-40.98,844.65,246.19,-175.8,30.95,-36.76,306.41,-0.2766,-33.73,0.0981,-4.1333,-4.2314,0,-1358,-6972,-35790,0
RattanIndia Pow.,533122,RTNPOWER,Power,11.48,6164.88,0,3283.83,3173.96,221.91,115.81,931.83,682.43,733.32,936.25,821.96,211.84,96.67,125.94,-13.11,41.92,53.23,-11.79,-114.1,8460.89,700.69,622,0,1305.73,409.95,0.0137,-102.31,-0.0335,-0.4781,-0.4447,-1.1,60,32,16,876
Rubfila Intl.,500367,RUBFILA,Industrial Products,81.08,440,22.53,468.41,480.91,24.65,24.82,110.89,114.46,117.16,125.9,123.39,11.77,8.69,7.69,5.96,19.6,17.73,11.27,2.76,262.01,33.47,33.65,7.73,19.88,22.86,0.1242,-8.51,0.0267,0.0069,-0.0198,25.7,25,25,25,449
Ruby Mills,503169,RUBYMILLS,Textiles & Apparels,222.48,743.97,0,242.71,266.55,35.03,45.57,47.37,51.28,64.14,81.56,69.57,13.87,10.92,16.01,12.06,17.9,16.33,46.87,37.36,208.84,49.27,63.17,8.67,49.96,-35.48,0.2597,-9.51,0.0982,0.3009,0.2027,0.5,59,77,100,1638
Ruchira Papers,532785,RUCHIRA,"Paper, Forest & Jute Products",136.38,407.03,0,659.23,663.53,67.33,69.53,164.23,165.44,167.88,161.68,168.53,26.5,27.44,18.4,16.98,6.26,5.85,2.62,14.88,442.32,94.54,95.85,22.18,40.82,91.94,0.2073,12.26,0.0065,0.0327,0.0262,1.8,72,74,77,448
Rupa & Co,533552,RUPA,Textiles & Apparels,199.45,1586.12,2.51,1239.32,1212.92,82.89,79.5,210.29,297.1,316.44,415.48,183.9,45.87,12.23,30.59,6.67,26.63,19.95,-12.55,-36.23,988.08,133.68,128.46,26.22,155.66,58.62,0.107,-23.68,-0.0213,-0.0409,-0.0196,-4.9,76,73,70,1399
Rushil Decor,533470,RUSHIL,Consumer Durables,28.57,838.29,33.46,891.18,845.12,46.76,20.64,223.5,228.63,210.39,228.81,177.29,23.12,-2,11.21,-13.68,17.08,40.61,-20.68,-211.13,823.65,88.06,56.65,6.23,41.01,108.48,0.0326,-190.45,-0.0517,-0.5586,-0.5069,-0.7,9,4,2,72
Keystone Realtor,543669,RUSTOMJEE,Realty,619.4,7815.2,0,2004.1,1855.06,171.96,160.65,422.16,533.07,464.02,584.85,273.12,47.63,11.67,64.8,14.51,49.04,48.65,-35.3,-43.8,2673.09,308.46,277.39,48.48,183.41,-11.39,0.0782,-8.5,-0.0744,-0.0658,0.0086,-7.4,150,140,131,6373
Ravinder Heights,543251,RVHL,Realty,59.12,362.56,0,-0.11,0.55,-2.97,-2.64,0.15,0.14,0.14,0.14,0.13,-1.95,-1.94,-0.91,-0.52,42.71,,-13.33,-23.81,208.77,-3.51,-3.43,-0.32,-8.64,-8.04,-0.0142,-10.48,-6,-0.1111,5.8889,0,-3,-3,-4,0
Rail Vikas,542649,RVNL,Construction,342,71307.69,1.76,19923.02,19757.98,1281.39,1192,4073.8,4854.95,4567.38,6426.88,3908.77,432.78,52.88,459.15,134.53,39.6,59.82,-4.05,-39.92,7042.47,2189.55,2032.17,371,2955.85,1878.19,0.2219,-35.87,-0.0083,-0.0698,-0.0615,-8.6,1109,1031,960,57399
Revathi Equip,544246,RVTH,Industrial Manufacturing,1082,331.84,38.12,178.53,148.77,20.23,12.73,52.03,19.71,42.3,64.5,22.26,14.36,0.06,9.34,0.57,16.19,26.07,-57.22,-92.82,51.04,38.71,29.18,4.99,44.15,27.89,0.3472,-35.6,-0.1667,-0.3707,-0.204,-0.7,8,5,3,83
S & S Power Swit,517273,S&SPOWER,Electrical Equipment,346.7,427.88,0,185.5,208.69,-2.86,1.32,36.17,54.51,39.32,55.5,59.36,0.24,3.04,-0.14,1.77,62.47,324.15,64.11,173.44,104.05,2.08,6.24,2.37,5.83,11.61,0.0355,109.33,0.125,-1.4615,-1.5866,-2.2,-1,-1,-4,-1197
Saatvik Green,544526,SAATVIKGL,Electrical Equipment,534.25,6790.58,1.39,2158.39,2158.39,215.56,215.56,245.98,,,918.94,915.73,151.17,177.04,91.2,118.82,23.46,31.5,272.28,458.89,480.77,324.66,324.66,66.64,43.57,42.6,0.587,186.61,0,0,0,,216,216,216,6790
Sri Adhik. Bros.,530943,SABTNL,Entertainment,871.7,2211.77,0,6.11,5.05,0.45,-1.46,1.09,1.27,2.36,1.39,0.03,0.37,-0.71,0.44,-1.86,5099.17,,-97.25,-3820,-16.65,0.5,0.01,-0.01,-10.72,5.81,0.0883,-3722.75,-0.1735,-4.2444,-4.071,0,-8,-40,-211,0
Sacheerome,,SACHEEROME,Chemicals & Petrochemicals,208.8,467.14,0,107.54,107.54,15.97,15.97,,,,,,,,,,19.53,29.25,,,60.11,21.79,21.79,5.54,9.77,22.48,0.3578,0,0,0,0,,16,16,16,467
Sadhana Nitro,506642,SADHNANIQ,Chemicals & Petrochemicals,9.81,323.15,0,165.55,157.55,7.56,4.82,36.1,42.88,37.1,49.47,28.1,13.23,1.94,4.1,-2.12,445.87,67.04,-22.16,-441.94,327.01,29.02,24.85,2.2,-2.72,54.12,0.0215,-419.78,-0.0483,-0.3624,-0.3141,-1.8,3,2,1,84
Safari Inds.,523025,SAFARI,Consumer Durables,2236.4,10956.37,0,1771.58,1849.39,140.3,148.88,450.02,457.79,442.71,421.06,527.83,60.85,79.28,37.59,50.49,60.69,73.59,17.29,13.69,1014.93,191.17,202.19,44.51,216.92,57.32,0.1905,-3.6,0.0439,0.0612,0.0172,12,158,168,178,13092
Safe Enterprises,,SAFEENTP,Consumer Durables,187.35,873.13,0,138.31,138.31,39.19,39.19,,,,,,,,,,17.81,22.28,,,49.63,50.06,50.06,13.59,13.4,31.05,1.0635,0,0,0,0,,39,39,39,873
Sagar Cements,502090,SAGCEM,Cement & Cement Products,250.37,3272.52,0,2257.64,2367.7,-188.46,-153.86,560.6,475.12,563.88,658.04,670.66,36.82,121.45,-44.45,1.22,139.63,,19.63,104.3,2730.15,-73.37,3.94,3.3,400.4,233.93,-0.0551,84.67,0.0488,-0.1836,-0.2323,0,-182,-216,-255,0
Sagility,544282,SAGILITY,IT - Services,46.37,21707.32,0,5569.92,5885.54,545.08,665.38,1223.33,1325.05,1453.07,1568.48,1538.94,373.03,346.1,182.57,148.56,59.51,32.62,25.8,566.49,9728.99,896.44,1016.75,303.67,973.26,1214.07,0.0996,540.69,0.0567,0.2207,0.164,1.5,812,991,1210,39480
Sahaj Solar,,SAHAJSOLAR,Electrical Equipment,225.05,494.48,0.87,307.06,307.06,25.8,25.8,123.95,,,94.74,212.32,7.7,31.1,4.42,21.39,27.19,19.17,71.29,101.22,74.43,38.75,38.75,8.95,-31.78,-52.38,0.4669,29.93,0,0,0,,26,26,26,495
Sahana Systems,,SAHANA,IT - Services,1061.3,937.88,0,167.45,167.45,35.47,35.47,44.88,,,52.64,114.81,19.74,36.5,14.15,35.47,52.86,26.44,155.82,159.09,165.83,56.75,56.75,16.27,34.28,-48.35,0.312,3.27,0,0,0,,35,35,35,938
Sahasra Electro.,,SAHASRA,Industrial Products,267.95,669.68,0,95.84,95.84,2.75,2.75,,,,46.3,49.55,8.08,-0.56,4.14,-3.5,289.32,243.52,,,267.71,6.53,6.53,1.36,,-5.93,0.0154,0,0,0,0,,3,3,3,670
S A I L,500113,SAIL,Ferrous Metals,132.17,54593.15,0.48,102479.1,104403,2631.87,3044.28,23997.81,24675.2,24489.91,29316.14,25921.76,3483.86,2768.66,1273.2,744.58,15.76,17.93,8.02,97.38,76574.14,6401.21,6818.45,1101.07,2910.88,9914.3,0.0541,89.36,0.0188,0.1567,0.1379,1.1,3521,4073,4711,84474
Sai Life,544306,SAILIFE,Pharmaceuticals & Biotechnology,861.45,18025.78,0,1694.57,1911.27,171.48,244.09,279.72,395.56,439.78,579.51,496.42,157.58,120.93,88.27,60.46,,73.85,77.47,547.85,2384.69,307.86,393.83,50.16,263.09,314.05,0.1234,470.38,0.1279,0.4234,0.2956,1.7,347,495,704,51989
Sakar Healthcare,,SAKAR,Pharmaceuticals & Biotechnology,358.45,797.55,55.49,177.56,189.18,17.75,19.8,41.15,42.78,43.42,50.24,52.74,15.72,12.71,5.76,4.67,46.93,40.28,28.17,93.78,351.27,30.46,31.53,0,24.47,34.03,0.0564,65.61,0.0654,0.1155,0.0501,3.5,22,25,27,1107
Saksoft,590051,SAKSOFT,IT - Software,194.47,2577.72,0,883.01,931.07,106.5,115.56,201.01,215.29,226.83,239.88,249.07,36.39,45.84,30.03,32.35,29.1,22.31,23.91,26.42,703.9,147.42,161.46,35.86,116.69,111,0.2151,2.51,0.0544,0.0851,0.0306,2.6,125,136,148,3294
Sakuma Exports,532713,SAKUMA,Commercial Services & Supplies,2.47,387.23,0,2289.55,1924.59,11.34,10.76,740.74,339.39,477.74,731.69,375.77,5.23,2.24,4.5,1.65,19,35.99,-49.27,-71,712.28,19.47,17.97,4.33,-84.99,-138.04,0.0212,-21.73,-0.1594,-0.0511,0.1083,-7,10,10,9,331
Salasar Techno,540642,SALASAR,Industrial Manufacturing,8.97,1548.91,0,1447.43,1440.15,25.34,21.25,294,281.49,375.18,483.31,300.17,27.45,29.94,-8.92,8.51,45.59,72.89,2.1,-18.88,769.43,104.38,104.56,18.2,51.66,-5.47,0.0513,-20.98,-0.005,-0.1614,-0.1564,-4.5,18,15,13,913
Salzer Electron.,517059,SALZERELEC,Electrical Equipment,915.5,1618.85,15.76,1382.93,1468.22,52.67,67.18,347.13,336.4,333.82,365.59,432.41,26.18,41.31,8.82,17.59,22.36,24.1,24.57,32.75,542.85,110.55,133.1,19.96,20.05,-17,0.1605,8.18,0.0617,0.2755,0.2138,0.9,86,109,139,3360
Sambhv Steel,544430,SAMBHV,Industrial Products,114.87,3384.89,0,1511.36,1511.36,57.99,57.99,330.78,,369.04,495.26,558.63,48.2,72.72,16.46,33.4,36.11,58.37,68.88,34.89,779.81,126.67,126.67,9.35,142.43,127.38,0.0864,-33.99,0,0,0,,58,58,58,3385
Samhi Hotels,543984,SAMHI,Leisure Services,196.26,4341.39,0,1130.01,1152.33,104.94,120.54,249.89,265.54,295.77,318.81,272.21,121.51,90.5,65.31,19.82,69.1,36.02,8.93,368.45,3143.09,308.86,326.33,0,274.69,357.04,0.0384,359.52,0.0198,0.1487,0.1289,2.4,138,159,183,6580
Sammaan Capital,535789,SAMMAANCAP,Finance,162.22,13437.7,0,8675.63,8946.77,-1802.26,-1799.94,2206.67,2422.49,2016.52,2107.43,2400.33,1504.87,1676.16,324.04,334.3,8.68,,8.78,2.31,4652.15,2421,2333.76,-1.01,140.49,8771.63,-0.3871,-6.47,0.0313,-0.0013,-0.0325,0,-1802,-1805,-1807,0
Sanathan Textile,544314,SANATHAN,Textiles & Apparels,500,4220.2,0,2998.61,2962.82,156.53,150.81,781.13,742.17,743.13,732.18,745.34,68.36,69.56,43.65,40.43,22.83,27.98,-4.58,-19.25,2704.48,236.14,222.5,50.57,191.74,284,0.0745,-14.67,-0.0119,-0.0365,-0.0246,-7.7,145,140,135,3774
Sandesh,526725,SANDESH,Media,1170,885.69,0,292.34,297.03,77.09,84.73,68.21,69.95,78.82,75.36,72.9,12.5,18.47,9.78,58.14,6.58,10.45,6.88,15.13,208.6,98.73,106.01,23.68,154.49,67.69,0.5197,8.25,0.016,0.0991,0.0831,1.1,93,102,113,1176
Sandhar Tech,541163,SANDHAR,Auto Components,517.8,3116.67,0,3884.5,4062.02,137.42,138.81,912.57,984.16,973.69,1014.08,1090.09,103.81,82.4,40.83,28.01,24.35,22.45,19.45,-3.61,1344.34,235.37,240.96,49.67,274.82,246.97,0.1402,-23.06,0.0457,0.0101,-0.0356,22.2,140,142,143,3212
Sandur Manganese,504918,SANDUMA,Consumable Fuels,205.46,9987.51,2.97,3135.06,3668.77,444.61,492.46,601.67,260.25,951.87,1321.27,1135.38,315.98,299.33,156.21,166.63,16.15,20.28,88.7,15.32,3590.59,707.37,804.01,141.81,153.11,840.55,0.1766,-73.38,0.1702,0.1076,-0.0626,1.9,545,604,669,13571
Sangam India,514234,SANGAMIND,Textiles & Apparels,430.45,2162.86,0,2856.95,2953.67,34.55,24.16,693.05,675.61,753.99,734.3,789.77,57.7,57.63,10.54,3.53,29.63,89.52,13.96,-77.21,1604.06,142.6,135.64,1.09,160.06,431.65,0.0157,-91.17,0.0339,-0.3007,-0.3346,-3,17,12,8,740
Sanghi Industrie,526521,SANGHIIND,Cement & Cement Products,64.45,1664.91,0,968.7,991.09,-396.9,-403.75,222.99,151.5,258.96,335.25,245.38,36.41,25.43,-116.91,-115.4,,,10.04,-29.93,3228.44,-123.54,-134.72,-0.2,-245.47,-248.55,-0.1251,-39.97,0.0231,0.0173,-0.0059,0,-397,-390,-383,0
Sanghvi Movers,530073,SANGHVIMOV,Commercial Services & Supplies,386.6,3347.03,0,782.12,904.87,131.74,166.29,150.61,156.13,207.96,267.42,273.36,106.91,99.55,53.83,50.26,22.26,20.13,81.5,24.13,1232.71,208.29,256.52,55.06,,161.7,0.1796,-57.37,0.1569,0.2623,0.1053,0.8,210,265,334,6732
Sanofi India,500674,SANOFI,Pharmaceuticals & Biotechnology,4698.9,10821.57,0,2013.2,1981.1,442.27,356.52,463.5,524,514.9,535.9,406.3,171.9,94.9,119.5,69.5,29.2,30.35,-12.34,-25.12,683.2,470.6,487.7,129.6,230.8,461.7,0.7115,-12.78,-0.0159,-0.1939,-0.1779,-1.6,287,232,187,5668
Sanofi Consumer,544250,SANOFICONR,Pharmaceuticals & Biotechnology,4659.3,10730.66,0,724.5,724.1,201.39,197.86,172.3,159.9,170.7,172.6,220.9,64,70.2,50,55.64,61.11,54.23,28.21,22.99,275.1,279.1,271.9,69.9,-0.4,439,0.9733,-5.22,-0.0006,-0.0175,-0.017,-30.9,194,191,188,10176
Sansera Enginee.,543358,SANSERA,Auto Components,1443.2,8961.66,0,3016.75,3039.13,215.22,227.82,743.93,763.37,727.8,781.65,766.31,127.05,131.04,59.27,62.23,32.13,39.34,3.01,25.51,3018.89,363.21,369.22,68.99,374.34,376.56,0.0983,22.5,0.0074,0.0585,0.0511,6.7,241,255,270,10631
Sanstar,544217,SANSTAR,Agricultural Food & other Products,95.48,1740.07,35.66,953.42,810.55,43.96,26.96,302.67,195.33,220.05,226.32,168.85,-0.49,-1.74,5.52,-0.33,8.92,64.54,-44.21,-102,677.77,62.75,37.22,3.69,29.68,38.74,0.0452,-57.79,-0.1499,-0.3867,-0.2369,-1.7,17,10,6,401
Sapphire Foods,543397,SAPPHIRE,Leisure Services,279.2,8973.01,0,2881.86,2940.41,27.83,17.33,718.29,695.7,756.54,711.34,776.83,106.22,112.86,4.75,-1.8,66.93,517.73,8.15,-121.13,2216.07,149.53,138.67,6.08,448.89,508,0.0106,-129.28,0.0203,-0.3773,-0.3976,-13.7,11,7,4,2166
Sarda Energy,504614,SARDAEN,Ferrous Metals,567.65,20002.92,18.33,4642.85,5349.75,683.64,935.62,926.21,1158.66,1319.14,1238.84,1633.11,270.6,617.19,108.5,434.36,15.56,21.38,76.32,118.53,7936.01,1116.09,1463.43,-40.93,742.48,885.7,0.1127,42.21,0.1523,0.3686,0.2163,0.6,1280,1752,2398,51277
Saregama India,532163,SAREGAMA,Entertainment,451.75,8719.2,35.52,1171.36,1172.85,190.9,200.36,205.28,241.83,483.43,240.82,206.77,80.32,55.29,56.49,36.66,43.54,43.52,0.73,-0.7,1507.72,263.77,277.97,67.37,93.25,331.2,0.1776,-1.43,0.0013,0.0496,0.0483,8.8,210,221,232,10081
Sarla Performanc,526885,SARLAPOLY,Textiles & Apparels,95.04,793.61,0,425.05,418.71,63.7,68.13,110.78,113.91,102.08,100.33,102.39,21.69,10.79,12.69,22.42,15.61,11.65,-7.57,34.65,243.38,92.2,92.05,13.24,31.02,62.4,0.3343,42.22,-0.0149,0.0695,0.0845,1.7,73,78,83,971
Sar Televenture,,SARTELE,Telecom - Services,202.5,953.93,0,349.9,349.9,46.71,46.71,51.78,,66.62,83.46,123.75,14.62,17.73,12.85,15.67,36.32,20.42,138.99,112.04,457.43,51.61,51.61,3.24,-208.56,-183.54,0.1092,-26.95,0,0,0,,47,47,47,954
Sarveshwar Foods,543688,SARVESHWAR,Agricultural Food & other Products,5.99,736.01,0,1136.23,1204.53,26.89,30.83,233.05,271.31,282.15,349.72,301.35,16.72,16.77,8.6,7.02,49.62,23.87,29.31,127.18,317.01,67.91,79.12,10.82,-9.19,14.74,0.1314,97.87,0.0601,0.1465,0.0864,1.6,35,41,46,1109
Sasken Technol.,532663,SASKEN,IT - Services,1396.5,2114.69,73.83,550.91,701.09,46.47,41.58,123.36,135.03,144.52,148.01,273.53,7.08,14.65,11.03,9.44,29.72,50.86,121.73,-47.99,163.94,60.07,58.23,15.87,59.36,-57.16,0.3504,-169.72,0.2726,-0.1052,-0.3778,-4.8,37,33,30,1515
Sastasundar Ven.,533259,SASTASUNDR,Healthcare Services,310,986.13,0,1158.62,1139.09,33.16,35.89,270.29,273.53,281.29,285.84,298.43,-25.2,6.06,13.45,23.91,22.17,27.48,10.41,-21.4,273.81,-12.43,4.52,4.37,35.86,-17.31,0.147,-31.81,-0.0169,0.0823,0.0992,3.3,39,42,46,1250
Satia Industries,539201,SATIA,"Paper, Forest & Jute Products",79.71,797.1,5.19,1504.75,1483.54,117.74,99.16,399.37,340.12,375.83,396.67,370.92,61.5,63.24,35.43,31.6,6.14,8.04,-7.12,-38.11,1081.62,131.06,92.11,2.46,362.61,285.29,0.094,-30.99,-0.0141,-0.1578,-0.1437,-0.5,84,70,59,476
Satin Creditcare,539404,SATIN,Finance,147.33,1627.57,0,2373.49,2432.98,216.56,156.56,581.92,600.45,631.3,559.8,641.43,261.3,326.17,41.05,42.6,5.51,10.4,10.23,-58.48,1144.75,1182.74,1137.08,49.01,-1783.84,-258.11,0.1796,-68.71,0.0251,-0.2771,-0.3021,-0.4,113,82,59,615
Saurashtra Cem.,502175,SAURASHCEM,Cement & Cement Products,105.66,1175.5,0.01,1537.62,1575.4,2.19,8.38,385.8,296.28,377.5,478.05,423.57,52.74,34.81,27.32,16.85,33.48,140.27,9.79,70.89,1045.79,19.48,29.97,6.46,155.1,30.23,0.0142,61.1,0.0246,2.8265,2.8019,0.5,32,123,470,65858
SBC Exports,542725,SBC,Textiles & Apparels,22.75,1083.33,0,230.68,235.83,10.9,15.02,57.06,48.5,50.02,75.95,61.36,3.75,5.13,3.12,3.4,51.16,72.13,7.54,-34.62,64.68,22.93,22.27,0,2.67,-65.39,0.2322,-42.16,0.0223,0.378,0.3557,1.9,21,29,39,2835
Shivalik Bimetal,513097,SBCL,Industrial Products,503.75,2901.81,0,508.35,518.97,76.96,82.01,125.98,126.65,123.28,132.44,136.6,28.49,31.96,21.05,22.78,39.22,35.38,8.43,27.83,408.2,106.33,113.35,27.03,68.51,93.59,0.2671,19.4,0.0209,0.0656,0.0447,5.4,87,93,99,3511
SBFC Finance,543959,SBFC,Finance,108.76,11889.61,0,1305.12,1396.06,345.56,367.35,297.49,313.89,333.16,360.58,388.43,247.74,265.7,94.4,100.89,35.43,32.37,30.57,28.16,624.42,879.83,938.64,127.15,-1155.35,-1415.26,0.7919,-2.41,0.0697,0.0631,-0.0066,5.1,391,415,441,14285
Suratwwala Busi.,543218,SBGLP,Realty,33.26,576.78,0,32.24,38.76,10.34,11.9,8.67,1.31,0.94,21.32,15.19,8.72,6.58,6.24,5.25,68.87,48.47,75.2,28.36,84.46,14.31,16.44,4.44,0.93,-2.81,0.1935,-46.84,0.2022,0.1509,-0.0514,3.2,14,16,18,879
SBI Cards,543066,SBICARD,Finance,921.75,87708.89,0,18073.95,18590.6,1916.41,1877.79,4358.64,4421.04,4618.69,4673.95,4876.92,1354.31,1437.74,534.18,555.96,32.7,46.71,11.89,-6.47,-1884.17,5759.08,5754.13,736.49,-5653.38,-2140.46,-1.3875,-18.36,0.0286,-0.0202,-0.0487,-23.2,1840,1803,1767,82515
SBI Life Insuran,540719,SBILIFE,Insurance,1810.4,181504.9,0,116888.4,121231.2,2413.3,2488.12,34653.74,40301.73,18861.98,23070.95,38996.5,-449.15,663.93,813.51,594.37,74.21,72.95,12.53,14.41,2558.86,2692.6,2751.8,263.68,29121.86,25546.65,1.0754,1.88,0.0372,0.031,-0.0062,23.5,2565,2645,2727,198919
SBI,500112,SBIN,Banks,880.65,812894.3,0,490937.8,498424,77572.88,79437.85,118242.5,121044.7,124653.7,126997,125728.7,52558.55,66232.44,19600.46,21201.47,9.57,10.23,6.33,9.71,53794.06,407324.9,416675.7,28203.65,21632.43,48486.29,2.001,3.38,0.0152,0.024,0.0088,4.3,81348,83303,85306,872682
Schaeffler India,505790,SCHAEFFLER,Auto Components,4115.6,64328.34,0,8076.29,8547.26,977.48,1058.1,2071.93,2072.83,2082.31,2110.02,2282.1,401.37,430.88,265.41,296.23,55.16,60.8,10.14,16.84,5106.08,1321.19,1429.28,370.3,900.03,884.32,0.2797,6.7,0.0583,0.0825,0.0242,7.4,1145,1240,1342,81599
S Chand & Compan,540497,SCHAND,Printing & Publication,179.96,634.35,3.4,719.66,711.62,61.56,52.31,110.66,37.45,100.15,471.4,102.62,203.17,-9.1,141.91,-13.29,14.19,12.13,-7.27,-545.15,862.49,102.76,89.08,24.12,121.09,99.89,0.0886,-537.88,-0.0112,-0.1503,-0.1391,-0.8,44,38,32,389
Schneider Elect.,534139,SCHNEIDER,Electrical Equipment,829.25,19827.37,0,2636.71,2665.43,254.78,247.42,592.91,599.71,857.2,586.89,621.63,86.68,69.33,54.61,41.24,70.92,80.14,4.84,-14.93,1069.85,382.48,370.19,81.8,189.41,307.89,0.3077,-19.77,0.0109,-0.0289,-0.0398,-27.7,240,233,227,18159
S C I,523598,SCI,Transport Services,222.13,10346.82,0,5605.83,5407.59,834.85,906.27,1514.27,1450.76,1315.6,1325.19,1316.04,364.64,488.99,185.14,354.17,8.84,11.42,-13.09,21.51,8485.37,1030.04,1096.21,14.06,994.06,849.51,0.1085,34.6,-0.0354,0.0855,0.1209,1.3,984,1068,1159,13239
Shipping Land,544142,SCILAL,Finance,49.47,2304.31,0,18.3,20.53,-189.38,-187.04,3.48,3.99,5.95,4.88,5.71,-3.18,-1.55,-224.37,14.34,65.97,,64.08,19.6,3236.69,65.15,68.19,17,-379.45,-49.42,-0.0525,-44.48,0.1219,-0.0124,-0.1342,0,-189,-192,-194,0
Scoda Tubes,544411,SCODATUBES,Industrial Products,169.78,1017.13,0,484.89,484.89,31.74,31.74,91.85,,129.97,123.72,97.42,17.43,14.19,6.83,7.08,25.07,32.05,6.06,47.81,168.98,63.88,63.88,11.72,2.26,18.42,0.2572,41.75,0,0,0,,32,32,32,1017
Som Distilleries,507514,SDBL,Beverages,126.12,2463.02,0,1442.9,1458.2,105.85,102.69,513.08,289.73,301.12,338.97,528.38,41.76,70.35,22.73,42.06,25.64,23.99,2.98,3.72,850.91,156.61,159.3,40.01,73.1,42.22,0.1677,0.74,0.0106,-0.0299,-0.0405,-8,100,97,94,2249
SEAMEC Ltd,526807,SEAMECLTD,Transport Services,876.05,2227.36,0,651.82,647.75,76.14,115.49,214.99,87.87,149.34,199.62,210.92,81.15,96.88,42.93,75.77,29.52,19.29,-1.89,81.67,804.83,106.47,147.45,18.5,149.99,298.52,0.1665,83.56,-0.0062,0.5168,0.5231,0.4,175,266,403,7774
Sejal Glass,532993,SEJALLTD,Industrial Products,779.8,787.6,0,243.58,267.92,10.93,13.95,52.75,61.57,61.61,67.59,77.15,9.4,11.68,3.79,4.37,49.56,56.46,46.26,216.67,157.39,27.93,32.1,0.93,-9.19,-5.7,0.0945,170.41,0.0999,0.2763,0.1764,2,18,23,29,1637
Senco Gold,543936,SENCO,Consumer Durables,326.05,5338.04,3.63,6258.68,6668.29,165.24,215.54,1414.96,1458.68,2023.09,1361.95,1824.57,125.5,182.2,61.95,103.52,33.58,24.77,28.95,94.08,2126.42,372.24,436.87,79.5,-19.19,-206.29,0.1387,65.13,0.0654,0.3044,0.239,0.8,281,367,478,11849
Senores Pharma.,544319,SENORES,Pharmaceuticals & Biotechnology,732.15,3371.81,59.02,398.25,398.25,58.56,58.56,80.39,,103.02,114.21,137.99,19.44,34.16,17.83,19.73,54.28,57.58,71.65,83.88,954.92,92.12,92.12,15.56,-25.7,-45.92,0.0776,12.23,0,0,0,,59,59,59,3372
SEPC,532945,SEPC,Construction,11.81,1877.98,0,597.65,624.11,34.65,46.05,175.82,170.99,133.04,117.8,202.28,15.3,28.24,10.02,16.55,130.25,40.78,15.05,104.83,1095.04,107.48,97.13,0,-120.83,-132.51,0.0421,89.78,0.0443,0.329,0.2847,1.2,61,81,108,4408
Sequent Scien.,512529,SEQUENT,Pharmaceuticals & Biotechnology,216.04,5436.7,0,1551.37,1602.58,21.81,30.18,390.21,368.65,390.81,401.7,441.42,46.24,52.19,9.38,14.78,222.81,180.13,13.12,127.07,969.52,103.87,122.58,43.36,30.6,83.36,0.0759,113.95,0.033,0.3838,0.3508,4.7,42,58,80,14404
Servotech Renew,,SERVOTECH,Electrical Equipment,128.03,2891.5,3.61,674.14,699,32.74,33.5,112.19,199.67,216.3,146.28,136.75,12.2,10.41,7.79,5.24,102.72,86.31,21.89,16.96,236.74,52.07,53.12,12.32,0.79,-55.41,0.1935,-4.93,0.0369,0.0232,-0.0137,37.2,34,35,36,3097
Seshasayee Paper,502450,SESHAPAPER,"Paper, Forest & Jute Products",256.85,1619.91,0,1754.38,1717.55,109.17,87.6,422.23,398.47,431.33,502.35,385.4,25.22,20.49,27.07,15.43,7.88,18.49,-8.72,-58.3,1721.72,140.92,112.29,17.84,202.17,-61.28,0.0612,-49.58,-0.021,-0.1976,-0.1766,-0.9,70,56,45,837
Sheela Foam,540203,SFL,Consumer Durables,681.1,7404.29,0,3439.19,3450.84,60.15,57.52,809.76,812.72,967.11,849.6,821.41,32.95,75.45,21.5,7.43,62.35,128.73,1.44,-63.16,2711.38,158.85,186.46,61.98,405.95,252.33,0.0441,-64.6,0.0034,-0.0437,-0.0471,-29.4,55,53,50,6475
SG Finserve,539199,SGFIN,Finance,367.05,2051.63,0,171.04,195.09,80.99,86.12,43.54,30.89,42.49,54.12,67.59,47.23,58.81,23.79,24.52,30.29,23.82,55.24,26.46,70.67,142.13,162.28,32.94,-628.71,-489.21,1.6847,-28.78,0.1406,0.0633,-0.0773,3.8,92,97,104,2466
Synergy Green,541929,SGIL,Industrial Products,537.6,835.59,0,362.27,367.06,16.89,17.33,78.76,88.91,97.12,97.47,83.56,14.87,11.33,3.84,3.38,49.43,48.22,6.09,14.58,139,40.68,42.96,5.32,37.69,-16.39,0.1629,8.49,0.0132,0.0261,0.0128,18.5,18,18,19,903
Standard Glass,544333,SGLTL,Industrial Manufacturing,178,3550.95,0,613.66,644.9,64.34,70.45,141.83,165.36,140.14,166.33,173.07,23.63,29.56,15.1,20.87,45.01,50.4,22.03,41.3,723.75,108.66,115.75,26.62,-65.03,5.25,0.1341,19.27,0.0509,0.095,0.0441,5.3,77,84,92,4661
SG Mart,512329,SGMART,Metals & Minerals Trading,345.7,4355.82,2.35,5511.59,5455.68,93.9,95.97,1136.96,1786.56,1281.96,1350.22,1036.94,24.54,30.4,22.28,29.32,51.57,45.39,-8.8,7.6,874.53,170.36,176.76,32.29,30.14,-269.28,0.1467,16.4,-0.0101,0.022,0.0322,20.6,98,100,102,4651
Shaily Engineer.,501423,SHAILY,Industrial Products,2431.2,11172.6,0,786.8,854.1,93.08,116.83,179.39,192,197.58,217.83,246.69,54.5,68.3,28.59,41.12,51.77,95.63,37.52,136.19,587.34,137.06,169.18,33.9,92.26,110.06,0.2566,98.67,0.0855,0.2552,0.1696,3.7,147,184,231,22092
Shakti Pumps,531431,SHAKTIPUMP,Industrial Products,814.05,10045.21,82.64,2516.24,2571.18,408.69,412.53,567.56,634.59,648.77,665.32,622.5,163.94,143.57,110.23,96.83,33.8,24.35,9.68,4.5,1191.06,600.5,605.42,159.04,49.67,20.49,0.4799,-5.18,0.0218,0.0094,-0.0124,25.9,416,420,424,10331
Shalby,540797,SHALBY,Healthcare Services,252.05,2722.39,0,1086.96,1104.49,6.15,-0.52,278.89,267.54,275.63,264.89,296.43,20.84,41.53,-11.02,8.92,37.43,,6.29,-43.04,1090.58,87.48,87.93,56.26,19.6,-4.34,0.0511,-49.33,0.0161,-1.0846,-1.1007,0,-1,-2,-5,0
Shalimar Paints,509874,SHALPAINTS,Consumer Durables,80.9,677.22,2.34,599.06,624.19,-80.16,-69.79,128.33,144.74,148.16,177.83,153.46,-7.35,-7.54,-9.52,-16.67,,,19.58,38.35,330.25,-62.61,-48.97,0,17.68,-58.61,-0.2113,18.77,0.0419,-0.1294,-0.1713,0,-79,-89,-101,0
Shankara Build.,540425,SHANKARA,Retailing,134.88,327.07,0,5696.69,6049.72,77.39,93.75,1290.97,1329.4,1437.16,1639.16,1644,51.4,58.53,28.45,32.4,5.79,3.49,27.35,101.87,859.64,155.49,173.38,31.52,9.72,63.6,0.1457,74.52,0.062,0.2114,0.1494,0.2,114,138,167,582
Shanthi Gears,522034,SHANTIGEAR,Industrial Manufacturing,524.2,4021.45,9.79,604.62,600.69,95.98,97.06,138.82,155.08,157.51,153.21,134.89,30.97,30.51,22.46,22.69,48.23,41.43,-2.83,4.76,295.13,130.46,131.76,34.67,36.38,90.79,0.4463,7.59,-0.0065,0.0113,0.0178,36.8,98,99,100,4158
Shanti Gold,544459,SHANTIGOLD,Consumer Durables,214.13,1543.79,5.36,1106.41,1106.41,55.85,55.85,239.83,,,297.29,292.78,31.08,38.43,19.14,24.64,21.73,27.64,22.08,174.08,183.64,92.07,92.07,18.26,-13.03,-15.3,0.4036,152,0,0,0,,56,56,56,1544
Sharda Cropchem,538666,SHARDACROP,Fertilizers & Agrochemicals,819.95,7397.63,99.67,4319.85,4519.56,298.97,419.91,785.11,776.89,929.33,1828.53,984.81,303.18,215.29,203.57,142.78,20.45,17.62,25.44,423.96,2348.09,393.12,518.59,81.88,341.3,603.62,0.2137,398.52,0.0462,0.4045,0.3583,0.4,590,828,1163,20500
Sharda Motor,535602,SHARDAMOTR,Auto Components,1056,6062.25,0.84,2836.57,2907.38,279.16,318.08,685.43,711.29,689.99,749.85,756.25,100.79,98.43,82.52,81.91,15.57,19.06,10.33,7.32,338.23,376.95,426.95,102.4,369.56,270.54,1.2432,-3.01,0.025,0.1394,0.1145,1.4,362,413,471,8968
Share India Sec.,540725,SHAREINDIA,Capital Markets,141.87,3104.48,0,1448.8,1375.81,324.81,309,414.18,452.76,342.2,239.44,341.41,52.36,138.25,18.76,84.18,12.42,10.05,-17.57,-18.11,1986.64,516.43,507.58,96.21,-310.45,5.85,0.204,-0.54,-0.0504,-0.0487,0.0017,-2.1,294,280,266,2674
Shemaroo Entert.,538685,SHEMAROO,Entertainment,112.91,308.47,0,685.1,670.22,-84.97,-113.52,154.39,162.06,164.37,204.27,139.52,2.36,-55.49,-5.12,-45.81,49.28,,-9.63,-165.57,428.66,-77.38,-116.88,1.1,25.59,75.15,-0.2623,-155.94,-0.0217,0.336,0.3577,0,-75,-50,-33,0
Shera Energy,,SHERA,Industrial Products,124.1,303.29,0,1277.3,1367.46,17.82,19.31,295.58,305.79,305.32,369.61,386.74,17.12,18.66,5.58,5.45,32.05,15.71,30.84,37.28,251.99,54.52,57.25,7.79,38.18,-2.94,0.1075,6.44,0.0706,0.0836,0.013,1.9,21,23,25,386
Shilpa Medicare,530549,SHILPAMED,Pharmaceuticals & Biotechnology,366.8,7173.94,62.93,1280.66,1315.36,88.09,128.56,292.51,343.8,319.3,330.8,321.46,76.74,90.9,31.95,46.89,118.27,55.8,9.9,233.5,2551.05,222.35,241.89,59.91,136.67,132.18,0.0739,223.6,0.0271,0.4594,0.4323,1.2,188,274,400,22299
Shivalik Rasayan,539148,SHIVALIK,Fertilizers & Agrochemicals,430.65,678.29,0,311.77,326.45,16.7,15.01,74.63,82.44,85.31,69.39,89.31,5.76,10.98,4.13,1.6,59.36,45.19,19.67,-54.55,473.08,33.43,32.98,5.59,-8.08,-9.2,0.0435,-74.22,0.0471,-0.1012,-0.1483,-4.5,13,12,11,493
Shivam Autotech,532776,SHIVAMAUTO,Auto Components,30.19,396.98,0,453.98,431.74,-48.11,-55.37,112.97,120.43,112.74,107.84,90.73,8.21,5.32,-14.76,-17.66,,,-19.69,-70.96,117.92,13.67,6.09,3.08,32.93,77.39,-0.4434,-51.27,-0.049,0.1509,0.1999,0,-47,-40,-34,0
Shiv Aum Steels,,SHIVAUM,Commercial Services & Supplies,300,408.01,0,548.2,548.2,9.67,9.67,268.71,,,248.6,299.6,8.68,5.97,7.51,2.15,31.97,42.19,11.5,-31.31,126.7,20.54,20.54,3.13,10.19,6.32,0.101,-42.81,0,0,0,,10,10,10,408
S H Kelkar & Co.,539450,SHK,Chemicals & Petrochemicals,226.95,3141.46,0,2123.4,2233.72,95.65,130.73,470.31,542.5,543.21,567.38,580.63,73.43,73.01,48.91,24.52,25.87,24.03,23.46,46.97,1443.15,205.1,215.93,52.28,107.46,15.74,0.1268,23.51,0.052,0.3668,0.3148,0.7,179,244,334,8020
Shoppers Stop,532638,SHOPERSTOP,Retailing,525.7,5788.59,0,4627.64,4719.42,10.56,17.85,1069.31,1114.87,1379.47,1064,1161.08,169.92,171.51,-0.06,-15.74,107.97,324.29,8.58,30.72,2534.53,267.66,291.1,-1.99,561.29,548.52,0.0063,22.14,0.0198,0.6903,0.6705,4.7,30,51,86,27957
Shradha Infrapr.,,SHRADHA,Realty,48.97,396.65,0,106.59,103.72,15.55,17.22,29.05,12.35,22.58,42.61,26.18,12.79,6.75,5.47,3.78,17.75,23.03,-9.88,-24.7,208.53,28.83,34.25,8.08,25.04,-21.79,0.1213,-14.82,-0.0269,0.1074,0.1343,2.1,19,21,23,539
Sh. Digvijay Cem,502180,SHREDIGCEM,Cement & Cement Products,89.28,1320.18,0,725.15,744.3,25.21,27.72,176.8,145.17,186.76,216.42,195.95,27.69,23.79,18.36,13.79,21.28,47.63,10.83,22.36,449.76,37.33,40.66,11.68,95.57,135.01,0.0876,11.53,0.0264,0.0996,0.0732,4.8,30,34,37,1755
Shree Cement,500387,SHREECEM,Cement & Cement Products,29445,106239.8,0,19282.83,19439.75,1117.62,1486.82,5123.96,4054.17,4572.68,5532.02,5280.88,1428.57,1332.6,574.32,642.66,55.64,71.45,3.06,130.67,13004.6,1509.55,2068.44,513.64,3347.49,4920.33,0.1538,127.61,0.0081,0.3303,0.3222,2.2,1978,2631,3501,250123
Shreeji Ship. Gl,544490,SHREEJISPG,Transport Services,252.26,4109.78,0,607.61,607.61,124.93,124.93,130.07,,,156.09,161.19,75.32,59.87,49.21,37.2,29.68,32.9,23.93,49.64,377.81,180.67,180.67,38.42,158.56,138.79,0.4324,25.71,0,0,0,,125,125,125,4110
Shree Karni,,SHREEKARNI,Textiles & Apparels,600,433.73,0,166.88,166.88,15.11,15.11,76.07,,,76.81,90.17,10.78,17.27,4.87,10.24,27.42,28.7,18.54,-19.24,105.66,24.66,24.66,5.5,-7.46,-6.6,0.1951,-37.78,0,0,0,,15,15,15,434
Sh.Pushkar Chem.,539334,SHREEPUSHK,Chemicals & Petrochemicals,415.8,1344.6,0,806.28,866.59,57.96,66.74,194.2,175.62,217.06,219.4,254.51,24.7,29.11,16.54,20.96,17.16,20.15,31.06,63.24,467.02,71.23,83.49,11.31,16.16,37.5,0.1671,32.18,0.0748,0.1515,0.0767,1.3,77,88,102,2053
Sh. Rama Multi.,532310,SHREERAMA,Industrial Products,58.35,779.3,0,207.84,220.21,51.67,54.5,42.98,52.8,52.9,59.16,55.35,10.78,11.14,36.6,7.35,32.95,14.3,28.78,75,143.31,23.53,29.18,-0.07,20.84,19.83,0.3798,46.22,0.0595,0.0548,-0.0047,2.6,57,61,64,915
Shrem InvIT,,SHREMINVIT,Construction,102.56,6264.82,0,2457.83,2447.44,1084.41,1030.11,546.29,488.74,574.48,848.32,535.9,404.32,356.87,289.23,233.75,6.17,6.08,-1.9,-25.36,3482.64,1603.2,1571.78,13.2,-1803.65,385.6,0.2996,-23.46,-0.0042,-0.0501,-0.0458,-1.2,979,930,883,5369
Shreyans Inds.,516016,SHREYANIND,"Paper, Forest & Jute Products",223.62,309.04,0,616.77,634.84,51.11,53.9,135.56,132.47,169.66,179.08,153.63,26.86,15.89,18.46,17.27,4.87,5.73,13.33,23.62,218.93,72.55,75.52,14.65,78.32,44.95,0.3131,10.29,0.0293,0.0546,0.0253,1,57,60,63,362
Shri Ahimsa,,SHRIAHIMSA,Food Products,225.25,525.51,40.2,95.81,95.81,22.13,22.13,,,,40.72,55.09,13.7,16.72,9.71,12.25,15.98,23.75,,,145.95,30.8,30.8,7.1,5.84,43.36,0.2003,0,0,0,0,,22,22,22,526
Shringar House,544512,SHRINGARMS,Consumer Durables,211.64,2040.89,1.37,1429.82,1429.82,61.09,61.09,271.07,,,351.36,332.61,23.1,41.21,15.22,28.51,22.39,33.41,22.7,67.71,204.49,90.05,90.05,20.93,-14.13,-7.09,0.4011,45.01,0,0,0,,61,61,61,2041
Shriram Pistons,544344,SHRIPISTON,Auto Components,2671.8,11769.23,0,3549.83,3676.09,501.13,524.88,837.1,876.5,847.89,988.4,963.3,210.4,195.1,146.5,133.7,18.08,22.42,15.08,15.76,2593.89,708.43,745.81,179.95,486.73,434.38,0.2717,0.68,0.0356,0.0474,0.0118,4.7,550,576,603,13521
Shriram Finance,511218,SHRIRAMFIN,Finance,665.05,125103.1,0,43940.61,43778.4,8208.8,8508.05,9604.98,10089.54,10698.31,11454.23,11536.32,8161.01,8473.98,2143.77,2159.45,13.14,14.7,20.11,9.39,25791.46,29345.64,30915.32,3574.94,-31118.3,-43651.9,0.4685,-10.72,-0.0037,0.0365,0.0401,4,8818,9140,9473,139251
Shriram Properti,543419,SHRIRAMPPS,Realty,90.66,1547.15,0,823.44,911.8,76.52,80.35,153.96,140.56,121.19,407.73,242.32,48.81,22.37,47.78,20.59,23.12,19.26,57.39,18.06,1107.86,191.86,182.49,-6.57,221.15,153.6,0.0666,-39.33,0.1073,0.0501,-0.0573,3.8,84,89,93,1792
Shyam Metalics,543299,SHYAMMETL,Industrial Products,931.65,26005.32,0,15137.5,15944.73,908.1,924.11,3611.61,3634.02,3752.51,4139.36,4418.84,515.17,579.62,218.75,292.15,17.23,28.14,22.35,5.8,9170.78,1385.11,1411.05,265.56,1794.38,1964.15,0.1297,-16.55,0.0533,0.0176,-0.0357,16,940,957,974,27404
Sical Logistics,520086,SICALLOG,Transport Services,98.72,644.14,0,221.82,277.39,-47.37,-28.99,41.98,48.92,49.81,81.12,97.54,8.56,22.93,-4.24,-4.4,,,132.35,75.51,442.32,-9.02,25.31,-4.6,7.99,20.01,-0.0759,-56.84,0.2505,-0.388,-0.6385,0,-40,-56,-78,0
Siemens,500550,SIEMENS,Electrical Equipment,3147.4,112085.4,0,22239.7,16650,2510.13,1724.55,3762.6,4457,3587.2,4259,4346.8,467.5,521.4,407.55,422.9,50.49,64.99,15.53,-3.16,10707.1,3413.3,2347,628.5,1400,1669.5,0.2198,-18.69,-0.2513,-0.313,-0.0616,-2.1,1185,814,559,36346
Sigachi Indust.,543389,SIGACHI,Pharmaceuticals & Biotechnology,39.55,1511.27,65.83,488.24,520.77,69.56,76.21,95.71,124.9,139.42,128.2,128.25,28.55,24.11,13.27,19.81,24.32,19.83,34,50.51,588.26,104.72,108.5,11.52,12.89,26.93,0.1491,16.51,0.0666,0.0956,0.029,2.1,83,91,100,1987
Sigma Solve,543917,SIGMA,IT - Services,52.55,540.08,0,76.17,80.83,18.96,20.34,16,17.05,19.58,23.54,20.66,9.73,4.97,6.82,5.18,25.33,26.55,29.12,31.81,33.93,25.91,27.77,5.12,7.4,18.01,0.7504,2.69,0.0612,0.0728,0.0116,3.6,22,23,25,667
SignatureGlobal,543990,SIGNATURE,Realty,1030.2,14475.41,0,2498.02,2963.08,99.6,128.75,400.61,749.29,827.69,520.43,865.67,43.56,33.19,61.1,34.42,300.18,112.43,116.09,408.42,1992.05,154.11,194.15,48.43,92.4,500.66,0.0889,292.33,0.1862,0.2927,0.1065,3.8,166,215,278,31267
Signpost India,544117,SIGNPOST,Media,254.25,1358.97,0,453.22,490.4,34.04,37.82,100.47,129.7,112.21,110.84,137.65,12.39,31.76,0.92,15.28,29.83,35.93,37.01,36.31,224.61,56.69,62.83,17.71,63.5,31.42,0.2472,-0.7,0.082,0.111,0.029,3.2,42,47,52,1864
SIL Investments,521194,SILINV,Finance,634.35,672.41,0,54.82,60.24,30.93,35.37,7.15,24.74,22.35,0.58,12.57,-1.93,10.09,-2.69,7.92,15.26,19.01,75.8,127.59,191.51,41.9,47.79,10.69,16.02,9.87,0.2405,51.79,0.0989,0.1435,0.0447,1.3,40,46,53,1006
Silver Touch,543525,SILVERTUC,IT - Software,741,939.66,13.76,288.38,298.1,21.7,22.91,56.79,74.85,74.38,85.67,63.2,15.4,9.03,9.21,4.04,58.19,41.02,11.29,21.69,136.69,33.12,35.87,7.67,2.81,-2.62,0.2237,10.4,0.0337,0.0558,0.0221,7.4,24,26,27,1106
Simplex Infra,523838,SIMPLEXINF,Construction,288.15,2279.13,0,1075.6,1022.37,-16.61,15.34,295.82,268.06,229.78,281.94,242.59,15.12,7.65,32.69,4.64,20.92,148.57,-17.99,147.01,1554.32,-2.74,37.38,3.15,-82.69,207.87,0.0119,165,-0.0495,-1.9235,-1.8741,-0.8,-14,-41,-121,-17990
Sinclairs Hotels,523023,SINCLAIR,Leisure Services,97.95,502.09,0,53.42,52.57,14,13.32,16.55,8.08,14.43,14.37,15.69,4.92,5.95,3.78,6.18,28.03,37.69,-5.2,-9.78,126.73,19.48,18.54,3.18,15.49,10.6,0.1302,-4.58,-0.0159,-0.0486,-0.0327,-7.8,13,12,11,432
Sindhu Trade,532029,SINDHUTRAD,Transport Services,26.29,4053.73,0,1731.1,1343.11,5.44,68.88,554.1,369.55,510.87,297.35,165.34,-329.49,13.24,-58.98,18.79,36.18,58.85,-70.16,-73.72,577.86,155.68,186.16,26.96,690.76,-50.98,0.1659,-3.56,-0.2241,11.6618,11.8859,0.1,872,11043,139822,8228531
Sintercom India,,SINTERCOM,Auto Components,123.79,340.77,1.53,90.01,93.03,0.67,0.85,20.88,20.91,24.12,24.11,23.89,3.86,4.05,0.05,0.26,358.06,400.91,14.42,225,125.49,7.22,6.87,0.11,1.33,-2.97,0.0077,210.58,0.0336,0.2687,0.2351,14.9,1,1,2,696
Sirca Paints,543686,SIRCA,Consumer Durables,488.5,2677.41,0,372.19,409.37,49.14,53.05,78.64,105.5,88.71,100.92,114.24,18.98,22.55,14.11,14.2,40.58,50.47,45.27,39.08,382,65.76,72.02,17.74,42,54.26,0.1853,-6.19,0.0999,0.0796,-0.0203,6.3,57,62,67,3369
SIS,540673,SIS,Other Consumer Services,325.25,4583.67,0,13189.04,13607.68,10.76,317.22,3129.86,3268.81,3362.51,3427.87,3548.49,164.77,152.07,53.34,92.95,19,14.45,13.38,44.74,2829.7,222.11,556.96,36.29,394.42,742.29,0.1249,31.36,0.0317,28.4814,28.4497,0,9352,275713,8128407,117455478
Siyaram Silk,503811,SIYSIL,Textiles & Apparels,728.6,3305.66,9.37,2220.32,2302.31,198.73,191.32,306.51,607.56,570.17,736.08,388.5,111.66,20.68,72.45,4.6,11.82,17.28,26.75,-61.73,1372.96,292.71,285.17,62.3,127.94,256.06,0.1847,-88.48,0.0369,-0.0373,-0.0742,-4.6,184,177,171,2950
S J Logistics (I,,SJLOGISTIC,Transport Services,374.2,572.27,0,502.49,527.54,52.49,56.03,100.71,124.2,135.85,141.73,125.76,23.26,22.22,14.84,14.26,14.89,10.21,24.87,32.9,243.4,73.73,80.64,16.25,-39.32,-51.54,0.297,8.03,0.0499,0.0674,0.0176,1.5,60,64,68,696
SJS Enterprises,543387,SJS,Auto Components,1506.6,4728.83,7.39,760.49,781.52,116.04,124.54,188.62,192.79,178.56,200.51,209.66,51,55.92,33.41,34.57,27.82,37.97,11.15,24.17,612.48,156.41,165.59,45.75,108.7,163.01,0.278,13.02,0.0277,0.0733,0.0456,5.2,134,143,154,5846
SJVN,533206,SJVN,Power,90.1,35407.45,0,3072.01,3119.09,821.31,690.34,870.37,1026.25,670.99,504.4,917.45,240.88,706.75,-127.6,227.77,40.33,51.29,5.41,-36.21,37954.81,1857.27,1824.21,219.59,1309.53,2482.95,0.024,-41.62,0.0153,-0.1595,-0.1748,-3.2,580,488,410,21026
SKF India,500472,SKFINDIA,Industrial Products,4865.4,24053.55,0,4919.92,4996.85,565.78,525.36,1206.22,1244.23,1256.1,1213.37,1283.15,284.61,167.81,202.77,118.6,45.3,45.78,6.38,-25.43,2264.69,763.76,710.19,193.36,624.09,203.09,0.3174,-31.81,0.0156,-0.0714,-0.0871,-6.4,488,453,421,19256
Skipper,538562,SKIPPER,Electrical Equipment,516.1,5825.98,0,4624.48,4786.6,147.09,158.9,1091.74,1109.74,1135.25,1287.75,1253.86,123.65,127.16,44.39,44.66,43.91,36.66,14.85,41.37,1508.49,410.8,427.11,54.8,199.16,153.27,0.1417,26.52,0.0351,0.0803,0.0452,4.6,172,185,200,7344
SKM Egg Prod.,532143,SKMEGGPROD,Food Products,339.1,892.85,58.51,497.83,555.69,34.24,38.8,117.84,127.46,135.09,117.44,175.7,12.35,24.77,6.35,16.28,10.81,23.01,49.1,34.66,362.78,57.2,65.86,12.26,109.16,65.22,0.1407,-14.44,0.1162,0.1332,0.017,1.7,44,50,56,1299
SKP Bearing,,SKP,Industrial Products,223,370.18,0,70.33,70.33,2.97,2.97,,,,,22.12,,2.61,,0.38,35.82,124.64,,,75.04,9.3,9.3,3.53,6.87,5.95,0.0866,0,0,0,0,,3,3,3,370
Sky Gold & Diam.,541967,SKYGOLD,Consumer Durables,342.65,5306.41,0,3548.02,3956.23,118.13,155.01,723.03,768.85,997.97,1058.17,1131.24,63.03,71.37,38.17,43.59,37.07,34.23,56.46,105.32,523,200.29,254.28,51.41,-138.1,-273.19,0.3947,48.86,0.1151,0.3122,0.1971,1.1,203,267,350,11989
Smartworks Cowor,544447,SMARTWORKS,Commercial Services & Supplies,586.75,6703.88,0,1374.06,1374.06,-64.72,-64.72,313.43,,,358.43,379.21,232.42,241.02,-8.3,-4.2,,,20.99,81.76,2957.77,255.34,255.34,0.1,743.3,928.52,-0.0218,60.77,0,0,0,,-65,-65,-65,0
SMC Global Sec.,543263,SMCGLOBAL,Capital Markets,139.39,1459.41,0,1778.4,1752.86,146.3,122.42,447.97,450.83,455.47,421.47,425.09,62.99,100.29,3.73,29.74,7.33,11.92,-5.11,-43.9,1302.42,400.05,373.06,38.61,-192.79,23.54,0.1236,-38.79,-0.0144,-0.1632,-0.1489,-0.7,102,86,72,855
SML ISUZU,505192,SMLISUZU,"Agricultural, Commercial & Construction Vehicles",3206,4639.08,0,2398.99,2498.22,121.55,142.24,746.01,549.71,331.8,770.82,845.89,89.88,105.01,52.95,66.96,27.26,32.61,13.39,44.34,512.12,192.1,216.84,27.53,-49.68,177.48,0.3315,30.95,0.0414,0.1702,0.1289,1.9,166,195,228,7433
SMS Lifesciences,540679,SMSLIFE,Pharmaceuticals & Biotechnology,1118.9,338.28,0,344.73,334.67,20.09,17.27,92.55,78.46,84.6,89.11,82.5,7.42,11.71,2.97,4.16,18.9,19.59,-10.86,-40.57,240.76,34.93,30.75,7.94,24.31,34.06,0.1047,-29.71,-0.0292,-0.1404,-0.1112,-1.4,15,13,11,215
SMS Pharma.,532815,SMSPHARMA,Pharmaceuticals & Biotechnology,274.65,2434.83,0,782.75,814.35,68.37,70.26,164.45,196.75,173.35,248.2,196.05,41.35,38.86,20.62,18.21,40.69,34.65,19.22,11.51,797.75,111.84,115.11,19.34,50.12,81.71,0.1123,-7.71,0.0404,0.0276,-0.0127,12.5,72,74,76,2642
Snowman Logistic,538635,SNOWMAN,Transport Services,52.23,872.7,0,552.53,575.01,5.49,6.44,140.23,143.45,131.85,137.01,162.7,24.05,24.35,3.9,2.54,102.54,135.51,16.02,41.9,584.81,29.96,31.53,3.92,87.82,65.42,0.0177,25.88,0.0407,0.173,0.1324,7.8,8,9,10,1409
Sobha,532784,SOBHA,Realty,1452,15525.41,0,4038.69,4250.23,94.7,102.26,640.4,933.59,1224.09,1240.62,851.93,94.05,23.82,40.86,13.62,161.18,151.82,33.03,124.75,3961.7,328.51,313.18,158.24,647.44,199.92,0.0658,91.72,0.0524,0.0798,0.0275,19,110,119,129,19548
Softtech Enginee,543470,SOFTTECH,IT - Software,379.85,525.79,0,95.25,102.51,1.29,1.63,19.75,22.95,21.55,31,27.01,4.72,7.38,0.04,0.95,112.13,322.57,36.76,48.44,154.65,8.2,8.56,3.23,18.7,27.96,0.0314,11.68,0.0762,0.2636,0.1873,12.2,2,3,3,1061
Solara Active,541540,SOLARA,Pharmaceuticals & Biotechnology,601.25,2683.97,0,1283.76,1239.42,0.54,24.52,363.49,346.95,300.31,273.01,319.15,45.37,57.02,-2.1,10.52,101.73,109.46,-12.2,178.16,1258.07,115.35,132.36,0,108.87,212.82,0.0195,190.36,-0.0345,44.4074,44.4419,0,1113,50556,2295623,251278903
Solar Industries,532725,SOLARINDS,Chemicals & Petrochemicals,14110,127681.5,51.08,7540.26,8009.91,1255.34,1261.68,1684.8,1715.83,1973.08,2166.55,2154.45,537.09,534.85,322.23,338.7,81.38,101.2,27.88,18.24,4878.67,1921.3,1927.67,440.41,1406.01,2467.56,0.3489,-9.64,0.0623,0.0051,-0.0572,200.4,1268,1274,1281,129626
Solarworld Ene.,544532,SOLARWORLD,Construction,329.9,2859.33,0,544.77,544.77,76.94,76.94,,,,,,,,,,31.47,37.16,,,336.79,112.68,112.68,33.41,7.18,53.9,0.3277,0,0,0,0,,77,77,77,2859
Solex Energy,,SOLEX,Electrical Equipment,1548.15,1672.39,0,660.04,660.04,39.6,39.6,272.89,,,273.09,386.96,24.3,44.54,13.08,26.52,136.62,42.23,41.8,231.09,224.23,63.22,63.22,12.11,1.71,-48.85,0.2306,189.29,0,0,0,,40,40,40,1672
Somany Ceramics,531548,SOMANYCERA,Consumer Durables,459.2,1883.31,0,2658.77,2684.62,60.96,59.25,578.58,666.33,644.86,768.99,604.44,62.46,48.18,21.34,10.37,33.16,31.79,4.47,-15.55,1078.68,138.99,131.86,28.8,393.39,141.17,0.0816,-20.02,0.0097,-0.0281,-0.0378,-11.3,58,56,54,1729
Sona BLW Precis.,543300,SONACOMS,Auto Components,432.8,26908.08,59.18,3546.02,3508.76,585.32,605.16,891.18,922.19,867.91,864.75,853.91,231.27,205.55,166.08,131.47,70.91,44.46,-4.18,-7.38,4991.29,807.32,830.04,178.38,692.75,775.19,0.157,-3.2,-0.0105,0.0339,0.0444,13.1,626,647,669,29735
Sonata Software,532221,SONATSOFTW,IT - Software,368.7,10339.26,0,10157.25,10595,424.94,428.37,2527.43,2169.83,2842.79,2617.2,2965.18,172.66,159.65,107.53,109.34,31.55,24.14,17.32,3.51,1481.59,639.3,634.93,174.8,280.54,644.33,0.4071,-13.81,0.0431,0.0081,-0.035,29.9,432,435,439,10593
Savita Oil Tech,524667,SOTL,Petroleum Products,405.75,2803.75,0,3812.68,3847.35,100.72,140.44,955.5,907.2,945.43,1005.6,989.12,48.29,59.86,34.53,58.97,16.65,19.96,3.52,39.41,1268.27,162.34,212.74,39.03,177.16,62.31,0.1415,35.89,0.0091,0.3944,0.3853,0.5,196,273,381,7599
South Ind.Bank,532218,SOUTHBANK,Banks,34.26,8964.99,0,9413.31,9461.34,1304.63,1330.7,2314.41,2354.72,2370.74,2373.44,2362.44,1391.86,1340.92,342.19,321.95,5.9,6.74,2.08,9.46,1025.49,7686.91,7804,464.4,7075.21,-2352.95,1.7505,7.38,0.0051,0.02,0.0149,3.4,1357,1384,1412,9517
South West Pinn.,543986,SOUTHWEST,Commercial Services & Supplies,128.9,384.51,0,179.19,189.18,13.35,14.98,29.37,27.35,47.91,73.81,40.11,15.62,5.76,9.12,2.07,40.85,25.67,36.57,7.81,179.13,26.55,28.31,4.88,18.28,25.69,0.1109,-28.76,0.0558,0.1221,0.0663,2.1,17,19,21,543
S P Apparels,540048,SPAL,Textiles & Apparels,709.2,1779.57,83.58,1395.13,1553.27,94.66,97.94,245.31,391.3,359.32,399.21,403.44,54.24,52.93,30.41,21.4,19.09,18.17,64.46,18.49,858.13,156.09,173.47,40.62,79.2,44.42,0.1615,-45.97,0.1134,0.0347,-0.0787,5.2,101,105,108,1971
Spandana Sphoort,542759,SPANDANA,Finance,255.15,2044.35,0,2180.72,1786.06,-956.73,-1336.91,663.13,640.36,509.36,374.47,261.87,-370.32,-298.73,-410.19,-328.91,19.31,,-60.51,-741.28,1919.47,-394.66,-1013.35,-73.15,-2327.13,3782.97,-0.7346,-680.77,-0.181,0.3974,0.5784,0,-806,-486,-293,0
SPARC,532872,SPARC,Pharmaceuticals & Biotechnology,134.01,4348.91,0,71.77,64.6,-345.25,-300.41,16.81,12.86,14.91,27.19,9.64,-53.92,-52.33,-60.98,-52.03,,,-42.65,46.27,-198.98,-336.34,-285.84,0,-429.43,-362.41,1.5097,88.92,-0.0999,-0.1299,-0.03,0,-339,-384,-433,0
Spacenet Enterpr,,SPCENET,Commercial Services & Supplies,9.17,519.12,0,157.05,176.01,11.89,13.12,34.44,45.06,38.83,38.73,53.39,4.59,4.43,4.58,3.8,161.24,39.57,55.02,47.29,98.64,13.36,14.14,0.61,-1.13,17.48,0.1392,-7.73,0.1207,0.1034,-0.0173,3.8,14,16,18,698
Speciality Rest.,534425,SPECIALITY,Leisure Services,138.81,669.56,0,413.08,419.01,17.51,19.97,97.13,97.94,119.39,98.62,103.06,15.68,18.02,2.66,5.68,25.35,33.53,6.11,-20.56,201.32,37.12,40.82,2.51,60.21,73.21,0.1117,-26.67,0.0144,0.1405,0.1261,2.4,23,26,30,993
Spectrum Electr.,544386,SPECTRUM,Industrial Manufacturing,1339,2104.08,0,402.24,402.24,25.61,25.61,75.41,,,168.54,85.43,25.46,11.72,13.58,5.69,132.35,82.16,13.29,163.43,149.79,48.95,48.95,10.44,-0.99,-26.31,0.2407,150.14,0,0,0,,26,26,26,2104
Spencer's Retail,542337,SPENCERS,Retailing,55.86,503.48,0,1995.19,1862.71,-266.87,-264.54,548.32,518.03,516.97,411.87,415.84,-11.45,-6.67,-68.41,-61.61,,,-24.16,-41.86,228.2,-102.81,-103.15,0,35.08,37.41,-1.1592,-17.7,-0.0664,-0.0087,0.0577,0,-267,-269,-272,0
S P I C,590030,SPIC,Fertilizers & Agrochemicals,93.06,1895.07,0,3086.33,3112.62,157.51,159.85,754.34,759.58,818.04,754.37,780.63,36.8,93.29,19.47,66.71,9.42,11.86,3.49,6.65,701.62,292.91,299.88,57.81,227.41,-37.95,0.3102,3.16,0.0085,0.0149,0.0063,8,162,165,167,1982
SpiceJet,500285,SPICEJET,Transport Services,34.96,4941.24,0,5284,4694.55,59.01,-326.97,1695.52,911.04,1231.07,1446.38,1106.06,52.56,-89.57,324.87,-235.08,270.62,,-34.77,-256.76,-1885.18,349.82,-60.63,0,-613.42,-1665.07,0.1734,-221.99,-0.1116,-6.5409,-6.4294,0,-2466,-18593,-140211,0
Supreme Petroch.,500405,SPLPETRO,Chemicals & Petrochemicals,801.15,15064.93,0,6023.38,5836.42,368.95,349.5,1573.49,1505.56,1405.3,1539.02,1386.54,144.63,114.72,106.89,80.92,28.96,43.1,-11.88,-33.64,1924.76,511.45,481.85,117.57,557.03,341.61,0.2427,-21.76,-0.031,-0.0527,-0.0217,-8.2,331,314,297,12805
SPML Infra,500402,SPMLINFRA,Construction,241.13,1728.65,0,770.64,719.78,47.88,47.13,206.76,188.57,186.27,189.03,155.91,10.3,7.2,12.01,12.12,49.92,36.68,-24.59,-6.26,491.09,95.88,93.79,8.3,594.49,-84.4,0.1129,18.33,-0.066,-0.0157,0.0503,-23.4,46,46,45,1649
Sportking India,539221,SPORTKING,Textiles & Apparels,99.92,1269.7,50.98,2523.64,2475.99,108.3,112.58,634.05,651.65,609.73,628.81,585.8,74.35,70.55,36.12,35.15,12.38,11.28,-7.61,10.43,1374.18,202.77,200.13,44.74,-235.79,414.62,0.1145,18.04,-0.0189,0.0395,0.0584,2.9,117,122,126,1426
Spunweb Nonwoven,,SPUNWEB,Textiles & Apparels,152.45,367.46,0,226.31,226.31,10.79,10.79,,,,,,,,,,24.68,34.06,,,77.78,23.4,23.4,5.32,9.94,2.95,0.2071,0,0,0,0,,11,11,11,368
Shankar Lal Ram.,542232,SRD,Chemicals & Petrochemicals,72.13,461.39,0,401.78,425.33,11.39,12.15,98.73,94.42,101.89,106.75,122.27,3.8,5.67,2.52,4.24,49.42,37.97,23.84,21.84,109.62,16.35,17.25,4.29,5.87,-12.59,0.15,-2,0.0586,0.0667,0.0081,5.7,13,14,15,560
Sreeleathers,535601,SREEL,Consumer Durables,231.34,535.67,0,216.94,221.03,22.59,20.9,48.69,62.66,55.42,53.15,49.8,6.7,3.97,5.29,2.93,24.51,25.63,2.28,-36.44,158.83,32.36,29.92,8.73,29.51,27.27,0.1866,-38.72,0.0189,-0.0748,-0.0937,-3.4,19,18,17,424
SRF,503806,SRF,Chemicals & Petrochemicals,3024.5,89653.69,0,14693.07,15047.57,1249.67,1430.88,3464.12,3424.3,3491.31,4313.34,3818.62,957.41,829.84,526.06,432.32,50.73,62.66,10.23,71.41,14525.9,2078.15,2294.86,504.66,2093.86,2487.49,0.1332,61.18,0.0241,0.145,0.1209,4.3,1638,1876,2148,134591
SRG Housing,534680,SRGHFL,Finance,303.5,475.9,0,154.53,159.46,24.4,25.31,33.77,36.06,38.94,42.75,41.71,25.33,25.06,6.19,6.78,18.52,18.8,23.51,15.7,59.05,92.09,95.82,6.89,-140.13,-131.49,0.5453,-7.81,0.0319,0.0373,0.0054,5,26,27,28,531
Sr.Rayala.Hypo,532842,SRHHYPOLTD,Chemicals & Petrochemicals,576.05,988.78,44.83,637.82,649.45,95.12,101.53,168.63,170.24,138.47,160.48,180.26,17.93,28.5,25.19,26.86,8.57,9.74,6.9,31.09,623.71,129.6,138.74,30.53,132.36,87.75,0.2117,24.19,0.0182,0.0674,0.0492,1.4,108,116,123,1203
SRM Contractors,544158,SRM,Construction,556.1,1275.93,0,526.59,615.47,50.15,58.73,54.22,95.25,150.44,226.69,143.09,33.77,20.57,22.61,13.06,20.37,21.73,163.91,179.06,273.12,74.49,85.88,18.99,14.27,1.08,0.2846,15.15,0.1688,0.1711,0.0023,1.3,69,81,94,2050
Saraswati Saree,544230,SSDL,Textiles & Apparels,87.33,345.83,0,603.59,628.01,30.58,30.83,130.37,164.75,182.14,136.35,144.77,9.16,8.97,7.03,6.35,11.35,11.22,11.05,4.1,170.57,43.1,42.22,10.65,-8.54,2.46,0.2432,-6.95,0.0405,0.0082,-0.0323,13.7,31,31,32,354
Sathlokhar Sys.,,SSEGL,Construction,474.1,1144.38,0,399.37,399.37,42.77,42.77,200.57,,,141.87,257.49,22.71,34.76,16.45,26.32,4.09,26.76,28.38,18.29,165.5,59.32,59.32,14.67,12.17,-90.85,0.3471,-10.09,0,0,0,,43,43,43,1145
Steel Str. Wheel,513262,SSWL,Auto Components,217.83,3423.86,12.67,4429,4590.49,210.05,213.69,1025.29,1095.1,1074.68,1233.93,1186.78,134.53,122.03,61.7,49.94,15.83,16.02,15.75,8.1,1942.8,399.38,400.92,66.58,64.95,517.6,0.1443,-7.65,0.0365,0.0173,-0.0191,9.2,217,221,225,3604
Stallion India,544342,STALLION,Chemicals & Petrochemicals,306.9,2434.49,0,377.45,414.75,32.33,34.27,73.17,67.56,85.15,151.57,110.47,18.72,14.3,13.27,10.36,28.52,71.04,50.98,23.04,291.71,48.57,50.18,10.35,-73.45,-13.43,0.153,-27.94,0.0988,0.06,-0.0388,11.8,36,39,41,2900
Stanley Lifesty.,544202,STANLEY,Consumer Durables,300.75,1718.05,0,426.2,434.2,28.84,33.2,100.7,103,109.7,112.8,108.7,22.7,22.5,10.5,7.9,66.34,51.75,7.94,107.89,528.2,57.1,58.8,14.4,45.5,68.3,0.0901,99.95,0.0188,0.1512,0.1324,3.4,38,44,51,2621
Strides Pharma,532531,STAR,Pharmaceuticals & Biotechnology,850.85,7842.52,95.85,4565.34,4630.73,3523.66,374.65,1054.34,1166.93,1153.67,1190.39,1119.74,217.87,218.08,103.38,106.44,26.73,20.93,6.2,41.26,2543.94,664.39,694.35,42.26,701.07,684.37,0.1639,35.06,0.0143,-0.8937,-0.908,-0.2,40,4,0,9
Star Cement,540575,STARCEMENT,Cement & Cement Products,265.5,10730.99,0,3163.39,3324.39,169.11,236.42,751.01,641.55,718.76,1052.09,911.99,262.71,228.22,123.17,98.45,28.67,45.39,21.44,217.17,2778.93,257.44,357.13,76.17,489.75,296.47,0.1125,195.73,0.0509,0.398,0.3471,1.1,331,462,646,29322
Star Health Insu,543412,STARHEALTH,Insurance,478.75,28148.1,0,16101.23,16518.43,630.08,589.46,3815.66,4058.37,4145.95,4081.25,4232.86,-7.32,351.16,0.51,262.52,41.3,47.75,10.93,-17.69,-10667.4,861.63,786.9,197.44,1309.96,1378.61,-0.0738,-28.62,0.0259,-0.0645,-0.0904,-7.4,551,516,483,23046
Starteck Fin.,512381,STARTECK,Finance,317.45,314.6,0,36.43,33.5,11.76,13.1,7.02,8.43,8.76,8.49,7.82,7.63,7.18,2.3,3.54,16.86,24.02,11.4,107.02,75.99,32.06,35.3,1.75,36.55,27.43,0.1954,95.62,-0.0804,0.1139,0.1944,2.1,15,16,18,435
S T C,512531,STCINDIA,Commercial Services & Supplies,136.77,820.62,,0,0,38.79,34.38,0,0,0,0,0,-13.74,-12.95,3.14,9.82,15.12,23.87,,-64.17,-4629.45,77.07,59.47,12.69,-22.12,-22.12,-0.0102,-64.17,,-0.1137,,-2.1,30,27,24,571
Steelcast,513517,STEELCAS,Industrial Products,222.51,2251.8,51.76,376.17,404.49,72.16,79.15,77.45,75.9,101.81,120.09,106.69,37.56,27.3,26.77,19.88,18.24,28.45,37.75,53.75,270.37,98.1,107.16,26.03,81.92,73.75,0.389,16,0.0753,0.0969,0.0216,2.9,87,95,104,2972
Steel Exchange,534748,STEELXIND,Industrial Products,10.66,1329.54,0,1140.01,1179.99,16.63,33.57,264.04,261.06,327.51,291.42,300,32.79,31.4,4.76,10.23,36.64,39.61,13.62,296.51,892.16,103.73,127.68,0,-47.97,96.72,0.0376,282.89,0.0351,1.0186,0.9836,0.4,68,137,276,10938
STEL Holdings,533316,STEL,Finance,392.75,724.84,0,21.91,21.99,15.87,16.14,0.39,7.78,0.3,13.44,0.47,13.34,0.24,9.98,0.35,45.6,44.91,20.51,288.89,2.99,21.21,21.56,5.43,12.03,43.18,7.214,268.38,0.0037,0.017,0.0134,26.4,16,17,17,762
Sterling Tools,530759,STERTOOLS,Auto Components,312.2,1129.67,1.24,1026.3,936.7,58.12,48.87,281.68,283.98,260.88,199.76,192.08,18.54,22.03,8.81,8.99,26.82,23.12,-31.81,-51.17,548.91,86.18,75.01,18.41,101.63,123.53,0.1226,-19.36,-0.0873,-0.1592,-0.0718,-1.5,41,35,29,672
STL Networks,544395,STLNETWORK,Telecom - Services,28.69,1399.85,,1179.72,1179.72,-31.95,-31.95,354.76,,,180.71,189.95,4.71,4.18,-21.01,-22.42,,,-46.46,-2364.65,,65.85,65.85,14.5,,,,-2318.19,0,0,0,,-32,-32,-32,0
Sterlite Tech.,532374,STLTECH,Telecom - Equipment & Accessories,116.72,5696.02,0,3996,4483,-126,-13,872,1413,999,1052,1019,125,132,5,10,19.48,,16.86,120.83,2726,133,229,39,791,348,0.0095,103.97,0.1219,-0.8968,-1.0187,0,-25,-47,-89,0
Stove Kraft,543260,STOVEKRAFT,Consumer Durables,667.35,2209.03,0,1447.73,1475.47,39.56,40.74,314.45,418.31,404.06,312.99,340.11,29.46,35.62,1.45,10.43,53.9,54.22,8.16,27.2,612.54,82.94,82.8,11.24,112.58,129.91,0.0849,19.04,0.0192,0.0298,0.0107,18.2,42,43,44,2413
Seshaasai Tech.,544533,STYL,Financial Technology (Fintech),426.6,6902.64,0,1463.15,1463.15,223.19,223.19,,,,,,,,,,27.52,30.93,,,734.67,330.38,330.38,70.55,199.59,168.12,0.3998,0,0,0,0,,223,223,223,6903
Stylam Industrie,526951,STYLAMIND,Consumer Durables,2018,3420.12,71.3,1025.09,1065.48,121.54,121.74,242.59,262.7,254.52,265.28,282.98,42.94,52.93,28.97,28.26,24.75,28.09,16.65,-0.32,619.31,168.63,179.13,47.04,109.19,107.46,0.2725,-16.97,0.0394,0.0016,-0.0378,170.7,122,122,122,3437
Baazar Style,544243,STYLEBAAZA,Retailing,329.05,2455.28,0,1343.55,1445.66,21.82,17.11,275.71,310.91,411.6,345.32,377.83,39.91,58.25,-6.4,1.98,81.27,143.5,37.04,-80.91,1149.24,101.58,101.67,12.35,111.84,52.77,0.0256,-117.95,0.076,-0.2159,-0.2919,-6.6,13,11,8,1184
Styrenix Perfor.,506222,STYRENIX,Chemicals & Petrochemicals,2384.4,4194.16,7.86,2982.42,3227.22,232.87,225.87,698.71,653.22,690.79,939.71,943.5,87.24,96.46,56.17,51.92,74.08,18.57,35.03,-15.16,1581.53,307.06,301.7,80.67,216.29,54.34,0.1938,-50.19,0.0821,-0.0301,-0.1121,-6.2,219,212,206,3827
Suba Hotels,,SUBAHOTELS,Leisure Services,187.3,454.06,0,79.24,79.24,15.15,15.15,,,,,,,,,,20.04,29.97,,,52.45,21.24,21.24,3.88,10.52,3.94,0.3628,0,0,0,0,,15,15,15,454
Subex,532348,SUBEXLTD,IT - Software,13.14,740.68,0,285.61,283.85,-35.93,-9.27,68.16,74.16,72.69,70.6,66.4,-13,3.93,-17.6,12.81,542.5,,-2.58,214.27,314.92,-22.09,1.66,9.22,-8.28,9.75,-0.0002,216.85,-0.0062,-0.742,-0.7358,0,-16,-28,-49,0
Subros,517168,SUBROS,Industrial Products,1121.3,7314.88,0.01,3367.57,3436,148.38,156.37,809.82,828.31,820.98,908.46,878.25,92.76,82.01,46.2,40.83,42.41,46.78,8.45,16.69,1027.67,211.98,222.2,64.66,165.5,174.84,0.2151,8.24,0.0203,0.0538,0.0335,8.7,165,174,183,8561
Sudarshan Chem.,506655,SUDARSCHEM,Chemicals & Petrochemicals,1312.1,10313.96,54.56,3345.58,5218.86,70.45,125.87,633.62,696.09,666.43,1349.44,2506.9,126.99,192.4,23.54,47.2,52.48,81.94,295.65,60.38,6022.41,242,329.24,138.31,193.46,37.04,0.0439,-235.27,0.5599,0.7867,0.2267,1,225,402,718,58822
Sukhjit Starch,524542,SUKHJITS,Agricultural Food & other Products,164.93,515.31,0,1497.95,1471.95,36.49,31.14,395.13,367.81,375.26,359.75,369.13,16.92,19.04,2.8,5.01,13.51,16.55,-6.58,-63.75,674.37,79.37,71.39,8.31,77.74,67.77,0.0585,-57.17,-0.0174,-0.1466,-0.1293,-1.1,27,23,19,320
Sula Vineyards,543711,SULA,Beverages,257.95,2177.87,0,579.15,567.86,69.89,57.51,120.93,132.36,200.15,125.71,109.64,28.46,18.3,13.03,1.94,44.86,37.87,-9.34,-86.74,661.24,117.62,101.49,15.91,121.19,58.38,0.111,-77.4,-0.0195,-0.1771,-0.1576,-2.1,47,39,32,1213
Sumeet Industrie,514211,SUMEETINDS,Textiles & Apparels,33.97,1787.93,0,1003.37,985.14,-5.73,10.84,266.69,241.89,251.76,243.02,248.47,6.14,13.6,4.07,7.98,85.62,164.94,-6.83,194.21,246.45,-6.1,12.38,13.3,14.79,410.06,0.098,201.04,-0.0182,-2.8918,-2.8736,-0.6,-21,-80,-311,-51231
Sumitomo Chemi.,542920,SUMICHEM,Fertilizers & Agrochemicals,527.75,26342.42,0,3090.37,3306.65,501.95,553.37,831.78,971.35,622.43,664.8,1048.07,117.3,219.65,98.41,179.81,51.81,47.6,26,40.05,2093.24,679.55,748.59,186.51,756.2,458.92,0.3535,14.05,0.07,0.1024,0.0325,4.6,610,673,741,35293
Sumit Woods,,SUMIT,Realty,95.99,434.53,0,140.83,150.72,11.51,13.26,32.38,45.72,29.81,32.92,42.27,8.77,6.49,4.71,3.43,29.81,32.77,30.54,113.04,203.88,26.3,27.9,6.18,35.99,23.26,0.0954,82.5,0.0702,0.152,0.0818,2.2,15,18,20,664
Summit Securitie,533306,SUMMITSEC,Finance,2187.4,2384.66,0,119.03,145.03,79.86,85.84,20.84,106.68,1,9.81,27.54,-4.86,26.58,-4.64,20.19,24.34,27.78,32.15,111.64,6.55,114.3,120.86,15.73,36.18,74.35,15.5069,79.49,0.2184,0.0749,-0.1436,3.7,92,99,107,2961
Sundaram Clayton,544066,SUNCLAY,Auto Components,1572.8,3467.42,0,2259.3,2190.51,-152.39,-172.58,580.43,562.6,529.35,586.92,511.64,31.36,16.19,-26.24,-57.76,,,-11.85,-3.42,1904.18,-53.69,-56.26,54.87,45.5,-9.7,-0.0618,8.43,-0.0304,0.1325,0.1629,0,-150,-130,-113,0
Sundaram Finance,590071,SUNDARMFIN,Finance,4409.5,48991.25,0,8512.82,8882.96,1853.94,1919.81,1951.6,2084.67,2190.31,2259.05,2348.93,1890.79,1790.12,552.98,475.21,27.02,25.52,20.36,9.28,3173.35,6638.95,6902.14,636.45,-8487.63,-8985.25,0.8055,-11.08,0.0435,0.0355,-0.008,7.2,1988,2059,2132,54403
Sundaram Fin.Hol,,SUNDARMHLD,Finance,673.3,14954.25,0,154.63,290.58,412.1,460.12,42.79,29.86,32.58,49.35,178.79,37.26,46.81,107.12,158.38,11.31,32.5,317.83,43.54,87.28,118.22,170.35,37.55,131.66,188.28,5.702,-274.29,0.8792,0.1165,-0.7627,2.8,514,574,640,20814
Sundaram Brake,590072,SUNDRMBRAK,Auto Components,775.1,304.97,0,352.21,360.52,5.17,3.15,83.71,83.25,88.3,96.96,92.01,3.38,1.59,1.32,-0.53,48.59,96.82,9.92,-135.57,105.21,11.4,8.04,0.8,15.21,0.13,0.0375,-145.49,0.0236,-0.3907,-0.4143,-2.5,2,1,1,69
Sundram Fasten.,500403,SUNDRMFAST,Auto Components,1000.9,21031.75,30.45,5955.42,5991.14,539.78,545.62,1497.67,1486.04,1441.12,1530.59,1533.39,224.71,247.07,124.43,148.35,44.71,38.55,2.39,4.6,3776.31,749.45,758.24,164.04,588.72,423.27,0.1879,2.21,0.006,0.0108,0.0048,35.6,552,557,564,21724
Sundrop Brands,500215,SUNDROP,Agricultural Food & other Products,785.55,2961.28,1.5,898.87,1090.35,36.36,40.02,180.64,206.06,208.3,303.87,372.12,-0.36,13.66,28.92,4.31,136.11,74,106,2055,1460.79,2.17,7.86,0.3,62.61,84.41,0.0276,1949,0.213,0.1007,-0.1124,7.4,44,48,53,3949
Sunflag Iron,500404,SUNFLAG,Industrial Products,267.55,4821.77,0,3535.59,3653.66,162.06,196.79,894.74,865.74,892,883.11,1012.81,100.43,109.37,43.25,62.61,24.78,24.5,13.2,124.49,2295.89,301.66,346.78,72.78,244.39,187.39,0.1174,111.29,0.0334,0.2143,0.1809,1.1,239,290,352,8633
Sun Pharma.Inds.,524715,SUNPHARMA,Pharmaceuticals & Biotechnology,1670.9,400904.9,65.93,52578.44,53777.09,11453.96,11466.17,12652.75,13291.39,13675.46,12958.84,13851.4,3716.09,4301.66,2389.56,2868.6,34.58,34.96,9.47,1.16,49973.99,14677.74,15241.87,3089.93,12134.98,14072.09,0.2913,-8.31,0.0228,0.0011,-0.0217,328,11478,11491,11503,402141
Sunteck Realty,512179,SUNTECK,Realty,444.4,6509.97,0,853.13,725.42,150.37,160.97,316.28,169.05,162,206.05,188.32,68.68,47.74,50.39,33.43,85.26,40.44,-40.46,46.75,2948.61,224.39,241.78,26.44,111.02,189.84,0.0636,87.21,-0.1497,0.0705,0.2202,5.7,172,184,197,7986
Sun TV Network,532733,SUNTV,Entertainment,577.6,22762.33,0,4015.09,3994.19,1740.38,1713.82,1313.55,934.54,827.56,941.81,1290.28,414.36,616.62,412.5,529.1,13.35,13.28,-1.77,-5.4,3112.26,2280.1,2229.27,524.4,2171.3,1663.08,0.7192,-3.63,-0.0052,-0.0153,-0.0101,-8.7,1688,1662,1637,21733
Suprajit Engg.,532509,SUPRAJIT,Auto Components,448.35,6217.32,0,3276.95,3405.02,85.93,109.22,734.86,833.6,831.58,876.92,862.92,87.01,81.74,27.24,48.09,38.87,56.92,17.43,26.09,1365.77,228.56,273.41,111.56,249.22,184.74,0.1617,8.66,0.0391,0.271,0.232,2.1,139,176,224,12766
Supreme Holdings,530677,SUPREME,Realty,96.68,373.64,0,66.23,43.18,10.31,6.79,23.21,23.18,19.67,0.17,0.16,-2.72,-1.13,-1.69,0.06,26.8,55.03,-99.31,-98.41,543.36,13.59,8.7,2.06,-36.38,-10.74,0.0163,0.9,-0.348,-0.3414,0.0066,-1.6,4,3,2,107
Supreme Inds.,509930,SUPREMEIND,Industrial Products,4237.4,53826.37,0,10446.25,10419.11,922.73,889.81,2636.35,2272.95,2509.88,3027.07,2609.21,416.27,318.88,293.94,202.3,52.14,60.49,-1.03,-26,4867.67,1201.3,1158.61,257.46,1412.9,1003.72,0.2357,-24.97,-0.0026,-0.0357,-0.0331,-17,858,827,798,48267
Supreme Power,,SUPREMEPWR,Electrical Equipment,212.05,529.94,0,144.8,144.8,18.6,18.6,25.45,29.38,27.52,,38.23,,5.52,,4.45,29.44,28.49,50.22,30.88,84.48,25.94,25.94,5.25,-6.29,37.02,0.2823,-19.34,0,0,0,,19,19,19,530
Supriya Lifesci.,543434,SUPRIYA,Pharmaceuticals & Biotechnology,722.05,5811.26,92.82,696.48,680.93,187.97,178.1,160.63,166.1,185.65,184.11,145.07,67.58,51.7,50.38,34.79,25.23,32.63,-9.69,-22.07,955.77,250.3,237.99,52.53,113.31,164.68,0.2413,-12.38,-0.0223,-0.0525,-0.0302,-6.2,169,160,151,4943
Suraj Estate,544054,SURAJEST,Realty,279.35,1334.55,0,549.09,547.89,99.16,91.38,133.67,109.09,169.85,136.48,132.47,30.1,49.58,18.29,21.28,26.13,14.6,-0.9,-29.37,1243.49,200.39,188.42,30.45,9.01,-306.34,0.098,-28.47,-0.0022,-0.0785,-0.0763,-1.9,84,78,72,1044
Suraj,531638,SURAJLTD,Industrial Products,310.65,570.48,0,233.74,229.34,12.78,10.35,54.74,56.64,63.61,58.75,50.34,-4.21,4.84,-5.92,2.74,27.98,55.12,-8.04,-51.93,109.21,22.48,19.48,3.11,40.82,-9.01,0.1232,-43.89,-0.0188,-0.1901,-0.1713,-2.9,8,7,5,303
Suraksha Diagno.,544293,SURAKSHA,Healthcare Services,291.65,1518.94,0,252.09,263.94,32.01,33.28,60.73,66.75,59.51,65.09,72.59,19.18,23.74,7.39,9.4,2.9,45.64,19.53,18.39,237.95,50.73,52.22,10.08,60.48,63.36,0.1822,-1.14,0.047,0.0397,-0.0073,11.5,35,36,37,1707
Surana Telecom,517530,SURANAT&P,Power,22.15,300.71,0,15.92,15.69,0.53,24.96,4.38,3.01,3.77,4.77,4.14,-2.33,1.54,19.28,2.68,24.97,12.05,-5.48,51.41,60.56,1.13,30.12,5.47,14.69,3.5,0.5025,56.89,-0.0144,46.0943,46.1088,0,1175,55358,2607058,31415050
Surya Roshni,500336,SURYAROSNI,Industrial Products,288.2,6272.27,0,7435.22,7146.55,344.35,289.59,1893.08,1528.72,1867.77,2145.65,1604.41,202.4,69.77,130.06,33.6,17.14,21.66,-15.25,-63.64,2476.56,482.28,410.57,111.97,546.72,393.27,0.1621,-48.39,-0.0388,-0.159,-0.1202,-1.4,244,205,172,3731
Suryoday Small,543279,SURYODAY,Banks,151.01,1605.08,0,1953.75,1960.8,114.92,80.19,488.12,507.2,487.85,470.58,495.17,119.04,186.21,-33.78,35.28,10.73,20.02,1.44,-49.64,285.87,991.4,998.69,17.75,934.73,1319.98,0.3426,-51.08,0.0036,-0.3022,-0.3058,-0.7,56,39,27,545
Sutlej Textiles,532782,SUTLEJTEX,Textiles & Apparels,34.4,563.57,34.95,2642.36,2589.11,-65.82,-78.16,651.74,675.99,648.61,666.02,598.49,9.57,-0.07,-11.08,-25.68,5.8,,-8.17,-184.7,1163.63,-45.94,-62.16,0,224.55,69.69,-0.0672,-176.53,-0.0202,0.1875,0.2076,0,-64,-52,-42,0
Suven Life Scie.,530239,SUVEN,Healthcare Services,209.41,4763.54,0,6.66,7.52,-165.73,-184.22,1.01,2.57,1.61,1.47,1.87,-43.82,-50.75,-43.94,-51.52,,,85.15,-83.74,89.36,-165.55,-184.2,0,-115.47,-154.1,-2.0615,-168.89,0.1291,0.1116,-0.0176,0,-164,-145,-129,0
Suyog Telematics,537259,SUYOG,Telecom - Services,766.15,857.29,0,192.57,198.2,40.55,40.68,45.99,47.74,48.78,50.06,51.62,8.22,39.24,-13.78,17.01,19.05,21.07,12.24,0.71,517.08,72.57,75.1,14.75,71.96,71.06,0.1072,-11.53,0.0292,0.0032,-0.026,65.7,41,41,41,865
Suzlon Energy,532667,SUZLON,Electrical Equipment,54.31,73852.46,3.01,10889.74,11999.87,2077.4,2093.66,2021.59,2103.38,2974.83,3789.94,3131.72,693.46,599.07,1182.22,324.32,92.92,35.27,54.91,7.29,5178.82,1707.23,1916.73,15.04,79.53,1091.96,0.4072,-47.62,0.1019,0.0078,-0.0941,45.1,2110,2127,2143,75591
Shree Vasu Logis,,SVLL,Transport Services,783,899.96,0,145.99,162.14,2.18,3.3,33.73,34.6,36.87,40.92,49.75,10.78,12.44,1.1,1.87,106.75,272.72,47.49,149.33,118.02,14.99,17.63,1.93,26.21,17.5,0.0443,101.84,0.1106,0.5138,0.4031,5.3,5,8,11,3122
Swan Corp,503310,SWANCORP,Chemicals & Petrochemicals,444.75,13941,0,4937.87,5009.31,-304.32,636.36,1141.74,1032.19,1908.19,855.75,1213.18,13.9,26.75,-16.86,19.13,53.99,21.91,6.26,-86.23,10015.97,-167.56,1340.36,572.98,25.87,-528.86,0.1207,-92.49,0.0145,-3.0911,-3.1056,-0.1,-1331,-5444,-22272,-487972
Swan Defence,533107,SWANDEF,Industrial Manufacturing,636.2,3351.64,0,7.03,7.45,-178.81,-159,0,0.96,1.16,4.91,0.42,-9.44,-31.62,-20.66,-31.17,,,,39.42,2518.17,-158.34,-146.02,0,-70.14,-96.79,-0.0631,39.42,0.0597,-0.1108,-0.1705,0,-177,-196,-218,0
Swaraj Suiting,,SWARAJ,Textiles & Apparels,165,363.24,0,416.57,416.57,33.42,33.42,176.72,,,161.51,255.06,24.85,48.37,9.85,23.46,19.77,10.87,44.33,84.58,320.6,63.58,63.58,6.38,44.9,40.86,0.1241,40.25,0,0,0,,33,33,33,363
Swaraj Engines,500407,SWARAJENG,Industrial Products,4240.5,5151.13,0,1681.89,1748,165.19,172.76,417.99,464.24,345.5,454.16,484.1,61.94,67.1,45.42,49.97,21.39,29.82,15.82,15.7,330.14,222.32,232.55,59.79,142.38,176.67,0.7044,-0.12,0.0393,0.0458,0.0065,6.5,181,189,198,5893
Swelect Energy,532051,SWELECTES,Electrical Equipment,934.25,1416.21,0,621.67,685.05,4.93,26.85,113.84,197.64,91.38,218.81,177.22,28.63,41.72,8.85,20.54,56.5,52.75,55.67,227.07,906.11,74.07,119.78,3.28,89.54,130.09,0.0333,171.4,0.102,4.4462,4.3443,0.1,146,796,4337,228801
Swiggy,544285,SWIGGY,Retailing,435.55,108610.8,0,15226.76,16965.52,-3107.41,-3703.98,3222,3601.45,3993.07,4410,4961,-964,-955,-1081,-1197,,,53.97,-100.17,7825.67,-3006.82,-3582.38,0,-1312.74,-2169.47,-0.4733,-154.14,0.1142,0.192,0.0778,0,-2993,-2418,-1954,0
Sterling & Wils.,542760,SWSOLAR,Construction,249.51,5825.92,0,6301.86,7148.43,80.95,109.23,915.06,1030.49,1837.2,2519.11,1761.63,133.57,85.46,55.38,31.97,88.07,53.34,92.52,663.01,1185.99,288.62,342.25,74.02,538.4,37.88,0.1545,570.49,0.1343,0.3494,0.215,1.5,147,199,268,14314
Symphony,517385,SYMPHONY,Consumer Durables,894.15,6165.79,0,1575.7,1189,244.22,204.8,393,315,242,381,251,99,26,79,37.8,47.52,30.11,-36.13,-57.05,297.98,335.08,261,61,161.56,258.81,0.892,-20.92,-0.2454,-0.1614,0.084,-1.9,172,144,121,3637
Syncom Formul.,524470,SYNCOMF,Pharmaceuticals & Biotechnology,16.99,1597.06,82.62,460.53,493.53,48.55,56.93,86.83,101.49,127.03,148.46,116.55,17.47,15.78,17.49,15.7,42.87,28.05,34.23,105.77,245.18,65.27,75.46,16.34,-5.94,23.31,0.2988,71.54,0.0717,0.1726,0.1009,1.6,67,78,92,2575
Syngene Intl.,539268,SYNGENE,Healthcare Services,651.3,26243.44,0,3642.4,3727.2,473.2,507.2,789.7,891,943.7,1018,874.5,343.6,206.4,183.3,86.7,57.44,51.74,10.74,67.41,4348.2,683.9,712.9,142,1042.1,1167.6,0.1493,56.67,0.0233,0.0719,0.0486,7.2,544,583,625,32315
Syrma SGS Tech.,543573,SYRMA,Industrial Manufacturing,843.65,16237.24,23.25,3786.69,3570.78,158.87,201.85,1159.97,832.74,869.7,924.36,943.98,107.5,86.62,65.44,49.74,71.91,80.44,-18.62,157.72,1885.93,279.83,336.48,65.65,-109.13,176.46,0.1418,176.34,-0.057,0.2705,0.3276,3,256,326,414,33301
Systango Tech,,SYSTANGO,IT - Software,235,344.72,0,67.14,67.14,21.12,21.12,29.65,,,28.78,38.36,8.49,14.44,9.7,14.03,20.86,16.32,29.38,59.79,41.77,25.98,25.98,5.24,8.69,12.38,0.6311,30.41,0,0,0,,21,21,21,345
Systematix Corp.,526506,SYSTMTXC,Capital Markets,148.51,2027.73,0,168.28,147.74,46.18,54.48,29.28,36.67,42.27,29.63,39.17,1.46,15.53,3.3,10.46,35.27,37.22,33.78,501.15,259.24,61.85,72.82,17.28,87.83,-20.13,0.2768,467.37,-0.1221,0.1797,0.3018,2.1,64,76,89,3329
TAC Infosec,,TAC,IT - Software,1298.1,1360.36,0,23.49,23.49,12.98,12.98,6.64,,,8.11,15.38,3.14,9.35,3.51,9.59,84.78,104.8,131.63,117.95,38.25,13.81,13.81,0.42,-2.27,10.27,0.3503,-13.68,0,0,0,,13,13,13,1360
TajGVK Hotels,532390,TAJGVK,Leisure Services,413.85,2594.9,0,449.68,463.26,94.87,118.36,92.81,105.17,126.94,124.76,106.39,33.22,31.86,28.6,36.22,26.01,21.92,14.63,184.97,579.76,137.48,162.66,35.45,123.25,116.17,0.2653,170.34,0.0302,0.2476,0.2174,0.9,148,184,230,5038
Talbros Auto.,505160,TALBROAUTO,Auto Components,292.05,1802.77,0,827.05,829.47,93.18,96.01,204.35,215.38,201.47,205.86,206.76,34.72,31.05,26.58,22.2,19.71,18.78,1.18,7.71,436.49,131.54,134.63,25.42,66.75,80.02,0.2782,6.53,0.0029,0.0304,0.0274,6.2,99,102,105,1972
Tanla Platforms,532790,TANLA,IT - Software,711.3,9433.07,0,4027.72,4066.17,507.28,484.46,1002.2,1000.72,1000.43,1024.36,1040.66,163.47,163.92,117.33,118.41,20.49,19.47,3.84,-16.15,2044.94,634.87,606.61,119.85,589.93,642.1,0.2955,-19.99,0.0095,-0.045,-0.0545,-4.3,463,442,422,8216
Tara Chand Infra,,TARACHAND,Commercial Services & Supplies,86.96,685.46,0,247.82,263.22,21.17,26.77,45.66,56.16,64.36,81.63,61.07,25.15,22.45,7.86,6.45,20.58,25.61,33.75,42.07,305.52,35.71,43.3,5.68,46.23,56.16,0.1062,8.32,0.0621,0.2645,0.2024,1,34,43,54,1386
TARC Ltd,543249,TARC,Realty,151.14,4460.09,0,33.69,101.37,-231.22,-146.31,8.21,4.31,9.35,11.82,75.89,-83.65,-120.31,-104.52,54.23,151.48,,824.36,276.82,1404.29,-136.75,-25.19,36.12,158.22,42.96,-0.0785,-547.54,2.0089,-0.3672,-2.3761,0,-200,-273,-374,0
T R I L,532928,TARIL,Electrical Equipment,491.35,14748.65,0,2016.93,2226.71,211.8,258.97,322,461.54,559.36,676.48,529.33,131.26,88.19,91.62,67.35,78.34,56.95,64.39,235.24,673.7,332.03,393.71,83.19,29.14,156.58,0.5079,170.85,0.104,0.2227,0.1187,2.6,317,387,473,26960
Tarsons Products,543399,TARSONS,Healthcare Equipment & Supplies,298.5,1588.21,0,392.41,398.98,29.53,27.53,84.8,99.25,95.68,112.69,91.36,37.02,24.7,10.2,1.78,32.21,57.69,7.74,-55.72,835.78,63.97,61.66,13.7,102.71,114.24,0.0493,-63.46,0.0167,-0.0677,-0.0845,-8.5,26,24,22,1287
Tasty Bite Eat.,519091,TASTYBITE,Food Products,8890,2281.17,0,554.41,590.23,25.66,37.49,85.29,156.7,178.68,133.74,121.11,10.92,15.68,6.19,8.19,99.03,60.85,42,321.95,368.48,40.65,56.51,12.97,66.78,39.21,0.1369,279.95,0.0646,0.461,0.3964,1.3,55,80,117,7115
Tata Capital,544574,TATACAP,,,138382.7,0,28323.85,28323.85,3658.33,3658.33,,,,7478.07,7664.81,5406.41,5539.02,1051.7,989.89,,37.83,,,10016.86,19939.68,19939.68,1141.21,-37998.5,-29872.5,0.4791,0,0,0,0,,3658,3658,3658,138395
Tata Chemicals,500770,TATACHEM,Chemicals & Petrochemicals,903.05,23006.1,0,14887,14817,263.24,421.62,3789,3999,3590,3509,3719,327,649,-24.38,252,18.53,54.57,-1.85,82.4,21289,1154,1314,126,3016,1761,0.0257,84.25,-0.0047,0.6017,0.6064,0.9,675,1082,1732,94533
Tata Comm,500483,TATACOMM,Telecom - Services,1870.2,53300.7,0,23108.59,23476.12,1326.36,1041.28,5592.32,5727.85,5798.07,5990.35,5959.85,1122.08,1136.81,294.55,244.11,38.59,51.19,6.57,-17.35,8837.94,2102.11,2070.33,605.68,3182,2910.81,0.1864,-23.92,0.0159,-0.2149,-0.2308,-2.4,817,642,504,25791
Tata Consumer,500800,TATACONSUM,Agricultural Food & other Products,1126.5,111471.9,0,17618.3,18045.14,1263.28,1315.03,4352.07,4214.45,4443.56,4608.22,4778.91,620.95,606.94,310.41,334.15,75.51,84.77,9.81,10.53,24531.27,2047.07,2012.49,356.03,1936.68,2056.65,0.0681,0.72,0.0242,0.041,0.0167,20.7,1369,1425,1483,125744
Tata Elxsi,500408,TATAELXSI,IT - Software,5407.5,33685.35,0,3729.05,3657.71,785.39,670.62,955.09,939.17,908.34,892.1,918.1,186.71,193.33,144.37,154.82,57.4,50.23,-3.87,-32.52,2232.25,1049.2,906.21,237.68,701.23,811.98,0.4069,-28.65,-0.0191,-0.1461,-0.127,-3.4,573,489,417,20971
Tata Inv.Corpn.,501301,TATAINVEST,Finance,9295,47028.33,0,304.48,308.08,312.09,327.32,142.46,142.48,3.71,16.43,145.46,7.39,134.42,37.72,146.3,84,143.68,2.11,11.62,171.99,368.65,380.92,47.38,234.86,206.21,2.1786,9.51,0.0118,0.0488,0.037,29.4,343,360,378,54256
Tata Motors,500570,TATAMOTORS,Automobiles,678.95,250011.9,0,439695,437968,28226.02,21618.3,107102,101450,112608,119503,104407,16818,10224,8886.73,3963.51,11.06,11.56,-2.52,-29.84,147945,39413,36253,5349,67915,63102,0.1823,-27.32,-0.0039,-0.2341,-0.2302,-0.5,16557,12681,9713,112278
Tata Power Co.,500400,TATAPOWER,Power,390.1,124650.2,0,65478.24,66219.68,3739.39,4121.38,17293.62,15697.67,15391.06,17095.88,18035.07,3068.26,3565.17,1031.12,1059.86,30.46,30.24,4.29,9.16,74269.66,10675.93,11376.19,635.9,12504.37,12680.19,0.0641,4.87,0.0113,0.1022,0.0908,3,4542,5006,5518,166859
Tata Steel,500470,TATASTEEL,Ferrous Metals,173.86,217038.6,42.18,218542.5,216949.2,3565.78,4784.71,54771.39,53904.71,53648.3,56218.11,53178.12,6559.22,7427.54,1444.51,2164.15,56.12,45.36,-2.91,97.11,174391.8,16139.85,17148.63,3861.79,20300.67,23511.81,0.0496,100.02,-0.0073,0.3418,0.3491,1.3,6420,8615,11560,524363
Tata Technolog.,544028,TATATECH,IT - Services,714.35,28982.03,0,5168.45,5143.77,676.95,685.2,1268.97,1296.45,1317.38,1285.65,1244.29,233.41,200.14,188.87,170.28,58.87,42.3,-1.94,5.09,2508.34,941.03,953.84,332.66,294.33,699.25,0.4058,7.03,-0.0048,0.0122,0.017,34.7,694,702,711,30057
Tatva Chintan,543321,TATVA,Chemicals & Petrochemicals,1069.2,2501.08,61.53,382.71,394.11,5.74,7.16,105.46,83.49,85.9,107.86,116.86,8.96,17.32,1.03,6.65,79.73,349.31,10.81,27.64,722.19,9.13,11.27,2.48,98.04,24.67,0.0133,16.83,0.0298,0.2474,0.2176,14.1,9,11,14,4854
Taurian MPS,,TAURIAN,Industrial Manufacturing,375.75,333.79,1.99,73.53,73.53,9.38,9.38,,,,,,,,,,21.07,35.59,,,34.56,13.74,13.74,3.15,1.03,0.46,0.3626,0,0,0,0,,9,9,9,334
TBO Tek,544174,TBOTEK,Leisure Services,1561.6,16957.07,0,1737.47,1830.29,214.17,214.9,418.46,450.69,422.19,446.13,511.28,64.72,74.07,51.43,56.66,79.17,78.91,22.18,-6.99,1176.36,288.71,276.23,39.72,226.5,288.8,0.2164,-29.17,0.0534,0.0034,-0.05,231.5,216,216,217,17132
T B Z,534369,TBZ,Consumer Durables,184.96,1234.25,0,2620.49,2648.25,68.47,73.84,596.24,567.05,927.85,529.34,624.01,36.23,53.15,9.49,22.5,16.45,16.72,4.66,31.96,729.23,160,163.13,28.49,39.69,-26.85,0.1403,27.3,0.0106,0.0784,0.0678,2.1,80,86,93,1548
Transport Corp.,532349,TCI,Transport Services,1199,9355.88,0,4491.78,4586,411.51,428,1045.1,1120.8,1147.1,1178.8,1139.3,121.7,121,114.2,106.5,19.83,21.86,9.01,17.03,1941.15,478.58,496,37.4,299.31,359.19,0.2398,8.02,0.021,0.0401,0.0191,5.5,445,463,482,10527
TCI Express,540212,TCIEXP,Transport Services,683.9,2627.47,0,1208.27,1202.04,88.14,88.71,292.98,311.48,296.32,307.49,286.75,28.15,29.93,20.67,21.04,34.73,29.62,-2.13,-8.96,622.15,117.91,118.79,26.08,135.84,117.52,0.1845,-6.83,-0.0052,0.0065,0.0116,45.8,89,90,90,2679
TCPL Packaging,523301,TCPLPACK,Industrial Products,3402.1,3095.91,0,1696.38,1715.21,140.52,132.05,390.63,438.51,457.6,409.63,409.47,70.5,71.32,35.3,22.73,19.75,23.44,4.82,-28.86,897.14,228.05,231.52,35.75,235.9,140.12,0.187,-33.68,0.0111,-0.0603,-0.0714,-3.9,124,117,110,2569
TCS,532540,TCS,IT - Software,3028.3,1095665,0,255324,257688,48519.92,50289.69,64259,63973,64479,63437,65799,16875,17978,12760,12925.69,29.78,21.79,2.4,8.54,105585,66081,68135,16674,44338,48908,0.6342,6.14,0.0093,0.0365,0.0272,6,52124,54025,55996,1220149
TD Power Systems,533553,TDPOWERSYS,Electrical Equipment,600.4,9377.79,0,1278.76,1376.88,174.63,189.29,273.78,306.44,350.33,348.21,371.9,65.47,68.83,53.02,50.07,39.81,49.54,35.84,41.64,844.32,239.42,255.55,66.53,84,39.52,0.303,5.8,0.0767,0.0839,0.0072,5.9,205,222,241,11943
Team Lease Serv.,539658,TEAMLEASE,Commercial Services & Supplies,1783.3,2990.4,0,11155.87,11467.42,103.8,114.51,2579.85,2796.83,2921.27,2857.92,2891.4,47.48,30.65,34.96,26.54,37.19,26.11,12.08,27.66,600.11,123.94,136.08,8.96,117.83,104.38,0.2057,15.58,0.0279,0.1032,0.0753,2.5,126,139,154,4014
TechD Cybersec.,,TECHD,IT - Services,643.25,481.13,0,29.8,29.8,8.4,8.4,,,,,,,,,,34.32,57.28,,,22.24,11.84,11.84,2.86,-1.16,-2.38,0.5063,0,0,0,0,,8,8,8,481
Techera Enginee.,,TECHERA,Aerospace & Defense,273.55,451.93,0,49.5,49.5,3.18,3.18,24.43,,,17.57,31.93,0.38,8.15,-1.23,4.33,86.56,142.12,30.7,-13.92,42.52,6.51,6.51,1.46,3.24,4.46,0.1091,-44.62,0,0,0,,3,3,3,452
Trident Techlabs,,TECHLABS,IT - Software,486.2,840.21,0,76.57,76.57,11.49,11.49,64.24,,,21.07,55.5,6.1,12.61,3.46,8.04,54.81,73.13,-13.61,-35.47,59.14,18.22,18.22,4.06,-17.39,15.75,0.2629,-21.86,0,0,0,,11,11,11,840
Tech Mahindra,532755,TECHM,IT - Software,1457.2,142741.8,0,52988.3,53334,3950.43,4540.6,13005.5,13313.2,13285.6,13384,13351.2,1838.9,1935.2,1166.7,1140.6,34.41,31.44,2.66,33.95,22114.5,5521.3,6421.2,2074.5,6376.4,5785.7,0.2991,31.29,0.0065,0.1494,0.1429,2.1,5219,5999,6895,216772
Techno Elec.Engg,542141,TECHNOE,Construction,1367.9,15908.62,0,2268.66,2419.26,378.12,435.8,375.37,441.42,636.08,815.79,525.97,126.71,92.39,134.65,110.95,45.09,36.5,40.12,108.28,1215.32,491.37,555.77,93.82,-198.24,453.01,0.4358,68.16,0.0664,0.1525,0.0862,2.4,502,579,667,24353
Tega Inds.,543413,TEGA,Industrial Manufacturing,1944.8,12939.82,79.27,1638.65,1654.77,200.18,198.72,339.98,353.3,409.27,536.11,356.09,149.91,55.6,101.91,35.34,46.8,65.12,4.74,-3.81,1240.4,287.17,281.1,67.31,252.14,195.03,0.2145,-8.55,0.0098,-0.0073,-0.0171,-89.3,197,196,194,12660
Tejas Cargo,,TEJASCARGO,Transport Services,284.15,678.92,0,501.13,501.13,19.12,19.12,,,,252.57,248.59,43.07,53.66,8.74,10.39,18.03,35.51,,,239.54,42.8,42.8,8.41,48.15,63.49,0.1149,0,0,0,0,,19,19,19,679
Tejas Networks,540595,TEJASNET,Telecom - Equipment & Accessories,600.3,10615.9,0,8923.21,7562.42,446.77,175.18,1562.77,2811.26,2642.24,1906.94,201.98,121.53,-135.67,-71.8,-193.87,53.09,60.6,-87.08,-350.22,3252.72,950.43,549.37,121.73,-2036.48,-491.49,0.0913,-263.14,-0.1525,-0.6079,-0.4554,-1,69,27,11,640
Tembo Global,,TEMBO,Industrial Products,576.45,891.6,,743.25,850.46,50.96,64.57,128.41,163.85,164.5,273.99,248.12,28.78,28.17,14.66,19.02,25.47,13.81,93.22,250.92,117.11,92.99,114.45,25.61,-6.88,-203.46,0.77,157.7,0.1442,0.2671,0.1228,0.5,82,104,131,1814
Tera Software,533982,TERASOFT,IT - Services,447.4,559.78,0,107.64,115.53,9.45,11.32,24.85,25.34,23.89,33.56,32.74,3.65,7.51,2.95,4.65,22.56,49.45,31.75,86,115.39,16.26,20.2,3.63,-2.83,6.81,0.1296,54.25,0.0733,0.1979,0.1246,2.5,14,16,19,962
Texmaco Infrast.,505400,TEXINFRA,Commercial Services & Supplies,93.72,1194.24,0,15.87,16.14,-7.21,-4.2,3.79,4.78,3.98,3.33,4.05,-4.03,-0.45,1.13,3.37,326.1,,6.86,836.11,-11,7.6,11.92,0.45,3.46,184.37,0.3409,829.25,0.017,-0.4175,-0.4345,0,-6,-8,-12,0
Texmaco Rail,533326,TEXRAIL,Industrial Manufacturing,138.18,5519.84,0,5106.57,4928.98,242.31,219.34,1088.2,1345.88,1326.14,1346.36,910.6,97.61,70.92,39.77,29.99,66.61,25.17,-16.32,-49.87,2988.72,472.74,447.06,81.62,95.78,-46.58,0.1007,-33.55,-0.0348,-0.0948,-0.06,-2.7,199,180,163,4095
Tour. Fin. Corp.,526650,TFCILTD,Finance,73.85,3419.09,0,252.5,253.55,98.17,108.97,61.8,64.58,57.22,68.04,63.71,59.51,57.74,30.2,30.56,14.56,31.38,3.09,20.31,159.75,221.2,232.08,25.26,-6.64,70.34,0.8403,17.22,0.0042,0.11,0.1059,2.9,121,134,149,4677
Thangamayil Jew.,533158,THANGAMAYL,Consumer Durables,2021.8,6284.16,0,4910.58,5252.1,118.71,107.86,1222.06,1181.05,1132.46,1380.73,1557.86,57.37,86.97,31.4,45.71,36.65,58.26,27.48,-19.18,1184.54,200.99,194.96,41.37,330.38,-423.99,0.126,-46.66,0.0695,-0.0914,-0.1609,-6.4,98,89,81,4714
The Invest.Trust,530023,THEINVEST,Finance,146.4,764.83,0,361.53,352.27,42.53,39.29,70.81,111.19,76.99,93.99,70.1,22.41,17.63,5.75,9.15,26.8,19.47,-1,-26.15,793.39,103.64,99.79,20.12,-209.46,125.36,0.0749,-25.15,-0.0256,-0.0762,-0.0506,-2.6,36,34,31,603
Thejo Engg.,,THEJO,Industrial Manufacturing,1849.1,2005.6,0,551.82,557.77,49.99,49.71,130.53,133.44,135.58,153.19,135.56,28.21,16.35,15.22,9.42,46.54,40.35,3.85,-1.88,326.32,73.54,73.53,19.37,51.81,72.7,0.2117,-5.73,0.0108,-0.0056,-0.0164,-72,49,49,49,1972
Schloss Bangal.,544408,THELEELA,Leisure Services,452.85,15123.28,0,1300.57,1300.57,48.04,48.04,228.24,,,424.72,274.79,226.54,101.43,117.51,8.77,243.09,314.81,20.4,111.69,6451.94,561.46,561.46,9.38,538.78,552.88,0.0089,91.29,0,0,0,,48,48,48,15123
Themis Medicare,530199,THEMISMED,Pharmaceuticals & Biotechnology,130.81,1203.98,0,405.51,380.1,29.83,-9.07,122.99,117.01,93.81,71.7,97.58,-7.7,-10.22,-9.66,-14.22,33.22,,-20.66,-157.62,322.62,49.71,4.42,1.9,22.09,34.71,-0.0222,-136.96,-0.0627,-1.3041,-1.2414,0,-21,-48,-111,0
Thermax,500411,THERMAX,Electrical Equipment,3223.8,38413.61,0,10388.69,10354.46,636.21,671.04,2184.41,2611.59,2507.76,3084.93,2150.18,299.67,224.92,205.73,152.38,69.16,57.24,-1.57,31.58,3478.34,1003.88,1054.13,310.05,247.3,1042.79,0.2821,33.15,-0.0033,0.0547,0.058,10.5,708,747,787,45070
Thomas Cook (I),500413,THOMASCOOK,Leisure Services,152.72,7191.49,0,8139.57,8441.59,257.45,255.7,2105.94,2003.76,2061.01,1968.86,2407.96,98.3,126.52,66.75,72.05,38.25,28.12,14.34,-4.3,2491.29,481.43,484.31,57.3,828.94,717.24,0.1256,-18.64,0.0371,-0.0068,-0.0439,-41.4,254,252,251,7045
Thomas Scott,533941,THOMASCOTT,Textiles & Apparels,329,482.66,0,144.18,187.58,12.83,13.46,27.34,40.67,45.4,47.62,53.89,6.61,6.11,4.16,3.47,26.1,35.86,97.11,149.64,104.81,17.93,21.07,5.58,-8.4,-39.3,0.1817,52.53,0.301,0.0491,-0.2519,7.3,14,15,16,557
Thyrocare Tech.,539871,THYROCARE,Healthcare Services,1264,6698.5,0,687.35,723.47,86.69,106.41,156.91,177.36,165.92,187.16,193.03,57.07,57.77,21.7,38.93,49.07,62.95,23.02,61.07,389.88,141.45,165.21,51.97,167.63,191.32,0.4062,38.05,0.0525,0.2275,0.1749,2.8,131,160,197,12388
Tilaknagar Inds.,507205,TI,Beverages,453.25,8784.61,0,1434.15,1530.24,227.5,278.02,313.16,374.86,340.43,405.81,409.14,78.42,94.46,77.35,88.51,37.47,31.6,30.65,120.78,844.38,239.85,289.13,-0.01,117.47,178.42,0.3292,90.13,0.067,0.2221,0.1551,1.4,340,415,507,16034
Twamev Constr.,532738,TICL,Construction,29.93,463.92,0,84.86,88.88,100.22,98.03,7.72,12.34,15.07,49.73,11.74,22.96,0.75,94.88,1.1,10.88,4.73,52.07,11.11,244.84,105.32,105.27,2.78,-35.48,-4.46,0.4117,-40.96,0.0474,-0.0219,-0.0692,-2.2,96,94,92,434
Tiger Logistics,536264,TIGERLOGS,Transport Services,44.86,474.28,0,536.31,537.66,27.01,27.11,101.16,160.17,160.47,114.5,102.52,7.19,5.89,6.44,4.71,22.52,17.49,1.34,1.73,129.36,39.44,39.5,9.21,-17.2,-18.86,0.2808,0.39,0.0025,0.0037,0.0012,47.2,27,27,27,479
Technocraf.Inds.,532804,TIIL,Industrial Products,2389.8,5487.38,64.67,2595.58,2608.02,249.17,255.14,620.4,628.56,644.33,702.28,632.85,110.36,111.73,65.97,79.4,20.2,21.51,2.01,-1.31,1592.25,398.03,407.93,102.24,307.64,276.29,0.2244,-3.32,0.0048,0.024,0.0192,9,261,268,274,5892
Tube Investments,540762,TIINDIA,Auto Components,3159,61125.98,0,19464.65,20195.79,678.96,646.91,4577.92,4924.55,4812.22,5149.96,5309.06,336.61,546.1,47.66,198.87,75.63,94.49,15.97,-12.87,9268.18,1748.34,1707.51,498.02,1305.95,1213.41,0.1235,-28.84,0.0376,-0.0472,-0.0848,-20,616,587,560,52872
TIL,505196,TIL,"Agricultural, Commercial & Construction Vehicles",317.75,2116.28,0,315.28,311.21,0.52,-2.3,66.98,67.64,79.14,101.52,62.91,12.12,-6.75,9.76,-6.22,60.54,,-6.08,-486.79,159.26,31.58,29.23,0.64,-83.29,-130.67,-0.0104,-480.71,-0.0129,-5.4231,-5.4102,0,-15,-95,-609,0
Time Technoplast,532856,TIMETECHNO,Industrial Products,222.24,10086.54,0,5457.04,5579.65,387.2,403.74,1230.05,1370.52,1387.74,1468.74,1352.65,213.66,194.87,109.52,95.1,20.1,24.98,9.97,19.91,3218.5,619.55,637.52,137.85,406.24,430.52,0.1683,9.94,0.0225,0.0427,0.0202,5.8,421,439,458,11434
Timken India,522113,TIMKEN,Industrial Products,2985.3,22455.05,18.37,3147.81,3172.93,445.92,455.31,783.7,752.89,671.43,939.79,808.82,209.73,142.34,186.83,104.22,60.99,49.32,3.21,8.21,2724.06,555.2,557.67,92.47,339.92,387.3,0.2011,5,0.008,0.0211,0.0131,23.4,465,475,485,23905
Tinna Rubber,530475,TINNARUBR,Industrial Products,1025.5,1847.52,5.6,505.35,499.61,47.72,44.63,136.01,117.63,122.68,129.03,130.27,17.54,20.79,12.6,11.74,33.01,41.4,-4.22,-28.37,208.29,73.89,70.07,11.57,59.16,35.88,0.2698,-24.15,-0.0114,-0.0648,-0.0534,-6.4,42,39,37,1511
Tips Music,532375,TIPSMUSIC,Entertainment,549.05,7018.59,68.66,310.69,324.84,161.21,168.84,73.92,80.61,77.67,78.49,88.07,37.28,56.52,30.61,45.84,46.24,41.57,19.14,5.23,103.11,216.3,226.67,57.39,232.95,120.23,2.1941,-13.91,0.0455,0.0473,0.0018,8.8,177,185,194,8063
Thirumalai Chem.,500412,TIRUMALCHM,Chemicals & Petrochemicals,277.85,2844.85,4.75,2049.51,1944.9,-47.59,-111.15,554.66,525.14,446.65,523.06,450.05,14.83,-26.74,-14.06,-59.96,21.65,,-18.86,-1278,2639.74,6.81,-58.05,12.44,237.05,-65.88,-0.0374,-1259.14,-0.051,1.3356,1.3866,0,37,87,203,0
Shree Tirupati,,TIRUPATI,Industrial Products,696,705.05,77.42,208.3,208.3,14.37,14.37,85.64,,,104.39,103.91,11.65,13.02,7.09,7.28,52.26,49.06,21.33,117.96,102.32,25.82,25.82,4,-13.35,-8.03,0.1795,96.63,0,0,0,,14,14,14,705
Tirupati Forge,,TIRUPATIFL,Industrial Products,41.57,495.85,55.54,114.98,118.22,7.84,6.66,29.06,32.28,26.14,27.5,32.3,3.1,3.68,1.3,1.41,26.94,74.45,11.15,-45.77,122.01,12.14,10.93,1.9,10.31,5.85,0.0702,-56.92,0.0282,-0.1505,-0.1787,-4.9,6,5,4,304
Titagarh Rail,532966,TITAGARH,Industrial Manufacturing,900.15,12122.66,0,3867.75,3644,276.22,240.98,903.05,1056.95,902.18,1005.57,679.3,92.88,64.07,66.24,31.41,45.91,50.31,-24.78,-53.09,2195.36,454.66,416.06,89.48,85.78,-97.41,0.1505,-28.31,-0.0579,-0.1276,-0.0697,-3.9,210,183,160,8050
Titan Company,500114,TITAN,Consumer Durables,3531.9,313557.2,0,60456,63713,3336.26,3713,13266,14534,17740,14916,16523,1537,1830,871,1091,87.33,84.45,24.55,52.59,11471,5487,6036,1303,1695,-541,0.4373,28.04,0.0539,0.1129,0.059,7.5,4132,4599,5118,432235
T N Merc. Bank,543596,TMB,Banks,434.8,6885.12,0,5291.27,5396.35,1182.21,1200.21,1281.15,1337.41,1331.02,1341.68,1386.24,960.17,979.38,291.9,304.89,6.75,5.74,8.2,6.13,274.73,4564.7,4677.85,395.2,-610.54,1898.84,5.8072,-2.07,0.0199,0.0152,-0.0046,3.8,1218,1237,1256,7209
T N Petro Prod.,500777,TNPETRO,Chemicals & Petrochemicals,111.17,1000.2,0,1826.78,1827.76,45.2,71.6,462.02,449.68,460.28,454.79,463.01,25.89,47.29,17.85,35.45,12.82,13.97,0.21,311.73,1073.74,67.1,102.12,23.19,161.25,206.6,0.0883,311.52,0.0005,0.5841,0.5835,0.2,113,180,285,3976
T N Newsprint,531426,TNPL,"Paper, Forest & Jute Products",158.13,1094.43,14.18,4490.91,4517.32,-2.86,-25.59,1116.56,914.59,1123.86,1336.77,1142.1,103.1,101.47,22.12,-7.41,8.47,,2.29,-133.82,3310.32,209.98,171.4,-10.47,419.33,569.8,-0.0109,-136.11,0.0059,7.9476,7.9417,0,178,1591,14233,0
Tolins Tyres,544254,TOLINS,Auto Components,168.59,666.08,20.15,292.45,305.89,38.68,39.07,76.3,76.88,69.74,69.53,89.74,13.57,13.44,9.28,9.3,15.77,17.05,17.61,4.38,324.27,55.44,54.25,11.06,-3.59,-61.47,0.1546,-13.23,0.046,0.0101,-0.0359,16.9,39,40,40,686
Torrent Pharma.,500420,TORNTPHARM,Pharmaceuticals & Biotechnology,3532.8,119560.6,41.06,11516.09,11835,1915.63,2019.36,2859,2889,2809,2959,3178,964,1032,515.36,548,58.07,59.21,11.16,19.91,9218.21,2931.26,3012,694,3266.08,2585.11,0.2943,8.75,0.0277,0.0541,0.0265,10.9,2129,2244,2365,140060
Torrent Power,532779,TORNTPOWER,Power,1239.3,62448.77,0,29165.26,28037.9,2824.21,2747.7,9033.73,7175.81,6499.38,6456.34,7906.37,1130.49,1483.06,1059.57,731.44,23.32,22.73,-12.48,-24.77,26693.39,4091.24,3920.17,576.03,4258.35,4804.91,0.1245,-12.29,-0.0387,-0.0271,0.0116,-8.4,2673,2601,2530,57516
TPL Plastech,526582,TPLPLASTEH,Industrial Products,71.42,557.1,0,349.33,362.57,23.6,24.59,77.16,88.95,91.04,92.18,90.4,11.33,10.01,6.83,5.47,25.63,22.66,17.16,22.1,160.85,35.16,36.6,6.83,29.28,16.32,0.1953,4.94,0.0379,0.0419,0.004,5.4,26,27,28,630
Tracxn Technolo.,543638,TRACXN,Commercial Services & Supplies,51.29,551.13,0,84.47,85.12,-7.26,-9.7,20.54,21.39,21.39,21.14,21.2,-0.82,-0.2,-7.58,1.12,39.97,,3.21,-11.81,-30.56,5.4,6.39,0.52,11.25,14.27,0.3004,-15.02,0.0077,0.3361,0.3284,0,-6,-4,-3,0
Transrail Light,544317,TRANSRAILL,Electrical Equipment,759.9,10202.12,56.89,5307.75,6051.82,325.49,380.74,915.78,1088.4,1357.56,1946.02,1659.84,236.04,198.85,126.57,105.82,27.37,26.8,81.25,104.52,1753.5,765.79,739.93,155.77,35.48,287.31,0.306,23.27,0.1402,0.1697,0.0296,1.6,445,521,609,16332
Transworld Shipp,520151,TRANSWORLD,Transport Services,247.75,544.06,0,446.27,447.26,44.76,37.44,93.9,124.72,117.03,110.62,94.89,35.74,18.38,8.68,-7.81,12.71,14.53,1.05,-496.45,970.9,78.69,68.13,1.44,18.96,168.71,0.04,-497.5,0.0022,-0.1635,-0.1658,-0.9,31,26,22,318
Travel Food,544443,TRAVELFOOD,Leisure Services,1344.4,17702.99,0,1687.74,1687.74,362.47,362.47,409.86,,,366.57,375.05,134.67,145.81,102.85,91.77,44.72,48.84,-8.49,65.59,167.88,549.1,549.1,123.44,368.76,514.79,2.8944,74.08,0,0,0,,362,362,362,17703
TransIndia Real,543955,TREL,Transport Services,29.92,735.12,0,82.63,84.4,19.22,31.63,18.68,20.02,23.4,20.02,20.96,3.42,13.92,6.02,10.23,27.09,23.24,12.21,116.28,902.18,30.97,48.06,16.71,75.14,85.17,0.0536,104.07,0.0214,0.6457,0.6243,0.4,52,86,141,3276
Trent,500251,TRENT,Retailing,4691.1,166762.7,0,17134.61,17913.65,1448.37,1583.84,4104.44,4156.67,4656.56,4216.94,4883.48,650.91,847.86,318.15,429.69,150.39,105.29,18.98,9.46,5102.7,2099.74,2240.12,512.74,1348.98,1660.9,0.4109,-9.52,0.0455,0.0935,0.0481,11.3,1732,1894,2071,218069
TRF,505854,TRF,Industrial Manufacturing,349.6,384.56,0,120.73,106.54,19.82,24.32,37.62,32.7,23.31,27.11,23.42,6.23,3.2,3.52,3.51,11.41,15.81,-37.75,-29.66,150.71,38.94,42.85,5.14,33.9,93.56,0.1955,8.09,-0.1175,0.227,0.3446,0.7,30,37,45,710
Trident,521064,TRIDENT,Textiles & Apparels,28.35,14447.35,0,6987.08,6951.26,367.92,436.11,1742.71,1712.94,1667.09,1864.34,1706.89,245.05,291.86,133.26,139.96,44.23,33.13,-2.06,89.83,5767.57,602.02,675.29,155.79,287.3,944.68,0.1026,91.89,-0.0051,0.1853,0.1905,1.8,517,613,726,24063
Triveni Turbine,533655,TRITURBINE,Electrical Equipment,526.65,16741.16,0,2005.84,1913.8,332.81,341.7,463.3,501.1,503.4,538,371.3,120.4,73.5,93.9,64.5,60.07,48.99,-19.86,-19.38,928.62,459.7,470.7,139.2,271.01,186.73,0.5179,0.48,-0.0459,0.0267,0.0726,18.3,351,360,370,18117
Triven.Engg.Ind.,532356,TRIVENI,Agricultural Food & other Products,354.35,7756.65,0,5689.24,5986.78,244.45,216.33,1300.68,1490.95,1268.32,1629.29,1598.22,308.12,53.4,183,4.41,18.9,35.86,22.88,-85.9,3511.95,409.39,380.52,68.61,100.25,-106.36,0.0811,-108.78,0.0523,-0.115,-0.1673,-3.1,191,169,150,5377
TruAlt Bioenergy,544545,TRUALT,Agricultural Food & other Products,519.7,4456.56,0,1907.72,1907.72,146.64,146.64,,,,,,,,,,24.46,30.39,,,1838.98,303.06,303.06,0,35.48,329.23,0.0797,0,0,0,0,,147,147,147,4456
TTK Healthcare,507747,TTKHLTCARE,Diversified,1159.6,1638.55,0,801.49,820.02,71.2,67.43,207.9,198.49,204.74,190.36,226.43,11.99,2.67,20.5,13,32.13,24.3,8.91,-20.44,973.95,97.78,94.27,21.85,-4.94,-3.98,0.0917,-29.35,0.0231,-0.0529,-0.0761,-4.6,64,60,57,1392
TTK Prestige,517506,TTKPRESTIG,Consumer Durables,635.25,8805.62,0,2714.78,2736.15,147.06,150.11,587.93,750.06,727.23,649.56,609.3,51.35,40.36,12.16,26.63,44.7,58.66,3.63,-36.22,1774.56,249.65,242.25,66.05,288.91,157.24,0.1218,-39.85,0.0079,0.0207,0.0129,28.3,153,156,160,9365
Tata Tele. Mah.,532371,TTML,Telecom - Services,57.7,11279.93,0,1308.04,1268.79,-1281.52,-1273.1,323.5,343.5,332.77,308.27,284.25,153.02,146.55,-306.42,-321.18,,,-12.13,1.15,-8887.45,412.52,430.93,0,586.59,505.13,0.1432,13.28,-0.03,-0.0066,0.0234,0,-1281,-1290,-1298,0
TVS Elec.,532513,TVSELECT,IT - Hardware,619.2,1154.83,0,430.49,415.91,-5.38,-6.09,111.32,104.61,100,114.56,96.74,2.64,1.26,-0.57,-3.55,108.43,,-13.1,-181.75,84.09,-2.58,-3.59,-0.03,13.94,5.63,-0.0728,-168.65,-0.0339,0.132,0.1658,0,-5,-5,-4,0
TVS Holdings,520056,TVSHLTD,Finance,13303,26914.77,0,44993.16,47456.11,1136.58,1275.56,10383.26,11554.44,11359.16,11800.32,12742.19,1892.59,2001.62,278.23,335.55,18.93,21.1,22.72,57.18,9442.21,5772.04,6268.26,1484.46,-866.59,3534.91,0.2923,34.46,0.0547,0.1223,0.0675,1.7,1432,1607,1803,38044
TVS Motor Co.,532343,TVSMOTOR,Automobiles,3490.3,165819.7,20.36,44089.01,46088.61,2169.93,2370.49,10314.47,11301.68,11034.88,11542,12210.05,1903.64,1802.92,638.11,610.04,59.32,69.95,18.38,34.46,11405.3,5493.29,5907.64,1245.82,-1252.67,3502.92,0.3171,16.08,0.0454,0.0924,0.0471,7.6,2590,2829,3090,216174
TVS Supply,543965,TVSSCS,Transport Services,125.14,5520.93,0,9995.72,10048.64,-13.06,112.37,2539.39,2512.88,2444.62,2498.83,2592.31,169.01,177.17,-4.76,132.45,249.61,49.13,2.08,1940.88,2493.16,192.5,365.49,69.84,127.58,671.97,0.0731,1938.8,0.0053,-9.6041,-9.6094,-0.1,-967,-10253,-108720,-5341397
TVS Srichakra,509243,TVSSRICHAK,Auto Components,3813.2,2920.91,0,3253.83,3282.26,27.01,22.03,790.98,841.74,802.73,818.38,819.41,66.53,48.27,13.18,1.57,33.41,132.57,3.59,-77.73,1167.47,107.74,93.28,6.57,227.96,197.33,0.0245,-81.32,0.0087,-0.1844,-0.1931,-7.2,18,15,12,1585
T.V. Today Netw.,532515,TVTODAY,Entertainment,146.89,876.47,11.94,993.02,884.91,74.24,32.56,309.22,206.77,231.78,249.17,197.19,4.26,7.53,6.17,7.39,12.89,26.92,-36.23,-86.39,719.22,112.85,46.66,9.4,15.11,121.59,0.0583,-50.16,-0.1089,-0.5614,-0.4526,-0.5,14,6,3,74
United Breweries,532478,UBL,Beverages,1780.9,47087.91,0,8915.09,9304.28,459.84,465.74,2475.13,2116.72,2000.26,2322.98,2864.32,186.71,310.91,97.57,183.87,117.87,101.1,15.72,5.95,3672.22,643.69,667.75,177,69.5,235.05,0.175,-9.77,0.0437,0.0128,-0.0308,78.8,472,478,484,48922
Ucal,500464,UCAL,Auto Components,135.77,300.19,0,802.29,809.74,-23.63,-19.78,187.07,213.02,203.3,198.9,194.52,-3.61,10.21,-20.58,-6.01,12.86,,3.98,-139.44,477.29,5.87,17.52,0.22,38.95,14.61,-0.041,-143.42,0.0093,-0.1629,-0.1722,0,-23,-27,-31,0
UCO Bank,532505,UCOBANK,Banks,31.8,39875.8,0,25066.91,25478.92,2444.73,2501.44,6023.99,6078.36,6219.96,6744.59,6436.01,3690.04,3981.78,652.43,607.44,22.27,15.94,6.84,10.25,3877.4,19270,19616.46,1415.84,1001.75,1912.54,1.0103,3.41,0.0164,0.0232,0.0068,6.9,2559,2619,2680,42713
Updater Services,543996,UDS,Commercial Services & Supplies,245.3,1642.36,6.12,2736.06,2784.14,118.43,122.03,652.17,679.99,694.89,709.02,700.24,35.69,39.3,34.44,28.59,20.47,13.46,7.37,12.74,847.89,154.59,152.3,29.65,102.64,50.84,0.1789,5.37,0.0176,0.0304,0.0128,4.4,126,130,133,1797
Ujaas Energy,533644,UEL,Power,123.78,4126.91,0,26.94,23.29,8.45,7.52,6.29,4.7,8.17,7.77,2.65,0.62,-3.24,0.3,2.49,237.69,548.79,-57.87,-34.82,56.42,10.84,9.7,-0.22,121.7,2.78,0.1294,23.05,-0.1355,-0.1101,0.0254,-49.9,7,6,5,2909
Uflex,500148,UFLEX,Industrial Products,557.95,4029.04,0,15036.09,15282.9,240.5,284.73,3653.75,3833.38,3734.68,3814.28,3900.56,410.21,453.55,114.52,58.02,18.45,14.15,6.75,-2.57,11460.64,1159.14,1145.15,131.76,825.38,1134.78,0.0363,-9.32,0.0164,0.1839,0.1675,0.8,337,399,472,6686
Ugar Sugar Works,530363,UGARSUGAR,Agricultural Food & other Products,43.55,489.94,0,1329.83,1370.37,-17.81,-18.15,315.79,240.37,262.66,511,356.34,57.59,5.31,51.08,-13.73,14.58,,12.84,-16.06,292.04,24.77,23.74,0,-37.32,21.31,-0.0621,-28.9,0.0305,0.0191,-0.0114,0,-18,-17,-17,0
Ugro Capital,511742,UGROCAP,Finance,181.9,2123.78,0,1395.9,1518.46,143.93,147.71,291.44,330.16,371.12,403.18,414,242.4,258.49,40.55,34.13,27.21,14.38,42.05,12.42,829.41,830.89,905.46,41.71,-1534.95,-2474.03,0.2284,-29.63,0.0878,0.0263,-0.0615,5.5,152,156,160,2296
Ujjivan Small,542904,UJJIVANSFB,Banks,48.78,9449.43,0,6354.39,6396.06,726.47,528.26,1577.18,1612.79,1591.07,1573.36,1618.84,534.62,649.44,83.39,103.22,7.89,17.89,2.64,-65.72,3218.02,3660.17,3522.75,149.2,1592.84,2028.2,0.2105,-68.36,0.0066,-0.2728,-0.2794,-0.7,384,279,203,3634
UltraTech Cem.,532538,ULTRACEMCO,Cement & Cement Products,12281,361895.5,4.33,75955.13,77752.33,6084.9,6923.21,18818.56,15634.73,17778.83,23063.32,21275.45,4607.67,4406.03,2489.5,2254.24,46.99,52.27,13.06,43.98,89173.88,9235.74,10546.44,1351.51,10897.54,10673.43,0.0928,30.92,0.0237,0.1378,0.1141,3.8,7877,8962,10197,532994
Unichem Labs.,506690,UNICHEMLAB,Pharmaceuticals & Biotechnology,486.35,3424.18,95.87,2110.97,2154.23,136.68,124.98,483.34,507.36,533.09,587.18,526.6,83.7,22.49,52.97,-10.47,56.1,27.4,8.95,-605.8,2367.74,174.67,161.3,18.26,14,-7.02,0.0605,-614.75,0.0205,-0.0856,-0.1061,-3.2,114,104,96,2618
United Drilling,522014,UNIDT,Industrial Manufacturing,191.41,388.62,0,172.16,149.44,14.9,13.53,54.38,51.88,34.78,31.11,31.67,4.45,5.53,3.9,2.91,39.24,28.72,-41.76,-32.48,240.02,22.35,20.85,5.34,-16.42,8.38,0.0786,9.28,-0.132,-0.0919,0.04,-3.1,12,11,10,291
Unicommerce,544227,UNIECOM,IT - Software,137.4,1501.73,4.38,134.79,152.25,17.21,18.05,27.47,29.31,32.74,45.27,44.93,8.25,8.4,3.36,3.88,72.13,83.2,63.56,10.54,80.21,24.2,25.09,8.03,6.17,27.96,0.3251,-53.02,0.1295,0.0488,-0.0807,17,19,20,21,1733
Uniphos Enter.,500429,UNIENTER,Chemicals & Petrochemicals,148,1029.34,0,111.51,114.34,0.28,-0.32,3.03,30.48,5.1,72.9,5.86,-1.6,-0.84,-1.58,-0.74,28.78,,93.4,-393.33,196.66,1.55,0.94,-0.05,-3.47,-2.72,-0.0019,-486.73,0.0254,-2.1429,-2.1682,0,-1,-3,-10,0
Unimech Aero.,544322,UNIMECH,Aerospace & Defense,958.7,4875.65,94.75,242.93,246.71,77.41,81.94,59.21,61.45,53.9,68.37,62.99,27.52,19.8,29.2,19.12,68.32,59.5,6.38,-7.32,341.76,99.09,105.89,17.3,46.87,81.41,0.2904,-13.7,0.0156,0.0585,0.043,10.2,87,92,97,5782
Union Bank (I),532477,UNIONBANK,Banks,139.27,106313.2,0,108417.3,109365.3,18025.26,18813.12,26526.92,26886.58,27134.77,27869,27474.93,18196.09,18630.77,5011.22,4427.94,6.34,5.65,3.57,21.59,132237.3,94154.97,95698.5,5281.28,19929.69,17479.4,0.1822,18.02,0.0087,0.0437,0.035,1.3,19635,20494,21389,120850
Uniparts India,543689,UNIPARTS,Auto Components,474.95,2143.63,0,963.7,976.17,87.66,97.58,261.19,241.41,208.31,252.8,273.65,35.27,52.29,22.83,34.46,16.12,21.97,4.77,38.45,698.64,122.11,133.97,26.72,199.73,181.99,0.1779,33.68,0.0129,0.1132,0.1002,1.9,109,121,135,2957
United Spirits,532432,UNITDSPR,Beverages,1337,97246.81,1.5,12069,12329,1502.53,1569.28,2761,2844,3433,3031,3021,459,638,421,427.05,62.7,61.97,9.42,-11.95,5391,2116,2248,534,1118,1947,0.3901,-21.37,0.0215,0.0444,0.0229,13.9,1639,1712,1788,110793
Unitech,507878,UNITECH,Realty,7.38,1930.83,0,321.69,352.37,-2593.21,-2109.37,74.32,72.84,73.72,100.81,105,774.67,-9.66,-309.96,-591.77,,,41.28,45,-9686.11,-340.74,318.13,17.53,15.09,-73.4,0.216,3.72,0.0954,-0.1866,-0.282,0,-2503,-2970,-3524,0
United Polyfab,,UNITEDPOLY,Textiles & Apparels,44.34,1017.67,0,602.22,610.68,17.69,19.85,137.73,158.69,152.38,153.43,146.18,11.17,13.36,3.9,5.93,29.45,51.27,6.14,57.29,153.1,31.79,36.01,6.27,1.56,19.46,0.1706,51.15,0.014,0.1221,0.1081,4.2,22,25,28,1438
Univastu India,,UNIVASTU,Construction,262.2,314.52,0,171.18,153.7,10.47,11.53,28.11,42.39,41.99,39.91,29.41,7.75,7.33,2.81,2.61,25.42,27.28,4.62,50,73.58,27.76,30.7,8.9,10.73,-4.78,0.2777,45.38,-0.1021,0.1012,0.2034,2.7,13,14,15,420
Universal Cables,504212,UNIVCABLES,Industrial Products,702,2435.62,0,2407.17,2519.88,89.68,116.71,488.7,638.12,607.54,674.03,600.19,61.78,57.81,49.69,32.91,17.82,20.87,22.81,488.73,822.47,221.68,256.78,18.46,33.06,175.62,0.1643,465.92,0.0468,0.3014,0.2546,0.7,152,198,257,5369
Uno Minda,532539,UNOMINDA,Auto Components,1219.8,70238.41,10.09,16774.61,17446.19,934.4,1028.71,3817.51,4244.79,4183.99,4528.32,4489.09,526.71,543.12,266.21,290.7,54.8,68.28,17.59,46.47,6522.96,1464.82,1597.8,330.79,979.34,1071.47,0.2084,28.88,0.04,0.1009,0.0609,6.8,1133,1247,1373,93727
UPL,512070,UPL,Fertilizers & Agrochemicals,681.3,57454.93,0,46637,46786,889.05,1447.92,9067,11090,10907,15573,9216,3164,1396,1074.94,-88.36,18.12,39.68,1.64,75.67,52358,4803,5183,311,2321,10151,0.0336,74.03,0.0032,0.6286,0.6254,0.6,2358,3840,6255,248183
Urban Company,544515,URBANCO,Retailing,156.74,22506.33,0,1144.47,1144.47,239.53,239.53,,,,,367.27,,-13.4,,6.94,34.78,93.96,,,599.8,39.28,39.28,0,-85.58,54.56,0.3993,0,0,0,0,,240,240,240,22506
Urja Global,526987,URJA,Electrical Equipment,12.87,676.26,0,67.25,75.88,1.27,1.43,10.38,19.49,20.2,17.18,19.01,0.72,0.63,0.12,0.5,413.8,472.91,83.14,42.86,152.21,2.66,3.26,0,-8.64,-6.51,0.0094,-40.28,0.1283,0.126,-0.0023,37.5,2,2,2,965
Usha Martin,517146,USHAMART,Industrial Products,469.65,14312.2,54.49,3474.16,3534.98,406.09,404.21,826.37,891.17,860.54,896.08,887.19,139.57,144.61,100.99,100.93,24.47,35.41,7.36,-3.05,2813.04,554.71,550.91,105.32,443.84,421.76,0.1811,-10.41,0.0175,-0.0046,-0.0221,-76.5,402,400,399,14115
UTI AMC,543238,UTIAMC,Capital Markets,1311.5,16812.39,0,1851.09,1878.78,731.69,714.17,529.22,538.4,417.58,375.91,546.89,169.11,339.95,87.46,236.85,19.11,23.54,3.34,-6.81,665.67,1065.17,1049.8,214.66,325.12,536.35,1.3953,-10.15,0.015,-0.0239,-0.0389,-9.8,697,680,664,15633
Utkarsh Small F.,543942,UTKARSHBNK,Banks,22.46,2474.22,0,3764.93,3679.91,23.6,-353.17,965.92,986.95,932.43,879.62,880.91,192.39,22.47,2.97,-239.48,10.97,,-8.8,-274.29,3103.27,1769.47,1350.95,-124.29,991.23,875.58,-0.1539,-265.49,-0.0226,-15.9648,-15.9422,0,-5991,-101644,-1724378,0
Utssav CZ Gold,,UTSSAV,Consumer Durables,195.65,466,1.86,646.32,646.32,25.52,25.52,184.18,,,284.53,361.79,15.37,23.61,9.87,15.19,25.21,18.26,96.43,144.61,136.5,39.82,39.82,7.99,6.82,-89.17,0.2455,48.18,0,0,0,,26,26,26,466
Uttam Sug.Mills,532729,UTTAMSUGAR,Agricultural Food & other Products,257.99,983.93,0,1793.41,1944.35,91.2,100.76,453.82,385.73,403.88,549.98,604.76,114.6,50.8,67.92,15.96,10.28,9.77,33.26,148.21,910.86,177.67,190.9,30.35,33.35,113.15,0.1439,114.95,0.0842,0.1048,0.0207,0.9,111,123,136,1328
V2 Retail,532867,V2RETAIL,Retailing,2376.3,8219.47,0,1884.5,2101.68,72.29,80.36,415.03,380.01,590.94,498.51,632.22,57.82,87.24,6.44,24.66,94.45,102.28,52.33,50.92,972.99,168.41,186.71,35.29,93.17,222.99,0.1189,-1.41,0.1152,0.1116,-0.0036,9.2,89,99,110,11291
Vadilal Inds.,519156,VADILALIND,Food Products,5309.5,3817.53,33.9,1238.08,1279.74,148.5,139.89,464.25,295.51,203.85,274.47,505.91,38.77,99.76,22,66.98,19.48,27.29,8.97,-13.48,793.92,210.88,199.28,50.03,192.01,130.02,0.2392,-22.45,0.0336,-0.058,-0.0916,-4.7,132,124,117,3191
Vaibhav Global,532156,VAIBHAVGBL,Consumer Durables,224.97,3753.14,0,3379.58,3437.31,152.76,163.33,756.01,796.43,977.34,849.8,813.74,62.29,61.54,34.08,37.63,40.26,22.98,7.64,36.09,1263.93,214.21,223.59,67.37,276.85,164.78,0.1825,28.45,0.0171,0.0692,0.0521,3.3,175,187,200,4588
Vakrangee,511431,VAKRANGEE,IT - Services,8.2,888.22,0,255.01,265.15,6.66,7.61,58.7,65.25,67.88,63.18,68.84,6.83,7.82,2.54,3.19,297,116.72,17.27,42.41,211.41,11.43,12.89,3.7,31.11,-20.58,0.0535,25.14,0.0398,0.1426,0.1029,8.2,9,10,11,1325
Valiant Laborato,543998,VALIANTLAB,Pharmaceuticals & Biotechnology,86.93,472.14,0,133.38,161.32,-3.36,0.13,18.88,21.48,35.23,57.79,46.82,3.82,2.39,0.7,1.82,24.45,3631.85,147.99,456.86,337.22,-3.18,1.29,0.46,1.89,1.31,0.0017,308.87,0.2095,-1.0387,-1.2482,-35,0,0,0,-76
Valiant Organics,540145,VALIANTORG,Chemicals & Petrochemicals,316.5,886.35,0,718.76,755.26,-2.99,5.03,167.92,160.18,186.86,203.81,204.41,20.29,24.83,3.96,7.58,21.12,176.21,21.73,1822.73,685.59,26.04,35.22,0,85.09,58.56,0.0073,1801,0.0508,-2.6823,-2.7331,-0.7,-8,-31,-115,-20218
Vardhman Acrylic,,VARDHACRLC,Textiles & Apparels,42.12,338.49,0,281.57,293.9,11.7,9.24,57.05,70.62,81.78,72.11,69.39,-0.01,-0.63,1.96,1.75,23.03,36.63,21.63,-59.68,60.86,16.14,13.15,1,7.38,26.15,0.1683,-81.31,0.0438,-0.2103,-0.254,-1.7,7,6,5,167
Vardhman Polytex,514175,VARDMNPOLY,Textiles & Apparels,8.91,408.87,0,284.6,280.49,0.07,25.87,64.03,64.4,75.35,81.2,59.54,-1.97,1.66,0.99,0.19,37.34,15.8,-7.01,101.77,48.07,14.18,39.18,0,-13.78,-98.28,0.5382,108.78,-0.0144,368.5714,368.5859,0,9561,3533403,1305844893,20632349305
Varroc Engineer,541578,VARROC,Auto Components,606.15,9261.15,10.77,8154.08,8282.78,112.84,188.52,1898.85,2080.77,2075.26,2099.2,2027.55,220.74,194.58,49.34,60.39,41.37,49.13,6.78,86.34,1502.56,480.54,505.48,17.02,638.47,736.72,0.1368,79.56,0.0158,0.6707,0.6549,0.7,315,526,879,43190
Vascon Engineers,533156,VASCONEQ,Realty,70.27,1590.12,0,1077.41,1102.85,68.29,78.39,196.23,199.8,294.79,387.08,221.18,37.49,12.76,33.66,22.47,16.77,20.28,12.71,145.31,886.49,94.37,109.66,26.95,-22.37,4.75,0.1188,132.6,0.0236,0.1479,0.1243,1.4,90,103,119,2405
Varun Beverages,540180,VBL,Beverages,443.65,150041.9,0,20007.65,21077.78,2648.01,2848.27,7196.86,4804.68,3688.79,5566.94,7017.37,1263.38,1997.59,726.49,1317.02,64.14,52.68,-2.49,5.14,19785.28,3986.57,4069.35,801.67,2390.78,3381.1,0.1845,7.63,0.0535,0.0756,0.0221,7,3064,3295,3545,186729
Vedanta,500295,VEDL,Diversified Metals,482.2,188558.9,0,152968,155028,13839.8,13501.95,35764,37634,39115,40455,37824,11466,9918,3483,3185,13.29,13.97,5.76,-11.67,99082,34732,34854,4933,35654,39562,0.1861,-17.43,0.0135,-0.0244,-0.0379,-5.7,13172,12851,12537,175143
Veedol Corporat,590005,VEEDOL,Petroleum Products,1864.8,3249.23,23.6,1970.49,2004.53,171.98,187.57,478.87,476.22,482.78,531.91,513.62,67.66,58.77,59.7,49.67,17.63,17.32,7.26,33.85,889.93,209.29,225.49,31.18,156.35,29.72,0.2458,26.59,0.0173,0.0907,0.0734,1.9,205,223,243,4215
Venky's (India),523261,VENKEYS,Food Products,1490.3,2099.44,0,3306.99,3364.8,116.76,57.27,808.02,774.2,881.61,843.16,865.83,25.37,23.58,13.3,15.83,25.04,36.66,7.15,-78.94,1343.21,179.26,100.23,19,81.97,66.33,0.0568,-86.09,0.0175,-0.5095,-0.527,-0.7,28,14,7,248
Ventive Hospital,544321,VENTIVE,Leisure Services,710.75,16598.97,0,1604.71,1997.27,122.02,122.66,114.89,257.89,533.99,697.94,507.45,351.57,207.77,127.88,26.93,141.44,135.32,341.68,1.93,9064.79,554.56,634.05,110.45,265.06,677.46,0.0257,-339.75,0.2446,0.0052,-0.2394,258,123,124,125,16861
Venus Pipes,543528,VENUSPIPES,Industrial Products,1332.3,2730.16,0,958.53,994.8,92.71,90.1,240.14,228.95,231.3,258.14,276.41,41.61,44.8,23.71,24.76,40.2,30.3,15.1,-10.16,550.57,159.49,158.62,27,52.23,68.66,0.2127,-25.26,0.0378,-0.0282,-0.066,-10.8,88,85,83,2506
Venus Remedies,526953,VENUSREM,Pharmaceuticals & Biotechnology,460.4,615.42,0,640.05,671.18,37.56,46.74,108.61,167.45,176.86,194.97,131.9,29,10.1,21,9.6,15.31,13.17,21.44,686.89,487.15,60.35,67.73,23.02,37.29,86.44,0.1432,665.45,0.0486,0.2444,0.1958,0.5,58,72,90,1186
Veranda Learning,543514,VERANDA,Other Consumer Services,222.74,2084.9,0,470.87,491.15,-246.88,-219.73,118.99,138.62,99.15,114.11,139.27,19.79,37.24,4.84,-0.65,,,17.04,97.57,1264.79,-121.58,-87.39,16.63,26.68,31.65,-0.1606,80.53,0.0431,-0.11,-0.153,0,-244,-271,-300,0
Vertis Infra.,,VERTIS,Transport Infrastructure,103.5,15628.33,0,2174.37,2555.86,437.73,494.18,523.74,511.93,501.41,700.98,841.54,456.46,655.01,153.24,107.01,22.03,31.62,60.68,32.23,11925.51,959.45,1141.24,149.67,1247.31,1237.44,0.054,-28.45,0.1754,0.129,-0.0465,2.5,558,630,711,22485
Vertoz,,VERTOZ,Media,70.74,602.92,0,254.42,265.52,24.39,27.17,60.17,63.65,66.2,65.18,70.49,12.39,9.99,6.87,6.38,32.66,22.19,17.15,16.85,185.66,28.43,31.63,3.06,7.14,8.48,0.1628,-0.3,0.0436,0.114,0.0704,1.9,30,34,38,833
Vesuvius India,520113,VESUVIUS,Industrial Products,505.2,10253.58,0,1868.57,1959.32,253.28,250.7,462.42,444.16,508.64,482.22,524.3,82.99,91.32,59.31,63,39.14,40.9,13.38,-6.46,1526.23,337.56,331.74,76.44,82.38,258.12,0.2143,-19.84,0.0486,-0.0102,-0.0588,-40.2,248,246,243,9943
Virtual Galaxy,,VGINFOTECH,IT - Software,168.1,418.04,0,120.14,120.14,32.12,32.12,,,,71.61,48.53,30.78,24.48,19.13,12.98,10.11,13.01,,,123.56,47.9,47.9,12.35,30.8,43.21,0.3599,0,0,0,0,,32,32,32,418
V-Guard Industri,532953,VGUARD,Consumer Durables,348.35,15188.02,0.24,5577.82,5566.8,309.96,288.59,1477.1,1293.99,1268.65,1538.08,1466.08,143.05,123.59,91.13,73.85,58.11,52.63,-0.75,-25.38,2142.38,433.49,400.03,93.3,392.74,476.96,0.1783,-24.63,-0.002,-0.0689,-0.067,-7.6,269,250,233,12259
Vardhman Hold.,500439,VHL,Finance,3894.7,1242.41,0,22.78,19.58,258,247.45,6.6,7.4,6.57,2.2,3.41,1.22,3.09,69.73,62.58,4.96,5.02,-48.33,-14.43,10.43,272.97,262.03,9.67,-2.89,-5.5,24.652,33.9,-0.1405,-0.0409,0.0996,-1.2,237,228,218,1096
Viceroy Hotels,523796,VHLTD,Leisure Services,126.7,856.23,0,137.29,137.29,77.33,77.33,41.19,31.9,32.31,37.75,35.33,11.36,9.56,7.29,9.96,17.29,11.07,-14.23,311.57,221.64,24.83,24.83,0.05,10.31,32.31,0.3491,325.8,0,0,0,,77,77,77,856
Vidhi Specialty,531717,VIDHIING,Chemicals & Petrochemicals,362.7,1811.51,0,382.3,387.24,43.57,47.84,82.97,91.29,98.52,109.53,87.9,19.98,20.54,12.04,12.72,56.01,37.87,5.94,50.35,291.72,62.65,68.96,15.04,71.17,-4.56,0.2155,44.41,0.0129,0.098,0.0851,3.9,53,58,63,2398
Vision Infra,,VIESL,Commercial Services & Supplies,212.75,524.27,0,443.27,443.27,31.08,31.08,69.46,,,193.83,249.44,52.08,66.87,14.53,19.53,58.55,16.87,259.11,239.65,339.17,71.17,71.17,15.16,7.98,39.9,0.1363,-19.46,0,0,0,,31,31,31,524
Vijaya Diagnost.,543350,VIJAYA,Healthcare Services,981.05,10077.83,0,681.39,713.22,138,150.83,156.22,182.95,168.98,173.24,188.05,68.86,73.54,35.39,38.34,64.22,66.81,20.38,22.3,895.06,213.04,232.47,43.17,183.3,224.47,0.2167,1.92,0.0467,0.093,0.0463,7.2,165,180,197,13157
Vikas Ecotech,530961,VIKASECO,Chemicals & Petrochemicals,1.95,344.9,0,376.11,380.16,8.07,8.97,101.06,89.23,84.76,102.61,103.56,3.64,4.68,4.3,2.37,77.5,38.45,2.47,-77.17,200.44,13.13,15.32,3.98,120.08,-60.35,0.0646,-79.64,0.0108,0.1115,0.1008,3.4,10,11,12,474
Vikas Lifecare,542655,VIKASLIFE,Commercial Services & Supplies,2.16,401.26,0,480.02,480.31,-3.97,-11.28,92.09,134.88,117.85,135.2,92.38,-22.75,-4.21,-2.9,-3.96,17.86,,0.31,-40.43,178.8,1.37,-11.72,0.63,-41.75,-222.2,-0.0596,-40.74,0.0006,1.8413,1.8407,0,9,27,77,0
Vikram Solar,544488,VIKRAMSOLR,Electrical Equipment,326.85,11822.72,1,3423.45,3423.45,139.83,139.83,630.94,,,1193.52,1133.58,223.72,242.19,90.61,133.36,75.08,84.55,79.67,483.89,1380.45,372.09,372.09,38.3,152.02,298.68,0.129,404.22,0,0,0,,140,140,140,11823
Vikran Engg.,544496,VIKRAN,Construction,104.43,2693.36,0,915.85,915.85,77.77,77.77,136.06,,,355.35,159.16,67.85,22.65,37.76,5.65,24.02,34.63,16.98,31.7,453.37,165.29,165.29,38.3,-66.48,-129.09,0.256,14.72,0,0,0,,78,78,78,2693
Vilas Transcore,,VILAS,Industrial Products,479.3,1173.33,0,353.05,353.05,33.87,33.87,150.5,,,162.43,190.62,17.96,26.59,14.33,20.04,33.31,34.64,26.66,69.83,280.45,50.28,50.28,15.38,49.16,-35.46,0.1756,43.17,0,0,0,,34,34,34,1173
Vimta Labs,524394,VIMTALABS,Healthcare Services,708.95,3157.72,39.64,343.98,365.06,67.32,71.09,74.88,83.14,89.92,94.44,97.56,33.04,33.69,18.32,18.89,25.17,44.42,30.29,35.9,391.54,90.87,96.95,23.34,60.89,94.61,0.2412,5.61,0.0613,0.056,-0.0053,7.9,75,79,84,3719
Vinati Organics,524200,VINATIORGA,Chemicals & Petrochemicals,1721.7,17848.11,0,2248.1,2265.65,415.23,442.01,524.71,553.27,521.67,648.45,542.26,183.57,165.82,127.57,112.78,48.62,40.38,3.34,31.14,2343.98,550.1,586.04,122.51,338.17,494.44,0.2408,27.8,0.0078,0.0645,0.0567,6.3,471,501,533,21529
Vintage Coffee,538920,VINCOFE,Commercial Services & Supplies,140.03,1821.56,67.48,308.52,366.46,40,49.84,43.67,71.56,88.15,105.14,101.61,19.35,18.04,15.64,14.23,57.87,36.55,132.68,212.75,315.69,49.96,60.9,4.89,-35.73,-22.52,0.1734,80.07,0.1878,0.246,0.0582,1.5,62,77,96,3524
Vindhya Telelink,517015,VINDHYATEL,Telecom - Services,1382,1637.67,0,4054.4,4128.53,202.71,232.01,833.4,952.67,1037.12,1231.22,907.52,88.07,60.63,109.94,58.62,11.01,7.06,8.89,99.05,1373.07,371.29,423.78,36.75,440.68,-590.31,0.1957,90.16,0.0183,0.1445,0.1263,0.5,266,304,348,2456
Vinsys IT Serv.,,VINSYS,Other Consumer Services,368.35,540.66,0,211.62,211.62,30.03,30.03,91.26,,,92.12,119.57,14.94,24.67,10.94,19.09,20.56,18,31.02,28.21,131.9,38.71,38.71,5.73,-10.73,13.03,0.2711,-2.81,0,0,0,,30,30,30,541
Vinyas Innovativ,,VINYAS,Industrial Manufacturing,1172.35,1475.37,0,396.64,396.64,19.42,19.42,179.95,,,149.5,247.14,16.76,24.07,7.02,12.41,66.72,75.97,37.34,27.94,155.32,38.72,38.72,5.56,-28.87,8.78,0.1608,-9.4,0,0,0,,19,19,19,1475
Vinyl Chemicals,524129,VINYLINDIA,Chemicals & Petrochemicals,284.2,521.14,0,625.25,620.85,18.95,21.86,155.63,150.34,146.4,172.88,151.23,9.95,1.97,7.27,4.45,26.7,23.84,-2.83,-9.55,58.01,25.81,29.74,7.32,36.18,23.71,0.503,-6.72,-0.007,0.1536,0.1606,1.6,25,29,34,800
VIP Clothing,532613,VIPCLOTHNG,Textiles & Apparels,34.76,313.29,3.55,236.89,252.22,5.46,7.45,50.12,59.23,62.63,64.91,65.45,5.75,6.24,2.42,2.22,123.03,42.05,30.59,865.22,182.74,15.07,18.54,0,10.43,-37.36,0.0408,834.63,0.0647,0.3645,0.2998,1.2,10,14,19,796
V I P Inds.,507880,VIPIND,Consumer Durables,433.05,6151.25,0,2178.43,2100.97,-78.31,-95.04,638.89,544.26,501.07,494.21,561.43,6.5,24.65,-31.1,-14.89,65.07,,-12.12,-468.56,787.59,-21.85,-50.35,0.72,-131.7,292.17,-0.1198,-456.44,-0.0356,0.2136,0.2492,0,-75,-59,-46,0
Visaka Industrie,509055,VISAKAIND,Cement & Cement Products,83.4,720.62,0,1540.81,1589.59,0.14,12.52,456.4,307.35,350.96,426.1,505.18,45.97,51.39,16.04,22.86,47.97,57.56,10.69,117.92,892.11,45.56,57.49,9.21,4.91,119.11,0.0244,107.23,0.0317,88.4286,88.3969,0,1120,100128,8954332,515411369
Visa Steel,532721,VISASTEEL,Ferrous Metals,57.75,668.68,0,566.49,602.74,-47.24,-35.99,134.73,150.62,118.73,162.41,170.98,8.51,17.77,-11.37,4.32,,,26.91,162.43,-1332.33,-16.45,-4.7,0,17.44,25.54,0.027,135.52,0.064,-0.2381,-0.3021,0,-45,-55,-68,0
Vishal Fabrics,538598,VISHAL,Textiles & Apparels,29.1,720.55,0.1,1519.83,1577.09,29,33.38,339.92,384.78,403.68,391.46,397.17,27.99,28.46,7.35,9.16,21.55,21.59,16.84,91.23,527.58,89.71,88.61,16.88,,107.59,0.0953,74.39,0.0377,0.151,0.1134,1.4,38,44,51,1099
Vishnu Chemicals,516072,VISHNU,Chemicals & Petrochemicals,487.05,3278.59,45.54,1446.56,1454.61,126.53,128.4,338.87,343.84,371.22,392.63,346.92,64.07,55.72,38.94,32.22,17.85,25.53,2.38,5.74,1117.66,206.5,206.59,34.45,67.5,90.23,0.1457,3.36,0.0056,0.0148,0.0092,17.3,130,132,134,3426
Vishnusurya Pro.,,VISHNUINFR,Other Construction Materials,166.35,409.38,0,270.63,270.63,29.29,29.29,130.92,,,139.13,131.5,32.22,16.58,21.82,7.46,15.89,13.98,0.44,53.81,149.99,43.72,43.72,10.47,2.47,-0.67,0.2651,53.37,0,0,0,,29,29,29,409
Viviana Power,,VIVIANA,Construction,1591.1,1006.85,0,218.96,235.24,19.77,21.94,6.22,32.71,36.12,134.73,31.68,18.75,6.46,11.85,3.27,53.45,45.89,409.32,626.67,5.69,32.74,37.16,9.65,-2.96,-14.11,5.5518,217.35,0.0744,0.1098,0.0354,4.2,24,27,30,1376
VL E-Governance,543958,VLEGOV,IT - Services,29.06,315.16,0,30.69,36.41,1.4,1.44,2.51,7.99,15.21,4.97,8.24,-1.64,0.35,-1,0.69,374.54,218.86,228.29,13.11,45.68,1.4,1.48,0,2.2,-59.23,0.0315,-215.18,0.1864,0.0286,-0.1578,76.6,1,2,2,343
VLS Finance,511333,VLSFINANCE,Finance,219.53,763.88,0,101.07,71.27,46.23,24.11,130.31,79.18,-57.8,-48.68,98.57,-54.38,93.49,-39.83,71.15,4.53,31.68,-24.36,-23.69,480.17,58.57,29.21,-4.91,194.47,200.2,0.04,0.67,-0.2948,-0.4785,-0.1836,-0.7,13,7,3,108
V-Marc India,,VMARCIND,Industrial Products,545.9,1333.13,0,896.05,896.05,36.02,36.02,389.7,,,345.21,559.66,34.36,62.78,11.37,24.73,23.87,37.01,43.61,15.78,251.25,80.79,80.79,13.44,57.18,22.53,0.1969,-27.83,0,0,0,,36,36,36,1333
V-Mart Retail,534976,VMART,Retailing,853.25,6773.71,0,3253.86,3353,23.98,53.11,786.08,660.97,1026.73,780.08,885.22,68.14,126.17,4.39,33.6,123.45,127.54,12.61,176.77,1095.48,158.6,170.61,6.68,385.89,349.4,0.0546,164.16,0.0305,1.2148,1.1843,1,118,261,577,73588
Vishal Mega Mart,544307,VMM,Retailing,146.2,68291.01,0,10716.35,11260.37,608.93,687.89,2596.29,2436.22,3135.94,2547.89,3140.32,357.12,459.18,115.11,206.07,106.44,99.28,20.95,37.24,6929.92,997.97,1080.65,257.84,829.67,1399.07,0.1365,16.29,0.0508,0.1297,0.0789,7.7,777,878,992,98455
VMS TMT,544521,VMSTMT,Industrial Products,75.28,373.62,0.28,770.18,770.18,14.75,14.75,,,,,,,,,,18.89,25.33,,,199.34,41.52,41.52,3.18,37.34,-17.94,0.0899,0,0,0,0,,15,15,15,374
Volt.Transform.,532757,VOLTAMP,Electrical Equipment,7192,7276.23,0,1934.23,1929.65,318.82,325.52,428.15,397.74,483.52,624.81,423.58,116.4,72.64,96.83,79.55,24.6,22.35,-1.07,0.14,549.56,428.92,441.09,103.3,216.28,219.21,0.7803,1.21,-0.0024,0.021,0.0234,10.6,332,339,346,7744
Voltas,500575,VOLTAS,Consumer Durables,1417.3,46896.29,0,15412.79,14430.36,830.56,647.6,4921.02,2619.11,3105.11,4767.56,3938.58,300.81,152.65,241.02,140.46,88.48,72.42,-19.96,-57.98,3529.59,1237.16,1007.84,310.27,761.51,-224.11,0.2714,-38.02,-0.0637,-0.2203,-0.1565,-3.3,505,394,307,22232
Vishnu Prakash R,543974,VPRPL,Construction,97.61,1216.65,0,1237.42,1257.27,58.61,50.84,256.56,334.87,240.93,405.06,276.41,45.69,31.91,16.24,7.01,22.04,23.93,7.74,-52.51,827.85,148.45,143.92,28.42,-316.24,-206.9,0.0957,-60.25,0.016,-0.1326,-0.1486,-1.8,44,38,33,794
Vraj Iron,544204,VRAJ,Ferrous Metals,147.45,486.33,0,475.03,498.75,44.09,36.13,114.6,87.55,119.88,153.01,138.31,16.36,13.22,10.01,7.59,10.69,13.46,20.69,-51.16,323.85,60.86,49.64,9.97,19.22,13.64,0.1423,-71.85,0.0499,-0.1805,-0.2305,-0.7,30,24,20,268
VRL Logistics,539118,VRLLOG,Transport Services,271.7,4753.04,0,3160.95,3178.07,177.08,219.53,727.21,799.48,825.22,809.03,744.34,186.61,151.61,74.25,50.04,36.9,21.65,2.36,272.32,2118.65,337.7,398.06,71.58,423.92,557.8,0.1374,269.96,0.0054,0.2397,0.2343,0.9,272,337,418,9056
Vardhman Special,534392,VSSL,Industrial Products,292.2,2819.83,3.33,1764.41,1783.33,92.06,86.91,414.78,494.82,426.77,428.04,433.7,31.44,31.82,19.73,19.9,20.36,32.45,4.56,-23.7,763.67,142.29,134.26,30.68,142.41,126.91,0.154,-28.26,0.0107,-0.0559,-0.0667,-5.8,82,77,73,2373
VST Industries,509966,VSTIND,Cigarettes & Tobacco Products,258.75,4395.16,0,1397.76,1374.32,211.87,210.56,321.33,360.03,367.15,349.24,297.9,69.54,76.93,53,56.13,19.75,20.87,-7.29,4.76,794.08,268.49,272.83,82.43,167.02,193.47,0.369,12.05,-0.0168,-0.0062,0.0106,-33.8,209,208,207,4313
VST Till. Tract.,531266,VSTTILLERS,"Agricultural, Commercial & Construction Vehicles",5481.5,4737.86,0,994.55,1086.41,91.92,116.17,190.59,283.43,219.1,301.43,282.45,40.37,37.5,24.98,44.56,27.76,40.78,48.2,95.01,532.31,120.89,152.45,31.85,48.61,76.55,0.2781,46.81,0.0924,0.2638,0.1715,1.5,147,186,235,9563
Vardhman Textile,502986,VTL,Textiles & Apparels,402.05,11628.38,0,9784.88,9861.95,849.68,851.94,2308.59,2502.42,2465.3,2508.57,2385.66,286.87,325.7,237.31,207.17,16.44,13.65,3.34,-13.14,8883.52,1201.1,1214.34,236.75,-1055.19,1643.8,0.1226,-16.48,0.0079,0.0027,-0.0052,51.3,854,856,859,11722
Waaree Energies,544277,WAAREEENER,Electrical Equipment,3333.4,95882.22,16.64,14444.5,15461.43,1860.28,2221.39,3408.9,3574.38,3457.29,4003.93,4425.83,922.58,997.32,621.85,745.2,43.75,43.16,29.83,89.07,10241.09,2706.89,3143.13,686.53,2305.04,3158.21,0.2839,59.24,0.0704,0.1941,0.1237,2.2,2653,3168,3782,163247
Indosolar,533257,WAAREEINDO,Electrical Equipment,711.7,2960.93,0,323.91,693.03,54.71,213.41,28.1,103.8,192,194.68,202.55,63.56,70.72,116.79,46.34,12.85,13.87,620.82,388.82,176.06,68.49,174.09,0,18.31,85.05,1.2121,-232,1.1396,2.9007,1.7612,0,832,3247,12667,175685
Waaree Renewab.,534618,WAAREERTL,Electrical Equipment,1133.2,11813.22,0,1597.75,2214.9,230.09,353.17,524.47,360.35,476.58,603.19,774.78,117.54,157.94,86.44,116.3,48.49,33.45,47.73,117.22,685.83,316.54,483.98,108.63,127.91,302.7,0.6733,69.49,0.3863,0.5349,0.1487,0.6,542,832,1277,42721
Va Tech Wabag,533269,WABAG,Other Utilities,1424.8,8870.26,0,3294,3401.5,289.01,306.1,626.5,700.3,811,1156.2,734,140.8,95.6,99.5,65.8,19.6,28.98,17.16,19.64,1826.7,455,480.7,84.9,133.5,355.2,0.214,2.48,0.0326,0.0591,0.0265,4.9,324,343,364,10539
Walchan. Inds.,507410,WALCHANNAG,Industrial Manufacturing,194.69,1320.51,3.75,259.18,229.44,-92.73,-98.79,79.17,67.86,59.07,53.08,49.43,-47.1,-2.37,-56.12,-10.39,,,-37.56,-500.58,336.52,-48.65,-55.62,0,10.76,15.62,-0.2936,-463.02,-0.1147,0.0654,0.1801,0,-92,-86,-81,0
Wanbury,524212,WANBURY,Pharmaceuticals & Biotechnology,253.75,834.25,0,599.51,629.82,33.37,42.99,131.11,161.19,133.45,172,163.18,29.63,24.44,20.26,13.49,28.84,19.41,24.46,1197.12,224.68,70.04,79.04,5.86,4.7,26.1,0.2174,1172.66,0.0506,0.2883,0.2377,0.7,55,71,92,1784
Western Carriers,544258,WCIL,Transport Services,122.85,1252.52,0,1725.72,1718.83,65.13,57.03,422.71,431.43,443,428.58,415.82,24.95,20.8,14.08,10.79,12.8,21.96,-1.63,-42.91,811.2,109.97,96.98,20.4,0.74,-2.69,0.0955,-41.28,-0.004,-0.1244,-0.1204,-1.8,50,44,38,841
Wealth First Por,544536,WEALTH,Finance,1184.3,1261.87,0,58.74,56.52,34.86,37.28,20.33,19.47,15.78,-3.53,24.8,-6.43,21.85,-4.27,16.23,22.28,33.85,21.99,17.69,80.65,45.91,49.22,11.49,16.1,8.76,0.6047,-4.3,-0.0378,0.0694,0.1072,4.9,40,43,46,1543
Websol Energy,517498,WEBELSOLAR,Electrical Equipment,1194,5183.91,0,575.46,682.6,154.63,198.99,111.6,143.55,147.31,172.99,218.75,78.48,103.48,48.27,67.18,89.08,26.05,96.01,193.62,380.27,214.1,272.29,14,34.9,167.26,0.5601,97.61,0.1862,0.2869,0.1007,0.9,256,330,424,11047
Wonder Electric.,543449,WEL,Consumer Durables,130.75,1752.15,0.01,894.39,817.88,19.02,18.34,231.36,129.58,221.53,312.03,154.74,17.49,5.1,11.63,1.11,95.44,95.54,-33.12,-37.64,115.54,32.14,30.84,5.72,-17.39,-21.61,0.2082,-4.52,-0.0855,-0.0358,0.0498,-26.7,18,17,16,1571
Welspun Corp,532144,WELCORP,Industrial Products,848.25,22360.45,0,13977.54,14391.8,1212.32,1629.99,3137.23,3301.83,3613.51,3924.97,3551.49,460.18,525.01,309.24,350.42,17.09,13.72,13.2,41.2,7062.14,1754.17,2268.45,368.46,1305.99,1503.67,0.283,28,0.0296,0.3445,0.3149,0.4,2192,2947,3962,54355
Welspun Enterp,532553,WELENT,Construction,525.95,7279.87,0,3584.1,3554.39,322.41,347.4,929.96,788.51,866.87,1053.96,845.05,183.21,181.26,98.77,102.04,18.81,20.96,-9.13,-1.66,1338.23,677.67,688.43,147.23,-344.48,-273.49,0.3696,7.47,-0.0083,0.0775,0.0858,2.7,374,403,435,9109
Welspun Investme,533252,WELINV,Finance,1087.6,396.97,0,5.26,5.17,3.7,3.48,0.11,4.88,0.19,0.06,0.04,-0.03,-0.2,0,-0.2,82.05,114.07,-63.64,-1100,0.17,4.91,4.68,1.21,-1.3,-1.52,27.5882,-1036.36,-0.0171,-0.0595,-0.0423,-19.2,3,3,3,330
Welspun Living,514162,WELSPUNLIV,Textiles & Apparels,122.77,11930.89,74.53,10545.09,10269.17,637.82,541.2,2536.49,2873.09,2489.61,2645.9,2260.57,315.58,225.42,131.82,87.55,23.58,22.05,-10.88,-52.81,6058.97,1075.88,947.33,150.17,532.84,687.98,0.1141,-41.93,-0.0262,-0.1515,-0.1253,-1.5,459,390,331,7290
Wendt India,505412,WENDT,Industrial Products,8911.5,1782.3,0,233.72,236.83,34.43,35.58,49.06,55.66,53.4,75.6,52.17,18.35,7.28,12.89,3.78,58.46,50.09,6.34,-50.78,187.46,45.26,46.51,10.76,29.81,33.64,0.2472,-57.12,0.0133,0.0334,0.0201,15,37,38,39,1967
Westlife Food,505533,WESTLIFE,Leisure Services,641.75,10007.2,0,2491.19,2532.5,7.75,10.12,616.33,618.01,653.72,603.14,657.63,77.04,85.32,1.52,1.23,179.65,988.85,6.7,-62.15,355.01,147.78,142.93,18.15,339.55,344.9,0.0796,-68.85,0.0166,0.3058,0.2892,32.3,13,17,23,22282
Wework India,544570,WEWORK,,628.65,8425.37,0,1941.81,1941.81,176.41,176.41,,,,,,,,,,47.77,47.76,,,3375.29,488.89,488.89,0,1165.05,1292.58,0.0523,0,0,0,0,,176,176,176,8425
Wheels India,590073,WHEELS,Auto Components,937,2289.37,25.35,4415.33,4515.62,105.85,106.92,1082.58,1083.89,1056.59,1192.27,1182.87,96.88,84.99,35.99,26.44,20.32,21.41,9.26,4.22,1173.65,250.77,256.45,30.6,313.88,400.42,0.1172,-5.04,0.0227,0.0101,-0.0126,21.2,108,109,110,2359
Whirlpool India,500238,WHIRLPOOL,Consumer Durables,1169.5,14837.66,4.11,7420.8,7354.57,307.89,309.23,2383.7,1582.08,1564.95,1890.07,2317.47,169.49,194.72,105.68,135.07,92.31,47.98,-2.78,0.78,3087.24,458.69,465.06,111.35,534.63,514.17,0.1362,3.56,-0.0089,0.0044,0.0133,110.2,311,312,313,15031
Windlas Biotech,543329,WINDLAS,Pharmaceuticals & Biotechnology,914.55,1927.62,4.29,759.88,794.82,60.98,65.18,175.15,187,195.02,202.71,210.09,25.55,26.53,16.28,17.66,21.8,29.57,19.95,31.01,281.03,84.12,89.66,19.23,108.96,68.19,0.3004,11.06,0.046,0.0689,0.0229,4.3,70,74,80,2354
Windsor Machines,522029,WINDMACHIN,Industrial Manufacturing,295,2492.11,16.36,368.72,401.22,-11.92,-21.9,80.83,59.41,107.65,120.82,113.34,10.99,7.98,-3.7,-0.66,53.43,,40.22,83.82,814.84,7.89,13.47,32.57,46.42,-41.32,0.0131,43.6,0.0881,0.8372,0.7491,0,-4,-1,0,0
Wipro,507685,WIPRO,IT - Software,248.7,260731.4,0,89088.4,89259.2,13089.91,13462.6,21963.8,22301.6,22318.8,22504.2,22134.6,4624,4233.1,3569.6,3330.4,20.24,19.37,0.78,10.9,53879.4,18912.1,19241.4,4508.8,17621.6,16942.6,0.3335,10.12,0.0019,0.0285,0.0266,6.8,13846,14240,14646,283684
Wockhardt,532300,WOCKPHARMA,Pharmaceuticals & Biotechnology,1418.5,23049.51,77.72,3012,3011,-47,-45.13,739,809,721,743,738,64,72,-25,-12.13,,,-0.14,13.33,4770,238,207,9,219,-22,-0.0076,13.47,-0.0003,-0.0398,-0.0395,0,-47,-49,-51,0
Wonderla Holiday,538268,WONDERLA,Leisure Services,584.15,3704.47,0,458.57,453.91,105.81,98.6,172.9,67.38,121.51,96.78,168.24,19.74,76.68,11.01,52.57,30.77,37.57,-2.7,-16.87,1591.24,110.69,101.28,26.9,177.69,122.54,0.0789,-14.17,-0.0102,-0.0681,-0.058,-5.5,92,86,80,2998
W S Inds.,504220,WSI,Construction,73.46,469.55,0,239.04,193.38,-17.77,-20.1,71.71,62.07,65.59,39.67,26.05,-0.37,3.3,-1.53,1.2,25.62,,-63.67,-67.57,227.07,13.16,8.79,17.43,113.24,-82.59,-0.0118,-3.9,-0.191,0.1311,0.3221,0,-17,-15,-13,0
West Coast Paper,500444,WSTCSTPAPR,"Paper, Forest & Jute Products",478.95,3163.46,0,4062.29,4056.61,319.49,251.69,960.34,1044.82,1015.85,1041.29,954.65,80.75,110.45,43.99,54.39,5.99,12.57,-0.59,-52.23,2891.41,493.76,408.61,96.44,764.35,99.22,0.1204,-51.64,-0.0014,-0.2122,-0.2108,-0.6,198,156,123,1547
Wise Travel,,WTICAB,Transport Services,162.5,386.94,0,548.59,548.59,22.95,22.95,220.71,,,243.64,304.95,21.07,32.52,10.3,13.04,17.51,16.86,38.17,9.76,226.93,37.53,37.53,7.16,13.76,0.21,0.1327,-28.41,0,0,0,,23,23,23,387
Xchanging Sol.,532616,XCHANGING,IT - Software,86.07,958.85,0,184.9,190.83,49.56,52.72,44.06,44.46,45.64,50.74,49.99,17.35,16.36,14.65,13.77,33.18,18.19,13.46,29.54,415.27,69.74,73.81,14.91,-12.06,46.75,0.1629,16.08,0.0321,0.0638,0.0317,2.9,56,60,63,1154
XPRO India,590013,XPROINDIA,Industrial Products,1094.2,2568.13,0,532.98,541.64,38.39,18.5,138.53,133.98,104.55,158.21,144.9,9.98,-2.52,6.57,-5.48,51.21,138.82,4.6,-139.09,833.46,58.66,36.11,10.77,43.98,12.75,0.0351,-143.69,0.0162,-0.5181,-0.5344,-2.7,9,4,2,287
XT Global Infot.,531225,XTGLOBAL,IT - Software,39.59,528.77,0,234.14,277.15,9.15,9.91,49.31,48.74,49.05,87.05,92.31,4.34,6.55,0.59,2.93,46.4,53.36,87.2,35.02,195.32,16.5,17.76,2.92,1.75,16.7,0.0657,-52.18,0.1837,0.0831,-0.1006,6.4,11,12,13,672
Yasho Industries,541167,YASHO,Chemicals & Petrochemicals,1637.4,1974.23,64.42,668.5,696.26,5.83,12.21,174.46,163.9,148.91,184.81,198.64,34.88,33.49,5.03,3.64,36.82,161.69,13.86,247.97,752.02,67.79,76.87,-0.13,90.19,-41.97,0.0161,234.11,0.0415,1.0943,1.0528,1.5,26,54,112,18136
Yash Optics,,YASHOPTICS,Consumer Durables,128.9,319.23,0,43.21,43.21,9.28,9.28,22.43,,,19.5,23.71,5.93,6.65,4.55,5.04,18.17,34.4,5.71,6.55,94.59,13.8,13.8,3.2,-12.39,5.68,0.1319,0.84,0,0,0,,9,9,9,319
Yatharth Hospit.,543950,YATHARTH,Healthcare Services,808.75,7792.66,0,860.1,926.48,129.28,142.2,211.78,217.77,219.16,231.78,257.77,57.03,64.49,38.72,42.04,36.89,54.8,21.72,38.38,1524.11,182.46,192.25,50.15,-3.08,149.6,0.1262,16.66,0.0772,0.0999,0.0228,5.5,156,172,189,10370
Yatra Online,543992,YATRA,Leisure Services,162.23,2545.65,0,791.44,900.44,36.49,48.53,100.81,236.4,235.26,218.97,209.81,17.08,23.08,15.22,16,92.5,52.46,108.12,296.04,743.99,45.28,58.12,1.06,-142.45,-88.65,0.0667,187.92,0.1377,0.33,0.1922,1.6,65,86,114,5989
Yes Bank,532648,YESBANK,Banks,24,75293.52,0,30918.81,30798.02,2457.94,2739.15,7725.41,7737.2,7833,7623.2,7604.62,4543.02,4495.05,744.53,808.65,47.29,27.49,-1.56,56.72,65725.48,25237.59,25365.73,878.8,9644.55,6386.4,0.055,58.28,-0.0039,0.1144,0.1183,2.4,3053,3402,3791,104214
Yuken India,522108,YUKEN,Industrial Products,937.7,1219.01,2.13,457.36,451.71,24.64,23.41,110.2,115.66,106.85,124.65,104.55,16.39,12.5,7.84,4.05,61.58,52.07,-5.13,-23,301.75,42.1,40.95,2.84,32.48,49.34,0.087,-17.87,-0.0124,-0.0499,-0.0376,-10.4,22,21,20,1045
Zaggle Prepaid,543985,ZAGGLE,IT - Services,360.3,4837.17,0,1302.65,1381.94,87.47,96.64,252.21,302.56,336.44,411.45,331.49,36.65,30.9,31.96,25.88,82.18,50.05,31.43,54.78,1128.11,125.1,135.87,30.81,-82.75,19.85,0.113,23.35,0.0609,0.1048,0.044,4.8,107,118,130,6523
Zee Entertainmen,505537,ZEEL,Entertainment,111.42,10702.11,8.42,8294.1,7988.4,751.98,764.83,2130.5,2000.7,1978.8,2184.1,1824.8,297.7,238.9,188.6,143.7,28.33,13.99,-14.35,-0.88,9867.1,1056.9,1048.3,197,714.4,1186,0.0975,13.47,-0.0369,0.0171,0.0539,8.2,778,791,805,11258
Zee Media,532794,ZEEMEDIA,Entertainment,11.31,707.36,0,621.92,628.31,-115.94,-106.81,175.96,130.7,159.45,155.8,182.36,-8.31,19.78,-25.72,-8.81,18.75,,3.64,51.22,206.77,-126.01,-119.02,-2.02,76.94,63.54,-0.5263,47.58,0.0103,-0.0787,-0.089,0,-115,-124,-134,0
Zensar Tech.,504067,ZENSARTECH,IT - Software,798.65,18155.96,100,5280.6,5377.5,627.07,673.9,1288.1,1308,1325.6,1358.9,1385,212.5,210.6,176.4,182,24.77,26.94,7.52,15.26,2349.6,845,905.3,204.3,642.1,565,0.3738,7.74,0.0184,0.0747,0.0563,3.6,724,778,836,22534
Zen Technologies,533339,ZENTEC,Aerospace & Defense,1419,12812.2,0,973.64,877.24,280.24,251.19,254.62,241.84,152.21,324.97,158.22,137.92,64.22,101.05,47.75,74.54,51.01,-37.86,-37.83,1575.45,425.46,384.67,103.5,13.42,-146.27,0.2251,0.03,-0.099,-0.1037,-0.0047,-4.9,225,202,181,9227
ZF Commercial,533023,ZFCVINDIA,Auto Components,13332,25277.47,0,3804.09,3829.01,452.52,479.61,938.31,906.7,955.89,1003.19,963.23,172.49,127.93,125.19,120.17,70.78,52.7,2.66,21.13,3124.51,604.38,640.27,151.74,192.69,273.65,0.2021,18.47,0.0066,0.0599,0.0533,8.8,508,539,571,30092
Zim Laboratories,541400,ZIMLAB,Pharmaceuticals & Biotechnology,71.21,347.05,0,379.03,368.96,12.17,9.39,81.82,92.14,96.33,108.73,71.76,14.6,4.25,4.88,-1.87,29.77,36.96,-12.3,-307.78,299.69,29.4,26.17,4.49,16.28,41.15,0.0463,-295.48,-0.0266,-0.2284,-0.2019,-1.6,7,6,4,159
Zodiac Energy,543416,ZODIAC,Construction,378.9,573.04,0,407.78,426.49,19.8,20.33,79.34,52.77,104.33,171.34,98.05,17.61,9.68,9.44,2.69,49.43,28.19,23.58,15.45,190.08,36,40.06,3.01,15.87,-48.84,0.1228,-8.13,0.0459,0.0268,-0.0191,10.5,21,21,22,620
Zota Health Care,,ZOTA,Pharmaceuticals & Biotechnology,1457.9,4420.05,0,291.89,340.25,-56.39,-57.99,56.3,67.28,72.12,97.27,103.58,2.47,3.95,-12.89,-14.32,277.16,,83.98,-12.58,275.41,-46.86,-47.46,5.15,-5.98,-49.96,-0.1919,-96.56,0.1657,0.0284,-0.1373,0,-56,-55,-53,0
Z-Tech (India),,ZTECH,Other Utilities,578.75,829.36,0,94.4,94.4,20.14,20.14,22.14,16.23,19.04,24.14,34.99,7.73,12.86,5.75,9.08,42.29,41.18,58.04,236.3,164.87,27.63,27.63,7.57,0.29,-91.37,0.1681,178.26,0,0,0,,20,20,20,829
Zuari Agro Chem.,534742,ZUARI,Fertilizers & Agrochemicals,261.15,1098.34,0,4436.09,4585.49,160.84,254.59,1096.65,1123.32,1264.13,951.99,1246.05,32.47,140.74,19.84,98.99,4.88,4.31,13.62,980.68,-917.77,464.24,555.57,74.46,473.14,511.47,-0.3585,967.06,0.0337,0.5829,0.5492,0.1,403,638,1010,4352
Zuari Industries,500780,ZUARIIND,Agricultural Food & other Products,344.75,1026.71,0,970.33,1002.07,-74.75,-41.26,225.71,237.29,235.06,272.26,257.46,27.6,25.24,-20.71,0.05,24.63,,14.07,100.15,363.71,194.74,222.23,2.75,71.48,-1.29,-0.1059,86.08,0.0327,-0.448,-0.4807,0,-60,-87,-125,0
Zydus Lifesci.,532321,ZYDUSLIFE,Pharmaceuticals & Biotechnology,993.45,99964.32,0,23241.5,23607.7,4643.81,4656.65,6207.5,5237,5269.1,6527.9,6573.7,2125.5,2088.5,1255.15,1466.8,22.86,21.47,5.9,3.3,18979,6377.7,6485.6,1626.2,3196.3,6776.7,0.331,-2.6,0.0158,0.0028,-0.013,77.7,4670,4682,4695,100810
Zydus Wellness,531335,ZYDUSWELL,Food Products,456,14508.13,0,2708.9,2728.8,332.01,321.9,841,492.9,461.9,913.1,860.9,190,155.6,171.9,127.9,34.73,45.07,2.37,-13.41,5463,355.4,357.5,0.9,246.4,380,0.0591,-15.78,0.0073,-0.0305,-0.0378,-14.8,312,303,293,13223
3B Blackbio,532067,BOM532067,Healthcare Services,1387.4,1190.76,0,96.47,99.27,47.67,49.04,19.43,29.15,25.39,22.5,22.23,7.92,11.83,8.4,12.59,21.96,24.28,14.41,13.12,120.82,64.07,65.6,14.94,26.95,43.36,0.5295,-1.29,0.029,0.0287,-0.0003,8.4,50,52,53,1296
A-1,542012,BOM542012,Chemicals & Petrochemicals,981.9,1129.19,0,331.49,326.4,3.81,3.41,70.71,77.76,74.33,109.62,64.69,2.43,1.86,0.84,0.6,206.81,331.14,-8.51,-28.57,44.65,6.89,6.54,1.54,11.26,-10.53,0.1109,-20.06,-0.0154,-0.105,-0.0896,-31.5,3,3,2,810
A.K.Capital Serv,530499,BOM530499,Finance,1107.8,731.15,0,481.57,500.21,84.73,85.13,114.96,120.12,115.01,130.63,134.45,91.67,95.91,25.68,23.1,7.15,8.59,16.95,1.76,651.65,333.29,343.52,22.99,201.76,-477.57,0.1659,-15.19,0.0387,0.0047,-0.034,18.2,86,86,86,742
Aayush Art,540718,BOM540718,Textiles & Apparels,1004.9,1538.72,0,73.77,73.77,1.81,1.81,0.17,,,26.58,47.19,0.37,2.07,0.24,1.56,778.11,850.12,27658.82,766.67,43.45,2.41,2.41,0.61,0.25,-40.43,0.0557,-26892.15,0,0,0,,2,2,2,1539
Aayush Wellness,539528,BOM539528,Food Products,66.37,323.06,0,73.34,84.89,3.37,4.27,11.08,14.28,25.63,22.35,22.63,1.09,0.51,1.1,1.16,358.12,75.66,104.24,346.15,1.16,3.38,4.27,0.09,-0.57,0.38,3.7586,241.91,0.1575,0.2671,0.1096,2.8,5,7,9,657
ABM Knowledge,531161,BOM531161,IT - Software,254.3,508.66,0,80.86,82.26,15.52,16.18,18.75,19.09,21.5,21.51,20.16,3.5,2.91,4.48,4.2,18.07,31.44,7.52,15.7,108.54,19.71,20.51,3.91,3.16,14.75,0.1851,8.18,0.0173,0.0425,0.0252,7.4,17,18,18,576
Ace Soft. Exp.,531525,BOM531525,IT - Software,358.25,457.31,0,31.55,39.59,4.78,5.63,5.31,5.85,6.81,13.68,13.25,2.37,1.53,2.27,1.25,59.69,81.23,149.53,73.61,84.69,6.76,7.27,0.93,-3.32,-9.79,0.0775,-75.92,0.2548,0.1778,-0.077,4.6,7,8,9,747
ADC India,523411,BOM523411,Telecom - Equipment & Accessories,1613.95,742.42,10.96,187.1,183.56,24.46,22.47,48.63,50.79,41.92,45.74,45.11,3.01,5.92,2.95,4.97,31.29,33.04,-7.24,-28.59,66.58,32.79,30.12,7.6,19.43,25.93,0.4516,-21.35,-0.0189,-0.0814,-0.0624,-4.1,21,19,17,576
Adcounty Media.,544435,BOM544435,Media,224.75,505.71,23.89,68.9,68.9,13.75,13.75,16.22,,,22.68,17.05,5.3,5.09,3.96,4.1,25.12,36.78,5.12,28.53,34.3,18.6,18.6,4.71,4.54,-0.24,0.5382,23.41,0,0,0,,14,14,14,506
Advait Energy,543230,BOM543230,Industrial Products,1761.6,1925.38,1.78,399.11,456.39,31.02,33.85,59.65,46.19,98.45,193.32,118.43,19.28,13.75,11.36,8.37,59.29,56.88,98.54,53.86,153.17,55.62,61.87,13.36,-9.37,46.47,0.3082,-44.68,0.1435,0.0912,-0.0523,6.2,37,40,44,2502
Aelea Commoditi.,544213,BOM544213,Agricultural Food & other Products,200.3,407.99,0,182.14,182.14,2.54,2.54,79.11,,,87.74,94.4,9.52,-1.67,5.58,-2.61,27.36,160.63,19.33,-131.37,102.35,7.74,7.74,0,-6.69,9.47,0.0248,-150.7,0,0,0,,3,3,3,408
Aerpace Indus,534733,BOM534733,Industrial Products,21.18,325.87,,0,0,-6.57,-7.59,0,0,0,0,0,-3.42,-1.26,-2.76,-1.72,,,,-142.25,53.69,-7.11,-7.87,0,-3.41,-5.15,-0.1414,-142.25,,0.1553,,0,-6,-5,-5,0
Afcom Holdings,544224,BOM544224,Transport Services,830.9,2065.43,0,238.72,238.72,46.8,46.8,39.86,,,100.39,118.89,41.49,36.65,26.87,27.07,47.56,44.13,198.27,4266.13,80.8,66.35,66.35,13.68,31.14,27.38,0.7485,4067.86,0,0,0,,47,47,47,2065
Airfloa Rail,544516,BOM544516,Industrial Manufacturing,388.85,932.07,0,192.39,192.39,25.5,25.5,,,,,,,,,,23.55,36.55,,,101,45.96,45.96,9.42,3.46,-4.43,0.3457,0,0,0,0,,26,26,26,932
Algoquant Fin,505725,BOM505725,Finance,70.15,1971.89,0,234.59,223.41,32.58,19,65.63,65.17,49.83,53.91,54.5,3.23,9.47,1.06,4.55,65.82,103.78,-16.96,-67.52,97.25,44.34,31.63,4.25,-9.1,60.13,0.2391,-50.56,-0.0477,-0.4168,-0.3692,-2.5,11,6,4,391
Alphalogic Tech.,542770,BOM542770,IT - Software,82.99,519.66,0,77.96,65.56,4.98,4.75,23.84,18.79,20.69,14.64,11.44,1.7,1.68,1.07,1.17,106.96,109.4,-52.01,-8.59,47.67,9.16,8.7,2.08,0.49,2.48,0.1433,43.42,-0.1591,-0.0462,0.1129,-23.7,5,4,4,451
Alstone Textiles,539277,BOM539277,Retailing,0.48,301.19,0,0,0,-1.25,2.3,2.79,0,0,0,0,-0.69,-0.03,0.46,1.75,15.43,130.95,-100,-31.37,-1418.38,-1.25,2.31,0,3.16,1.62,-0.0016,68.63,,-2.84,,-0.5,-4,-16,-62,-8172
Altius Telecom,543225,BOM543225,Telecom - Services,148.5,45253.89,0,19454,22055.7,839.9,823.9,3478.9,4022.5,6064.2,5939,6030,2425.5,2456.9,167.1,226.7,51.45,54.93,73.33,-6.63,63819.7,4553.7,5021.8,394.5,5831.7,7066.4,0.0191,-79.96,0.1337,-0.019,-0.1528,-28.8,808,793,778,42719
Alufluoride,524634,BOM524634,Chemicals & Petrochemicals,410.95,321.38,0,188.52,198.57,19.67,19.26,33.71,53.2,47.6,54.01,43.76,7.57,7.25,3.18,3.18,21.38,16.69,29.81,-18.04,99.66,28.78,28.88,5.98,35.71,12.2,0.2533,-47.85,0.0533,-0.0208,-0.0742,-8,19,18,18,302
Amal,506597,BOM506597,Chemicals & Petrochemicals,981.4,1213.27,0,135.32,162.12,29.61,38.25,20.51,30.06,45.79,38.96,47.31,10.48,11.63,6.78,9.4,56.79,31.72,130.67,1988.89,79.85,35.01,43.49,2.94,21.16,49.71,0.5158,1858.22,0.198,0.2918,0.0937,1.1,49,64,82,2615
Amic Forging,544037,BOM544037,Industrial Products,1518.25,1713.86,7.06,120.37,120.37,20.6,20.6,74.63,,,63.67,57.65,11.87,16.13,22.8,12.83,47.62,83.2,-22.75,90.92,86.04,26.89,26.89,9.75,-7.96,6.02,0.3527,113.67,0,0,0,,21,21,21,1714
Anand Rayons,542721,BOM542721,Textiles & Apparels,442.5,942.48,0,313.75,319.39,3.47,5.31,70.31,82.95,74.64,85.85,75.95,2.84,1.13,2.25,1.18,20.11,177.49,8.02,126.92,79.9,7.31,7.8,0,4.98,11.23,0.0665,118.9,0.018,0.5303,0.5123,3.3,8,12,19,3377
Andhra Petrochem,500012,BOM500012,Chemicals & Petrochemicals,52.27,444.15,0,501.89,513.73,-14.81,-39.13,129.62,104.29,124.53,143.45,141.46,-16.42,-10.49,-11.93,-8.42,12.51,,9.13,-152.92,535.23,-9.76,-40.13,-10.04,103.15,-56.73,-0.0919,-162.05,0.0236,1.6421,1.6185,0,25,66,175,0
Apis India,506166,BOM506166,Food Products,780.4,430.01,47.1,350.34,350.13,24.41,22.6,87.08,80.43,92.68,90.16,86.86,10.82,6.87,8.13,2.53,3.08,19.03,-0.25,-51.99,136.74,32.31,33.32,8.06,-3.32,5.86,0.2242,-51.74,-0.0006,-0.0741,-0.0736,-2.6,21,19,18,341
Arih.Found.Hsg.,531381,BOM531381,Realty,998.1,994.67,0,206.44,250.31,41.38,49.54,38.7,48.29,52.01,67.43,82.58,16.58,21.88,11.46,16.35,11.57,20.08,113.39,71.92,257.53,77.4,85.55,16.38,30.37,-86.06,0.256,-41.47,0.2125,0.1972,-0.0153,1,59,71,85,1707
Artemis Electri.,542670,BOM542670,Electrical Equipment,24.37,611.78,0,72.35,79.71,7.69,8.73,12.38,4.02,18.45,37.49,19.75,5.06,2.21,3.81,1.37,81.42,70.08,59.53,242.5,84.25,10.56,11.9,1.73,21.24,41.19,0.1242,182.97,0.1017,0.1352,0.0335,5.2,10,11,13,895
Artson,522134,BOM522134,Industrial Manufacturing,196.3,724.74,0,113.55,133.32,3.48,4.2,24.97,19.51,17.81,51.26,44.74,3.93,3.34,0.6,0.22,150.88,172.56,79.18,144.9,21.85,14.58,15.52,0,-3.78,20.44,0.1922,65.72,0.1741,0.2069,0.0328,8.3,5,6,7,1274
Arunis Abode,526935,BOM526935,Commercial Services & Supplies,91.89,468.64,0,0,13.6,-0.12,5.26,0,0,0,0,13.6,-0.16,5.72,0.22,5.32,47.66,89.1,,6011.11,6.21,-0.38,5.95,0.93,4.55,-0.77,0.9968,6011.11,,-44.8333,,0,-231,-10567,-484343,-43154971
Aryaman Capital,538716,BOM538716,Finance,543.3,650.72,0,77.33,77.33,22.93,22.93,3.52,,,25.7,25.72,4.54,13.02,5.32,11.03,27.85,28.38,630.68,3985.19,63.58,30.58,30.58,4,8.81,27.88,0.4236,3354.51,0,0,0,,23,23,23,651
Aryaman Fin.Serv,530245,BOM530245,Finance,771.45,944.79,0,118.1,130.68,31.56,37.93,10.97,24.86,37.58,39.45,28.79,10.67,15.08,8.37,10.04,24.42,24.91,162.44,173.57,119.58,57.74,65.85,10.29,25.86,45.94,0.4032,11.13,0.1065,0.2018,0.0953,1.2,46,55,66,1640
Ashika Credit,543766,BOM543766,Finance,369.05,1409.42,0,4.24,4.24,-51.48,-51.48,,,,,69.89,,66.15,,50.21,,,,,10.43,-59.13,-59.13,0,-24.84,-390.2,-4.9358,0,0,0,0,,-51,-51,-51,0
Asian Star Co.,531847,BOM531847,Consumer Durables,744,1190.91,0,2955.75,2913.1,44.3,45.95,759.2,654,688.25,854.31,716.54,4.62,21.74,-4.48,19.34,16.89,25.92,-5.62,4.71,1581.09,91.22,89.32,14.87,-65.64,230.41,0.0385,10.33,-0.0144,0.0372,0.0517,7,48,49,51,1329
ASM Technologies,526433,BOM526433,IT - Software,3779.2,5304.85,24.65,288.81,359.11,25.83,39.4,52.62,56.94,64.74,114.51,122.92,25.41,25.67,15.35,15.57,81.18,134.64,133.6,405.52,141.14,45.35,66.15,13.28,-0.61,-23.48,0.3732,271.92,0.2434,0.5254,0.2819,2.6,60,92,140,18827
Auto.Corp.of Goa,505036,BOM505036,Auto Components,2063.8,1256.57,0,660.77,713.85,46.6,51.76,203.33,129.87,110.71,216.86,256.41,20,27.87,16.84,23.07,28.33,24.28,26.11,28.74,142.68,62.59,69.31,16.84,60.95,9.72,0.4808,2.63,0.0803,0.1107,0.0304,2.2,57,64,71,1722
Avance Tech.,512149,BOM512149,IT - Software,3.09,612.41,0,171.77,162.32,5.3,4.73,46.86,44.21,32.38,48.31,37.42,-1.85,0.67,-1.36,1.62,26,129.47,-20.15,-26.03,-32.92,7.36,6.27,1.51,30.5,-67.61,-0.1896,-5.88,-0.055,-0.1075,-0.0525,-12,4,4,3,435
Avishkar Infra,508929,BOM508929,Realty,444.3,995.38,0,2.4,2.4,3.22,3.22,,,,2,0,1.77,-0.2,2.67,-0.51,160.56,309.12,,,47.21,3.07,3.07,0,2.14,-28.96,0.0682,0,0,0,0,,3,3,3,995
Axtel Industries,523850,BOM523850,Industrial Manufacturing,461.2,745.06,16.29,178.56,161.08,17.02,15.82,44.7,55.84,40.41,37.61,27.22,4.52,1.52,4.76,1.9,30.92,47.1,-39.11,-53.77,63.8,23.27,21.34,4.87,38.68,31.22,0.3243,-14.66,-0.0979,-0.0705,0.0274,-6.7,15,14,13,598
Azad India,504731,BOM504731,Industrial Products,154.6,626.02,0,9.03,9.03,0.04,0.04,0,,0,9.03,7.69,0.09,-0.08,0.1,0.07,14785,15650.5,,141.18,59.24,-0.15,-0.15,0,-1.24,-51.04,0.0007,141.18,0,0,0,,0,0,0,626
B-Right Real,543543,BOM543543,Realty,329,339.9,0,103.43,103.43,2.22,2.22,22.11,,,40.63,62.8,6.13,6.94,0.58,1.14,111.46,153.12,184.03,-9.98,130.93,13.24,13.24,4.03,-43.62,-20.84,0.0477,-194.01,0,0,0,,2,2,2,340
B.R.Goyal Infra.,544335,BOM544335,Construction,139,331.16,0,501.55,501.55,24.93,24.93,352.63,,,204.7,296.85,12.15,28.78,6.08,18.99,10.58,13.28,-15.82,6.99,242.03,42.22,42.22,8.33,12.14,-36.78,0.1374,22.81,0,0,0,,25,25,25,331
Bajaj Steel Inds,507944,BOM507944,Industrial Manufacturing,542.1,1127.57,0,584.56,551.3,64.3,56.6,141.01,152.22,138.05,153.5,107.53,24.18,13.55,18.06,7.4,12.85,19.92,-23.74,-51.57,403.98,90.34,79.38,16.63,55.34,52.43,0.1813,-27.83,-0.0569,-0.1198,-0.0629,-1.7,50,44,39,769
Balgopal Commer.,539834,BOM539834,Commercial Services & Supplies,227.35,432.19,0,0.56,0.51,5.39,4.13,0.05,0.33,0.18,0,0,-0.36,-0.3,-4.38,1.68,13.87,104.65,-100,-56.7,10.21,6.31,4.95,0.16,14.69,-9.93,0.4202,43.3,-0.0893,-0.2338,-0.1445,-4.5,3,2,2,194
Balmer Law. Inv.,532485,BOM532485,Finance,79.82,1771.79,0,2545.45,2569.2,170.75,175.08,640.67,641.57,633.15,611,683.48,96.98,85.81,48.24,44.66,9.27,10.12,6.68,8.4,1855.83,374.81,390.32,94.45,280.29,163.88,0.1452,1.72,0.0093,0.0254,0.016,4,180,184,189,1910
Banganga Paper,512025,BOM512025,Commercial Services & Supplies,48.97,586.6,0,58.09,79.25,1.88,2.54,0,16.88,20.72,20.49,21.16,2.01,1.57,1,0.65,446.59,230.94,,,20.63,3.49,4.67,0.78,-0.15,-2.36,0.1609,0,0.3643,0.3511,-0.0132,6.6,3,5,6,1447
Baroda Rayon,500270,BOM500270,Realty,134.95,309.19,0,99.6,111.47,26.26,32.54,10.49,17.26,15.1,56.75,22.36,15.54,7.46,15.79,7.1,11.06,9.5,113.16,98.88,504.16,27.49,33.93,0,-2.99,42.34,0.0645,-14.28,0.1192,0.2391,0.12,0.4,40,50,62,588
Batliboi,522004,BOM522004,Industrial Manufacturing,90.14,423.58,0,412.94,359.38,13,6.35,94.16,75.26,95.54,119.04,69.54,7.33,-1.63,5.45,-2.58,35.88,66.71,-26.15,-188.36,259.37,23.17,13.95,5.75,6.71,2.27,0.0467,-162.21,-0.1297,-0.5115,-0.3818,-1.3,3,2,1,49
Beekay Steel Ind,539018,BOM539018,Industrial Products,475.35,906.59,0,1076.35,1113.19,88.82,89.88,245.99,228.86,270.99,330.5,282.84,29.64,17.75,5.43,31.17,10.18,10.09,14.98,1.46,990.43,127.92,126.06,9.4,129.23,146.91,0.1002,-13.52,0.0342,0.0119,-0.0223,8.5,91,92,93,940
Beezaasan Exp.,544369,BOM544369,Chemicals & Petrochemicals,242.5,313.34,0,215,215,12.3,12.3,101.22,,,97.21,117.78,12.79,7.97,7.68,4.62,25.24,25.47,16.36,79.77,89.19,19.74,19.74,3.75,1.18,3.9,0.18,63.41,0,0,0,,12,12,12,313
Bemco Hydraulics,522650,BOM522650,Industrial Manufacturing,137,599.16,0,100.12,97.59,12.45,13.49,14.24,24.88,21.91,39.09,11.71,7.94,2.21,5.28,1.44,33.9,44.42,-17.77,193.88,70.61,19.71,20.41,5.33,10.47,13.34,0.2665,211.65,-0.0253,0.0835,0.1088,5.3,15,16,17,762
Benares Hotels,509438,BOM509438,Leisure Services,9374.35,1218.67,0,135.47,137.47,43.25,44.39,23,24.47,38.87,49.12,25.01,21.72,10.03,16.05,7.58,29.19,27.45,8.74,17.88,179.06,58.49,60.09,15.44,40.55,41.86,0.3341,9.14,0.0148,0.0264,0.0116,10.4,46,47,48,1317
Bengal & Assam,533095,BOM533095,Finance,7976.85,9096.72,0,2187.14,2173.18,719.37,723.01,527.85,589.88,489.1,521.07,573.13,92.6,100.79,223.17,247.45,7.56,12.58,8.58,-0.39,909.07,426.26,460.53,94.47,1817.22,294.36,0.8992,-8.97,-0.0064,0.0051,0.0114,24.9,727,730,734,9234
Bharat Global,521238,BOM521238,IT - Hardware,214.65,2173.54,0,668.55,634.48,16.03,14.92,54.05,216.35,276.03,122.16,19.94,0.34,0.88,1.99,1.43,129.01,145.68,-63.11,-43.7,186.16,21.6,20.05,5.15,-96.4,-156.42,0.1078,19.41,-0.051,-0.0692,-0.0183,-21,14,13,12,1753
Bharat Parenter.,541096,BOM541096,Pharmaceuticals & Biotechnology,1280,882.17,69.18,340.38,363.87,-12.43,-5.67,92.51,71.63,72.26,103.98,116,2.23,13.78,-4.73,8.23,15.67,,25.39,542.97,414.42,-20.02,-12.75,9.6,-4.71,-27.25,0.0095,517.58,0.069,-0.5438,-0.6129,0,-9,-14,-21,0
Bhatia Colour,543497,BOM543497,Chemicals & Petrochemicals,398.2,563.03,0,124.09,124.09,3.71,3.71,60.81,,,59.49,65.6,3.71,3.86,2.05,1.68,25.17,151.76,7.88,-15.58,87.81,7.12,7.12,1.66,17.55,-6.91,0.0612,-23.46,0,0,0,,4,4,4,563
Bhatia Communic.,540956,BOM540956,Retailing,27.55,344.79,0,442.5,449.44,13.83,13.75,104.82,107.32,126.81,103.77,111.54,3.92,5.62,2.93,3.58,24.69,25.08,6.41,-1.92,79.42,20.07,20.32,4.69,4.91,5.17,0.2322,-8.33,0.0157,-0.0058,-0.0215,-43.4,14,14,14,339
Bizotic Commer.,543926,BOM543926,Textiles & Apparels,575.5,462.7,0,111.94,131.72,4.29,10.83,52.86,,,57.94,73.78,4.27,11.63,2.45,8.38,13.26,42.72,39.58,520.74,51.55,6.73,14.77,3.77,-26.08,5.43,0.2832,481.16,0.1767,1.5245,1.3478,0.3,27,69,174,7443
Black Rose Indus,514183,BOM514183,Chemicals & Petrochemicals,105.9,540.09,34.57,391.2,352.78,21.11,20.59,98.27,123.33,86.71,82.89,59.85,8.53,5.8,5.99,4.19,37.26,26.23,-39.1,-11.23,157.64,29.7,29.1,7.28,16.8,-12.51,0.1768,27.87,-0.0982,-0.0246,0.0736,-10.6,20,20,19,501
Blue Cloud Soft.,539607,BOM539607,IT - Software,25.01,1091.14,0,796.86,771.66,44.27,48.18,231.24,235.27,146.72,183.62,206.05,17.15,21.2,13.04,14.39,51.18,22.65,-10.89,37.31,172.33,66.92,68.31,15.55,-19.5,-12.55,0.3698,48.2,-0.0316,0.0883,0.1199,2.6,52,57,62,1407
Blue Pearl Agri,514440,BOM514440,Chemicals & Petrochemicals,91.75,5528.49,0,35.33,40.96,0.64,0.66,6.16,7.46,10.23,11.48,11.79,-0.58,0.35,-0.34,0.27,13.31,8376.5,91.4,8,60.43,0.78,0.8,0.14,0.2,-59.99,0.0132,-83.4,0.1594,0.0313,-0.1281,2680.5,1,1,1,6063
BMW Industries,542669,BOM542669,Industrial Products,44.75,1007.26,0,557.08,535.77,61.7,56.95,151.68,134.89,127.26,143.25,130.37,28.81,23.65,20.08,10.64,19.45,17.69,-14.05,-38.46,713.29,87.93,80.89,13.23,243.6,112.46,0.0984,-24.41,-0.0383,-0.077,-0.0387,-2.3,53,49,45,792
BN Agrochem,526125,BOM526125,Commercial Services & Supplies,401.8,3928.52,0,299.41,502.72,19.76,43.73,0,0,85.22,214.19,203.31,-40.55,23.81,19.25,20.08,125.67,89.84,,1145.83,73.26,30.36,54.98,3.1,-3.08,-31.27,0.6392,1145.83,0.679,1.2131,0.534,0.7,97,214,474,42582
Bombay Oxygen,509470,BOM509470,Finance,24741.35,371.12,0,20.21,20.1,17.12,14.9,29.01,23.97,-18.54,-14.22,28.89,-14.67,28.49,-12.3,24.23,7.6,24.91,-0.41,-9.72,7.72,18.39,18.98,2.32,-1.78,-2.61,2.2306,-9.31,-0.0054,-0.1297,-0.1242,-1.9,13,11,10,245
Bondada Engineer,543971,BOM543971,Telecom - Services,417.05,4654.01,0,1571.38,1571.38,110.34,110.34,505,,,480.6,1090.78,53.87,121.07,35.42,76.47,67.88,42.18,116,154.56,407.24,177.53,177.53,40.3,44.01,-158.05,0.3699,38.56,0,0,0,,110,110,110,4654
Bright Outdoor,543831,BOM543831,Media,349.1,761.85,0,126.73,126.73,19.08,19.08,65.44,,,57.21,69.53,12.73,13.33,9.14,9.93,43.58,39.93,6.25,-16.13,152.92,25.39,25.39,6.29,-18.06,5.05,0.1659,-22.38,0,0,0,,19,19,19,762
Canara Robeco,,BOM,,,5304.5,0,403.84,403.84,190.7,190.7,,,,,,,,,,,27.82,,,17.32,259.35,259.35,63.71,107.26,157.48,14.6888,0,0,0,0,,191,191,191,5305
Captain Polyplas,536974,BOM536974,Industrial Products,81.12,486.14,3.96,286.52,291.7,18.86,19.22,64.89,53.26,90.25,78.45,69.74,9.01,7.3,5.12,4.3,21.12,25.29,7.47,34.38,146.33,33.91,34.19,8.1,-13.69,8.95,0.1867,26.91,0.0181,0.0191,0.001,13.2,20,20,20,514
Captain Techno.,540652,BOM540652,Industrial Manufacturing,195,452.79,0,92.16,92.16,8.05,8.05,34.69,,,40.94,51.22,4.79,6.92,3.33,4.71,64.02,56.25,47.65,93.83,29.61,11.77,11.77,2.74,6.88,9.93,0.3644,46.18,0,0,0,,8,8,8,453
Ceinsys Tech,538734,BOM538734,IT - Software,1483.7,2647.09,11.83,418.06,500.82,62.85,82.97,73.84,90.04,111.79,142.39,156.6,26.77,30.26,21.87,31.64,20.15,31.9,112.08,165.66,370.4,93.69,110.3,29.12,49.04,5.68,0.3026,53.58,0.198,0.3201,0.1222,1,110,145,191,6089
CFF Fluid,543920,BOM543920,Aerospace & Defense,629.35,1320,0,145.56,145.56,23.85,23.85,47.41,,,80.03,65.53,22.95,17.83,14.05,9.8,54.63,55.35,38.22,40.2,151.92,35.23,35.23,9.09,-26.74,-3.22,0.2168,1.98,0,0,0,,24,24,24,1320
CIAN Agro,519477,BOM519477,Agricultural Food & other Products,2989.05,8365.12,0,1029,1522.33,41.16,93.27,17.47,125.01,396.29,490.23,510.8,46.17,114.44,8.36,52.21,48.38,89.69,2823.87,52110,2748.66,119.78,222.77,1.6,65.13,281.47,0.0345,49286.13,0.4794,1.266,0.7866,0.7,211,479,1085,97339
City Pulse Multi,542727,BOM542727,Retailing,2912.65,3106.06,0,2.81,3.54,1.34,1.65,0.41,0.59,1.61,0.2,1.14,0.49,0.93,0.27,0.55,1577.22,1882.46,178.05,120,7.22,1.54,2.03,0.38,0.39,4.54,0.2812,-58.05,0.2598,0.2313,-0.0284,81.4,2,3,3,5799
CLN Energy,544347,BOM544347,Auto Components,570,601.54,0,219.18,219.18,12.63,12.63,,,,74.83,144.35,9.6,14.51,4.64,8.29,34.29,47.63,,,83.8,19.36,19.36,6.17,4.5,-66.82,0.2243,0,0,0,0,,13,13,13,602
Colab Platforms,542866,BOM542866,Finance,143.65,2930.46,0,70.06,70.06,2.86,2.86,11.19,,23.24,20.43,21.79,1.19,-0.06,0.95,1.2,228,1024.64,94.73,166.67,4.71,3.84,3.84,0.62,2.14,3.76,0.7389,71.94,0,0,0,,3,3,3,2930
Concord Control,543619,BOM543619,Industrial Manufacturing,2692.5,1696.4,0,124.34,124.34,22.65,22.65,35.07,,,49.75,74.71,13.8,15.1,8.28,14.38,45.58,74.9,113.03,111.47,104.48,30.97,30.97,5.39,7.4,-6.98,0.2684,-1.56,0,0,0,,23,23,23,1696
Cosmic CRF,543928,BOM543928,Industrial Products,1146.65,1053.5,0,401.63,401.63,24.5,24.5,,,,169.38,232.25,21.77,22.28,13.61,12.32,49.24,43,,,408.83,37.68,37.68,5.7,,-72.6,0.0739,0,0,0,0,,25,25,25,1054
Cropster Agro,523105,BOM523105,Industrial Products,22.47,1887.48,0,194.29,204.82,12.99,13.72,40.5,47.51,50.6,55.69,51.02,3.66,4.11,3.23,3.97,116.67,137.57,25.98,37.37,89.08,13.42,14.55,0.82,-36.33,-35.8,0.1632,11.39,0.0542,0.0562,0.002,24.5,14,15,16,2224
Cupid Breweries,512361,BOM512361,Beverages,103.62,538.65,0,0.58,0.47,-0.5,-0.73,0.1,0.09,0.26,0.12,0,-0.44,-0.21,-0.45,-0.21,,,-100,-10.53,1.13,-0.49,-0.72,0,-1.5,-1.66,-0.646,89.47,-0.1897,0.46,0.6497,0,0,0,0,0
CWD,543378,BOM543378,Consumer Durables,1675,717.71,6.02,32.9,32.9,2.51,2.51,15.41,,,6.97,26.34,0.43,7.11,-1.83,4.33,179.02,285.94,70.93,18.31,58.69,5.14,5.14,2.76,-4.54,2.75,0.0898,-52.62,0,0,0,,3,3,3,718
Danlaw Tech.,532329,BOM532329,Industrial Manufacturing,779.65,379.74,0,218.38,226.35,19.05,18.92,47.3,54.58,54.69,62.31,54.77,10.54,6.94,6.52,3.47,33.43,20.07,15.79,0,88.81,28.05,27.67,6.8,23.69,10.12,0.2896,-15.79,0.0365,-0.0068,-0.0433,-29.4,19,19,19,372
Dec.Gold Mines,512068,BOM512068,Non - Ferrous Metals,143,2253.88,0,5.18,5.57,-32.8,-95.65,3.08,3.65,1.07,0.47,0.38,-21.18,-24.14,14.45,-24.69,,,-87.66,-164.7,211.35,-73.92,-98.84,0,-57.1,-50.7,-0.4526,-77.04,0.0753,1.9162,1.8409,0,88,256,745,0
Delton Cables,504240,BOM504240,Electrical Equipment,734.6,634.69,0.1,709.27,722.12,13.12,14.06,143.48,174.92,188.64,202.23,156.33,15.75,13.3,5.66,3.08,48.73,45.14,8.96,1.99,103.16,44.62,47.44,2.32,-27.26,-14.02,0.1588,-6.97,0.0181,0.0716,0.0535,6.3,15,16,17,781
Dhabriya Poly.,538715,BOM538715,Industrial Products,402.85,436.05,2.55,234.91,238.51,18.01,19.91,58.69,58.05,54.9,63.47,62.09,10.24,12.35,5.37,6.54,23.57,21.9,5.79,40.65,124.1,29.44,32.25,6.2,31.76,17.08,0.2104,34.86,0.0153,0.1055,0.0902,2.1,22,24,27,589
Dhanashree Elect,542679,BOM542679,Electrical Equipment,388.45,551.21,0,98.45,109.92,3.46,4.14,14.04,17.03,25.63,41.69,25.57,-6.73,2.53,1.47,1.05,24.51,133.14,82.12,176.32,84.93,12.18,13.49,1.46,-12.97,-6.84,0.0659,94.2,0.1165,0.1965,0.08,6.8,5,6,7,944
Disa India,500068,BOM500068,Industrial Manufacturing,13766.5,2001.93,8.91,384.69,392.39,54.58,52.93,94.03,85.29,97.59,107.78,101.73,18.63,15.08,16.69,13.15,49.85,37.82,8.19,-11.57,224.69,73.83,71.45,17.95,54.1,34.28,0.3155,-19.76,0.02,-0.0302,-0.0502,-12.5,51,50,48,1826
Dr Agarwal's Eye,526783,BOM526783,Healthcare Services,5097.5,2395.83,0,397.15,414.05,54.09,57.8,100.02,102.19,95.11,99.83,116.92,31.59,37.13,15.99,17.26,32.81,41.45,16.9,22.32,477.5,84.82,89.55,16.52,89.77,94.48,0.1556,5.42,0.0426,0.0686,0.026,6,62,66,71,2923
Eco Recyc.,530643,BOM530643,Other Utilities,611.75,1180.48,0,43.96,41.8,64.62,22.8,11.4,12.87,9.92,9.77,9.24,6.96,5.06,2.08,7.8,52.67,51.78,-18.95,-2.38,79.87,30.66,31.46,7.62,-2.58,16.89,0.3809,16.57,-0.0491,-0.6472,-0.598,-0.8,8,3,1,52
Ekansh Concept,531364,BOM531364,Commercial Services & Supplies,230.8,349.15,0,39.32,37.07,-0.89,2.2,9.03,17.87,4.82,7.6,6.78,1.91,1.1,1.69,0.68,14.51,158.7,-24.92,70,30.98,3.52,5.97,0.46,-37.01,25.18,0.0859,94.92,-0.0572,-3.4719,-3.4147,-0.5,-5,-24,-109,-17259
EKI Energy,543284,BOM543284,Commercial Services & Supplies,109.1,301.59,66.48,406.37,243.1,-14.29,-0.59,178.21,143.12,67.46,17.58,14.94,-6.38,-3.79,-6.24,-0.72,5.98,,-91.62,-154.96,436.02,3.28,-1.37,0.05,99.41,42.62,-0.0012,-63.34,-0.4018,-0.9587,-0.5569,0,-1,-2,-4,0
Elantas Beck,500123,BOM500123,Chemicals & Petrochemicals,9808.35,7775.75,0,748.51,796.6,139.52,132.97,191.39,183.57,196.97,206.13,209.93,40.39,39.64,32.87,39.29,54.01,58.48,9.69,-6.12,961.33,184.06,179.29,36.47,133.42,63.22,0.1763,-15.81,0.0642,-0.0469,-0.1112,-12.5,127,121,115,6732
Elcid Investment,503681,BOM503681,Finance,132589.6,2651.79,0,211.14,125.58,153,87.66,177.53,56.35,-5.26,-17.48,91.97,-20.9,91.09,-19.54,70.62,16.69,30.25,-48.19,-48.05,26.29,206.05,120.64,28.22,77.7,94.1,4.4078,0.14,-0.4052,-0.4271,-0.0218,-0.7,50,29,16,499
Elitecon Inter.,539533,BOM539533,Cigarettes & Tobacco Products,149.6,23913.56,0,548.75,548.75,69.65,69.65,,,94.12,313.16,524.87,42.94,73.37,42.97,72.08,1255.83,343.34,,,160.08,69.81,69.81,0,,-0.03,0.4351,0,0,0,0,,70,70,70,23914
Elpro Internatio,504000,BOM504000,Realty,87.11,1476.33,0,390.23,369.34,57.27,92.88,139.31,206.69,-6.95,69.88,99.72,31.62,70.9,7.37,74.32,18.21,15.9,-28.42,56.3,87.82,131.54,180.76,11.12,58.29,218.59,1.1842,84.72,-0.0535,0.6218,0.6753,0.3,151,244,396,6299
Emerald Leisures,507265,BOM507265,Leisure Services,225,337.92,0,15,15.03,-10.8,-10.53,3.6,3.05,4.34,4.01,3.63,1.1,1.3,-2.38,-2.52,,,0.83,9.68,-10.06,2.5,2.72,0,5.58,-18.06,1.0467,8.85,0.002,-0.025,-0.027,0,-11,-11,-11,0
Emmforce Auto.,544166,BOM544166,Auto Components,159.05,326.05,0,87.34,87.34,8.05,8.05,40.07,,,35.05,52.49,5.27,11.61,3.38,4.68,24.73,40.5,31,14.43,100.43,14.2,14.2,3.73,-26.17,-2.54,0.1173,-16.57,0,0,0,,8,8,8,326
Empire Inds.,509525,BOM509525,Diversified,1080,648,0,676.97,692.1,34.21,34.39,151.67,163.41,175.5,186.39,166.8,16.07,15.46,4.44,9.62,15.71,18.84,9.98,-0.72,471.23,66.96,66.71,9.38,74.72,92.36,0.0929,-10.7,0.0223,0.0053,-0.0171,35.8,35,35,35,658
Energy InfrTrust,542543,BOM542543,,85.5,5677.2,0,3945.76,3945.76,8.96,8.96,984.75,,,964.77,969.72,364.49,374.58,31.26,31.59,11.51,633.62,-1.53,224.57,12005.33,527.41,527.41,0.97,2078.66,1181.53,0.0008,226.1,0,0,0,,9,9,9,5677
Enkei Wheels,533477,BOM533477,Auto Components,479.7,862.26,0,844.46,894.96,2.49,-14.54,189.03,238.62,195.2,227.98,233.16,11.17,16.85,-5.3,-1.71,83.74,,23.35,-230.53,336.43,16.6,0.38,-0.73,58.51,20.54,-0.0454,-253.88,0.0598,-6.8394,-6.8992,0,-114,-894,-7005,0
Eraaya Lifespace,531035,BOM531035,Automobiles,35.77,682.11,0,1508.97,2088.74,-359.61,-370.38,1.65,209.4,666.11,603.95,609.28,-82.46,34.79,-366.48,-19.99,2841.75,,36826.06,-2182.29,884.63,5.97,-1.25,70.96,-0.19,-219.89,-0.3385,-39008.35,0.3842,0.0299,-0.3543,0,-359,-349,-338,0
Espire Hospi,532016,BOM532016,Leisure Services,481,717.78,0,119.55,133.83,8.27,9.67,16.63,20.3,41.19,40.63,31.71,7.95,7.58,4.49,1.43,123.04,74.23,90.68,4666.67,150.17,17.67,22.11,2.21,3.38,-23.21,0.0791,4575.99,0.1194,0.1693,0.0498,4.4,11,13,15,1148
Everest Organics,524790,BOM524790,Pharmaceuticals & Biotechnology,391,379.68,16.98,159.48,180.84,-1.29,6.21,32.45,44.05,42.05,40.93,53.81,3.44,4.44,2.91,1.41,66.34,61.14,65.82,123.15,80.8,1.95,10.22,0.36,16.09,-5.38,0.0813,57.33,0.1339,-5.814,-5.9479,-0.1,-30,-204,-1388,-84863
Evexia Lifecare,524444,BOM524444,Chemicals & Petrochemicals,2.03,381.1,0,110.48,94.11,0.93,1.75,21.23,26.71,21.7,23.61,22.09,1.32,1.08,0.31,0.63,150,217.77,4.05,162.5,88.98,2.52,2.87,0.4,17.02,0.29,0.0242,158.45,-0.1482,0.8817,1.0299,2.5,3,6,12,2539
Exhicon Events,543895,BOM543895,Other Consumer Services,445,585.82,0,143.51,143.51,26,26,41.17,,,62.63,80.88,12.78,22.35,9.83,16.17,25.35,22.53,96.45,197.79,91.07,35.82,35.82,5.11,-28.76,19.09,0.3416,101.34,0,0,0,,26,26,26,586
Fabtech Techn.,544332,BOM544332,Industrial Manufacturing,370.5,456.43,0,150.03,150.03,13.22,13.22,57.65,,,61.93,88.1,7.25,8.79,5.4,7.95,26.46,34.53,52.82,55.58,64.14,16.32,16.32,3.87,2.86,2.51,0.2664,2.76,0,0,0,,13,13,13,456
Fedders Holding,511628,BOM511628,Finance,56.23,1131.44,0,425.17,360.57,36.6,28.48,142.01,85.11,88.74,109.32,77.4,1.7,7.84,4.81,13.02,7.75,39.73,-45.5,-39.33,622.43,43.43,35.08,0.06,-109.35,-236.7,0.0459,6.17,-0.1519,-0.2219,-0.0699,-1.8,22,17,13,533
Fermenta Biotec.,506414,BOM506414,Pharmaceuticals & Biotechnology,300.35,883.96,0,467.51,527.61,81.04,104.51,78.13,95.03,156.47,139.85,136.26,36.95,28.24,34.39,21.83,22.13,8.46,74.4,475.09,365.81,103.06,131.11,17.13,105.35,40.9,0.3325,400.69,0.1286,0.2896,0.1611,0.3,135,174,224,1896
Fluidomat,522017,BOM522017,Industrial Manufacturing,956.9,471.75,0,70.66,68.98,22.22,20.66,15.59,19,16.64,20.95,12.39,8.4,3.08,6.39,2.68,20.77,22.83,-20.53,-36.79,44.5,29.86,27.72,7,10.31,14.3,0.6216,-16.26,-0.0238,-0.0702,-0.0464,-3.3,19,18,17,379
Forbes & Co,502865,BOM502865,Consumer Durables,370.6,478.07,0,199.23,186.02,112.18,27.34,35.79,34.66,40.23,88.68,22.45,11.55,1.15,7.64,4.86,17.66,17.49,-37.27,-7.95,28.42,29.2,39.07,2.12,-20.06,-11.21,1.0366,29.32,-0.0663,-0.7563,-0.69,-0.2,7,2,0,7
Forbes Precision,544186,BOM544186,Industrial Manufacturing,171.4,884.33,0,232.66,233.3,28.63,27.72,51.77,57.54,57.41,65.94,52.41,16.6,8.41,9.12,3.81,32.85,31.9,1.24,-21.12,132.6,41.85,40.77,9.57,9.46,51.32,0.2812,-22.36,0.0028,-0.0318,-0.0345,-10,27,26,25,803
FratelliVineyard,541741,BOM541741,Beverages,129.35,559.8,0.97,276.25,188.43,-13.93,-22.45,150.17,62.09,57.91,31.92,36.51,-10.93,-2.97,-10.95,-5.82,,,-75.69,-319.62,185.6,-8.9,-17.03,-0.14,7.18,-7,-0.1217,-243.93,-0.3179,0.6116,0.9295,0,-9,-3,-1,0
Fredun Pharma,539730,BOM539730,Pharmaceuticals & Biotechnology,1430.1,675.24,0,456.27,497.31,20.81,23.44,78.82,107.35,102.7,167.41,119.85,17.44,16.99,7.07,6.77,26.81,28.81,52.06,63.92,152.78,50.65,56.78,8.34,-0.44,-28.88,0.208,11.86,0.0899,0.1264,0.0364,2.3,26,30,33,965
Frontier Springs,522195,BOM522195,Auto Components,4347.05,1712.74,0,231.34,255.93,34.66,42.42,50.75,52.24,58.27,70.08,75.34,16.75,20.43,11.66,14.74,39.43,40.38,48.45,111.17,103.3,46.63,57.17,14,11.57,22.11,0.5462,62.72,0.1063,0.2239,0.1176,1.8,52,64,78,3140
GEE,504028,BOM504028,Electrical Equipment,88.25,458.7,0,333.84,330.93,-9.25,-10.9,82.09,82.83,80.95,87.97,79.18,-16.15,4.54,-15.08,0.98,26.28,,-3.54,-62.88,196.75,-3.07,-5.03,-1.09,45.18,13.76,-0.0609,-59.34,-0.0087,0.1784,0.1871,0,-9,-7,-6,0
GHV Infra,505504,BOM505504,Construction,319.9,2305.68,,184.88,265.34,17.15,21.94,0,1.05,18.87,164.96,80.46,20.43,8.34,13.98,4.72,79.05,105.09,,6842.86,15.79,24.91,33.29,7.81,0,-55.63,1.8841,6842.86,0.4352,0.2793,-0.1559,3.8,28,36,46,4827
Goel Construct.,544504,BOM544504,Construction,330.8,477.99,0,589.98,589.98,38.5,38.5,,,,,,,,,,9.59,12.42,,,119.1,54.97,54.97,12.8,48.25,38.44,0.4307,0,0,0,0,,39,39,39,478
Goodricke Group,500166,BOM500166,Agricultural Food & other Products,189.8,409.97,20.14,929.44,906.51,7.32,5.58,197.44,315.94,284.22,131.84,174.51,-49.99,2.91,-41.75,3.19,76.14,73.47,-11.61,-74.46,375.5,11.48,9.2,1.2,-24.97,42.85,0.0181,-62.85,-0.0247,-0.2377,-0.213,-3.1,4,3,2,182
Grand Oak Canyon,523862,BOM523862,Finance,34.97,1814.54,0,0.08,0,-5.01,-5.05,0.08,0,0,0,0,-0.04,-0.12,-0.04,-0.04,512,,-100,,0.02,-5.01,-5.05,0,0.63,-5.16,-252.5,100,-1,0.008,1.008,0,-5,-5,-5,0
GTT Data,530457,BOM530457,IT - Software,87.56,334.43,0,16.13,38.59,-6.77,-9.9,3.05,3.54,4.59,5.02,25.44,-2.69,-1.35,-4,-3.95,,,734.1,-269.16,21.7,-5.51,-7.83,0.36,,-11.75,-0.4396,-1003.26,1.3924,0.4623,-0.9301,0,-5,-3,-2,0
GTV Engineering,539479,BOM539479,Industrial Manufacturing,76.12,356.69,0,102.39,86.59,11.45,11.76,32.68,23.56,24.14,22.39,16.5,6.37,2.91,4.3,2.08,26.87,30.33,-49.51,51.82,37.3,16.05,16.38,4.39,4.95,2.35,0.433,101.33,-0.1543,0.0271,0.1814,11.2,12,12,13,386
Guj.Nat.Resour.,513536,BOM513536,Oil,79.9,1025.94,0,20.05,16.99,-3.76,-2.71,6.41,4.93,4.38,4.33,3.35,-2.85,0.27,-1.59,1.93,,,-47.74,141.25,156.72,-0.88,0.69,0.06,-2.03,-30.43,-0.0169,188.99,-0.1526,-0.2793,-0.1266,0,-3,-4,-6,0
Haldyn Glass,515147,BOM515147,Industrial Products,98.06,527.09,15.8,381.6,409.78,18.43,19.11,86.84,105.9,105.25,83.61,115.02,13.67,16.72,4.5,5.4,29.49,27.58,32.45,5.88,271.28,38.44,38.9,0.47,18.96,44.59,0.0722,-26.57,0.0738,0.0369,-0.037,7.5,20,21,21,588
Hampton Sky,526407,BOM526407,Realty,19.73,541.01,0,59.89,24.67,5.49,-9.06,36.96,5.16,8.3,8.88,2.33,-12.88,-1.8,-7.04,-2.32,42.95,,-93.7,-118.92,286.89,17.28,-9.8,3,-39.65,-24.83,-0.0211,-25.22,-0.5881,-2.6503,-2.0622,0,-33,-121,-441,0
Haryana Fin. Co.,530927,BOM530927,Finance,84.74,1759.69,0,0.42,0.41,-0.01,-2.1,0,0.34,0,0.07,0,-1.03,-0.89,0.15,-0.28,2636,,,-115.47,80,0.07,-2.66,-0.56,-3.24,-5.21,-0.0333,-115.47,-0.0238,209,209.0238,0,437,91728,19262880,0
Hawkins Cookers,508486,BOM508486,Consumer Durables,8597.45,4548.05,6.57,1115.76,1127.29,114.69,115.56,227.54,295.85,285.7,306.66,239.08,47.03,34.99,34.36,25.94,37.83,39.36,5.07,3.55,388.33,157.77,158.88,39.28,174.26,101.91,0.3987,-1.52,0.0103,0.0076,-0.0027,51.9,116,117,118,4653
Haz.Multi Proj.,532467,BOM532467,Realty,37.55,842.74,0,637.68,747.44,39.47,44.31,70.26,153.08,164.87,249.47,180.02,44.97,25.92,16.78,13.79,951,19.02,156.22,45.77,605.65,70.54,80.3,18.99,-122.99,-145.22,0.1045,-110.45,0.1721,0.1226,-0.0495,1.6,50,56,63,1192
Hemant Surgical,543916,BOM543916,Healthcare Equipment & Supplies,308.85,322.44,0,106.52,106.52,8,8,58.1,,,48.87,57.66,3.52,5.55,3.18,4.95,16.74,40.3,-0.76,-15.82,78.98,12.71,12.71,2.65,-4.15,8.92,0.1348,-15.06,0,0,0,,8,8,8,322
High Energy Bat.,504176,BOM504176,Household Products,602.3,539.89,0,81,76.96,16.2,13.24,17.31,14.95,12.66,36.08,13.27,12.52,0.74,9.99,0.78,34.93,40.78,-23.34,-72.92,100.77,23.33,19.43,4.58,23.5,3.9,0.1768,-49.58,-0.0499,-0.1827,-0.1328,-2.2,11,9,7,295
Hind.Urban Infra,539984,BOM539984,Electrical Equipment,2191.5,316.21,1.92,546.02,515.42,-34.37,-48.32,145.83,123.68,136.05,140.46,115.23,-26.85,0.68,-16.56,-13.74,,,-20.98,-159.74,540.41,-47.89,-52.84,0,4.5,-13.8,-0.0894,-138.76,-0.056,0.4059,0.4619,0,-29,-17,-10,0
IIRM Holdings,526530,BOM526530,Commercial Services & Supplies,81.87,557.9,0,219.45,221.69,22.45,20.72,65.73,47.92,50.32,55.49,67.96,9.1,15.99,2.43,7.64,26.32,26.93,3.39,-15.67,143.8,34.48,33.33,7.74,-51.99,6.1,0.1979,-19.06,0.0102,-0.0771,-0.0873,-3.5,19,18,16,439
Indag Rubber,509162,BOM509162,Auto Components,119.4,313.43,0,228.42,217.86,6.48,6.4,55.57,62.09,55.69,55.07,45.01,-0.29,0.26,1.07,1.34,110.3,48.97,-19,-9.46,114.58,7.04,6.71,1.86,17.63,3.28,0.0721,9.54,-0.0462,-0.0123,0.0339,-39.7,6,6,6,302
India Finsec,535667,BOM535667,Finance,154.9,452.18,0,71.7,73.19,11.76,11.63,16.55,18.03,18.53,18.05,18.58,13.28,14.04,3.27,3.81,22.46,38.88,12.27,38.55,27.3,49.42,51.33,5.68,-15.28,-28.61,0.6341,26.28,0.0208,-0.0111,-0.0318,-35.2,12,11,11,437
India Steel,513361,BOM513361,Industrial Products,14.01,557.71,0,-0.04,0.03,-15.65,-12.72,0,0,0,0.01,0.02,-1.1,-0.98,-3.3,-1.48,,,,66.52,47.49,-11.46,-9.79,0,-21.91,-6.27,-0.2678,66.52,-1.75,-0.1872,1.5628,0,-15,-18,-21,0
Indl.& Prud.Inv.,501298,BOM501298,Finance,6305,1056.62,0,7.31,8.91,59.7,62.88,1.31,3.83,1.58,0.56,2.94,0.31,2.67,16.32,13.76,16.53,16.8,124.43,30.06,1.27,59.56,62.75,-0.14,13.79,11.61,49.4016,-94.37,0.2189,0.0533,-0.1656,3.2,66,70,73,1234
Indokem,504092,BOM504092,Chemicals & Petrochemicals,537.85,1499.97,0,178.09,182.69,3.14,5.25,36.98,43.29,43.4,54.43,41.57,5.21,1.79,3.81,0.7,,285.71,12.41,150.72,79.51,6.09,8.21,0.16,4.21,5.01,0.068,138.31,0.0258,0.672,0.6461,4.3,9,15,25,7011
Innovators,541353,BOM541353,Industrial Manufacturing,212.1,400.19,0,221.37,221.37,16.01,16.01,114.76,,,114.05,107.32,16.82,15.5,8.34,7.67,28.07,25,-6.48,-24.88,138.16,30.82,30.82,4.52,30.61,3.14,0.1486,-18.4,0,0,0,,16,16,16,400
Insolation Ener,543620,BOM543620,Power,188.5,4153.47,0,1333.76,1333.76,126.36,126.36,458.77,,,612.03,721.73,80.17,80.68,61.27,64.93,55.17,32.87,57.32,60.56,444.62,161.38,161.38,27.14,30.27,113.1,0.3452,3.24,0,0,0,,126,126,126,4153
Integ. Industrie,531889,BOM531889,Finance,26.92,626.8,0,765.78,875.49,56.42,63.21,140.14,186.6,198.75,240.29,249.85,22.32,25.51,18.37,19.69,19.98,9.92,78.29,51.69,179.84,69.49,81.26,0.55,-40.81,48.09,0.3545,-26.6,0.1433,0.1203,-0.0229,0.8,71,79,89,882
Integra Engg.,505358,BOM505358,Industrial Manufacturing,258.6,890.24,0,165.86,176.25,18.49,20.63,35.34,41.49,46.77,42.26,45.73,7.72,9.08,4.13,5.08,43.77,43.15,29.4,72.79,99.71,28.79,32.25,5.14,17.14,27.03,0.2584,43.39,0.0626,0.1157,0.0531,3.7,23,26,29,1236
Intl. Travel Hse,500213,BOM500213,Leisure Services,473.8,378.78,0,235.63,236.89,27.02,27.31,55.75,60.94,58.27,60.67,57.01,10.25,9.34,7.63,6.87,15.04,13.87,2.26,2.38,97.6,37.38,37.16,9.23,49.16,37.61,0.3744,0.12,0.0053,0.0107,0.0054,12.9,28,28,28,391
Inv.& Prec.Cast.,504786,BOM504786,Industrial Products,499.55,499.55,0,165.07,168.91,6,5.98,41.05,41.9,39.6,42.51,44.9,6.05,6.4,1.9,2.17,58.3,83.54,9.38,-3.98,95.8,15.14,14.77,1.59,5.81,18.99,0.079,-13.36,0.0233,-0.0033,-0.0266,-250.6,6,6,6,495
IST,508807,BOM508807,Auto Components,883,1029.94,0.02,115.03,115.64,140.36,159.54,28.78,30.68,27.35,28.22,29.39,19.83,21.21,16.77,72.35,7.62,6.46,2.12,37.18,368,184.49,204.56,24,-1.37,41.74,0.4988,35.06,0.0053,0.1366,0.1313,0.5,181,206,234,1513
ITCONS E-Soluti.,543806,BOM543806,Commercial Services & Supplies,572.15,343.66,0,55.98,55.98,3.27,3.27,15.72,,,17.54,38.45,1.75,2.38,1.29,1.96,39.47,105.09,144.59,71.93,13.6,4.87,4.87,1.18,-1.65,-22.89,0.3272,-72.66,0,0,0,,3,3,3,344
Jagatjit Inds.,507155,BOM507155,Beverages,192.15,898.93,0,491.5,461.52,-22.97,-28.81,120.26,137.18,118.71,115.35,90.28,-6.1,-6.33,-6.76,-9.86,76.28,,-24.93,-130.91,475.68,5.42,-0.51,0,30.38,-5.35,-0.0606,-105.98,-0.061,0.2542,0.3152,0,-21,-16,-12,0
Jay Ushin,513252,BOM513252,Auto Components,941.55,363.44,0,855.2,873.56,11.66,14.24,195.77,212.02,218.51,228.9,214.13,9.86,9.19,2.94,4.58,19.95,25.52,9.38,76.83,162.81,33.01,34.4,6.04,-16.18,19.74,0.1246,67.45,0.0215,0.2213,0.1998,1.2,17,21,26,662
Jaybharat Text,512233,BOM512233,Textiles & Apparels,25.92,992.31,0,30.87,30.97,-21.05,-39.03,1.54,4.54,9.55,8.5,8.38,0.1,-2.68,-4.7,-7.47,,,444.16,-56.28,-149.97,-21.94,-39.91,0,0.49,-0.06,0.2603,-500.44,0.0032,0.8542,0.8509,0,-6,-1,0,0
Jaykay Enter.,500306,BOM500306,Aerospace & Defense,231.1,3010.93,0,80.64,118.95,-0.06,22.08,17.14,30.81,21.73,10.96,55.45,-4.77,6.88,-3.8,20.22,91.4,136.36,223.51,343.42,390.12,5.19,31.36,6.33,-31.78,-0.49,0.0728,119.91,0.4751,-369,-369.4751,0,-8125,-3006413,-1112372736,-151683146281
JD Cables,544524,BOM544524,Industrial Products,148.45,334.77,0,250.53,250.53,22.15,22.15,,,,,,,,,,0.03,15.11,,,30.35,33.28,33.28,7.47,-12.75,-18.21,0.9759,0,0,0,0,,22,22,22,335
Jenburkt Pharma,524731,BOM524731,Pharmaceuticals & Biotechnology,1083.2,478.05,12.56,151.69,154.69,31.47,32.44,32.54,41.22,36.89,41.05,35.53,10.86,8.95,8.54,7.79,14.26,14.74,9.19,4.99,92.65,43.57,44.5,11.58,8.12,27.91,0.4751,-4.2,0.0198,0.0308,0.011,4.8,33,34,36,524
John Cockerill,500147,BOM500147,Industrial Manufacturing,5394.85,2663.88,0,388.73,306.92,-5.2,-8,93.29,76.04,72.34,76.42,82.12,-0.44,1.93,-0.75,1.72,110.38,,-11.97,5833.33,194.23,-4.63,-8.2,0.02,17.06,-66.08,-0.0411,5845.3,-0.2105,0.5385,0.7489,0,-4,-2,-1,0
Josts Engg. Co.,505750,BOM505750,Industrial Manufacturing,335.2,396.43,3.59,238.91,238.09,18.01,14.67,56.44,62.58,52.05,67.85,55.61,7.18,3.39,4.58,0.32,32.68,27.02,-1.47,-91.21,78.73,27.06,24.16,4.9,1.93,4.55,0.2486,-89.74,-0.0034,-0.1855,-0.182,-1.5,12,10,8,214
Jyoti Resins,514448,BOM514448,Chemicals & Petrochemicals,1236,1483.2,0,284.12,290.05,73.85,72.51,69.18,65.25,71.09,78.61,75.1,24.16,20.64,19.78,17.38,25.71,20.46,8.56,-7.36,225.24,98.84,97.09,24.43,26.86,14.75,0.4304,-15.92,0.0209,-0.0181,-0.039,-11.3,71,70,69,1404
Kaka Industries,543939,BOM543939,Industrial Products,221.1,302.02,0,197.78,197.78,12.88,12.88,82.64,,,95.45,102.33,12.74,13.34,6.52,6.35,24.25,23.45,23.83,-2.31,86.81,22.73,22.73,3.08,11.88,3.84,0.1838,-26.14,0,0,0,,13,13,13,302
Kalyani Cast-Tec,544023,BOM544023,Industrial Manufacturing,565.3,405.91,0,139.21,139.21,13.94,13.94,45.26,,,70.2,69.03,11,8.64,8.01,6.23,26.83,29.12,52.52,67.02,45.78,18.9,18.9,4.88,-8.78,8.2,0.4111,14.5,0,0,0,,14,14,14,406
Kama Holdings,532468,BOM532468,Finance,2885.5,9259.74,0,14828.16,15184.13,631.19,727.15,3500.74,3451.86,3525.54,4350.01,3856.72,974.98,855.16,265.18,221.06,10.22,12.73,10.17,75.96,17524.23,2091.1,2313.18,400.75,2126.31,2533.8,0.0644,65.79,0.024,0.152,0.128,0.8,838,965,1112,14153
Kaycee Inds.,504084,BOM504084,Electrical Equipment,1172.1,371.97,0,52.97,54.49,5.88,5.77,12.61,13.34,11.87,15.38,13.9,2.65,2.03,1.87,1.4,32.19,64.47,10.23,-6.67,23.67,8.24,8.12,2.05,6.17,5.86,0.3304,-16.9,0.0287,-0.0187,-0.0474,-34.5,6,6,5,352
Keltech Energies,506528,BOM506528,Chemicals & Petrochemicals,4187.4,418.74,15.3,487.79,502.51,24.92,26.4,128.3,102.45,117.1,139.93,143.03,10.01,12.12,6.88,8.21,13.97,15.86,11.48,21.63,88.41,37.26,38.97,8.75,51.2,-17.57,0.3976,10.15,0.0302,0.0594,0.0292,2.7,28,30,31,498
Kerala Ayurveda,530163,BOM530163,Pharmaceuticals & Biotechnology,447.95,540.24,0,125.6,121.47,-13.96,-13.03,27.47,30.41,31.13,31.32,28.61,-10.14,-4.18,-15.54,1.99,147.09,,4.15,521.88,8.83,-8.15,-5.18,2.76,-0.96,4.83,-1.1631,517.73,-0.0329,-0.0666,-0.0337,0,-14,-15,-16,0
Kesar India,543542,BOM543542,Realty,724.6,1790.69,0,107.79,107.79,18.63,18.63,32.17,,,50.97,56.82,21.3,4.05,16.49,2.87,93.12,96.12,76.62,-33.72,50.43,25.74,25.74,6.6,9.21,-7.78,0.5003,-110.34,0,0,0,,19,19,19,1791
Khazanchi Jewell,543953,BOM543953,Consumer Durables,609.2,1507.58,0,1771.93,1794.6,44.92,50.85,381.07,375.16,393.72,621.97,403.75,19.49,21.06,12.54,15.15,40.31,29.65,5.95,64.67,251.88,64.9,72.25,18,-83.39,0.11,0.2733,58.72,0.0128,0.132,0.1192,2.2,58,65,74,2187
Kilburn Engg.,522101,BOM522101,Industrial Manufacturing,558.05,2736.56,23.86,424.46,468.23,62.38,72.11,85.48,103.77,108.27,126.94,129.25,35.96,33.31,20.41,21.31,35.4,37.95,51.2,83.87,512.11,97.53,112.16,20.4,25.97,-9.82,0.1806,32.67,0.1031,0.156,0.0529,2.4,83,96,111,4227
Kinetic Engg.,500240,BOM500240,Auto Components,306.55,717.67,0,141.73,138.25,-4.1,6.54,39.56,35.47,28.9,38.54,35.34,3.12,-2.03,0.62,0.64,78.57,109.74,-10.67,23.08,155.15,0.6,11.7,0,11.26,-21.56,0.0422,33.75,-0.0246,-2.5951,-2.5706,-0.4,-10,-38,-135,-14797
Kings Infra,530215,BOM530215,Food Products,165.1,404.58,0,123.82,129.86,13.14,13.85,28.08,30.47,33.43,31.84,34.12,5.6,6.94,2.82,3.64,47.39,29.21,21.51,23.81,51.77,23.08,24.83,5.04,-4.17,-4.08,0.3649,2.3,0.0488,0.054,0.0053,5.4,15,15,16,474
Kiran Vyapar,537750,BOM537750,Finance,217,592.07,0,113.36,112.46,60.18,45.44,28.36,41.7,31.43,12.08,27.25,-7.28,18.46,-12.75,16.39,8.25,13.03,-3.91,-51.21,155.77,92.72,82.81,22.16,59.48,-67.65,0.434,-47.3,-0.0079,-0.2449,-0.237,-0.5,34,26,20,255
Kisan Mouldings,530145,BOM530145,Industrial Products,34.02,406.41,0,273.35,266.58,3.38,0.52,68.26,51.47,70.32,83.3,61.49,2.47,2.01,0.52,0.07,138.45,781.56,-9.92,-97.68,171.04,5.13,2.75,0,12.48,-41.37,0.003,-87.76,-0.0248,-0.8462,-0.8214,-9.2,0,0,0,1
KMC Speciality,524520,BOM524520,Healthcare Services,71.21,1161.44,0,231.6,245.07,21.42,23.45,53.07,56.23,61.36,60.93,66.55,15.41,16.45,4.52,7.54,46.56,49.53,25.4,36.84,243,41.62,43.71,9.09,38.42,57.58,0.1339,11.44,0.0582,0.0948,0.0366,5.2,26,28,31,1524
Kothari Indl,509732,BOM509732,Fertilizers & Agrochemicals,478.25,5112.05,0,86.64,112.42,-16.17,-18.37,13.45,21.71,25.09,26.42,39.2,-14.08,-0.47,-13.02,-1.92,1.76,,191.45,-811.11,169.24,-15.49,-16.24,0,-32.36,-153.81,-0.1085,-1002.56,0.2976,0.1361,-0.1615,0,-16,-14,-12,0
KP Green Engg.,544150,BOM544150,Electrical Equipment,554.35,2771.75,0,694.57,694.57,74.03,74.03,245.12,,,262.36,432.28,39.66,68.28,27.48,46.52,43.56,37.44,76.35,93.51,311.79,110.63,110.63,22.7,-38.92,19.11,0.3102,17.16,0,0,0,,74,74,74,2772
KSE,519421,BOM519421,Food Products,2519.6,806.27,0,1649.5,1634.1,88.62,109.64,431.43,414.35,411.94,391.81,416,45.8,49.59,34.79,38.55,18.83,7.35,-3.58,109.85,198.96,121.57,149.88,37.47,-15.02,142.67,0.7394,113.43,-0.0093,0.2372,0.2465,0.3,136,168,208,1526
Kwality Pharma,539997,BOM539997,Pharmaceuticals & Biotechnology,871.65,904.44,52.79,370.2,401.6,39.83,43.42,80.08,90.03,84.41,115.68,111.48,25.88,24.17,14.49,11.93,17.89,20.83,39.21,42.7,259.96,63.99,70.21,17.48,42.98,52.72,0.2343,3.49,0.0848,0.0901,0.0053,2.3,47,52,56,1172
Lakshmi Mills,502958,BOM502958,Textiles & Apparels,8500.4,591.63,0,263.16,253.61,-5.24,-25.58,64.63,72.55,55.44,70.55,55.07,6.34,5.17,-0.66,-22.03,22.01,,-14.79,-1607.75,172.41,8.68,8.08,1,15.84,27.54,-0.1426,-1592.96,-0.0363,3.8817,3.918,0,74,360,1757,0
Last Mile Enter.,526961,BOM526961,Finance,13.66,478.64,0,385.16,1617.92,13.44,26.03,7.54,31.7,71.56,274.35,1240.31,-1.88,7.51,4.9,4.66,80.72,18.39,16349.73,178.58,285.42,22.59,39.38,6.57,-22.18,-196.99,0.1142,-16171.15,3.2006,0.9368,-2.2639,0.2,50,98,189,3478
Leading Lea. Fin,540360,BOM540360,Finance,5.57,302.77,0,28.5,37.43,3.76,7.39,2.54,6.41,9.24,10.7,11.08,13.3,10.83,2.65,5.67,34.7,40.97,336.22,28450,520.42,28.47,39.81,2.74,-37.66,-380.75,0.0195,28113.78,0.3133,0.9654,0.6521,0.4,15,29,56,2299
Lehar Footwears,532829,BOM532829,Consumer Durables,243.8,431.01,0,277.22,356.22,10.87,15.76,63.2,37.65,66.92,109.45,142.2,9.67,12.68,5.04,7.27,38.67,27.35,125,205.46,123.92,21.52,28.09,5.32,1.84,20.31,0.1701,80.46,0.285,0.4499,0.1649,0.6,23,33,48,1314
LG Electronics,,BOM,,,77380.05,0,24366.64,24366.64,2200.92,2200.92,,,,,,,,,,,35.16,,,6046.8,2994.95,2994.95,789.98,1665.46,1653.89,0.4946,0,0,0,0,,2201,2201,2201,77384
Likhami Consult.,539927,BOM539927,Commercial Services & Supplies,348.65,346.91,0,0.67,0.7,0.22,0.28,0.13,0.12,0.1,0.33,0.15,0.21,0.02,0.21,0.01,1672.22,1238.96,15.38,-50,7.49,0.3,0.3,0,0.02,0.16,0.0374,-65.38,0.0448,0.2727,0.228,45.4,0,0,1,715
LKP Finance,507912,BOM507912,Finance,604.35,928.38,0,14.19,14.19,3.75,3.75,22.96,20.74,19.24,-13.04,-12.81,-13.79,-20.69,-10.84,-20.44,7.08,247.57,-155.79,-304.4,48.25,3.34,3.34,3.46,50.71,-106.71,0.1494,-148.61,0,0,0,,4,4,4,928
Logica Infoway,543746,BOM543746,Retailing,219.95,391.46,13.11,1111.63,1111.63,10.51,10.51,557.03,,,514.94,596.69,8.55,14.85,3.24,7.27,46.18,37.25,7.12,32.18,71.73,26.85,26.85,3.7,23.38,8.5,0.1981,25.06,0,0,0,,11,11,11,391
Lotus Chocolate,523475,BOM523475,Food Products,1199.8,1540.54,0,573.75,591.14,17.23,13.37,141.31,128.29,146.69,157.45,158.71,5.66,4.95,1.42,2.99,108.7,115.22,12.31,-56.41,64.38,30.17,27.2,3.24,-20.97,-129.6,0.258,-68.72,0.0303,-0.224,-0.2543,-5.1,10,8,6,720
LS Industries,514446,BOM514446,Metals & Minerals Trading,29.4,2495.53,0,0.29,0.29,-23.83,1.62,0,0.01,0,0.28,0,-3.35,-0.73,-0.85,-0.23,1525,1540.45,,98.97,15.79,-25.57,-0.1,0,-0.11,-16.08,0.1026,98.97,0,-1.068,-1.068,-14.4,0,0,0,-726
Lucent Industrie,539682,BOM539682,IT - Software,1091.45,1637.18,0,4.52,4.52,0.77,0.77,,,,4.52,5.58,1.19,1.6,0.99,1.34,2109.8,2126.21,,,12.88,1.15,1.15,0.46,,-1.56,0.0955,0,0,0,0,,1,1,1,1637
Ludlow Jute,526179,BOM526179,"Paper, Forest & Jute Products",394.95,425.36,16.79,300.9,339.35,-10.56,0.9,74.58,79.17,52.36,94.79,113.03,10.1,11.3,2.52,4.49,66.39,472.62,51.56,164.33,206.75,-1.68,14.92,0.22,18.93,-5.49,0.0054,112.77,0.1278,-1.0852,-1.213,-4.4,0,0,0,-158
Mac Charles(I),507836,BOM507836,Leisure Services,694.95,910.38,0,9.83,29.79,-111.8,-103.82,1.84,3.3,2.77,1.92,21.8,-9.05,13.26,-36.51,-20.93,9.1,,1084.78,8.56,1051.63,-15.89,3.18,0,-20.65,-112.92,-0.0987,-1076.22,2.0305,-0.0714,-2.1019,0,-111,-119,-128,0
Macfos,543787,BOM543787,Retailing,761.05,716.67,0,254.99,257.43,17.94,18.97,56.82,89.87,45.8,62.49,59.27,6.48,6.99,4.89,5.04,42.35,37.78,4.31,25.69,58.69,26.28,27.83,6.58,3.86,-24.59,0.4353,21.38,0.0096,0.0574,0.0478,6.6,20,21,22,847
Madhuveer Com,531910,BOM531910,Entertainment,177.9,435.51,0,4.38,6.14,-1.66,-0.11,0.04,0.64,2.28,1.43,1.79,-0.96,-0.15,0.06,-0.51,123,,4375,75.36,32.89,-0.47,0.17,-0.08,-0.66,-12.94,-0.0058,-4299.64,0.4018,-0.9337,-1.3356,0,0,0,-1,0
Mafatlal Inds.,500264,BOM500264,Textiles & Apparels,142.5,1026.41,1.15,2807.47,3595.87,100.66,119.34,451.88,995.52,910.28,449.79,1240.28,11.11,43.4,23.2,45.71,10.71,8.6,174.47,50.46,249.8,87.94,108.18,0,158.8,-89.43,0.4777,-124.01,0.2808,0.1856,-0.0952,0.5,141,168,199,1710
Magna Electrocas,517449,BOM517449,Industrial Products,967.7,409.54,49.2,176.45,182.81,23.03,23.06,42.16,45.64,43.14,45.51,48.52,7.43,9.79,4.82,6.66,14.02,17.76,15.09,-0.89,137.72,31.19,31.21,7.89,7.51,39.6,0.2247,-15.98,0.036,0.0013,-0.0347,136.3,23,23,23,411
Majestic Auto,500267,BOM500267,Commercial Services & Supplies,338.25,351.78,0,64.31,63.65,6.77,9.85,16.06,16.15,17.24,14.87,15.39,3.79,8.92,-7.75,13.11,22.9,35.71,-4.17,30.19,451.17,31.35,35.58,4.35,78.96,99.72,0.0315,34.36,-0.0103,0.4549,0.4652,0.8,14,21,30,1083
Marble City,531281,BOM531281,Other Construction Materials,166.25,387.78,,59,59,2.38,2.38,6.21,,,25.36,19.85,11.31,5.91,4.56,1.94,151.76,162.93,219.65,176.68,,15.53,15.53,0.24,,,,-42.97,0,0,0,,2,2,2,388
Markolines Pavem,543364,BOM543364,Construction,180.55,397.95,0,300.15,300.15,22.56,22.56,50.36,,,114.57,72.72,19.29,6.07,12.29,3.79,20.34,17.64,44.4,119.08,173.92,37.79,37.79,7.46,2.44,-33.26,0.1726,74.68,0,0,0,,23,23,23,398
Marsons,517467,BOM517467,Electrical Equipment,181.6,3125.34,0,168.36,185.51,24.93,30.86,29.88,38.51,44.17,55.8,47.03,10.13,7.31,9.04,8.03,124.52,101.27,57.4,53.24,85.15,25.08,31.06,0,-4.2,-35.03,0.3624,-4.16,0.1019,0.2379,0.136,4.3,38,47,59,5928
Media Matrix,512267,BOM512267,Entertainment,10.78,1221.1,0.03,1883.65,1889.39,3.5,3.53,231.29,1125.6,258.36,271.78,233.65,5.38,4.72,-0.2,1.48,590.25,345.92,1.02,2.78,195.67,21.65,21.76,3.27,30.58,-25.89,0.0348,1.76,0.003,0.0086,0.0055,403.6,4,4,4,1253
Meghna Infracon,538668,BOM538668,Realty,524,1138.32,0,40,35.85,9.24,8.82,14.5,3.29,9.97,12.12,10.47,3.79,2.05,3.92,1.39,158.75,129.03,-27.79,-13.66,12.47,11.53,11.36,1.49,0,18.26,0.8268,14.13,-0.1038,-0.0455,0.0583,-28.4,8,8,8,990
Mehai Technology,540730,BOM540730,Commercial Services & Supplies,8.09,599.52,0,119.46,135.8,7.48,8.32,1.99,10.17,55.07,52.23,18.33,2.49,2.66,1.07,0.99,78.5,72.06,821.11,560,54.96,12.84,15.03,3.35,1.55,-21.71,0.2123,-261.11,0.1368,0.1123,-0.0245,6.4,9,10,11,825
Menon Pistons,531727,BOM531727,Auto Components,64.06,326.71,0,253.66,264.55,23.85,24.55,69.4,65.39,63.11,55.76,80.29,8.7,13.52,4.25,7.77,14.02,13.31,15.69,9.9,156.18,35.99,36.92,7.18,22.23,38.9,0.2032,-5.79,0.0429,0.0294,-0.0136,4.5,25,26,27,356
Mercantile Vent.,538942,BOM538942,Commercial Services & Supplies,30.16,337.55,0,72.19,76.52,10.47,10.88,16.74,17.84,18.34,19.26,21.08,0.05,-0.31,9.09,-0.87,32.88,31.02,25.93,-115.48,148.43,5.28,4.99,2.76,38.67,-32.81,0.0919,-141.41,0.06,0.0392,-0.0208,7.9,11,12,12,379
Mercury EV-Tech,531357,BOM531357,Automobiles,46.21,877.87,0,89.64,108.33,7.91,9.41,3.87,19.48,35.6,30.68,22.57,-0.87,2.12,1.55,1.98,562.31,93.29,483.2,304.08,300.52,10.82,12.4,2.73,-14.61,-43.83,0.0404,-179.12,0.2085,0.1896,-0.0189,4.9,11,13,16,1478
Midwest Gold,526570,BOM526570,Other Construction Materials,2365.3,2613.17,32.05,0.78,0.78,-5.53,-5.53,,,,,0.49,,-2.72,,-3.46,,,,,146.33,-4.38,-4.38,0,,-33.28,-0.0378,0,0,0,0,,-6,-6,-6,0
Mini Diamonds(I),523373,BOM523373,Consumer Durables,142.45,335.74,0,405.57,416.9,4.49,3.42,89.13,103.99,115.66,96.79,100.46,-0.85,2.55,-2.7,1.82,15.46,98.17,12.71,-1.09,62.35,7.14,6.18,3.05,-0.12,-37.63,0.1038,-13.8,0.0279,-0.2383,-0.2662,-4.1,3,2,2,148
Mishtann Foods,539594,BOM539594,Food Products,5.3,571.13,0.12,1375.3,1382.05,333.33,345.67,382.67,341.87,322.69,331.44,386.05,84.65,83.8,83.49,82.66,7.34,1.65,0.88,15.93,966.02,338.49,350.63,3.07,-53.6,-48.65,0.361,15.05,0.0049,0.037,0.0321,0.4,358,372,385,636
Mizzen Ventures,531537,BOM531537,Commercial Services & Supplies,223.5,473.48,0,0.5,0.5,0.43,0.43,0,,0.06,0.36,0.46,0.26,0.23,0.8,0.33,1302.75,1101.12,,375,28.33,0.52,0.52,0.01,-0.59,-5.49,0.0155,375,0,0,0,,0,0,0,473
MKVentures Cap.,514238,BOM514238,Finance,1430.3,549.73,0,27.52,23.59,9.38,8.47,7.65,6.82,7.86,2.88,6.03,-6.65,5.53,-5.35,4.24,35.52,64.9,-21.18,-17.51,-16.41,16.24,14.62,4.45,258.09,32.03,-0.7873,3.67,-0.1428,-0.097,0.0458,-6.7,8,7,6,405
Modern Insulator,515008,BOM515008,Electrical Equipment,126,594.01,0,503.27,540.84,32.26,40.4,103.81,114.92,124.58,159.96,141.38,18.25,12.89,8.32,15.22,14.43,14.7,36.19,122.19,382.76,41.48,49.92,11.28,11.74,39.71,0.135,86,0.0747,0.2523,0.1777,0.6,51,63,79,1166
Modi Naturals,519003,BOM519003,Agricultural Food & other Products,421.95,552.54,0,662.91,670.4,31.03,34.05,147.65,146.56,178.91,189.9,155.03,16.11,17.65,8.16,10.49,43.69,16.23,5,40.62,189.89,49.39,54.22,5.28,-6.81,48.79,0.2071,35.62,0.0113,0.0973,0.086,1.7,37,41,45,730
Modi's Navnirman,543539,BOM543539,Realty,323.1,632.99,0,74.97,74.97,8.2,8.2,20.48,,,30.04,44.99,0.76,8.18,1.43,6.77,201.78,77.19,119.68,532.71,88.06,11.25,11.25,2.87,-33.2,-18.46,0.1257,413.03,0,0,0,,8,8,8,633
Monarch Surve.,544453,BOM544453,Commercial Services & Supplies,227.2,321.62,0.85,154.14,154.14,34.83,34.83,,,,,,,,,,7.87,9.23,,,63.28,48.73,48.73,11.47,34.53,23.91,0.7317,0,0,0,0,,35,35,35,321
Moneyboxx Fin.,538446,BOM538446,Finance,173.35,566.93,0,199,212.33,1.25,-2.82,45.63,49.49,51.74,52.08,59.02,15.22,23.4,-5.29,0.24,94.36,,29.34,-94.42,225.78,66.33,67.75,4.04,-223.66,-224.9,0.0054,-123.76,0.067,-3.256,-3.323,0,-12,-51,-217,0
Monika Alcobev,544451,BOM544451,Beverages,300.5,644.57,0,236.14,236.14,22.12,22.12,,,,,,,,,,22.18,29.14,,,115.89,47.44,47.44,7.53,-53.64,-25.92,0.2558,0,0,0,0,,22,22,22,645
Morganite Crucib,523160,BOM523160,Industrial Products,1592.25,891.66,52.04,174.19,173.83,27.76,25.42,42.9,44.31,44.66,42.32,42.54,6.55,9.13,2.88,5.77,33.05,35.08,-0.84,-26.96,125.02,39.88,37.25,11.55,43.15,25.29,0.2957,-26.12,-0.0021,-0.0843,-0.0822,-4.2,23,21,20,685
Multibase India,526169,BOM526169,Chemicals & Petrochemicals,246.25,310.77,0,70.75,68.28,14.68,13.04,19.23,18.42,17.15,15.95,16.76,4.8,2.45,4.07,2.3,27.76,23.83,-12.84,-41.33,79.92,19.77,17.52,4.25,4.55,5.79,0.2163,-28.49,-0.0349,-0.1117,-0.0768,-2.1,12,10,9,218
N S D L,544467,BOM544467,Capital Markets,1182.05,23641,0,1420.15,1420.15,327.99,327.99,337.3,,,363.6,312.03,91.19,94.77,83.3,89.63,75.72,72.08,-7.49,15.16,-52.39,437.56,437.56,105.3,112.88,557.85,-8.2705,22.65,0,0,0,,328,328,328,23642
Naperol Invest.,500298,BOM500298,Finance,921.55,529.61,0,20.14,22.52,10.55,10.96,0.28,1.73,1.39,16.17,3.23,10.55,0.03,9.81,0.08,285.79,48.32,1053.57,124.24,7.58,11.72,12.2,0.95,1.09,-3.42,1.5712,-929.33,0.1182,0.0389,-0.0793,12.4,11,12,12,594
National Perox.,544205,BOM544205,Chemicals & Petrochemicals,594.55,341.69,13.08,286.87,279.54,-1.39,-6.44,73.99,77.02,62.16,73.7,66.66,-2.35,4.82,-6.49,0.89,,,-9.91,-82.48,362.81,0.76,-5.96,-0.48,36.4,18.67,-0.0191,-72.57,-0.0256,3.6331,3.6586,0,17,79,364,0
National Standar,504882,BOM504882,Realty,1750.9,3501.8,0,22.33,22.3,13.2,11.54,0.03,3.8,15.69,2.81,0,-0.11,-2.85,3.6,0.99,631.59,303.45,-100,-62.5,265.42,18.27,15.96,4.41,-0.98,-8.26,0.0601,37.5,-0.0013,-0.1258,-0.1244,-24.1,10,9,8,2340
Neetu Yoshi,544434,BOM544434,Industrial Products,125.1,485.55,0,70.59,70.59,16.41,16.41,,,,35.21,35.38,11.45,11.78,7.93,8.48,21.7,29.59,,,43.39,21.97,21.97,3.38,7.67,12.28,0.4561,0,0,0,0,,16,16,16,486
Nicco Parks,526721,BOM526721,Leisure Services,106.8,499.82,0,75.02,76.56,21.83,16.45,24.74,13.77,18.91,17.59,26.29,3.92,11.11,2.91,3.24,26.97,30.38,6.27,-63.14,47.19,28.26,30.12,11.12,20.09,16,0.5842,-69.41,0.0205,-0.2464,-0.267,-1.2,12,9,7,214
Nikhil Adhesives,526159,BOM526159,Chemicals & Petrochemicals,102.15,469.31,0,584.59,546.89,16.82,15.82,161.17,147.69,134.21,141.52,123.47,9.44,8.37,4.16,3.57,34.18,29.67,-23.39,-29.17,165.22,30.48,28.95,4.79,14.24,6.9,0.1247,-5.78,-0.0645,-0.0595,0.005,-5,15,14,13,391
NILE,530129,BOM530129,Minerals & Mining,1861.6,558.48,0.15,919.58,919.49,36.39,43.16,245.41,251.68,232.51,189.98,245.32,14.94,22.22,9.71,14.92,12.01,12.94,-0.04,83.97,277.86,52.58,61.74,16.2,25.07,-1.05,0.2136,84.01,-0.0001,0.186,0.1861,0.7,51,61,72,932
Nimbus Projects,511714,BOM511714,Realty,281.3,304.87,0,176,7.5,23.64,-76.68,169.42,0.58,2.19,0.83,3.9,-147.18,-47.23,-113.71,-39.61,1.73,,-97.7,-212.28,178.12,37.56,-78.69,7.2,14.96,-120.97,-0.3901,-114.58,-0.9574,-4.2437,-3.2863,0,-402,-2108,-11056,0
Nirlon,500307,BOM500307,Commercial Services & Supplies,517.8,4666.41,0,636.07,642.57,218.56,226.74,156.51,160.21,161.34,158.02,163,123.01,127.79,53.54,58.41,20.86,20.58,4.15,17.22,1832.85,456.01,465.9,78.77,424.76,480.09,0.1667,13.07,0.0102,0.0374,0.0272,5.5,235,244,253,5210
Nisus Finance,544296,BOM544296,Finance,344.4,822.36,0,65.62,65.62,32.22,32.22,13.58,,,,28.4,,21.35,,16.16,2.74,25.52,109.13,94.46,103.14,42.47,42.47,9.06,15.4,-6.16,0.4002,-14.67,0,0,0,,32,32,32,822
Nitta Gelatin,506532,BOM506532,Chemicals & Petrochemicals,843.15,765.58,44.57,532.72,536.86,75.08,75.94,130.45,134.29,134.64,129.14,138.79,23.31,27.48,16.66,19.69,9.77,10.08,6.39,-3.43,396.26,101.57,101.94,25.75,94.05,75.43,0.2566,-9.82,0.0078,0.0115,0.0037,8.8,77,78,79,792
Niyogin Fintech,538772,BOM538772,Finance,68.55,762.6,0,304.39,335.33,-15.89,-10.92,50.39,72.52,111.21,69.85,81.75,0.27,1.33,-0.33,-1.52,,,62.23,76.58,189.61,-7.89,1.02,0,-38.57,-86,-0.0576,14.35,0.1016,-0.3128,-0.4144,0,-14,-19,-25,0
One Global Serv,514330,BOM514330,Healthcare Services,280.25,547.69,0,146.93,196.07,18.22,26.36,13.56,19.41,33.37,55.46,87.83,14.62,13.24,10.79,9.82,15.11,20.78,547.71,457.95,53.42,24.47,35.23,9.06,1.21,14.45,0.663,-89.76,0.3344,0.4468,0.1123,0.5,38,55,80,1659
Onesource Indus.,530805,BOM530805,Commercial Services & Supplies,14.21,738.46,0,70.25,86.1,1.13,1.99,4.33,14.84,32.47,18.61,20.18,0.13,1.33,-0.08,0.98,224,371.09,366.05,790.91,3.24,1.53,2.71,0.71,-0.17,0.26,0.8333,424.86,0.2256,0.7611,0.5354,4.9,4,6,11,4033
Oriental Rail,531859,BOM531859,Industrial Products,139.7,936.81,0,602.22,597.06,29.22,29.22,123.06,186.13,152.82,140.21,117.9,17.49,14.59,5.37,5.87,50.21,32.06,-4.19,0.17,386.59,67.15,68.65,11.37,5.78,-23.52,0.105,4.36,-0.0086,0,0.0086,,29,29,29,937
Panchmahal Steel,513511,BOM513511,Industrial Products,283.65,541.2,19.81,383.1,372.52,3.33,-0.51,98.13,99.05,94.72,91.21,87.54,0.09,-0.2,-2.03,-1.92,86.79,,-10.79,-200.52,163.92,10.16,5.06,1.18,39.7,-5.05,0.0041,-189.73,-0.0276,-1.1532,-1.1255,0,-1,-2,-5,0
Panorama Studios,539469,BOM539469,Entertainment,201.65,1430.48,0,364.15,464.91,41.9,43.38,35.59,82.14,33.88,212.54,136.35,44.45,7.58,30.13,5.11,30.88,32.98,283.11,40,239.75,61.39,64.22,9.05,-7.82,-25.88,0.2187,-243.11,0.2767,0.0353,-0.2414,9.3,45,46,48,1588
Paushak,532742,BOM532742,Chemicals & Petrochemicals,772.05,1903.64,10.59,210.95,214.81,42.65,51.09,52.01,57.31,49.26,52.36,55.88,15.87,17.85,9.6,12.03,35.63,37.26,7.44,16.68,377.55,50.36,62.1,12.49,56.03,37.59,0.1684,9.24,0.0183,0.1979,0.1796,1.9,61,73,88,3272
Permanent Magnet,504132,BOM504132,Electrical Equipment,929.5,799.37,0,199.54,198.38,15.16,16.71,54.32,50.6,49.34,45.28,53.16,5.29,11.15,2.63,7.28,38.49,47.84,-2.14,26.61,154.02,22.46,24.58,6.24,19.36,35.25,0.149,28.75,-0.0058,0.1022,0.1081,4.7,18,20,22,1071
PNGS Gargi FJ,543709,BOM543709,Consumer Durables,867.25,908.04,0,126.35,109.19,28.81,23.66,44.45,22.94,36.25,22.69,27.31,4.73,6.35,4.11,5.31,39,38.38,-38.56,-49.24,102.13,38.96,32.16,8.23,-11.13,18.34,0.3122,-10.68,-0.1358,-0.1788,-0.0429,-2.1,19,16,13,503
POCL Enterprises,539195,BOM539195,Chemicals & Petrochemicals,232.8,716.23,0,1450.1,1458.84,31.14,37.39,363.69,372.93,341.12,372.36,372.43,18.45,19.56,10.52,11.64,14.33,19.16,2.4,85.35,106.89,61.35,67.19,12.9,2.59,40.43,0.4705,82.95,0.006,0.2007,0.1947,1,45,54,65,1240
Polo Queen Ind.,540717,BOM540717,Commercial Services & Supplies,38.82,1303.38,0,80.17,71.87,2.36,2.7,25.77,23.25,17.17,14.23,17.22,1.09,1.21,0.63,0.72,668.21,482.73,-33.18,9.09,189.56,4.97,5.33,1.09,1.59,2.5,0.02,42.27,-0.1035,0.1441,0.2476,33.5,3,4,4,1952
Pradeep Metals,513532,BOM513532,Auto Components,220.2,380.29,53.01,311.86,317.89,25.72,25.75,71.5,74.18,79.15,87.03,77.53,13,10.25,7.09,5.57,15.54,14.77,8.43,-20.31,150.39,40.77,40.65,5.79,31.58,33.22,0.2097,-28.74,0.0193,0.0012,-0.0182,126.6,26,26,26,382
Praveg,531637,BOM531637,Leisure Services,351.65,919.24,0,167.18,183.17,16.68,8.43,23.4,31.44,54.28,58.06,39.39,15.37,5.75,4.06,-6.14,97.21,109.04,68.33,-907.89,537.8,29.86,23.18,2.1,17.04,32.54,0.0196,-976.22,0.0956,-0.4946,-0.5902,-2.2,4,2,1,119
Prec. Electronic,517258,BOM517258,Industrial Manufacturing,246.8,341.82,0,47.1,62.17,-0.58,0.95,7.19,10.48,11.37,18.06,22.26,4.58,0.77,2.52,-0.28,408.28,359.81,209.6,84.44,28.33,2.76,4.77,0.63,7.73,0.5,0.0558,-125.16,0.32,-2.6379,-2.9579,-1.4,-2,-6,-21,-7410
Prevest Denpro,543363,BOM543363,Healthcare Equipment & Supplies,538.55,646.42,0,63.07,65.45,18.2,19.18,13.34,16.26,14.93,18.54,15.72,6.63,5.53,5.25,4.63,33.53,33.7,17.84,26.85,101.43,24.52,25.62,6.16,11.49,14.98,0.2498,9.01,0.0377,0.0538,0.0161,6.3,20,21,22,757
Prime Fresh,540404,BOM540404,Agricultural Food & other Products,297.25,405.62,0,195.8,195.8,8.86,8.86,43.48,,,50.52,49.59,2.99,3.64,1.88,2.67,54.8,45.78,14.05,-19.34,68.56,12.66,12.66,3.5,-11.7,-10.09,0.1803,-33.39,0,0,0,,9,9,9,406
Pro Fin Capital,511557,BOM511557,Commercial Services & Supplies,11.31,335.11,0,30.7,32.81,2.92,4.13,8.85,6.97,6.37,8.95,10.52,-0.27,4.02,-2.45,2.54,16.71,81.14,18.87,92.42,373.09,15.52,14.97,1.65,-12.31,-9.78,0.0155,73.55,0.0687,0.4144,0.3457,2,6,8,12,948
PropsharePlatina,544295,BOM544295,,1001002,336.44,,,,,,,,2.14,7.64,7.63,6.67,7.3,1.26,4.17,,,,,345.65,,,,,,0,0,,,,,,,,
PropshareTitania,544462,BOM544462,Realty,1053000,469.85,0,39.51,39.51,8.97,8.97,,,,,10.81,,8.67,,3.72,,52.38,,,224.62,28.4,28.4,0,22.11,40.41,0.0399,0,0,0,0,,9,9,9,470
Pune e,544141,BOM544141,Capital Markets,208,325.54,0,73.75,73.75,16.46,16.46,39.76,,,40.32,22.82,7.42,9.8,12.9,5.41,15.7,19.78,-42.61,-15.99,169.68,27,27,5.83,41.84,-59.46,0.1314,26.62,0,0,0,,16,16,16,326
Qualitek Labs,544091,BOM544091,Commercial Services & Supplies,390,454.43,0,70.23,70.23,6.29,6.29,,,,,,,,,,31.6,72.23,,,118,12.63,12.63,2.68,,10.5,0.076,0,0,0,0,,6,6,6,454
Quest Capital,500069,BOM500069,Capital Markets,329.65,329.65,0,25.81,26.55,19.63,19.99,1.44,1.54,0.67,22.17,2.17,21.88,2.04,17.09,1.54,17.49,16.49,50.69,31.62,22.53,25.37,25.96,5.45,19.38,38.13,1.1292,-19.07,0.0287,0.0183,-0.0103,9,20,21,21,348
Raghuvir Synth,514316,BOM514316,Textiles & Apparels,116.05,449.69,0,332.75,340.22,9.06,12.87,75.21,83.84,83.7,90.01,82.67,5.92,6.42,4.12,4.32,74.44,34.94,9.92,730.77,62.84,11.85,15.15,0,16.33,23.91,0.2048,720.85,0.0224,0.4205,0.3981,0.8,18,26,37,1289
Rainbow Foundat.,531694,BOM531694,Realty,76.79,381.02,0,156.13,174.61,8.01,8.4,31.86,33.24,34.18,56.85,50.34,13.96,11.15,3.88,1.48,42.33,45.36,58,37.04,72.24,40.05,43.43,2.76,-158.24,-80.52,0.1545,-20.96,0.1184,0.0487,-0.0697,9.3,9,9,10,439
Rajapalayam Mill,532503,BOM532503,Textiles & Apparels,895.4,825.58,0,898.48,869.09,16.31,31.7,217.96,229.19,229.34,221.99,188.57,19.28,22.88,-5.38,8.34,20.92,26.04,-13.48,218.3,813.33,14.81,21.19,0,148.46,115.64,0.039,231.78,-0.0327,0.9436,0.9763,0.3,62,120,233,6061
Rajasthan Gases,526873,BOM526873,Petroleum Products,50.99,391.98,,0,18.07,-0.16,16.68,0,0.01,6.42,1.8,9.84,1.69,9.68,0.67,9.6,,23.5,,13814.29,-0.28,-0.16,17.78,1.02,-1,2.28,-63.2143,13814.29,,-105.25,,0,-1739,-184757,-19630438,-461315290
Rajesh Power,544291,BOM544291,Other Utilities,1540.8,2774.58,0,1071.94,1071.94,86.55,86.55,,,,313.06,759.01,37.26,85.46,27.68,59.61,44.65,32.06,,,133.04,129.67,129.67,29.07,-22.11,-20.79,0.8691,0,0,0,0,,87,87,87,2775
RDB Infrastruc.,533285,BOM533285,Realty,47.27,816.99,0,107.71,144.56,5.54,7.31,30.7,32.48,24.18,20.34,67.56,0.92,2.5,1.16,2.72,55,111.76,120.07,186.32,98.18,12.11,14.98,2.59,-36.57,-82.16,0.1008,66.25,0.3421,0.3195,-0.0226,3.5,10,13,17,1877
RDB Real Estate,544346,BOM544346,Realty,186.2,321.82,0,83.96,84.6,1.84,-0.48,19.2,22.46,9.93,32.36,19.85,-1.34,5.75,-5.95,0.34,0.54,,3.39,-87.22,371.92,32.27,32.91,1.07,43.1,138.35,0.0016,-90.61,0.0076,-1.2609,-1.2685,0,-1,-2,-6,0
Refex Renewables,531260,BOM531260,Construction,707.25,318.02,0,67.02,66.71,-37.23,-35.45,18.01,14,15.9,20.07,16.74,10.31,8.69,-4.72,-7.57,,,-7.05,11.87,418.91,19.8,20.79,0.54,120.5,27.03,-0.0833,18.92,-0.0046,-0.0478,-0.0432,0,-37,-39,-41,0
Riddhi Siddhi Gl,524480,BOM524480,Commercial Services & Supplies,554.1,395.06,0,135.51,275.86,-14.61,39.91,14.26,48.9,44.33,28.02,154.61,-3.45,-0.25,2.08,9.84,7.65,9.9,984.22,-62.81,862.35,81.85,82.33,8.02,8.91,-28.3,0.0556,-1047.03,1.0357,-3.7317,-4.7674,0,-109,-516,-2441,-24165
RIR Power Electr,517035,BOM517035,Electrical Equipment,327.15,2510.46,0,86.21,86.16,8.28,7.19,21.05,18.82,19.87,26.46,21.01,3.45,2.89,2.55,1.74,134.4,349.16,-0.19,-38.52,117.78,12.46,11.58,2.95,2.05,3.97,0.0861,-38.33,-0.0006,-0.1316,-0.1311,-26.5,6,5,5,1644
RMC Switchgears,540358,BOM540358,Electrical Equipment,733.65,772.3,0,316.3,316.3,31.41,31.41,85.21,,25.95,104.78,211.52,19.91,32.84,10.25,21.16,35.95,24.59,148.23,209.81,109.05,51.31,51.31,11.11,7.78,15.42,0.3899,61.58,0,0,0,,31,31,31,772
RRPSemiconductor,504346,BOM504346,Finance,8251.35,11241.64,0,31.59,26.48,8.46,6.5,5.11,5.66,14.82,6,0,1.46,-0.14,-1.59,-0.29,36.02,1729.48,-100,-117.26,28.94,11.69,9.75,3,-0.21,-18.78,0.3283,-17.26,-0.1618,-0.2317,-0.0699,-74.7,5,4,3,5099
Rubicon Research,,BOM,,,7990.21,0,1284.27,1284.27,134.36,134.36,,,,,,,,,,,59.47,,,507.56,231.3,231.3,62.34,21.01,159.18,0.3875,0,0,0,0,,134,134,134,7990
Rudra Ecovation,514010,BOM514010,Textiles & Apparels,31.53,360.6,0,26.59,26.54,-3.29,-3.9,5.34,7.24,6.92,7.1,5.28,0.26,-0.26,-0.09,-0.87,622.9,,-1.12,-234.62,17.13,-2.04,-2.61,0,3.57,15.05,-0.2277,-233.5,-0.0019,0.1854,0.1873,0,-3,-3,-2,0
Saint-Gob. Sekur,515043,BOM515043,Auto Components,111.3,1014.05,0,208.41,213.35,29.99,39.07,49.9,51.62,53.01,53.87,54.85,10.5,11.63,10,10.71,34.07,25.95,9.92,40.74,75.06,41.64,51.5,13.15,29.68,28.01,0.6957,30.82,0.0237,0.3028,0.2791,0.9,51,66,86,2242
Sar Auto Prod.,538992,BOM538992,Auto Components,2070.95,986.75,0,13.97,12.44,0.42,0.24,3.8,4.35,3.52,2.3,2.27,0.27,0.38,-0.35,0.12,899.37,4111.46,-40.26,-60,15.49,0.86,0.67,0.25,3.12,0.35,0.0316,-19.74,-0.1095,-0.4286,-0.3191,-95.9,0,0,0,184
Saraswati Commer,512020,BOM512020,Finance,12845.35,1407.76,0,75.42,38.67,53.41,24.55,68.21,78.31,-44.85,-26.26,31.47,-27.57,29.66,-22.96,23.58,11.87,57.34,-53.86,-55.04,22.74,70.4,33.18,9.02,32.99,8.73,1.4763,-1.18,-0.4873,-0.5403,-0.0531,-1.1,11,5,2,137
Sayaji Hotels,523710,BOM523710,Leisure Services,289.5,507.15,0,138.28,145.85,2.08,-4.33,27.96,28.13,42.54,39.65,35.53,2.91,3.55,-4.28,-5.13,42.12,,27.07,-503.94,148.67,15.47,9.33,3.3,47.31,28.13,-0.0069,-531.01,0.0547,-3.0817,-3.1365,0,-18,-72,-294,0
Sealmatic India,543782,BOM543782,Industrial Products,485,438.93,60.37,100.97,100.97,15.93,15.93,34,,,43.93,57.04,9.48,13.63,6.46,9.46,46.44,27.55,67.76,190.18,102.54,21.83,21.83,5.03,-7.67,-2.83,0.2044,122.42,0,0,0,,16,16,16,439
Sh. Jagdamba Pol,512453,BOM512453,Industrial Products,801.65,702.09,93.87,481.48,500.41,47.66,49.4,121.72,125.52,114.74,119.5,140.65,21.62,16.42,16.08,10.83,18.48,14.21,15.55,13.64,255.71,69.73,71.54,18.36,18.98,-18.89,0.265,-1.91,0.0393,0.0365,-0.0028,3.9,51,53,55,782
Shalibhadra Fin.,511754,BOM511754,Finance,117.7,363.56,0,36.48,37,16,17.16,8.96,8.23,9.85,9.45,9.47,6.6,6.94,4.43,4.57,24.77,21.19,5.69,34.41,7.3,26.04,26.6,4.84,2.54,-26.99,3.0137,28.72,0.0143,0.0725,0.0582,2.9,18,20,21,449
Shanti Educat.,539921,BOM539921,Other Consumer Services,109.85,1768.59,0,58.99,64.32,7.05,6.88,9.83,9.77,20.55,18.84,15.16,-0.52,4.02,-0.47,2.9,315.33,257.06,54.22,-6.15,29.69,10.21,9.94,2.46,-1.11,-3.11,0.3146,-60.37,0.0904,-0.0241,-0.1145,-106.6,7,7,6,1644
Sharat Industrie,519397,BOM519397,Food Products,124.8,489.4,0,380.53,405.89,9.96,12.27,89.85,100.34,96.44,93.91,115.2,4.17,11.24,0.53,5.37,27.72,39.89,28.21,75.49,143.08,25.5,29.27,4.79,-1.66,-25.72,0.1192,47.28,0.0666,0.2319,0.1653,1.7,15,19,23,915
Shardul Sec.,512393,BOM512393,Capital Markets,49.31,431.42,0,62.63,16.6,32.99,-10.52,140.18,40.11,-32.89,-84.77,94.15,-88.6,89.44,-69.7,70.37,6.01,,-32.84,-38.2,54.48,46.57,-1.32,9.71,21.32,-35.94,-0.0149,-5.36,-0.735,-1.3189,-0.5839,0,-24,-57,-131,0
Shilchar Tech.,531201,BOM531201,Electrical Equipment,4344.5,4970.19,43.48,623.15,674.91,147.26,164.35,106.99,130.56,153.74,231.86,158.75,71.23,52.42,55.36,41.49,34.02,30.24,48.38,73.02,287.63,198.35,221.27,56.44,76.48,39.56,0.7676,24.64,0.0831,0.1161,0.033,2.6,183,205,228,6909
Shish Industries,540693,BOM540693,Industrial Products,9.28,352.19,53.37,116.25,126.31,8.58,8.67,23.07,22.64,35.04,35.51,33.12,1.19,2.88,2.38,2.55,46.02,40.62,43.56,-2.67,98.57,10.27,10.57,2.12,-12.55,-17.41,0.1095,-46.23,0.0865,0.0105,-0.076,38.7,9,9,9,363
Shiv Texchem,544272,BOM544272,Chemicals & Petrochemicals,209.3,485,0,2201.62,2201.62,48.11,48.11,922.35,,,1030.62,1170.99,35.12,50.99,20.63,27.49,3.22,10.08,26.96,47.56,425.87,89.07,89.07,17.52,58.34,-116.02,0.1541,20.6,0,0,0,,48,48,48,485
Shiva Cement,532323,BOM532323,Cement & Cement Products,26.77,789.72,0,311.17,320.17,-137.34,-151.11,96.61,50.53,57.69,106.34,105.61,-3.34,-1.97,-53.22,-30.28,,,9.32,-39.86,1158.43,-41.55,-56.2,0,252.64,-56.5,-0.1304,-49.18,0.0289,0.1003,0.0713,0,-136,-122,-110,0
Shraddha Prime,531771,BOM531771,Realty,180,727.22,0,155.58,188.21,24.64,32.03,26.07,37.6,43.77,48.14,58.7,8.2,10.69,6.69,8.97,38.29,22.71,125.16,467.64,260.92,35.08,45.97,13.09,-66.31,-74.63,0.1729,342.48,0.2097,0.2999,0.0902,0.8,42,54,70,1598
Shree Ganesh Rem,540737,BOM540737,Pharmaceuticals & Biotechnology,500.25,642.15,59.94,108.6,108.48,22.73,21.9,24.78,32.33,27.05,24.43,24.67,9.88,7.3,6.6,3.45,32.43,29.32,-0.44,-25.81,146.87,32.87,32.29,7.6,30.45,30.66,0.2009,-25.37,-0.0011,-0.0365,-0.0354,-8,21,20,20,574
Shree Refrigerat,544458,BOM544458,Industrial Manufacturing,277.75,989.63,0,98.73,98.73,13.76,13.76,,,,,,,,,,43.08,71.92,,,121.78,23.25,23.25,5.59,-5.33,-24.83,0.1589,0,0,0,0,,14,14,14,990
Shri Keshav,530977,BOM530977,Cement & Cement Products,258.9,453.41,0,121.45,131.72,-6.17,-4.86,30.44,24.48,28.1,38.43,40.71,7.62,10.41,-4.41,3.09,34.29,,33.74,73.6,307.74,16.43,18.14,0.2,32.04,28.82,-0.0151,39.86,0.0846,-0.2123,-0.2969,0,-6,-7,-9,0
Shri Venkatesh,543373,BOM543373,Agricultural Food & other Products,268.9,594.79,0,701.64,701.64,18.12,18.12,287.94,134.45,124.54,308.32,393.32,14.98,20.65,7.21,10.87,18.66,32.83,36.6,42.46,170.96,35.11,35.11,5.84,-28.17,1.11,0.1401,5.86,0,0,0,,18,18,18,595
Shriram AMC,531359,BOM531359,Capital Markets,410.55,694.07,0,6.73,8.03,-16.51,-16.75,2.24,1.92,1.4,1.11,3.6,-4.99,-2.71,-5.18,-2.76,,,60.71,-9.52,5.39,-16.35,-16.76,0,-4.39,-12.51,-3.1076,-70.23,0.1932,0.0145,-0.1786,0,-17,-16,-16,0
Shukra Pharma.,524632,BOM524632,Pharmaceuticals & Biotechnology,33.74,1477.41,0,32.59,34.8,9.58,10.12,3.18,5.56,10.58,13.27,5.39,7.31,1.32,5.39,1.03,30.95,145.99,69.5,110.2,69.5,13.93,14.7,3.77,-5.2,7.92,0.1999,40.7,0.0678,0.0564,-0.0114,25.9,11,11,12,1742
Sika Interplant,523606,BOM523606,Aerospace & Defense,1253.15,2656.79,0,147.66,185.25,25.02,31.6,30.42,33.24,37.98,46.02,68.01,7.96,12.5,7.91,10.35,48.57,84.08,123.57,96.02,88.83,33.01,40.68,8.73,19.73,7.62,0.454,-27.55,0.2546,0.263,0.0084,3.2,40,50,64,5353
Singer India,505729,BOM505729,Consumer Durables,85.19,525.24,0,431.67,425.08,7.42,4.47,98.69,105.76,105.55,121.67,92.1,4.14,-3.74,4.05,-2.36,107.3,117.5,-6.68,-521.43,157.37,10.56,6.35,2.12,1.39,-24.91,0.0419,-514.75,-0.0153,-0.3976,-0.3823,-3,3,2,1,115
Sobhagya Mercant,512014,BOM512014,Commercial Services & Supplies,920.6,773.3,0,157.28,186.34,15.53,18.96,26.39,29.11,45.16,59.75,52.32,11.38,7.79,7.58,5.62,21.35,40.79,98.26,155.45,82.92,24.87,29.16,9.48,4.19,-17.31,0.343,57.19,0.1848,0.2209,0.0361,1.8,23,28,35,1407
Softsol India,532344,BOM532344,Realty,238.55,352.19,0,12.74,12.93,7.8,10.52,3.2,3.07,3.23,3.24,3.39,1.8,2.54,2.11,4.44,39.37,33.48,5.94,72.76,34.46,10.36,13.13,1.9,8.04,-3.45,0.3604,66.82,0.0149,0.3487,0.3338,1,14,19,26,864
Solarium Green,544354,BOM544354,Construction,345.35,720.04,0,229.73,229.73,18.64,18.64,,,,82,148.08,11.65,14.25,7.53,11.06,36.59,38.63,,,137.01,26.3,26.3,4.06,-0.2,-61.94,0.1657,0,0,0,0,,19,19,19,720
Spel Semiconduct,517166,BOM517166,Electrical Equipment,203.3,937.62,97.84,7.86,7.66,-8.31,-9.07,2.13,1.39,1.89,2.45,1.93,-2.75,-0.55,-2.68,-2.43,292.66,,-9.39,-32.07,55.56,-5.69,-5.29,0,-8.83,-1.67,-0.1632,-22.68,-0.0254,0.0915,0.1169,0,-8,-7,-7,0
Spice LoungeFood,539895,BOM539895,Leisure Services,36.85,2568.9,0,105.4,137.55,5.65,4.47,,17.98,52.52,34.76,32.29,0.54,1.28,-3.64,-1.18,484,574.7,,,159.41,10.59,10.07,1.2,,2.91,0.0356,0,0.305,-0.2088,-0.5139,-27.5,4,3,2,1272
Stovec Inds.,504959,BOM504959,Industrial Manufacturing,2148.6,449.06,0,234.57,219.22,13.06,10.16,61.2,57.39,56.02,49.06,56.75,3.73,3.65,2.58,2.96,46.99,44.2,-7.27,-17.55,127.22,17.68,13.81,4.3,13.19,16.26,0.1137,-10.28,-0.0654,-0.2221,-0.1566,-2,8,6,5,211
String Metaverse,534535,BOM534535,IT - Services,233,2712.87,0,407.36,556.21,35.09,47.81,50.02,87.81,115.69,153.85,198.86,15.5,21.62,12.75,18.1,77.52,56.74,297.56,236.43,155.82,35.41,48.35,-0.01,-1.24,49.33,0.3068,-61.13,0.3654,0.3625,-0.0029,1.6,65,89,121,6861
Subam Papers,544267,BOM544267,Industrial Products,139.15,323.45,0,538.98,538.98,26.72,26.72,,,,269.88,269.29,39.41,26.74,17.53,9.2,0.77,12.11,,,394.18,56.78,56.78,5.56,38.5,32.28,0.0819,0,0,0,0,,27,27,27,324
Sudarshan Pharma,543828,BOM543828,Chemicals & Petrochemicals,28.94,696.47,0,505.05,505.05,18.03,18.03,99.2,,115.66,161.59,145.26,15.93,11.04,8.65,3.96,28.51,38.63,46.43,427.27,103.57,40.22,40.22,5.41,7.75,35.22,0.2263,380.84,0,0,0,,18,18,18,696
Sunita Tools Ltd,544001,BOM544001,Industrial Manufacturing,833.75,509.42,0,29.62,29.62,4.86,4.86,17.54,,,15.33,14.29,4.23,3.52,3.41,1.68,66.48,104.82,-18.53,-48.31,36.36,7.09,7.09,1.38,-3.38,-8.1,0.1716,-29.78,0,0,0,,5,5,5,509
Sunrakshakk Inds,539300,BOM539300,Textiles & Apparels,1275.1,790.73,0,180.16,180.16,11,11,24.26,,26.55,102.74,125.24,11.39,11.62,6.44,6.52,43.19,71.88,416.24,1230.61,81.27,15.41,15.41,3.39,21.24,0.14,0.1771,814.37,0,0,0,,11,11,11,791
Sunrise Efficie.,543515,BOM543515,Commercial Services & Supplies,341.6,535.12,0,132.91,132.91,9.03,9.03,61.1,,,54.86,74.24,5.92,6.82,4.22,5,20.68,59.26,21.51,5.71,66.58,12.64,12.64,3.11,3.39,-9.55,0.1823,-15.8,0,0,0,,9,9,9,535
Sunshield Chem.,530845,BOM530845,Chemicals & Petrochemicals,952.25,837.49,0,365.79,401.71,14.58,17.38,77.96,92.91,84.61,110.31,113.88,11.52,12.62,5.74,6.82,44.41,48.19,46.07,70.07,122.66,27.15,32.74,5.49,42.07,47.98,0.1865,24,0.0982,0.192,0.0938,2.5,21,25,29,1419
Supershakti Met.,541701,BOM541701,Industrial Products,315,363.05,0.19,737.04,737.04,12.43,12.43,385.76,,,347.33,389.71,7.58,9.09,5.35,7.08,30.08,29.21,1.02,-7.45,37.78,19.26,19.26,4.36,2.93,48.38,0.4444,-8.47,0,0,0,,12,12,12,363
Suraj Products,518075,BOM518075,Industrial Products,372.75,424.94,0,326.37,314.44,21.4,19.32,92.64,75.68,67.22,90.84,80.7,8.4,7.28,4.25,4.59,16.41,21.99,-12.89,-31.59,146.67,29.85,26.5,5.32,31.48,29.86,0.168,-18.7,-0.0366,-0.0972,-0.0606,-2.3,17,16,14,313
Swiss Military,523558,BOM523558,Consumer Durables,23.64,557.7,0,212.67,221.64,9.37,8.83,45.32,53.77,55.74,57.84,54.29,3.43,2.76,2.61,1.97,71.82,63.16,19.79,-21.2,115.43,12.71,12.63,3,-1.96,-3.24,0.1025,-40.99,0.0422,-0.0576,-0.0998,-11,8,8,7,467
Systematic Inds.,544541,BOM544541,Industrial Products,206,460.02,7.14,446.51,446.51,18.46,18.46,,,,,,,,,,18.14,24.92,,,101.9,33.09,33.09,5.8,15.19,7.62,0.2381,0,0,0,0,,18,18,18,460
TAAL Enterprises,539956,BOM539956,Transport Services,3287.5,1024.5,0,185.14,182.95,44.58,51.74,47.97,49.12,43.37,44.69,45.77,14.3,15.28,12.14,13.71,20.88,19.8,-4.59,27.42,82.81,61.7,70.78,17.85,34.41,41.02,0.8404,32.01,-0.0118,0.1606,0.1724,1.2,60,70,81,1602
Talbros Engg.,538987,BOM538987,Auto Components,603.75,306.49,0,446.09,464.6,20.04,21.03,103.61,102.62,114.7,125.16,122.12,13.96,12.84,5.32,5.58,15.41,14.57,17.87,18.22,203.74,38.78,41.01,5.83,31.15,34.42,0.1318,0.35,0.0415,0.0494,0.0079,2.9,22,23,24,354
Taneja Aerospace,522229,BOM522229,Aerospace & Defense,380.85,971.19,0,40.62,39.99,18.08,18.15,9.14,10.12,8.97,12.38,8.52,8.25,5.58,6.12,3.54,55.74,53.51,-6.78,2.31,120.67,23.85,24.75,6.33,14.05,25.25,0.2029,9.09,-0.0155,0.0039,0.0194,138.2,18,18,18,983
Tanfac Inds.,506854,BOM506854,Chemicals & Petrochemicals,4357.1,4346.21,5.54,556.98,637.64,86.93,96.2,95.35,111.51,178.18,171.95,176,35.76,28.97,22.74,19.35,35.52,45.18,84.58,71.39,307.93,121.9,132.13,30.3,34.23,32.84,0.4108,-13.19,0.1448,0.1066,-0.0382,4.2,106,118,130,5890
TCC Concept,512038,BOM512038,Commercial Services & Supplies,645.55,2302.84,0,83.22,93.53,42.1,46.09,11.81,16.83,22.38,32.21,22.11,24.92,17.92,17.07,9.42,44.23,49.96,87.21,73.48,679.7,56.77,63.98,16.29,8.12,23.18,0.0918,-13.73,0.1239,0.0948,-0.0291,5.3,50,55,60,3021
Technvision Ven.,501421,BOM501421,IT - Software,4999,3139.37,0,227.81,232.02,0.11,-2.02,52.41,55.09,80.96,39.35,56.62,0.65,1.29,-0.83,0.03,142.87,,8.03,-98.61,17.55,3.01,1.04,1.16,19.92,16.36,-0.049,-106.64,0.0185,-19.3636,-19.3821,0,-41,-838,-17058,0
TGV Sraac,507753,BOM507753,Chemicals & Petrochemicals,119.05,1274.9,5.77,1749.04,1860.91,91.06,117.38,379.07,428.06,455.08,486.83,490.94,58.63,94.54,21.75,38.79,11.55,10.86,29.51,181.9,1354.23,154.17,186.15,36.11,164.13,195.23,0.1133,152.39,0.064,0.289,0.2251,0.4,151,195,251,2730
Timex Group,500414,BOM500414,Consumer Durables,403.6,4074.34,2.85,538.1,598.37,31.47,43.66,108.67,174.08,119.94,135.41,168.94,14.38,21.64,9.24,14.67,55.58,93.32,55.46,503.7,121.96,46.53,63.61,14.68,32.48,-3.15,0.4784,448.24,0.112,0.3874,0.2753,2.4,61,84,117,10880
Titan Biotech,524717,BOM524717,Chemicals & Petrochemicals,1185.6,979.74,0,156.45,159.84,21.53,22,43.11,39.89,38.28,35.17,46.5,4.57,8.74,4.05,6.86,16.6,44.53,7.86,7.19,120.26,25.17,25.66,6.08,21.15,20.12,0.2335,-0.67,0.0217,0.0218,0.0002,20.4,22,23,23,1045
Transpek Inds.,506687,BOM506687,Chemicals & Petrochemicals,1478.4,825.77,0,649.85,652.23,55.01,55.03,151.86,162.7,170.04,165.26,154.23,32.21,24.05,19.25,15.58,17.04,15.01,1.56,67.71,544.23,81.99,82.12,18.59,97.8,135.07,0.1353,66.15,0.0037,0.0004,-0.0033,412.9,55,55,55,827
Trident Lifeline,543616,BOM543616,Pharmaceuticals & Biotechnology,300.5,348.35,71.05,86.92,84.9,11.75,16.01,13.15,15.45,11.83,34.01,23.61,8.54,5.17,7.07,3.06,29.71,21.76,79.54,33.62,82.3,17.76,21.18,4.59,2.23,-10.24,0.2503,-45.92,-0.0232,0.3626,0.3858,0.6,22,30,40,881
Trident Texofab,540726,BOM540726,Textiles & Apparels,357,535.35,0,122.06,124.43,0.83,2.82,25.71,26.45,31.69,38.21,28.08,1.35,2.07,0.54,1.02,37.78,189.84,9.22,45.71,53.09,6.7,7.26,0.9,2.71,-13.72,0.0701,36.49,0.0194,2.3976,2.3782,0.8,10,33,111,20997
Triton Valves,505978,BOM505978,Auto Components,3085.1,370.37,3.69,488.37,517.22,5.12,5.06,105.88,118.45,121.65,142.39,134.73,8.05,8.47,0.49,1.54,99.52,73.2,27.25,-3.75,108.93,20.3,21.52,3.45,24.71,-12.58,0.0781,-31,0.0591,-0.0117,-0.0708,-62.5,5,5,5,358
True Colors,544531,BOM544531,Industrial Manufacturing,190.15,468.81,0.4,233.62,233.62,24.69,24.69,,,,,,,,,,14.45,18.99,,,79.11,38.17,38.17,7.62,9.3,5.61,0.4084,0,0,0,0,,25,25,25,469
Tuticorin Alkali,506808,BOM506808,Chemicals & Petrochemicals,69.18,842.86,0,309.49,313.33,44.31,35.88,72.32,74.42,81.86,80.9,76.15,15.83,18.66,7.24,9.88,14.71,23.49,5.3,-25.71,298.7,61.99,65.04,0,12.91,-7.63,0.1201,-31.01,0.0124,-0.1903,-0.2027,-1.2,29,24,19,447
U P Hotels,509960,BOM509960,Leisure Services,1650,891,0,152.91,160.52,29.44,33.71,21.26,27.25,55.22,49.19,28.86,15.85,5.1,12.23,3.26,27.28,26.43,35.75,552.78,135.97,39.35,45.09,11.33,-3.87,36.38,0.3312,517.03,0.0498,0.145,0.0953,1.8,39,44,51,1338
Uday Jewellery,539518,BOM539518,Consumer Durables,169.35,388.18,10.42,287.2,358.61,10.87,16.02,41.49,62.27,98.92,84.52,112.9,1.97,10.89,1.03,7.76,32.44,24.23,172.11,196.18,107.03,16.39,23.43,5.55,11.66,-17.88,0.2015,24.07,0.2486,0.4738,0.2251,0.5,24,35,51,1243
Ultramarine Pig.,506685,BOM506685,Chemicals & Petrochemicals,459.05,1340.43,0,694.71,718.55,74.86,78.69,160.54,160.89,178.51,194.77,184.38,28.35,31.79,17.02,20.19,18.26,17.03,14.85,22.07,536.87,106.59,110.78,23.48,78.07,89.9,0.1903,7.22,0.0343,0.0512,0.0168,3.3,83,87,91,1556
Uni Abex Alloy,504605,BOM504605,Industrial Products,3389,669.33,70.12,193.09,188.29,33.46,31.88,43.98,46.6,42.07,60.44,39.18,15.89,6.82,12.64,5.56,16.52,21,-10.91,-23.42,72.68,45.84,43.77,11.12,28.03,34.71,0.5916,-12.51,-0.0249,-0.0472,-0.0224,-4.4,30,29,28,579
Unified Data,544406,BOM544406,IT - Services,431.3,866.49,0,220.26,220.26,29.5,29.5,,,,105.85,114.41,21.4,14.51,21.98,12.1,19.12,29.37,,,-22.49,38.7,38.7,11.01,9.79,49.41,-1.8012,0,0,0,0,,30,30,30,866
Unifinz Capital,541358,BOM541358,Finance,520,460.39,0,121.98,189.34,20.06,35.22,15,23.74,37.23,45.38,82.99,11.06,26.03,7.38,16.81,22.35,13.07,453.27,912.65,-1.55,33.35,55.22,15.68,-15.93,-30.3,-32.8387,459.38,0.5522,0.7557,0.2035,0.2,62,109,191,2491
United Van Der,522091,BOM522091,Electrical Equipment,238.05,328.27,0,30.04,33.43,4.29,6.22,5.7,7.95,7.54,8.85,9.09,2.29,4.3,0.98,2.04,48.84,52.78,59.47,1100,75.37,8.59,11.33,2.22,2.46,11.64,0.112,1040.53,0.1128,0.4499,0.337,1.2,9,13,19,1001
UVS Hospitality,531652,BOM531652,Finance,120.15,430.29,0,101.37,112.71,16.83,16.52,12.69,28.63,29.9,30.16,24.02,8.36,2.62,3.9,1.17,41.37,26.05,89.28,-20.95,154.27,17.83,17.82,0,-1.3,26.36,0.1071,-110.23,0.1119,-0.0184,-0.1303,-14.1,16,16,16,407
Vadilal Enterp.,519152,BOM519152,Food Products,10300,885.8,0,1119.12,1122.75,4.13,-3.14,513.07,245.99,136.27,223.79,516.7,-7.94,32.32,-8.76,20.1,42.13,,0.71,-30.62,24.88,11.63,2.29,-1.37,17.33,32.1,-0.1813,-31.33,0.0032,-1.7603,-1.7635,0,-9,-24,-66,0
Valiant Commun.,526775,BOM526775,Telecom - Equipment & Accessories,740,846.71,20.39,50.85,55.52,9.15,11.21,13.66,12.72,8.36,16.12,18.32,5.59,6.3,4.22,4.72,65.41,75.53,34.11,51.28,60.08,12.4,15.03,3.84,3.16,0.79,0.2505,17.17,0.0918,0.2251,0.1333,3.4,14,17,21,1557
Vashu Bhagnani,532011,BOM532011,Entertainment,103.93,576.17,0,15.99,8.08,6.23,1.48,9.37,1.03,1.11,4.48,1.46,-1.22,0.94,0.79,0.95,53.26,389.3,-84.42,-83.33,122.82,6.6,0.01,-1.32,0.28,-73.17,0.0013,1.09,-0.4947,-0.7624,-0.2678,-5.1,0,0,0,8
Veefin Solutions,543931,BOM543931,IT - Services,383.85,920.22,0,78.6,78.6,13.16,13.16,15.92,,,19.09,59.51,5.86,18.61,3.52,9.86,95.36,69.94,273.81,53.58,472.38,20.87,20.87,1.85,7.57,0.89,0.0318,-220.23,0,0,0,,13,13,13,920
Veljan Denison,505232,BOM505232,Auto Components,1237.15,556.72,0,141.58,146.45,22.5,24.57,33.67,33.96,36.42,37.54,38.53,8.69,10.34,5.79,7.11,24.53,22.66,14.43,41.92,208.17,31.2,34.03,8.17,11.35,16.37,0.1573,27.49,0.0344,0.092,0.0576,2.5,27,29,32,725
Veritas (India),512229,BOM512229,Commercial Services & Supplies,322.75,865.29,0,4099.05,3930.19,113.56,89.64,755.52,915.51,1642.46,785.56,586.66,26.37,35.86,-1.1,24.15,8.93,9.65,-22.35,-49.76,2898.8,154.53,127.79,0.66,55.81,28.93,0.0312,-27.41,-0.0412,-0.2106,-0.1694,-0.5,71,56,44,425
Vikram Thermo,530477,BOM530477,Chemicals & Petrochemicals,167,523.68,0,126.23,123.69,7.67,32.71,31.15,33.66,34.32,27.11,28.6,6.67,11.31,4.07,7.94,17.46,16.01,-8.19,37.85,87.87,44.06,43.98,11.58,23.2,23.64,0.504,46.04,-0.0201,3.2647,3.2848,0,139,595,2537,40619
Vintron Info.,517393,BOM517393,IT - Hardware,22.3,326.25,0,610.46,610.46,47.92,47.92,167.55,0,359.1,251.36,75.88,19.31,5.33,12.31,15.64,9.73,6.81,-54.71,-5.33,69.09,61.46,61.46,13.52,-9.81,-7.76,0.8893,49.38,0,0,0,,48,48,48,326
Vipul Organics,530627,BOM530627,Chemicals & Petrochemicals,191.2,339.36,0,162.8,162.34,4.14,4.57,38.06,39.24,41.41,44.09,37.6,3.74,3.78,0.79,1.27,80.86,74.26,-1.21,11.4,66.22,8.57,9.17,2.56,4.84,0.62,0.1077,12.61,-0.0028,0.1039,0.1067,7.1,5,6,6,456
Virat Industries,530521,BOM530521,Textiles & Apparels,741.05,364.84,89.35,31.63,34.24,0.9,1.57,5.99,11.59,6.31,7.73,8.61,0.21,0.3,0.18,0.88,89.19,232.38,43.74,300,26.19,1.28,2.16,0.58,5.22,-0.82,0.0821,256.26,0.0825,0.7444,0.6619,3.1,3,5,8,1937
Virtuoso Optoel.,543597,BOM543597,Consumer Durables,511.5,1508.35,0,696.8,696.8,14.13,14.13,,,,239.82,201.89,18.72,19.51,2.46,6.58,77.61,106.75,,,289.36,50.41,50.41,4.38,13.55,31.75,0.064,0,0,0,0,,14,14,14,1508
Voith Paper,522122,BOM522122,Textiles & Apparels,1848.7,811.58,15.28,190.23,197.91,39.91,42.21,45.1,51.42,41.18,52.53,52.78,14.98,15.67,11.34,12.58,21.56,19.23,17.03,22.61,387.47,53.86,56.97,14.33,26.26,31.67,0.1459,5.58,0.0404,0.0576,0.0173,3.3,45,47,50,960
VTM,532893,BOM532893,Textiles & Apparels,57.09,574.15,0,344.53,357.37,43.54,44.74,59.14,73.17,103.52,108.69,71.99,18.45,8.43,12.17,4.6,17.9,12.83,21.73,-12.05,244.92,59.86,61.48,15.12,-12.44,-37.56,0.2444,-33.78,0.0373,0.0276,-0.0097,4.7,46,47,49,623
VVIP Infratech,544219,BOM544219,Other Utilities,148.35,370.43,0,370.4,370.4,36.08,36.08,162.38,,,170.92,199.75,42.79,35.29,17.52,18.58,17.04,10.27,23.01,110.42,266.94,78.84,78.84,23.56,15.71,-64.35,0.2234,87.41,0,0,0,,36,36,36,371
Waaree Tech.,539337,BOM539337,Power,283.05,304.79,0,10.24,10.24,-5.65,-5.65,15.05,,,5.6,4.64,-2.39,-3.09,-2.62,-3.03,447.04,,-69.17,45.01,-6.76,-7.44,-7.44,0,-15.12,-1.74,0.8358,114.18,0,0,0,,-6,-6,-6,0
Wardwizard Inno.,538970,BOM538970,Automobiles,11.74,358.08,0,302.3,285.75,6.79,5.49,48.92,58.18,86.27,109.03,32.27,18.77,4.03,6.49,1.12,141.11,65.22,-34.04,-53.72,96.14,30.71,31.65,3.41,-63.03,-68.71,0.0926,-19.68,-0.0547,-0.1915,-0.1367,-3.4,4,4,3,189
Welspun Special.,500365,BOM500365,Industrial Products,37.42,2479.49,0,723.72,762.94,-4.44,-7.14,162.1,167.42,194.05,200.15,201.32,9.73,4.31,3.56,-0.75,70.3,,24.19,-138.46,392.79,39.62,37.16,0,7.47,57.77,-0.0182,-162.65,0.0542,0.6081,0.5539,0,-3,-1,0,0
Wim Plast,526586,BOM526586,Consumer Durables,484.05,581.02,0,367.38,366.92,58.58,66.91,90.34,78.2,93.08,105.76,89.88,19.05,13.39,17.62,16.89,13.27,8.68,-0.51,16.4,234.4,76.62,87.26,20.3,48.31,56.05,0.3721,16.91,-0.0013,0.1422,0.1435,0.6,76,87,100,865
Worth Investment,538451,BOM538451,Finance,21.96,814.09,0,5.12,5.1,1.9,1.91,1.27,1.31,1.3,1.25,1.24,1.05,1.13,-0.02,0.81,147.1,426.23,-2.36,1.25,-0.68,4.29,4.25,0.67,-10.27,-4.25,-3.7941,3.61,-0.0039,0.0053,0.0092,809.8,2,2,2,827
WPIL,505872,BOM505872,Industrial Manufacturing,447.85,4374.19,0,1806.89,1822.94,131.38,115.3,362.52,490.89,381.6,571.87,378.58,79.91,49.2,1.29,22.41,20.79,37.94,4.43,-42.13,1304.25,304.69,291.31,129.88,-89.55,-149.56,0.188,-46.56,0.0089,-0.1224,-0.1313,-3.1,101,89,78,2957
Yamuna Syndicate,540980,BOM540980,Commercial Services & Supplies,35400,1088.07,0,64.82,64.81,115.07,109.23,19.34,15.2,14.98,15.3,19.33,0.27,0.46,32.83,24.32,7.34,9.96,-0.05,-19.39,48.24,116.04,110.26,1.04,-3.68,-7.6,2.2859,-19.34,-0.0002,-0.0508,-0.0506,-2,104,98,93,931
Yash Highvoltage,544310,BOM544310,Electrical Equipment,529.55,1511.93,,150.14,150.14,21.41,21.41,57.05,,,,100.14,,21.27,,14.02,70.61,70.62,75.53,119.41,,31.3,31.3,6.85,,,,43.88,0,0,0,,21,21,21,1512
Yogi Ltd,511702,BOM511702,Finance,177,763.93,0,111.07,111.07,1.46,1.46,0,,0,111.07,90.29,0.87,7.61,1.88,6.32,472.22,523.24,,4050,112.38,2.02,2.02,0.3,-24.04,-72.44,0.0157,4050,0,0,0,,1,1,1,764
Z F Steering,505163,BOM505163,Auto Components,1025.6,930.22,0,493.87,498.7,14.89,12.7,128.1,111.17,117.58,137.02,132.93,14.96,18.14,3.87,7.97,24.63,73.25,3.77,-21.79,331.83,30.99,28.38,13.38,34.9,39.25,0.0786,-25.56,0.0098,-0.1471,-0.1569,-5,11,9,8,577
Zelio E-Mobility,544563,BOM544563,Automobiles,179.2,379.01,0,171.97,171.97,16.01,16.01,,,,,,,,,,17.62,23.67,,,32.63,21.26,21.26,3.55,1.12,-9.57,0.5994,0,0,0,0,,16,16,16,379
Zenotech Lab.,532039,BOM532039,Pharmaceuticals & Biotechnology,50.34,307.23,0,43.05,42.78,4.49,4.16,9.91,9.77,11.24,12.13,9.64,4.47,2.46,1.24,0.99,44.48,73.85,-2.72,-23.26,87.84,8.77,8,2.71,11.82,9.49,0.0782,-20.54,-0.0063,-0.0735,-0.0672,-10,4,4,3,244