Name,BSE Code,NSE Code,Industry Group,YoY Q/SALES GROWTH,YoY Q/PAT GROWTH,OERATING PROFIT MARGIN (Q),TTM SALES GROWTH,TTM PAT GROWTH,TTM OPM,ROCE,CFO/EBITDA,D/E Ratio,TTM PE,TTM PEG,TTM P/B,TTM EV/EBITDA,Price Down from 52w high,Price Up from 52w low,CURRENT ROE,ROE UP/DOWN wrt Previous Year,CURRENT FCF POTENTIAL,FOLIOMAX CURRENT GROWTH RANK
20 Microns,533022,20MICRONS,Minerals & Mining,-0.0391,0.0527,0.1379,0.0079,-0.0097,0.1115,0.1761,0.3089,0.36,10.56,-10.88,5.2,6.3,-0.3315,0.202,0.1634,-0.0141,0.1731,LOW LIQUIDITY
360 ONE,542772,360ONE,Capital Markets,0.2887,0.2851,0.6403,-0.0209,0.0415,0.6635,0.2655,-1.0385,1.47,40.55,9.77,197.7,23.25,-0.1442,0.4724,0.2057,-0.039,0.1642,861
3B Blackbio,532067,,Healthcare Services,0.163,0.0041,0.4345,0.0783,0.03,0.6337,0.4154,0.6768,0,22.34,7.45,3.2,15.23,-0.4561,0.0876,0.194,0.0398,0.164,
3i Infotech,532628,3IINFOLTD,IT - Software,-0.0153,2.843,-0.0302,-0.0164,1.8254,0.0938,0.2136,1.527,0.11,4.92,0.03,21.9,3.72,-0.4965,0.0233,0.0828,0.2647,-1.7426,LOW LIQUIDITY
3M India,523395,3MINDIA,Diversified,0.1402,0.4303,0.202,0.0686,0.1639,0.1848,0.5415,0.4526,0.06,70.79,4.32,27.4,41.36,-0.0608,0.3514,0.2385,-0.0462,0.0746,1067
5paisa Capital,540776,5PAISA,Capital Markets,-0.2343,-0.5688,0.2974,-0.1342,-0.3082,0.2858,0.1198,0.8513,0.46,20.98,-0.68,4.9,-0.02,-0.389,0.1026,0.1189,0.016,0.4271,339
63 Moons Tech.,526881,63MOONS,IT - Software,1.0981,-0.1915,-4.2259,0.6318,0.7211,-1.4753,-0.0289,1.8263,0,,0,5,-23.24,-0.275,0.3861,-0.0147,-0.0836,-0.7358,2213
A B B,500002,ABB,Electrical Equipment,0.1369,-0.0717,0.1511,0.0675,-0.0582,0.1827,0.3405,0.5252,0.01,61.82,-10.63,321.8,41.34,-0.3502,0.1269,0.2882,0.059,0.3464,96
A B Infrabuild,544281,ABINFRA,Construction,-0.2102,-0.4358,0.1466,0.1765,0.1813,0.1424,0.1687,-0.8027,0.29,59.19,3.26,471.9,29.03,-0.2039,1.9546,0.173,-0.0274,-0.0083,LOW LIQUIDITY
A B Lifestyle,544403,ABLBL,Retailing,0.0371,-0.4075,0.1554,0,0,0.0751,0.0377,1.9454,2.67,148.47,,1502.6,15.06,-0.2491,0.0622,0,0,0,1792
A B Real Estate,500040,ABREL,"Paper, Forest & Jute Products",-0.6327,-54.1358,-0.7539,-0.3087,0.6136,-0.2177,-0.0136,104.3097,1.45,,0,58.7,-204.68,-0.4037,0.1372,-0.0245,-0.0373,-0.6381,2179
A-1,542012,,Chemicals & Petrochemicals,-0.188,-0.9278,0.0188,-0.0595,-0.3412,0.0174,0.0862,-1.5283,0.35,1051.13,-30.81,62.4,307.68,-0.1855,5.1664,0.0782,0.057,0.4194,
A.K.Capital Serv,530499,,Finance,0.2828,0.5179,0.6593,0.1092,0.126,0.6803,0.1787,-1.4329,3.22,10.1,0.8,0.6,11.24,-0.1505,0.629,0.0897,-0.0145,-0.0363,
Aadhar Hsg. Fin.,544176,AADHARHFC,Finance,0.1738,0.1712,0.7685,0.0862,0.0832,0.7574,0.7177,-1.2894,2.55,21.12,2.54,131.1,14.2,-0.1213,0.4137,0.1686,-0.0155,0.0854,997
Aaron Industries,,AARON,Industrial Manufacturing,0.216,-0.2363,0.1853,0.0769,-0.1525,0.1603,0.1503,0.6513,0.72,55.37,-3.63,18.4,25.6,-0.2829,0.2134,0.2095,-0.0153,0.362,LOW LIQUIDITY
Aarti Drugs,524348,AARTIDRUGS,Pharmaceuticals & Biotechnology,0.091,0.2933,0.1291,0.0375,0.184,0.1082,0.129,0.9752,0.39,18.7,1.02,23.1,13.09,-0.2906,0.3072,0.1269,-0.0118,-0.0571,1545
Aarti Industries,524208,AARTIIND,Chemicals & Petrochemicals,0.2899,0.68,0.1386,0.0407,-0.1816,0.0727,0.036,2.1412,0.7,49.83,-2.74,85.1,17.07,-0.2532,0.0739,0.0603,-0.0219,0.2419,1352
Aarti Pharma,543748,AARTIPHARM,Pharmaceuticals & Biotechnology,-0.0867,-0.4888,0.1771,-0.0988,-0.1198,0.1854,0.1339,0.8555,0.32,27.32,-2.28,29,16.01,-0.2553,0.3148,0.1454,0.0148,0.2652,347
Aarti Surfactant,543210,AARTISURF,Chemicals & Petrochemicals,0.1878,2.7931,0.0521,0.153,0.2959,0.0435,0.0687,0.3971,0.5,22.79,0.77,1.2,9.05,-0.4031,0.0505,0.0514,-0.0591,-0.2445,LOW LIQUIDITY
AAVAS Financiers,541988,AAVAS,Finance,0.1517,0.1083,0.7452,0.0735,0.0515,0.7289,0.3255,-0.9543,3.08,19.45,3.78,19.8,12.88,-0.3379,0.0172,0.1411,0.0018,0.0896,852
Aayush Art,540718,,Textiles & Apparels,0.7953,0.5417,0.0115,0.2866,0.0663,0.0271,0.0569,-16.7759,0,845.22,127.49,46.9,620,-0.0043,1.1264,0.0466,0.0316,-0.0197,
AB Cotspin,544522,ABCOTS,Textiles & Apparels,-0.3776,1.1086,0.2235,-0.1226,0.3884,0.1104,0.0998,-0.6949,0.93,66.29,1.71,13.7,26.81,-0.1767,0.1301,0.1116,-0.0091,-0.2768,LOW LIQUIDITY
Abans Financial,543712,AFSL,Finance,9.6535,0.5041,0.007,2.3736,0.2014,0.0182,0.1202,-0.6207,0.62,8.2,0.41,4.3,6.43,-0.456,0.2147,0.1017,0.0087,-0.0997,LOW LIQUIDITY
Abbott India,500488,ABBOTINDIA,Pharmaceuticals & Biotechnology,0.0762,0.158,0.2858,0.0476,0.0665,0.3022,0.7115,0.5328,0.05,40.62,6.11,32.5,28.63,-0.2203,0.1421,0.3568,0.008,0.2903,162
ABM Knowledge,531161,,IT - Software,-0.0152,-0.4684,0.1082,0.0326,-0.0943,0.2156,0.0877,1.061,0,40.55,-4.3,4.4,19.75,-0.1909,1.0754,0.0627,-0.0041,0.157,
ABS Marine,,ABSMARINE,Transport Services,0.6994,2.9178,0.403,0.3113,0.8559,0.3165,0.0973,1.0696,1.34,10.36,0.12,4.9,9.1,-0.1817,1.3013,0.1556,-0.0747,-0.7003,
ACC,500410,ACC,Cement & Cement Products,0.2799,4.0144,0.1426,0.1056,0.4004,0.1518,0.1828,0.55,0.02,10.56,0.26,32.1,7.28,-0.2091,0.0226,0.1323,-0.0092,-0.2681,
Accelya Solution,532268,ACCELYA,IT - Software,0.0714,-0.0878,0.3555,0.0171,-0.0099,0.3266,0.7347,0.8221,0.22,15.69,-15.87,10.6,9.55,-0.1778,0.088,0.4547,0.0329,0.4646,LOW LIQUIDITY
Accent Microcell,,ACCENTMIC,Pharmaceuticals & Biotechnology,0.1058,0.0971,0.1715,0.0504,0.0487,0.1759,0.2262,0.5593,0,23.62,4.85,7.9,14.62,-0.0275,1.0048,0.1844,-0.105,0.1357,
Ace Soft. Exp.,531525,,IT - Software,1.3949,1.092,0.1363,0.5135,0.3766,0.165,0.0918,-1.4482,0.14,56.4,1.5,7.3,39.66,-0.3268,0.2514,0.0806,0.0458,-0.296,
ACME Solar Hold.,544283,ACMESOLAR,Power,0.8019,6.3163,0.8556,0.2914,0.8817,0.8349,0.033,1.3778,2.72,26.3,0.3,168.3,11.99,-0.324,0.3085,0.0757,0.0193,-0.806,1718
Action Const.Eq.,532762,ACE,"Agricultural, Commercial & Construction Vehicles",-0.0165,-0.0501,0.1464,-0.0284,0.026,0.182,0.4979,0.716,0.08,27.84,10.72,77.7,18.96,-0.3896,0.0649,0.2865,-0.0193,0.2605,375
Acutaas Chemical,543349,ACUTAAS,Pharmaceuticals & Biotechnology,0.241,0.9352,0.3113,0.0894,0.4112,0.2762,0.2027,0.5322,0.01,62.6,1.52,81.2,41.39,-0.1014,0.8603,0.16,0.0663,-0.2512,802
Adani Energy Sol,539254,ADANIENSOL,Power,0.0666,-0.2089,0.2965,0.078,-0.0472,0.2474,0.0499,1.4899,1.95,51.75,-10.96,599.6,19.11,-0.0746,0.5198,0.1364,0.0505,0.1836,336
Adani Enterp.,512599,ADANIENT,Metals & Minerals Trading,-0.0601,-0.6274,0.1556,-0.0498,-0.4335,0.1167,0.0426,0.3705,2.03,115.32,-2.66,685.9,24.58,-0.1511,0.1289,0.0982,0.0009,0.5317,523
Adani Green,541450,ADANIGREEN,Power,0.001,1.0255,0.8654,0.09,0.3165,0.654,0.0239,1.0397,4.52,76.32,2.41,1410.7,23.1,-0.2027,0.3369,0.1461,0.0053,-0.1704,1240
Adani Ports,532921,ADANIPORTS,Transport Infrastructure,0.2972,0.2507,0.5825,0.1401,0.1121,0.5137,0.131,1.1334,0.85,27.05,2.41,1045.6,16.41,-0.028,0.4896,0.1876,0.0068,0.0755,572
Adani Power,533096,ADANIPOWER,Power,0.0088,-0.1138,0.3827,-0.013,-0.071,0.3409,0.119,1.0906,0.83,22.86,-3.22,9076.2,13.36,-0.219,0.6037,0.261,-0.3115,0.332,845
Adani Total Gas,542066,ATGL,Gas,0.1909,-0.1191,0.2035,0.0931,-0.0447,0.1724,0.1563,0.9873,0.45,104.23,-23.31,1590.7,57.25,-0.2569,0.1134,0.1682,-0.0364,0.2129,LOW LIQUIDITY
ADC India,523411,,Telecom - Equipment & Accessories,-0.0992,-0.5057,0.0984,-0.0459,-0.2617,0.1339,0.3289,0.7908,0,33.77,-1.29,3.6,22.99,-0.3656,0.4712,0.3474,0.0105,0.6091,
Adcounty Media.,544435,,Media,0.128,0.308,0.2987,0.0556,0.1447,0.2959,0.2701,-0.0129,0.01,19.25,1.33,7.2,12.22,-0.5225,0.1916,0.4728,-0.0416,0.3281,
ADF Foods,519183,ADFFOODS,Food Products,0.0076,0.3416,0.2199,0.0212,0.1771,0.175,0.1836,0.4215,0.02,29.15,1.65,46.5,17.37,-0.4244,0.0284,0.1398,-0.0264,-0.0373,LOW LIQUIDITY
Adit.Birla Money,532974,BIRLAMONEY,Capital Markets,-0.1619,-0.6197,0.437,-0.0634,-0.2363,0.4862,0.1802,-0.5523,6.58,15.08,-0.64,18,8.3,-0.5052,0.1481,0.3721,-0.0178,0.6084,LOW LIQUIDITY
Aditya AMC,543374,ABSLAMC,Capital Markets,0.0875,-0.0042,0.6125,-0.1007,0.0434,0.7283,11.6277,0.5666,0.02,21.64,4.99,170.2,15.64,-0.202,0.3074,0.2699,-0.0046,0.2265,315
Aditya Bir. Fas.,535755,ABFRL,Retailing,0.1256,-0.1393,0.0312,0.0519,0.1917,-0.0432,-0.0568,-4.4062,0.91,,0,182,15.76,-0.3141,0.0826,-0.1093,0.0765,-0.301,1770
Aditya Birla Cap,540691,ABCAPITAL,Finance,0.0264,-0.1409,0.3777,0.0261,-0.0069,0.3694,-0.0813,-1.9253,4.86,28.02,-40.36,742.1,15.4,-0.0298,1.3489,0.1149,-0.023,0.1218,1334
Aditya Infotech,544466,CPPLUS,Industrial Manufacturing,0.3748,1.9678,0.118,0,0,0.0731,0.1279,0.1196,0.08,90.61,,131.8,68.52,-0.1327,0.4937,0.2087,-0.1513,0.2087,1077
Aditya Vision,540205,AVL,Retailing,0.2172,0.0418,0.0758,0.0589,-0.0031,0.0767,0.1921,-0.2282,0.65,60.32,-192.35,131.3,30.84,-0.1557,0.543,0.2026,-0.0505,0.2057,863
Ador Welding,517041,ADOR,Industrial Products,0.044,0.9463,0.1236,-0.0051,-0.1844,0.075,0.1878,1.3162,0,33.57,-1.82,6.6,17.66,-0.1494,0.3793,0.1387,0.1387,0.3231,LOW LIQUIDITY
Advait Energy,543230,,Industrial Products,2.3933,1.4286,0.1104,0.4208,0.2911,0.1271,0.2295,0.8355,0.27,43.98,1.51,8.4,22.53,-0.3342,0.5789,0.2249,-0.1408,-0.0662,
Advance Agrolife,544562,ADVANCE,Fertilizers & Agrochemicals,0.27,0.1167,0.1212,0,0,0.0853,0.1793,0.1351,0.47,28.58,,,16.15,-0.2128,0.2111,0.2911,-0.1017,0.2911,681
Advanced Enzyme,540025,ADVENZYMES,Pharmaceuticals & Biotechnology,0.263,0.3198,0.3255,0.1096,0.1255,0.303,0.134,0.7431,0.02,23.87,1.9,26.5,13.75,-0.2375,0.2178,0.0954,-0.017,-0.0301,1722
Advani Hotels.,523269,ADVANIHOTR,Leisure Services,-0.091,-0.75,-0.0803,-0.034,-0.0596,0.3237,0.4338,0.6012,0.01,21.42,-3.59,65.7,13.69,-0.2289,0.1462,0.3435,-0.0251,0.4031,LOW LIQUIDITY
Advent Hotels,544446,ADVENTHTL,Leisure Services,0.0187,1.0208,0.1433,0,0,0.2176,0.008,28.9659,0.91,50.22,,,14.24,-0.4073,0.0495,0.0065,0.0065,0.0065,LOW LIQUIDITY
Aegis Logistics,500003,AEGISLOG,Gas,0.3105,0.4261,0.1267,0.0978,0.0829,0.173,0.1011,0.4845,0.41,37.3,4.5,158,18.4,-0.2658,0.2484,0.1553,0.004,0.0724,793
Aegis Vopak Term,544407,AEGISVOPAK,Oil,0.2622,1.4177,0.7326,0.0788,0.4206,0.5613,0.0358,1.3367,0.42,161.78,3.85,683.4,59.4,-0.1263,0.1993,0.0873,-0.0014,-0.3333,1831
Aelea Commoditi.,544213,,Agricultural Food & other Products,0.9796,0.5591,0.087,0.4719,1.3976,0.0481,0.0727,1.2235,0.01,52.18,0.37,5.8,21.98,-0.5465,0.0523,0.0334,-0.2416,-1.3642,
Aequs,,,,0,0,,0,0,0.174,0.0848,0.0168,0.06,867.16,,,318.01,0,0,0.0129,-0.0222,0.0129,
Aeroflex,543972,AEROFLEX,Industrial Products,0.1672,0.0417,0.2334,0.0278,-0.0914,0.1672,0.1728,0.3739,0.03,48.09,-5.26,82.7,27.44,-0.3444,0.2294,0.1657,-0.0393,0.2571,856
Aeroflex Enter.,511076,AEROENTER,Industrial Products,0.2508,-0.0518,0.1719,0.0806,-0.0437,0.1683,0.0929,1.2395,0.06,19.33,-4.42,14.8,6.66,-0.3229,0.2074,0.0766,-0.0514,0.1203,LOW LIQUIDITY
Aether Industri.,543534,AETHER,Chemicals & Petrochemicals,0.3838,0.5034,0.3199,0.1817,0.2124,0.2908,0.1056,0.4209,0.09,56.47,2.66,65.2,33.84,-0.079,0.1953,0.078,0.0221,-0.1344,1450
Afcom Holdings,544224,,Transport Services,1.7071,1.9157,0.3131,0.6347,0.8068,0.2912,1.0903,0.4127,0.12,23.86,0.3,18.2,16.53,-0.3605,0.3131,0.2892,0.0046,-0.5176,
Afcons Infrastr.,544280,AFCONS,Construction,0.0097,-0.2242,0.11,0.0195,0.0251,0.1068,0.1327,-0.0983,0.66,29.3,11.69,100.4,9.38,-0.2977,0.0468,0.1106,-0.0343,0.0855,1564
Affle 3i,542752,AFFLE,IT - Services,0.1913,0.2013,0.2259,0.0905,0.098,0.2106,0.1712,0.8871,0.01,55.19,5.63,100,35.09,-0.2474,0.3478,0.1403,-0.0097,0.0423,1218
Agarwal Indl.,531921,AGARIND,Chemicals & Petrochemicals,-0.2483,-0.3498,0.1144,-0.0813,-0.2718,0.0599,0.1291,0.6109,0.63,13.53,-0.5,2.6,8.11,-0.458,0.0062,0.2009,-0.035,0.4727,LOW LIQUIDITY
AGI Greenpac,500187,AGI,Industrial Products,0.004,0.056,0.2488,0.0489,0.1081,0.2015,0.186,0.8481,0.21,13.76,1.27,14.1,7.49,-0.4231,0.2594,0.1624,0.0173,0.0543,626
AGI Infra,539042,AGIIL,Realty,0.0998,0.2636,0.3943,0.0829,0.153,0.2857,0.2176,-0.2275,0.42,42.63,2.79,118.9,28.31,-0.1055,0.9522,0.2566,-0.0058,0.1036,535
Ahluwalia Contr.,532811,AHLUCONT,Construction,0.1639,1.0482,0.1088,0.0613,0.3018,0.0939,0.1652,1.0871,0.04,25.47,0.84,23.3,11.79,-0.1504,0.6102,0.1187,-0.0449,-0.1831,1925
Ahm. Steelcraft,522273,,Industrial Products,0.6831,3.8758,0.1617,0.401,0.9231,0.1076,0.2119,-6.3144,0,15.05,0.16,3.7,11.55,-0.3771,0.2701,0.1835,0.3529,-0.7396,
AIA Engineering,532683,AIAENG,Industrial Products,0.0034,0.0807,0.2833,0.0053,0.0761,0.3388,0.1925,0.8442,0.14,31.85,4.19,45.5,23.15,-0.0194,0.281,0.1542,-0.0288,0.0781,1248
Aimtron,,AIMTRON,Industrial Manufacturing,1.1248,0.8148,0.2457,0.4078,0.3554,0.2081,0.2326,-0.5771,0,50.91,1.43,18.1,33.33,-0.1669,1.4203,0.248,0.248,-0.1074,
Airfloa Rail,544516,,Industrial Manufacturing,0.0637,0.2425,0.2432,0.0282,0.1031,0.2322,0.1744,-0.0964,0.27,31.01,3.01,10,18.14,-0.1575,0.368,0.3102,0.019,0.2071,
Ajanta Pharma,532331,AJANTPHARM,Pharmaceuticals & Biotechnology,0.1408,0.2019,0.2422,0.0699,0.0625,0.2557,0.3015,0.9609,0.06,33.74,5.4,95.1,23.06,-0.1564,0.2999,0.2491,0.0168,0.1866,224
Ajax Engineering,544356,AJAXENGG,"Agricultural, Commercial & Construction Vehicles",0.4779,0.1481,0.1018,0.0682,-0.035,0.1515,0.2847,0.122,0,28.5,-8.14,65.3,20.52,-0.1748,0.1372,0.2507,-0.026,0.2857,455
Ajmera Realty,513349,AJMERA,Realty,0.0956,-0.1409,0.2647,0.1135,0.0276,0.3048,0.0999,0.0314,0.52,30.47,11.05,12.2,17.54,-0.1947,0.4483,0.1201,-0.0053,0.0925,1157
Akiko,,AKIKO,Finance,2.4032,1.4509,0.1413,0.5948,0.4384,0.1294,0.275,-2.5565,0.12,28.87,0.66,6.6,17.75,-0.0478,3.5968,0,0,-0.4384,
Akme Fintrade,544200,AFIL,Finance,0.4525,0.2334,0.7833,0.2118,0.0873,0.7588,0.4019,-2.2526,0.96,8.42,0.96,32.3,6.51,-0.3533,0.1191,0.1098,0.0254,0.0225,LOW LIQUIDITY
Akums Drugs,544222,AKUMS,Pharmaceuticals & Biotechnology,-0.0151,-0.3483,0.0928,-0.0026,-0.0467,0.0902,0.0969,1.2942,0.03,21.48,-4.6,33,9.52,-0.3808,0.0378,0.1719,0.2009,0.2186,170
Akzo Nobel,500710,AKZOINDIA,Consumer Durables,-0.1501,-0.1484,0.1325,-0.0461,-0.0883,0.1319,0.3401,0.5367,0.03,41.46,-4.69,32.7,26.8,-0.1052,0.172,0.3223,-0.001,0.4106,186
Albert David,524075,ALBERTDAVD,Pharmaceuticals & Biotechnology,-0.1138,-1.1826,0.0291,-0.0847,-1.886,-0.0461,-0.0331,-1.1149,0.11,,0,0.6,-71.39,-0.4986,0.0125,0.0439,-0.1733,1.9299,LOW LIQUIDITY
Alembic,506235,ALEMBICLTD,Realty,0.0558,0.0617,0.416,0.0086,0.0462,0.721,0.643,0.5508,0,8.14,1.76,26.7,15.34,-0.3305,0.2022,0.1369,0.0113,0.0907,LOW LIQUIDITY
Alembic Pharma,533573,APLLTD,Pharmaceuticals & Biotechnology,0.1591,0.288,0.1653,0.0616,0.1144,0.124,0.1393,0.1144,0.28,27.92,2.44,65.5,16.33,-0.1977,0.2435,0.1138,-0.0196,-0.0006,1610
Algoquant Fin,505725,,Finance,-0.2136,-0.4874,0.2043,-0.1069,-0.4848,0.1029,0.2621,1.3833,0.24,97.28,-2.01,402.6,58.15,-0.3799,0.3011,0.3755,0.3755,0.8603,
Alicon Cast.,531147,ALICON,Auto Components,-0.0767,-0.1737,0.1279,-0.0335,-0.2395,0.0546,0.0719,1.9146,0.57,40.64,-1.7,3.8,9.34,-0.2997,0.6067,0.0802,-0.0375,0.3197,1295
Alivus Life,543322,ALIVUS,Pharmaceuticals & Biotechnology,0.16,0.3641,0.3047,0.0395,0.1019,0.2893,0.225,0.6016,0.02,20.18,1.98,43.5,13.7,-0.3078,0.0543,0.1869,-0.024,0.085,1010
Alkem Lab,539523,ALKEM,Pharmaceuticals & Biotechnology,0.1717,0.111,0.2301,0.0714,0.0872,0.2095,0.2598,0.7234,0.18,28.77,3.3,60.6,20.8,-0.0356,0.2599,0.1939,-0.0017,0.1067,638
Alkyl Amines,506767,ALKYLAMINE,Chemicals & Petrochemicals,-0.0614,-0.0952,0.1803,-0.0125,-0.0223,0.1578,0.1527,1.0528,0,46.56,-20.9,30.1,26.28,-0.3228,0.0997,0.1396,0.0167,0.1619,LOW LIQUIDITY
All E Tech,,ALLETEC,IT - Software,-0.0713,0.1048,0.2009,-0.0114,0.0302,0.2943,0.2863,0.5664,0,15.1,5,6,7.64,-0.6414,0.0269,0.2239,0.0451,0.1937,
All Time Plastic,544479,ALLTIME,Consumer Durables,0.1248,-0.6855,0.1104,0,0,0.1414,0.0918,0.6549,0.22,48.32,,20.3,17.19,-0.1612,0.0949,0.21,-0.0391,0.21,737
Allcargo Gati,532345,ACLGATI,Transport Services,-0.0025,-0.2756,0.0365,0.0341,-0.1075,0.0137,0.0078,3.2936,0.29,97.51,-9.07,17.6,11.44,-0.3291,0.2855,0.0154,0.0432,0.1229,LOW LIQUIDITY
Allcargo Logist.,532749,ALLCARGO,Transport Services,0.1118,-0.2353,0.1155,-0.4359,-0.6506,0.0094,0.0474,1.4881,0.77,60.99,-0.94,148,4.3,-0.3187,0.4724,0.0249,-0.0281,0.6755,1267
Allcargo Termi,543954,ATL,Transport Infrastructure,0.0629,-0.0344,0.1947,0.013,-0.0329,0.1344,0.084,1.2515,2.09,23.75,-7.22,71.4,8.47,-0.3571,0.4097,0.1298,-0.0717,0.1627,LOW LIQUIDITY
Alldigi Tech,532633,ALLDIGI,Commercial Services & Supplies,0.1217,0.497,0.2444,0.056,0.048,0.1771,0.3229,1.2328,0.33,17.38,3.62,7.7,8.4,-0.2602,0.1744,0.2734,0.0136,0.2254,LOW LIQUIDITY
Allied Blenders,544203,ABDL,Beverages,0.1411,0.3522,0.1267,0.0817,0.3205,0.1205,0.2223,-1.7352,0.68,68.43,2.14,315.7,35.61,-0.1266,1.2546,0.1996,0.1937,-0.1209,447
Allied Digital,532875,ADSL,IT - Services,0.1511,0.3293,0.0912,0.0874,0.2755,0.0859,0.0906,1.1831,0.19,22.93,0.83,8.5,8.12,-0.434,0.1003,0.0531,-0.0212,-0.2224,LOW LIQUIDITY
Alok Industries,521070,ALOKINDS,Textiles & Apparels,0.0626,0.3604,0.0046,-0.005,-0.1128,-0.0471,-0.1864,-0.4181,,,0,-191.5,303.83,-0.3339,0.177,0,0,0.1128,1587
Alpex Solar,,ALPEXSOLAR,Electrical Equipment,1.7756,1.2332,0.149,0.8179,0.8444,0.1569,0.4082,0.5716,0.37,17.11,0.2,14.2,11.27,-0.2895,1.0807,0.4772,0.1891,-0.3672,
Alphalogic Tech.,542770,,IT - Software,-0.1059,0.126,0.1595,-0.1846,-0.0141,0.1469,0.1182,0.2707,0.1,84.98,-60.46,52.6,43.89,-0.5404,0.0578,0.1149,-0.0076,0.129,
Altius Telecom,543225,,Telecom - Services,0.5115,0.3308,0.4086,0.2395,0.1022,0.2252,0.0216,1.5664,3.88,52.52,5.14,1077.6,9.49,0,0.1,0.057,-0.0126,-0.0452,
Alufluoride,524634,,Chemicals & Petrochemicals,0.0306,0.1877,0.2544,0.062,0.0427,0.1602,0.2093,0.4239,0.29,16.2,3.79,2.3,8.75,-0.2064,0.1317,0.2079,-0.0142,0.1652,
Amal,506597,,Chemicals & Petrochemicals,0.7964,0.0958,0.1593,0.375,0.3097,0.2318,0.366,1.4199,0,20.9,0.67,8.8,15.46,-0.4289,0.5913,0.3503,0.3261,0.0406,
Amanta Healthcar,544502,AMANTA,Pharmaceuticals & Biotechnology,0.0623,-0.1726,0.2067,0,0,0.1557,0.0411,1.0903,0.88,38.59,,7.2,7.79,-0.3425,0.0183,0.1299,0.0735,0.1299,LOW LIQUIDITY
Amara Raja Ener.,500008,ARE&M,Auto Components,0.0805,-0.121,0.1198,0.038,-0.0758,0.0869,0.1971,1.1279,0.04,21.32,-2.81,40.5,10.65,-0.3086,0.168,0.1234,-0.025,0.1992,1109
Amber Enterp.,540902,AMBER,Consumer Durables,-0.0224,-2.7115,0.0509,0.1013,-0.0914,0.0544,0.0695,1.2226,0.77,106.56,-11.66,22.9,30.39,-0.2175,0.2894,0.1128,0.0454,0.2042,430
Ambika Cotton,531978,AMBIKCO,Textiles & Apparels,-0.0038,0.1329,0.1337,-0.0255,-0.0569,0.144,0.0843,1.1871,0,11.39,-2,0.4,4.44,-0.3234,0.0058,0.0746,0.0056,0.1315,LOW LIQUIDITY
Ambuja Cements,500425,AMBUJACEM,Cement & Cement Products,0.2148,2.3364,0.1919,0.1064,0.3871,0.1708,0.0688,0.367,0.02,23.08,0.6,582.9,13.68,-0.141,0.18,0.0873,-0.005,-0.2998,1860
Amic Forging,544037,,Industrial Products,0.0457,-0.4542,0.2738,0.0321,0.2248,0.2715,0.2794,0.2239,0.05,73.44,3.27,14.3,48.74,-0.0882,0.8771,0.218,-0.0716,-0.0068,
Amines & Plast.,506248,AMNPLST,Chemicals & Petrochemicals,-0.201,-0.3691,0.081,-0.0465,-0.1169,0.0899,0.1686,0.4507,0.11,28.81,-2.46,21.3,16.71,-0.4588,0.0217,0.1711,-0.0267,0.288,LOW LIQUIDITY
Amrutanjan Healt,590006,AMRUTANJAN,Pharmaceuticals & Biotechnology,0.0708,0.1831,0.1404,0.04,0.1155,0.165,0.2683,0.7328,0.01,34.13,2.96,16.4,22.33,-0.2087,0.2259,0.1653,0.0104,0.0498,LOW LIQUIDITY
Anand Rathi Shar,544530,ARSSBL,Capital Markets,-0.0129,-0.1368,0.4106,0,0,0.3407,0.1029,2.3449,0.93,39.42,,18.8,5.45,-0.2149,0.4483,0.2304,-0.007,0.2304,387
Anand Rathi Wea.,543415,ANANDRATHI,Capital Markets,0.2264,0.3053,0.4623,0.0515,0.1454,0.466,0.6891,0.5862,0.1,70.98,4.88,250.3,47.8,-0.1172,0.85,0.4533,0.0505,0.3079,89
Anand Rayons,542721,,Textiles & Apparels,0.3532,0.4019,0.012,0.1114,0.6542,0.0222,0.0718,1.5363,0.21,151.76,2.32,20.8,106.35,-0.1298,4.9526,0.0613,-0.0289,-0.5929,
Anant Raj,515055,ANANTRAJ,Realty,0.23,0.3082,0.2661,0.1158,0.1585,0.2604,0.1693,0.1926,0.13,39.43,2.49,151.7,30.95,-0.43,0.4758,0.1089,0.0284,-0.0496,1104
Anantam Highways,544579,ANANTAM,Transport Infrastructure,0,0,,0,0,0.758,0.4961,-1.3654,8.7,5.47,,,7.68,-0.088,0.0376,1.7703,3.3268,1.7703,
ANB Metal,,AMCL,Industrial Products,-0.1103,0.4341,0.1479,-0.067,0.2507,0.1431,0.207,0.2389,0.3,30.97,1.24,5.5,18.02,-0.0915,1.0745,0.4592,-0.2066,0.2085,
Andhra Cements,532141,ACL,Cement & Cement Products,0.4191,-0.2018,-0.0575,0.2158,0.0522,-0.2363,-0.2004,-0.6041,12.22,,0,81.3,-192.08,-0.3401,0.5074,-0.6844,-0.4148,-0.7366,2257
Andhra Paper,502330,ANDHRAPAP,"Paper, Forest & Jute Products",-0.1624,-1.4856,-0.0188,0.0048,-0.6505,0.03,0.0162,-0.581,0.14,64.9,-1,13.8,10.88,-0.3797,0.029,0.0307,-0.1603,0.6812,LOW LIQUIDITY
Andhra Petrochem,500012,,Chemicals & Petrochemicals,0.6074,1.5895,0.0055,0.1498,1.2525,-0.06,-0.0734,5.8125,0.15,,0,6.9,-12.8,-0.3979,0.0394,-0.0275,-0.1469,-1.28,
Andhra Sugars,590062,ANDHRSUGAR,Chemicals & Petrochemicals,0.1307,5.8782,0.0922,0.0935,1.0015,0.0542,0.0596,2.1138,0,12.78,0.13,8.5,4.92,-0.2713,0.1668,0.0251,-0.0219,-0.9764,LOW LIQUIDITY
Andrew Yule & Co,526173,ANDREWYU,Agricultural Food & other Products,-0.2002,-1.0013,-0.0645,-0.053,-1.1793,0.0052,0.0265,0.3603,0.33,240.23,-2.04,157.3,52.58,-0.4638,0.0499,-0.0796,0.0701,1.0997,
Angel One,543235,ANGELONE,Capital Markets,-0.2066,-0.4999,0.3457,-0.1105,-0.3326,0.305,0.2544,-0.9852,0.77,30.52,-0.92,37.3,11.3,-0.2507,0.3524,0.2707,-0.1622,0.6033,584
Anjani Portland,518091,APCL,Cement & Cement Products,0.5917,0.8258,0.0796,0.1516,-0.4826,-0.0473,-0.0604,-0.1524,2.26,,0,4.9,55.28,-0.3772,0.2129,-0.3185,-0.1937,0.1641,LOW LIQUIDITY
Anlon Healthcare,544497,AHCL,Pharmaceuticals & Biotechnology,1.1597,2.5985,0.2632,0,0,0.2573,0.1093,-0.7286,0.27,29.52,,19.9,25.59,-0.1225,0.7428,0.4045,-0.2758,0.4045,LOW LIQUIDITY
Annapurna Swadi.,,ANNAPURNA,Food Products,0.2245,0.2368,0.1272,0.1155,0.1561,0.0989,0.101,-0.4138,0.36,21.22,1.36,3.4,10.42,-0.487,0.021,0.0971,-0.0535,-0.059,
Anondita Medi.,,ANONDITA,Personal Products,0.7224,1.2561,0.3549,0,0,0.3234,0.178,-0.4205,0.43,55.08,,21.1,49.35,0,1.6711,0,0,0,
Antelopus Selan,530075,ANTELOPUS,Oil,-0.2001,-0.4136,0.5336,-0.1031,-0.2409,0.3272,0.0894,1.2678,0.01,24.13,-1,8.1,10.44,-0.5911,0.0058,0.1718,0.0848,0.4127,LOW LIQUIDITY
Anthem Bioscienc,544449,ANTHEM,Pharmaceuticals & Biotechnology,0.0478,0.071,0.3962,0,0,0.362,0.2302,0.6265,0.04,80.41,,759.7,48.56,-0.2421,0.0677,0.2083,0.0078,0.2083,281
Antony Waste han,543254,AWHCL,Other Utilities,0.1646,0.129,0.1938,0.0608,-0.0127,0.1588,0.1136,1.2577,0.68,17.86,-14.03,5.1,6.83,-0.3789,0.0078,0.1134,-0.0494,0.1261,LOW LIQUIDITY
Anuh Pharma,506260,ANUHPHR,Pharmaceuticals & Biotechnology,0.1201,-0.494,0.0639,0.1036,-0.0647,0.0713,0.2017,0.6825,0,20.55,-3.17,24.4,12.73,-0.3546,0.0711,0.1341,-0.0608,0.1988,LOW LIQUIDITY
Anupam Rasayan,543275,ANURAS,Chemicals & Petrochemicals,1.4881,1.6629,0.1857,0.4666,0.621,0.1997,0.0622,-0.0972,0.38,94.13,1.52,50.7,27.63,-0.0169,1.0824,0.0332,-0.0159,-0.5878,2084
Anzen IYEP Trust,543655,ANZEN,Power,0.5926,-1.3958,0.795,0.367,-0.6101,0.3072,-0.0027,4.6156,1.32,,0,30.5,13.61,-0.0574,0.0946,-0.0165,0.0092,0.5936,
Apar Inds.,532259,APARINDS,Electrical Equipment,0.2306,0.2982,0.0806,0.1165,0.1497,0.0812,0.2582,0.8361,0.14,37.82,2.53,29.4,19.59,-0.25,1.072,0.195,-0.0733,0.0453,1396
Apcotex Industri,523694,APCOTEXIND,Industrial Products,-0.0409,0.9416,0.1206,0.0178,0.2803,0.0798,0.1708,0.9106,0.23,29.24,1.04,18,13.36,-0.1207,0.3619,0.0999,-0.008,-0.1804,LOW LIQUIDITY
Apeejay Surrend.,544111,PARKHOTELS,Leisure Services,0.1518,-0.4362,0.301,0.0647,0.0815,0.2457,0.0874,0.9292,0.17,31.27,3.84,47,13.67,-0.3533,0.0468,0.0687,-0.007,-0.0128,LOW LIQUIDITY
Apex Frozen Food,540692,APEX,Food Products,0.1946,6.976,0.0478,0.1364,4.5372,0.038,0.057,3.5306,0.08,41.33,0.09,5.3,17.69,-0.2132,0.5391,0.0076,-0.0216,-4.5296,LOW LIQUIDITY
Apis India,506166,,Food Products,0.1967,0.3198,0.1149,0.0446,0.0937,0.0964,0.2205,0.1686,0.3,27.63,2.95,2.3,16.96,0,3.1111,0.158,-0.0422,0.0643,
APL Apollo Tubes,533758,APLAPOLLO,Industrial Products,0.0906,4.6038,0.0859,0.0303,0.4164,0.0687,0.2646,1.1315,0.16,46.97,1.13,296.9,29.29,-0.0842,0.393,0.1895,-0.031,-0.2269,1567
Apollo Hospitals,508869,APOLLOHOSP,Healthcare Services,0.1278,0.2598,0.1493,0.0675,0.1982,0.1183,0.1442,0.8804,0.88,61.97,3.13,163.8,30.82,-0.1109,0.2,0.1842,0.0509,-0.014,494
Apollo Micro Sys,540879,APOLLO,Aerospace & Defense,0.4017,1.0825,0.2629,0.1902,0.4781,0.2447,0.1051,0.0998,0.29,111.41,2.33,294,53.84,-0.2502,1.8751,0.1023,0.0319,-0.3758,
Apollo Pipes,531761,APOLLOPIPE,Industrial Products,-0.0588,-0.6124,0.0669,-0.0408,-0.1825,0.0398,0.0438,0.5122,0.09,52.84,-2.89,7.6,14.13,-0.4121,0.0264,0.0461,0.0461,0.2286,LOW LIQUIDITY
Apollo Sindoori,,APOLSINHOT,Leisure Services,0.1079,0.3919,0.0424,0.0464,0.4747,0.0368,0.118,1.0933,0.54,29.45,0.62,0.6,10.41,-0.3544,0.0797,0.0534,-0.0346,-0.4213,LOW LIQUIDITY
Apollo Tyres,500877,APOLLOTYRE,Auto Components,0.0612,0.2557,0.1494,0.0237,0.0643,0.0839,0.0813,0.8391,0.29,25.67,3.99,137.8,9.94,-0.0477,0.4418,0.0861,-0.0461,0.0218,1882
Aprameya Enginee,,APRAMEYA,Healthcare Equipment & Supplies,3.5458,4.9075,0.2615,0.2421,0.5261,0.2207,0.4534,-0.4273,0.53,24.66,0.47,16.3,17.18,-0.1151,2.7323,0.3678,0.2067,-0.1583,
Aptech,532475,APTECHT,Other Consumer Services,0.0662,0.1294,0.0566,0.0531,0.1169,0.0789,0.1811,0.5484,0.06,27.06,2.32,14.4,12.45,-0.5002,0.0128,0.0763,-0.0551,-0.0406,LOW LIQUIDITY
Aptus Value Hou.,543335,APTUS,Finance,0.2911,0.245,0.8323,0.1417,0.1226,0.8579,1.6591,-0.9265,1.57,16.84,1.37,152.7,12.18,-0.2217,0.0605,0.1858,0.0136,0.0632,529
Archean Chemical,543657,ACI,Chemicals & Petrochemicals,-0.0303,-0.4052,0.2685,0.0695,-0.0224,0.2267,0.1294,0.706,0.15,36.75,-16.38,40.7,19.12,-0.3039,0.2406,0.098,-0.0947,0.1204,1778
ARCL Organics,543993,,Chemicals & Petrochemicals,0.5266,2.3119,0.1325,0.1482,0.5085,0.0984,0.2143,0.2554,0.39,16.31,0.32,2.7,9.6,-0.1274,1.326,0.1725,-0.0162,-0.336,
Arfin India,539151,ARFIN,Non - Ferrous Metals,-0.142,-0.0504,0.0731,-0.0734,-0.224,0.0556,0.0649,-0.6199,0.93,141.89,-6.33,106.4,32.01,-0.0239,1.5893,0.0723,-0.0168,0.2963,LOW LIQUIDITY
Aries Agro,532935,ARIES,Fertilizers & Agrochemicals,0.055,0.0604,0.1867,0.0665,0.1255,0.109,0.154,1.6842,0.21,11.32,0.9,1.7,5.75,-0.2809,0.5339,0.1226,0.0454,-0.0029,LOW LIQUIDITY
Arih.Found.Hsg.,531381,,Realty,0.8182,0.8987,0.2722,0.4039,0.4265,0.3218,0.2145,-1.1119,0.88,19.84,0.47,3.4,15.28,-0.2233,0.8898,0.1647,0.0918,-0.2618,
Arihant Capital,511605,ARIHANTCAP,Capital Markets,-0.254,-0.344,0.4177,-0.1676,-0.2303,0.3673,0.1912,0.3137,0.51,24.26,-1.05,26.3,10.57,-0.1974,0.7153,0.159,-0.0845,0.3893,945
Arihant Super.,506194,ARIHANTSUP,Realty,0.097,-0.3763,0.2443,0.0965,0.1487,0.2474,0.0654,-1.671,2.38,23.16,1.56,17.8,16.44,-0.3962,0.0062,0.1884,-0.1006,0.0397,LOW LIQUIDITY
Arisinfra Solu.,544419,ARISINFRA,Other Construction Materials,0.3837,13.0559,0.0935,0.1154,5.4836,0.0836,0.045,-0.3484,0.08,59.83,0.11,12.4,12.57,-0.3699,0.0197,0.0148,0.1662,-5.4688,1732
Arkade,544261,ARKADE,Realty,0.3075,0.0558,0.2396,0.1406,0.0158,0.2731,0.198,-1.0312,0.18,18.97,12.03,58.3,14.1,-0.2412,0.2463,0.2575,-0.2118,0.2417,936
Arman Financial,531179,ARMANFIN,Finance,-0.1228,-0.4768,0.4271,-0.0763,-1.0209,0.3308,0.0203,1.5949,1.37,,0,1.9,10.41,-0.1845,0.3592,0.0617,-0.2335,1.0826,LOW LIQUIDITY
Arrow Greentech,516064,ARROWGREEN,Industrial Products,-0.0581,-0.1565,0.3398,-0.1162,-0.1829,0.3188,0.3288,0.7913,0.01,15.31,-0.84,5.6,9.47,-0.4327,0.0665,0.3957,0.1334,0.5786,38
Artemis Electri.,542670,,Electrical Equipment,2.9303,3.45,0.2987,0.2645,0.4941,0.1702,0.1593,3.9006,0.02,47.98,0.97,151,33.2,-0.3445,0.3309,0.0926,0.0398,-0.4015,
Artemis Medicare,542919,ARTEMISMED,Healthcare Services,0.1496,0.328,0.1859,0.0745,0.1415,0.1581,0.1102,0.9946,0.31,43.74,3.09,65.3,20.57,-0.2397,0.2811,0.1292,0.015,-0.0123,1016
Artson,522134,,Industrial Manufacturing,1.4664,0.2533,-0.0006,0.4261,0.4253,0.1042,0.2675,1.4019,18.53,130.41,3.07,911,36.16,-0.1921,0.3839,1.2429,1.2429,0.8176,
Arunis Abode,526935,,Commercial Services & Supplies,0,86.6471,0.5437,,-1,,0,2.0263,0,,0,32.6,,0,28.1353,-0.0188,-0.081,0.9812,
Arvind Fashions.,542484,ARVINDFASN,Retailing,0.1134,0.268,0.1321,0.0642,-0.5734,0.0859,0.0242,1.3422,1.22,,0,88.4,11.18,-0.1481,0.5406,-0.0363,-0.1243,0.5371,1850
Arvind Ltd,500101,ARVIND,Textiles & Apparels,0.0835,0.7314,0.1041,0.043,0.2033,0.0803,0.127,1.1143,0.4,21.56,1.06,60.5,10.63,-0.2498,0.2443,0.0932,-0.0041,-0.1101,1682
Arvind SmartSp.,539301,ARVSMART,Realty,-0.4709,-0.6515,0.2102,-0.1371,-0.1015,0.2649,0.3575,-0.4817,0.28,30,-2.96,21.2,17.04,-0.4078,0.0645,0.188,0.1093,0.2895,LOW LIQUIDITY
Aryaman Capital,538716,,Finance,0.487,1.9882,0.5779,0.1177,0.5155,0.4975,0.7246,0.9117,0,17.54,0.34,7.4,13.13,-0.3248,1.3785,0.3869,0.2017,-0.1286,
Aryaman Fin.Serv,530245,,Finance,-0.2365,0.5246,0.6196,0.0567,0.2896,0.5549,0.4536,0.7956,0,21.06,0.73,7,10.88,-0.3636,0.7949,0.313,0.0393,0.0234,
Asahi India Glas,515030,ASAHIINDIA,Auto Components,-0.0056,-0.4077,0.1634,0.0196,-0.1608,0.1202,0.0661,1.2,0.77,93.5,-5.81,184.8,36.05,-0.0206,0.8243,0.1361,-0.0126,0.2969,709
Asahi Songwon,532853,ASAHISONG,Chemicals & Petrochemicals,-0.1462,-0.4141,0.0786,-0.0091,-0.1921,0.0638,0.0718,1.384,0.55,18.62,-0.97,1.4,8.02,-0.48,0.0486,0.0815,0.0918,0.2736,LOW LIQUIDITY
Asarfi Hospital,543943,,Healthcare Services,0.4533,0.4828,0.1987,0.2646,0.3155,0.1633,0.1638,-0.2088,0.54,27.72,0.88,8.6,11.8,-0.1045,1.7147,0.1406,0.0656,-0.1749,
Ashapura Minech.,527001,ASHAPURMIN,Minerals & Mining,0.5767,1.1793,0.1372,0.3614,0.3515,0.1396,0.2268,0.4716,0.86,16.35,0.47,43.6,11.86,-0.0964,1.2616,0.2714,0.0216,-0.0801,515
Ashiana Housing,523716,ASHIANA,Realty,2.0358,4.6477,0.176,0.5309,2.5759,0.1252,0.0883,7.1673,0.44,39.76,0.15,38,25.2,-0.2483,0.201,0.0274,-0.0766,-2.5485,LOW LIQUIDITY
Ashika Credit,543766,,Finance,0,0,0.8176,0,0,-13.9458,-0.0832,6.599,0,,,9.1,-24.62,-0.6396,0.1322,-0.2026,-0.2026,-0.2026,
Ashima,514286,ASHIMASYN,Textiles & Apparels,-0.3068,-2.5189,-0.6776,-0.1337,-0.3768,-0.4206,-0.0302,-2.4606,0.58,,0,23.5,-138.67,-0.5156,0.0977,-0.0575,-0.4171,0.3193,LOW LIQUIDITY
Ashok Leyland,500477,ASHOKLEY,"Agricultural, Commercial & Construction Vehicles",0.1282,0.2363,0.1941,0.0503,0.0924,0.1814,0.2582,0.0152,4.33,28.15,3.05,4393.6,13.81,-0.0261,0.6829,0.2882,0.0047,0.1958,244
Ashoka Buildcon,533271,ASHOKA,Construction,-0.2562,-0.545,0.316,-0.1212,-0.1003,0.2982,0.5511,0.6013,0.47,3.04,-0.3,30.7,1.86,-0.4862,0.0371,0.5478,0.3211,0.6481,21
Asian Energy,530355,ASIANENE,Oil,0.0438,-0.8681,0.0794,0.1279,-0.1083,0.1096,0.1025,-0.5513,0.24,33.39,-3.08,12.7,16.57,-0.3335,0.2967,0.1245,0.0109,0.2328,LOW LIQUIDITY
Asian Granito,532888,ASIANTILES,Consumer Durables,0.0606,1.51,0.09,0.0573,0.153,0.0376,0.0298,2.3566,0.2,46.29,3.03,23.7,14.83,-0.1794,0.6222,0.021,0.0302,-0.132,1626
Asian Hotels (N),500023,ASIANHOTNR,Leisure Services,-0.0151,0.8693,-0.0343,0.0219,-0.4088,0.1578,-0.25,6.7622,3.38,,0,6.6,17.04,-0.2263,0.7482,-0.4098,0.3276,-0.001,LOW LIQUIDITY
Asian Paints,500820,ASIANPAINT,Consumer Durables,0.0628,0.2045,0.1762,0.0139,0.0239,0.1693,0.2636,0.7775,0.18,70.62,29.5,1390.5,41.01,-0.0095,0.3918,0.2059,-0.1085,0.182,1091
Asian Star Co.,531847,,Consumer Durables,0.1612,-0.3861,0.0322,0.0212,-0.1289,0.0258,0.0313,2.5259,0.32,29.45,-2.28,1.1,15.41,-0.1839,0.127,0.0289,-0.0215,0.1578,
ASK Automotive,544022,ASKAUTOLTD,Auto Components,0.082,0.1861,0.1301,0.0303,0.0879,0.1056,0.2154,0.9977,0.53,35.35,4.02,162,20.52,-0.1655,0.4484,0.2663,0.0282,0.1784,191
ASM Technologies,526433,,IT - Software,1.7127,5.6853,0.1969,0.5811,1.1448,0.1922,0.2594,-0.5178,0.18,89.35,0.78,24.5,50.16,-0.2615,2.2846,0.1685,0.2133,-0.9763,
Assoc.Alcohols,507526,ASALCBR,Beverages,-0.0031,-0.0855,0.0946,0.0137,0.0568,0.1105,0.2089,0.641,0.13,21.47,3.78,6,13.53,-0.3519,0.0541,0.1727,0.0439,0.1159,327
Astec Lifescienc,533138,ASTEC,Fertilizers & Agrochemicals,-0.252,0.3664,-0.0907,-0.0082,-0.1669,-0.1546,-0.2215,0.079,0.89,,0,9.8,-160.26,-0.3503,0.3424,-0.4529,-0.3342,-0.286,2229
Aster DM Health.,540975,ASTERDM,Healthcare Services,0.102,0.1383,0.197,0.0451,0.2284,0.1561,0.0936,0.6586,0.46,92.3,4.04,387.2,37.27,-0.1078,0.6917,0.0826,0.0513,-0.1458,1262
Astra Microwave,532493,ASTRAMICRO,Aerospace & Defense,-0.0654,-0.0587,0.223,0.0281,0.0817,0.2557,0.1752,-0.3533,0.24,52.19,6.39,68.7,26.88,-0.2592,0.5164,0.1443,-0.0062,0.0626,1094
Astral,532830,ASTRAL,Industrial Products,0.1511,0.2255,0.1628,0.0317,0.0051,0.1217,0.1751,0.8736,0.07,75.99,150.42,275.3,38.25,-0.2296,0.1694,0.1489,-0.0318,0.1438,1129
Astrazeneca Phar,506820,ASTRAZEN,Pharmaceuticals & Biotechnology,0.3703,0.5126,0.1345,0.1689,0.3199,0.1572,0.4281,0.257,0.04,99.85,3.12,72.2,62.89,-0.1392,0.4606,0.2363,0.0071,-0.0836,733
Ather Energy,544397,ATHERENERG,Automobiles,0.5405,0.2186,-0.1474,0.2659,-0.0588,-0.2321,-0.2649,1.0271,0.16,,0,359.3,-52.49,-0.1491,1.3397,-1.565,-0.0372,-1.5062,2205
Atlanta Electric,544527,ATLANTAELE,Electrical Equipment,0.173,0.1239,0.1751,0,0,0.1556,0.2046,0.4464,0.46,56.4,,67.3,34.12,-0.1875,0.1415,0.408,0.0912,0.408,58
Atlantaa,532759,ATLANTAA,Construction,-0.0983,-11.3136,-1.3509,-0.0323,-0.8006,-0.2665,0.0315,2.5343,1.53,38.9,-0.49,14,18.44,-0.4447,0.4949,0.231,0.231,1.0316,LOW LIQUIDITY
Atmastco Ltd,,ATMASTCO,Construction,-0.1265,-0.1895,0.1853,-0.0607,-0.135,0.1347,0.1868,-0.8031,0.62,24.77,-1.83,7.5,12.15,-0.4284,0.0601,0.1678,-0.0345,0.3028,
Atul,500027,ATUL,Chemicals & Petrochemicals,0.1142,0.3101,0.1724,0.0564,0.1128,0.1308,0.1332,0.8361,0.03,31.27,2.77,8.4,15.55,-0.2614,0.2113,0.091,0.0246,-0.0218,1199
Atul Auto,531795,ATULAUTO,"Agricultural, Commercial & Construction Vehicles",0.102,0.695,0.0925,0.0504,0.2579,0.0581,0.0964,0.9153,0.32,46.13,1.79,7.6,22.23,-0.3522,0.1038,0.0499,0.0282,-0.208,1594
AU Small Finance,540611,AUBANK,Banks,0.1536,-0.0181,0.5283,0.0753,0.0309,0.6852,0.4064,0.5037,7.87,32.6,10.54,291.4,17.58,-0.0189,0.9834,0.1419,0.0114,0.111,652
Aurionpro Sol.,532668,AURIONPRO,IT - Software,0.2853,0.2059,0.2012,0.1318,0.0922,0.191,0.1559,0.6776,0.02,29.25,3.17,20.4,19.74,-0.4387,0.0276,0.153,-0.0442,0.0608,1435
Aurobindo Pharma,524804,AUROPHARMA,Pharmaceuticals & Biotechnology,0.0628,0.038,0.2025,0.0249,-0.0119,0.1674,0.1564,0.7149,0.22,20.77,-17.49,117.8,9.8,-0.1039,0.23,0.1108,-0.0047,0.1227,1129
Aurum Proptech,539289,AURUM,IT - Services,0.2899,0.3466,0.2576,0.0836,-0.1132,-0.0175,-0.0434,-1.8392,0.58,,0,17.8,16.14,-0.3632,0.1677,-0.1461,0.1252,-0.0329,LOW LIQUIDITY
Australian Prem,,APS,Electrical Equipment,0.8388,1.1441,0.1399,0.318,0.3849,0.1317,0.4266,0.449,0.23,15.37,0.4,12.6,10.39,-0.3684,0.1972,0.5782,0.382,0.1933,LOW LIQUIDITY
Authum Invest,539177,AIIL,Finance,-0.4545,-0.0938,0.9665,-0.1539,-0.0543,0.9403,5.5768,0.4099,0.17,11,-2.03,46.3,12.73,-0.2165,0.9616,0.3414,-0.0991,0.3957,525
Auto.Corp.of Goa,505036,,Auto Components,0.5891,0.9946,0.0826,0.1961,0.2674,0.1004,0.2721,0.1553,0.34,18.8,0.7,2.4,13.01,-0.2619,0.9478,0.1972,0.0112,-0.0702,
Autoline Industr,532797,AUTOIND,Auto Components,0.1084,-0.435,0.098,0.027,-0.3459,0.0774,0.0889,1.2086,1.54,23.44,-0.68,8.7,8.13,-0.4193,0.1579,0.1494,-0.0144,0.4953,LOW LIQUIDITY
Automotive Axles,505010,AUTOAXLES,Auto Components,-0.0665,-0.0006,0.1046,-0.0173,0.0204,0.1049,0.2179,0.6063,0.01,17.45,8.56,4.1,11.01,-0.0849,0.1957,0.1658,-0.0366,0.1454,LOW LIQUIDITY
Automotive Stamp,520119,ASAL,Auto Components,0.0744,0.0257,0.0594,-0.0054,-0.0265,0.0393,0.2447,-0.2185,7.18,52.61,-19.87,81.7,18.33,-0.3381,0.2785,23.3235,23.3235,23.35,LOW LIQUIDITY
Autoriders Intl.,512277,,Transport Services,0.1164,-0.1082,0.2675,0.0807,0.0354,0.1508,0.1489,1.3722,0.34,40.31,11.38,2.2,13.38,0,38.3094,0.1999,-0.1373,0.1645,
Avadh Sugar,540649,AVADHSUGAR,Agricultural Food & other Products,0.0572,-8.9398,0.0268,0.017,-0.2773,0.0654,0.0613,0.6954,0.56,11.3,-0.41,1.4,5.57,-0.419,0.0147,0.0824,-0.0511,0.3597,LOW LIQUIDITY
Avalon Tech,543896,AVALON,Electrical Equipment,0.3907,0.4291,0.101,0.2106,0.4579,0.1014,0.1737,0.2538,0.25,68.31,1.49,61.3,36.37,-0.3205,0.4976,0.1035,0.0593,-0.3544,1243
Avantel,532406,AVANTEL,Aerospace & Defense,-0.2842,-0.8135,0.2043,-0.0877,-0.4036,0.2298,0.1517,0.6048,0.09,119.09,-2.95,328.3,59.21,-0.2968,0.6736,0.2812,-0.1058,0.6848,489
Avanti Feeds,512573,AVANTIFEED,Food Products,0.1879,0.3488,0.1204,0.0627,0.2259,0.1464,0.2447,0.8262,0,18.03,0.8,50.5,11.21,-0.1521,0.4304,0.1953,0.0444,-0.0306,497
Avenue Super.,540376,DMART,Retailing,0.1545,0.0386,0.0728,0.0762,0.013,0.0598,0.1585,0.6607,0.07,93.23,71.46,724.3,53.67,-0.2094,0.1727,0.1344,-0.0104,0.1214,1073
Avishkar Infra,508929,,Realty,0,0,,0,0,1.2792,0.1007,-9.4332,1.48,482.09,,259.2,512.03,-0.0295,10.9858,1.4805,1.4805,1.4805,
Avonmore Capital,511589,AVONMORE,Finance,-0.3199,-0.746,0.1993,-0.0848,-0.5148,0.1955,0.1396,-0.1376,0.07,34.19,-0.66,35.8,13.16,-0.4287,0.2195,0.0859,0.0431,0.6007,LOW LIQUIDITY
AVP Infracon,,AVPINFRA,Construction,1.0139,0.8158,0.2167,0.3568,0.3145,0.1997,0.4203,-0.1701,1.14,7.5,0.24,5.1,5.83,-0.5055,0.1034,0.302,-0.0079,-0.0125,
AVT Natural Prod,519105,AVTNPL,Agricultural Food & other Products,0.3158,1.1062,0.0927,0.1194,0.2719,0.1416,0.1516,-0.4474,0.19,16.62,0.61,29.7,10.71,-0.2024,0.3124,0.0989,-0.0195,-0.173,LOW LIQUIDITY
AWFIS Space,544181,AWFIS,Commercial Services & Supplies,0.2547,0.0894,0.3607,0.1254,0.0766,0.1644,0.0383,1.9669,2.91,68.51,8.94,50.4,8.73,-0.3917,0.0138,0.2607,0.2607,0.1841,118
AWL Agri Busine.,543458,AWL,Agricultural Food & other Products,0.2174,-0.2132,0.0391,0.0952,-0.1197,0.0306,0.1427,0.9229,0.11,29.95,-2.5,425.2,12.49,-0.2605,0.0764,0.1386,0.1194,0.2583,221
Axis Bank,532215,AXISBANK,Banks,0.0224,-0.2531,0.5573,0.0149,-0.0739,0.8273,0.3914,0.4118,7.28,15.28,-2.07,621.7,16.61,-0.0184,0.3712,0.163,-0.021,0.2369,718
Axis Solution,511144,,IT - Software,0.1571,-0.4265,0.1349,0.0554,-0.3337,0.1261,0.1787,-0.5545,0.4,14.41,-0.43,13,13.56,0,3.7413,0.3984,-0.3687,0.7321,
AXISCADES Tech.,532395,AXISCADES,Aerospace & Defense,0.1297,0.8387,0.1574,0.0529,0.1795,0.1307,0.1434,0.7038,0.37,61.82,3.44,35,32.49,-0.2447,1.7709,0.1267,0.0556,-0.0528,853
Axita Cotton,542285,AXITA,Textiles & Apparels,0.0114,-0.6122,-0.0032,0.0027,-5,-0.0031,-0.0534,32.9485,0.03,,0,202.3,-355.43,-0.1616,0.3116,0,0,5,LOW LIQUIDITY
Axtel Industries,523850,,Industrial Manufacturing,0.2059,0.7153,0.1957,-0.0335,0.1774,0.1487,0.2053,1.3416,0,38,2.14,9.9,24.76,-0.1429,0.2723,0.1445,-0.1499,-0.0329,
AYM Syntex,508933,AYMSYNTEX,Textiles & Apparels,-0.1347,-1.099,0.0556,-0.0504,-0.8824,0.0268,0.0076,1.6927,0.41,615.91,-6.98,9.4,11.14,-0.5218,0.0193,0.0253,0.0115,0.9077,LOW LIQUIDITY
Azad Engineering,544061,AZAD,Electrical Equipment,0.2806,0.5662,0.3602,0.1487,0.2799,0.3513,0.1044,0.4369,0.2,93.22,3.33,46.1,47.98,-0.1528,0.449,0.0858,-0.045,-0.1941,2029
Azad India,504731,,Industrial Products,0,0.7692,0.0025,3.0454,3.25,0.0052,0.0013,340.2667,0.01,4675.72,14.39,33.7,2118.94,-0.1742,0.6801,0.0008,0.0008,-3.2492,
B H E L,500103,BHEL,Electrical Equipment,0.1409,2.5317,0.0773,0.0328,0.0738,0.0525,0.0324,1.3427,0.45,171.94,23.29,1370.6,53.76,-0.066,0.5668,0.0212,0.0099,-0.0526,1686
B P C L,500547,BPCL,Petroleum Products,0.021,1.683,0.093,0.0037,0.5838,0.0729,0.2717,1.0706,0.56,7.18,0.12,713.7,4.86,-0.0671,0.5213,0.1731,-0.2452,-0.4107,1976
B-Right Real,543543,,Realty,0.3414,5.1379,0.3481,0.1341,1.1171,0.2321,0.0609,-1.574,1.07,98.85,0.88,3.3,20.45,-0.001,0.9912,0.0158,-0.0018,-1.1013,
B.L.Kashyap,532719,BLKASHYAP,Construction,0.3287,-1.919,0.0576,0.0641,-1.1775,0.0513,0.0085,1.1495,0.59,,0,46.8,17.97,-0.429,0.1323,0.02,-0.0886,1.1975,LOW LIQUIDITY
B.R.Goyal Infra.,544335,,Construction,0.6073,1.6398,0.0803,0.362,0.3502,0.0729,0.1811,-0.8572,0.31,9.22,0.26,3,6.1,-0.261,0.3768,0.1408,-0.0429,-0.2094,
B&B Triplewall,543668,BBTCL,Industrial Products,0.2143,19.3043,0.1469,0.1461,-0.6474,0.0355,-0.0032,2.3316,1.87,,0,6.9,9.66,-0.2205,0.6627,-0.0479,-0.1985,0.5995,LOW LIQUIDITY
Baazar Style,544243,STYLEBAAZA,Retailing,0.71,2.1474,0.13,0.2403,0.659,0.077,0.0562,0.5195,1.91,58.08,0.88,34.3,11.23,-0.2802,0.5588,0.0705,-0.0412,-0.5885,2105
Bafna Pharma.,532989,BAFNAPH,Pharmaceuticals & Biotechnology,-0.1203,0.1908,0.1207,-0.0241,0.6593,0.097,0.0944,2.433,0.36,31.59,0.48,8.7,19.77,-0.2916,1.1414,0.0769,-0.0175,-0.5824,LOW LIQUIDITY
Baheti Recycling,,BAHETI,Industrial Products,0.2253,0.3205,0.0674,0.1115,0.1287,0.0754,0.3338,-0.5772,2.97,28.68,2.23,8.8,17.24,-0.1376,0.7083,0.3563,0.167,0.2276,
Bajaj Auto,532977,BAJAJ-AUTO,Automobiles,0.1878,0.5317,0.1798,0.0723,0.1405,0.2212,4.7752,-0.1328,0.58,30.44,2.17,207.3,21.61,-0.0427,0.2817,0.2277,-0.0371,0.0872,987
Bajaj Consumer,533229,BAJAJCON,Personal Products,0.1337,0.3278,0.1803,0.0539,0.1013,0.1642,0.2536,0.4291,0.03,26.04,2.57,72,19.68,-0.1218,0.805,0.157,-0.0314,0.0557,1328
Bajaj Electrical,500031,BAJAJELEC,Consumer Durables,-0.01,-0.2357,0.0516,-0.0206,-0.1804,0.0394,0.0857,1.6486,0.13,59.83,-3.32,37.2,16.61,-0.447,0.0045,0.0712,-0.0058,0.2516,1098
Bajaj Finance,500034,BAJFINANCE,Finance,0.1806,0.2189,0.6875,0.093,0.0982,0.6727,1.5725,-1.4468,3.85,35.03,3.57,3865.5,19.65,-0.0666,0.5393,0.1922,-0.0285,0.094,1010
Bajaj Finserv,532978,BAJAJFINSV,Finance,0.1098,0.0753,0.3757,0.0572,0.0895,0.3691,0.6171,-1.2841,5.13,33.84,3.78,684.3,13.22,-0.0664,0.3207,0.1339,-0.0189,0.0444,1356
Bajaj Healthcare,539872,BAJAJHCARE,Pharmaceuticals & Biotechnology,0.1114,0.4928,0.1822,0.0579,0.2856,0.1328,0.1151,0.2906,0.49,26.12,0.91,8.7,15.11,-0.4306,0.1276,0.1069,0.2292,-0.1787,977
Bajaj Hindusthan,500032,BAJAJHIND,Agricultural Food & other Products,-0.0021,-0.3963,-0.0466,-0.0251,5.946,-0.0031,-0.0328,3.0293,0.87,,0,85,29.17,-0.4412,0.1988,-0.0054,0.0136,-5.9514,2042
Bajaj Holdings,500490,BAJAJHLDNG,Finance,0.4221,0.0854,0.8905,0.3434,0.1005,7.7826,-60.063,-0.2936,0,17.43,1.73,20.3,15.8,-0.2525,0.0852,0.1101,-0.0376,0.0096,1739
Bajaj Housing,544252,BAJAJHFL,Finance,0.143,0.1784,0.9083,0.0785,0.0905,0.9057,-587.0772,-1.9505,4.44,33.96,3.75,3154.3,18.53,-0.3479,0.0149,0.1346,-0.0177,0.0441,1349
Bajaj Steel Inds,507944,,Industrial Manufacturing,0.1472,0.2209,0.1821,-0.0186,-0.0599,0.148,0.1951,0.5804,0.12,18.12,-3.03,5.5,10.36,-0.4597,0.1668,0.1787,-0.0177,0.2386,
Bajel Projects,544042,BAJEL,Electrical Equipment,-0.0733,-0.0164,0.0334,0.0181,-0.1679,0.032,0.0598,0.8233,0.16,155.37,-9.26,32.7,18.77,-0.4411,0.1865,0.025,0.025,0.1929,LOW LIQUIDITY
Balaji Amines,530999,BALAMINES,Chemicals & Petrochemicals,-0.0182,-0.1567,0.1757,-0.0176,-0.0741,0.1457,0.0941,1.1779,0.02,25.19,-3.4,6.3,13.97,-0.4641,0.0461,0.0883,-0.0366,0.1624,1516
Balaji Telefilms,532382,BALAJITELE,Entertainment,-0.662,-1.8551,-0.143,-0.3795,-0.1685,-0.1276,0.1605,-6.5481,0.04,18.76,-1.11,24.7,-47.11,-0.2106,1.2758,0.158,0.1114,0.3265,LOW LIQUIDITY
Balgopal Commer.,539834,,Commercial Services & Supplies,-1,-1.0127,,-0.6786,-1.5805,-17.1667,-0.1229,-1.0974,0.16,,0,12.3,-124.68,-0.2746,2.3662,0.1254,0.1254,1.7059,
Balkrishna Inds,502355,BALKRISIND,Auto Components,-0.0109,-0.2126,0.2136,0.0018,-0.0913,0.1878,0.2006,0.8263,0.35,33.7,-3.69,86.1,18.58,-0.1796,0.117,0.1578,-0.0018,0.2491,517
Balmer Law. Inv.,532485,,Finance,-0.005,-0.0887,0.1099,0.0081,0.0043,0.15,0.1433,0.4372,0.17,9.38,21.64,26.3,3.31,-0.2429,0.2088,0.1315,0.0007,0.1272,
Balmer Lawrie,523319,BALMLAWRIE,Diversified,-0.0054,-0.0955,0.1062,0.02,0.0014,0.1229,0.2102,0.5197,0.12,11.8,82.2,27.5,8.18,-0.2576,0.2457,0.1397,0.0029,0.1383,LOW LIQUIDITY
Balrampur Chini,500038,BALRAMCHIN,Agricultural Food & other Products,0.2872,-0.1978,0.0721,0.0911,0.0268,0.1081,0.1384,0.7073,0.2,22.01,8.22,45.9,11.89,-0.2961,0.0545,0.1096,-0.0281,0.0828,1526
Balu Forge,531112,BALUFORGE,Industrial Products,0.3438,0.355,0.2765,0.1456,0.1958,0.2938,0.2451,0.5596,0.07,28.83,1.47,64.2,22.35,-0.2909,0.4362,0.2538,0.0047,0.058,486
Banco Products,500039,BANCOINDIA,Auto Components,0.1601,0.0014,0.1438,0.0963,0.1425,0.1691,0.2943,0.3031,0.45,23.9,1.68,90.5,15.66,-0.1792,1.4649,0.3218,0.0532,0.1793,138
Bandhan Bank,541153,BANDHANBNK,Banks,-0.0265,-0.8807,0.4439,-0.0094,-0.5526,0.5732,0.1515,0.1955,6.76,19.16,-0.35,154.2,14.8,-0.2409,0.1402,0.1188,0.0106,0.6714,314
Banganga Paper,512025,,Commercial Services & Supplies,0.4289,0.3077,0.0373,0.4889,0.3723,0.054,0.1585,-0.6762,0.48,237.91,6.39,448,99.38,-0.4324,0.3484,0.2366,0.2366,-0.1357,
Bank of Baroda,532134,BANKBARODA,Banks,0.0444,-0.0414,0.6534,0.0284,-0.0697,0.8104,0.2312,0.3297,10.53,7.75,-1.11,485,16.6,-0.0518,0.5113,0.1553,-0.0116,0.225,688
Bank of India,532149,BANKINDIA,Banks,0.0604,0.0642,0.7382,0.0347,0.0722,0.8493,0.1506,0.3133,11.67,6.43,0.89,351.1,15.99,-0.0654,0.5724,0.1235,0.0237,0.0513,811
Bank of Maha,532525,MAHABANK,Banks,0.1846,0.252,0.6809,0.0918,0.0984,0.7768,0.3291,0.4053,10.66,7.2,0.73,1073.5,17.07,-0.0749,0.4944,0.2281,-0.0002,0.1297,481
Bannari Amm.Sug.,500041,BANARISUG,Agricultural Food & other Products,0.2067,0.246,0.1311,0.0628,0.165,0.1041,0.079,2.4131,0.01,37.16,2.25,3.1,17.5,-0.2298,0.2001,0.0604,-0.0332,-0.1046,LOW LIQUIDITY
Bansal Wire Inds,544209,BANSALWIRE,Industrial Products,0.2786,-0.0343,0.0727,0.1004,0.0529,0.0668,0.1322,-0.6081,0.44,33.28,6.29,59,18.64,-0.357,0.0841,0.1711,-0.0313,0.1182,LOW LIQUIDITY
Banswara Syntex,503722,BANSWRAS,Textiles & Apparels,0.0061,0.4104,0.0873,0.0287,-0.0087,0.0555,0.0392,1.0973,0.9,18.76,-21.63,2.5,7.21,-0.3313,0.0906,0.04,-0.0274,0.0487,LOW LIQUIDITY
Bartronics India,532694,ASMS,IT - Services,0.4011,3,0.0565,-0.0297,3.84,0.001,-0.8776,-6.4615,0.01,287.69,0.75,358.9,4335.88,-0.5396,0.0098,0.0091,-0.0726,-3.8309,LOW LIQUIDITY
BASF India,500042,BASF,Chemicals & Petrochemicals,-0.0809,-0.2102,0.0393,-0.0369,-0.1854,0.0367,0.1548,0.6002,0.04,45.65,-2.46,19.9,25.2,-0.3171,0.0096,0.1373,-0.0525,0.3227,1047
Basilic Fly Stud,,BASILIC,Entertainment,1.4914,1.0676,0.1982,0.3729,0.3037,0.1892,0.1792,0.159,0.21,15.92,0.52,6.8,9.1,-0.3502,0.4844,0.2479,-0.2242,-0.0558,
Bata India,500043,BATAINDIA,Consumer Durables,-0.0428,-0.6366,0.1809,-0.0111,-0.2306,0.1122,0.1079,1.6509,0.9,66.35,-2.88,104,16.63,-0.3507,0.0036,0.1559,-0.0417,0.3865,770
Batliboi,522004,,Industrial Manufacturing,0.1605,0.0124,0.0748,-0.0191,-0.38,0.043,0.0489,0.098,0.4,68.91,-1.81,11.6,27.23,-0.2471,0.576,0.0684,-0.0215,0.4484,
Bayer Crop Sci.,506285,BAYERCROP,Fertilizers & Agrochemicals,-0.106,0.1203,0.1322,0.018,0.0702,0.1356,0.2441,0.3611,0.03,33.26,4.74,29.1,23.26,-0.311,0.0684,0.1996,-0.0674,0.1294,1141
BCL Industries,524332,BCLIND,Beverages,-0.0414,0.0452,0.0971,0.0449,0.1038,0.0603,0.119,0.379,0.78,9.2,0.89,33.1,6.56,-0.434,0.0406,0.1299,-0.0302,0.0261,LOW LIQUIDITY
Bedmutha Indus.,533270,BEDMUTHA,Industrial Products,0.4462,-1.0877,0.0392,0.1722,-1.0021,0.0307,-0.0001,1.821,1.52,,0,7.5,8.96,-0.5717,0.0123,0.1801,-0.0054,1.1822,LOW LIQUIDITY
Beekay Steel Ind,539018,,Industrial Products,0.1608,-0.645,0.0775,0.0684,0.113,0.0889,0.0744,1.5649,0.28,11.31,1,1.4,7.6,-0.4508,0.0044,0.0633,-0.0459,-0.0497,
Bella Casa Fashi,539399,BELLACASA,Textiles & Apparels,0.1799,0.3905,0.0828,0.1013,0.2008,0.0776,0.1389,0.4453,0.5,28.43,1.42,4.6,17.07,-0.3706,0.1527,0.1347,0.009,-0.0661,LOW LIQUIDITY
Belrise Industri,544405,BELRISE,Auto Components,0.1377,0.8154,0.1258,0.0924,0.2827,0.0957,0.1049,0.9362,0.29,31.94,1.13,260.3,12.88,-0.0546,0.8314,0.1409,0.0042,-0.1418,1268
Bemco Hydraulics,522650,,Industrial Manufacturing,-0.1025,0.1585,0.2597,-0.0507,0.1277,0.2196,0.2479,0.6768,0.21,29.84,2.34,24.4,19.2,-0.4909,0.5815,0.1989,0.0473,0.0712,
BEML Land Assets,543898,BLAL,Finance,0,0.3117,,,0.1013,,-0.4219,-0.3154,,,0,-1608,-275.96,-0.2233,0.1119,-1.2584,-0.7044,-1.3597,LOW LIQUIDITY
BEML Ltd,500048,BEML,"Agricultural, Commercial & Construction Vehicles",-0.0241,-0.0588,0.0872,-0.0052,0.0181,0.1134,0.1073,0.4021,0.24,49.66,27.44,43.7,28.87,-0.2758,0.5047,0.1046,-0.006,0.0865,1288
Benares Hotels,509438,,Leisure Services,-0.0233,-0.1556,0.3448,0.0106,0.0005,0.4285,0.3215,0.7157,0.02,27.96,604.63,0.9,17.48,-0.2556,0.1632,0.2829,-0.0283,0.2824,
Bengal & Assam,533095,,Finance,0.089,0.7169,0.2975,0.0176,0.1314,0.2292,0.8826,0.6906,0.05,10.28,0.78,0.9,15.38,-0.2512,0.1798,0.0764,-0.1463,-0.055,
Berger Paints,509480,BERGEPAINT,Consumer Durables,0.0191,-0.235,0.1246,0.0141,-0.0538,0.1317,0.2264,0.7854,0.11,58.66,-10.9,1204,34.07,-0.0807,0.2705,0.2026,-0.0328,0.2564,637
Best Agrolife,539660,BESTAGRO,Fertilizers & Agrochemicals,-0.3078,-0.5887,0.15,-0.2027,-0.8169,0.0563,0.0403,1.4088,0.54,72.97,-0.89,2.7,10.44,-0.4099,0.6195,0.0995,-0.0814,0.9164,1149
Beta Drugs Ltd,,BETA,Pharmaceuticals & Biotechnology,0.1292,-0.0213,0.2014,0.0642,-0.0116,0.1892,0.1716,0.5274,0.66,37.28,-32.21,7.7,19.5,-0.237,0.1692,0.2586,-0.0017,0.2702,271
BF Investment,533303,BFINVEST,Finance,0.0414,0.1091,0.8599,0.0282,-0.6309,1.6827,0.2235,0.0703,0,19.61,-0.31,0.9,10.56,-0.4455,0.0658,0.0339,-0.0457,0.6648,LOW LIQUIDITY
BF Utilities,532430,BFUTILITIE,Transport Infrastructure,-0.1065,2.8454,0.2095,-0.0339,-0.521,0.6552,0.5107,-1.1009,0.06,303.69,-5.83,50.9,184.45,-0.4334,0.07,0.1023,0.0318,0.6233,LOW LIQUIDITY
BGR Energy Sys.,532930,BGRENERGY,Construction,0.0086,0.6686,-0.6783,-0.1867,0.0259,-1.2066,-0.5056,5.0223,,,0,-11.1,-16.06,-0.1628,8.691,0,0,-0.0259,1855
Bhageria Indust.,530803,BHAGERIA,Chemicals & Petrochemicals,0.5831,0.8,0.1131,0.2022,0.4856,0.1013,0.123,1.0474,0.13,15.37,0.32,6,8.08,-0.268,0.3627,0.0635,0.0274,-0.4221,1626
Bhagiradha Chem.,531719,BHAGCHEM,Fertilizers & Agrochemicals,0.3506,0.011,0.1075,0.1107,-0.1205,0.0595,0.024,-1.6316,0.27,249.22,-20.68,57.1,72.77,-0.3559,0.0299,0.0253,-0.0248,0.1458,LOW LIQUIDITY
Bhagyanagar Ind,512296,BHAGYANGR,Non - Ferrous Metals,0.4224,2.0214,0.0434,0.1776,1.3981,0.0326,0.1126,-4.4616,1.63,15.42,0.11,6,11.29,-0.2226,1.0714,0.057,-0.0066,-1.3411,2037
Bhansali Engg.,500052,BEPL,Chemicals & Petrochemicals,-0.114,-0.1269,0.151,-0.0529,-0.0737,0.1719,0.2199,0.4459,0,13.53,-1.84,54,9.11,-0.4249,0.0076,0.187,0.0068,0.2607,LOW LIQUIDITY
Bharat Bijlee,503960,BBL,Electrical Equipment,0.2014,0.5024,0.0735,0.0891,0.1037,0.1011,0.3028,0.8992,0.09,22.18,2.14,1.7,13.85,-0.2976,0.2279,0.07,-0.0099,-0.0337,LOW LIQUIDITY
Bharat Dynamics,541143,BDL,Aerospace & Defense,1.1055,0.7619,0.1635,0.197,0.1901,0.2211,0.1144,0.2223,0,85.56,4.5,486.5,53.98,-0.2712,0.6847,0.1438,-0.0352,-0.0463,LOW LIQUIDITY
Bharat Electron,500049,BEL,Aerospace & Defense,0.2578,0.1788,0.2939,0.0582,0.0738,0.3033,0.3575,0.0828,0,52.23,7.08,10083.7,35.62,-0.0662,0.6954,0.2922,0.0295,0.2184,151
Bharat Forge,500493,BHARATFORG,Auto Components,0.0931,0.2283,0.1796,0.0097,0.1364,0.1304,0.1649,0.9503,0.71,61.62,4.52,340.2,24.98,-0.0455,0.517,0.1158,-0.017,-0.0206,1609
Bharat Global,521238,,IT - Hardware,-0.9715,-0.9832,0.0422,-0.3654,-0.6893,0.0157,0.0356,-7.2417,0.42,298.09,-4.32,78.3,227.15,-0.893,1.0633,0.11,0.0444,0.7993,
Bharat Parenter.,541096,,Pharmaceuticals & Biotechnology,-0.0979,0.0347,0.0128,0.0484,-0.5656,-0.0126,0.0086,1.3611,0.39,,0,1.7,30.61,-0.3508,0.4489,-0.0471,-0.1238,0.5185,
Bharat Rasayan,590021,BHARATRAS,Fertilizers & Agrochemicals,-0.1278,-0.3484,0.1156,0.0475,0.1978,0.1554,0.1572,1.0649,0.08,30.98,1.57,1.5,19.94,-0.1451,0.1777,0.1109,0.0286,-0.0869,1140
Bharat Seats,523229,BHARATSE,Auto Components,0.5777,0.3944,0.0494,0.2298,0.1675,0.0384,0.1633,1.8253,0.64,29.57,1.77,34.2,13.71,-0.2506,1.9381,0.1804,0.0214,0.0129,LOW LIQUIDITY
Bharat Wire,539799,BHARATWIRE,Industrial Products,0.0815,0.1739,0.2335,0.0332,0.0123,0.1757,0.0819,0.6666,0.13,16.02,13.03,10.4,9.38,-0.3093,0.4054,0.2291,-0.1938,0.2168,1049
Bharti Airtel,532454,BHARTIARTL,Telecom - Services,0.2573,0.6511,0.5669,0.125,0.42,0.3258,0.1278,2.1191,1.77,39.18,0.93,6107.8,12.83,-0.0326,0.349,0.2318,0.0842,-0.1882,475
Bharti Hexacom,544162,BHARTIHEXA,Telecom - Services,0.1047,0.6642,0.5213,0.0669,0.2073,0.301,0.2168,2.0189,1.06,54.95,2.65,706.1,19.38,-0.1403,0.4407,0.2515,0.1113,0.0442,233
Bhartiya Intl.,526666,BIL,Consumer Durables,0.3497,0.293,0.0887,0.1498,0.8374,0.0756,0.0876,0.5458,1.04,37.22,0.44,3,12.87,-0.1843,0.8158,0.0375,0.0369,-0.7999,1759
Bhatia Colour,543497,,Chemicals & Petrochemicals,0.2153,0.5415,0.0711,0.1113,0.3046,0.0613,0.0631,-0.9705,0.09,106.86,3.51,7.1,57.69,-0.1493,0.8055,0.0517,-0.0053,-0.2529,
Bhatia Communic.,540956,,Retailing,0.2518,0.0191,0.0417,0.0767,-0.0007,0.0433,0.173,0.2576,0.34,25.27,-349.48,43.5,16.12,-0.2201,0.2656,0.1788,-0.0122,0.1795,
BIGBLOC Const.,540061,BIGBLOC,Cement & Cement Products,0.3031,-1.5587,0.0281,0.092,-1.1281,0.0191,0.0074,0.6641,1.51,,0,99.5,52.94,-0.4508,0.3701,0.0802,-0.2644,1.2083,LOW LIQUIDITY
Bikaji Foods,543653,BIKAJI,Food Products,0.1513,0.1972,0.1544,0.0713,0.0726,0.1077,0.1817,0.6885,0.21,82.61,11.38,298.3,45.31,-0.1755,0.37,0.1548,-0.09,0.0822,1562
Billionbrains,544603,GROWW,Capital Markets,-0.0948,0.1218,0.5923,0,0,0.6171,0.7123,-0.3839,0.05,47.87,,,33.83,-0.2504,0.2979,0.4992,0.2334,0.4992,30
Biocon,532523,BIOCON,Pharmaceuticals & Biotechnology,0.1964,4.8623,0.1945,0.0796,-0.5192,0.1134,0.0162,1.484,0.62,109.38,-2.11,258.9,17.45,-0.0861,0.3355,0.0476,-0.0049,0.5668,919
Birla Cable,500060,BIRLACABLE,Telecom - Equipment & Accessories,-0.0311,-0.655,0.0409,0.0074,0.006,0.0275,0.027,5.5809,0.41,84.82,141.37,4.7,15.48,-0.4156,0.1374,0.0198,-0.0491,0.0138,LOW LIQUIDITY
Birla Corpn.,500335,BIRLACORPN,Cement & Cement Products,0.1301,4.5919,0.1382,0.0562,0.6092,0.1037,0.0664,2.236,0.45,15.8,0.26,9,7.35,-0.2959,0.2001,0.0479,-0.018,-0.5613,2070
Birla Precision,522105,,Industrial Manufacturing,0.1096,1.5075,0.1266,0.0859,0.8033,0.0936,0.0903,0.54,0.27,29.04,0.36,12.1,13.21,-0.3593,0.4312,0.0385,-0.0375,-0.7648,
BirlaNu Ltd,509675,BIRLANU,Consumer Durables,0.0461,0.2556,-0.012,-0.0052,0.169,-0.0135,-0.0565,-1.5123,0.88,,0,0.8,22.44,-0.3907,0.0035,-0.0725,-0.0989,-0.2415,LOW LIQUIDITY
Birlasoft Ltd,532400,BSOFT,IT - Software,-0.0287,-0.0895,0.1612,-0.0152,-0.092,0.1362,0.2071,0.8287,0.04,26.32,-2.86,91.4,14.72,-0.3018,0.3203,0.1559,-0.0689,0.2479,1101
Bizotic Commer.,543926,,Textiles & Apparels,0.3958,5.2074,0.1576,0.1767,1.5245,0.1121,0.2832,0.8068,0.13,73.65,0.48,9.6,50.42,0,13.16,0.0761,-0.0214,-1.4484,
Black Box,500463,BBOX,IT - Services,0.0583,-0.0368,0.0901,0.0085,-0.009,0.0717,0.1515,-0.2035,1.15,33.49,-37.33,171,18.06,-0.2543,0.6637,0.4423,0.0172,0.4513,98
Black Rose Indus,514183,,Chemicals & Petrochemicals,-0.0975,-0.0453,0.0859,-0.1988,-0.0355,0.0925,0.1713,-0.4212,0.05,24.7,-6.95,16.5,15.46,-0.2852,0.1333,0.1417,-0.0145,0.1772,
Blackbuck,544288,BLACKBUCK,Transport Services,0.5228,1.5399,0.2498,0.2385,0.045,0.3094,0.5057,0.9307,0.01,31.38,6.97,164.8,55.71,-0.1152,1.0665,0.473,1.0673,0.428,31
Bliss GVS Pharma,506197,BLISSGVS,Pharmaceuticals & Biotechnology,0.1227,0.1232,0.1299,0.0624,0.3005,0.2033,0.1463,0.7918,0.05,16.1,0.54,16.5,7.84,-0.1262,0.5885,0.0836,-0.0183,-0.2169,1923
BLS E-Services,544107,BLSE,IT - Services,2.496,0.0783,0.0742,0.6955,0.1182,0.1035,0.15,0.8759,0.01,33.5,2.83,34,16.99,-0.1089,0.5811,0.1104,-0.0057,-0.0078,1483
BLS Internat.,540073,BLS,Leisure Services,0.4881,0.2677,0.2888,0.2095,0.1944,0.2799,0.2491,1.2806,0.19,22.68,1.17,264,15.38,-0.3652,0.1971,0.3431,0.0322,0.1487,176
Blue Cloud Soft.,539607,,IT - Software,0.075,0.3586,0.0941,-0.0095,0.1803,0.0932,0.3486,-0.1875,0.55,17.43,0.97,251.6,12.68,-0.7135,0.3967,0.4447,0.4447,0.2644,
Blue Dart Expres,526612,BLUEDART,Transport Services,0.0696,0.295,0.1626,0.035,0.1242,0.0754,0.1664,1.7985,0.66,49.81,4.01,19.3,15.06,-0.2946,0.0423,0.1619,-0.0655,0.0377,1550
Blue Jet Health,544009,BLUEJET,Pharmaceuticals & Biotechnology,-0.2054,-0.1064,0.3321,0.1447,0.178,0.4043,0.3876,0.1149,0.02,27.32,1.53,133,18.97,-0.4604,0.1284,0.3024,0.0781,0.1244,164
Blue Pearl Agri,514440,,Chemicals & Petrochemicals,0.6676,-0.2222,0.0297,0.3003,-0.0938,0.0148,0.0112,-76.9103,0,10201.96,-1088.21,5858.6,8701.19,-0.1432,7.2245,0.0212,0.0212,0.115,
Blue Star,500067,BLUESTARCO,Consumer Durables,0.0643,0.0293,0.0753,0.022,-0.0826,0.0631,0.2385,0.8332,0.33,67.28,-8.15,238.7,39.94,-0.2759,0.1521,0.2062,-0.0058,0.2888,355
Bluestone Jewel,544484,BLUESTONE,Consumer Durables,0.3743,0.4186,0.0833,0,0,-0.0074,-0.1006,50.8287,1.12,,,74.5,70.91,-0.3095,0.0776,-0.3581,0.7144,-0.3581,1691
Bluspring Enter.,544414,BLUSPRING,Commercial Services & Supplies,0.113,0.362,0.0202,-0.0679,-0.1497,0.0044,0.0048,-0.5935,0.35,,0,21.9,19.82,-0.3233,0.018,-0.0512,-0.0512,0.0985,LOW LIQUIDITY
BMW Industries,542669,,Industrial Products,-0.0345,-0.1451,0.2575,0.0116,0.0156,0.1596,0.0932,1.279,0.26,13.56,8.72,25.3,7.62,-0.3987,0.0178,0.0928,-0.004,0.0772,
BMW Ventures,544543,BMWVENTLTD,Metals & Minerals Trading,0.0618,0.1232,0.0398,0,0,0.0404,0.098,0.6034,1.07,15.73,,,8.5,-0.2398,0.0919,0.1654,-0.0091,0.1654,LOW LIQUIDITY
BN Agrochem,526125,,Commercial Services & Supplies,0,4.1494,0.0059,1.4021,0.118,0.0829,0.7125,-0.4169,0.2,54.96,4.66,81.5,62.96,-0.0987,2.6394,0.2605,0.3493,0.1425,
Bodal Chemicals,524370,BODALCHEM,Chemicals & Petrochemicals,0.1209,26.0833,0.0479,0.0482,0.3214,0.0664,0.0253,1.032,0.77,18.05,0.56,7.4,7.83,-0.36,0.0516,0.0251,0.0138,-0.2963,LOW LIQUIDITY
Bombay Burmah,501425,BBTC,Food Products,0.0382,-0.0485,0.1894,0.0306,-0.0087,0.1751,0.4755,0.7065,0.39,11.6,-13.41,14.4,3.95,-0.2538,0.2209,0.2194,0.0665,0.2281,145
Bombay Dyeing,500020,BOMDYEING,Textiles & Apparels,-0.0473,1.0686,-0.035,-0.0568,1.054,0.0563,0.0601,-0.3104,0,47.59,0.45,24.8,23.57,-0.3915,0.1713,0.0137,0.9591,-1.0403,1618
Bombay Oxygen,509470,,Finance,-1.2378,-1.2829,1.0737,-1.4735,-1.5123,1.1202,-1.0822,-0.1419,0,,0,0,-33.17,-0.287,0.1917,0.0362,-0.1086,1.5485,
Bombay Super Hyb,,BSHSL,Agricultural Food & other Products,-0.0482,0.0821,0.1546,-0.0122,0.0524,0.1015,0.2385,-0.9105,0.25,39.58,7.56,96.4,30.29,-0.4189,0.0296,0.2881,-0.0421,0.2357,LOW LIQUIDITY
Bondada Engineer,543971,,Telecom - Services,1.5316,1.4765,0.1176,0.4684,0.5064,0.1155,0.3863,-0.8903,0.41,24.86,0.49,79.8,15.64,-0.4854,0.122,0.3624,-0.0093,-0.144,
Borana Weaves,544404,BORANA,Textiles & Apparels,0.3487,0.9774,0.2269,0.1497,0.2537,0.1988,0.3187,0.4122,0.18,14.71,0.58,8.2,9.92,-0.1253,0.3436,0.6033,-0.0537,0.3496,390
Borosil,543212,BOROLTD,Consumer Durables,0.2233,0.2396,0.1419,0.0836,0.3415,0.1067,0.1299,-0.1882,0.09,41.95,1.23,51.2,17.59,-0.3795,0.0998,0.0932,-0.0274,-0.2483,LOW LIQUIDITY
Borosil Renew.,502219,BORORENEW,Industrial Products,0.0155,3.9502,0.3126,-0.0108,-0.7765,0.0698,0.0345,-1.6654,0.23,,0,118.4,36.39,-0.2134,0.2847,-0.089,-0.0031,0.6875,1205
Borosil Scienti.,544184,BOROSCI,Industrial Products,0.0381,-0.6712,0.0751,-0.0009,-0.324,0.0692,0.0679,2.8626,0.02,60.13,-1.86,24,22.24,-0.3536,0.1488,0.0687,0.0687,0.3927,LOW LIQUIDITY
Bosch,500530,BOSCHLTD,Auto Components,0.0911,0.1082,0.1287,0.0482,0.1288,0.1599,0.4511,0.8636,0.01,47.79,3.71,22.8,31.79,-0.1216,0.4214,0.1555,-0.0042,0.0267,1083
Brahmaputra Inf.,535693,,Construction,1.8181,36.5385,0.2516,0.2886,0.7591,0.2493,0.3078,1.4913,0.53,5.79,0.08,2.8,5.55,-0.1747,1.8774,0.1096,0.0265,-0.6495,
Brainbees Solut.,544226,FIRSTCRY,Retailing,0.1019,0.3309,0.0296,0.0528,-0.1642,-0.0015,-0.0193,3.4598,0.35,,0,169.8,40.48,-0.5523,0.0411,-0.0407,0.0423,0.1235,1262
Brand Concepts,543442,BCONCEPTS,Retailing,0.2639,-0.0895,0.1127,0.0742,-0.6099,0.0516,0.0208,-0.1435,2.37,185.26,-3.04,6.1,18.06,-0.4459,0.2396,0.0713,-0.1826,0.6812,LOW LIQUIDITY
Brigade Enterpr.,532929,BRIGADE,Realty,0.2903,0.3658,0.237,0.1014,0.1645,0.2528,0.1101,0.7315,0.83,27.4,1.67,82.2,14.45,-0.3349,0.0968,0.1492,0.0149,-0.0153,894
Brigade Hotel,544457,BRIGHOTEL,Leisure Services,0.1642,0.6953,0.2955,0,0,0.2502,0.0182,1.2712,0.38,118.82,,117.8,17.24,-0.1828,0.0104,0,0,0,LOW LIQUIDITY
Bright Outdoor,543831,,Media,0.0926,0.1028,0.2267,0.0419,0.0487,0.2025,0.1665,0.1989,0,42.01,8.62,10.6,28,-0.0806,0.3754,0.1231,-0.0076,0.0744,
Brightcom Group,532368,BCG,IT - Services,0.2619,0.2509,0.2565,0.1193,0.1382,0.2032,0.1359,0.172,0,2.92,0.21,50.4,0.76,-0.4695,0.3083,0.0862,-0.0068,-0.052,LOW LIQUIDITY
Britannia Inds.,500825,BRITANNIA,Food Products,0.0371,0.2312,0.1965,0.0304,0.0549,0.1758,1.1524,0.8031,0.59,61.1,11.13,913.2,40.05,-0.0727,0.3042,0.5294,-0.0435,0.4745,297
Brookfield India,543261,BIRET,Realty,0.1363,3.5427,0.6935,0.0698,1.0074,0.5532,0.0165,1.3925,0.62,57.33,0.57,92.8,15.55,-0.0679,0.299,0.0153,0.014,-0.9921,
BSE,,BSE,Capital Markets,0.3136,0.6105,0.6367,0.1515,0.2914,0.6451,0.6358,0.2215,0,62.64,2.15,879,43.07,-0.0875,1.2528,0.3604,0.1825,0.069,168
Butterfly Gan Ap,517421,BUTTERFLY,Consumer Durables,0.1369,0.3407,0.0948,0.0474,0.3143,0.0643,0.1624,0.7061,0.03,30.16,0.96,6.3,15.29,-0.2778,0.2473,0.1005,0.073,-0.2138,LOW LIQUIDITY
C C C L,532902,CCCL,Realty,0.1665,1.1041,-0.0586,0.1791,-0.1212,-0.0033,-0.0542,-189.6585,0,,0,134.1,297.36,-0.3554,0.7186,-0.283,-0.283,-0.1618,LOW LIQUIDITY
C D S L,,CDSL,Capital Markets,-0.0105,-0.1346,0.5529,-0.0018,-0.1025,0.5828,0.5357,0.7803,0,67.88,-6.62,385.1,46.54,-0.2279,0.4667,0.327,0.0139,0.4295,119
C P C L,500110,CHENNPETRO,Petroleum Products,0.3509,2.1349,0.0701,0.0395,4.4641,0.0287,0.1402,2.7416,0.22,11.84,0.03,23.4,6.59,-0.1565,1.1481,0.0251,-0.3338,-4.439,2223
C.E. Info System,543425,MAPMYINDIA,IT - Software,0.0974,-0.3897,0.2318,0.0652,0.14,0.4247,0.3716,0.6223,0.01,63.07,4.51,60.3,39.12,-0.225,0.0903,0.1762,-0.0297,0.0362,1236
C2C Advanced,,C2C,Aerospace & Defense,0.5294,1.4317,0.4457,0.1988,0.483,0.4248,0.2529,-2.7392,0.22,20.82,0.43,6.7,15.3,-0.45,1.0975,0.2105,-0.1005,-0.2725,
Camlin Fine,532834,CAMLINFINE,Chemicals & Petrochemicals,0.1019,-1.1576,0.0719,0.0512,-1.1216,0.0717,0.0448,0.1565,0.76,181.37,-1.62,61.6,17.86,-0.5352,0.4128,-0.1497,-0.0397,0.9719,1571
Campus Activewe.,543523,CAMPUS,Consumer Durables,0.16,0.4035,0.1291,0.0361,0.0211,0.1147,0.1825,1.2869,0.48,67.55,31.98,321.8,31.98,-0.1908,0.301,0.1722,0.0234,0.1511,331
Cams Services,543232,CAMS,Capital Markets,0.0351,-0.0371,0.4552,0.0288,0.0432,0.4319,0.6611,0.7788,0.06,44.52,10.31,86,29.07,-0.2628,0.3058,0.4394,0.0347,0.3962,87
Can Fin Homes,511196,CANFINHOME,Finance,0.0904,0.1889,0.9282,0.0453,0.0748,0.9161,4.4122,0.2617,6.61,12.91,1.73,29,12.79,-0.0426,0.5985,0.1822,-0.0057,0.1074,752
Canara Bank,532483,CANBK,Banks,0.0626,0.1581,0.5868,0.0349,0.0914,0.889,0.1558,0.574,14.05,6.99,0.76,1052.8,15.05,-0.0442,0.8757,0.1775,-0.0019,0.0861,761
Canara HSBC,544583,CANHLIFE,Insurance,-0.2935,0.1069,0.0067,0,0,0.012,0.3975,9.4257,0,95.44,,,74.8,-0.0557,0.1426,0.0795,-0.0022,0.0795,1395
Canara Robeco,544580,CRAMC,Capital Markets,0.0303,-0.0268,0.6315,0,0,0.6422,0.3549,0.6072,0.03,29.69,,,21.31,-0.2025,0.007,0.3617,-0.0272,0.3617,308
Cantabil Retail,533267,CANTABIL,Textiles & Apparels,0.1646,0.0305,0.2393,0.077,0.0462,0.1843,0.1335,1.1294,1.26,27.17,5.88,43.4,11.34,-0.2411,0.1931,0.2081,-0.0151,0.1619,LOW LIQUIDITY
Capacit'e Infra.,540710,CAPACITE,Construction,0.2475,0.1009,0.1676,0.0629,-0.0196,0.1453,0.1456,0.1433,0.23,11.26,-5.75,10.5,5.65,-0.4295,0.004,0.1257,0.0313,0.1453,505
Capillary Tech.,544614,CAPILLARY,IT - Software,0,0,,0,0,0.0309,0.0278,-2.5014,0.18,387.68,,,68.37,-0.1293,0.2423,0.0256,0.2194,0.0256,1085
Capital India,530879,CIFL,Finance,-0.0839,-111.184,-0.2063,-0.1081,-31.7027,0.0572,-0.264,0.1232,1.04,,0,81.5,28.58,-0.1881,0.2463,0.003,-0.0114,31.7057,LOW LIQUIDITY
Capital Infra,544338,CAPINVIT,Construction,0,0,0.1257,2.3103,-0.1262,0.1538,0.0005,31.9293,1.23,,0,28.2,50.62,-0.3114,0.0447,0,0,0.1262,
Capital Small,544120,CAPITALSFB,Banks,0.147,0.0465,0.6553,0.0677,0.027,0.7401,0.1173,0.415,7.11,9.06,3.36,4,14.72,-0.181,0.0832,0.1038,-0.0195,0.0768,LOW LIQUIDITY
Capital Trade Lk,538476,,Finance,-0.0378,18.0833,0.7341,-0.024,2.0796,0.7862,-1.85,1.1501,1.84,54.43,0.26,65.4,25.1,-0.0875,0.9166,0.0363,-0.1687,-2.0433,
Caplin Point Lab,524742,CAPLIPOINT,Pharmaceuticals & Biotechnology,0.1054,0.1808,0.3542,0.0527,0.0981,0.3628,0.2601,0.6384,0,25.5,2.6,36.1,17.78,-0.2518,0.274,0.2266,-0.0157,0.1285,667
Capri Global,531595,CGCL,Finance,0.4918,1.4335,0.6631,0.2019,0.4976,0.6254,0.599,-2.2608,2.52,25.15,0.51,259.8,12.95,-0.19,0.2469,0.1176,0.0422,-0.38,1237
Captain Polyplas,536974,,Industrial Products,0.497,0.3811,0.099,0.1105,0.0811,0.1121,0.1632,0.2639,0.48,23.27,2.87,16.7,14.55,-0.3816,0.3552,0.1541,-0.0578,0.073,
Captain Techno.,540652,,Industrial Manufacturing,0.5261,0.9249,0.1549,0.2337,0.3814,0.1459,0.3539,0.8377,0.48,38.63,1.01,21.2,24.65,-0.4255,0.2171,0.2503,0.0754,-0.1311,
Carborundum Uni.,513375,CARBORUNIV,Industrial Products,0.0604,-0.3569,0.1205,0.0195,-0.3075,0.0933,0.1113,0.515,0.08,67.1,-2.18,85.3,23.9,-0.3801,0.0873,0.1085,-0.0471,0.416,1105
CARE Ratings,534804,CARERATING,Capital Markets,0.1619,0.2296,0.5016,0.0845,0.1138,0.4912,0.2739,0.6325,0.03,30.02,2.64,16,19.05,-0.2205,0.4558,0.1802,0.0355,0.0664,416
Career Point Edu,544499,CPEDU,Other Consumer Services,-0.0585,0.2134,0.4606,0,0,0.4678,0.3458,0.3013,0.01,25.84,,13.3,20.75,-0.1782,0.3085,0.391,0.391,0.391,LOW LIQUIDITY
Carraro India,544320,CARRARO,Auto Components,0.3322,0.418,0.0869,0.0917,0.1266,0.0766,0.2052,0.6873,0.34,32.56,2.57,35.4,16.64,-0.204,1.1785,0.1997,0.0348,0.0731,345
Cartrade Tech,543333,CARTRADE,Retailing,0.2542,1.1399,0.3288,0.1108,0.3978,0.359,0.0904,0.9537,0.06,76.9,1.93,29.4,49.02,-0.086,1.3248,0.0624,0.0582,-0.3354,1460
Carysil,524091,CARYSIL,Consumer Durables,0.1623,0.6185,0.1916,0.0728,0.267,0.1483,0.1759,-0.0602,0.42,33.92,1.27,13.8,17.71,-0.0999,1.0004,0.1454,-0.0304,-0.1216,1673
Castrol India,500870,CASTROLIND,Petroleum Products,0.0579,0.0982,0.2369,0.0504,0.0613,0.2361,1.1093,0.8304,0.04,19.36,3.16,1028.3,12.65,-0.241,0.1764,0.4183,-0.0071,0.357,209
CCL Products,519600,CCL,Agricultural Food & other Products,0.5263,0.3639,0.175,0.216,0.0898,0.1404,0.1422,0.6229,0.78,38.55,4.29,83.4,21.87,-0.0908,1.0564,0.1705,0.0128,0.0807,549
CEAT,500878,CEATLTD,Auto Components,0.1417,0.5254,0.1334,0.0609,0.059,0.0726,0.0976,1.1474,0.68,30,5.08,13.9,11.46,-0.1238,0.6747,0.1177,-0.0656,0.0587,1735
Ceigall India,544223,CEIGALL,Construction,0.0445,-0.1386,0.1409,0.0146,-0.0894,0.1379,0.3032,-1.0283,0.69,15.81,-1.77,36.8,9.53,-0.388,0.0236,0.2087,-0.1928,0.2981,LOW LIQUIDITY
Ceinsys Tech,538734,,IT - Software,0.8153,1.2094,0.2179,0.3736,0.5443,0.2272,0.3076,0.0606,0.16,17.8,0.33,6.6,11.66,-0.5399,0.1535,0.1946,0.0327,-0.3497,
Cellecor Gadgets,,CELLECOR,Consumer Durables,0.5069,0.3358,0.053,0.2103,0.1589,0.0499,0.2307,-0.6289,0.8,19.69,1.24,84.3,12.6,-0.608,0.2408,0.2513,-0.0591,0.0924,
Cello World,544012,CELLO,Consumer Durables,0.1987,0.0492,0.2173,0.0589,-0.0164,0.2141,0.1811,0.5312,0,37.51,-22.9,120.4,22.46,-0.343,0.1661,0.2043,-0.2378,0.2207,1126
Cemindia Project,509496,CEMPRO,Construction,0.0927,0.4944,0.0935,0.038,0.2294,0.0846,0.303,0.2827,0.48,31.48,1.37,117.7,14.57,-0.1355,0.7123,0.2178,0.0202,-0.0116,531
Central Bank,532885,CENTRALBK,Banks,0.0657,0.3334,0.6208,0.0236,0.1431,0.7741,0.1238,-0.0986,11.87,7.41,0.52,787.4,17.52,-0.4013,0.1316,0.1143,0.0272,-0.0288,1042
Centrum Capital,501150,CENTRUM,Finance,0.0502,-0.7291,0.2134,0.0455,-0.3857,0.4298,0.0603,1.8686,37.49,,0,138.1,9.95,-0.2964,0.3161,-0.576,-0.377,-0.1903,LOW LIQUIDITY
Centum Electron,517544,CENTUM,Industrial Manufacturing,0.1185,14.6452,0.0616,0.0508,-3.4414,0.065,0.1269,-0.4785,0.52,142.85,-0.42,12.1,28,-0.2556,0.9887,-0.0314,-0.0168,3.41,LOW LIQUIDITY
Century Enka,500280,CENTENKA,Textiles & Apparels,-0.2379,0.0464,0.0774,-0.1269,0.0014,0.0439,0.0481,1.3699,0.03,16.44,121.41,1.5,7.56,-0.4078,0.0586,0.0424,0.0168,0.041,LOW LIQUIDITY
Century Plyboard,532548,CENTURYPLY,Consumer Durables,0.1706,0.7242,0.126,0.0808,0.1947,0.086,0.1108,-0.0076,0.67,76.68,3.94,160,33.64,-0.1094,0.2682,0.0847,-0.0734,-0.11,2051
Cera Sanitary.,532443,CERA,Consumer Durables,-0.0042,-0.1679,0.1376,0.0101,-0.0429,0.1599,0.207,0.3693,0.04,29.57,-6.9,6.6,20.13,-0.3256,0.0682,0.183,-0.0075,0.2259,514
CESC,500084,CESC,Power,0.1206,0.204,0.2014,0.0533,0.0905,0.1829,0.0788,0.8047,1.48,16.08,1.78,243.1,8.36,-0.137,0.4779,0.1134,-0.0075,0.0229,1425
CFF Fluid,543920,,Aerospace & Defense,0.3011,0.3616,0.2821,0.1656,0.213,0.2442,0.1574,-0.0914,0.02,43.83,2.06,10.8,26.6,-0.2097,0.5422,0.1742,-0.0523,-0.0388,
CG Power & Ind,500093,CGPOWER,Electrical Equipment,0.2114,0.2976,0.1289,0.1171,0.126,0.1336,0.2687,0.7083,0.02,97.64,7.75,2201.8,63.5,-0.1837,0.2794,0.2766,-0.3012,0.1506,1122
Chalet Hotels,542399,CHALET,Leisure Services,0.9502,2.1181,0.407,0.5191,3.093,0.3595,0.1222,1.6256,0.73,33.96,0.11,125.8,19.14,-0.171,0.4147,0.0577,-0.1059,-3.0353,2182
Chaman Metallics,,CMNL,Ferrous Metals,1.1515,-1.4133,0.0607,0.6109,-0.8911,0.0466,0.0069,-3.5112,4.59,318.76,-3.58,8.4,41.38,-0.2387,0.22,0.1029,-0.0493,0.994,
Chamanlal Setia,530307,CLSEL,Agricultural Food & other Products,-0.2612,-0.291,0.0889,-0.1017,-0.0831,0.1001,0.1646,0.4983,0.09,14.06,-1.69,8.7,8.27,-0.403,0.1049,0.1419,-0.0324,0.225,LOW LIQUIDITY
Chambal Fert.,500085,CHAMBLFERT,Fertilizers & Agrochemicals,0.4755,0.2095,0.1313,0.1701,0.1768,0.1312,0.2408,0.5806,0.01,9.32,0.53,70.7,5.86,-0.4163,0.0086,0.1978,0.028,0.021,478
Chandan Healthca,,CHANDAN,Healthcare Services,0.2294,0.4662,0.2083,0.1101,0.2237,0.1726,0.2975,-0.7926,0.48,28.94,1.29,13.9,15.89,-0.1031,1.2936,0.2708,-0.2048,0.0471,
Chandrima Mercan,540829,,Commercial Services & Supplies,6.0902,5.2206,0.0966,1.6249,4.5616,0.067,0.1379,-54.6571,0.02,114.23,0.25,157.2,90.48,-0.0387,4.9234,0.0098,-0.0625,-4.5518,
Chembond Chemic.,544450,CHEMBONDCH,Chemicals & Petrochemicals,-0.0265,0.0492,0.1461,0,0,0.1445,0.2446,0.2304,0,12.9,,5.8,7.98,-0.3888,0.0431,0.1923,0.0648,0.1923,LOW LIQUIDITY
Chemcon Special.,543233,CHEMCON,Chemicals & Petrochemicals,0.0211,-0.0916,0.1275,0.0439,0.0192,0.1646,0.0781,1.1068,0,30.2,15.7,5.4,13.81,-0.3012,0.2922,0.05,0.0089,0.0308,LOW LIQUIDITY
Chemfab Alka.,541269,CHEMFAB,Chemicals & Petrochemicals,-0.0652,-2.7925,0.0713,0.0289,-0.857,0.046,0.0132,2.76,0.29,575.12,-6.71,2.8,17.22,-0.5724,0.07,0.0233,-0.0465,0.8803,LOW LIQUIDITY
Chemplast Sanmar,543336,CHEMPLASTS,Chemicals & Petrochemicals,0.0407,-0.6328,0.0419,-0.001,0.9533,-0.0102,-0.0619,2.6241,0.97,,0,35.2,33.37,-0.4779,0.0059,-0.0593,0.0399,-1.0126,LOW LIQUIDITY
Cheviot Company,526817,CHEVIOT,"Paper, Forest & Jute Products",0.441,-0.197,0.1524,0.1601,0.1376,0.1485,0.1914,0.4045,0.01,10.99,0.8,0.5,7.52,-0.2646,0.0908,0.0775,-0.0261,-0.0601,LOW LIQUIDITY
Choice Intl.,531358,CHOICEIN,Finance,0.1093,0.2012,0.3254,0.0538,0.1146,0.3443,0.2178,-1.0245,0.4,92.4,8.06,281.5,48.72,-0.0717,0.7824,0.1961,-0.04,0.0815,1125
Chola Financial,504973,CHOLAHLDNG,Finance,0.1695,0.0464,0.5393,0.0893,0.0248,0.561,3.5045,-1.81,13.68,15.87,6.41,48.6,10.28,-0.1811,0.387,0.1911,-0.007,0.1663,579
Cholaman.Inv.&Fn,511243,CHOLAFIN,Finance,0.1976,0.1982,0.6716,0.1041,0.0897,0.6969,0.5895,-1.7772,7.23,30.44,3.39,458.5,15.81,-0.0597,0.4352,0.1971,-0.0045,0.1074,672
CIAN Agro,519477,,Agricultural Food & other Products,2.371,634.3333,0.1764,0.7675,1.7284,0.1462,0.0401,2.3499,0.64,26.57,0.15,4.1,11.98,-0.7065,2.3213,0.0401,-0.0168,-1.6883,
CIE Automotive,532756,CIEINDIA,Auto Components,0.1111,0.0949,0.15,0.0178,-0.0303,0.1201,0.1466,0.759,0.07,19.81,-6.54,86.9,11.19,-0.1973,0.1725,0.1315,-0.0716,0.1618,LOW LIQUIDITY
Cigniti Tech.,534758,CIGNITITEC,IT - Services,0.1364,0.5614,0.1696,0.0665,0.2919,0.1791,0.3437,0.5251,0.02,18.38,0.63,12.8,12.24,-0.0398,0.8407,0.2596,0.0101,-0.0323,564
Cipla,500087,CIPLA,Pharmaceuticals & Biotechnology,0.0764,0.0373,0.2497,0.0291,0.0574,0.2504,0.2342,0.7455,0.01,22.58,3.93,301.5,14.87,-0.0909,0.161,0.1777,0.0098,0.1203,482
City Pulse Multi,542727,,Retailing,1.31,1.0204,0.7446,0.4662,0.3731,0.5728,0.2482,2.9481,0.04,1734.96,46.5,36.9,1081.57,-0.0831,2.3504,0.0148,0.0116,-0.3583,
City Union Bank,532210,CUB,Banks,0.1529,0.1522,0.6902,0.0747,0.0755,0.8467,0.2053,0.2286,7.22,16.55,2.19,149.3,16.36,-0.0512,0.8865,0.1258,-0.0023,0.0503,LOW LIQUIDITY
CL Educate,540403,CLEDUCATE,Other Consumer Services,0.6839,0.6102,0.1441,0.3329,-0.4593,0.0576,-0.0095,1.3258,1.03,,0,9,8.12,-0.3824,0.2533,-0.0241,-0.013,0.4352,LOW LIQUIDITY
Clean Science,543318,CLEAN,Chemicals & Petrochemicals,-0.0734,-0.0415,0.4262,-0.0153,0.0055,0.4286,0.4769,0.7141,0,32.21,58.48,64.7,21.83,-0.4433,0.0072,0.2188,-0.0006,0.2133,
Clear Secured,,,,0,0,,0,0,0.0723,0.2415,-0.6518,1.02,22.37,,,11.28,0,0,0.1536,0.0096,0.1536,
CLN Energy,544347,,Auto Components,1.0313,0.847,0.1074,0.3521,0.3349,0.0862,0.2767,-3.4514,0.97,26.41,0.79,4.6,16.42,-0.3597,0.8348,0.2342,-0.9184,-0.1007,
CMS Info Systems,543441,CMSINFO,Commercial Services & Supplies,-0.0255,-0.1932,0.2258,0.005,-0.0048,0.2024,0.2252,0.9678,0.1,16.31,-33.69,41.1,8.74,-0.3622,0.0441,0.1706,-0.0229,0.1754,818
Coal India,533278,COALINDIA,Consumable Fuels,-0.0319,-0.3076,0.2225,-0.0185,-0.1174,0.3092,0.2728,0.6102,0.13,7.49,-0.64,1368,4,-0.101,0.0855,0.3889,-0.1319,0.5063,487
Cochin Shipyard,540678,COCHINSHIP,Industrial Manufacturing,-0.1328,-0.4764,0.059,0.0269,-0.1007,0.2286,0.1732,-0.2275,0.18,56.96,-5.66,196.8,35.69,-0.356,0.3899,0.1585,-0.0136,0.2592,642
Coffee Day Enter,539436,COFFEEDAY,Leisure Services,0.0378,-2.7872,0.1129,-0.0536,0.4907,0.0375,0.0346,4.4129,0.44,,0,5.7,11.14,-0.3509,0.5705,-0.0096,-0.0382,-0.5003,LOW LIQUIDITY
Coforge,532541,COFORGE,IT - Software,0.3173,0.7593,0.1838,0.1902,0.4249,0.1284,0.1849,0.8779,0.14,57.82,1.36,319.6,27.46,-0.0195,0.6511,0.1598,-0.0849,-0.2651,1910
Cohance Life,543064,COHANCE,Pharmaceuticals & Biotechnology,-0.0798,-0.465,0.2177,0.8808,0.4474,0.2103,0.0994,0.9136,0.12,61.17,1.37,212.2,33.52,-0.5908,0.0162,0.1267,-0.0144,-0.3207,1748
Colab Platforms,542866,,Finance,1.8313,1.9623,0.0077,0.507,0.6224,0.0469,15.4063,0.9792,0,864.58,13.89,2993.8,806.25,-0.0389,20.6575,0.1236,0.0376,-0.4988,
Colgate-Palmoliv,500830,COLPAL,Personal Products,-0.0615,-0.171,0.3063,-0.0269,-0.077,0.3043,1.4871,0.7211,0.04,43.85,-5.69,999.3,29.26,-0.2813,0.0204,0.8119,0.0667,0.8889,32
Commerl. Synbags,539986,COMSYN,Industrial Products,0.1379,2.5583,0.1239,0.0774,0.7153,0.1018,0.2114,0.3029,0.64,23.21,0.32,14.2,14.57,-0.1587,1.1485,0.1026,0.0417,-0.6127,LOW LIQUIDITY
Concord Biotech,543960,CONCORDBIO,Pharmaceuticals & Biotechnology,-0.2035,-0.3359,0.3582,-0.0624,-0.0877,0.3817,0.2373,0.5163,0,45.23,-5.16,83.9,29.66,-0.4283,0.0421,0.2127,0.0014,0.3004,254
Concord Control,543619,,Industrial Manufacturing,0.6392,0.9348,0.2513,0.2567,0.3422,0.2393,0.2856,-0.2254,0.13,83.8,2.45,18.5,64.54,-0.067,3.1474,0.2739,-0.1052,-0.0683,
Concord Enviro,544315,CEWATER,Other Utilities,-0.2288,-0.7195,0.06,-0.0629,0.0155,0.1386,0.12,0.055,0.3,15.55,10.01,3.1,9.7,-0.5435,0.0138,0.1203,-0.0169,0.1048,LOW LIQUIDITY
Confidence Petro,526829,CONFIPET,Gas,0.3181,0.146,0.0839,0.1816,0.0343,0.0565,0.0666,0.0502,0.6,12.98,3.78,29.4,5.03,-0.5645,0.0027,0.0724,-0.0335,0.0381,LOW LIQUIDITY
Connplex Cinemas,,CONNPLEX,Entertainment,0.5743,0.3608,0.2786,0.2444,0.2118,0.2556,0.5161,0.1111,0.01,21.19,1,7.5,14.67,-0.0676,0.4059,1.2394,0.037,1.0276,
Cons. Finvest,,CONSOFINVT,Finance,0.0915,-0.6669,0.9896,0.0304,-0.3856,1.0869,32.8341,0.1408,0,7.85,-0.2,1.6,7.11,-0.3521,0.0256,0.118,0.0581,0.5036,LOW LIQUIDITY
Container Corpn.,531344,CONCOR,Transport Services,0.0292,-0.0301,0.2445,0.0132,0.0032,0.1962,0.1456,0.9416,0.07,29.8,91.8,232.5,15.49,-0.2606,0.0659,0.1079,-0.0002,0.1047,1129
Control Print,522295,CONTROLPR,IT - Hardware,0.0999,0.3534,0.2315,0.0556,-0.0023,0.1605,0.2806,0.7094,0.02,11.94,-52.05,4.3,13.26,-0.1919,0.357,0.2686,0.0958,0.2709,LOW LIQUIDITY
Cool Caps,,COOLCAPS,Industrial Products,1.7783,0.0157,0.069,0.7173,-0.0008,0.0974,0.1232,0.1994,2.57,144.09,-1737.73,670.4,37.01,-0.2452,0.2421,0.247,0.1473,0.2478,
Coromandel Inter,506395,COROMANDEL,Fertilizers & Agrochemicals,0.2988,0.2128,0.1188,0.1883,0.2284,0.1088,0.2356,0.9678,0.12,31.95,1.4,164.6,19.5,-0.1531,0.4487,0.1689,-0.0202,-0.0595,1373
Corona Remedies,,,,0,0,,0,0,0.1297,0.2788,0.8954,0.01,76.84,,,47.63,0,0,0.2318,0.2336,0.2318,
Corporate Merch,540199,,Finance,0,50,,-1,0.75,,-9,-22.1686,13.24,641.09,8.55,116.1,497.88,-0.0775,20.89,0.5125,0.5833,-0.2375,
Cosmic CRF,543928,,Industrial Products,0.7974,0.8992,0.1243,0.3363,0.5029,0.1027,0.0916,-1.9268,0.27,30.23,0.6,2.4,17.53,-0.382,0.1012,0,0,-0.5029,
Cosmo First,508814,COSMOFIRST,Industrial Products,0.211,0.0205,0.1122,0.0934,0.1217,0.0949,0.0619,0.6427,1.11,13.17,1.08,3.3,8.63,-0.4393,0.3941,0.0926,0.0473,-0.0291,LOW LIQUIDITY
Craftsman Auto,543276,CRAFTSMAN,Auto Components,0.6488,0.4785,0.1508,0.2496,0.2266,0.0885,0.073,0.5534,1.09,64.57,2.85,13.2,19.21,-0.0461,0.9023,0.0941,-0.1061,-0.1325,2069
Creative Graphic,,CGRAPHICS,Industrial Products,0.5559,0.3344,0.1192,0.2503,0.1473,0.1189,0.2376,-0.6709,0.65,20.06,1.36,9.8,12.84,-0.24,0.4647,0.2912,-0.1049,0.1439,
Creative Newtech,,CREATIVE,Commercial Services & Supplies,0.5939,0.4334,0.0347,0.1841,0.2969,0.0395,0.2024,0.3048,0.39,17.82,0.6,5,13.97,-0.3384,0.1959,0.1813,-0.0832,-0.1156,LOW LIQUIDITY
CreditAcc. Gram.,541770,CREDITACC,Finance,0.0379,-0.3238,0.4401,0.001,-0.7484,0.3624,0.1385,0.4224,2.81,161.3,-2.16,48.1,18.96,-0.096,0.7959,0.0786,-0.1691,0.827,1419
Credo Brands,544058,MUFTI,Retailing,-0.1177,-0.2868,0.2939,-0.0417,-0.1719,0.1731,0.1307,1.3434,0.58,11.02,-0.64,9.9,4.84,-0.549,0.0125,0.1841,-0.0071,0.356,LOW LIQUIDITY
Crest Ventures,511413,CREST,Finance,-0.1651,-0.7828,0.3957,-0.0985,-0.4219,0.5017,0.0951,-0.1156,0.16,20.7,-0.49,2.4,11.68,-0.255,0.2182,0.077,0.0191,0.4989,
CRISIL,500092,CRISIL,Finance,0.1224,0.1256,0.2889,0.0677,0.1335,0.2954,0.4521,0.8508,0.11,43.16,3.23,84,28.35,-0.3637,0.1367,0.2781,-0.0449,0.1446,783
Crizac,544439,CRIZAC,Retailing,0.2492,1.3872,0.3899,0,0,0.2374,0.4562,0.9286,0,27.22,,143.3,19.74,-0.279,0.0984,0.3618,-0.2256,0.3618,669
Crompton Gr. Con,539876,CROMPTON,Consumer Durables,0.0102,-0.3179,0.0827,-0.0152,-0.1244,0.0912,0.1656,0.917,0.05,34.23,-2.75,315.7,19.39,-0.3819,0.0149,0.174,0.0185,0.2984,231
Cropster Agro,523105,,Industrial Products,0.1048,0.3248,0.0808,0.0798,0.1339,0.0743,0.1348,-2.6677,0,114,8.51,1216.8,107.55,-0.3773,0.31,0.1561,-0.2109,0.0222,
CSB Bank,542867,CSBBANK,Banks,0.2825,0.1584,0.4977,0.126,0.0455,0.8238,0.2311,-1.7994,9.36,10.89,2.39,25,14.48,-0.1276,0.4657,0.1431,-0.0187,0.0976,1156
CSL Finance,530067,CSLFINANCE,Finance,0.1778,0.3703,0.7858,0.0813,0.1288,0.7642,1.0677,-1.0628,1.37,8.14,0.63,2.6,7.62,-0.2365,0.2777,0.1421,-0.0092,0.0133,LOW LIQUIDITY
Cube Highways,543899,CUBEINVIT,Transport Infrastructure,0.283,2.3452,0.7327,0.1248,-1.3749,0.3617,0.0029,2.9664,1.68,596.57,-4.34,233.5,12.9,-0.0576,0.1514,-0.0068,0.1182,1.3681,
Cummins India,500480,CUMMINSIND,Industrial Products,0.2638,0.3849,0.2192,0.1206,0.155,0.2588,0.4027,0.6474,0,53.62,3.46,433.9,38,-0.0251,0.7284,0.2815,0.0033,0.1265,335
Cupid,530843,CUPID,Personal Products,0.908,1.4024,0.3789,0.458,0.4882,0.3161,0.2181,-0.1932,0.07,162.52,3.33,706.5,110.33,-0.0029,6.477,0.1289,-0.0412,-0.3593,1927
Cupid Breweries,512361,,Beverages,-1,-0.1053,,-0.1897,0.46,-1.5319,-0.646,3.3878,,,0,-20.6,-515.29,-0.5612,1.4765,0,0,-0.46,
CWD,543378,,Consumer Durables,4.9039,3.2896,0.2058,1.0514,2.3944,0.2231,0.2271,0.535,0.59,97.98,0.41,3.5,55.15,-0.0388,1.8778,0.0578,0.013,-2.3366,
Cybertech Sys.,532173,CYBERTECH,IT - Software,0.0145,-0.0313,0.0786,0.0048,0.0198,0.1997,0.2436,0.8074,0.02,12.48,6.29,7.2,6.45,-0.4797,0.2071,0.1494,0.029,0.1296,LOW LIQUIDITY
Cyient,532175,CYIENT,IT - Services,-0.0368,-0.3447,0.1202,-0.0043,-0.0798,0.1211,0.1396,0.8199,0.08,23.17,-2.91,26.1,10.38,-0.4426,0.1209,0.1281,-0.0603,0.2079,1312
Cyient DLM,543933,CYIENTDLM,Industrial Manufacturing,-0.2024,1.0809,0.1004,-0.0383,0.1992,0.0939,0.1037,-0.4826,0.21,41.81,2.1,27.5,18.54,-0.3882,0.228,0.0733,-0.0373,-0.1259,2003
D B Corp,533151,DBCORP,Media,0.0992,0.1319,0.2248,0.0107,-0.0728,0.2074,0.2021,0.7899,0.13,13.27,-1.82,35.4,6.87,-0.2557,0.3533,0.1673,-0.0343,0.2401,LOW LIQUIDITY
D P Wires,543962,DPWIRES,Industrial Products,-0.1037,-0.8007,0.001,-0.1165,-0.3784,0.038,0.1383,1.648,0.01,22.61,-0.6,1.9,12.69,-0.502,0.0843,0.0936,-0.0803,0.472,LOW LIQUIDITY
D-Link India,533146,DLINKINDIA,IT - Hardware,0.1179,-0.0501,0.0875,0.0319,0.0685,0.0986,0.292,0.6881,0.02,15.15,2.21,11.8,10.34,-0.3142,0.266,0.2131,-0.0041,0.1446,LOW LIQUIDITY
D.P. Abhushan,544161,DPABHUSHAN,Consumer Durables,-0.0369,1.0478,0.0783,0.0007,0.3343,0.0659,0.386,-0.1126,0.42,23.54,0.7,15.9,16.28,-0.1863,0.2744,0.3506,0.0559,0.0163,243
Dabur India,500096,DABUR,Personal Products,0.0537,0.0648,0.1842,0.0174,0.0276,0.1927,0.2894,0.8237,0.12,49.83,18.08,1459,31.12,-0.1194,0.2096,0.1704,-0.0251,0.1428,925
Dalmia Bharat,500097,DALMIASUG,Agricultural Food & other Products,0.0743,-0.5629,0.0569,0.0115,-0.144,0.0983,0.0995,1.0997,0.17,7.3,-0.51,6,4.46,-0.3782,0.0151,0.1244,0.0392,0.2684,LOW LIQUIDITY
Dalmia BharatLtd,542216,DALBHARAT,Cement & Cement Products,0.1069,4.1304,0.2037,0.0247,0.5868,0.1261,0.0457,1.7059,0.4,33.58,0.57,39.7,14.18,-0.2027,0.2432,0.0415,-0.0063,-0.5453,2027
Dam Capital Advi,544316,DAMCAPITAL,Capital Markets,0.6913,1.4014,0.709,0.1133,0.0826,0.5566,0.4726,0.6845,0.01,13.48,1.63,34.5,7.72,-0.5311,0.0957,0.4922,-0.0667,0.4096,401
Danish Power,,DANISH,Electrical Equipment,0.2918,0.4139,0.1725,0.1122,0.1473,0.2002,0.2849,-0.2403,0.01,19.88,1.35,7.5,12.43,-0.4865,0.0396,0.2894,-0.3063,0.1421,
Danlaw Tech.,532329,,Industrial Manufacturing,0.2015,0.2168,0.1462,0.0869,0.0446,0.1224,0.2454,0.3608,0.37,19.44,4.36,2.2,11.02,-0.538,0.1313,0.2831,-0.1915,0.2385,
Data Pattern,543428,DATAPATTNS,Aerospace & Defense,2.3779,0.6245,0.2227,0.2988,0.0856,0.3522,0.2088,-0.3012,0,69.5,8.12,59.1,47.16,-0.1138,1.1451,0.1518,0.0092,0.0662,728
Datamatics Glob.,532528,DATAMATICS,IT - Services,0.2052,0.4929,0.1812,0.0911,0.2588,0.1444,0.2015,1.0705,0.13,24.22,0.94,20.1,14.6,-0.2542,0.6002,0.1249,-0.0419,-0.1339,1877
Davangere Sugar,543267,DAVANGERE,Diversified FMCG,0.2253,1.0388,0.3189,-0.0588,0.1575,0.2157,0.0263,-0.1114,0.4,43.78,2.78,157.2,13.08,-0.6871,0.2772,0.0317,-0.0058,-0.1258,LOW LIQUIDITY
DC Infotech,543636,DCI,IT - Hardware,0.1773,0.3577,0.0552,0.0953,0.16,0.0495,0.2661,-0.1409,0.73,23.46,1.47,7.1,14.26,-0.4519,0.2247,0.2361,-0.0537,0.0761,1114
DCB Bank,532772,DCBBANK,Banks,0.1622,0.1829,0.7043,0.0894,0.0886,0.8042,0.2797,-0.0849,11.85,8.45,0.95,29.9,13.07,-0.0777,0.7335,0.1143,0.0031,0.0257,1178
DCM Shriram,523367,DCMSHRIRAM,Diversified,0.1063,1.5118,0.0945,0.0579,0.2158,0.0973,0.0975,1.0898,0.3,26.84,1.24,41.3,11.78,-0.1833,0.3594,0.0866,0.0206,-0.1292,1407
DCM Shriram Inds,523369,DCMSRIND,Agricultural Food & other Products,-0.0117,-1.1362,0.0182,-0.03,-0.3953,0.0652,0.0948,0.7964,0.33,23.85,-0.6,13.9,9.92,-0.2215,0.1723,0.1176,-0.0318,0.5129,LOW LIQUIDITY
DCW,500117,DCW,Chemicals & Petrochemicals,0.1033,12.048,0.1076,0.0132,0.665,0.0702,0.0471,1.6416,0.36,33.64,0.51,46.9,7.6,-0.4711,0.0159,0.0291,0.0128,-0.6359,1899
DCX Systems,543650,DCXINDIA,Aerospace & Defense,-0.0142,-2.7318,-0.0664,0.075,-0.3382,0.0469,0.0351,6.959,0,75.16,-2.22,14.8,15.38,-0.5582,0.0048,0.0311,-0.0584,0.3693,1603
DDev Plastiks,543547,DDEVPLSTIK,Chemicals & Petrochemicals,0.172,0.0534,0.0939,0.0936,0.0623,0.1024,0.2861,0.5033,0.05,15.04,2.42,33.6,9.65,-0.2026,0.3505,0.2489,-0.0659,0.1866,LOW LIQUIDITY
DE Nora India,590031,DENORA,Industrial Products,0.2046,0.1799,0.1841,0.48,0.1991,0.039,0.0621,2.9528,0,140.02,7.03,1.5,61.38,-0.5191,0.0769,0.0184,-0.146,-0.1807,LOW LIQUIDITY
Dec.Gold Mines,512068,,Non - Ferrous Metals,-0.1616,0.742,-3.5556,0.3037,0.4601,-17.8434,-0.1874,0.686,1.12,,0,143.8,-27.37,-0.3085,0.3822,-0.1419,0.2063,-0.602,
Deccan Cements,502137,DECCANCE,Cement & Cement Products,0.1648,3.245,0.1437,-0.0033,5.1331,0.1102,0.0352,-1.8392,1.02,31.12,0.06,1.9,19.52,-0.3792,0.2783,0.0075,-0.0633,-5.1256,LOW LIQUIDITY
DEE Development,544198,DEEDEV,Industrial Manufacturing,0.3916,-0.1977,0.1632,0.1387,0.1232,0.1166,0.0658,-0.5978,0.7,28.35,2.3,11.5,11.78,-0.4399,0.2114,0.07,0.01,-0.0532,LOW LIQUIDITY
Deep Industries,543288,DEEPINDS,Oil,0.692,0.755,0.4145,0.2889,-0.0179,0.3994,0.1227,0.9147,0.11,13.5,-7.54,9.3,8.57,-0.2985,0.1499,0.1294,0.0421,0.1473,453
Deepak Builders,544276,DBEIL,Construction,-0.6302,-0.6698,0.2828,-0.1254,-0.1642,0.1781,0.1381,-1.201,0.35,12.6,-0.77,6.5,7.66,-0.4017,0.0422,0.1981,-0.2664,0.3623,LOW LIQUIDITY
Deepak Fertilis.,500645,DEEPAKFERT,Chemicals & Petrochemicals,0.0943,0.0148,0.1542,0.062,0.0738,0.1501,0.1278,1.1913,0.68,16.93,2.29,32.3,10.15,-0.2574,0.4869,0.1556,0.0779,0.0818,379
Deepak Nitrite,506401,DEEPAKNTR,Chemicals & Petrochemicals,-0.064,-0.3887,0.1074,-0.0492,-0.219,0.0969,0.107,0.6503,0.23,39.39,-1.8,51.8,22.9,-0.4463,0.0139,0.1336,-0.0302,0.3526,867
Delhivery,543529,DELHIVERY,Transport Services,0.1688,-5.9392,0.0266,0.055,-0.0205,0.0289,0.0159,2.1669,0.17,217.21,-106.06,235.5,35.46,-0.1804,0.6979,0.0152,0.0446,0.0357,1300
Delphi World,533452,DELPHIFX,Finance,2.4752,9,0.0548,0,0,0.3218,-0.3079,0,0.81,,,2.9,26.93,-0.0175,1.4737,0,0,0,LOW LIQUIDITY
Delta Corp,532848,DELTACORP,Leisure Services,-0.0261,-0.0697,0.217,0.0094,0.6481,0.225,0.1131,0.245,0.01,12.4,0.19,21.4,8.26,-0.4804,0.038,0.0345,-0.0513,-0.6136,2152
Delton Cables,504240,,Electrical Equipment,0.3797,2.2092,0.0755,0.1118,0.4017,0.0696,0.1358,-0.3142,2.6,32.12,0.8,5.2,13.75,-0.5027,0.2112,0.1622,0.0104,-0.2395,
Den Networks,533137,DEN,Entertainment,-0.0307,-0.3245,0.0745,-0.0138,0.2653,0.2392,0.0639,0.0966,0.01,7.86,0.3,19.4,-0.4,-0.3215,0.1205,0.0431,0.0285,-0.2222,LOW LIQUIDITY
Denta Water,544345,DENTA,Other Utilities,0.538,0.7116,0.3188,0.2153,0.253,0.363,0.2461,-0.9947,0.03,14.32,0.57,5.8,9.71,-0.2599,0.4127,0.1843,-0.266,-0.0687,1848
Dev Accele.,544513,DEVX,Commercial Services & Supplies,0.5039,-0.7159,0.5096,0,0,0.2974,0.0106,1.9841,1.77,220.38,,18.9,6.69,-0.3421,0.0501,0.0455,0.0009,0.0455,LOW LIQUIDITY
Devyani Intl.,543330,DEVYANI,Leisure Services,0.1265,-987.193,0.1395,0.0585,-6.3293,0.0447,-0.0038,3.1697,2.15,,0,1358.6,24.22,-0.3377,0.0682,0.0054,0.1077,6.3347,347
Dhabriya Poly.,538715,,Industrial Products,0.154,0.8206,0.2039,0.0534,0.2959,0.147,0.2258,0.5802,0.48,17.3,0.58,3.8,9.9,-0.2387,0.3321,0.1977,0.0113,-0.0982,
Dhampur Bio,543593,DBOL,Agricultural Food & other Products,0.1968,0.3158,-0.0145,0.0807,-0.8914,0.0308,0.0054,1.5379,0.58,298.7,-3.35,3.5,8.37,-0.4251,0.3427,0.0156,-0.0211,0.907,LOW LIQUIDITY
Dhampur Sugar,500119,DHAMPURSUG,Agricultural Food & other Products,0.1973,0.4154,0.0189,0.0512,0.1427,0.0632,0.0494,1.6428,0.43,13.64,0.96,4.5,6.39,-0.379,0.1119,0.0444,-0.0709,-0.0983,LOW LIQUIDITY
Dhanashree Elect,542679,,Electrical Equipment,0.1486,0.2759,0.1488,0.1422,0.2428,0.1228,0.0706,-0.5616,1.46,90.4,3.72,12.6,31,-0.3748,4.5087,0.0861,-0.021,-0.1567,
Dhanlaxmi Bank,532180,DHANBANK,Banks,0.1666,-0.1011,0.6003,0.0884,0.2678,0.679,0.0532,-0.0053,12.39,12.24,0.46,28.7,18.25,-0.2876,0.1836,0.0548,-0.0031,-0.213,LOW LIQUIDITY
Dhanuka Agritech,507717,DHANUKA,Fertilizers & Agrochemicals,-0.0856,-0.2004,0.2285,-0.0105,-0.0404,0.1865,0.2462,0.6729,0.02,20.1,-4.97,16.4,12.92,-0.3668,0.1456,0.2195,0.0144,0.2599,213
Dharmaj Crop,543687,DHARMAJ,Fertilizers & Agrochemicals,0.1154,-0.1759,0.0915,0,0,0.0619,0.0811,0.6572,0.31,25.61,,6.1,12.1,-0.391,0.4432,0.0928,0.0928,0.0928,LOW LIQUIDITY
Dhunseri Invest.,533336,DHUNINV,Finance,-0.507,-1.5053,-0.6146,-0.177,-0.8146,0.2063,0.0433,0.2864,0.2,43.44,-0.53,0.2,8.47,-0.4983,0.0222,0.0346,0.0144,0.8492,LOW LIQUIDITY
Dhunseri Vent.,523736,DVL,Diversified,-0.4477,-1.1576,-0.5418,0.0026,-0.5353,0.2452,0.0531,-1.6686,0.17,15.11,-0.28,1.1,8.26,-0.3498,0.0061,0.0469,-0.0078,0.5822,969
Diamond Power,522163,DIACABS,Electrical Equipment,0.7512,5.9325,0.1048,0.2385,0.7904,0.0594,0.0357,1.6434,,122.47,1.55,-557.9,75.99,-0.2263,0.768,0,0,-0.7904,2054
DIC India,500089,DICIND,Chemicals & Petrochemicals,0.0098,1.9646,0.0526,-0.0028,0.0275,0.0316,0.0649,0.6101,0.01,23.93,8.71,1,9.3,-0.3787,0.0558,0.0466,0.0508,0.0191,LOW LIQUIDITY
Diffusion Eng,544264,DIFFNKG,Industrial Products,0.0133,0.1816,0.1408,0.0319,0.279,0.162,0.1569,0.1894,0.06,24.8,0.89,10.2,15.43,-0.3281,0.212,0.1184,-0.0578,-0.1606,LOW LIQUIDITY
DigiSpice Tech.,517214,DIGISPICE,IT - Services,0.1444,3.3704,0.0555,0.0661,1.3081,0.0604,0.1498,0.7455,0.06,40.64,0.31,59.9,7.65,-0.3045,0.4447,0.0271,0.0645,-1.281,LOW LIQUIDITY
Digitide Solutio,544413,DIGITIDE,IT - Services,0.057,0.1984,0.093,-0.0962,-0.3267,0.0902,0.1884,1.0347,0.33,22.46,-0.69,32.8,7.75,-0.5272,0.0051,0,0,0.3267,LOW LIQUIDITY
Dilip Buildcon,540047,DBL,Construction,-0.2287,-0.1981,0.2445,-0.0958,-0.0785,0.213,0.0791,0.0672,1.8,17.12,-2.18,20.9,6.82,-0.2238,0.2566,0.0997,0.086,0.1782,LOW LIQUIDITY
Disa India,500068,,Industrial Manufacturing,0.214,-0.0129,0.1406,0.0675,-0.0332,0.1733,0.2716,0.4643,0,34.39,-10.37,1,21.15,-0.301,0.016,0.2174,0.026,0.2506,
Dish TV India,532839,DISHTV,Entertainment,-0.2641,-2.5487,0.1094,-0.147,1.2306,-0.0517,0.0915,3.5346,,,0,-39.9,1.79,-0.6717,0.025,0,0,-1.2306,LOW LIQUIDITY
Dishman Carbogen,540701,DCAL,Pharmaceuticals & Biotechnology,-0.1729,0.8881,0.2281,0.0177,-9.1778,0.1132,0.0228,1.9168,0.4,23.95,-0.03,8.8,8.78,-0.2901,0.284,-0.0032,0.0232,9.1746,606
Divgi Torq,543812,DIVGIITTS,Auto Components,0.5376,0.3712,0.2004,0.2122,0.2421,0.1568,0.0653,1.0485,0,61.3,2.53,9.3,22.7,-0.1452,0.4801,0.0414,-0.0288,-0.2007,LOW LIQUIDITY
Divi's Lab.,532488,DIVISLAB,Pharmaceuticals & Biotechnology,0.1612,0.351,0.3271,0.0715,0.1346,0.3238,0.2084,0.5665,0.01,69.11,5.14,295.8,45.83,-0.086,0.3091,0.1535,0.0318,0.0189,639
Divine Power,,DPEL,Industrial Products,0.247,0.0533,0.0567,0.1041,0.024,0.0548,0.2866,-0.9883,0.82,67.25,28.03,14.7,32.42,-0.1726,1.748,0.1641,-0.119,0.1401,
Dixon Technolog.,540699,DIXON,Consumer Durables,0.2879,1.8468,0.0378,0.2464,0.6726,0.0425,0.3602,0.9062,0.34,64.29,0.96,123.7,34.83,-0.2842,0.1233,0.3285,0.0812,-0.3441,442
DLF,532868,DLF,Realty,-0.1681,-0.2708,0.1726,0.1279,-0.1713,0.3547,0.257,1.7688,0.04,45.46,-2.65,1010,52.45,-0.2088,0.1799,0.1136,0.044,0.2849,336
DMCC Speciality,506405,DMCC,Chemicals & Petrochemicals,0.2271,-0.0086,0.1112,0.1508,0.2805,0.0981,0.135,0.9056,0.17,23.39,0.83,6.9,10.56,-0.4224,0.0835,0.0997,0.0708,-0.1808,LOW LIQUIDITY
Dodla Dairy,543306,DODLA,Food Products,0.0213,0.0361,0.0911,0.0313,0.0308,0.0896,0.2256,1.487,0.04,28.42,9.22,29.1,17.29,-0.1966,0.2735,0.1983,0.0435,0.1675,222
Dolat Algotech,505526,DOLATALGO,Capital Markets,-0.5952,-0.9324,0.341,-0.2411,-0.4413,0.5389,0.5542,-0.0777,0.19,10.53,-0.24,21.3,6.67,-0.4933,0.0734,0.24,0.0202,0.6813,LOW LIQUIDITY
Dollar Industrie,541403,DOLLAR,Textiles & Apparels,0.0549,0.3428,0.1305,0.0513,0.1795,0.0918,0.1547,0.6034,0.34,18.48,1.03,12,10.98,-0.3922,0.1111,0.1056,-0.0129,-0.0739,LOW LIQUIDITY
Dolphin Offshore,522261,DOLPHIN,Oil,0.4716,0.2082,0.894,0.2159,0.1473,0.7052,0.1105,0.2161,0.64,26.9,1.83,18.9,23.2,-0.4155,0.777,0.1869,0.1547,0.0396,LOW LIQUIDITY
DOMS Industries,544045,DOMS,Household Products,0.2406,0.1352,0.1752,0.1189,0.0601,0.1475,0.2408,0.6067,0.15,74.36,12.38,88.2,40.29,-0.1552,0.2577,0.2229,-0.0429,0.1628,840
Donear Inds.,512519,DONEAR,Textiles & Apparels,0.1289,0.1731,0.1281,0.0267,0.058,0.0903,0.1905,-0.0069,1.56,15.77,2.72,10.8,9.3,-0.4433,0.2066,0.1452,-0.039,0.0872,LOW LIQUIDITY
Dr Agarwal's Eye,526783,,Healthcare Services,0.152,0.3654,0.3405,0.0817,0.1642,0.2239,0.1366,1.1139,1.06,42.19,2.57,4.1,21.57,-0.247,0.5706,0.295,-0.049,0.1308,
Dr Agarwal's Hea,544350,AGARWALEYE,Healthcare Services,0.1971,0.7907,0.273,0.097,0.5204,0.1651,0.0561,1.3787,0.51,137.1,2.63,260.5,29.87,-0.1138,0.5393,0.0476,-0.0218,-0.4728,2072
Dr Lal Pathlabs,539524,LALPATHLAB,Healthcare Services,0.1066,0.1641,0.3067,0.0562,0.0934,0.2678,0.302,0.8762,0.07,47.87,5.13,89.7,29.55,-0.1379,0.3316,0.243,0.0394,0.1496,204
Dr Reddy's Labs,500124,DRREDDY,Pharmaceuticals & Biotechnology,0.0983,0.0728,0.2277,0.051,0.0401,0.2288,0.2241,0.5944,0.16,18.48,4.61,247.1,11.32,-0.0913,0.2525,0.1796,-0.0343,0.1395,989
Dreamfolks Servi,543591,DREAMFOLKS,Transport Infrastructure,-0.3514,-0.3025,0.0582,-0.0644,-0.0075,0.0753,0.2603,0.6154,0.03,9.53,-12.67,9.8,6.09,-0.7324,0.1666,0.2425,-0.1086,0.25,LOW LIQUIDITY
Dredging Corpn.,523618,DREDGECORP,Engineering Services,0.0356,0.3837,0.1178,0.0865,-0.6515,0.0559,-0.0073,-18.5348,0.91,,0,5.8,15,-0.1153,0.7346,-0.0367,-0.064,0.6148,1691
DSM Fresh,544568,,Food Products,0.4323,1.9672,0.1593,0.2213,0.5282,0.1596,0.343,-1.0754,0.81,25.12,0.48,,14.33,-0.2505,0.2992,0.208,0.0364,-0.3202,
Dugar Housing,511634,,Construction,-1,-1.1786,,-1,-4.1667,,-0.0369,1.25,0.12,,0,23.7,-886.24,0,21.8873,0,0,4.1667,
Dwarikesh Sugar,532610,DWARKESH,Agricultural Food & other Products,-0.0005,-0.3592,-0.1677,0.0472,-0.3542,0.0386,0.0278,0.8553,0.23,47.39,-1.34,17.5,5.81,-0.4169,0.1648,0.0286,-0.0784,0.3828,LOW LIQUIDITY
Dynacons Sys.,532365,DSSL,IT - Services,0.1498,0.2366,0.1054,0.0423,0.0865,0.095,0.3858,0.5813,0.64,14.54,1.68,5.3,9.33,-0.4413,0.1018,0.3728,-0.0389,0.2863,LOW LIQUIDITY
Dynamatic Tech.,505242,DYNAMATECH,Industrial Manufacturing,0.0857,-0.5619,0.1178,0.0396,-0.1715,0.0813,0.0509,1.2679,0.78,163.96,-9.56,4.8,33.58,-0.1299,0.5804,0.0621,-0.0398,0.2336,1522
Dynamic Cables,540795,DYCL,Industrial Products,0.2025,0.4181,0.1095,0.0984,0.1904,0.101,0.2536,0.5576,0.19,20.79,1.09,19,13.18,-0.3941,0.4582,0.2207,0.028,0.0303,405
Dynemic Products,532707,DYNPRO,Chemicals & Petrochemicals,-0.0873,0.1414,0.1376,0.0159,0.1704,0.0918,0.0791,0.8912,0.34,19.41,1.14,1.8,8.23,-0.419,0.1198,0.0704,0.0515,-0.1,LOW LIQUIDITY
E Factor Experie,,EFACTOR,Other Consumer Services,1.8997,19.24,0.147,0.2009,0.289,0.168,0.4589,-0.6549,0.28,17.97,0.62,7.7,12.63,-0.0144,1.6902,0.3198,-0.1762,0.0308,
E2E Networks,,E2E,IT - Services,-0.0789,-2.1078,0.4112,-0.0547,-0.8125,0.1352,0.005,1.1645,0.1,498.32,-6.13,5.7,32.62,-0.5051,0.2892,0.0571,-0.3066,0.8696,LOW LIQUIDITY
Easy Trip Plann.,543272,EASEMYTRIP,Leisure Services,-0.182,-0.8552,0.0274,-0.1109,-0.4963,0.1363,0.1138,0.7517,0.04,56.31,-1.13,1279.1,34.81,-0.5436,0.1799,0.1621,-0.1311,0.6584,889
eClerx Services,532927,ECLERX,Commercial Services & Supplies,0.208,0.3062,0.2698,0.0968,0.183,0.2317,0.285,0.9034,0.15,37.88,2.07,42.2,22.58,-0.0126,1.3141,0.228,-0.0261,0.045,990
Eco Recyc.,530643,,Other Utilities,0.1204,-0.2864,0.4986,-0.0139,-0.6828,0.6556,0.27,0.5509,0.07,42.83,-0.63,16.7,29.54,-0.5638,0.0291,0.8405,0.5615,1.5233,
Ecos (India),544239,ECOSMOBLTY,Transport Services,0.3362,-0.0684,0.1154,0.1555,0.0214,0.1069,0.3296,0.9993,0.03,24.95,11.65,36.9,13.82,-0.3415,0.4304,0.2831,-0.0997,0.2617,742
Edelweiss.Fin.,532922,EDELWEISS,Finance,-0.3343,0.1649,0.3254,-0.1246,0.0653,0.3575,-0.0956,0.6145,4.4,24.06,3.68,218.9,8.56,-0.248,0.4678,0.0868,0.0137,0.0215,1213
EFC (I),512008,EFCIL,Commercial Services & Supplies,0.5296,0.5427,0.4352,0.3132,0.31,0.3657,0.2326,0.5445,1.77,17.5,0.56,41.4,8.26,-0.3055,0.5147,0.2327,0.0005,-0.0773,838
Effwa Infra,,EFFWA,Other Utilities,0.4823,1.1303,0.1709,0.1585,0.2675,0.1767,0.3258,-1.0487,0.14,22.4,0.84,12.6,14.5,-0.0964,0.6716,0.3044,-0.1529,0.0369,
Eicher Motors,505200,EICHERMOT,Automobiles,0.4477,0.2446,0.245,0.1355,0.0774,0.3064,0.8965,0.6639,0.02,38.13,4.93,241.8,26.54,-0.0257,0.5288,0.241,-0.0013,0.1636,401
EID Parry,500125,EIDPARRY,Food Products,0.2459,0.3886,0.103,0.1351,0.4219,0.0857,0.128,0.8167,0.31,18.07,0.43,37.8,5.29,-0.1704,0.6188,0.0954,-0.039,-0.3265,2020
EIH,500840,EIHOTEL,Leisure Services,0.0152,-0.1777,0.2571,0.0204,-0.0074,0.3891,0.2096,0.7579,0.05,31,-42.12,313.9,18.73,-0.1443,0.2881,0.1795,0.0033,0.1869,425
EIH Assoc.Hotels,523127,EIHAHOTELS,Leisure Services,-0.1766,-0.6176,0.0458,-0.0202,-0.0071,0.3213,0.2367,0.8398,0.01,23.01,-32.54,25.6,14.7,-0.213,0.196,0.1924,0.0048,0.1995,LOW LIQUIDITY
Eimco Elecon(I),523708,EIMCOELECO,Industrial Manufacturing,-0.5011,-0.5904,0.157,-0.1442,-0.1527,0.2552,0.2179,0.5097,0,22.71,-1.49,1.2,14.8,-0.467,0.2878,0.118,0.0105,0.2707,LOW LIQUIDITY
Ekansh Concept,531364,,Commercial Services & Supplies,-0.1584,-0.3155,0.1496,-0.1292,-2.809,0.1425,0.0666,7.1534,0.62,200.7,-0.71,9.7,66.76,-0.3065,1.2158,-0.0188,-0.0213,2.7902,
Elantas Beck,500123,,Chemicals & Petrochemicals,0.1797,0.167,0.2179,0.1083,-0.0097,0.2245,0.1847,0.3435,0,53.07,-54.44,6.2,35.16,-0.351,0.1348,0.1745,-0.0317,0.1842,
Elcid Investment,503681,,Finance,-0.2195,-0.2698,0.9661,-0.4638,-0.5037,0.9509,4.5206,0.4567,0,34.34,-0.68,0,23.94,-0.4257,0.0497,0.0147,-0.0006,0.5184,
Eldeco Housing,523329,ELDEHSG,Realty,-0.0099,-0.4169,0.0995,-0.0017,-0.3133,0.1956,0.0549,-0.1994,0.27,63.31,-2.02,2.4,32.87,-0.0695,0.5024,0.057,-0.0377,0.3703,LOW LIQUIDITY
Elecon Engg.Co,505700,ELECON,Electrical Equipment,0.1377,0,0.2173,0.0755,0.086,0.2473,0.2562,0.7882,0.11,23.97,2.79,107.7,15.83,-0.3308,0.3777,0.2296,-0.0151,0.1436,612
Electronics Mart,543626,EMIL,Retailing,0.1914,-0.7313,0.0513,-0.0123,-0.432,0.0385,0.0508,0.5267,1.26,49.46,-1.14,111.5,15.9,-0.3621,0.0671,0.1108,-0.0333,0.5428,898
Electrost.Cast.,500128,ELECTCAST,Industrial Products,-0.2364,-0.4955,0.0665,-0.1211,-0.308,0.1121,0.0976,0.4682,0.38,8.97,-0.29,46.6,6.9,-0.5793,0.0047,0.1315,-0.0274,0.4395,763
Electrotherm(I),526608,ELECTHERM,Industrial Products,0.0007,-1.4661,-0.0149,-0.0546,-0.4614,0.0451,1.575,0.9821,,6.14,-0.13,-8.8,9.82,-0.4241,0.2499,0,0,0.4614,LOW LIQUIDITY
Elgi Equipments,522074,ELGIEQUIP,Industrial Products,0.1141,0.2817,0.1445,0.0469,0.1173,0.1533,0.2825,0.7605,0.26,39.98,3.41,245.8,23.86,-0.2556,0.26,0.2006,-0.0056,0.0833,725
Elin Electronics,543725,ELIN,Consumer Durables,0.2298,1.1548,0.0544,0.0609,0.6869,0.0468,0.0845,0.4472,0.03,22.84,0.33,7.8,10.51,-0.2505,0.6278,0.0438,0.0163,-0.6431,LOW LIQUIDITY
Elitecon Inter.,539533,,Cigarettes & Tobacco Products,0,0,0.0701,4.6934,2.3061,0.091,0.3948,-0.0004,1.09,59.64,0.26,6358.5,48.93,-0.7967,10.8184,0,0,-2.3061,
Ellen.Indl.Gas,544421,ELLEN,Chemicals & Petrochemicals,-0.0585,0.2384,0.3756,0,0,0.3875,0.1686,0.0353,0.13,58.65,,78.3,36.06,-0.4299,0.0035,0.1776,0.0687,0.1776,215
Elpro Internatio,504000,,Realty,-0.741,-0.6518,0.4185,-0.446,0.2551,0.7294,0.1341,1.6618,0.51,18.89,0.74,11.4,13.84,-0.3831,0.2862,0.0314,-0.0228,-0.2237,
Emami,531162,EMAMILTD,Personal Products,-0.1034,-0.3024,0.2213,-0.0247,-0.0283,0.2266,0.3964,1.0359,0.02,29.95,-10.57,336.3,21.96,-0.2119,0.0363,0.3018,0.0023,0.3301,186
Emami Paper,533208,EMAMIPAP,"Paper, Forest & Jute Products",-0.0898,-0.1331,0.0805,-0.0459,-0.2596,0.05,0.024,0.4693,1.39,29.13,-1.12,5.6,9.28,-0.3024,0.1456,0.048,-0.1226,0.3076,LOW LIQUIDITY
Emami Realty Ltd,533218,EMAMIREAL,Realty,0.5283,-1.6782,-2.6281,0.0456,0.4593,-1.1816,-0.3363,2.166,,,0,-10.9,-22.53,-0.4854,0.1098,0,4.6183,-0.4593,LOW LIQUIDITY
Embassy Develop,532832,EMBDL,Realty,0.0371,-3.4648,-0.106,0.0957,-2.8561,0.1548,-0.011,4.4082,0.46,,0,135.1,35.13,-0.556,0.0064,0.0253,0.5835,2.8814,257
Embassy Off.REIT,542602,EMBASSY,Realty,0.1274,-0.8483,0.7721,0.0427,-0.8135,0.417,0.0124,2.0412,0.96,139.97,-1.72,182,21.02,-0.0143,0.3081,0.0705,0.0311,0.884,
Emcure Pharma,544210,EMCURE,Pharmaceuticals & Biotechnology,0.1338,0.2513,0.2095,0.0701,0.1713,0.1499,0.2107,0.7393,0.35,33.17,1.94,106.3,16.68,-0.0796,0.5787,0.1851,0.0005,0.0138,822
Emerald Leisures,507265,,Leisure Services,-0.0131,0,0.2757,-0.0007,-0.025,0.1921,0.6165,-7.224,,,0,-7,106.46,-0.2839,0.3514,0,0,0.025,
Emk.Global Fin.,532737,EMKAY,Capital Markets,-0.3326,-0.9823,0.0196,-0.186,-0.6077,0.0904,0.0823,-0.0309,0.27,33.6,-0.55,6.4,2.5,-0.2817,0.8227,0.209,0.0753,0.8167,LOW LIQUIDITY
Emkay Tools,,ETL,Industrial Manufacturing,0.1474,0.2217,0.5416,0,0,0.5126,0.9567,0.5932,0,19.31,,9.6,15.25,-0.2834,0.2273,0,0,0,1792
Emmvee Photovol.,544608,EMMVEE,Electrical Equipment,1.8106,5.7728,0.3531,0,0,0.2529,0.1535,1.0392,2.15,26.62,,,22.91,-0.1149,0.0629,1.0458,0.8931,1.0458,13
Empire Inds.,509525,,Diversified,0.1038,0.263,0.1172,0.0474,0.0807,0.0981,0.1065,1.3793,0.56,15.34,1.9,1,7.14,-0.4087,0.0506,0.1114,-0.0143,0.0307,
EMS,543983,EMSLIMITED,Other Utilities,-0.2613,-0.4312,0.2097,-0.0407,-0.1107,0.2468,0.2529,0.1288,0.16,14.57,-1.32,12.7,10.07,-0.5792,0.0151,0.2069,-0.022,0.3176,470
eMudhra,543533,EMUDHRA,IT - Services,0.2242,0.1528,0.2387,0.1666,0.1225,0.2014,0.1278,0.9361,0.02,54.15,4.42,52.4,33.95,-0.3919,0.0334,0.1208,-0.023,-0.0017,1607
Endurance Tech.,540153,ENDURANCE,Auto Components,0.2301,0.1197,0.1331,0.1006,0.1167,0.0948,0.1556,1.4306,0.2,42.72,3.66,83.9,20.75,-0.1391,0.7045,0.1463,0.0099,0.0296,856
Energy InfrTrust,542543,,Gas,-0.0645,3.4024,0.3966,-0.0176,8.8895,0.1561,0.0077,2.2402,7.16,66.5,0.07,432.4,7.7,-0.1299,0.1234,0.0046,-0.3089,-8.8849,
Engineers India,532178,ENGINERSIN,Construction,0.3373,-0.162,0.13,0.1551,-0.0564,0.1956,0.8439,0.1757,0.01,21.09,-3.74,235.5,13.69,-0.2107,0.4184,0.2317,0.0232,0.2881,171
Enkei Wheels,533477,,Auto Components,0.111,2.7412,0.1131,0.0912,-1.8193,0.0193,0.0025,1.2373,1.1,,0,7.2,15.67,-0.2809,0.0936,0.0106,-0.0409,1.8299,
Ent.Network,532700,ENIL,Entertainment,0.2431,0.0168,0.0806,0.0571,0.8441,0.0477,0.022,1.0378,0.23,48.12,0.57,3.5,6.35,-0.4076,0.0115,0.0082,-0.035,-0.8359,LOW LIQUIDITY
Entero Healthcar,544122,ENTERO,Retailing,0.2078,0.3378,0.0395,0.1132,0.1677,0.0355,0.0794,-0.4268,0.25,40.9,2.44,11.1,20.58,-0.336,0.0168,0.0563,0.0065,-0.1114,1672
Enviro Infra,544290,EIEL,Other Utilities,0.0673,0.4454,0.2856,0.0399,0.1741,0.2773,0.2609,-0.1679,0.26,17.7,1.02,56.5,11.17,-0.4681,0.2259,0.2739,-0.244,0.0998,1251
Epack Durable,544095,EPACK,Consumer Durables,-0.4345,-1.6207,-0.0052,-0.1267,-0.2592,0.0627,0.0531,0.2435,0.76,61.64,-2.38,25.3,18.88,-0.612,0.0394,0.0598,0.0013,0.319,882
EPack PrefabTech,544540,EPACKPEB,Industrial Manufacturing,0.6189,1.0423,0.1152,0,0,0.0928,0.0985,0.5921,0.32,42.67,,,23.61,-0.0815,0.7619,0.2277,-0.0641,0.2277,800
Epigral,543332,EPIGRAL,Chemicals & Petrochemicals,-0.0618,-0.3602,0.2253,-0.0327,0.1419,0.2101,0.1885,0.7512,0.26,15.83,1.12,13.1,10.3,-0.3282,0.0552,0.223,0.0544,0.0811,LOW LIQUIDITY
EPL Ltd,500135,EPL,Industrial Products,0.1102,0.1989,0.2086,0.0523,0.1485,0.1348,0.1682,1.4757,0.32,15.62,1.05,79.2,7.45,-0.2976,0.1557,0.1627,0.0383,0.0142,LOW LIQUIDITY
Equitas Sma. Fin,543243,EQUITASBNK,Banks,0.0402,0.8742,0.4008,0.0333,-1.6222,0.4897,-0.0187,0.5944,8.12,,0,138.4,15.35,-0.1747,0.2462,0.0243,-0.1193,1.6465,1556
Eraaya Lifespace,531035,,Automobiles,368.2606,-21.8229,0.0571,0.3842,0.0299,-0.0006,-0.3385,-36.8325,17.75,,0,179.5,10.99,-0.819,0.8871,-8.0866,-8.0866,-8.1165,
ERIS Lifescience,540596,ERIS,Pharmaceuticals & Biotechnology,0.0691,0.3123,0.3637,0.0361,0.1868,0.2631,0.1151,1.4831,0.77,51.08,2.74,93.6,21.68,-0.1833,0.4217,0.1288,-0.034,-0.058,1720
Esab India,500133,ESABINDIA,Industrial Products,0.1267,0.2736,0.1893,0.0476,0.052,0.1701,0.6023,0.8455,0.01,48.4,9.31,32.9,33.88,-0.1,0.3991,0.5234,-0.0475,0.4714,310
ESAF Small Fin,544020,ESAFSFB,Banks,-0.1763,0.1231,0.1893,-0.0964,0.1335,0.2976,-0.3638,2.842,14.3,,0,40,24.46,-0.386,0.086,-0.2349,-0.4372,-0.3684,LOW LIQUIDITY
Escorts Kubota,500495,ESCORTS,"Agricultural, Commercial & Construction Vehicles",0.2258,0.0599,0.1289,0.043,-0.0576,0.1486,0.1554,0.727,0.01,35.05,-6.09,39.3,21.74,-0.1067,0.3448,0.128,0.0063,0.1856,633
Espire Hospi,532016,,Leisure Services,-0.069,-6.9479,-0.1074,0.1077,-0.6372,0.1139,0.0277,-1.3135,3.26,110.9,-1.74,12.7,20.33,-0.6404,0.0274,0.3533,-0.9078,0.9905,
Essar Shipping,533704,ESSARSHPNG,Transport Services,-0.9999,-1.3075,-318,-14.4883,-10.5082,-0.9282,-0.0613,5.7961,,11.15,-0.01,-5.1,17.19,-0.346,0.3313,0,0,10.5082,LOW LIQUIDITY
Essen Speciality,,ESFL,Consumer Durables,0.0441,-0.1788,0.1952,0.0501,-0.1517,0.0939,0.0951,-0.692,0.17,51.17,-3.37,8,22.25,-0.7262,0.0275,0.0788,-0.0483,0.2305,
Ester Industries,500136,ESTER,Industrial Products,0.0695,-6.2252,0.0403,0.0586,-0.7106,0.06,0.0078,1.1902,0.93,268.31,-3.78,12.7,11.01,-0.3962,0.056,0.0178,0.1989,0.7284,LOW LIQUIDITY
Eternal Ltd,543320,ETERNAL,Retailing,1.8318,-0.6307,0.0176,0.5805,-0.5662,0.0216,0.0246,0.4332,0.11,1518.63,-26.82,8938.7,150.49,-0.1973,0.5599,0.0171,0.0059,0.5833,825
Ethos Ltd,543532,ETHOSLTD,Consumer Durables,0.2903,0.1195,0.1244,0.1273,-0.017,0.1072,0.0733,-0.1283,0.22,87.64,-51.67,15.5,34.9,-0.0405,0.6421,0.1036,-0.0058,0.1206,1209
Eureka Forbes,543482,EUREKAFORB,Consumer Durables,0.1495,0.384,0.1239,0.0638,0.1621,0.0977,0.046,1.035,0.02,66.71,4.11,52.8,38.54,-0.0512,0.4045,0.0369,0.0124,-0.1252,1680
Euro India Fresh,,EIFFL,Food Products,-0.0076,-2.4872,0.0253,0.0185,-0.375,0.062,0.0592,0.7938,0.85,153.63,-4.1,18.6,49.71,-0.2576,0.2925,0.0805,0.0471,0.4555,LOW LIQUIDITY
Euro Panel,544461,EUROBOND,Industrial Products,0.306,0.4518,0.1145,0,0,0.0858,0.1514,0.2593,0.89,21.56,,7.4,13.14,-0.2874,0.2521,0,0,0,LOW LIQUIDITY
Euro Pratik Sale,544519,EUROPRATIK,Consumer Durables,0.101,-0.1359,0.3189,0,0,0.3692,0.3765,-0.2925,0.08,49.22,,137.7,32.8,-0.0965,0.567,0.3936,0.3936,0.3936,43
Eveready Inds.,531508,EVEREADY,Household Products,0.0667,-0.4614,0.1269,0.0364,-0.0842,0.0945,0.1638,1.044,0.75,30.8,-3.66,35.8,16.62,-0.3245,0.1788,0.1945,0.0031,0.2787,LOW LIQUIDITY
Everest Inds.,508906,EVERESTIND,Other Construction Materials,-0.1875,-0.557,-0.0294,-0.0536,3.8965,-0.0097,-0.0479,-15.5569,0.54,,0,2.3,45.52,-0.4024,0.2263,-0.011,-0.0335,-3.9075,LOW LIQUIDITY
Everest Kanto,532684,EKC,Industrial Manufacturing,-0.0188,-0.4624,0.119,0.0248,-0.0452,0.1005,0.101,0.3951,0.15,13.45,-2.98,11.5,7.33,-0.4914,0.2142,0.0892,-0.0069,0.1344,LOW LIQUIDITY
Everest Organics,524790,,Pharmaceuticals & Biotechnology,0.1578,0.5676,0.1006,0.1775,-6.1318,0.064,0.0956,-2.759,0.68,60.39,-0.1,5.4,24.77,-0.1369,1.8973,-0.0223,-0.0253,6.1095,
Evexia Lifecare,524444,,Chemicals & Petrochemicals,-0.0367,-0.6064,0.0039,-0.157,0.5376,0.0257,0.0269,-0.8968,2.16,220.56,4.1,104.4,480.05,-0.6182,0.1053,0.0032,-0.0094,-0.5344,
Excel Industries,500650,EXCELINDUS,Chemicals & Petrochemicals,0.0049,-0.4061,0.1107,0.047,-0.0642,0.0966,0.1073,0.5742,0.01,16.16,-2.52,0.8,8.66,-0.3767,0.1836,0.0521,0.0421,0.1163,LOW LIQUIDITY
Excelsoft Tech.,544617,EXCELSOFT,IT - Services,0,0,0.2417,0,0,0.2722,0.1423,0.7946,0.1,32.63,,,10.22,-0.3214,0.0079,0.1031,0.0604,0.1031,630
Exhicon Events,543895,,Other Consumer Services,0.6384,1.1312,0.2666,0.2786,0.4277,0.2554,0.2997,0.4768,0.05,19.45,0.45,6.3,13.97,-0.0949,1.4868,0.2663,0.0081,-0.1614,
Exicom Tele-Sys.,544133,EXICOM,Electrical Equipment,0.8369,-2.9137,-0.1161,0.0941,1.2634,-0.2023,-0.2263,2.7275,0.78,,0,28.5,-20.5,-0.6106,0.0122,-0.1648,-0.3,-1.4282,LOW LIQUIDITY
Exide Inds.,500086,EXIDEIND,Auto Components,-0.0192,-0.2566,0.0897,0.0101,0.0251,0.0762,0.1285,0.9817,0.11,41.02,16.34,186.8,17.63,-0.1954,0.1598,0.0574,-0.0131,0.0323,1724
Expleo Solutions,533121,EXPLEOSOL,IT - Services,0.0904,0.1203,0.1652,0.0302,0.026,0.1387,0.2604,1.2829,0.03,15.43,5.93,3.5,7.27,-0.3336,0.5227,0.1626,0.0039,0.1366,LOW LIQUIDITY
Exxaro Tiles,543327,EXXARO,Consumer Durables,-0.0134,2.2,0.0922,0.0169,27.1667,0.0655,0.0238,1.6264,0.32,53.49,0.02,58,15.01,-0.2966,0.5632,0.0009,-0.0062,-27.1658,LOW LIQUIDITY
F A C T,590024,FACT,Fertilizers & Agrochemicals,0.1247,0.8642,0.0242,0.154,3.1213,0.0771,0.1229,0.5104,2.79,598.92,1.92,2556.6,139.92,-0.2461,0.4837,0.0161,-0.2662,-3.1052,LOW LIQUIDITY
Fabtech Tech.,544558,FABTECH,Healthcare Services,1.0681,4.4902,0.2507,0,0,0.1368,0.2593,-0.8089,0.22,18.7,,,22.12,-0.1065,0.3558,0.2159,-0.0288,0.2159,626
Fabtech Techn.,544332,,Industrial Manufacturing,0.2303,-0.2453,0.0638,0.095,-0.0961,0.0884,0.1677,0.1538,0.11,32.99,-3.43,5.1,25.82,-0.319,0.9817,0.1811,0.0665,0.2772,
Fairchem Organic,543252,FAIRCHEMOR,Chemicals & Petrochemicals,-0.1955,-0.808,0.0376,-0.1133,-0.7277,0.0253,0.0208,-0.4944,0.19,149.43,-2.05,4,41.82,-0.4684,0.2839,0.0751,-0.0723,0.8028,LOW LIQUIDITY
Faze Three,530079,FAZE3Q,Textiles & Apparels,0.3497,-1.6124,0.0246,0.1748,0.0077,0.077,0.1218,0.4255,0.52,33.79,44.08,6.6,15.89,-0.3629,0.4998,0.0853,-0.0333,0.0776,LOW LIQUIDITY
FCS Software,532666,FCSSOFT,IT - Services,-0.1172,-2.1273,-0.1474,-0.0536,-0.8767,0.2007,0.0053,0.9913,0,735.87,-8.39,134.3,28.87,-0.5205,0.118,0.0086,-0.0105,0.8853,LOW LIQUIDITY
FDC,531599,FDC,Pharmaceuticals & Biotechnology,-0.0794,-0.6062,0.0715,-0.0146,-0.1298,0.1477,0.1709,0.9038,0.01,29.86,-2.3,45.1,18.36,-0.2187,0.1536,0.1183,-0.0234,0.2481,1038
Fedbank Financi.,544027,FEDFINA,Finance,0.0437,0.2417,0.6234,0.0378,0.0894,0.568,0.3787,-0.8442,3.83,21.65,2.42,73.3,12.15,-0.148,0.7785,0.0938,-0.0415,0.0044,1867
Fedders Holding,511628,,Finance,-0.3709,-0.1196,0.0162,-0.2699,-0.2464,0.1009,0.0446,-5.4376,0.09,39.53,-1.6,33.2,28.87,-0.3654,0.3218,0.0705,-0.1552,0.3169,
Federal Bank,500469,FEDERALBNK,Banks,0.03,-0.0952,0.6509,0.0225,-0.051,0.8124,0.1892,0.3791,8.71,16.14,-3.17,431.7,15.59,-0.0128,0.498,0.1286,-0.0198,0.1796,1050
Federal-Mogul Go,505744,FMGOETZE,Auto Components,0.0578,0.2871,0.1664,0.0366,0.0821,0.1413,0.1824,0.8861,0,14.64,1.78,10.8,5.65,-0.2311,0.5528,0.1405,0.0167,0.0584,757
Fermenta Biotec.,506414,,Pharmaceuticals & Biotechnology,0.3703,0.6591,0.2046,0.2038,0.3822,0.2528,0.37,0.3969,0.29,6.95,0.18,5.9,5.07,-0.4108,0.208,0.2488,0.3047,-0.1334,
Fiem Industries,532768,FIEMIND,Auto Components,0.1682,0.2691,0.1384,0.076,0.1099,0.1159,0.2672,0.851,0.06,26.7,2.43,14.6,15.53,-0.0435,0.9677,0.2099,0.0089,0.1,439
Filatex India,526227,FILATEX,Textiles & Apparels,0.0256,2.5323,0.0767,0.0051,0.3164,0.0596,0.1469,1.5212,0.1,12.57,0.4,70.1,6.99,-0.3141,0.4806,0.1061,0.0101,-0.2103,1463
Fine Organic,541557,FINEORG,Chemicals & Petrochemicals,0.0025,-0.0757,0.2245,0.0177,-0.0249,0.2334,0.2377,0.366,0.01,34.48,-13.82,17.1,21.39,-0.1811,0.3411,0.1947,-0.0433,0.2196,807
Fineotex Chem,533333,FCL,Chemicals & Petrochemicals,-0.055,-0.184,0.2253,-0.0241,-0.0907,0.2515,0.2814,0.4872,0,28.27,-3.12,409.1,19.36,-0.3377,0.2478,0.1837,-0.1174,0.2744,LOW LIQUIDITY
Finkurve Fin.,508954,FINKURVE,Finance,0.5063,0.7061,0.3415,0.1965,0.1809,0.3133,0.5903,-3.3472,1.16,70.57,3.9,61.8,32.63,-0.3292,0.0966,0.0881,-0.0009,-0.0928,LOW LIQUIDITY
Fino Payments,543386,FINOPB,Banks,0.2588,-0.2742,-4.8428,0.1434,-0.1328,0.948,0.076,0.3647,3.93,31.48,-2.37,27.9,25.44,-0.1775,0.6814,0.1331,-0.0111,0.2659,762
Finolex Cables,500144,FINCABLES,Industrial Products,0.0488,0.2793,0.1041,0.0431,0.1026,0.1407,0.175,0.2892,0,18.83,1.84,36,13.56,-0.4486,0.0286,0.1239,-0.0181,0.0213,1475
Finolex Inds.,500940,FINPIPE,Industrial Products,0.0366,1.3173,0.1516,-0.0162,0.1236,0.1491,0.1567,0.7186,0,24.17,1.96,113.3,14.69,-0.388,0.1835,0.0676,-0.0115,-0.056,1841
Firstsour.Solu.,532809,FSL,Commercial Services & Supplies,0.2009,0.2879,0.1626,0.1019,0.1289,0.1134,0.1647,0.767,0.54,37.47,2.91,401.4,19.52,-0.171,0.2981,0.1503,0.0048,0.0214,LOW LIQUIDITY
Fischer Medical,524743,FISCHER,Healthcare Equipment & Supplies,1.1762,29.2826,0.1884,0.5417,12.6599,0.1846,0.1296,-31.8897,0.08,151.19,0.12,547,89.29,-0.6241,0.1493,0.007,-0.0271,-12.6529,2164
Five-Star Bus.Fi,543663,FIVESTAR,Finance,0.1387,0.0679,0.7054,0.0765,0.0307,0.7134,0.6562,-0.497,1.23,15.73,5.13,75.2,10.59,-0.3063,0.1775,0.1865,0.0112,0.1558,363
Flair Writing,544030,FLAIR,Household Products,0.0883,0.1408,0.1629,0.044,0.0519,0.1617,0.1939,0.3753,0.03,26.19,5.04,30.9,15.85,-0.1796,0.5096,0.1187,-0.061,0.0668,1699
Fluidomat,522017,,Industrial Manufacturing,-0.1368,-0.2156,0.3073,-0.0606,-0.1301,0.3897,0.4428,0.4789,0,18.67,-1.44,2.1,13.21,-0.484,0.0327,0.3144,0.0775,0.4445,
FlySBS Aviation,,FLYSBS,Transport Services,0.6439,3.5846,0.2261,0.2779,0.6552,0.2654,0.3611,0.0002,0.09,20.17,0.31,6.2,13.27,-0.3058,0.2829,0.2622,-0.0257,-0.393,
Foce India,,FOCE,Consumer Durables,0.7181,-0.1531,0.136,0.235,-0.0729,0.139,1.8122,0.8199,0.5,63.74,-8.74,4.9,49.02,-0.1261,0.4184,0.2011,-0.0805,0.274,
Focus Lighting,,FOCUS,Consumer Durables,0.0749,-0.6524,0.088,-0.0549,-0.668,0.0505,0.0546,1.5452,0.09,94.38,-1.41,22.1,25.75,-0.5092,0.108,0.1131,-0.2453,0.7811,
Foods & Inns,507552,FOODSIN,Food Products,0.1411,-0.9401,0.0914,0.0235,-0.2304,0.0957,0.0683,0.1385,0.89,17.59,-0.76,7.5,8.45,-0.4175,0.0513,0.0873,-0.0155,0.3177,LOW LIQUIDITY
Forbes & Co,502865,,Consumer Durables,-0.4605,0.1854,0.1535,-0.1464,-0.7475,0.2406,0.447,-0.3839,0.03,15.45,-0.21,2.5,9.72,-0.306,0.2837,0.6238,0.7142,1.3713,
Forbes Precision,544186,,Industrial Manufacturing,0.0996,0.1293,0.2304,0.0274,0.0014,0.1761,0.2355,1.2263,0.13,28.02,200.55,27.2,14.39,-0.5194,0.0926,0.1884,-0.2424,0.187,
Force Motors,500033,FORCEMOT,Automobiles,0.0722,1.5972,0.1743,0.0684,0.49,0.1226,0.3569,1.1102,0,28.21,0.58,8.7,16.88,-0.2015,1.8682,0.2082,0.0199,-0.2818,841
Fortis Health.,532843,FORTIS,Healthcare Services,0.1725,0.4023,0.2386,0.0836,0.1992,0.1829,0.1056,1.115,0.34,66.61,3.34,537.2,35.84,-0.1959,0.7053,0.1013,0.0228,-0.0979,1258
Foseco India,500150,FOSECOIND,Chemicals & Petrochemicals,0.0708,0.035,0.1827,0.1299,0.1248,0.191,0.306,0.426,0,38.97,3.12,5.6,23.72,-0.2636,0.573,0.233,-0.0102,0.1082,LOW LIQUIDITY
FratelliVineyard,541741,,Beverages,-0.2611,-0.1375,0.0172,-0.3766,0.6403,-0.104,-0.1296,0.7865,0.97,,0,14.8,-66,-0.7017,0.1343,-0.156,-0.156,-0.7963,
Fredun Pharma,539730,,Pharmaceuticals & Biotechnology,0,0,0.1537,0,0,0.1093,0.1502,-0.5827,1.09,45.62,,2.7,19.37,-0.046,2.0032,0,0,0,
Freshara Agro,,FRESHARA,Food Products,0.2964,0.3102,0.1329,0.1226,0.1336,0.1763,0.2643,-0.0027,0.65,11.86,0.89,6.3,9.04,-0.2651,0.3916,0.3687,0.3687,0.2351,
Frontier Springs,522195,,Auto Components,0.5838,1.155,0.2667,0.2382,0.4879,0.2392,0.5133,0.4772,0.04,31.17,0.64,4,21.71,-0.2648,1.4325,0.3204,0.1654,-0.1675,
FSN E-Commerce,543384,NYKAA,Retailing,0.2514,2.491,0.0678,0.1107,0.5855,0.0348,0.0907,1.9803,1.01,697.74,11.92,15072.7,122.68,-0.0649,0.6495,0.0516,0.0272,-0.5339,1708
Fujiyama Power,544613,UTLSOLAR,Electrical Equipment,0,0,,0,0,0.1559,0.3823,0.0755,0.99,40.15,,,25.76,-0.1118,0.0489,0.4914,0.282,0.4914,29
Fusion Finance,543652,FUSION,Finance,-0.4204,0.9274,0.2065,-0.2348,-0.1848,-0.0621,-1.156,-5.0072,2.57,,0,14.5,-57.41,-0.1964,0.373,-0.5453,-0.7408,-0.3605,LOW LIQUIDITY
G M Breweries,507488,GMBREW,Beverages,0.2115,0.6101,0.2482,0.0659,0.1158,0.2644,0.5263,1.0127,0,15.84,1.37,5.3,11.74,-0.2463,0.714,0.1457,-0.0507,0.0299,1591
G M D C,532181,GMDCLTD,Minerals & Mining,-0.1103,-0.0884,0.131,-0.053,-0.0381,0.3132,0.1916,1.1918,0.04,25.74,-6.76,79.7,17.54,-0.187,1.3413,0.1087,0.0083,0.1468,812
G N F C,500670,GNFC,Chemicals & Petrochemicals,0.0266,0.7048,0.094,-0.0468,0.0642,0.1117,0.1141,0.7442,0,11.64,1.81,12.6,5.75,-0.2137,0.1215,0.0708,0.0138,0.0066,1346
G R Infraproject,543317,GRINFRA,Construction,0.149,0.0588,0.2416,0.0224,0.11,0.2499,0.2691,-1.1703,0.63,9.34,0.85,11,7.29,-0.3778,0.1615,0.1215,-0.0344,0.0115,LOW LIQUIDITY
G S F C,500690,GSFC,Fertilizers & Agrochemicals,0.2096,0.0867,0.106,0.0602,0.1258,0.0876,0.109,0.1085,0,10.73,0.85,22.9,5.87,-0.2223,0.1502,0.0477,0.0021,-0.0781,1726
Gabriel India,505714,GABRIEL,Auto Components,0.1538,0.1511,0.0866,0.072,0.0711,0.0783,0.2459,0.513,0.02,61.72,8.68,160.9,36.57,-0.3055,1.4907,0.1935,0.0008,0.1224,517
GAIL (India),532155,GAIL,Gas,0.0486,-0.2677,0.0974,0.0157,-0.149,0.0865,0.1364,1.0883,0.25,12.42,-0.83,836,8.12,-0.2004,0.1336,0.1309,-0.0088,0.2799,730
Gala Precis. Eng,544244,GALAPREC,Industrial Manufacturing,0.3939,0.5883,0.1556,0.1265,0.125,0.146,0.1344,0.0727,0.09,30.49,2.44,4.4,18.95,-0.5107,0.018,0.1496,-0.1087,0.0246,LOW LIQUIDITY
Galaxy Surfact.,540935,GALAXYSURF,Chemicals & Petrochemicals,0.2476,-0.2151,0.0833,0.135,-0.0629,0.0794,0.1384,1.0495,0.11,24.86,-3.95,10,14.37,-0.3206,0.0105,0.1346,-0.0144,0.1975,LOW LIQUIDITY
Gallantt Ispat L,532726,GALLANTT,Industrial Products,0.0745,0.819,0.1299,0.0089,0.2324,0.1544,0.1978,0.9831,0.21,28.92,1.24,110.7,18.47,-0.2638,1.036,0.1511,0.0548,-0.0813,738
Gandhar Oil Ref.,544029,GANDHAR,Petroleum Products,0.1335,0.9824,0.0621,0.0085,0.1654,0.0434,0.0806,0.09,0.26,13.15,0.8,9.3,7.23,-0.488,0.0064,0.0665,-0.0803,-0.0989,LOW LIQUIDITY
Gandhi Spl. Tube,513108,GANDHITUBE,Industrial Products,-0.0123,0.0255,0.438,0.0387,0.293,0.4839,0.7555,0.6996,0,14.04,0.48,3.9,10.31,-0.2638,0.3121,0.2103,-0.0281,-0.0827,LOW LIQUIDITY
Ganesh Benzopl.,500153,GANESHBE,Oil,0.014,0.0018,0.2222,0.0253,0.1925,0.2829,0.1747,0.5341,0.09,7,0.36,7.3,4.1,-0.4603,0.0283,0.1353,-0.007,-0.0572,LOW LIQUIDITY
Ganesh Consumer,544528,GANESHCP,Food Products,0.0715,0.173,0.1002,0,0,0.0638,0.1273,0.8486,0.53,26.54,,10.8,12.58,-0.2146,0.0156,0.1581,0.0311,0.1581,LOW LIQUIDITY
Ganesh Green,,GGBL,Construction,1.4748,1.5157,0.1429,0.6392,0.6555,0.1358,0.3172,-0.6199,0.15,18.07,0.28,9.4,11.32,-0.426,0.2916,0.2303,-0.2001,-0.4252,
Ganesh Housing,526367,GANESHHOU,Realty,-0.2656,-0.318,0.8494,-0.1309,-0.119,0.8536,0.3192,0.5088,0.03,12.82,-1.08,25.4,9.5,-0.4545,0.0359,0.3779,-0.0379,0.4969,298
Ganesh Infra.,,GANESHIN,Construction,1.2095,1.5581,0.1226,0,0,0.1027,0.2552,0,0.35,17.89,,18.4,17.4,-0.2361,1.0118,0,0,0,
Ganesha Ecosphe.,514167,GANECOS,Textiles & Apparels,-0.0606,-1.0184,0.0614,-0.0156,-0.383,0.087,0.052,0.2374,0.43,36.75,-0.96,5,15.1,-0.6223,0.0579,0.0938,0.0467,0.4768,299
Garden Reach Sh.,542011,GRSE,Aerospace & Defense,0.4549,0.573,0.0931,0.1625,0.1903,0.1435,0.3804,0.0222,0.01,47.41,2.49,145.8,29.27,-0.279,1.1618,0.276,0.0542,0.0857,217
Garuda Cons,544271,GARUDA,Construction,1.4911,1.6478,0.2956,0.7099,0.7281,0.303,0.3654,-1.6313,0,22.47,0.31,46.5,16.42,-0.1658,1.4339,0.2209,-0.1406,-0.5072,1879
Garware Hi Tech,500655,GRWRHITECH,Industrial Products,-0.082,-0.125,0.2097,-0.0144,-0.0554,0.2065,0.1702,0.7258,0.01,27.35,-4.93,7.9,17.96,-0.3138,0.5924,0.15,0.0457,0.2054,278
Garware Tech.,509557,GARFIBRES,Textiles & Apparels,-0.1728,-0.515,0.1392,-0.0271,-0.1199,0.1928,0.2541,0.5936,0.1,33.08,-2.76,51.6,21.2,-0.3116,0.0224,0.1872,0.0001,0.3071,302
Gateway Distri,543489,GATEWAY,Transport Services,0.4547,0.1178,0.2121,0.2229,-0.0115,0.1624,0.1107,1.2835,0.32,12.12,-10.51,66.8,7.91,-0.3428,0.1777,0.1224,-0.0152,0.1339,LOW LIQUIDITY
GE Power,532309,GVPIL,Electrical Equipment,0.2902,0.7863,0.0996,0.0989,-0.7703,0.0862,0.2667,18.1929,0.05,49.54,-0.64,40.2,19.74,-0.2499,0.749,1.0532,1.96,1.8235,7
GE Shipping Co,500620,GESHIP,Transport Services,-0.0832,0.2801,0.5863,-0.0788,-0.0496,0.4232,0.1161,1.1991,0.08,8.85,-1.78,14.8,4,-0.065,0.3848,0.1409,-0.0692,0.1905,1301
GE Vernova T&D,522275,GVT&D,Electrical Equipment,0.3888,1.0708,0.2577,0.187,0.5119,0.2457,0.8262,1.0676,0.01,77.82,1.52,878.5,54.5,-0.1561,1.239,0.4035,0.2469,-0.1084,247
GEE,504028,,Electrical Equipment,0.0316,1.2042,0.1052,-0.0009,-0.0703,-0.0055,-0.0444,-4.4821,0.4,,0,11,212.83,-0.1769,0.4585,-0.0465,-0.1115,0.0238,
GeeCee Vent.,532764,GEECEE,Realty,-0.3953,-0.1841,0.6927,-0.2602,-0.2192,0.4593,0.092,3.5942,0,20.01,-0.91,1.9,5.38,-0.2589,0.0967,0.0665,0.0047,0.2857,LOW LIQUIDITY
Geekay Wires,,GEEKAYWIRE,Industrial Products,0.0031,-0.0924,0.1193,-0.0108,-0.1009,0.111,0.1942,0.5601,0.75,10.58,-1.05,22.4,7.83,-0.4459,0.1106,0.2848,-0.1363,0.3857,LOW LIQUIDITY
Gem Aromatics,544491,GEMAROMA,Chemicals & Petrochemicals,-0.2022,-1.2649,0.0341,0,0,0.1641,0.1627,-0.3013,0.32,19.54,,9.2,10.11,-0.5611,0.0209,0.2073,-0.037,0.2073,738
General Insuranc,540755,GICRE,Insurance,0.0305,0.5485,0.2166,0.0426,0.4937,0.2186,-0.2129,0.2541,0,7.03,0.14,174.8,3.64,-0.2685,0.114,0.1099,-0.0034,-0.3838,1742
Genesys Intl.,506109,GENESYS,IT - Services,0.0685,0.0686,0.3897,0.0644,0.0448,0.2926,0.1146,-0.5723,0.21,28.48,6.35,10.2,10.79,-0.6217,0.0052,0.1076,0.0599,0.0628,704
Gennex Lab.,531739,,Pharmaceuticals & Biotechnology,0.1156,0.0414,0.1477,0.1005,-0.0871,0.1707,0.0702,-0.4289,0.41,19.66,-2.26,37.3,13.19,-0.2919,0.2445,0.1023,0.0008,0.1894,
Genus Paper & Bo,538961,GENUSPAPER,"Paper, Forest & Jute Products",0.1582,10.0952,0.091,0.0903,1.4164,0.051,0.0095,0.9886,0.85,52.01,0.37,18.1,10.09,-0.4217,0.0674,0.0061,-0.0013,-1.4103,LOW LIQUIDITY
Genus Power,530343,GENUSPOWER,Electrical Equipment,1.3599,1.6244,0.2127,0.4875,0.585,0.2172,0.274,-0.8607,0.93,19.64,0.34,150.6,12.49,-0.3253,0.2884,0.1749,0.1157,-0.4101,707
Geojit Fin. Ser.,532285,GEOJITFSL,Capital Markets,-0.2227,-0.6007,0.2294,-0.1032,-0.3012,0.2571,0.2419,0.6536,0.11,16.95,-0.56,47.4,6.34,-0.4835,0.1719,0.1683,-0.0178,0.4695,LOW LIQUIDITY
GFL,500173,GFLLIMITED,Finance,0.0824,1.4139,0.5761,-0.0411,-0.9042,-2.3457,-0.1974,-0.0103,0,,0,2.9,-80.94,-0.4199,0.2842,-0.0296,-0.0267,0.8746,LOW LIQUIDITY
GHCL,500171,GHCL,Chemicals & Petrochemicals,-0.0902,-0.3109,0.218,-0.0333,-0.0518,0.2559,0.2017,0.776,0.03,10.31,-1.99,15.5,6.3,-0.2144,0.1979,0.1857,0.013,0.2375,269
GHCL Textiles,543918,GHCLTEXTIL,Textiles & Apparels,0.1097,-0.2228,0.1089,0.0114,-0.0497,0.0643,0.0392,2.4217,0.04,13.38,-2.69,4.6,5.91,-0.3605,0.1437,0.0396,0.0044,0.0893,LOW LIQUIDITY
GHV Infra,505504,,Construction,174.019,39.0714,0.1212,1.4235,0.9172,0.1232,0.2034,-2.2332,2.43,68.56,0.75,167.3,44.36,-0.137,23.5294,0.821,0.821,-0.0962,
GIC Housing Fin,511676,GICHSGFIN,Finance,0.0284,0.3692,0.8705,-0.0012,-0.1176,0.8011,1.1858,-0.0193,4.52,5.95,-0.51,2.4,11.12,-0.2746,0.103,0.0898,0.0041,0.2074,LOW LIQUIDITY
Gillette India,507815,GILLETTE,Personal Products,0.0371,0.08,0.2562,0.3292,0.371,0.2618,0.7552,0.5813,0,48.35,1.3,77.8,31.48,-0.2581,0.1516,0.4162,0.0313,0.0452,240
Ginni Filaments,590025,GINNIFILA,Textiles & Apparels,0.0179,124.375,0.175,0.2865,1.1945,0.1387,0.2266,0.4157,0.19,8.42,0.07,12.6,5.46,-0.3389,1.0174,0.0887,0.337,-1.1058,LOW LIQUIDITY
Giriraj Civil,,GIRIRAJ,Construction,0.8672,1.2715,0.079,0.211,0.2069,0.094,0.3308,-0.2357,0.07,14.61,0.71,5.5,9.17,-0.6778,0.3616,0.1463,0.0388,-0.0606,
GK Energy,544525,GKENERGY,Construction,0.3271,0.3601,0.2002,0,0,0.1851,0.2223,-0.4866,0.53,20.68,,78.3,14.72,-0.3807,0.0256,1.0052,0.0533,1.0052,35
GKW,,GKWLIMITED,Finance,-0.2503,-3.3303,-1.1886,0.0375,0.5809,-0.4313,-0.0104,22.0315,0,,0,0.2,-78.1,-0.3774,0.2489,-0.0075,-0.0136,-0.5884,LOW LIQUIDITY
Gland Pharma,543245,GLAND,Pharmaceuticals & Biotechnology,0.0577,0.1232,0.2111,0.0329,0.1328,0.2127,0.12,0.829,0.03,36.19,2.73,49.3,16.04,-0.1859,0.4458,0.0781,-0.0145,-0.0547,
Glaxosmi. Pharma,500660,GLAXO,Pharmaceuticals & Biotechnology,-0.0305,0.0257,0.3426,-0.0108,0.0908,0.3501,0.8017,1.0854,0.02,44.59,4.91,421.7,30.62,-0.2859,0.307,0.4687,0.0955,0.3779,57
Glenmark Pharma.,532296,GLENMARK,Pharmaceuticals & Biotechnology,0.761,3.3345,0.3902,0.1977,0.9074,0.2414,0.3061,-0.4182,0.13,22.16,0.24,164,12.41,-0.1366,0.5484,0.1579,0.6744,-0.7495,817
Global Education,,GLOBAL,Other Consumer Services,0.0556,-0.3719,0.3277,0.0276,-0.2154,0.3908,0.5296,0.6209,0,23.89,-1.11,21.5,15.06,-0.0548,1.2685,0.2667,-0.1358,0.4821,
Global Health,543654,MEDANTA,Healthcare Services,0.1491,0.2109,0.2246,0.0846,0.1532,0.2104,0.1661,0.8087,0.25,54.07,3.53,234.4,30.96,-0.1756,0.2068,0.1648,-0.0143,0.0116,1187
Global Surfaces,543829,GSLSU,Consumer Durables,0.1514,0.2715,-0.0658,0.1178,-0.0947,-0.0283,-0.0654,3.2296,0.71,,0,6.8,56.02,-0.4061,0.3322,-0.0908,-0.1539,0.0039,2168
Globe Civil,544424,GLOBECIVIL,Construction,0,0,0.1382,0,0,0.1405,0.1507,-0.2025,0.63,15.93,,10.2,8.46,-0.3202,0.0852,0.262,0.0408,0.262,LOW LIQUIDITY
Globe Intl. Car.,,GICL,Transport Services,0.0392,1.5896,0.0921,0.0176,0.4438,0.0791,0.079,1.1194,0.62,68.82,1.55,58.2,40.94,-0.1728,1.7934,0.0851,0.0229,-0.3587,
Globus Spirits,533104,GLOBUSSPR,Beverages,0.0357,13.9679,0.0904,0.0314,0.9584,0.0445,0.051,0.8491,0.45,59.21,0.62,8.1,16.11,-0.2338,0.3304,0.0254,-0.0787,-0.933,2186
Gloster Ltd,542351,GLOSTERLTD,"Paper, Forest & Jute Products",1.5209,3.2493,0.1097,0.5267,-1.6379,0.0619,0.0183,-4.3117,0.7,74.81,-0.46,0.7,11.53,-0.2445,0.1938,-0.0131,-0.0353,1.6248,LOW LIQUIDITY
Glottis,544557,GLOTTIS,Transport Services,-0.2519,-0.3991,0.0844,0,0,0.0834,0.376,0.0139,0.25,11.77,,,6.59,-0.3431,0.0328,0.7956,-0.3895,0.7956,LOW LIQUIDITY
GMM Pfaudler,505255,GMMPFAUDLR,Industrial Manufacturing,0.1203,1.7221,0.1347,0.0332,0.6783,0.0894,0.0815,1.5378,0.92,44.76,0.66,19,12.57,-0.2239,0.1548,0.0664,-0.132,-0.6119,2166
GMR Airports,532754,GMRAIRPORT,Transport Infrastructure,0.4707,0.8574,0.3943,0.1899,-0.0435,0.2651,-0.0131,1.3932,,,0,-42015.8,28.87,-0.0661,0.5212,0,0,0.0435,1715
GMR Urban,543490,GMRP&UI,Power,0.3083,-2.9513,0.1884,0.0731,0.3992,0.1767,-0.0383,1.9653,8.23,,0,402.5,10.31,-0.2103,0.2462,0,0,-0.3992,2007
GNA Axles,540124,GNA,Auto Components,-0.1022,0.0932,0.1757,-0.0617,-0.016,0.1079,0.1407,0.5917,0.22,12.85,-8.02,6.2,6.89,-0.3081,0.1642,0.1254,-0.0065,0.1414,LOW LIQUIDITY
GNG Electronics,544455,EBGNG,IT - Hardware,0.2475,0.4163,0.1058,0,0,0.0827,0.1139,0.2102,0.32,46.89,,62.7,29.63,-0.1953,0.078,0.3533,-0.0267,0.3533,312
Go Digit General,544179,GODIGIT,Insurance,0.1135,0.5156,0.0542,0.041,0.217,0.0544,-0.0328,3.8423,0.08,62.87,2.9,636.7,60.62,-0.0922,0.3086,0.1187,0.065,-0.0983,938
Go Fashion (I),543401,GOCOLORS,Retailing,0.075,0.0567,0.2973,0.0217,-0.0526,0.1897,0.1188,1.1567,0.72,30.53,-5.81,19.6,10.39,-0.5625,0.0111,0.1432,-0.0024,0.1958,689
Goa Carbon,509567,GOACARBON,Minerals & Mining,-0.1391,-1.1135,-0.0966,0.108,0.8433,-0.0447,-0.2807,4.381,2.08,,0,1.8,-25.05,-0.5117,0.0217,-0.1032,-0.4917,-0.9465,LOW LIQUIDITY
GOCL Corpn.,506480,GOCLCORP,Chemicals & Petrochemicals,-0.3528,0.2351,-3.2703,-0.7394,0.0054,1.5,0.0511,0.0842,0.06,13.17,24.48,2.6,7.23,-0.2978,0.2055,0.0745,0.0415,0.0691,LOW LIQUIDITY
Godavari Bioref.,544279,GODAVARIB,Diversified FMCG,0.3421,0.7991,-0.0184,0.0644,-2.9161,0.0559,0.0452,0.0875,0.68,26.59,-0.09,8.7,10.36,-0.4154,0.6473,-0.0379,-0.0629,2.8782,LOW LIQUIDITY
Godawari Power,532734,GPIL,Industrial Products,0.0316,0.0178,0.1989,0.0049,-0.0821,0.1968,0.196,0.782,0.04,21.26,-2.59,202.3,12.51,-0.1866,0.6207,0.1723,-0.0466,0.2544,874
Godfrey Phillips,500163,GODFRYPHLP,Cigarettes & Tobacco Products,-0.0524,0.1871,0.2438,0.0582,0.3471,0.2744,0.4974,0.0814,0.03,34.13,0.98,116.2,24.78,-0.2955,1.0285,0.1993,0.009,-0.1478,887
Godrej Agrovet,540743,GODREJAGRO,Food Products,0.0485,-0.1755,0.0831,0.0407,0.0058,0.0729,0.2866,1.4019,1.19,25.94,44.74,120,14.29,-0.3299,0.0486,0.1768,0.0277,0.171,287
Godrej Consumer,532424,GODREJCP,Personal Products,0.0433,-0.0286,0.1917,0.034,0.0062,0.2012,0.2011,0.8428,0.34,61.58,99.84,975.1,36.64,-0.1348,0.1563,0.1521,0.0467,0.1459,331
Godrej Industrie,500164,GODREJIND,Diversified,0.0473,-0.157,0.0266,0.0223,0.1011,0.2508,0.0808,-1.2701,4.48,35.03,3.46,109.3,13.48,-0.2808,0.3092,0.0964,0.0899,-0.0047,892
Godrej Propert.,533150,GODREJPROP,Realty,-0.3228,0.2084,-0.8048,-0.1335,0.2636,0.5524,0.0956,-1.3337,0.89,40.41,1.53,103,30.14,-0.3148,0.1124,0.0898,0.0219,-0.1738,1424
Goel Construct.,544504,,Construction,-0.0984,-0.0006,0.1134,-0.0454,-0.0049,0.1026,0.2511,0.6993,0.1,11.64,-23.59,2.9,5.14,-0.1924,0.0422,0.3425,0.0661,0.3474,
Gokaldas Exports,532630,GOKEX,Textiles & Apparels,0.0596,-0.7131,0.0656,0.0204,0.1101,0.0779,0.0892,0.2145,0.46,41.53,3.77,21.6,15.79,-0.3138,0.2964,0.0816,-0.0211,-0.0285,1833
Gokul Agro,539725,GOKULAGRO,Agricultural Food & other Products,0.3801,0.4151,0.028,0.1259,0.1971,0.0256,0.2534,0.9202,0.48,20.29,1.03,144.9,9.72,-0.0928,1.0932,0.2695,0.0806,0.0724,214
Gokul Refoils,532980,GOKUL,Agricultural Food & other Products,0.2415,-0.3152,0.0079,0.0984,0.0504,0.0143,0.059,0.3283,0.96,26.88,5.34,11,9.05,-0.3986,0.1,0.0412,0.0344,-0.0092,LOW LIQUIDITY
Goldiam Intl.,526729,GOLDIAM,Consumer Durables,0.4076,0.4164,0.1988,0.1533,0.1749,0.2202,0.1879,-0.0742,0.02,31.17,1.78,47.5,19.53,-0.3322,0.5118,0.1713,0.022,-0.0036,663
Goldkart Jewels,,GOLDKART,Consumer Durables,0.3467,0.5683,0.1037,0.1452,0.3102,0.0807,0.2007,0.5537,0.23,100.29,3.23,10.5,58.76,-0.0302,0.3854,0.0772,0.0442,-0.233,
Goodluck India,530655,GOODLUCK,Industrial Products,0.0155,0.1837,0.0926,0.0217,-0.0018,0.0788,0.1328,0.5252,0.72,22.61,-124.91,8.9,12.68,-0.1669,0.985,0.1364,-0.0156,0.1382,1072
Goodricke Group,500166,,Agricultural Food & other Products,-0.3146,-0.4453,0.1514,-0.1316,-3.9044,-0.0278,-0.0485,3.7326,0.37,,0,2.5,-130.68,-0.4085,0.0772,0.0286,0.279,3.933,
Goodyear India,500168,GOODYEAR,Auto Components,-0.1257,-0.1696,0.045,-0.0464,-0.2466,0.0249,0.0981,1.6532,0.05,48.26,-1.96,8,16.24,-0.1942,0.0778,0.0931,-0.0667,0.3397,
Gopal Snacks,544140,GOPAL,Food Products,-0.067,-0.6584,0.0643,-0.0403,-0.443,0.0184,0.0534,0.901,0.15,159.68,-3.6,116,68.34,-0.3316,0.2812,0.1142,-0.1781,0.5572,LOW LIQUIDITY
GP Eco Solutions,,GPECO,Electrical Equipment,0.458,1.1268,0.124,0.1549,0.5512,0.0825,0.2386,1.3036,0.9,36.16,0.66,8.5,26.09,-0.2033,1.1354,0.2361,-0.2495,-0.3151,
GPT Healthcare,544131,GPTHEALTH,Healthcare Services,0.1254,-0.2848,0.1912,0.0554,-0.1257,0.1532,0.1547,0.9302,0.38,26.69,-2.12,37.5,14.19,-0.2656,0.1182,0.213,-0.0363,0.3387,LOW LIQUIDITY
GPT Infraproject,533761,GPTINFRA,Construction,-0.0308,0.2365,0.1419,0.0522,0.1244,0.1133,0.2305,0.2321,0.33,15.29,1.23,32.1,9.52,-0.2766,0.3016,0.1958,-0.0029,0.0714,LOW LIQUIDITY
Grand Continent,,GCHOTELS,Leisure Services,0.7497,-0.6286,0.0899,0.3287,-0.3684,0.1374,0.0823,0.3368,0.24,57.11,-1.55,8.8,25.85,-0.3961,0.5113,0.1556,-0.1112,0.524,
Grand Oak Canyon,523862,,Finance,0,2.034,0.5714,0.875,-1.8762,29.2667,0.0014,1.0659,3.05,500.21,-2.67,131,1103.85,-0.4588,1.2814,-0.0117,-0.0117,1.8645,
Granules India,532482,GRANULES,Pharmaceuticals & Biotechnology,0.3418,0.3433,0.2145,0.0805,0.0619,0.1589,0.1668,1.1788,0.45,26.94,4.35,83.9,14.51,-0.0881,0.3746,0.1386,0.0043,0.0767,887
Graphite India,509488,GRAPHITE,Industrial Products,0.1337,-0.6051,0.059,0.009,-0.4748,0.1301,0.0645,0.8363,0.05,44.15,-0.93,35.3,25.05,-0.1653,0.4875,0.08,0.0692,0.5548,291
Grasim Inds,500300,GRASIM,Cement & Cement Products,0.1659,0.6824,0.1923,0.0753,0.1758,0.1669,0.0492,-0.7384,2.06,42.97,2.44,127,11.34,-0.0834,0.1996,0.0395,-0.0295,-0.1363,2049
Grauer & Weil,505710,GRAUWEIL,Chemicals & Petrochemicals,0.1433,0.0255,0.1488,0.0227,-0.0151,0.1743,0.2323,0.6922,0.01,23.61,-15.61,162.1,14.8,-0.2942,0.0558,0.1758,-0.0204,0.1909,
Gravita India,533282,GRAVITA,Minerals & Mining,0.1165,0.3332,0.0985,0.0621,0.1775,0.1127,0.1811,0.6978,0.2,36.71,2.07,43.4,27.21,-0.2726,0.3049,0.2117,-0.1251,0.0342,1474
Greaves Cotton,501455,GREAVESCOT,Industrial Products,0.1562,3.6475,0.0636,0.074,0.7677,0.0453,0.1262,-0.2564,0.13,42.42,0.55,74.3,18.01,-0.4096,0.1782,0.0411,0.0249,-0.7266,1825
Greenlam Industr,538979,GREENLAM,Consumer Durables,0.1872,-0.0661,0.1292,0.0765,-0.5253,0.0541,0.0446,1.2258,1.03,193.9,-3.69,138.3,25.99,-0.2563,0.2925,0.0607,-0.0744,0.586,LOW LIQUIDITY
Greenpanel Inds.,542857,GREENPANEL,Consumer Durables,0.1754,-1.3308,0.0626,0.0156,-1.0395,0.0005,-0.0074,1.019,0.3,,0,26.2,35.81,-0.4238,0.1899,0.0534,-0.0532,1.0929,1253
Greenply Industr,526797,GREENPLY,Consumer Durables,0.0751,-0.0925,0.0739,0.0261,-0.1031,0.065,0.1058,1.3702,0.64,43.31,-4.2,52.3,17.97,-0.1996,0.2465,0.1203,0.0359,0.2234,LOW LIQUIDITY
Gretex Corporate,543324,GCSL,Capital Markets,-0.1507,0.1542,0.3991,-0.1338,-2.0923,-0.007,0.0184,-5.5249,0.06,,0,12.4,636.4,-0.2574,0.6045,0.0086,-0.3656,2.1009,1695
Grindwell Norton,506076,GRINDWELL,Industrial Products,0.1165,0.1112,0.1816,0.028,0.1015,0.1789,0.2415,0.9745,0.04,45.94,4.53,84.9,28.11,-0.3065,0.166,0.1604,-0.0297,0.0589,1277
GRM Overseas,531449,GRMOVER,Agricultural Food & other Products,0.1488,0.6061,0.0409,0.0038,0.12,0.0843,0.1932,0.6082,0.44,42.53,3.55,37.3,26.26,-0.0675,1.6666,0.1603,-0.0374,0.0403,1388
GRP,509152,GRPLTD,Industrial Products,0.0054,-0.2191,0.0802,-0.0032,-0.1187,0.0937,0.1255,0.8226,1.12,34.65,-2.92,2.8,16.93,-0.4953,0.065,0.1744,0.0183,0.2931,LOW LIQUIDITY
GTL Infra.,532775,GTLINFRA,Telecom - Services,0.0598,0.0961,0.318,0.0167,0.0197,0.0824,0.1469,10.477,,,0,-331.2,12.18,-0.4779,0.0656,0,0,-0.0197,LOW LIQUIDITY
GTPL Hathway,540602,GTPL,Entertainment,0.121,-0.2793,0.1087,0.0471,-0.1521,0.0225,0.033,4.8129,0.33,27.22,-1.79,10.8,3.05,-0.3736,0.0997,0.0413,-0.0531,0.1934,LOW LIQUIDITY
Gufic BioScience,509079,GUFICBIO,Pharmaceuticals & Biotechnology,0.1285,-0.314,0.1553,0.0614,-0.2225,0.1218,0.0832,1.0332,0.59,65.97,-2.96,57.2,28.85,-0.2812,0.2567,0.1232,-0.0763,0.3457,LOW LIQUIDITY
Guj Apollo Inds,522217,GUJAPOLLO,Industrial Manufacturing,0.3113,-0.5115,-0.1815,0.1372,-4.8182,0.1203,-0.0023,-2.2697,0.09,,0,1.4,55.27,-0.1856,0.8395,0.0016,-0.0237,4.8198,LOW LIQUIDITY
Guj Inds. Power,517300,GIPCL,Power,0.1642,-0.3865,0.3353,0.0771,-0.1122,0.225,0.0318,3.695,0.79,13.06,-1.16,10.8,10.04,-0.4126,0.065,0.0619,0.0004,0.1741,1124
Guj Pipavav Port,533248,GPPL,Transport Infrastructure,0.3185,0.3783,0.5941,0.0777,0.0765,0.5465,0.27,0.8234,0.02,20.92,2.73,200,11.44,-0.065,0.5324,0.1896,0.0015,0.1131,546
Guj. Ambuja Exp,524226,GAEL,Agricultural Food & other Products,0.3219,-0.4515,0.051,0.122,-0.1673,0.0592,0.0935,0.9579,0.09,26.58,-1.59,81.3,13.06,-0.1747,0.2101,0.0859,-0.0466,0.2532,1434
Guj. Themis Bio.,506879,GUJTHEM,Pharmaceuticals & Biotechnology,0.2198,0.3491,0.4945,0.031,-0.0098,0.4159,0.1993,1.3813,0.27,87.23,-88.63,173.6,59,-0.1919,1.0143,0.2169,-0.1207,0.2267,LOW LIQUIDITY
Guj.Nat.Resour.,513536,,Oil,0.7546,9.3478,0.5595,0.0329,-1.4229,0.2603,0.0124,34.5795,0.05,711.3,-5,80.2,116.62,-0.0948,4.4303,-0.0287,0.0062,1.3942,
Guj.St.Petronet,532702,GSPL,Gas,0.0039,-0.0742,0.1519,-0.0348,-0.0731,0.1274,0.1038,1.1964,0.01,16.17,-2.21,78.7,4.97,-0.2519,0.13,0.0989,-0.0617,0.172,1583
Gujarat Alkalies,530001,GUJALKALI,Chemicals & Petrochemicals,0.0933,1.8988,0.0682,0.0541,-1.0023,0.0127,0.0011,-17.3975,0.11,25483.93,-254.26,5,8.97,-0.3663,0.0784,-0.0113,0.0275,0.991,LOW LIQUIDITY
Gujarat Fluoroch,542812,FLUOROCHEM,Chemicals & Petrochemicals,0.0185,0.4793,0.3008,0.0267,0.2441,0.2089,0.1212,0.6335,0.23,54.14,2.22,53.1,27.85,-0.2616,0.0802,0.0829,0.006,-0.1612,1617
Gujarat Gas,539336,GUJGASLTD,Gas,-0.0004,-0.0937,0.1183,-0.0352,-0.0334,0.0967,0.1591,1.1215,0.02,25.26,-7.55,223.1,13.36,-0.2193,0.1362,0.1425,-0.0072,0.1759,814
Gulf Oil Lubric.,538567,GULFOILLUB,Petroleum Products,0.1265,0.0319,0.1238,0.0615,0.0636,0.144,0.3438,0.8374,0.29,15.39,2.42,17.2,8.63,-0.1231,0.2821,0.2546,0.0073,0.191,LOW LIQUIDITY
Gulshan Polyols,532457,GULPOLY,Agricultural Food & other Products,0.2299,11.1628,0.0773,0.1188,0.8061,0.042,0.0541,0.6815,0.7,20.66,0.26,8.6,9.63,-0.3717,0.0653,0.0392,0.0214,-0.7669,LOW LIQUIDITY
GVK Power Infra.,532708,GVKPIL,Construction,-1,-1.0063,,-0.6661,-5.2009,-0.9661,-9.0816,1.1695,,,0,-59.1,-9.71,-0.3365,0.1803,0,0,5.2009,LOW LIQUIDITY
H P C L,500104,HINDPETRO,Petroleum Products,0.009,26.0505,0.0679,-0.005,1.0643,0.0506,0.2641,1.1491,1.11,6.84,0.06,356.6,5.58,-0.0942,0.5578,0.1376,-0.2662,-0.9267,2110
H T Media,532662,HTMEDIA,Media,0.0655,0.3961,-0.0091,0.034,37.3393,0.0561,0.0188,0.7879,0.48,25.38,0.01,7.7,6.46,-0.1861,0.6065,0.0003,0.0194,-37.339,LOW LIQUIDITY
H U D C O,540530,HUDCO,Finance,0.2785,0.0308,0.9545,0.137,0.0347,0.9785,39.903,-3.0435,7.03,15.88,4.57,494,14.86,-0.1577,0.3996,0.1567,0.025,0.122,462
H.G. Infra Engg.,541019,HGINFRA,Construction,0.0023,-0.3537,0.2275,-0.0087,-0.1848,0.1726,0.1388,-0.9446,1.84,13.6,-0.74,11.6,10.75,-0.4617,0.0076,0.1828,-0.058,0.3676,747
Haldyn Glass,515147,,Industrial Products,0.0926,0.3002,0.117,0.0996,0.1221,0.0973,0.0854,1.16,0.26,23.95,1.96,12,7.6,-0.4758,0.097,0.0888,-0.0087,-0.0333,
Haleos Labs Limited,540679,HALEOSLABS,Pharmaceuticals & Biotechnology,0.0371,0.3062,0.1669,-0.0207,-0.0692,0.1007,0.1082,0.9751,0.34,20.75,-3,0.6,9.26,-0.2172,0.3756,0.1076,0.055,0.1768,LOW LIQUIDITY
Hampton Sky,526407,,Realty,-0.2926,-5.2105,-0.5562,-0.6133,-3.9126,-0.7694,-0.0625,-1.4369,0.46,,0,72.1,-26.95,-0.6307,0.0169,0.0384,-0.0535,3.951,
Happiest Minds,543227,HAPPSTMNDS,IT - Software,0.0996,0.0909,0.172,0.067,0.0522,0.1741,0.1453,0.6444,0.78,38.4,7.35,72.8,17.24,-0.3429,0.0504,0.1261,-0.0795,0.0739,1702
Happy Forgings,544057,HAPPYFORGE,Industrial Products,0.045,0.0281,0.3068,0.0203,0.014,0.2592,0.1953,0.7959,0.1,36.25,25.8,47.4,21.87,-0.0813,0.4559,0.1546,-0.0323,0.1406,1112
Hardwyn India,541276,HARDWYN,Consumer Durables,0.082,0.0724,0.1493,0.0339,0.2409,0.1376,0.3622,0.086,0.02,62.8,2.61,102.2,38.81,-0.2817,0.5888,0.0277,0.0019,-0.2132,LOW LIQUIDITY
Hariom Pipe,543517,HARIOMPIPE,Industrial Products,0.0687,-0.3384,0.1272,-0.0671,0.0154,0.0905,0.1198,0.6155,0.69,17.78,11.52,5.7,7.94,-0.3924,0.1934,0.1187,-0.0165,0.1033,1281
Harri. Malayalam,500467,HARRMALAYA,Industrial Products,-0.0211,0.562,-0.0051,0.0349,1.0232,0.0787,0.1091,0.8553,0.69,10.91,0.11,3.5,8.67,-0.5051,0.0247,0.0954,0.0944,-0.9278,LOW LIQUIDITY
Harsha Engg Intl,543600,HARSHA,Industrial Products,0.0731,0.2583,0.1414,0.034,0.0982,0.1264,0.1175,1.2116,0.24,29.38,2.99,23.8,16.5,-0.3262,0.1437,0.0875,-0.0096,-0.0107,LOW LIQUIDITY
Hathway Cable,533162,HATHWAY,Entertainment,0.0467,-0.2904,0.1507,0.0254,0.0224,0.0613,0.0297,2.2007,0,23.16,10.36,90.9,4.54,-0.3078,0.1107,0.0222,0.0064,-0.0002,LOW LIQUIDITY
Hatsun Agro,531531,HATSUN,Food Products,0.1492,0.8685,0.1389,0.0541,0.2769,0.072,0.1744,2.5691,1.08,65.14,2.35,280.1,21.82,-0.1172,0.2814,0.1705,0.0003,-0.1064,1098
Havells India,517354,HAVELLS,Consumer Durables,0.0529,0.1893,0.0917,-0.0051,-0.0139,0.0926,0.2336,0.7293,0.03,61.5,-44.37,650.6,36.53,-0.1959,0.054,0.1881,0.0086,0.202,323
Hawkins Cookers,508486,,Consumer Durables,0.0697,-0.0619,0.1391,0.0288,-0.0108,0.1365,0.3926,0.6459,0.16,36.72,-33.96,5.9,23.98,-0.2045,0.1092,0.32,-0.0404,0.3308,
Haz.Multi Proj.,532467,,Realty,-0.333,-1.9011,-0.0386,0.0922,-0.4082,0.0832,0.0438,-2.0587,0.79,38.1,-0.93,42.9,15.33,-0.3662,0.4093,0.1137,0.1137,0.5219,
HBL Engineering,517271,HBLENGINE,Industrial Products,1.3474,3.6485,0.4449,0.3983,1.3762,0.3297,0.4961,0.6154,0.04,33.99,0.25,313.8,23.44,-0.2779,1.004,0.2058,-0.072,-1.1704,1887
HCL Infosystems,500179,HCL-INSYS,IT - Hardware,-0.2533,0.2985,-3.4339,-0.0878,-0.0727,-1.11,0.0513,1.0726,,,0,-50.7,-26.57,-0.4261,0.1935,0,0,0.0727,LOW LIQUIDITY
HCL Technologies,532281,HCLTECH,IT - Software,0.1067,0,0.2049,0.0459,-0.0153,0.192,0.3021,0.9392,0.1,26.46,-17.34,1711,15.6,-0.1777,0.2701,0.25,0.017,0.2653,183
HDB FINANC SER,544429,HDBFS,Finance,0.1344,-0.0162,0.5563,0.0687,-0.0108,0.5504,-1.911,-1.4557,4.68,28.8,-26.69,265.9,15.43,-0.163,0.0589,0.1472,-0.0482,0.158,1223
HDFC AMC,541729,HDFCAMC,Capital Markets,0.1565,0.2447,0.7803,-0.0544,0.1159,0.9265,30.6059,0.6301,0,40.44,3.49,613.8,30.72,-0.1251,0.4729,0.3235,0.0284,0.2076,151
HDFC Bank,500180,HDFCBANK,Banks,0.0481,0.1001,0.4809,0.0292,0.0238,0.8244,0.4686,0.4545,6.3,21.2,8.9,4371.4,16.81,-0.0228,0.2279,0.1445,-0.0269,0.1207,1178
HDFC Life Insur.,540777,HDFCLIFE,Insurance,-0.2753,0.0301,0.0152,-0.0142,0.1378,0.0218,19.2793,13.6462,0.14,86.66,6.29,2084.5,83.12,-0.073,0.3021,0.108,0.0066,-0.0298,1303
Health.Global,539787,HCG,Healthcare Services,0.1686,-0.0956,0.1906,0.0837,-0.2123,0.0899,0.0277,1.4917,1.92,285.43,-13.44,154.6,25.83,-0.1095,0.5681,0.0514,-0.0045,0.2637,LOW LIQUIDITY
HEG,509631,HEG,Industrial Products,0.2319,0.742,0.1693,0.0831,1.2404,0.1605,0.0912,1.4011,0.14,39.17,0.32,41.8,18.09,-0.159,0.5792,0.0259,-0.0455,-1.2145,2167
Heidelberg Cem.,500292,HEIDELBERG,Cement & Cement Products,0.1089,1.2239,0.1124,0.0538,0.2028,0.0882,0.1265,1.5072,0.06,31.22,1.54,69.6,12,-0.2694,0.0078,0.0748,-0.0395,-0.128,LOW LIQUIDITY
Hemant Surgical,543916,,Healthcare Equipment & Supplies,0.3149,0.7013,0.118,0.1446,0.295,0.1369,0.1014,0.7018,0.43,37.08,1.26,4.1,20.02,-0.1974,2.3426,0.1358,-0.1145,-0.1592,
Hemisphere Prop,543242,HEMIPROP,Commercial Services & Supplies,0.0435,-0.7745,-10.5,0.0549,0.2819,-5.1354,-0.0204,5.2853,0.2,,0,248,-815.72,-0.2963,0.2287,-0.0199,0.0073,-0.3018,1975
Heranba Inds,543266,HERANBA,Fertilizers & Agrochemicals,0.1927,-1.0382,0.0936,0.1706,-16.2695,0.0088,-0.0353,2.0839,0.61,,0,4.7,16.11,-0.4995,0.2122,0.0037,-0.0385,16.2732,LOW LIQUIDITY
Hercules Investments,505720,HERCULES,Industrial Manufacturing,0,0.9623,,,0.4194,,0.4534,1.3386,0,67.25,1.6,2,66.28,-0.3447,0.3311,0.0071,-0.0052,-0.4123,LOW LIQUIDITY
Heritage Foods,519552,HERITGFOOD,Food Products,0.0912,-0.096,0.0694,0.0477,-0.0447,0.058,0.1888,0.811,0.21,26.06,-5.83,39.8,14.17,-0.1099,0.3692,0.2021,0.0693,0.2468,153
Hero Motocorp,500182,HEROMOTOCO,Automobiles,0.1656,0.2305,0.1445,0.0306,0.2393,0.1669,0.4377,0.7349,0.03,24.01,1,120.8,16.17,-0.0019,0.9081,0.2306,0.0109,-0.0087,574
Hester Bios,524669,HESTERBIO,Pharmaceuticals & Biotechnology,-0.152,0.7622,0.1651,-0.0349,0.577,0.2004,0.1105,1.2227,0.63,31.98,0.55,3.5,20.83,-0.385,0.323,0.0918,0.0258,-0.4852,LOW LIQUIDITY
Heubach Colorant,506390,HEUBACHIND,Chemicals & Petrochemicals,-0.1615,-0.0945,0.0971,0.0025,0.1928,0.1113,0.1593,1.391,0.04,14.56,0.76,4.2,7.31,-0.2988,0.0174,0.1162,0.0253,-0.0766,LOW LIQUIDITY
Hexa Tradex,534328,HEXATRADEX,Finance,0.0163,0.9805,0.0386,0.011,-1.8597,0.7614,-1.7626,10.6588,0,42.72,-0.23,1.1,266.73,-0.494,0.0299,-0.006,-0.0363,1.8537,LOW LIQUIDITY
Hexaware Tech.,544362,HEXT,IT - Software,0.1109,0.2234,0.1726,0.0946,0.1973,0.1456,0.3071,0.957,0.1,34.53,1.75,505.8,21.09,-0.124,0.3358,0.2334,0.0072,0.0361,515
HFCL,500183,HFCL,Telecom - Services,-0.046,-0.0816,0.1822,-0.083,-0.8431,0.0728,0.0065,0.9861,0.38,365.07,-4.33,354.9,28.85,-0.4775,0.0279,0.0442,-0.0492,0.8873,1314
Hi-Green Carbon,,HIGREEN,Other Utilities,0.9122,-0.1092,0.1548,0.3408,0.0508,0.12,0.1131,0.8911,0.62,35.09,6.91,10.1,16.6,-0.5654,0.021,0.1238,-0.0806,0.073,
Hi-Tech Pipes,543411,HITECH,Industrial Products,0.2166,0.1187,0.0516,0.0252,0.0697,0.0444,0.0809,0.4956,0.21,25.51,3.66,31.1,12.91,-0.45,0.1994,0.0795,-0.0088,0.0098,1649
High Energy Bat.,504176,,Household Products,0.1572,0.1167,-0.0428,-0.0209,-0.1698,0.2491,0.1817,0.1672,0.22,38.09,-2.24,4.6,25.52,-0.3116,0.3608,0.173,-0.0492,0.3428,
Highway Infra,544477,HILINFRA,Transport Infrastructure,-0.0905,35.9231,-0.0745,0,0,0.0744,0.131,-0.3449,0.21,15.95,,15.6,13.55,-0.5257,0.0144,0.1883,-0.0436,0.1883,LOW LIQUIDITY
Hikal,524735,HIKAL,Pharmaceuticals & Biotechnology,-0.2968,-2.9071,0.0226,-0.0865,-0.8883,0.049,0.0206,1.4126,0.57,309.26,-3.48,32.2,16.13,-0.4463,0.1635,0.0738,0.0142,0.9621,440
Himadri Special,500184,HSCL,Chemicals & Petrochemicals,-0.058,0.3051,0.2173,-0.0321,0.1808,0.2148,0.2376,0.5252,0.21,35.53,1.96,283.1,23.06,-0.2378,0.3157,0.1642,0.0102,-0.0166,858
Himatsing. Seide,514043,HIMATSEIDE,Textiles & Apparels,-0.0933,0.9355,0.1574,-0.0516,8.4767,0.1654,0.0592,0.5747,1.22,8.69,0.01,8.9,6.7,-0.4922,0.094,0.01,-0.0676,-8.4667,2202
Hind Rectifiers,504036,HIRECT,Industrial Manufacturing,0.3696,0.4475,0.114,0.2144,0.3042,0.0994,0.303,0.5649,1.09,54.82,1.8,23.6,31.61,-0.2827,0.8929,0.2572,0.1105,-0.047,309
Hind. Unilever,500696,HINDUNILVR,Diversified FMCG,0.0198,-0.0214,0.2294,0.0178,0.0148,0.2216,0.2266,0.8194,0.04,54.55,36.8,2783.1,36.71,-0.1142,0.1527,0.2072,0.0048,0.1924,325
Hind.Aeronautics,541154,HAL,Aerospace & Defense,0.1092,0.1082,0.235,0.0363,0.0133,0.3536,0.1672,1.2539,0,35.51,26.76,542,20.06,-0.1295,0.4763,0.2607,-0.0283,0.2474,488
Hind.Composites,509635,HINDCOMPOS,Auto Components,0.1511,-0.4316,0.1189,0.0663,-0.1006,0.1571,0.2194,0.5397,0,16.1,-1.6,0.8,9.59,-0.3454,0.0558,0.0417,0.0031,0.1423,LOW LIQUIDITY
Hind.Construct.,500185,HCC,Construction,-0.3171,-0.2526,0.1515,-0.2089,24.9574,0.1194,-0.2618,0.2291,1.47,,0,785.4,8.81,-0.4579,0.2139,-0.007,-0.007,-24.9644,LOW LIQUIDITY
Hind.Oil Explor.,500186,HINDOILEXP,Oil,2.3225,-0.7382,0.0722,0.3866,-0.2576,0.2105,0.0677,0.9339,0.06,18.68,-0.73,19.7,10.23,-0.2965,0.1353,0.118,-0.065,0.3756,1166
Hind.Urban Infra,539984,,Electrical Equipment,-0.2098,-1.5974,0.0059,-0.056,0.4059,-0.1025,-0.0894,0.2882,1.34,,0,0.2,-25.32,-0.284,0.2879,-0.1153,-0.0444,-0.5212,
Hindalco Inds.,500440,HINDALCO,Non - Ferrous Metals,0.135,0.1425,0.1357,0.0632,0.1117,0.1086,0.1264,0.9419,0.56,10.16,0.91,303.4,6.83,-0.0616,0.4843,0.1402,0.0407,0.0285,655
Hinduja Global,532859,HGS,Commercial Services & Supplies,0.0036,0.5689,0.0239,-0.0072,-1.4815,0.0746,0.0001,1.5546,0.24,,0,1.3,3.78,-0.3769,0.0818,0.016,0.0031,1.4975,LOW LIQUIDITY
Hindustan Copper,513599,HINDCOPPER,Non - Ferrous Metals,0.3857,0.8295,0.3929,0.1075,0.2387,0.3388,0.2686,0.8585,0.05,61.68,2.58,1145.7,37.05,-0.0061,0.9897,0.1872,0.0518,-0.0515,521
Hindustan Foods,519126,HNDFDS,Diversified FMCG,0.1759,0.5364,0.0825,0.0791,0.1772,0.0648,0.1017,0.5025,0.87,49.78,2.81,72.3,21.39,-0.1347,0.2503,0.1397,-0.0426,-0.0375,LOW LIQUIDITY
Hindustan Media,533217,HMVL,Media,0.1447,-0.2733,-0.0493,0.0623,0.1193,0.1218,0.0932,0.4466,0.05,5.72,0.48,2.3,4.78,-0.3738,0.0144,0.0496,0.0449,-0.0697,LOW LIQUIDITY
Hindustan Motors,500500,HINDMOTORS,Automobiles,-1,-0.9918,,-0.7378,6.0412,14.2373,0.2294,-20.2556,0,52.91,0.09,208.9,39.57,-0.5166,0.031,0.0402,-0.1272,-6.001,
Hindustan Zinc,500188,HINDZINC,Non - Ferrous Metals,0.0343,0.1158,0.5192,-0.0037,0.0127,0.4357,0.6739,0.965,0.82,20.07,15.79,6513.7,11.97,-0.0918,0.3136,0.7242,0.1723,0.7115,24
Hindware Home In,542905,HINDWAREAP,Consumer Durables,0.0738,1.3173,0.0834,-0.0088,-0.9709,0.0346,0.0104,3.1887,1.21,,0,28.5,16.78,-0.2271,0.7106,-0.0646,-0.1084,0.9063,1752
Hitachi Energy,543187,POWERINDIA,Electrical Equipment,0.1794,4.0557,0.1632,0.0674,0.8657,0.1446,0.2157,2.615,0.02,124.89,1.44,87.1,78.52,-0.1206,1.2986,0.1379,0.0105,-0.7278,1451
Hitech Corp.,526217,HITECHCORP,Industrial Products,0.122,0.5,0.1212,0.0715,0.527,0.0565,0.0514,1.8103,0.47,26.26,0.5,2,6.17,-0.3718,0.2068,0,0,-0.527,LOW LIQUIDITY
HLE Glascoat,522215,HLEGLAS,Industrial Manufacturing,0.4877,0.0728,0.109,0.1673,0.2246,0.1082,0.1061,1.1774,0.75,54.56,2.43,42.8,21.26,-0.3181,1.0725,0.1067,0.0205,-0.1179,1271
HLV,500193,HLVLTD,Leisure Services,-0.1739,-8.4576,-0.1733,-0.048,-0.5964,0.0664,0.025,1.2213,0.08,58.91,-0.99,87.7,17.23,-0.5698,0.0305,0.0557,0.0004,0.6521,LOW LIQUIDITY
HMA Agro Inds.,543929,HMAAGRO,Food Products,0.4704,0.7281,0.0443,0.2142,0.4356,0.0338,0.2178,0.8185,0.73,12.05,0.28,86.6,7.99,-0.3809,0.0864,0.1148,-0.0478,-0.3208,LOW LIQUIDITY
HMT,500191,HMT,Industrial Manufacturing,-0.3789,-0.4426,-1.451,-0.1613,0.0576,-0.6835,0.0806,0.6576,,,0,-31.2,-34.23,-0.3932,0.076,0,0,-0.0576,LOW LIQUIDITY
Home First Finan,543259,HOMEFIRST,Finance,0.28,0.4296,0.7933,0.138,0.1851,0.7897,0.41,-1.8015,2.4,24.89,1.34,29.1,14.01,-0.2858,0.2936,0.1646,0.0094,-0.0205,869
Honasa Consumer,544014,HONASA,Personal Products,0.2616,3.5704,0.0826,0.1274,0.9419,0.0844,0.2536,0.8271,0.09,72.66,0.77,233.1,41.63,-0.1677,0.4639,0.0551,0.0551,-0.8868,1632
Honda India,522064,HONDAPOWER,Industrial Manufacturing,-0.009,0.308,0.0645,0.0115,-0.0435,0.1278,0.1598,0.2057,0,32.68,-7.52,3.3,16.27,-0.2573,0.3503,0.0947,-0.0202,0.1382,LOW LIQUIDITY
Honeywell Auto,517174,HONAUT,Industrial Manufacturing,0.1226,0.0382,0.1145,0.0831,-0.0146,0.1549,0.1733,0.5936,0.02,59.81,-41,6.5,36.25,-0.2043,0.1233,0.137,-0.0106,0.1516,952
HP Adhesives,543433,HPAL,Chemicals & Petrochemicals,0.1063,-0.0801,0.0983,0.0474,-0.071,0.0909,0.1097,0.3932,0.01,24.75,-3.49,19.5,13.51,-0.4935,0.04,0.0982,-0.0275,0.1692,LOW LIQUIDITY
HP Telecom,,HPTL,Commercial Services & Supplies,0.1859,-2.0084,-0.0014,0.0766,-0.5218,0.0144,0.0667,-2.0506,0.58,163.65,-3.14,5.6,46.21,-0.0812,1.9767,0,0,0.5218,
HPL Electric,540136,HPL,Industrial Manufacturing,0.0287,0.0349,0.1517,0.0013,0.0166,0.1301,0.1232,0.6335,0.78,26.38,15.85,17,11.98,-0.3849,0.1619,0.1082,0.0539,0.0916,LOW LIQUIDITY
Hubtown,532799,HUBTOWN,Realty,1.1074,0.445,0.1502,0.4325,1.8964,0.487,0.0541,-2.5397,0.41,34.15,0.18,23.8,18.15,-0.1627,1.0444,0.0241,0.0976,-1.8723,1723
Huhtamaki India,509820,HUHTAMAKI,Industrial Products,-0.0426,2.4364,0.0888,-0.0219,0.6394,0.0582,0.0886,1.4516,0.12,16.32,0.26,9.9,8.21,-0.3241,0.2537,0.0515,-0.0789,-0.5879,LOW LIQUIDITY
Hyundai Motor I,544274,HYUNDAI,Automobiles,0.011,0.1738,0.1397,-0.0113,0.0215,0.1146,0.4455,0.5652,0.05,34.39,16.02,922.9,19.27,-0.179,0.5391,0.4218,0.026,0.4003,92
I G Petrochems,500199,IGPL,Chemicals & Petrochemicals,-0.2018,-1.0764,0.0434,-0.1055,-0.6924,0.039,0.0299,1.4875,0.31,37.95,-0.55,2.9,10.21,-0.3505,0.1086,0.0817,0.0515,0.7741,LOW LIQUIDITY
I O B,532388,IOB,Banks,0.1457,0.5781,0.6564,0.0657,0.2786,0.8104,0.2017,0.1362,11.07,17.07,0.61,4022.7,18.03,-0.3695,0.1448,0.1102,0.0104,-0.1684,LOW LIQUIDITY
I O C L,530965,IOC,Petroleum Products,0.0209,13.8814,0.0909,0.0028,1.0245,0.0539,0.1353,1.4202,0.74,9.42,0.09,1646.4,6.46,-0.0673,0.47,0.0651,-0.1915,-0.9594,LOW LIQUIDITY
I R C T C,542830,IRCTC,Leisure Services,0.0771,0.0969,0.3528,0.0265,0.044,0.3742,0.4396,0.4828,0.02,40.33,9.16,1012.8,27.69,-0.2164,0.0277,0.3716,-0.0329,0.3276,351
I R F C,543257,IRFC,Finance,-0.0765,0.1019,0.9923,-0.0139,0.0512,0.9933,0.0153,0.3048,7.25,21.95,4.28,3489.3,20.24,-0.3119,0.063,0.1277,-0.0078,0.0765,1194
I T D C,532189,ITDC,Leisure Services,-0.1864,-0.3075,0.1612,-0.0363,-0.1024,0.1863,0.3096,0.5334,0,66.43,-6.49,122.5,42.33,-0.2406,0.2032,0.2421,0.0416,0.3445,LOW LIQUIDITY
ICE Make Refrig.,,ICEMAKE,Industrial Manufacturing,0.4265,-0.5788,0.0652,0.1468,-0.3441,0.0516,0.1061,0.8517,1.39,71.36,-2.07,14.1,28.99,-0.3691,0.1943,0.203,-0.08,0.5471,LOW LIQUIDITY
ICICI Bank,532174,ICICIBANK,Banks,0.04,0.0316,0.2722,0.0341,0.0451,0.8667,0.5715,0.7588,5.58,18.6,4.12,2125.5,16.6,-0.0755,0.1692,0.1789,-0.0091,0.1338,742
ICICI Lombard,540716,ICICIGI,Insurance,0.1175,0.181,0.152,0.0633,0.1164,0.1452,-0.0928,0.3454,0,35.27,3.03,307.2,26.61,-0.0443,0.2297,0.188,0.0184,0.0716,474
ICICI Pru Life,540133,ICICIPRULI,Insurance,-0.5256,0.1787,-0.0016,-0.1867,0.0929,0.0311,1.0018,-5.8992,0.2,68.12,7.33,1012.9,51.18,-0.1227,0.1902,0.1043,0.0804,0.0114,804
ICRA,532835,ICRA,Capital Markets,0.0829,0.302,0.3553,0.0404,0.1061,0.4967,0.2191,0.6068,0.01,31.04,2.93,5.2,20.63,-0.1522,0.2063,0.1675,0.0111,0.0614,LOW LIQUIDITY
IDBI Bank,500116,IDBI,Banks,-0.0451,0.7356,0.7678,0.0007,0.2163,0.931,0.2841,1.032,4.81,11.31,0.52,1657.8,15.31,-0.0874,0.4819,0.1355,0.0183,-0.0808,1065
Ideaforge Tech,543932,IDEAFORGE,Aerospace & Defense,0.0987,-0.429,-0.2767,-0.4327,0.4252,-0.9727,-0.1683,1.2193,0.08,,0,14.9,-36.72,-0.3152,0.5043,-0.1027,-0.1911,-0.5279,2230
IDFC First Bank,539437,IDFCFIRSTB,Banks,0.1094,0.641,0.3378,0.0502,-0.0304,0.528,0.1143,0.7589,6.85,47.78,-15.7,1087.4,18.48,-0.0341,0.5227,0.0421,-0.0589,0.0725,1960
IFB Agro Inds.,507438,IFBAGRO,Beverages,0.5067,7.5884,0.0949,0.1536,1.197,0.0698,0.1323,1.7977,0.13,20.75,0.17,1.6,11.36,-0.2499,1.8152,0.0435,0.0572,-1.1535,1698
IFB Industries,505726,IFBIND,Consumer Durables,0.1219,0.494,0.0726,0.0419,0.0235,0.0392,0.1786,0.5184,0.18,49.3,20.95,28.2,19.85,-0.2107,0.5236,0.1625,0.063,0.139,293
IFCI,500106,IFCI,Finance,0.1866,0.7183,0.6684,0.07,1.218,0.6953,0.125,-0.7644,0.4,35.15,0.29,406.9,8.75,-0.3325,0.3942,0.026,0.0012,-1.192,2014
IFGL Refractori.,540774,IFGLEXPOR,Industrial Products,0.1885,0.0505,0.0777,0.0708,-0.3073,0.0331,0.0421,0.3861,0.19,50.13,-1.63,9.4,12.18,-0.3891,0.2722,0.0394,-0.0388,0.3467,LOW LIQUIDITY
Igarashi Motors,517380,IGARASHI,Auto Components,0.0142,-0.4172,0.1071,-0.0171,-0.3682,0.0408,0.0435,2.0194,0.31,90.8,-2.47,9.4,17.28,-0.4735,0.0987,0.053,0.0314,0.4212,507
IIFL Capital,542773,IIFLCAPS,Capital Markets,-0.1136,-0.5884,0.3723,-0.0836,-0.1375,0.4082,0.3192,0.8193,0.62,16.88,-1.23,109,7.51,-0.1802,0.8665,0.3158,-0.0074,0.4533,210
IIFL Finance,532636,IIFL,Finance,0.2931,0.2508,0.5996,0.1034,0.5208,0.5455,0.1462,-0.8708,4.53,28.04,0.54,78.8,12.15,-0.0446,1.0241,0.049,-0.1294,-0.4718,2173
IIRM Holdings,526530,,Commercial Services & Supplies,0.2377,-0.3083,0.228,0.0621,-0.1813,0.1401,0.1821,0.1769,0.32,27.84,-1.54,24,11.42,-0.4252,0.0821,0.1862,0.1862,0.3675,
IKIO Tech,543923,IKIO,Consumer Durables,0.3133,-0.2279,0.112,0.0665,-0.4275,0.0691,0.0574,0.6887,0.1,80.17,-1.88,19,21.93,-0.396,0.1099,0.0555,-0.1191,0.483,LOW LIQUIDITY
IL&FS Engg.,532907,IL&FSENGG,Construction,-0.1724,0.8826,-0.1619,-0.1732,-0.1298,-0.0986,0.0076,1.6407,,,0,-1.5,-147.78,-0.4202,0.1645,0,0,0.1298,LOW LIQUIDITY
Imagica. Enter.,539056,IMAGICAA,Leisure Services,0.046,-4.9216,-0.2177,-0.083,-0.6913,0.1247,0.0183,1.5822,0.15,113.82,-1.65,120.8,19.59,-0.4028,0.0106,0.0767,-0.0058,0.768,LOW LIQUIDITY
Ind-Swift Labs.,532305,INDSWFTLAB,Pharmaceuticals & Biotechnology,11.7625,18.4878,0.0096,0.0117,15.7458,0.0279,0.0485,-2.8976,0.02,25.81,0.02,4.8,9.05,-0.2513,0.3876,0.0018,-0.1982,-15.744,LOW LIQUIDITY
Indag Rubber,509162,,Auto Components,-0.154,-0.085,0.0583,-0.0881,-0.0586,0.0322,0.0578,0.4659,0.04,55.06,-9.39,3.8,25.4,-0.3489,0.1126,0.0286,0.0286,0.0872,
Indef Manufactur,544364,BAJAJINDEF,Industrial Manufacturing,0.1529,-0.445,0.1274,0.0454,-0.1493,0.2052,0.6118,0.114,0.02,34.48,-2.31,12.4,22.93,-0.4581,0.5798,0,0,0.1493,LOW LIQUIDITY
Indegene,544172,INDGN,Healthcare Services,0.1709,0.1134,0.1748,0.071,0.0704,0.1955,0.2033,0.7688,0.04,28.8,4.09,107.6,18.33,-0.2151,0.1029,0.2059,-0.0628,0.1355,1083
India Cements,530005,INDIACEM,Cement & Cement Products,0.0932,1.1161,0.0726,0.0316,-0.6234,-0.0539,-0.0182,0.4767,0.13,,0,39.3,293.79,-0.0425,0.7256,-0.0883,-0.0401,0.5351,1631
India Finsec,535667,,Finance,0.1187,0.3887,0.7551,0.0506,0.0825,0.711,0.6785,-0.5789,2.06,38.44,4.66,11.8,12.8,-0.2017,0.3412,0.1291,0.0108,0.0466,
India Glycols,500201,INDIAGLYCO,Beverages,0.1363,0.3088,0.1443,0.0538,0.088,0.1284,0.0768,0.7773,0.86,28.21,3.21,18.9,14.41,-0.1081,1.1703,0.1106,0.0199,0.0226,1008
India Homes,513361,,Industrial Products,0,0.3016,,-1.75,-0.2741,-248,-0.2782,0.5471,3.88,,0,763.6,-127.58,-0.2764,1.769,-0.4734,-0.0784,-0.1993,
India Motor Part,590065,IMPAL,Auto Components,0.0436,0.1283,0.0734,0.009,0.1696,0.1383,0.3676,0.1885,0,14.73,0.87,0.6,11.22,-0.2229,0.2382,0.035,-0.0022,-0.1346,LOW LIQUIDITY
India Nipp.Elec.,532240,INDNIPPON,Auto Components,0.2988,0.0964,0.1083,0.1194,0.0864,0.1205,0.2507,0.4797,0,21.13,2.45,5.4,13.92,-0.2408,0.5317,0.1233,0.0231,0.0369,LOW LIQUIDITY
India Pesticides,543311,IPL,Fertilizers & Agrochemicals,0.266,0.21,0.1695,0.1398,0.2716,0.1632,0.1641,0.0506,0.03,18.43,0.68,23.6,10.91,-0.3055,0.426,0.0973,0.0211,-0.1743,LOW LIQUIDITY
India Power Corp,,DPSCLTD,Power,0.2944,0.2,0.0343,0.0597,0.0825,0.0473,0.0147,2.1988,0.11,134.36,16.29,112.6,16.23,-0.4471,0.0086,0.0074,-0.0095,-0.0751,LOW LIQUIDITY
INDIA SHELTE FIN,544044,INDIASHLTR,Finance,0.3069,0.3556,0.7334,0.1686,0.1796,0.7245,1.9743,-1.7012,1.89,20.82,1.16,34.5,14.61,-0.1566,0.4146,0.1507,0.0111,-0.0289,931
Indiabulls,533520,IBULLSLTD,Commercial Services & Supplies,1.0565,7.3652,0.4538,-57.5328,-1.2592,0.3853,0.02,-0.6654,0.18,250.05,-1.99,15.9,29.14,-0.1049,0.6684,0,0,1.2592,LOW LIQUIDITY
Indiamart Inter.,542726,INDIAMART,Retailing,0.1245,-0.3879,0.2974,0.0606,0.0188,0.4786,0.3339,0.9112,0.01,25.63,13.62,38.7,18.73,-0.181,0.2391,0.2692,0.0927,0.2504,108
Indian Bank,532814,INDIANB,Banks,0.0819,0.1101,0.6928,0.0404,0.0467,0.8514,0.3073,0.3366,10.65,9.17,1.96,189.4,16.29,-0.1068,0.6936,0.1709,0.0174,0.1242,440
Indian Energy Ex,540750,IEX,Capital Markets,0.0934,0.1464,0.8671,0.055,0.0847,1.0543,0.6306,0.7771,0,29.33,3.46,980.3,21.26,-0.3132,0.1357,0.4053,0.0111,0.3206,131
Indian Hotels Co,500850,INDHOTEL,Leisure Services,0.1176,-0.0912,0.2793,0.0847,0.0156,0.2949,0.1637,0.8988,0.28,61.53,39.48,1277.5,32.87,-0.1848,0.0848,0.1612,0.0186,0.1456,424
Indian Hume Pipe,504741,INDIANHUME,Industrial Manufacturing,0.0294,1.6161,0.1413,-0.031,0.0577,0.1311,0.1617,1.0785,0.36,19.83,3.44,8,10.53,-0.1776,0.4339,0.0917,-0.0093,0.034,LOW LIQUIDITY
Indian Link Ch.,504746,,Industrial Products,0,-1.75,,,-0.3636,,0.0034,-1.0667,0,8254.67,-227,6.4,7165.63,-0.182,12.7805,0.0336,0.0053,0.3972,
Indian Metals,533047,IMFA,Ferrous Metals,0.0386,-0.2203,0.1925,0.0023,-0.1278,0.1856,0.179,1.0789,0.17,22.89,-1.79,16.3,14.92,-0.0038,1.5511,0.1701,-0.0027,0.2979,422
Indian Renewable,544026,IREDA,Finance,0.2622,0.4159,0.9329,0.1263,0.014,0.8855,-2.8027,-2.3155,5.41,22.3,15.9,835.3,15.84,-0.4165,0.004,0.1805,0.0076,0.1665,395
Indigo Paints,543258,INDIGOPNTS,Consumer Durables,0.0345,0.0585,0.1534,0.0085,0.0099,0.1523,0.1707,1.0508,0.02,42.72,43.27,27.2,24.9,-0.1387,0.4444,0.1465,-0.0287,0.1366,1137
IndiGrid Trust,540565,INDIGRID,Power,-0.0108,-0.549,0.8635,0.017,-0.1766,0.5511,0.012,1.5439,4.78,63.09,-3.57,324.2,13.29,-0.0449,0.2216,0.066,0.0204,0.2426,
Indiqube Spaces,544454,INDIQUBE,Commercial Services & Supplies,0.3884,0.4313,0.5937,0,0,0.1633,-0.0287,3.536,8.67,,,165.5,13.05,-0.1575,0.0517,-2.341,-2.341,-2.341,LOW LIQUIDITY
Indl. Inv. Trust,501295,IITL,Finance,-1.0566,-1.3515,4.1585,-0.6894,-2.4239,-1.233,-0.0242,-25.1504,0,,0,1.8,-85.42,-0.61,0.0868,0.0091,-0.1081,2.433,LOW LIQUIDITY
Indl.& Prud.Inv.,501298,,Finance,-0.5379,-0.0829,0.887,-0.0629,0.028,8.9343,26.8421,0.1949,0,16,5.72,0.2,16,-0.2081,0.1718,0.0759,0.0047,0.0479,
Indo Amines,524648,INDOAMIN,Chemicals & Petrochemicals,0.029,0.3133,0.1154,0.028,0.2687,0.1053,0.2084,0.3567,0.85,12.22,0.45,17.3,8.43,-0.4394,0.2436,0.1901,0.0226,-0.0786,LOW LIQUIDITY
Indo Borax & Ch.,524342,INDOBORAX,Chemicals & Petrochemicals,0.5276,0.0381,0.1815,0.1357,-0.0816,0.2724,0.1798,-1.2235,0,19.85,-2.43,6.9,11.8,-0.2135,0.6793,0.1352,-0.0045,0.2168,LOW LIQUIDITY
Indo Count Inds.,521016,ICIL,Textiles & Apparels,0.0254,-0.5144,0.0976,0.0105,-0.3324,0.084,0.0767,0.8611,0.54,38.02,-1.14,53.7,14.98,-0.2586,0.4917,0.113,-0.0622,0.4454,1128
Indo Farm Equip.,544328,INDOFARM,"Agricultural, Commercial & Construction Vehicles",0.2068,0.3833,0.1228,0.1585,0.1837,0.1238,0.0583,1.0579,0.33,35.01,1.91,8.7,16.37,-0.309,0.5279,0.0556,0.0049,-0.1281,LOW LIQUIDITY
Indo National,504058,NIPPOBATRY,Household Products,-0.0625,-0.4793,0.0331,-0.0207,-1.0795,-0.0218,-0.0445,-0.361,0.1,,0,0.6,148.45,-0.3164,0.0885,0.367,0.3259,1.4465,LOW LIQUIDITY
Indo Rama Synth.,500207,INDORAMA,Textiles & Apparels,0.2842,1.5569,0.056,0.1483,57.1803,0.0584,0.2621,2.4493,2.44,9.01,0,75,7.05,-0.3484,0.6794,0.0066,0.4337,-57.1737,LOW LIQUIDITY
Indo Tech.Trans.,532717,INDOTECH,Electrical Equipment,0.2505,0.3984,0.1693,0.1935,0.3181,0.1558,0.3484,0.5771,0.04,20.05,0.63,5.5,13.56,-0.5802,0.0442,0.2566,0.0151,-0.0615,LOW LIQUIDITY
Indo Thai Sec.,533676,INDOTHAI,Capital Markets,1.544,2.181,0.8423,0.837,1.5891,0.6003,0.1945,-1.8647,0.02,239.24,1.51,286.8,165.22,-0.1064,2.9437,0.0654,-0.1776,-1.5237,2185
Indoco Remedies,532612,INDOCO,Pharmaceuticals & Biotechnology,0.1202,0.2191,0.0888,0.0361,0.4819,-0.0246,-0.0834,-10.2185,1.02,,0,21.9,42.81,-0.2789,0.3276,-0.0702,-0.1549,-0.5521,LOW LIQUIDITY
Indogulf Cropsci,544432,IGCL,Fertilizers & Agrochemicals,0,0,0.1216,0,0,0.0983,0.1078,-0.2013,0.46,17.01,,7.6,10.51,-0.312,0.0222,0.1224,-0.0208,0.1224,LOW LIQUIDITY
Indokem,504092,,Chemicals & Petrochemicals,-0.0691,0,0.03,0.009,0.8025,0.0485,0.0713,0.8227,0.36,402.95,5.02,100.6,209.17,-0.1206,9.6762,0.0521,0.1555,-0.7504,
Indosolar,533257,WAAREEINDO,Electrical Equipment,6.2082,3.8882,0.3491,1.1396,2.9007,0.2512,1.2121,1.2418,0.02,10.27,0.04,44.8,10.36,-0.2739,2.1891,4.202,4.202,1.3013,LOW LIQUIDITY
Indostar Capital,541336,INDOSTAR,Finance,0.0134,-0.412,0.5176,0.0266,27.0668,0.2085,-0.6851,-1.463,1.43,,0,11.6,26.37,-0.3187,0.1675,-0.0045,-0.0123,-27.0713,LOW LIQUIDITY
Indrapr.Medical,532150,INDRAMEDCO,Healthcare Services,0.0892,0.1665,0.1872,0.0357,0.0829,0.1712,0.328,0.7026,0.05,25.8,3.11,62.8,14.51,-0.2318,0.6023,0.3004,0.0092,0.2175,201
Indraprastha Gas,532514,IGL,Gas,0.0881,-0.1508,0.1096,0.048,-0.0374,0.1294,0.1924,1.0304,0.01,16.96,-4.54,337.9,9.73,-0.1548,0.1262,0.1639,-0.0574,0.2013,LOW LIQUIDITY
Indus Inf. Trust,544137,INDUSINVIT,Transport Infrastructure,-0.2089,-0.4308,0.6591,0.0358,-0.0358,0.8014,0.3098,0.7168,0.46,11.78,-3.29,48.1,11.6,-0.0486,0.2441,0.0938,0.0938,0.1296,
Indus Towers,534816,INDUSTOWER,Telecom - Services,0.0968,-0.1728,0.5584,0.0464,-0.0328,0.4407,0.2178,1.3388,0.58,11.34,-3.45,775.4,6.08,-0.0651,0.2862,0.325,0.0831,0.3578,77
IndusInd Bank,532187,INDUSINDBK,Banks,-0.0849,-1.3282,0.4276,-0.028,-1.295,0.6141,-0.0186,0.5512,6.7,,0,80.7,16.41,-0.2057,0.4255,0.0402,-0.1117,1.3352,1493
Infibeam Avenues,539807,INFIBEAM,Financial Technology (Fintech),0.9327,0.5094,0.0456,0.3715,0.0265,0.0615,0.0811,0.2225,0.02,21.19,7.98,336.3,10.48,-0.3206,0.4235,0.0647,0.0165,0.0382,1266
Infinium Pharma,,INFINIUM,Pharmaceuticals & Biotechnology,0.0129,0.2698,0.1242,0.0069,-0.0706,0.109,0.1178,-1.6097,0,40.38,-5.72,5.1,17.73,-0.2819,0.1314,0.1195,-0.1583,0.1901,
Influx Health.,,INFLUX,Pharmaceuticals & Biotechnology,0.3891,0.7811,0.2197,0.1784,0.3209,0.1869,0.2805,0.3946,0,31.73,0.99,14.4,21.16,0,1.0171,0.4538,-0.1925,0.1329,
Info Edg.(India),532777,NAUKRI,Retailing,0.1493,18.1356,0.3474,0.0768,2.4804,0.6513,0.3785,0.8475,0.01,68.79,0.28,120.9,42.72,-0.2408,0.2126,0.0116,-0.0128,-2.4688,2119
InfoBeans Tech.,543644,INFOBEAN,IT - Software,0.2765,0.7859,0.2499,0.1065,0.6572,0.1972,0.2181,0.8855,0.04,22.87,0.35,9.7,12.79,-0.167,1.2462,0.1237,0.0431,-0.5335,LOW LIQUIDITY
Infollion Resea.,,INFOLLION,Commercial Services & Supplies,0.4518,0.2088,0.1658,0.2058,0.2447,0.2008,0.3036,0.4143,0,27.82,1.14,6,18.25,-0.32,0.1466,0.2296,-0.0655,-0.0151,
Infosys,500209,INFY,IT - Software,0.0855,0.1319,0.2368,0.0397,0.0606,0.2344,0.4331,0.946,0.08,23.61,3.89,2669.3,14.39,-0.2039,0.2223,0.2883,-0.03,0.2277,493
Ingersoll-Rand,500210,INGERRAND,Industrial Products,-0.0005,0,0.2356,0.0036,-0.0115,0.2673,0.5659,0.7323,0.02,43.94,-38.32,56.5,30.53,-0.1994,0.2055,0.4501,0.0661,0.4616,LOW LIQUIDITY
Innova Captab,544067,INNOVACAP,Pharmaceuticals & Biotechnology,0.1954,-0.1523,0.1364,0.096,-0.0306,0.1301,0.1178,0.3677,0.33,32.83,-10.73,22.9,20.34,-0.4351,0.0752,0.1434,-0.027,0.174,LOW LIQUIDITY
Innovana Think.,544302,INNOVANA,IT - Software,0.4319,0.1642,0.4346,0.1627,0.1531,0.5266,0.4364,0.6134,0.19,18.8,1.23,7.2,13.2,-0.3237,0.6238,0.2292,-0.0448,0.0761,LOW LIQUIDITY
Innovators,541353,,Industrial Manufacturing,-0.267,-0.3717,0.1511,-0.1376,-0.1936,0.1398,0.1243,0.1019,0.32,28.03,-1.45,4.6,11.74,-0.3498,0.0656,0.1042,-0.0077,0.2978,
Inox Green,543667,INOXGREEN,Power,0.5562,3.3526,0.0999,0.153,2.5583,0.4057,0.041,1.2606,0.05,133.06,0.52,145.3,50.85,-0.2352,1.2309,0.0102,-0.0145,-2.5481,2125
Inox India,544046,INOXINDIA,Industrial Products,0.1685,0.199,0.2175,0.0726,0.0824,0.2294,0.3198,0.406,0.1,43.85,5.32,97,30.14,-0.1045,0.3055,0.2899,-0.0372,0.2075,570
Inox Wind,539083,INOXWIND,Electrical Equipment,0.5268,2.572,0.2035,0.1615,0.1098,0.2113,0.0815,0.1918,0.17,44.08,4.01,581.7,21.79,-0.3833,0.0116,0.1169,0.1285,0.0071,682
Insecticid.India,532851,INSECTICID,Fertilizers & Agrochemicals,0.0169,-0.0387,0.1403,0.0228,0.0467,0.1037,0.1702,0.4687,0.2,14.06,3.01,5,9.47,-0.3469,0.3489,0.1353,0.0309,0.0886,LOW LIQUIDITY
Insolation Ener,543620,,Power,0.2691,0.3068,0.1309,0.1235,0.1475,0.1262,0.2915,0.7008,0.37,20.38,1.38,94.7,15.01,-0.671,0.0412,0.3487,-0.3364,0.2012,
Inspirisys Sol.,532774,INSPIRISYS,IT - Services,0.4226,0.9469,0.102,0.0412,0.0838,0.1003,0.3894,1.2764,1.28,10.89,1.3,21.1,9.44,-0.2871,0.3684,0.696,-0.8681,0.6122,LOW LIQUIDITY
Integ. Industrie,531889,,Finance,0.5373,1.0093,0.107,0.2742,0.3318,0.1002,0.3157,0.692,0.04,8.8,0.27,50.3,6.64,-0.256,0.67,0.2748,-0.0553,-0.057,
Integra Engg.,505358,,Industrial Manufacturing,-0.0108,-0.3465,0.1581,0.0599,0.0162,0.1697,0.2172,0.9389,0.32,31.38,19.34,19.5,18.14,-0.3881,0.0076,0.2148,0.0059,0.1986,
Intellect Design,538835,INTELLECT,IT - Software,0.3583,0.9366,0.2025,0.1181,0.2093,0.1938,0.2399,0.9559,0.03,37.74,1.8,71.5,20.69,-0.1317,0.9632,0.1273,-0.0155,-0.082,1615
Interarch Build.,544232,INTERARCH,Construction,0.5191,0.5617,0.0848,0.1686,0.1838,0.1012,0.2474,0.3512,0.01,30.86,1.68,8.2,20.32,-0.1509,0.8559,0.1802,-0.024,-0.0036,1259
Interglobe Aviat,539448,INDIGO,Transport Services,0.0934,-1.6437,0.0294,0.0311,-0.1321,0.1326,0.0737,2.1421,8.83,41.54,-3.15,955.5,12.63,-0.1277,0.3781,1.038,1.038,1.1701,12
Interiors & More,,INM,Consumer Durables,0.2429,-0.2548,0.2488,0.0746,-0.0886,0.2485,0.1505,-0.9473,0.71,33.66,-3.8,3.7,23.89,-0.238,0.8453,0.1956,-0.0247,0.2842,553
International Ge,544311,IGIL,Commercial Services & Supplies,0.2143,0.1842,0.58,0.1151,0.1955,0.5986,0.5577,0.6621,0.11,27.47,1.41,490,18.87,-0.4946,0.1512,0.5437,-0.2223,0.3482,LOW LIQUIDITY
Intl. Conveyors,509709,INTLCONV,Industrial Manufacturing,0.4722,-1.6475,0.2386,0.0632,-0.1906,0.5558,0.2169,0.1302,0.3,8.08,-0.42,8.9,7.25,-0.2471,0.4092,0.2637,0.0259,0.4543,LOW LIQUIDITY
Intl. Travel Hse,500213,,Leisure Services,-0.0256,-0.14,0.1583,-0.0013,-0.0278,0.1524,0.2162,1.0062,0.01,12.06,-4.34,1.5,7.01,-0.4607,0.043,0.1756,0.0079,0.2034,
Inv.& Prec.Cast.,504786,,Industrial Products,0.0747,0.9675,0.1628,0.0422,0.245,0.0969,0.0963,1.2543,0.79,66.67,2.72,5.2,22.82,-0.1369,0.7849,0.0678,-0.0272,-0.1772,
Inventurus Knowl,544309,IKS,IT - Services,0.2152,0.5993,0.3461,0.0895,0.2588,0.289,0.3677,0.457,0.34,46.99,1.82,219.4,30.64,-0.239,0.3592,0.3287,-0.0442,0.0699,920
IOL Chemicals,524164,IOLCP,Pharmaceuticals & Biotechnology,0.0795,0.5666,0.1006,0.0438,0.1483,0.0806,0.0829,1.1691,0.09,21.96,1.48,42.7,10.09,-0.3143,0.5104,0.0613,-0.0255,-0.087,1952
ION Exchange,500214,IONEXCHANG,Other Utilities,0.1388,-0.0277,0.0933,0.0384,0.0121,0.106,0.176,0.1061,0.33,23.8,19.69,56.7,14.43,-0.5416,0.0123,0.1866,-0.0249,0.1745,LOW LIQUIDITY
Ipca Labs.,524494,IPCALAB,Pharmaceuticals & Biotechnology,0.0856,0.4149,0.2132,0.0518,0.1691,0.1665,0.1561,0.9491,0.17,37.24,2.2,125.9,19.33,-0.1724,0.2452,0.1275,0.03,-0.0416,942
IRB Infra.Devl.,532947,IRB,Construction,0.1042,0.41,0.528,0.054,-0.1177,0.3769,0.0392,0.6925,1.02,29.68,-2.52,769.8,10.93,-0.3062,0.0617,0.0591,0.0154,0.1768,926
IRB InvIT Fund,540526,IRBINVIT,Transport Infrastructure,0.0242,-0.0412,0.8372,0.0371,0.0781,0.5966,0.0278,1.492,1.75,13.25,1.7,74.5,11.9,-0.0903,0.2212,0.0875,-0.0039,0.0094,
Ircon Intl.,541956,IRCON,Construction,-0.1923,-0.3268,0.0714,-0.0903,-0.1309,0.108,0.0944,-0.9996,0.8,24.13,-1.84,211.1,12.57,-0.3515,0.1483,0.1133,-0.0504,0.2442,1296
IRIS Business,540735,IRIS,IT - Software,0.0613,-0.5069,0.0049,-0.0377,-0.3484,0.111,0.123,1.4364,0.01,74.33,-2.13,6.9,37.16,-0.462,0.3611,0.2234,-0.0164,0.5718,
Iris Clothings,,IRISDOREME,Textiles & Apparels,0.0742,0.0729,0.1586,0.0774,0.0366,0.1394,0.1307,0.1149,0.21,45.46,12.43,88.9,24.2,-0.1198,0.5668,0.1733,-0.0203,0.1367,LOW LIQUIDITY
IRM Energy,544004,IRMENERGY,Gas,0.1206,0.0541,0.1033,0.0667,-0.0511,0.0794,0.0497,1.0075,0.08,29.15,-5.71,5.1,8.14,-0.2671,0.2365,0.0468,-0.0854,0.0979,LOW LIQUIDITY
ISGEC Heavy,533033,ISGEC,Construction,0.0287,-0.07,0.0872,-0.0232,-0.0073,0.0769,0.1071,0.2194,0.33,23.96,-33.01,15.5,11.03,-0.5237,0.0047,0.0937,-0.0061,0.101,LOW LIQUIDITY
IST,508807,,Auto Components,-0.0649,-0.3924,0.7051,-0.012,0.0049,1.6356,0.3822,0.2262,0,6.62,13.47,0.7,4.87,-0.2909,0.1887,0.1008,-0.0035,0.0959,
ITC,500875,ITC,Diversified FMCG,-0.0244,0.0291,0.3433,0.0429,0.0217,0.3494,0.4841,0.6569,0.01,25.03,11.55,8900.2,17.2,-0.1452,0.0331,0.2732,-0.0033,0.2515,
ITC Hotels,544325,ITCHOTELS,Leisure Services,0.0791,0.7431,0.2927,0.0481,0.1542,0.2766,0.0927,0.8596,0.01,58.65,3.8,816.4,29.01,-0.206,0.3393,0.0666,0.0666,-0.0876,1233
ITCONS E-Soluti.,543806,,Commercial Services & Supplies,1.2913,1.155,0.0672,0.4048,0.4495,0.0786,0.3524,-4.7002,0.2,66.91,1.49,4.5,48.95,-0.2444,0.2718,0.1281,-0.0183,-0.3214,
ITI,523610,ITI,Telecom - Equipment & Accessories,-0.4653,0.2409,-0.0022,-0.1368,-0.0804,-0.0106,-0.168,3.499,0.9,,0,1937.5,839.4,-0.4889,0.2993,-0.1615,0.1163,-0.0811,1603
Ivalue Infosolut,544523,IVALUE,IT - Services,0.4831,0.4111,0.1224,0,0,0.1398,0.2523,0.286,0.19,17.16,,16.6,11.48,-0.1418,0.1639,0.1988,-0.0148,0.1988,580
IZMO,532341,IZMO,IT - Services,0.0266,-0.607,0.2249,0.0467,0.346,0.1445,0.0851,0.1633,0.02,42.65,1.23,5.3,26.14,-0.3483,2.9151,0.0703,-0.0196,-0.2757,1979
J & K Bank,532209,J&KBANK,Banks,0.0542,-0.1047,0.7091,0.0354,0.0043,0.7663,0.1362,0.2813,10.34,5.46,12.8,84.1,15.98,-0.1164,0.2633,0.1577,-0.0026,0.1534,694
J B Chemicals &,506943,JBCHEPHARM,Pharmaceuticals & Biotechnology,0.0842,0.1905,0.2854,0.0444,0.1233,0.2366,0.2421,1.0348,0.01,39.69,3.22,117.3,24.86,-0.0668,0.3981,0.2012,0.001,0.0779,589
J K Cements,532644,JKCEMENT,Cement & Cement Products,0.1793,2.7556,0.1479,0.0845,0.3028,0.1541,0.1068,1.208,1,41.96,1.39,51.8,18.85,-0.2574,0.3374,0.1387,-0.0209,-0.1641,1669
J Kumar Infra,532940,JKIL,Construction,0.0345,0.0144,0.1453,0.0425,0.0451,0.123,0.1749,0.5434,0.24,10.3,2.28,10,4.63,-0.3289,0.0126,0.1383,0.0064,0.0932,798
J.G.Chemicals,544138,JGCHEM,Chemicals & Petrochemicals,0.0387,-0.1284,0.0815,0.0287,-0.0049,0.1014,0.173,-0.1253,0.01,23.95,-48.51,11.9,15.5,-0.3144,0.3651,0.1455,0.0418,0.1504,367
Jagatjit Inds.,507155,,Beverages,-0.2493,-1.3091,-0.0701,-0.061,0.2542,-0.0011,-0.0606,-0.9871,7.51,,0,68.2,132.7,-0.3601,0.1231,-0.3537,-0.4457,-0.6079,
Jagran Prakashan,532705,JAGRAN,Media,0.0467,0.3644,0.1425,0.0195,0.4354,0.1038,0.1422,1.6366,0.1,8.85,0.2,17.1,5.57,-0.2227,0.116,0.0621,-0.0247,-0.3733,LOW LIQUIDITY
Jagsonpal Pharma,507789,JAGSNPHARM,Pharmaceuticals & Biotechnology,-0.0029,0.0969,0.2208,0.0519,0.102,0.2006,0.2322,1.0816,0.03,33.33,3.27,38.4,19.77,-0.2774,0.1309,0.1858,0.0561,0.0838,LOW LIQUIDITY
Jai Balaji Inds.,532976,JAIBALAJI,Ferrous Metals,-0.1306,-0.8271,0.0531,-0.0889,-0.4749,0.0824,0.1325,0.3703,0.21,20.36,-0.43,244.9,10.84,-0.688,0.0176,0.3074,-0.5658,0.7823,595
Jai Corp,512237,JAICORPLTD,Industrial Products,0.0812,0.5563,0.1158,0.0412,2.3699,0.3455,0.1877,0.7337,0,14.05,0.06,28.3,11.85,-0.667,0.6434,0.041,0.0071,-2.3289,1956
Jain Irrigation,500219,JISLJALEQS,Industrial Products,0.2016,2.5469,0.1382,0.062,0.7616,0.0888,0.0112,1.7577,0.71,53.25,0.7,38.5,8.89,-0.4802,0.0035,0.0061,-0.0024,-0.7555,2076
Jain Resource,544537,JAINREC,Diversified Metals,0.5296,0.8053,0.076,0,0,0.0606,0.2062,0.0751,0.9,51.13,,,33.45,-0.1851,0.5173,0.3898,-0.1817,0.3898,593
Jainam Ferro,,JAINAM,Ferrous Metals,-0.0525,-0.344,0.0676,-0.0271,-0.2693,0.0577,0.1029,-0.1236,0.01,41.08,-1.53,2.5,17.28,-0.1482,0.5278,0.0896,0.0268,0.3589,
Jamna Auto Inds.,520051,JAMNAAUTO,Auto Components,0.0352,-0.0013,0.1298,0.0151,-0.0159,0.1136,0.2544,1.0939,0.01,27.29,-17.12,188.9,15.33,-0.0213,0.7919,0.1925,-0.0523,0.2084,901
Jana Small Finan,544118,JSFB,Banks,0.119,-0.2247,0.3938,0.0475,-0.1802,0.594,0.1772,1.4598,8.49,11.34,-0.63,11.5,13.2,-0.1993,0.2169,0.1303,-0.132,0.3105,1308
Jaro Institute,544534,JARO,Other Consumer Services,0.0824,-0.1537,0.3301,0,0,0.2988,0.1623,-0.3113,0.13,26.12,,7.7,10.46,-0.3567,0.0042,0.3576,-0.063,0.3576,477
Jash Engineering,544402,JASH,Industrial Manufacturing,0.1287,-0.3029,0.1285,0.0422,-0.1182,0.1402,0.2209,0.4551,0.25,36.7,-3.1,40.3,22.3,-0.3567,0.0255,0.2235,-0.0029,0.3417,LOW LIQUIDITY
Jay Bharat Maru.,520066,JAYBARMARU,Auto Components,0.049,5.0301,0.1054,0.0221,1.1019,0.0578,0.0746,2.4397,1.03,14.48,0.13,16.9,6.94,-0.2317,0.5624,0.0561,-0.0036,-1.0458,LOW LIQUIDITY
Jay Ushin,513252,,Auto Components,0.1427,0.0295,0.0381,0.0568,0.2298,0.0382,0.1619,0.598,0.86,26.69,1.16,1.2,9.54,-0.381,0.8705,0.1017,-0.0363,-0.1281,
Jayant Agro Org.,524330,JAYAGROGN,Chemicals & Petrochemicals,-0.1646,-0.2966,0.0451,-0.0564,-0.0634,0.0358,0.1119,1.2888,0.33,12.3,-1.94,3.2,7.69,-0.3476,0.0579,0.0982,0.0004,0.1616,LOW LIQUIDITY
Jayaswal Neco,522285,JAYNECOIND,Industrial Products,0.4479,4.0731,0.1836,0.1359,2.3433,0.1423,0.1521,2.0826,0.9,17.8,0.08,253,7.03,-0.15,1.6497,0.0486,-0.0523,-2.2947,2160
Jaybharat Text,512233,,Textiles & Apparels,4.4416,-0.5628,-0.3198,0.0032,0.8542,-1.2887,0.2603,0.0027,,,0,-79.9,-73.54,-0.1099,0.0552,0,0,-0.8542,
Jaykay Enter.,500306,JAYKAY,Aerospace & Defense,1.0471,19.2143,0.1749,0.8751,-502.3333,0.2719,0.0959,-0.0944,0.15,91.21,0,75,52,-0.1366,0.9153,-0.0002,0.0032,502.3331,
JBM Auto,532605,JBMA,Auto Components,0.064,0.0565,0.1098,0.035,0.0285,0.0988,0.153,0.7564,2.24,68.46,24.05,237.7,23.48,-0.3299,0.231,0.1607,0.0015,0.1322,630
JD Cables,544524,,Industrial Products,0.1282,0.1571,0.1572,0.055,0.0673,0.1391,0.2508,-0.5472,0.34,17.5,2.6,7.4,9.82,-0.1205,0.4115,1.1716,0.155,1.1043,
Jeena Sikho,544476,JSLL,Pharmaceuticals & Biotechnology,0.7005,1.3485,0.4692,0.3198,0.7445,0.3452,0.4964,0.5734,0.3,56.41,0.76,305.2,36.62,-0.1774,1.4971,0.3793,-0.0475,-0.3652,1435
Jenburkt Pharma,524731,,Pharmaceuticals & Biotechnology,0.1053,0.0583,0.2878,0.0484,0.0486,0.2912,0.5044,0.6406,0.01,14.79,3.04,1.2,9.73,-0.2158,0.1804,0.1987,0.0046,0.1501,
Jeyyam Global,,JEYYAM,Food Products,0.014,0.1457,0.0524,0.0069,0.063,0.047,0.1437,0.0236,0.43,14.1,2.24,8.8,9.88,-0.0651,1.2468,0.1784,-0.0292,0.1154,
Jindal Drilling,511034,JINDRILL,Oil,0.3799,2.8445,0.3889,0.1795,0.5811,0.4532,0.2557,3.1035,0.07,4.64,0.08,2.5,2.76,-0.4572,0.0183,0.1441,0.1061,-0.437,LOW LIQUIDITY
Jindal Photo,532624,JINDALPHOT,Finance,12.5062,-0.6195,0.9881,4.0813,-0.32,12.9064,4.4902,0.0003,0.06,10.06,-0.31,1.5,9.96,-0.0581,1.8309,0.1399,0.015,0.4599,LOW LIQUIDITY
Jindal Poly Film,500227,JINDALPOLY,Industrial Products,-0.1214,-0.6231,0.0033,-0.0281,-0.3721,0.0827,0.0261,0.4863,1.07,41.02,-1.1,2.4,10.06,-0.5549,0.0177,0.0215,0.0041,0.3936,LOW LIQUIDITY
Jindal Poly Inve,536773,JPOLYINVST,Finance,1.419,-0.5884,0.9948,0.3597,-0.2551,4.6312,-123.9056,0.0048,0.01,5.38,-0.21,0.8,6.06,-0.0474,1.0896,0.1417,0.0237,0.3968,LOW LIQUIDITY
Jindal Saw,500378,JINDALSAW,Industrial Products,-0.2402,-0.696,0.1066,-0.1053,-0.2166,0.124,0.1225,0.7793,0.43,7.66,-0.35,55.7,5.31,-0.5216,0.0234,0.1631,-0.0235,0.3797,577
Jindal Stain.,532508,JSL,Ferrous Metals,0.1141,0.2987,0.1261,0.0482,0.1007,0.1032,0.1733,1.1937,0.38,22.35,2.22,281.2,12.58,-0.0946,0.5059,0.1615,-0.0388,0.0608,1341
Jindal Steel,532286,JINDALSTEL,Ferrous Metals,0.0421,-0.2586,0.1781,-0.0242,0.0235,0.1395,0.0741,1.5965,0.39,28.49,12.13,210.7,12.2,-0.0842,0.3905,0.0768,-0.0644,0.0533,1916
Jindal Worldwide,531543,JINDWORLD,Textiles & Apparels,0.0044,-0.3131,0.0533,0.024,-0.0806,0.0641,0.1133,1.0243,0.71,46.2,-5.73,394.8,20.13,-0.6581,0.0132,0.1006,-0.0099,0.1812,LOW LIQUIDITY
Jinkushal Indus.,544547,JKIPL,"Agricultural, Commercial & Construction Vehicles",0.0419,1.6788,0.0965,0,0,0.0729,0.1142,-0.4053,0.37,21.04,,,13.54,-0.0966,0.0939,0.2831,0.2831,0.2831,85
Jio Financial,543940,JIOFIN,Finance,0.4151,0.0087,0.7015,0.236,-0.0026,0.8667,2.5964,-5.1589,0.08,119.33,-464.81,905,91.06,-0.1297,0.5219,0.0123,-0.0004,0.0149,1769
JITF Infra Logis,540311,JITFINFRA,Other Utilities,0.1185,-3.4562,0.2152,0.0627,-2.3968,0.1796,-0.0133,0.4962,,,0,-3.6,8.27,-0.646,0.1511,0,0,2.3968,LOW LIQUIDITY
JK Lakshmi Cem.,500380,JKLAKSHMI,Cement & Cement Products,0.241,3.6369,0.136,0.0766,0.5628,0.1259,0.0803,1.2951,0.72,19.93,0.35,31.1,9.96,-0.267,0.1333,0.0872,-0.0678,-0.4756,2109
JK Paper,532162,JKPAPER,"Paper, Forest & Jute Products",0.039,-0.4183,0.1281,0.0039,-0.1928,0.0886,0.0566,0.9497,0.39,21.14,-1.1,19.5,8.83,-0.2435,0.3458,0.0704,-0.1632,0.2632,1730
JK Tyre & Indust,530007,JKTYRE,Auto Components,0.1076,0.5899,0.13,0.0422,0.0558,0.0795,0.0853,0.5864,0.92,23.79,4.26,67.9,10.3,-0.0063,1.0462,0.1107,-0.0955,0.0549,1863
JM Financial,523405,JMFINANCIL,Finance,-0.1337,0.163,0.5865,-0.0357,0.3917,0.6188,0.1677,2.4201,1.1,12.03,0.31,127.6,7.29,-0.2808,0.8422,0.0901,0.0367,-0.3016,1406
JNK,544167,JNKINDIA,Industrial Manufacturing,0.7349,0.8228,0.0958,0.1827,0.0259,0.1082,0.1008,-1.1221,0.05,40.96,15.83,13.7,16.41,-0.6811,0.0107,0.0863,-0.3029,0.0604,LOW LIQUIDITY
John Cockerill,500147,,Industrial Manufacturing,0.2754,2.1893,0.1167,-0.1566,-2.6192,0.0415,0.0486,14.2721,0.02,277.9,-1.06,5.7,112.12,-0.2885,0.9885,-0.0252,-0.1325,2.594,
Johnson Con. Hit,523398,JCHAC,Consumer Durables,0.0224,-0.001,-0.0882,-0.0488,-0.3394,0.0235,0.0951,0.9163,0.38,102.45,-3.02,23.5,33.79,-0.2416,0.0059,0.0996,0.1777,0.439,LOW LIQUIDITY
Josts Engg. Co.,505750,,Industrial Manufacturing,-0.1411,-0.8421,0.0774,-0.0404,-0.4253,0.0851,0.1103,0.1681,0.18,34.58,-0.81,3.3,15.35,-0.5429,0.0809,0.264,0.0582,0.6893,
JP Associates,532532,JPASSOCIAT,Construction,-0.4965,0.0884,-0.0595,-0.3147,-0.0337,-0.106,-0.0996,-2.1266,,,0,-43.2,99.79,-0.5046,0.4883,0,0,0.0337,LOW LIQUIDITY
JP Power Ven.,532627,JPPOWER,Power,0.1728,-0.0031,0.3273,0.0074,-0.0872,0.2747,0.0476,1.0519,0.28,17.56,-2.01,701.6,7.27,-0.3134,0.5401,0.0685,-0.0599,0.1557,1735
JSW Cement,544480,JSWCEMENT,Cement & Cement Products,0.1738,2.3423,0.1862,0,0,0.0705,-0.0074,1.8062,0.75,433.14,,342.2,26.09,-0.3127,0.0453,-0.0481,-0.0861,-0.0481,2162
JSW Energy,533148,JSWENERGY,Power,0.5991,-0.1741,0.5788,0.3579,0.1337,0.4041,0.0297,0.8971,2.37,39.72,2.97,482.4,16.27,-0.3439,0.0981,0.0741,-0.0099,-0.0596,1821
JSW Holdings,532642,JSWHL,Finance,-0.4847,-0.496,0.9568,-0.3054,-0.326,0.9161,-57.9853,0.7222,0,199.26,-6.11,0.8,148.63,-0.2426,0.5402,0.0064,0.0009,0.3324,1111
JSW Infrast,543994,JSWINFRA,Transport Infrastructure,0.2639,-0.0276,0.4817,0.1069,0.1013,0.4474,0.1288,1.0583,0.52,35.57,3.51,1160.2,21.38,-0.2308,0.2309,0.1624,-0.0272,0.0611,1230
JSW Steel,500228,JSWSTEEL,Ferrous Metals,0.1378,1.6616,0.1556,0.0336,0.5749,0.0992,0.055,1.4811,1.22,45.87,0.8,826.9,13.54,-0.0599,0.3081,0.0494,-0.0685,-0.5255,2145
JTEKT India,520057,JTEKTINDIA,Auto Components,0.0558,-0.037,0.0724,0.0196,-0.0523,0.044,0.0766,1.7571,0.23,57.78,-11.05,98.6,21.2,-0.2296,0.4032,0.0868,-0.0476,0.1391,LOW LIQUIDITY
JTL Industries,534600,JTLIND,Industrial Products,-0.2265,-0.2447,0.0794,-0.062,-0.2059,0.0615,0.091,-1.5979,0.12,30.46,-1.48,72.1,20.41,-0.4489,0.0812,0.098,-0.0902,0.3039,1455
Jubilant Agri,544355,JUBLCPL,Chemicals & Petrochemicals,0.2601,0.6926,0.1246,0.1359,0.4014,0.0993,0.367,0.9714,0.1,28.3,0.7,12.7,18.56,-0.2374,1.267,0.3149,0.3149,-0.0865,LOW LIQUIDITY
Jubilant Food.,533155,JUBLFOOD,Leisure Services,0.1972,0.5258,0.2035,0.0876,0.3537,0.1017,0.0754,1.9605,2.11,130.08,3.68,1186.6,24.47,-0.2584,0.0459,0.1036,-0.0262,-0.2501,1919
Jubilant Ingrev.,543271,JUBLINGREA,Chemicals & Petrochemicals,0.0722,0.1775,0.1208,0.0213,0.1457,0.1034,0.0999,1.2718,0.27,38.07,2.61,57.4,19.46,-0.2221,0.2862,0.0888,0.0195,-0.0569,1316
Jubilant Pharmo,530019,JUBLPHARMA,Pharmaceuticals & Biotechnology,0.1222,0.0981,0.1736,0.053,-0.1094,0.1203,0.0652,1.2446,0.44,34.28,-3.13,41.2,14.77,-0.146,0.331,0.0955,0.0871,0.2049,433
Juniper Hotels,544129,JUNIPER,Leisure Services,0.0737,1.7006,0.3588,0.039,0.755,0.2923,0.0316,1.1989,0.5,41.72,0.55,42,16.39,-0.4169,0.0351,0.0264,0.0108,-0.7286,1924
Jupiter Life Lin,543980,JLHL,Healthcare Services,0.1748,0.1104,0.2344,0.1061,0.0518,0.2072,0.1463,0.9672,0.28,47.62,9.19,42.7,27.05,-0.1862,0.1524,0.1495,-0.0807,0.0977,1525
Jupiter Wagons,533272,JWL,Industrial Manufacturing,-0.2736,-0.4053,0.1245,-0.1939,-0.2432,0.1385,0.2045,0.365,0.21,41.59,-1.71,177.4,25.52,-0.5319,0.0193,0.1696,-0.104,0.4128,897
Just Dial,535648,JUSTDIAL,Retailing,0.064,-0.2248,0.2873,0.0311,1.1289,0.5827,0.1254,0.9936,0.02,10.96,0.1,10.8,8.42,-0.368,0.0456,0.0618,0.0255,-1.0671,1738
Jyothy Labs,532926,JYOTHYLAB,Household Products,0.0041,-0.1636,0.1607,0.0046,-0.0399,0.167,0.2951,0.6369,0.04,30.64,-7.68,275.1,20.17,-0.323,0.0954,0.2902,-0.0625,0.3301,536
Jyoti CNC Auto.,544081,JYOTICNC,Industrial Manufacturing,0.1793,0.1268,0.2453,0.0691,0.0722,0.2586,0.2238,-0.2249,0.4,63.4,8.78,272.6,41.3,-0.3607,0.2821,0.2116,0.0031,0.1394,422
Jyoti Resins,514448,,Chemicals & Petrochemicals,0.1399,0.0534,0.2753,0.053,-0.0064,0.3291,0.3864,0.1492,0,18.98,-29.82,6.6,12.2,-0.2609,0.1482,0.3735,-0.1195,0.3799,
Jyoti Structures,513250,JYOTISTRUC,Electrical Equipment,0.4011,0.3768,0.0584,0.2229,0.2438,0.0724,0.0176,-4.9384,3.85,30.33,1.24,314.6,54.58,-0.6479,0.0611,0.1327,0.1327,-0.1111,769
K C P,590066,KCP,Cement & Cement Products,-0.0015,-0.5217,0.1366,-0.0061,-0.0287,0.1269,0.0701,0.5184,0.5,14.87,-5.18,18.3,5.06,-0.3231,0.0829,0.1097,-0.0335,0.1384,1433
K P R Mill Ltd,532889,KPRMILL,Textiles & Apparels,0.1027,0.0636,0.1925,0.0483,0.0503,0.1694,0.2016,1.2861,0.06,40.1,7.98,214.7,24.3,-0.2959,0.3005,0.1704,-0.0245,0.1201,994
K.P. Energy,539686,KPEL,Power,0.5139,0.4411,0.2184,0.21,0.1784,0.1949,0.2597,0.8972,0.79,18.38,1.03,43.5,11.25,-0.4564,0.0902,0.4544,0.0837,0.276,82
Kabra Extrusion,524109,KABRAEXTRU,Industrial Manufacturing,0.0516,-0.9732,0.0666,0.0093,-0.8449,0.0323,0.0202,1.0672,0.32,217.23,-2.57,6.4,23.84,-0.6032,0.0885,0.0532,-0.0267,0.8981,LOW LIQUIDITY
Kajaria Ceramics,500233,KAJARIACER,Consumer Durables,0.0057,0.5845,0.18,0.0067,0.3341,0.1248,0.1883,0.9754,0.1,42.07,1.26,91.7,22.13,-0.1978,0.4235,0.1122,-0.0563,-0.2219,1986
Kaka Industries,543939,,Industrial Products,0.3084,0.3574,0.1342,0.1489,0.1801,0.1152,0.2038,0.1689,0.95,20.18,1.12,5.7,12.26,-0.3394,0.1947,0.2224,-0.1428,0.0423,
Kalpat.,544423,KALPATARU,Realty,0.5679,-0.8194,0.0075,0.0901,-3.4077,0.0387,-0.0031,3.7937,2.24,,0,35.2,111.72,-0.28,0.0056,0.0123,0.1217,3.42,LOW LIQUIDITY
Kalpataru Proj.,522287,KPIL,Construction,0.3243,0.9127,0.086,0.1426,0.4152,0.0647,0.1566,0.5757,0.69,24.31,0.59,49,11.02,-0.1358,0.5183,0.0996,-0.0041,-0.3156,1783
Kalyan Jewellers,543278,KALYANKJIL,Consumer Durables,0.2952,0.9946,0.0633,0.1413,0.2981,0.057,0.2147,0.8729,1,54.35,1.82,978.2,27.39,-0.3838,0.2277,0.1595,0.0071,-0.1386,1107
Kalyani Cast-Tec,544023,,Industrial Manufacturing,0.3162,0.1898,0.1228,0.1596,0.1306,0.1303,0.2984,0.4339,0,21.83,1.67,3.3,15.51,-0.2333,0.3649,0.2425,-0.053,0.1119,
Kalyani Invest.,533302,KICL,Finance,-0.0522,-0.5079,0.616,-0.0185,-0.3757,0.8291,0.2127,-0.1656,0,49.08,-1.31,0.1,29.84,-0.2804,0.4513,0.0084,-0.0015,0.3841,LOW LIQUIDITY
Kalyani Steels,500235,KSL,Industrial Products,-0.0732,-0.0744,0.1873,-0.0276,0.0196,0.1873,0.2247,1.0611,0.22,12.99,6.63,7.4,7.79,-0.4,0.1513,0.1404,-0.0147,0.1208,1081
Kama Holdings,532468,,Finance,0.0638,0.901,0.2157,0.0389,0.3,0.1636,0.0703,1.2117,0.6,10.73,0.36,3.7,3.96,-0.16,0.1678,0.0911,-0.0504,-0.2089,
Kamat Hotels,526668,KAMATHOTEL,Leisure Services,-0.1201,-1.4024,0.1044,0.0114,-0.1674,0.22,0.0991,0.7113,0.92,18.92,-1.13,7.4,9.02,-0.3495,0.2174,0.1861,0.0797,0.3535,LOW LIQUIDITY
Kamdhenu,532741,KAMDHENU,Industrial Products,0.005,0.1768,0.1235,0.0163,0.1444,0.1239,0.2963,0.8543,0,10.44,0.72,56.3,7.12,-0.513,0.0304,0.2199,-0.0292,0.0755,LOW LIQUIDITY
Kanoria Chem.,506525,KANORICHEM,Industrial Manufacturing,0.1884,0.9328,0.0297,-0.2255,-0.5698,0.0061,-0.0322,-0.564,0.62,,0,2.6,10.54,-0.418,0.0403,-0.1182,-0.0519,0.4516,LOW LIQUIDITY
Kanpur Plastipa.,507779,KANPRPLA,Industrial Products,0.0898,4.25,0.0937,0.1005,0.6607,0.0861,0.1552,0.8135,0.58,13.62,0.21,4.8,8.24,-0.1905,0.979,0.1072,0.1054,-0.5535,LOW LIQUIDITY
Kansai Nerolac,500165,KANSAINER,Consumer Durables,0.0014,0.0989,0.1102,0.0041,0.0416,0.1103,0.1505,0.8208,0.04,28.51,6.85,231.8,17.21,-0.1876,0.0525,0.1041,-0.0256,0.0625,1583
Kapston Services,,KAPSTON,Commercial Services & Supplies,0.2485,0.7817,0.0472,0.1139,0.3309,0.044,0.184,-0.288,1.72,26.17,0.79,12.4,20.6,-0.1435,0.6082,0.2219,0.0289,-0.109,LOW LIQUIDITY
Karnataka Bank,532652,KTKBANK,Banks,-0.0246,-0.0504,0.701,-0.008,-0.0982,0.8225,0.0818,0.0285,8.27,7,-0.71,24.1,14.57,-0.0809,0.31,0.111,-0.026,0.2092,1163
Karnika Industri,,KARNIKA,Textiles & Apparels,0.0604,0.2039,0.1886,0.0446,0.2038,0.1812,0.4012,0.1535,0.78,33.07,1.62,39,21.61,-0.403,1.0535,0.2696,-0.0147,0.0658,
Karur Vysya Bank,590003,KARURVYSYA,Banks,0.1766,0.2119,0.633,0.0726,0.0853,0.8324,0.4782,0.5605,8.83,11.34,1.33,180.2,15.16,-0.0444,0.6075,0.1765,0.0048,0.0912,606
Kaveri Seed Co.,532899,KSCL,Agricultural Food & other Products,0.5927,-22.0299,-0.0289,0.1158,0.1656,0.236,0.181,0.716,0,16.46,0.99,14.3,13.48,-0.3952,0.1648,0.1904,-0.0125,0.0248,1012
Kaya Ltd,539276,KAYA,Leisure Services,0.0253,-0.7322,-0.0624,0.0105,-1.6736,-0.1019,-0.3706,-0.5042,,,0,-9.6,48.69,-0.2053,0.8967,0,0,1.6736,LOW LIQUIDITY
Kaycee Inds.,504084,,Electrical Equipment,0.1177,-0.026,0.1489,0.0583,-0.0238,0.1443,0.3002,0.7112,0.11,53.17,-22.33,3.1,33.07,-0.5664,0.2022,0.2225,0.017,0.2463,
Kaynes Tech,543664,KAYNES,Industrial Manufacturing,0.584,1.0164,0.1633,0.185,0.3231,0.1793,0.122,-0.1758,0.19,88.13,2.73,47.8,52.03,-0.3638,0.3014,0.1074,0.0021,-0.2157,1583
KCP Sugar &Inds.,533192,KCPSUGIND,Agricultural Food & other Products,-0.0887,-0.9751,0.0433,-0.1154,-5.5776,-0.0957,-0.1107,1.8171,0.13,,0,7.5,-16.31,-0.4687,0.0294,0.0199,-0.1203,5.5975,LOW LIQUIDITY
KDDL Ltd,532054,KDDL,Consumer Durables,0.3037,-0.2109,0.1393,0.1368,-0.024,0.1218,0.0665,-0.0185,0.45,31.54,-13.12,3.4,7.55,-0.2921,0.158,0.1151,-0.0569,0.1391,LOW LIQUIDITY
KEC International,532714,KEC,Construction,0.1913,0.8821,0.0707,0.0682,0.2039,0.0658,0.1745,0.2684,0.94,27.83,1.36,89.7,13.86,-0.4424,0.1794,0.1202,0.0322,-0.0837,1061
KEI Industries,517569,KEI,Industrial Products,0.1938,0.3146,0.0988,0.0994,0.1361,0.105,0.1704,-0.0325,0.04,50.68,3.72,61.9,32.23,-0.1107,0.7265,0.1558,-0.0467,0.0197,1532
Kellton Tech,519602,KELLTONTEC,IT - Services,0.1071,0.2233,0.122,0.057,0.0891,0.105,0.1362,0.0521,0.18,11.63,1.31,74.3,7.76,-0.4608,0.0363,0.1629,0.0061,0.0738,698
Keltech Energies,506528,,Chemicals & Petrochemicals,0.1415,0.1151,0.0703,0.0615,0.0851,0.0777,0.2771,-0.4716,0.32,14.5,1.7,0.3,8.74,-0.2456,0.5773,0.2223,0.0093,0.1372,
Kennametal India,505890,KENNAMET,Industrial Manufacturing,0.0947,0.256,0.178,0.022,0.1439,0.1256,0.2097,1.1104,0,43.83,3.05,14.1,23.56,-0.3477,0.1196,0.1291,-0.0078,-0.0148,
Kerala Ayurveda,530163,,Pharmaceuticals & Biotechnology,0.1457,-2.8538,-0.1421,0.0024,0.6318,-0.1081,-7.4945,-0.5926,15.49,,0,92.4,-59.81,-0.4447,0.1379,-0.9922,-0.946,-1.624,
Kernex Microsys.,532686,KERNEX,Transport Services,0.1431,-0.0409,0.3028,0.1747,0.0709,0.2287,0.3271,0.3691,0.51,32.24,4.55,16.7,32.96,-0.3446,0.6703,0.3799,0.6599,0.309,55
Kesar India,543542,,Realty,-0.4096,-0.9157,0.1372,-0.2564,-0.7831,0.121,0.0443,-0.4012,0.24,578.23,-7.38,46.2,254.12,-0.0476,0.8908,0.4619,0.0459,1.245,
Kewal Kir.Cloth.,532732,KKCL,Textiles & Apparels,0.1369,-0.34,0.2002,0.077,0.1179,0.1962,0.2583,0.1826,0.18,25.34,2.15,22.1,16.25,-0.2144,0.2416,0.1487,-0.1027,0.0308,LOW LIQUIDITY
Keystone Realtor,543669,RUSTOMJEE,Realty,-0.0634,-0.871,0.03,-0.0912,-0.4014,0.1162,0.0482,-0.0369,0.44,65.39,-1.63,30.4,30.12,-0.2572,0.1156,0.0753,0.0106,0.4767,544
KFin Technolog.,543720,KFINTECH,Capital Markets,0.1025,0.0447,0.4387,0.0598,0.0868,0.409,0.2918,0.9214,0.03,53.62,6.17,218.3,34.01,-0.3447,0.372,0.2497,0.005,0.1629,303
Khadim India,540775,KHADIM,Consumer Durables,-0.3673,-0.2881,0.1357,-0.0399,1.6593,0.1054,0.0713,1.2992,1.54,25.74,0.16,4.1,8.77,-0.4228,0.0053,0.022,-0.0064,-1.6373,LOW LIQUIDITY
Khaitan Chemical,507794,KHAICHEM,Fertilizers & Agrochemicals,0.338,7.9967,0.1008,0.253,44.7643,0.0839,0.2291,3.3056,1.07,12.61,0,29.5,12.6,-0.389,0.9247,0.0063,0.2804,-44.758,1746
Khazanchi Jewell,543953,,Consumer Durables,0.4623,1.1846,0.0589,0.1107,0.4163,0.0455,0.3132,0.0017,0.22,28.76,0.69,16.8,20.92,-0.0071,0.4073,0.2143,-0.0296,-0.202,
Khemani Distrib.,539788,,Retailing,0.3283,1.5066,0.0662,0.1651,0.7397,0.2513,1.9403,1.4317,0.04,15.68,0.21,6.9,12.13,-0.1605,0.4145,0.1295,-0.1855,-0.6102,
Kilburn Engg.,522101,,Industrial Manufacturing,0.4802,0.7661,0.259,0.2205,0.3429,0.2517,0.1877,-0.1007,0.19,35.34,1.03,27.1,21.41,-0.0693,0.7622,0.1716,0.1716,-0.1713,
Kilitch Drugs,524500,KILITCH,Pharmaceuticals & Biotechnology,0.0305,-0.0499,0.103,0.0562,0.1554,0.1953,0.1288,0.4895,0.31,21.6,1.39,3.9,14.6,-0.3165,0.2872,0.1261,0.0427,-0.0293,LOW LIQUIDITY
Kinetic Engg.,500240,,Auto Components,0.108,-1.0326,0.0425,0.0025,-2.0512,0.0707,0.0259,-35.9333,0.66,153.14,-0.75,14.4,42.84,-0.28,0.9385,-0.0576,0.0214,1.9936,
Kingfa Science,524019,KINGFA,Industrial Products,0.1132,0.1041,0.1301,0.0532,0.0301,0.1191,0.1838,0.2817,0.01,34.48,11.46,5.7,20.78,-0.1964,0.6352,0.2321,-0.0002,0.202,LOW LIQUIDITY
Kings Infra,530215,,Food Products,0.4155,0.2622,0.1771,0.151,0.1233,0.1873,0.2993,-0.1768,0.88,24.78,2.01,11.3,15.39,-0.1615,0.408,0.2037,0.0382,0.0804,
KIOCL,540680,KIOCL,Ferrous Metals,7.8315,0.7521,-0.1515,0.1185,-0.3178,-0.1933,-0.0771,-1.8091,0.11,,0,770,-238.26,-0.4561,0.8344,-0.1127,-0.0695,0.2051,LOW LIQUIDITY
Kiran Vyapar,537750,,Finance,-0.1972,-0.9978,0.3895,-0.082,-0.8041,0.4618,0.8102,-0.7296,0.16,46.17,-0.57,0.7,18.41,-0.3118,0.2315,0.0295,-0.0893,0.8336,
Kiri Industries,532967,KIRIINDUS,Chemicals & Petrochemicals,0.2338,-0.7553,-0.0641,0.08,-0.527,0.0105,0.1071,-0.8931,0.37,29.74,-0.56,6.6,86.32,-0.1981,0.2472,0.0856,0.0247,0.6126,367
Kirl. Brothers,500241,KIRLOSBROS,Industrial Products,-0.0078,-0.2777,0.1055,-0.0134,-0.0387,0.1254,0.2907,0.6654,0.1,32.72,-8.46,46.6,19.79,-0.3402,0.1483,0.2162,-0.0006,0.2549,318
Kirl. Electric,533193,KECL,Electrical Equipment,-0.1199,3.0535,0.0451,-0.0379,-2.1808,0.0612,0.0393,1.9488,0.83,97.36,-0.45,36.8,21.22,-0.4829,0.0111,-0.0612,-0.2225,2.1196,LOW LIQUIDITY
Kirl. Ferrous,500245,KIRLFER,Ferrous Metals,0.0365,0.0875,0.1236,0.0293,0.0734,0.0902,0.112,1.1344,0.36,22.13,3.02,34.7,10.29,-0.3383,0.0947,0.0958,-0.0192,0.0224,
Kirl.Pneumatic,505283,KIRLPNU,Industrial Products,-0.1221,-0.3609,0.1537,-0.0343,-0.1063,0.1594,0.2588,0.7518,0,36.04,-3.39,39.2,24.44,-0.4117,0.1109,0.2112,0.0502,0.3175,134
Kirloskar Indus.,500243,KIRLOSIND,Industrial Products,0.0558,0.0124,0.131,0.0332,0.0892,0.0908,0.0526,1.0223,0.19,21.63,2.42,0.5,5.17,-0.4082,0.231,0.026,-0.028,-0.0632,LOW LIQUIDITY
Kirloskar Oil,533293,KIRLOSENG,Industrial Products,0.295,0.336,0.1959,0.0892,0.097,0.1722,0.294,-0.6891,1.64,34.79,3.59,72.9,15.91,-0.026,1.1411,0.154,-0.0238,0.057,1253
Kisan Mouldings,530145,,Industrial Products,-0.0781,-0.1915,-0.0278,-0.0395,-0.8728,0.0117,0.0026,-8.0643,0.16,772.89,-8.86,19.8,41.37,-0.5954,0.1128,0.0166,0.4283,0.8894,
Kitex Garments,521248,KITEX,Textiles & Apparels,-0.4344,-1.1321,-0.1307,-0.0891,-0.3516,0.147,0.0625,0.2668,1.14,44.53,-1.27,76.6,33.78,-0.381,0.3735,0.1431,0.0793,0.4947,155
KMC Speciality,524520,,Healthcare Services,0.332,1.7938,0.2784,0.1388,0.4197,0.1989,0.1597,1.3835,0.47,41.13,0.98,112,17.96,-0.0816,0.3453,0.1391,-0.0974,-0.2806,
KN Agri Resource,,KNAGRI,Agricultural Food & other Products,0.088,-0.023,0.0289,0.047,-0.0078,0.034,0.1476,-0.0435,0.13,13.42,-17.13,3.4,8.32,-0.3639,0.1425,0.1113,0.0071,0.1191,
Knowledge Marine,543273,KMEW,Engineering Services,-0.044,-0.109,0.3982,0.015,-0.006,0.3603,0.2069,0.8033,0.61,69.76,-115.36,15.5,40.79,-0.0837,1.2288,0.2577,0.0549,0.2637,125
Knowledge Realty,544481,KRT,Realty,0,0,,0,0,0.739,2.4853,0.9376,0.07,169.4,,527.2,17.26,-0.0269,0.1805,0.1398,-0.0433,0.1398,LOW LIQUIDITY
KNR Construct.,532942,KNRCON,Construction,-0.6676,-0.7681,0.2978,-0.3515,-0.3745,0.3102,0.2819,-0.3556,0.49,6.08,-0.16,24.8,6.12,-0.5845,0.0065,0.2724,0.0279,0.6469,95
Kody Technolab,,KODYTECH,IT - Software,0,0,0.2554,0,0,0.3482,0.7548,-0.3021,0.17,81.63,,23.2,54.81,-0.455,1.029,0,0,0,
Kokuyo Camlin,523207,KOKUYOCMLN,Household Products,0.0108,1.7394,0.0925,-0.0002,2.1026,0.0375,0.083,4.0732,0.04,50.59,0.24,28.6,18.21,-0.3638,0.0131,0.0195,-0.1255,-2.0831,LOW LIQUIDITY
Kolte Patil Dev.,532924,KOLTEPATIL,Realty,-0.5502,-2.0708,-0.2685,-0.2492,-0.3929,0.0957,0.1598,1.3481,0.86,52.68,-1.34,24.1,28.37,-0.2438,0.6012,0.1315,0.219,0.5244,LOW LIQUIDITY
Kopran,524280,KOPRAN,Pharmaceuticals & Biotechnology,-0.222,-2.3442,-0.0448,-0.0601,-0.5432,0.0598,0.0452,0.6843,0.31,38.29,-0.7,6.5,15.32,-0.3845,0.1355,0.0764,-0.0331,0.6196,LOW LIQUIDITY
Kotak Mah. Bank,500247,KOTAKBANK,Banks,0.047,-0.1142,0.3252,0.0332,-0.1592,0.792,0.4859,0.2956,3.62,22.87,-1.44,503,18.52,-0.0723,0.248,0.1537,0.0031,0.3129,376
Kothari Indl,509732,,Fertilizers & Agrochemicals,1.2801,-73.8889,-0.1008,0,0,-0.1647,-0.0984,2.4576,0.04,,,145.8,-279.87,-0.4515,4.3255,-0.1717,-0.1717,-0.1717,
Kothari Petroche,,KOTHARIPET,Chemicals & Petrochemicals,-0.0441,0.1396,0.1749,0.0183,0.0074,0.151,0.3163,0.7053,0.01,11.19,15.03,13,7.51,-0.4265,0.0087,0.2382,-0.0533,0.2308,LOW LIQUIDITY
Kothari Products,530299,KOTHARIPRO,Commercial Services & Supplies,0.0638,1.0332,-0.0668,0.0185,-1.6099,0.0662,0.0631,-1.606,0.23,9.69,-0.06,2.4,10.09,-0.3107,0.2607,-0.066,-0.0913,1.5439,LOW LIQUIDITY
Kovai Medical,523323,KOVAI,Healthcare Services,0.1396,0.1612,0.273,0.0779,0.0906,0.2297,0.1908,1.1211,0.34,28.31,3.12,5.9,14.87,-0.1204,0.2297,0.2123,-0.0116,0.1217,
KP Green Engg.,544150,,Electrical Equipment,1.028,1.1255,0.1845,0.3884,0.4174,0.1683,0.3904,0.1727,0.53,21.54,0.52,29.6,14.14,-0.2785,0.3297,0.2508,0.015,-0.1666,
KPI Green Energy,542323,KPIGREEN,Power,0.7635,0.545,0.3556,0.3051,0.235,0.2963,0.0882,0.3972,0.96,21.95,0.93,64.9,13.64,-0.25,0.4116,0.1973,-0.0985,-0.0377,1625
KPIT Technologi.,542651,KPITTECH,IT - Software,0.079,-0.1701,0.1877,0.0497,-0.0797,0.1772,0.3145,1.1826,0.16,45.07,-5.66,292.5,25.66,-0.1878,0.2442,0.332,0.0201,0.4117,110
KRBL,530813,KRBL,Agricultural Food & other Products,0.1894,0.6763,0.1499,0.1119,0.2813,0.1341,0.146,1.4689,0.01,14.97,0.53,38.1,9.43,-0.1954,0.7647,0.0942,-0.0306,-0.1871,1947
Krishana Phosch.,,KRISHANA,Fertilizers & Agrochemicals,1.0224,0.9815,0.1204,0.3137,0.3536,0.1243,0.2469,0.9483,0.93,25.63,0.72,40.9,13.38,-0.1989,1.831,0.2529,0.1091,-0.1007,LOW LIQUIDITY
Krishival Foods,544416,KRISHIVAL,Food Products,0.5746,0.1942,0.1104,0.2097,0.1189,0.0971,0.1647,2.2128,0.19,69.41,5.84,16.2,36.68,-0.0713,1.236,0.1053,0.0051,-0.0136,LOW LIQUIDITY
Krishna Defence,,KRISHNADEF,Aerospace & Defense,0.2811,0.4736,0.1795,0.1388,0.2296,0.1663,0.2814,-0.3647,0,41.48,1.81,10,27.34,-0.271,0.4891,0.1844,0.052,-0.0452,
Krishna Institu.,543308,KIMS,Healthcare Services,0.2359,-0.3745,0.2123,0.1208,-0.1032,0.176,0.096,0.9206,1.4,86.02,-8.33,498.3,38.46,-0.115,0.4905,0.1848,0.0085,0.288,263
Kriti Industries,526423,KRITI,Industrial Products,-0.2695,-1.7191,-0.0475,-0.0897,2.9742,-0.0038,-0.075,1.9286,0.46,,0,10.7,39.36,-0.5336,0.0096,-0.0242,-0.1798,-2.9984,LOW LIQUIDITY
Kriti Nutrients,533210,KRITINUT,Agricultural Food & other Products,0.2269,-0.0345,0.0528,0.1098,-0.1281,0.0528,0.2902,0.6474,0.03,11.88,-0.93,8.2,6.78,-0.5216,0.0054,0.1869,-0.1062,0.315,LOW LIQUIDITY
KRN Heat Exchan,544263,KRN,Industrial Products,0.6693,0.4639,0.199,0.1878,0.1165,0.1731,0.1599,0.2758,0.06,81.72,7.02,56.7,48.93,-0.2321,0.1508,0.1682,0.1682,0.0517,LOW LIQUIDITY
Kronox Lab,544187,KRONOX,Chemicals & Petrochemicals,0.027,0.0325,0.3388,-0.0023,0.0133,0.348,0.344,0.8958,0.03,19.68,14.74,18.6,13.69,-0.4012,0.0539,0.3257,-0.0588,0.3124,LOW LIQUIDITY
Kross Ltd,544253,KROSS,Auto Components,-0.0581,-0.1601,0.1127,-0.0244,0.0319,0.1267,0.1533,-0.4026,0.13,21.65,6.79,15.3,12.76,-0.327,0.2655,0.1651,-0.1955,0.1332,LOW LIQUIDITY
Krsnaa Diagnost.,543328,KRSNAA,Healthcare Services,0.0233,0.0578,0.3172,0.0244,0.0774,0.2031,0.1237,0.6899,0.3,28.74,3.71,8.6,11.29,-0.2686,0.208,0.0929,0.0177,0.0155,1155
Krystal Integrat,544149,KRYSTAL,Commercial Services & Supplies,-0.0084,-0.1478,0.065,0.0414,-0.0395,0.0724,0.1852,-0.4057,0.22,13.09,-3.31,2.3,8.76,-0.3411,0.3443,0.1498,-0.0308,0.1893,LOW LIQUIDITY
KSB,500249,KSB,Industrial Products,0.0537,0.094,0.1305,0.0415,0.0631,0.1338,0.2412,0.5625,0,50.14,7.94,149.4,31.35,-0.1764,0.2984,0.1772,0.0066,0.1141,LOW LIQUIDITY
KSE,519421,,Food Products,0.0315,1.1484,0.1004,-0.0014,0.4355,0.1051,0.4625,1.1736,0.07,5.86,0.13,6.8,4.2,-0.182,0.3204,0.3398,0.2474,-0.0957,
Ksolves India,543599,KSOLVES,IT - Software,0.1393,-0.0849,0.3043,0.0797,-0.0962,0.285,1.0297,0.7375,0.08,22.87,-2.38,50.6,15.39,-0.44,0.0982,1.539,0.0616,1.6352,LOW LIQUIDITY
Kuantum Papers,532937,KUANTUM,"Paper, Forest & Jute Products",0.003,-0.807,0.1228,-0.0515,-0.4483,0.1259,0.0418,0.8896,0.56,12.49,-0.28,5.9,7.68,-0.3712,0.0006,0.1007,-0.0874,0.549,LOW LIQUIDITY
Kwality Pharma,539997,,Pharmaceuticals & Biotechnology,0.2335,0.6671,0.2283,0.1416,0.232,0.1804,0.2273,0.8239,0.38,18.78,0.81,3.3,10.44,-0.281,0.4898,0.1631,0.0261,-0.0689,
L G Balakrishnan,500250,LGBBROSLTD,Auto Components,0.1908,0.24,0.1735,0.0822,0.0659,0.1446,0.2876,0.7594,0.09,20,3.04,9.7,11.89,-0.0356,0.7636,0.1606,-0.0165,0.0947,1045
L T Foods,532783,LTFOODS,Agricultural Food & other Products,0.3122,0.1042,0.1119,0.1211,0.0544,0.1003,0.1994,0.51,0.43,22.29,4.1,117.6,12.94,-0.212,0.4175,0.167,-0.0263,0.1126,1062
L. T. Elevator,544518,,Industrial Manufacturing,1.3972,4.9722,0.2113,0.4837,0.6007,0.2559,0.2109,-0.1928,0.07,24.07,0.4,7.2,14.78,-0.0684,0.4342,0.3183,-0.0422,-0.2824,
L&T Finance Ltd,533519,LTF,Finance,0.0787,0.0564,0.6167,0.0497,0.0206,0.5983,0.4767,-1.7462,3.72,27.87,13.52,713.2,16.23,-0.0472,1.3264,0.1079,0.0047,0.0873,1055
L&T Technology,540115,LTTS,IT - Services,0.158,0.0285,0.1647,0.076,0.0109,0.1578,0.2877,0.8258,0.1,38.89,35.6,85.1,22.83,-0.1704,0.2153,0.2216,-0.0425,0.2107,726
La Opala RG,526947,LAOPALA,Consumer Durables,0.0032,0.1131,0.3871,-0.022,0.1023,0.4132,0.1696,0.8574,0.01,23.23,2.27,32.5,15.32,-0.429,0.1269,0.1093,-0.0436,0.007,LOW LIQUIDITY
Lakshmi Mills,502958,,Textiles & Apparels,-0.1919,1.5714,0.1194,-0.0892,3.5878,0.035,-0.1306,3.1728,0.15,,0,0,28.48,-0.2045,0.633,-0.006,0.0157,-3.5938,
Lancer Containe.,539841,LANCER,Transport Services,-0.5365,-0.5419,0.0588,-0.2527,6.7544,-0.0437,-0.0553,112.9854,0.1,,0,18.3,34.4,-0.6551,0.3327,-0.0076,-0.207,-6.762,
Landmark Cars,543714,LANDMARK,Automobiles,0.3347,2,0.0448,0.1325,0.2315,0.0245,0.0477,1.4643,1.48,104.16,4.5,16,11.52,-0.2551,0.711,0.0309,-0.086,-0.2006,LOW LIQUIDITY
Larsen & Toubro,500510,LT,Construction,0.1044,0.1563,0.1252,0.0586,0.0558,0.129,0.2271,0.271,1.32,34.09,6.11,743.6,16.94,-0.0378,0.3434,0.1655,0.0266,0.1097,435
Last Mile Enter.,526961,,Finance,23.7836,-0.7403,0.0042,5.1581,0.468,0.014,0.0906,-8.7202,0.11,19.72,0.42,35.7,12.29,-0.7531,0.089,0.0565,0.0158,-0.4115,
Latent View,543398,LATENTVIEW,IT - Software,0.2325,0.1128,0.218,0.1247,0.1456,0.2644,0.2195,0.5785,0.02,49.62,3.41,120.1,32.09,-0.1203,0.3444,0.1158,-0.0064,-0.0298,1497
Laurus Labs,540222,LAURUSLABS,Pharmaceuticals & Biotechnology,0.3512,8.8271,0.2439,0.1448,1.139,0.1797,0.1633,0.9353,0.46,79.86,0.7,613.6,35.56,-0.0257,1.0223,0.0745,0.0348,-1.0645,1650
Laxmi Dental,544339,LAXMIDENTL,Healthcare Equipment & Supplies,0.2652,0.4482,0.1525,0.0882,-0.0164,0.1262,0.2174,1.4152,0.04,58.6,-35.69,36.2,30.86,-0.5283,0.1277,0.2188,-1.1203,0.2352,LOW LIQUIDITY
Laxmi Goldorna,,LGHL,Consumer Durables,0.8088,1.1538,0.1817,0,0,0.2563,0.1214,-1.9809,1.57,117.56,,106.5,65.33,-0.3093,1.3048,0.1912,0.1912,0.1912,LOW LIQUIDITY
Laxmi India Fin.,544465,LAXMIINDIA,Finance,0.2735,0.0855,0.6152,0.1428,0.1086,0.6468,0.2153,-1.9216,2.57,17.68,1.63,8.5,8.58,-0.2533,0.1639,0.1566,0.0305,0.048,565
Laxmi Organic,543277,LXCHEM,Chemicals & Petrochemicals,-0.0927,-0.6077,0.053,-0.0324,-0.2398,0.0381,0.0407,0.6142,0.17,58.82,-2.45,70.6,23.7,-0.3711,0.0989,0.0593,-0.0138,0.2991,1180
Le Merite Export,,LEMERITE,Textiles & Apparels,-0.1899,2.0978,0.0627,-0.0959,1.218,0.0527,0.1221,-0.9567,0.64,111.43,0.91,23.2,52.37,-0.0244,1.1961,0.0474,0.0313,-1.1706,
Le Travenues,544192,IXIGO,Leisure Services,0.3694,-1.2544,-0.0184,0.2284,-0.0844,0.0625,0.1115,1.6573,0.04,222.87,-26.4,611.5,127.63,-0.2751,1.1013,0.0974,-0.0025,0.1818,1040
Leela Palaces Hotels,544408,THELEELA,Leisure Services,0.1209,2.4602,0.4362,0,0,0.4317,0.0075,0.9847,0.28,77.51,,73.3,20.14,-0.1489,0.0569,0.1314,0.1314,0.1314,356
Lehar Footwears,532829,,Consumer Durables,2.7323,4.7402,0.0897,0.656,1.0037,0.0786,0.215,0.9438,0.46,19.29,0.19,5.9,11.43,-0.2624,0.2313,0.1021,0.0326,-0.9016,
Lemon Tree Hotel,541233,LEMONTREE,Leisure Services,0.077,0.1673,0.4268,0.0542,0.1198,0.3872,0.0728,1.0675,1.67,58.36,4.87,822.7,22.37,-0.1028,0.4663,0.1845,0.0214,0.0647,478
Lenskart Solut.,544600,LENSKART,Retailing,0.2077,0.196,0.1972,0,0,0.0699,0.0403,2.6466,0.45,267.14,,,57.15,-0.0964,0.1401,0.0432,0.0441,0.0432,1171
LG Electronics,544576,LGEINDIA,Consumer Durables,0.0098,-0.273,0.0887,0,0,0.1229,0.44,0.5522,0.07,52.99,,,31.13,-0.082,0.0162,0.4518,0.0802,0.4518,52
Liberty Shoes,526596,LIBERTSHOE,Consumer Durables,0.0141,-0.2344,0.087,0.0286,-0.1422,0.0499,0.0602,2.0283,0.73,36.89,-2.59,3.7,9.32,-0.4882,0.0449,0.072,-0.0001,0.2142,LOW LIQUIDITY
LIC Housing Fin.,500253,LICHSGFIN,Finance,0.0348,0.0162,0.9373,0.0247,0.0146,0.9348,-4.1116,-0.629,7.08,5.45,3.74,43,11.17,-0.1571,0.1312,0.1605,-0.0019,0.1459,685
Life Insurance,543526,LICI,Insurance,0.045,0.3066,0.0393,0.026,0.0646,0.0624,0.3774,-0.1636,0,10.84,1.68,2469.2,8.73,-0.1301,0.2256,0.4572,-0.1753,0.3926,553
Likhami Consult.,539927,,Commercial Services & Supplies,0.25,0.3333,0.2667,0.0896,0.3182,0.4247,0.0375,0.5333,0,1127.1,35.42,9.3,1053.68,-0.6699,0.2373,0.0063,0.0017,-0.3119,
Likhitha Infra.,543240,LIKHITHA,Construction,-0.1847,-0.3366,0.1622,-0.0503,-0.13,0.1693,0.209,0.0147,0,12.44,-0.96,7.4,7.72,-0.5291,0.0104,0.2029,-0.0327,0.3329,LOW LIQUIDITY
Linc,531241,LINC,Household Products,0.0074,0.1583,0.1127,0.0142,0.014,0.1002,0.223,1.0663,0.08,17.88,12.74,17.1,10.15,-0.434,0.2373,0.1763,-0.0017,0.1623,LOW LIQUIDITY
Lincoln Pharma.,531633,LINCOLN,Pharmaceuticals & Biotechnology,0.0133,-0.2412,0.1557,0.0143,-0.0127,0.1751,0.1745,0.8507,0,12.46,-9.8,2.8,7.84,-0.4945,0.0104,0.1282,-0.0402,0.1409,LOW LIQUIDITY
Linde India,523457,LINDEINDIA,Chemicals & Petrochemicals,0.0154,0.619,0.4383,-0.0291,0.1377,0.2894,0.2295,0.9494,0.02,97.76,7.1,106.8,53.64,-0.263,0.1149,0.1233,-0.0055,-0.0144,1416
LKP Finance,507912,,Finance,-1.4685,-0.6691,1.7168,-4.4313,37.2203,1.0004,-0.5777,32.8773,0.06,,0,6,-60.41,-0.1324,4.4725,-0.0017,-0.1731,-37.222,
Lloyds Engineeri,539992,LLOYDSENGG,Industrial Manufacturing,0,0,0.1536,0.22,0.3186,0.1671,0.1404,1.0577,0.16,50.29,1.58,670.5,36.55,-0.4048,0.1753,0,0,-0.3186,1989
Lloyds Enterpris,512463,LLOYDSENT,Metals & Minerals Trading,0.0547,0.063,0.0583,0.0195,4.6867,0.3128,0.185,0.8535,0.2,27.44,0.06,357,16.16,-0.3879,0.5843,0.0248,-0.0229,-4.6619,2131
Lloyds Metals,512455,LLOYDSME,Minerals & Mining,1.5433,0.8995,0.2857,0.3246,0.2459,0.2824,0.1984,0.6271,1.06,35.02,1.42,431.9,25.55,-0.2588,0.2692,0.3145,-0.2584,0.0686,1301
LMW,500252,LMW,Industrial Manufacturing,0.0688,0.6729,0.0536,0.0246,0.4457,0.0573,0.066,0.2368,0,133.84,3,6.1,49.84,-0.1739,0.1209,0.0304,-0.1097,-0.4153,LOW LIQUIDITY
Lodha Developers,543287,LODHA,Realty,0.4467,0.865,0.2918,0.1319,0.2045,0.3083,0.168,0.3814,0.45,33.28,1.63,520.1,23.25,-0.2768,0.0718,0.1469,0.0395,-0.0576,796
Logica Infoway,543746,,Retailing,0.1394,0.9815,0.0249,0.0646,0.3026,0.0265,0.2381,0.3166,1.4,30.81,1.02,8,16.63,-0.1285,0.3715,0.1409,-0.0006,-0.1617,
Lokesh Mach.,532740,LOKESHMACH,Industrial Manufacturing,-0.3305,-0.8174,0.1906,-0.1724,-6.3333,0.0683,-0.0173,1.3012,0.71,,0,2.7,16.29,-0.6212,0.1774,0.0026,-0.0754,6.3359,LOW LIQUIDITY
Lords Chloro,500284,LORDSCHLO,Chemicals & Petrochemicals,0.6222,24.1111,0.1897,0.2697,3.1492,0.1268,0.0899,0.6963,0.73,19.23,0.06,5.6,9.88,-0.2651,0.4871,0.0325,0.061,-3.1167,LOW LIQUIDITY
Lotus Chocolate,523475,,Food Products,0.2506,-0.7252,0.0221,0.0863,-0.4446,0.0411,0.175,-4.2957,3.08,101.91,-2.29,19.6,40.7,-0.5019,0.0613,0.3379,0.0561,0.7825,
LS Industries,514446,,Metals & Minerals Trading,117,0.6,-0.6102,4.0345,-1.0806,0.137,0.1249,0.6289,0.03,1523.01,-14.09,6221.7,11240.54,-0.7483,0.325,-0.4688,-0.4159,0.6118,
LTIMindtree,540005,LTIM,IT - Software,0.1019,0.12,0.1857,0.0437,0.0588,0.1736,0.2902,0.7001,0.1,38.16,6.49,235.3,23.37,-0.0742,0.6481,0.2153,-0.035,0.1565,801
Ludlow Jute,526179,,"Paper, Forest & Jute Products",0.7071,2.9544,0.102,0.3138,-2.0672,0.0742,0.0483,3.2679,0.83,29.54,-0.14,2,12.72,-0.443,0.9066,-0.0634,0.0099,2.0038,
Lumax Auto Tech.,532796,LUMAXTECH,Auto Components,0.3729,0.559,0.1336,0.1607,0.2113,0.1064,0.2102,0.7601,1.05,50.55,2.39,69,19.55,-0.0131,2.4817,0.2025,0.0238,-0.0088,534
Lumax Industries,517206,LUMAXIND,Auto Components,0.2424,0.2603,0.088,0.1003,0.0686,0.0706,0.1921,0.8464,1.21,35.61,5.19,6.1,16,-0.0192,1.9094,0.1932,0.0169,0.1246,372
Lupin,500257,LUPIN,Pharmaceuticals & Biotechnology,0.2423,0.7334,0.3322,0.09,0.3316,0.2321,0.2804,0.7035,0.32,22.09,0.67,222.3,14.05,-0.1296,0.1793,0.2062,0.0648,-0.1254,509
Lux Industries,539542,LUXIND,Textiles & Apparels,0.1608,-0.53,0.0567,0.0687,-0.2123,0.0723,0.0959,-0.358,0.29,27.28,-1.29,5.9,17.62,-0.4666,0.0199,0.0981,0.0112,0.3104,LOW LIQUIDITY
M & B Engineer.,544470,MBEL,Construction,0.4854,-0.0696,0.1124,0,0,0.1233,0.2109,0.2919,0.19,28.25,,20.4,16.11,-0.3064,0.0212,0.2849,0.0642,0.2849,103
M & M,500520,M&M,Automobiles,0.2157,0.1585,0.1937,0.1036,0.1008,0.1762,0.2541,0.1128,1.53,32.07,3.18,685.2,14.88,-0.0328,0.5555,0.1805,-0.0034,0.0797,789
M & M Fin. Serv.,532720,M&MFIN,Finance,0.1256,0.4495,0.5992,0.0637,0.0923,0.6181,0.5548,-1.364,4.9,19.56,2.12,271,13.05,-0.1034,0.4987,0.109,0.0088,0.0167,1153
M B Agro Prod.,,MBAPL,Fertilizers & Agrochemicals,0.6176,1.2009,0.1374,0.3619,0.5803,0.1191,0.1883,0.7841,0.68,38.92,0.67,67.6,18.46,-0.1412,0.9677,0.1523,0.0792,-0.428,LOW LIQUIDITY
M M Forgings,522241,MMFL,Auto Components,-0.0302,-0.5071,0.1672,-0.0213,-0.2078,0.1479,0.0939,0.7836,1.25,16.24,-0.78,8.7,9.07,-0.3756,0.3179,0.1558,-0.0366,0.3636,755
M R P L,500109,MRPL,Petroleum Products,-0.0929,1.9002,0.0657,-0.0867,16.702,0.0302,0.0539,1.6463,0.81,26.54,0.02,362.1,9.33,-0.1528,0.5844,0.0045,-0.3148,-16.6975,2243
M T N L,500108,MTNL,Telecom - Services,-0.2883,-0.0785,-0.5715,-0.0131,0.07,-0.9118,0.5699,-0.8369,,,0,-5.1,-903.19,-0.4018,0.0019,0,0,-0.07,LOW LIQUIDITY
M.V.K. Agro,,MVKAGRO,Agricultural Food & other Products,-0.0837,0.2033,0.2144,-0.0315,0.07,0.1463,0.0471,2.4387,0.89,123.27,17.61,14.2,53.24,-0.0122,24.0546,0.1107,-0.0771,0.0407,
Maan Aluminium,532906,MAANALU,Non - Ferrous Metals,-0.0699,0.1248,0.0417,0.0247,-0.1351,0.0324,0.1022,0.0067,0.44,53.66,-3.97,24,27.19,-0.0561,1.0335,0.1049,-0.1184,0.24,LOW LIQUIDITY
Mac Charles(I),507836,,Leisure Services,6.197,0.306,0.7326,4.1109,-0.1367,0.409,-0.0997,7.1064,16.21,,0,18.1,60.45,-0.1157,0.3707,-0.805,-0.4794,-0.6683,
Macfos,543787,,Retailing,-0.238,-0.1847,0.1051,-0.0743,-0.0072,0.1112,0.3523,-0.9357,0.51,43.58,-60.14,9.1,29.67,-0.4606,0.3084,0.3672,-0.1287,0.3744,
Macpower CNC,,MACPOWER,Industrial Manufacturing,0.2055,0.1301,0.1652,0.0956,0.06,0.1319,0.2326,0.1942,0.01,36.21,6.04,6.4,22.41,-0.3808,0.6591,0.1985,-0.0217,0.1385,LOW LIQUIDITY
Madhav Infra,539894,,Construction,0.2311,2.0072,0.1523,0.065,0.3847,0.1078,0.1337,2.1895,0.81,9,0.23,36.4,4.88,-0.377,0.1986,0.1255,0.0043,-0.2592,
Madhuveer Com,531910,,Entertainment,1.2969,1.4769,-0.8912,0.5913,-1.512,0.0014,0.028,27.5319,0.06,587.54,-3.89,28.5,1193.57,-0.3387,0.4729,-0.0449,-0.1673,1.4671,
Madras Fertilize,590134,MADRASFERT,Fertilizers & Agrochemicals,-0.0414,7.1962,0.024,-0.0019,0.2325,0.0676,-0.1551,0.7296,23.64,15.32,0.66,792.8,6.36,-0.3103,0.1301,0,0,-0.2325,LOW LIQUIDITY
Mafatlal Inds.,500264,,Textiles & Apparels,0.0343,-0.1585,0.0237,0.293,0.1447,0.0305,0.3672,-1.0169,0.08,9.9,0.68,10.2,7.63,-0.2486,0.4152,0.1294,0.0474,-0.0153,
Magadh Sugar,540650,MAGADSUGAR,Agricultural Food & other Products,0.0017,-2.9274,0.0055,-0.0195,-0.2429,0.1153,0.1081,0.7504,0.41,8.15,-0.34,1.2,5.59,-0.4196,0.083,0.138,-0.0305,0.3809,LOW LIQUIDITY
Magellanic Cloud,538891,MCLOUD,IT - Software,0.0454,0.1443,0.3276,0.0603,0.0443,0.2706,0.2136,0.855,0.47,13.98,3.16,151.6,7.96,-0.758,0.1053,0.2223,-0.0696,0.178,934
Magna Electrocas,517449,,Industrial Products,0.1466,-0.1949,0.1808,0.074,-0.0556,0.1561,0.1972,1.2696,0.09,18.35,-3.3,1.2,11.1,-0.3142,0.3437,0.1938,0.0448,0.2494,
Mah. Scooters,500266,MAHSCOOTER,Finance,0.661,0.7668,0.9955,0.7005,0.7691,0.9806,9.1272,0.9247,0,53.33,0.69,0.6,53.09,-0.2199,0.6392,0.0061,-0.0026,-0.763,2078
Mah. Seamless,500265,MAHSEAMLES,Industrial Products,-0.1031,-0.4308,0.1027,-0.0264,0.007,0.1991,0.1553,0.6072,0,9.77,14,15.6,6.8,-0.297,0.0591,0.129,-0.0522,0.122,1470
Mahamaya Lifesc.,544611,,Fertilizers & Agrochemicals,0.1169,0.1545,0.0944,0,0,0.0916,0.2695,0.0215,1.18,22.16,,,14.47,-0.1098,0.1982,0.349,0.1132,0.349,
Mahamaya Steel,513554,MAHASTEEL,Industrial Products,0.2186,19.4444,0.0269,0.0372,0.3067,0.0198,0.114,0.656,0.4,131.82,4.3,13.5,52.81,-0.0391,3.257,0.0501,0.0077,-0.2566,LOW LIQUIDITY
Mahanagar Gas,539957,MGL,Gas,0.1473,-0.3257,0.1649,0.1198,0.0133,0.1708,0.1987,1.0547,0.03,11.67,8.79,18.4,6.88,-0.262,0.0089,0.1772,-0.1007,0.1639,LOW LIQUIDITY
Mahindra EPC,523754,MAHEPC,Industrial Manufacturing,-0.0088,1.1558,0.0272,0.0597,0.9431,0.0783,0.0958,-0.338,0.21,24.84,0.26,5.6,14.74,-0.3244,0.2961,0.0427,0.0305,-0.9004,LOW LIQUIDITY
Mahindra Holiday,533088,MHRIL,Leisure Services,0.0695,0.2963,0.2121,0.0342,0.0455,0.1302,0.0252,1.7763,4.75,47.42,10.41,174.9,12.85,-0.2066,0.3041,0.196,-0.0443,0.1505,LOW LIQUIDITY
Mahindra Life.,532313,MAHLIFE,Realty,1.3075,4.4165,-2.988,-0.3928,2.9207,0.8224,0.0855,-8.1115,0.1,55.11,0.19,55.5,42.81,-0.1337,0.6451,0.0219,-0.0247,-2.8988,2137
Mahindra Logis.,540768,MAHLOG,Transport Services,0.1079,0.0372,0.0505,0.0604,-0.0027,0.0117,-0.0134,4.7419,0.59,,0,27.3,10.93,-0.1679,0.4672,-0.0796,0.0277,-0.0769,LOW LIQUIDITY
Maithan Alloys,590078,MAITHANALL,Ferrous Metals,0.0573,-1.8408,0.0654,0.1595,-0.4125,0.3135,0.1556,0.0474,0.11,6.25,-0.15,2,4.55,-0.2425,0.1489,0.2199,0.1293,0.6324,LOW LIQUIDITY
Majestic Auto,500267,,Commercial Services & Supplies,-0.1876,0.0897,0.1265,-0.0574,0.5539,0.5929,0.0434,3.1809,0.02,33.52,0.61,0.5,8.03,-0.2628,0.2517,0.0111,-0.0511,-0.5428,
Mallcom (India),539400,MALLCOM,Industrial Products,0.0795,-0.6297,0.0708,0.0622,-0.1442,0.0945,0.1398,0.0317,0.37,24.01,-1.66,1.5,14.59,-0.3238,0.1845,0.1376,-0.0219,0.2818,LOW LIQUIDITY
Mamata Machinery,544318,MAMATA,Industrial Manufacturing,0.2473,-0.0258,0.124,0.0861,0.0569,0.218,0.4134,1.2914,0.04,24.02,4.22,14.4,15.87,-0.3523,0.4747,0.2689,-0.0053,0.212,333
Man Industries,513269,MANINDS,Industrial Products,0.0346,0.1607,0.1452,0.0061,0.1069,0.0983,0.1092,0.2231,0.29,19.77,1.85,12.6,8.49,-0.1042,1.1834,0.1001,0.0194,-0.0068,1152
Man Infra,533169,MANINFRA,Construction,-0.3542,0.2396,0.2459,-0.2169,-0.0381,0.4553,0.187,0.3207,0.01,20.2,-5.31,101.2,12.47,-0.4805,0.1669,0.1749,-0.0535,0.213,974
Manaksia,532932,MANAKSIA,Industrial Products,0.1211,1.8086,0.0369,0.1215,0.2419,0.1021,0.1172,-3.6526,0.06,7.5,0.31,4,2.95,-0.3853,0.1025,0.0748,-0.0287,-0.1671,LOW LIQUIDITY
Manaksia Coated,539046,MANAKCOAT,Industrial Products,0.2597,7.9299,0.1184,0.1298,1.4504,0.095,0.1276,0.5616,0.31,38.76,0.27,47.5,16.86,-0.2318,0.9625,0.0843,-0.0028,-1.3661,1943
Manaksia Steels,539044,MANAKSTEEL,Ferrous Metals,1.5541,0.6849,0.0457,0.3304,0.5376,0.041,0.0705,0.647,0.63,22.93,0.43,8.2,14.99,-0.1897,0.4244,0.0367,-0.0581,-0.5009,LOW LIQUIDITY
Manali Petrochem,500268,MANALIPETC,Chemicals & Petrochemicals,0.0774,94,0.0818,0.0135,0.6407,0.0887,0.0538,-0.3411,0.14,20.91,0.33,16.3,7.9,-0.2277,0.2743,0.0292,0.0067,-0.6115,LOW LIQUIDITY
Manappuram Fin.,531213,MANAPPURAM,Finance,-0.1328,-0.6147,0.5497,-0.0574,-0.6305,0.4306,0.2195,-0.0896,3.02,51.73,-0.82,154.7,13.58,-0.0795,0.6569,0.1014,-0.1051,0.7319,1213
Manba Finance,544262,MANBA,Finance,0.2017,-0.0206,0.6607,0.1237,0.1146,0.638,0.1413,-2.0485,3.78,16.89,1.47,9.2,9.68,-0.2976,0.2291,0.1327,-0.0369,0.0181,LOW LIQUIDITY
Mangal Credit,505850,MANCREDIT,Finance,0.3568,-0.0745,0.7263,0.1363,-0.0759,0.7208,0.2019,-1.3369,1.75,27.66,-3.65,4.5,12.8,-0.2509,0.1585,0.0993,0.0111,0.1752,LOW LIQUIDITY
Mangal Electrica,544492,MEIL,Electrical Equipment,0.163,-0.0686,0.1415,0,0,0.1437,0.1276,-0.3815,0.12,21.98,,5,10.89,-0.3576,0.0019,0.3413,0.1412,0.3413,LOW LIQUIDITY
Mangalam Cement,502157,MANGLMCEM,Cement & Cement Products,0.0995,5.1311,0.1081,0.0636,0.6271,0.097,0.0891,1.3119,0.82,28.23,0.45,6.6,10.86,-0.2262,0.238,0.057,-0.0193,-0.5701,2059
Mangalam Global,544273,MGEL,Agricultural Food & other Products,0.2545,0.1208,0.0163,0.141,0.0532,0.024,0.113,-0.6091,1.03,18.26,3.43,69.5,10.59,-0.2038,0.314,0.1457,-0.0068,0.0925,LOW LIQUIDITY
Mangalam Organic,514418,MANORG,Chemicals & Petrochemicals,0.143,1.7442,0.0018,0.0912,1.1357,0.1036,0.0811,-0.2057,1.14,15.1,0.13,1.1,9.23,-0.2696,0.4091,0.0439,0.028,-1.0918,LOW LIQUIDITY
Mangalam World.,,MWL,Metals & Minerals Trading,0.3339,0.5239,0.0649,0.1196,0.2812,0.0549,0.1344,-1.6806,0.83,21.74,0.77,8.5,13.21,-0.0408,0.9584,0.1313,-0.0012,-0.1499,LOW LIQUIDITY
Mankind Pharma,543904,MANKIND,Pharmaceuticals & Biotechnology,0.2077,-0.22,0.2492,0.1096,0.0056,0.2156,0.11,0.919,0.55,52.08,93.55,245.9,26.16,-0.2778,0.0431,0.1468,-0.0685,0.1412,1378
Manoj Vaibhav,543995,MVGJL,Consumer Durables,0.1769,0.1902,0.0733,0.0525,0.0386,0.0702,0.1709,-0.3899,0.53,8.72,2.26,5.8,7.03,-0.4124,0.1053,0.1503,-0.0179,0.1117,LOW LIQUIDITY
Manomay Tex Indi,540396,MANOMAY,Textiles & Apparels,-0.0586,0.1628,0.1359,-0.0026,0.0068,0.0845,0.0802,0.072,2.34,20.16,29.85,4.5,8.72,-0.2085,0.5158,0.1389,0.0331,0.1321,LOW LIQUIDITY
Manorama Indust.,541974,MANORAMA,Food Products,0.6544,1.0547,0.2712,0.3685,0.583,0.2638,0.4527,-0.3134,0.66,46.19,0.79,85.6,28.14,-0.2274,0.8618,0.2803,0.154,-0.3027,419
Maple Inf. Trust,543925,,Transport Infrastructure,0.1095,0.4892,0.7129,0,0,0.3849,-0.0148,1.7395,1.59,,,120.9,24.66,0,0.0111,-0.039,0.0256,-0.039,
Marathon Nextgen,503101,MARATHON,Realty,-0.1996,0.3641,0.3596,-0.0871,0.5748,0.5713,0.1938,-0.1197,0.03,16.22,0.28,11.3,12.01,-0.2962,0.5485,0.1316,-0.0543,-0.4432,1972
Marble City,531281,,Other Construction Materials,1.3142,17.1429,0.3108,0,0,0.2632,0.0181,0,1.62,64.12,,9.8,21.79,-0.3526,0.1454,0,0,0,
Marico,531642,MARICO,Agricultural Food & other Products,0.3071,-0.0071,0.1608,0.1324,0.0323,0.1804,0.4073,0.6342,0.14,55.69,17.22,2972,38.72,-0.0664,0.2367,0.4134,0.0283,0.3811,93
Marine Electric.,,MARINE,Industrial Manufacturing,0.2072,0.2964,0.1165,0.0869,0.2347,0.094,0.1599,0.8463,0.13,62.49,2.66,93.6,30.02,-0.3651,0.522,0.1155,0.0027,-0.1192,1439
Markolines Pavem,543364,MARKOLINES,Construction,0.4206,0.7562,0.0949,0.1495,0.1485,0.1213,0.2747,-0.8801,0.29,12.95,0.87,4.1,7.92,-0.1973,0.4253,0.162,-0.0251,0.0135,LOW LIQUIDITY
Marksans Pharma,524404,MARKSANS,Pharmaceuticals & Biotechnology,0.1223,0.0158,0.2006,0.0411,-0.0747,0.1784,0.1586,0.4013,0.12,24.22,-3.24,143.6,14.09,-0.4762,0.1593,0.1677,0.0031,0.2424,387
Marsons,517467,,Electrical Equipment,0.5528,0.2316,0.1433,0.2283,0.3073,0.1589,0.2333,-1.3967,0.02,81.3,2.65,326.3,79.51,-0.4288,0.3387,0.3647,0.2916,0.0574,
Maruti Suzuki,532500,MARUTI,Automobiles,0.1307,0.0795,0.1201,0.0505,0.0227,0.1191,0.4603,0.8169,0,34.02,14.99,158.5,19.87,-0.0408,0.4913,0.1589,-0.0242,0.1362,1030
MAS FINANC SER,540749,MASFIN,Finance,0.2497,0.1775,0.7213,0.1232,0.0884,0.7224,0.2642,-0.9515,3.53,16.57,1.87,36.1,10.62,-0.1184,0.4039,0.1414,-0.0107,0.053,LOW LIQUIDITY
Mason Infratech,,MASON,Realty,0.3984,0.6582,0.266,0.132,0.1821,0.2413,0.2881,0.2959,0.35,22.98,1.26,7.5,15.26,-0.0639,1.802,0.3845,0.3845,0.2024,
Mastek,523704,MASTEK,IT - Software,0.0841,-0.1918,0.1547,0.0506,0.004,0.1458,0.1837,0.809,0.2,18.22,45.2,7.8,11.22,-0.3523,0.1523,0.1614,0.0021,0.1574,553
Master Trust,511768,MASTERTR,Capital Markets,-0.1747,-0.1488,0.4674,-0.0951,-0.0992,0.4243,0.2054,-0.1549,0.22,13.1,-1.32,25.3,0.74,-0.3526,0.2646,0.2297,-0.019,0.3289,384
Matrimony.com,540704,MATRIMONY,Retailing,-0.0079,-0.4103,0.1051,-0.0135,-0.2414,0.1061,0.181,0.909,0.22,30.03,-1.24,9,13.76,-0.3263,0.1889,0.1697,-0.0121,0.4111,LOW LIQUIDITY
Mawana Sugars,523371,MAWANASUG,Agricultural Food & other Products,0.1215,0.2011,-0.0236,0.0417,-0.1109,0.0559,0.1312,1.1655,0.02,6.3,-0.57,2.7,2.71,-0.2647,0.0482,0.1275,0.0738,0.2384,LOW LIQUIDITY
Max Estates,544008,MAXESTATES,Realty,0.2138,2.3814,0.2069,0.1219,0.6116,0.7506,0.0173,2.6207,0.91,134.81,2.2,52.7,52.54,-0.3569,0.4559,0.0201,0.034,-0.5915,LOW LIQUIDITY
Max Financial,500271,MFSL,Insurance,-0.2677,-0.9633,0.0021,-0.055,-0.5079,0.0064,-0.0623,16.6769,0.34,356.89,-7.03,379.3,211.21,-0.0426,0.7783,0.0726,-0.0199,0.5805,988
Max Healthcare,543220,MAXHEALTH,Healthcare Services,0.2507,0.7434,0.2693,0.1298,0.2451,0.2327,0.1331,0.8873,0.33,74.79,3.05,1019.3,47.89,-0.1753,0.153,0.1272,-0.0065,-0.1179,1553
Max India Ltd,543223,MAXIND,Finance,0.0559,-0.4976,-0.6867,-0.0277,0.1355,-0.8403,-0.3005,1.0834,0.44,,0,11.4,-8.3,-0.3801,0.2103,-0.3005,-0.1935,-0.436,LOW LIQUIDITY
Maxvolt Energy,,MAXVOLT,Auto Components,2.2284,1.7029,0.1416,0.8356,0.8043,0.1416,0.2894,-2.9187,0.5,26.02,0.32,6.4,17.24,-0.0984,2.0038,0.2525,-0.6023,-0.5518,
Mayur Uniquoters,522249,MAYURUNIQ,Consumer Durables,0.0989,0.161,0.2502,0.0403,0.1045,0.2473,0.2429,0.8365,0.01,14.16,1.35,9.4,8.84,-0.2249,0.1531,0.1539,0.008,0.0494,LOW LIQUIDITY
Mazagon Dock,543237,MAZDOCK,Industrial Manufacturing,0.0625,0.281,0.2371,0.0386,-0.0327,0.2509,0.4137,0.6766,0,45.63,-13.94,482.1,30.23,-0.3009,0.3771,0.3402,-0.0117,0.3729,238
Mazda,523792,MAZDA,Industrial Manufacturing,-0.1048,-0.1559,0.2057,0.0389,0.0249,0.1716,0.1392,0.3301,0,18.82,7.54,4.1,12.23,-0.4425,0.1663,0.1124,-0.0462,0.0875,LOW LIQUIDITY
MBL Infrast,533152,MBLINFRA,Construction,0.5208,0.4353,-0.4145,0.0865,-0.0859,-0.1934,-1.0902,0.4439,0.98,,0,8.7,50.77,-0.4766,0.1267,-0.1285,-0.0772,-0.0426,LOW LIQUIDITY
Mcleod Russel,532654,MCLEODRUSS,Agricultural Food & other Products,-0.1984,-0.6563,0.2714,-0.0597,0.2715,-0.091,0.1602,-1.9141,30.1,,0,82.8,-58.98,-0.2968,0.7511,-1.4163,-0.6429,-1.6878,LOW LIQUIDITY
Medi Assist Ser.,544088,MEDIASSIST,Insurance,0.2864,-0.6212,0.1708,0.1032,-0.0754,0.151,0.1678,1.1675,0.53,43.02,-5.7,42.7,19.99,-0.2579,0.1771,0.1737,-0.015,0.2491,586
Media Matrix,512267,,Entertainment,-0.6569,-0.0403,0.0164,-0.3895,-0.0086,0.02,0.0576,-1.1958,1.05,367.24,-428.45,1053.2,59.49,-0.4361,0.4783,0.0188,-0.0065,0.0274,
Medicamen Biotec,531146,MEDICAMEQ,Pharmaceuticals & Biotechnology,0.0543,0.8288,0.1094,0.0148,0.5035,0.0892,0.0613,-0.6,0.14,48.86,0.97,2.6,24.54,-0.3825,0.3301,0.0339,-0.0207,-0.4696,LOW LIQUIDITY
Medico Remedies,540937,MEDICO,Pharmaceuticals & Biotechnology,0.3377,0.6581,0.0519,0.1374,0.1249,0.0955,0.2369,0.3336,0.19,38.95,3.12,54.9,23.4,-0.3321,0.5234,0.1757,0.0034,0.0508,LOW LIQUIDITY
Medplus Health,543427,MEDPLUS,Retailing,0.0654,0.4326,0.0886,0.0256,0.336,0.0554,0.0969,1.9297,0.65,49.96,1.49,63.3,17.13,-0.2273,0.3481,0.088,0.047,-0.248,1327
Meesho,,,,0,0,,0,0,-0.0183,0.6228,-3.1559,0.04,,,,-360.46,0,0,-2.5727,-2.4214,-2.5727,
Megasoft,532408,MEGASOFT,Telecom - Services,0,1.0393,,,-5.6055,,0.9765,1.3781,0.01,10.53,-0.02,38.2,7.45,-0.1553,3.0289,-0.1847,-0.1165,5.4208,1725
Megastar Foods,541352,MEGASTAR,Food Products,0.533,0.4875,0.0663,0.2959,0.545,0.0523,0.0352,-0.5766,1.79,52.56,0.96,3.6,14.85,-0.1399,0.5067,0.041,-0.0488,-0.504,LOW LIQUIDITY
Megatherm Indu.,,MEGATHERM,Industrial Products,0.075,0.2932,0.0979,0.0346,0.1281,0.1143,0.2167,0.4609,0.23,18.02,1.41,5.3,9.95,-0.4059,0.0743,0.1627,-0.0797,0.0346,
Meghmani Organi.,543331,MOL,Fertilizers & Agrochemicals,0.0614,2.246,0.0902,0.1121,-4.2696,0.0751,0.0386,0.8295,0.55,42.63,-0.1,27.9,8.51,-0.3773,0.1796,-0.008,0.0591,4.2616,LOW LIQUIDITY
Meghna Infracon,538668,,Realty,1.6687,2.5,0.1538,0.0335,0.0563,0.2912,0.4711,1.5837,0.27,120.45,21.4,104.2,95.14,-0.1243,0.7226,0.5257,0.5257,0.4694,
Menon Bearings,523828,MENONBE,Auto Components,0.0525,0.0134,0.1566,0.0388,0.1021,0.1605,0.1928,0.7236,0.33,21.79,2.13,21,12.73,-0.2674,0.4641,0.1633,-0.0082,0.0612,LOW LIQUIDITY
Mercury EV-Tech,531357,,Automobiles,0.7459,0.075,0.0885,0.3729,0.1791,0.1027,0.0406,-4.0471,0.03,81.96,4.58,49,49.96,-0.6167,0.0312,0.0418,0.0113,-0.1373,
Methodhub Software,,,,0,0,0.1849,0,0,0.1341,0.2041,0.2804,0.68,31.81,,,21.25,0,0,0.4272,-0.2823,0.4272,
Metro Brands,543426,METROBRAND,Consumer Durables,0.1122,-0.0267,0.2622,0.047,0.0468,0.232,0.1789,1.2063,0.79,83.21,17.76,443.4,34.66,-0.1943,0.2196,0.1901,-0.0519,0.1433,1060
Metropolis Healt,542650,METROPOLIS,Healthcare Services,0.227,0.1322,0.2521,0.1143,0.1313,0.1555,0.1331,1.2641,0.14,63.24,4.82,36.2,28.97,-0.1467,0.4685,0.1153,-0.0067,-0.016,1492
MIC Electronics,532850,MICEL,Industrial Products,0.3798,0.0188,0.1006,0.1197,-0.0021,0.1748,0.0653,-2.7669,0.2,113.76,-546.05,115,53.13,-0.5317,0.0641,0.0557,-0.5374,0.0578,2079
Midwest,544587,MIDWESTLTD,Consumer Durables,0.1238,0.8682,0.2932,0,0,0.2597,0.1949,0.5369,0.35,46.24,,,29.8,-0.0548,0.424,0.1869,-0.0204,0.1869,692
Midwest Gold,526570,,Other Construction Materials,0,0,-1.7,0,0,-5.6154,-0.0311,7.5982,1.89,,,51.8,-1025.55,-0.1678,35.0974,0,0,0,
Minda Corp,538962,MINDACORP,Auto Components,0.1902,0.1386,0.1159,0.0868,0.0556,0.0781,0.242,1.359,0.63,52.99,9.54,138.5,23.95,-0.0832,0.3274,0.1211,-0.0068,0.0655,1245
Mindspace Busine,543217,MINDSPACE,Realty,0.1898,0.1054,0.7449,0.075,0.0873,0.6079,0.0369,1.3196,0.83,57.07,6.54,133,18.4,-0.0086,0.379,0.0339,-0.0038,-0.0534,
Mindteck (India),517344,MINDTECK,IT - Software,-0.061,-0.1942,0.0709,-0.0317,-0.0153,0.0933,0.1456,0.6332,0.02,22.19,-14.49,7.5,11.68,-0.3613,0.4585,0.125,-0.0074,0.1403,LOW LIQUIDITY
Mini Diamonds(I),523373,,Consumer Durables,0.4371,0.3561,0.0217,0.14,-0.0757,0.0162,0.1205,-5.2703,0.03,87.89,-11.61,65.8,46.15,-0.3358,0.5872,0.1257,-0.1613,0.2014,
MIRC Electronics,500279,MIRCELECTR,Consumer Durables,0.0789,-17.5481,-0.1059,-0.1004,16.8913,-0.0372,-0.2134,2.5163,0.31,,0,160,-49.75,-0.2123,1.3392,-0.0181,0.3912,-16.9094,LOW LIQUIDITY
Mirza Internatio,526642,MIRZAINT,Consumer Durables,-0.1839,-0.6356,0.0771,-0.0661,0.2569,0.0091,-0.0041,4.7067,0.04,,0,13.4,15.72,-0.0941,0.6157,-0.0078,-0.03,-0.2647,LOW LIQUIDITY
Mishra Dhatu Nig,541195,MIDHANI,Aerospace & Defense,-0.1999,-0.4577,0.1562,-0.0422,-0.0277,0.173,0.0654,1.1639,0.23,55.52,-20.03,77.2,25.72,-0.3241,0.4605,0.0805,0.0105,0.1082,1067
Mishtann Foods,539594,,Food Products,0.1305,-0.1043,0.2497,0.0373,0.0037,0.2375,0.2827,-0.1437,0.04,1.63,4.45,50.3,1.74,-0.6807,0.1846,0.441,-0.5463,0.4373,
MKVentures Cap.,514238,,Finance,-0.11,-0.1749,0.8089,-0.1701,-0.1759,0.5595,-7.7329,1.9723,0,59.26,-3.37,1.6,34.83,-0.5034,0.0354,0.0956,-0.2406,0.2715,
MMP Industries,,MMP,Non - Ferrous Metals,0.2959,0.2024,0.0685,0.1021,0.0355,0.0762,0.1442,0.92,0.54,15.93,4.49,5.1,11.91,-0.3118,0.1681,0.128,0.012,0.0925,LOW LIQUIDITY
MMTC,513377,MMTC,Commercial Services & Supplies,-0.2949,-0.0238,-20.0455,1.5128,-0.2796,44.2381,0.1225,-2.699,0.02,123.14,-4.4,675.2,51.14,-0.3458,0.3561,0.0587,-0.041,0.3383,LOW LIQUIDITY
Mobavenue AI Tech,539682,,IT - Software,4.405,10.9672,0.2032,0,0,0.2544,0.0238,-1.3565,0.65,241.87,,110.4,1574.69,-0.0299,1.1674,0,0,0,
Modern Insulator,515008,,Electrical Equipment,0.5358,1.1743,0.1064,0.197,0.5301,0.1086,0.1466,0.9573,0.07,15.71,0.3,7.4,10.7,-0.1146,1.125,0.0726,-0.0154,-0.4575,
Modi Naturals,519003,,Agricultural Food & other Products,0.0029,0.3285,0.1044,0.0123,0.1783,0.0838,0.1701,0.9857,1.07,14.81,0.83,5.1,10.72,-0.3904,0.2716,0.2923,0.3083,0.114,
Modi's Navnirman,543539,MODIS,Realty,1.2772,1.6432,0.1876,0.7782,1.4073,0.2003,0.2384,-1.6409,0.01,32.69,0.23,10.7,24.09,-0.1883,0.5091,0.0988,0.0478,-1.3085,
Modison,506261,MODISONLTD,Electrical Equipment,0.1852,0.7204,0.1271,0.0823,0.2445,0.0935,0.1852,-0.3966,0.38,15.41,0.63,7,9.72,-0.2825,0.398,0.1213,0.0323,-0.1232,LOW LIQUIDITY
MOIL,533286,MOIL,Minerals & Mining,0.1924,0.4099,0.2859,-0.0542,-0.1959,0.2458,0.1515,0.9097,0,22.15,-1.13,50.3,11.16,-0.193,0.1943,0.1472,0.0249,0.3431,252
Mold-Tek Pack.,533080,MOLDTKPAC,Industrial Products,0.0965,0.0971,0.1865,0.0797,0.1117,0.1259,0.1161,1.1599,0.33,29.79,2.67,10,13.89,-0.325,0.47,0.0981,-0.0174,-0.0136,LOW LIQUIDITY
Mold-Tek Technol,526263,MOLDTECH,Construction,-0.0662,-0.595,0.1104,-0.0607,-0.7187,0.0323,0.0531,1.671,0.04,163.39,-2.27,10.5,44.19,-0.2864,0.5016,0.0861,-0.161,0.8048,LOW LIQUIDITY
Monarch Networth,511551,MONARCH,Capital Markets,-0.2011,0.0227,0.7672,-0.027,0.0397,0.6711,0.5542,0.1412,0.01,15.62,3.93,21.9,8.55,-0.3683,0.0908,0.2617,-0.1725,0.222,LOW LIQUIDITY
Monarch Surve.,544453,,Commercial Services & Supplies,0.4441,0.4834,0.299,0.146,0.1338,0.3162,0.5802,0.4907,0.06,8.32,0.62,2.2,5.54,-0.4664,0.1322,0.3811,-0.1285,0.2473,
Moneyboxx Fin.,538446,MONEYBOXX,Finance,0.1113,-0.8621,0.4293,0.0947,-4.656,0.3275,0.0011,-3.3906,2.44,,0,5.5,12.19,-0.4952,0.0443,0.0058,-0.0687,4.6618,LOW LIQUIDITY
Monika Alcobev,544451,,Beverages,0.3862,0.998,0.1506,0.1379,0.2256,0.1925,0.161,-0.5464,0.7,23.14,1.03,6,13.61,-0.1527,0.0955,0.2863,-0.1526,0.0607,
Monolithisch Ind,,MONOLITH,Industrial Products,0.3971,0.5722,0.2091,0.1683,0.2242,0.2069,0.3129,0.3035,0,67.32,3,22.1,46.1,-0.1036,1.481,0.533,-0.0704,0.3088,
Monte Carlo Fas.,538836,MONTECARLO,Textiles & Apparels,0.132,1.0187,0.167,0.0377,0.0648,0.149,0.1329,0.4352,0.9,17.48,2.7,3.7,9.41,-0.2731,0.4126,0.0978,0.0204,0.033,1066
Morepen Labs.,500288,MOREPENLAB,Pharmaceuticals & Biotechnology,-0.0597,-0.4902,0.0746,-0.031,-0.36,0.063,0.0874,0.1961,0.13,31.49,-0.87,108.9,16.4,-0.5262,0.043,0.1178,-0.0024,0.4778,536
Morganite Crucib,523160,,Industrial Products,0.0366,-0.0157,0.278,0.0072,-0.0893,0.2126,0.2841,0.6342,0.02,34.26,-3.83,3.6,17.8,-0.2124,0.3221,0.2135,0.0111,0.3028,
MOS Utility,,MOS,Financial Technology (Fintech),0.0246,0.5433,0.0409,0.0123,0.397,0.0423,0.3208,1.9866,0.53,35.26,0.89,150.2,18.78,-0.3349,0.119,0.1382,-0.0003,-0.2588,1503
Moschip Tech.,532407,MOSCHIP,IT - Hardware,0.1696,0.2487,0.1145,0.164,0.2826,0.0916,0.1072,2.4431,0.13,93.34,3.3,208.8,58.51,-0.2813,0.6544,0.1117,0.06,-0.1709,1077
Motherson Wiring,543498,MSUMI,Auto Components,0.1876,0.0872,0.1013,0.0801,0.0125,0.0834,0.4347,0.4395,0.14,49.16,39.18,10847.1,29.27,-0.0989,0.4834,0.359,-0.0655,0.3465,492
Motil.Oswal.Fin.,532892,MOTILALOFS,Capital Markets,-0.3491,-0.6764,0.4542,-0.0683,-0.1908,0.4962,0.5411,0.2684,1.22,27.19,-1.42,256.8,15.87,-0.1649,0.878,0.2525,-0.0734,0.4433,547
Motisons Jewel,544053,MOTISONS,Consumer Durables,-0.1726,1.0606,0.3375,-0.0444,0.2955,0.1855,0.1674,-0.3368,0.12,28.79,0.97,357.7,19.69,-0.4705,0.124,0.1164,-0.023,-0.1791,LOW LIQUIDITY
Mphasis,526299,MPHASIS,IT - Software,0.1034,0.108,0.1849,0.0475,0.0635,0.1715,0.33,0.7958,0.21,31.03,4.88,109.5,18.08,-0.1022,0.4362,0.1822,-0.0022,0.1187,675
MPS,532440,MPSLTD,Other Consumer Services,0.0942,0.2821,0.311,0.0307,0.1489,0.2917,0.4407,0.5208,0.02,22.29,1.5,12.8,14.59,-0.3039,0.2219,0.3046,0.0399,0.1557,173
MRF,500290,MRF,Auto Components,0.0723,0.1167,0.1526,0.0347,-0.0079,0.0973,0.126,0.6564,0.19,35.12,-44.4,1.4,14.96,-0.061,0.5286,0.1062,-0.0268,0.1141,1455
Mrs Bectors,543253,BECTORFOOD,Food Products,0.1111,-0.0624,0.1256,0.0473,-0.0469,0.0982,0.1463,0.7886,0.15,57.5,-12.25,39.6,28.22,-0.355,0.0616,0.1564,-0.0758,0.2033,1208
MSP Steel & Pow.,532650,MSPL,Industrial Products,0.0313,3.7408,0.0336,-0.014,-1.6473,0.0284,0.0219,2.2603,0.31,116.39,-0.71,132.7,17.57,-0.2252,0.7471,-0.0378,-0.0641,1.6095,1616
MSTC,542597,MSTCLTD,Commercial Services & Supplies,0.182,0.1077,0.5868,0.069,0.1242,0.777,0.5286,1.0619,0.17,15.16,1.22,28.4,8.6,-0.412,0.1591,0.2837,0.0534,0.1595,157
MTAR Technologie,543270,MTARTECH,Aerospace & Defense,-0.287,-0.7556,0.1254,-0.0388,-0.1233,0.1327,0.0708,1.0911,0.25,167.23,-13.56,31.9,65.37,-0.0739,1.1859,0.0751,-0.0086,0.1984,1223
Mufin Green,542774,MUFIN,Finance,0.2753,0.0613,0.6758,0.1327,-0.0079,0.6804,0.1796,-1.2152,2.68,92.73,-117.59,101.1,20.24,-0.1629,0.7105,0.0789,-0.0038,0.0868,1401
Mukand,500460,MUKANDLTD,Ferrous Metals,-0.0809,-0.609,0.0596,-0.0473,-0.1092,0.0531,0.0522,0.7413,1.89,29.82,-2.73,29.1,12.34,-0.1781,0.5776,0.0784,-0.0385,0.1876,LOW LIQUIDITY
Mukka Proteins,544135,MUKKA,Food Products,0.6393,1.8269,0.0829,0.0931,0.0174,0.0998,0.1462,-1.1481,1.37,16.17,9.27,51.6,10.66,-0.4208,0.0693,0.111,-0.1454,0.0936,LOW LIQUIDITY
Multi Comm. Exc.,534091,MCX,Capital Markets,0.3104,0.2854,0.647,0.2045,0.2431,0.6536,0.9526,1.3577,0,74.14,3.05,126.1,52.62,-0.0335,1.296,0.3433,0.2851,0.1002,
Munjal Auto Inds,520059,MUNJALAU,Auto Components,0.1179,-0.3988,0.0452,0.0207,-0.3452,0.0381,0.0812,0.2943,0.92,29.79,-0.86,18.7,8.42,-0.3022,0.3469,0.1014,-0.0079,0.4466,LOW LIQUIDITY
Munjal Showa,520043,MUNJALSHOW,Auto Components,0.0469,0.3317,0.0094,-0.0079,4.5245,0.028,0.0599,20.5674,0,19.4,0.04,3,10.84,-0.2471,0.2138,0.007,-0.0368,-4.5175,LOW LIQUIDITY
Muthoot Cap.Serv,511766,MUTHOOTCAP,Finance,0.4133,-0.8228,0.5499,0.186,-0.6244,0.5472,0.0877,-3.444,4.56,25.52,-0.41,1.1,10,-0.3095,0.1447,0.0719,-0.0224,0.6963,LOW LIQUIDITY
Muthoot Finance,533398,MUTHOOTFIN,Finance,0.4776,0.9036,0.7968,0.2142,0.3695,0.76,1.6983,-1.8011,3.76,20.35,0.55,181.8,14.04,-0.0342,0.9255,0.1958,0.0109,-0.1737,896
Muthoot Microfin,544055,MUTHOOTMF,Finance,-0.1299,-0.5046,0.4483,-0.0747,0.6208,0.1714,-0.2085,2.1554,3.2,,0,19.7,22.8,-0.0825,0.5418,-0.0819,-0.2859,-0.7027,2246
N R Agarwal Inds,516082,NRAIL,"Paper, Forest & Jute Products",0.2247,-0.7818,0.0836,0.1214,0.3444,0.0454,0.0153,2.2727,0.93,32.89,0.95,1.7,10.04,-0.097,1.2688,0.0235,-0.1594,-0.3209,LOW LIQUIDITY
N S D L,544467,,Capital Markets,0.1215,0.1475,0.3164,0,0,0.3081,0.6373,1.2749,0.01,62.84,,198.5,44.33,-0.2455,0.2217,0.1778,0.0095,0.1778,
NACL Industries,524709,NACLIND,Fertilizers & Agrochemicals,0.0378,0.0805,0.0979,0.1134,-0.285,-0.0318,-0.1775,-5.6551,1.13,,0,161.9,-300.96,-0.4774,2.379,-0.2575,-0.1491,0.0275,LOW LIQUIDITY
Naga Dhunseri,,NDGL,Finance,44.0561,-1.3461,0.1557,3.8877,-0.1613,0.1789,0.0346,-0.4715,0.18,10.76,-0.67,0,7.12,-0.4271,0.011,0.0319,-0.011,0.1932,LOW LIQUIDITY
Nahar Capital,532952,NAHARCAP,Finance,-0.175,0.954,0.6611,-0.4991,0.1957,2.969,0.8512,-0.0034,0,7.42,0.38,0.4,6.38,-0.2991,0.2459,0.0321,0.0244,-0.1636,LOW LIQUIDITY
Nahar Indl. Ent.,519136,NAHARINDUS,Textiles & Apparels,-0.044,8.6861,-0.0098,0.0121,2.9084,0.0656,0.0469,1.2911,0.51,11.08,0.04,2,6.44,-0.3159,0.2437,0.0111,0.0035,-2.8973,LOW LIQUIDITY
Nahar Poly,523391,NAHARPOLY,Industrial Products,0.0221,0.1943,0.1612,0.0491,0.3334,0.1158,0.268,0.9625,0.11,10.2,0.31,1.8,6.25,-0.3512,0.4457,0.0569,0.0531,-0.2765,LOW LIQUIDITY
Nahar Spinning,500296,NAHARSPING,Textiles & Apparels,0.0043,0.7269,0.0331,0.0005,2.4762,0.0349,0.0328,0.9619,0.5,19.65,0.08,1.7,7.09,-0.37,0.0767,0.0071,0.0312,-2.4691,LOW LIQUIDITY
Nalwa Sons Invst,532256,NSIL,Finance,-0.5861,-0.5509,0.8649,-0.3005,-0.4849,0.4178,0.9131,0.9489,0,141.32,-2.91,0.1,92.52,-0.2602,0.4402,0.0032,-0.0023,0.4881,LOW LIQUIDITY
Namo eWaste,,NAMOEWASTE,Other Utilities,0.3066,0.309,0.1248,0.1368,0.1852,0.1054,0.1715,-1.4507,0.06,41.29,2.23,10,21.87,-0.223,0.4374,0.1375,0.1375,-0.0477,
Nandan Denim,532641,NDL,Textiles & Apparels,-0.0771,0.0763,0.0299,0.0734,0.1306,0.0206,0.0515,1.1508,0.35,11.69,0.9,99.7,5.05,-0.4934,0.0372,0.0556,-0.0214,-0.075,LOW LIQUIDITY
Naperol Invest.,500298,,Finance,0.6994,-1.0075,0.0136,0.1783,-0.0882,0.4412,0.723,-0.2918,0,47.97,-5.44,0.2,44.03,-0.4396,0.0402,0.0095,0.01,0.0977,
Narayana Hrudaya,539551,NH,Healthcare Services,0.2028,0.2964,0.2441,0.0872,0.0788,0.1966,0.1646,0.8989,0.58,46.56,5.91,199.3,27.69,-0.183,0.542,0.2422,-0.0721,0.1634,936
Natco Pharma,524816,NATCOPHARM,Pharmaceuticals & Biotechnology,-0.0059,-0.2346,0.4249,-0.0094,-0.1834,0.4299,0.2354,0.7333,0.03,11.06,-0.6,35.2,6.81,-0.3693,0.4381,0.28,0.0208,0.4634,115
National High,543385,NHIT,Transport Infrastructure,0.7671,0.5827,0.7987,0.35,0.2924,0.5043,0.01,1.7818,1.01,69.4,2.37,262.5,18.22,0,0.168,0.0179,-0.0091,-0.2745,
National Standar,504882,,Realty,3.5395,-0.1125,-0.0209,0.601,-0.1667,0.4302,0.0566,-0.4521,0,253.08,-15.18,20.1,180.77,-0.7038,0.0681,0.0497,-0.0088,0.2164,
Natl. Aluminium,532234,NATIONALUM,Non - Ferrous Metals,0.0727,0.3671,0.4479,0.074,0.1605,0.4564,0.4102,0.8136,0,8.09,0.5,458,4.68,-0.0101,0.9546,0.3272,0.205,0.1667,111
Natl.Fertilizer,523630,NFL,Fertilizers & Agrochemicals,0.5404,-3.9669,0.0152,0.041,-0.3828,0.0152,0.034,6.0278,1.77,39.07,-1.02,78.7,12.33,-0.354,0.1811,0.0649,0.009,0.4477,LOW LIQUIDITY
Nava,513023,NAVA,Power,0.0702,-0.4798,0.3271,0.0086,-0.1523,0.3761,0.1074,1.3198,0.2,16.17,-1.06,52.3,7.88,-0.2797,0.4874,0.1503,0.0153,0.3026,300
Navin Fluo.Intl.,532504,NAVINFLUOR,Chemicals & Petrochemicals,0.4626,1.5224,0.3246,0.188,0.5389,0.2497,0.1258,1.2463,0.33,66.57,1.24,42.1,36.8,-0.0656,0.8129,0.1152,0.0131,-0.4237,1480
Navkar Corporat.,539332,NAVKARCORP,Transport Services,0.1946,4.3721,0.1502,0.1034,-0.3956,-0.0331,-0.0108,-2.1415,0.09,,0,11.5,46.53,-0.4406,0.2255,-0.0196,-0.0179,0.376,LOW LIQUIDITY
Navneet Educat.,508989,NAVNETEDUL,Printing & Publication,-0.0919,-2,0.004,-0.0131,-0.0247,0.1543,0.2059,1.0263,0.05,16.48,-6.68,36,8.57,-0.1511,0.1245,0.1258,-0.0311,0.1505,LOW LIQUIDITY
Nazara Technolo.,543280,NAZARA,Entertainment,0.6507,30.8067,-0.3113,0.2809,11.1764,0.4587,0.2666,0.9008,0.06,10.48,0.01,98.1,7.81,-0.332,0.1076,0.029,-0.0052,-11.1474,2094
NBCC,534309,NBCC,Construction,0.1899,0.2571,0.0346,0.0592,0.1118,0.0727,0.33,0.7792,0,45.42,4.06,3066.7,27.15,-0.1391,0.5893,0.2554,0.0069,0.1436,306
NBI Indl. Fin.,,NBIFIN,Finance,0.2651,0.3673,0.9208,0.1263,0.1814,0.8172,-7.6485,0.4576,0,67.13,3.7,0.1,52.43,-0.4442,0.1115,0.0027,-0.0015,-0.1787,LOW LIQUIDITY
NCC,500294,NCC,Construction,-0.1257,-0.0507,0.0866,-0.0451,-0.0034,0.0853,0.1467,0.4045,0.39,13.41,-39.71,88.7,6.31,-0.481,0.0103,0.1141,0,0.1175,999
NCL Industries,502168,NCLIND,Cement & Cement Products,0.0444,2.1367,0.1425,-0.2175,0.9226,0.0785,0.0735,1.3138,0.29,15.69,0.17,4.5,6.79,-0.1818,0.0929,0.0341,-0.0791,-0.8885,LOW LIQUIDITY
NDL Ventures,500189,NDLVENTURE,Finance,0,0.3333,,-1,0.2373,,0.0174,-4.0481,0,441.56,18.61,18.4,314.13,-0.2169,0.9389,0.0096,-0.0152,-0.2277,LOW LIQUIDITY
NDR Auto Compon.,543214,NDRAUTO,Auto Components,0.1477,0.2437,0.1089,0.0556,0.0991,0.1028,0.2628,1.1842,0.16,34.76,3.51,14.5,21.59,-0.3015,0.5494,0.1906,0.0266,0.0915,LOW LIQUIDITY
NDR INVIT Trust,,NDRINVIT,Commercial Services & Supplies,0.38,0.3907,0.8789,0.1694,0.0868,0.7382,0.0313,1.2312,0.38,33.91,3.91,51.1,17.84,0,0.181,0.0346,0.0254,-0.0522,
NDTV,532529,NDTV,Entertainment,0.0984,-0.4044,-0.4651,0.0531,0.2419,-0.4653,4.1287,0.757,,,0,-116.5,-7.02,-0.4279,0.0229,-1.3261,-1.2526,-1.568,LOW LIQUIDITY
Nectar Lifesci.,532649,NECLIFE,Pharmaceuticals & Biotechnology,-0.0052,-0.4348,-0.0578,-0.4613,0.0841,-0.1582,0.1545,-1.948,0.64,,0,14.6,-8.39,-0.5336,0.6046,-0.1123,-0.1169,-0.1964,LOW LIQUIDITY
Neetu Yoshi,544434,,Industrial Products,0.2539,0.4552,0.3214,0.1266,0.22,0.3281,0.2229,0.5589,0.11,22.79,1.04,14.3,14.96,-0.2095,0.1732,0.5101,-0.4824,0.2901,
Nelcast,532864,NELCAST,Industrial Products,-0.0959,-0.4413,0.0572,0.0001,0.0584,0.068,0.0716,1.2904,0.52,25.77,4.41,14.6,10.56,-0.392,0.41,0.0648,-0.0157,0.0064,LOW LIQUIDITY
NELCO,504112,NELCO,IT - Hardware,-0.0996,-0.6049,0.1005,-0.0246,-0.5531,0.0619,0.1775,0.7576,0.56,440.39,-7.96,33.5,48.14,-0.4485,0.1724,0.0763,-0.1308,0.6294,1440
Neogen Chemicals,542665,NEOGEN,Chemicals & Petrochemicals,0.0791,-0.6925,0.1436,0.0284,-0.2417,0.1382,0.0435,1.7383,1.41,85.98,-3.56,9.3,28.4,-0.5569,0.0103,0.0559,-0.0015,0.2976,1039
Neptune Pet.,,NEPTUNE,Chemicals & Petrochemicals,0.1929,0.1288,0.0349,0.0694,0.0661,0.0359,0.2696,1.6554,0.08,14.88,2.25,5.8,11.06,-0.0844,0.3919,0.5083,-0.4582,0.4422,
NESCO,505355,NESCO,Commercial Services & Supplies,0.2451,0.1126,0.5691,0.1353,0.0614,0.642,0.2644,0.6704,0.04,21.16,3.45,22,15.19,-0.2427,0.4742,0.1582,-0.0127,0.0968,1002
Nestle India,500790,NESTLEIND,Food Products,0.1057,-0.0188,0.2191,0.0407,-0.033,0.2008,0.6523,0.6844,0.1,80.05,-24.29,10125.5,49.47,-0.0528,0.1776,0.8302,-0.5231,0.8632,467
Netweb Technol.,543945,NETWEB,IT - Services,0.2098,0.2005,0.1497,0.178,0.1825,0.1378,0.313,-0.0839,0.03,134.38,7.36,177.4,89.56,-0.2861,1.5555,0.2393,-0.0539,0.0568,1161
Network People,544396,NPST,IT - Services,-0.3007,-0.4579,0.2922,-0.2616,-0.3765,0.3037,0.0952,0.4788,0.02,103.78,-2.76,13.6,56.13,-0.507,0.0059,0.5601,-0.0634,0.9366,LOW LIQUIDITY
Netwrk.18 Media,532798,NETWORK18,Entertainment,-0.7273,1.4245,-0.001,-0.5808,-1.0267,0.105,-0.0094,-14.1372,0.65,750.97,-7.31,209.7,21.75,-0.4647,0.0991,-0.0334,-0.008,0.9933,1195
Neuland Labs.,524558,NEULANDLAB,Pharmaceuticals & Biotechnology,0.6545,1.9491,0.3025,0.0383,-0.0596,0.1779,0.1435,1.1115,0.16,111.38,-18.67,17.3,63.13,-0.1394,0.6894,0.1483,-0.1156,0.2079,1330
New India Assura,540769,NIACL,Insurance,0.247,-0.3973,0.0097,0.0965,0.1153,0.0215,-0.0272,-3.2875,0,23.18,2.01,154.1,11.22,-0.2637,0.2095,0.0364,-0.005,-0.0789,1892
Newgen Software,540900,NEWGEN,IT - Software,0.1097,0.1622,0.2555,0.0306,0.0667,0.2757,0.2807,0.5409,0.03,39.02,5.85,114.1,27.26,-0.4991,0.2175,0.225,-0.0017,0.1583,448
Nexus Select,543913,NXST,Realty,0.1319,0.2003,0.679,0.0628,0.1554,0.4799,0.0346,1.5315,0.42,50.28,3.24,268.6,17.02,-0.0463,0.3428,0.0289,-0.0456,-0.1265,LOW LIQUIDITY
NGL Fine Chem,524774,NGLFINE,Pharmaceuticals & Biotechnology,0.2865,-0.0183,0.1427,0.1093,-0.0204,0.0761,0.0821,1.1562,0.29,38.7,-19.01,1.6,18.82,-0.3969,0.3618,0.0775,-0.0928,0.0979,LOW LIQUIDITY
NHPC Ltd,533098,NHPC,Power,0.1027,0.1349,0.6023,0.0802,0.0748,0.5402,0.05,0.8408,1.09,24.36,3.26,1882.3,15.79,-0.1673,0.083,0.0753,-0.0183,0.0005,1764
NIBE,535136,NIBE,Aerospace & Defense,-0.4605,-1.9254,-0.0609,-0.1778,-0.8814,0.0294,0.0368,0.5301,0.39,460.43,-5.22,9.1,45.78,-0.4988,0.3319,0.1361,-0.0059,1.0175,LOW LIQUIDITY
Nicco Parks,526721,,Leisure Services,-0.1649,-0.9559,-0.0209,-0.0097,-0.4847,0.3465,0.2519,0.5662,0,36.05,-0.74,18.3,12.89,-0.397,0.0698,0.2175,-0.0765,0.7022,
Nidhi Granites,512103,,Other Construction Materials,0.0893,0.1727,0.1608,0.2028,0.841,0.0951,0.2976,0.5102,0.11,90.47,1.08,14.1,52.2,-0.1555,3.71,0.1401,0.0782,-0.7009,
NIIT,500304,NIITLTD,Other Consumer Services,0.157,-0.8527,-0.0112,0.0444,-0.2437,0.1261,0.0412,0.4876,0.01,36.59,-1.5,16.2,16.9,-0.5852,0.0094,0.0437,0.0057,0.2874,LOW LIQUIDITY
NIIT Learning,543952,NIITMTS,Other Consumer Services,0.1969,-0.1412,0.1949,0.074,-0.0716,0.1859,0.1882,0.7239,0.19,24.51,-3.42,55,13.28,-0.246,0.3068,0.2154,-0.0328,0.287,556
Nikhil Adhesives,526159,,Chemicals & Petrochemicals,-0.1127,-0.3094,0.063,-0.093,-0.1439,0.054,0.1187,0.2264,0.33,30.08,-2.09,14.6,13.16,-0.2692,0.1933,0.138,0.0151,0.2819,
Nikita Greentech Recycling,,NIKITA,"Paper, Forest & Jute Products",0.0747,-0.3765,0.0898,0.0373,-0.1655,0.123,0.1267,-0.4034,1.38,17.5,-1.06,4.8,9.46,-0.1206,0.7667,0.2486,-0.0064,0.4141,
Nila Infrastruct,530377,NILAINFRA,Realty,0.8598,0.1603,0.1094,0.3464,0.1326,0.129,0.37,1.687,0.14,16.12,1.22,82.8,8.9,-0.3906,0.1626,0.1322,0.0528,-0.0004,LOW LIQUIDITY
Nila Spaces,542231,NILASPACES,Realty,0.3218,0.4757,0.2342,0.1472,0.4248,0.3019,0.122,-1.1426,0.63,31.61,0.74,160.4,12.96,-0.2218,0.5602,0.1029,-0.0081,-0.3219,LOW LIQUIDITY
NILE,530129,,Minerals & Mining,0.0886,0.3859,0.0639,0.0242,0.2748,0.0708,0.2141,-0.02,0.06,10.25,0.37,0.5,6.77,-0.2841,0.2165,0.1472,0.0022,-0.1276,
Nilkamal Ltd,523385,NILKAMAL,Consumer Durables,0.1776,0.032,0.0881,0.0865,-0.0147,0.0507,0.0776,1.3478,0.36,19.83,-13.47,2.1,8.18,-0.315,0.2455,0.0732,-0.0138,0.0879,LOW LIQUIDITY
Nimbus Projects,511714,,Realty,-0.2543,-0.7333,1.2746,-0.9359,-4.4848,-6.8804,-0.3817,-3.2207,0.77,,0,3.5,-9.49,-0.1217,0.5222,0.0826,-0.0001,4.5674,
NINtec Systems,539843,NINSYS,IT - Software,0.2305,0.2089,0.2456,0.0984,0.1732,0.2572,0.4955,0.7014,0.03,25.33,1.46,18,17.02,-0.3862,0.0517,0.5237,0.5237,0.3505,LOW LIQUIDITY
Nippon Life Ind.,540767,NAM-INDIA,Capital Markets,0.152,-0.0429,0.6527,-0.0393,0.0376,0.7259,1.5422,0.7052,0.02,39.81,10.6,771.7,29.57,-0.1555,0.8284,0.3139,0.0185,0.2763,146
Nirlon,500307,,Commercial Services & Supplies,0.0318,1.6139,0.7826,0.0182,0.4546,0.7233,0.2027,1.0528,2.47,14.02,0.31,86.6,10.13,-0.1961,0.1883,0.5988,0.0682,0.1442,
Nisus Finance,544296,,Finance,3.2643,0.6741,0.4278,1.624,0.3942,0.4224,0.2223,-0.145,1.19,15.14,0.38,7.2,11.15,-0.5014,0.2693,0.3326,-0.8209,-0.0616,
Nitco,532722,NITCO,Consumer Durables,0.6316,1.0218,-0.1273,0.3871,-0.496,-0.2765,-0.2697,0.7036,1.01,,0,143.2,50.33,-0.4964,0.0796,0,0,0.496,LOW LIQUIDITY
Nitin Spinners,532698,NITINSPIN,Textiles & Apparels,-0.0759,-0.1748,0.131,-0.0202,-0.0484,0.0941,0.1123,0.9393,0.67,10.81,-2.23,7.4,6,-0.3493,0.1091,0.1428,0.0219,0.1912,LOW LIQUIDITY
Nitta Gelatin,506532,,Chemicals & Petrochemicals,0.0433,-0.0568,0.1864,0.0149,-0.0055,0.1865,0.2312,0.7426,0.05,9.95,-18.22,1.5,5.4,-0.1859,0.2784,0.1962,-0.0756,0.2017,
Niva Bupa Health,544286,NIVABUPA,Insurance,0.1913,-3.7089,-0.0338,0.093,-0.5565,0.0158,-0.0209,7.9218,0.07,148.25,-2.66,666.2,150,-0.3199,0.2196,0.0818,0.0272,0.6383,361
Niyogin Fintech,538772,,Finance,-0.0334,1.0668,0.0391,0.0937,-0.5941,0.0245,-0.0347,10.8999,0.48,,0,21.8,38.06,-0.3079,0.4318,-0.0526,0.008,0.5415,
NLC India,513683,NLCINDIA,Power,0.1425,-0.2706,0.335,0.0606,0.0246,0.2712,0.0795,1.9823,1.22,12.62,5.14,229,8.66,-0.187,0.2789,0.1447,0.0771,0.1201,362
NMDC,526371,NMDC,Minerals & Mining,0.2967,0.4022,0.3125,0.1165,0.0757,0.3741,0.3795,0.2032,0.11,9.5,1.25,1808.6,5.73,-0.0828,0.2762,0.236,-0.0033,0.1603,448
NMDC Steel,543768,NSLNISP,Ferrous Metals,1.2268,0.8072,0.0611,0.3775,-0.4438,-0.1082,-0.0817,-0.7363,0.41,,0,273,-65.75,-0.1654,0.4617,-0.166,-0.0701,0.2778,1929
NOCIL,500730,NOCIL,Chemicals & Petrochemicals,-0.1162,-0.7123,0.0696,-0.0561,-0.3868,0.0671,0.0512,0.2205,0.01,43.84,-1.13,26.1,19.26,-0.4365,0.0681,0.0594,-0.0127,0.4462,1035
Northern ARC,544260,NORTHARC,Finance,0.0721,-0.061,0.5306,0.0287,-0.0604,0.4946,0.7272,-0.8594,2.82,14.53,-2.4,18.3,11.48,-0.1133,0.8177,0.1075,-0.0427,0.1679,1438
Nova Agritech,544100,NOVAAGRI,Fertilizers & Agrochemicals,0.1173,-0.0015,0.1298,0.0494,-0.0379,0.1329,0.1545,-0.4253,0.23,14.72,-3.88,15.6,10.04,-0.4326,0.0394,0.1328,-0.0875,0.1707,LOW LIQUIDITY
Novartis India,500672,NOVARTIND,Pharmaceuticals & Biotechnology,0.0371,0.1867,0.2644,-0.0042,0.0572,0.3939,0.2207,0.5689,0.01,18.46,3.23,6.3,9.55,-0.2753,0.07,0.1318,0.0224,0.0746,
NRB Bearings,530367,NRBBEARING,Auto Components,0.0786,0.1523,0.1647,0.0371,0.2396,0.1544,0.1923,0.4839,0.14,19.57,0.82,27.9,11.71,-0.0969,0.4777,0.1274,0.0006,-0.1122,1371
NTPC,532555,NTPC,Power,0.0018,-0.0394,0.2862,-0.0074,0.1359,0.2476,0.0753,1.202,1.33,13.18,0.97,1581.3,8.67,-0.1364,0.1033,0.1213,-0.0101,-0.0146,1496
NTPC Green Ene.,544289,NTPCGREEN,Power,0.2152,1.3026,0.8649,0.0951,0.2763,0.656,0.0159,1.4087,1.16,126.55,4.58,3452,39.78,-0.4095,0.0784,0.0385,-0.0232,-0.2378,2057
Nucleus Soft.,531209,NUCLEUS,IT - Software,0.0559,-0.2048,0.1096,0.0404,0.2048,0.2508,0.7238,0.8359,0.01,14.92,0.73,7.5,10.06,-0.3368,0.2625,0.1682,-0.0722,-0.0366,LOW LIQUIDITY
Nupur Recyclers,,NRL,Metals & Minerals Trading,-0.0473,-0.187,0.0701,0.0819,-0.1247,0.1176,0.144,-0.7992,0.12,32.68,-2.62,22.3,19.36,-0.502,0.134,0.142,0.0508,0.2667,LOW LIQUIDITY
Nureca,543264,NURECA,Healthcare Equipment & Supplies,0.21,8.5625,0.0866,0.1866,-2.9028,0.0471,0.0114,10.7191,0.03,74.09,-0.26,1.5,37.37,-0.317,0.5437,-0.0112,0.0202,2.8916,LOW LIQUIDITY
Nuvama Wealth,543988,NUVAMA,Capital Markets,0.0775,-0.0136,0.5229,0.0599,0.0405,0.5169,0.2267,-0.1735,2.37,25.06,6.18,24.5,8.68,-0.1682,0.5497,0.3087,0.0657,0.2682,102
Nuvoco Vistas,543334,NUVOCO,Cement & Cement Products,0.0833,1.4277,0.1493,0.0411,11.552,0.0787,0.029,2.5519,0.63,46.03,0.04,49,10.58,-0.2613,0.2289,0.0024,-0.0137,-11.5496,2132
Nxt-Infra Trust,,NXT-INFRA,Construction,-0.0685,-0.1475,0.4485,0,0,1.4646,0.2064,0.616,1.14,15.36,,30,13.54,-0.0905,0.0005,0,0,0,
O N G C,500312,ONGC,Oil,-0.0089,0.0519,0.168,0.0749,0.01,0.1116,0.1242,1.3563,0.48,8.32,8.35,1042.2,3.92,-0.1143,0.1816,0.1063,-0.0557,0.0963,1679
Oberoi Realty,533273,OBEROIRLTY,Realty,0.3479,0.2898,0.5735,0.0079,0.0304,0.5984,0.1519,0.6903,0.18,27.08,8.89,131.4,18.76,-0.292,0.1553,0.1467,0.0118,0.1163,614
OBSC Perfection,,OBSCP,Auto Components,0.3105,0.4457,0.1801,0.1509,0.1955,0.1653,0.1863,0.3733,0.37,39.22,2.01,16.8,25.04,-0.1089,1.2139,0.2496,-0.2578,0.0541,
OCCL,544278,OCCLLTD,Chemicals & Petrochemicals,0.1609,0.1571,0.1607,0.4554,0.6665,0.1217,0.0968,2.0433,0.18,13.84,0.21,6,6.87,-0.3821,0.5537,0.1084,0.1084,-0.5581,LOW LIQUIDITY
Oil Country,500313,OILCOUNTUB,Oil,-0.5505,-0.6391,-0.2299,-0.1037,0.2329,-0.3216,-0.1178,-1.2925,0.11,,0,8.1,8.78,-0.3494,0.1083,-0.1495,0.1653,-0.3824,LOW LIQUIDITY
Oil India,533106,OIL,Oil,0.1583,-0.2913,0.2744,0.0557,-0.0815,0.2903,0.1224,1.0856,0.64,11.12,-1.36,192.1,7.64,-0.1747,0.267,0.1326,-0.0475,0.2141,LOW LIQUIDITY
Ola Electric,544225,OLAELEC,Automobiles,-0.4316,0.1556,-0.2942,-0.2969,0.0124,-0.5866,-0.3742,1.2678,0.72,,0,1619.5,-13.25,-0.6402,0,-1.0752,-1.0752,-1.0876,2262
Olectra Greentec,532439,OLECTRA,Automobiles,0.2539,0.0418,0.1351,0.0923,0.0206,0.1268,0.168,0.5847,0.33,71.14,34.47,74.4,36,-0.277,0.2729,0.1427,0.055,0.1221,403
Om Freight Forwa,544564,OMFREIGHT,Transport Services,-0.124,-0.074,0.0687,0,0,0.0647,0.1679,0,0.15,14.22,,,7.18,-0.1612,0.1112,0,0,0,LOW LIQUIDITY
Om Infra,531092,OMINFRAL,Construction,-0.4808,0.6031,0.0542,-0.2523,0.009,0.045,0.0405,0.1526,0.15,41.53,46.31,13.2,36.91,-0.4238,0.1401,0.0334,-0.0302,0.0244,LOW LIQUIDITY
Omaxe,532880,OMAXE,Realty,-0.1757,0.3048,-0.527,-0.0818,-0.0641,-0.3799,30.3055,-1.7408,,,0,-41.2,-3.34,-0.4628,0.0279,-5.0555,-4.4707,-4.9914,LOW LIQUIDITY
One 97,543396,PAYTM,Financial Technology (Fintech),0.2423,1.4974,0.0679,0.1185,-1.0744,0.0204,0.0116,0.0835,0.01,782.8,-7.29,353.7,95.35,-0.0385,1.0393,-0.1028,-0.0121,0.9716,1275
One Global Serv,514330,,Healthcare Services,5.9541,7.7181,0.1934,1.121,1.4083,0.188,0.713,0.5905,0,22.36,0.16,18.9,16.36,-0.2283,1.6905,0.4231,-0.2325,-0.9852,
One Mobikwik,544305,MOBIKWIK,Financial Technology (Fintech),-0.0734,-4.2062,-0.0558,-0.0791,0.3303,-0.1204,-0.445,0.6885,0.69,,0,26.6,-12.24,-0.6655,0.0672,-0.3134,-0.3654,-0.6437,2251
One Point One,,ONEPOINT,Commercial Services & Supplies,0.1343,0.1754,0.2403,0.0634,0.3186,0.1988,0.1677,0.6577,0.13,39.13,1.23,88.2,17.88,-0.2247,0.3231,0.1015,-0.115,-0.2171,2081
Onesource Indus.,530805,,Commercial Services & Supplies,1.1105,1.7308,0.061,0.4602,1.5575,0.0384,0.6959,0.1699,0,146.91,0.94,3538.2,107.74,-0.4947,5.9829,0.3266,0.3127,-1.2309,
OneSource Speci.,544292,ONESOURCE,Pharmaceuticals & Biotechnology,0.1249,1.2755,0.2834,0.0531,0.3146,0.1725,0.0207,-0.3226,0.22,138.51,4.4,37.1,37.67,-0.2586,0.434,0.0334,0.4896,-0.2812,1389
Onix Solar,513119,,Non - Ferrous Metals,332.6154,-6.0667,-0.0138,3.0003,-0.0069,0.0187,0.4581,11.3421,0,338.72,-491.14,15.6,221.69,-0.5425,1.0385,0.3092,0.4648,0.3161,
OnMobile Global,532944,ONMOBILE,Media,-0.0088,1.6611,0.0658,0.0012,-1.3715,0.0495,0.0535,1.5327,0.12,52.9,-0.39,10,9.2,-0.2847,0.4575,-0.0494,-0.0727,1.3221,1661
Onward Technolog,517536,ONWARDTEC,IT - Services,0.1295,2.3729,0.143,0.0641,0.5196,0.1059,0.2079,0.8189,0.17,15.94,0.31,6.4,9.04,-0.2509,0.4,0.1254,-0.0515,-0.3942,LOW LIQUIDITY
Optiemus Infra.,530135,OPTIEMUS,Telecom - Equipment & Accessories,-0.1224,0.2221,0.0801,-0.0612,0.0869,0.0626,0.1128,-0.1176,0.35,70.67,8.13,59.9,37.72,-0.321,0.4613,0.1159,-0.0244,0.029,1572
Oracle Fin.Serv.,532466,OFSS,IT - Software,0.0686,-0.0547,0.4222,0.033,-0.0026,0.4669,0.524,0.6641,0,30.03,-116.56,84.1,19.72,-0.3804,0.1639,0.2934,0.0036,0.296,195
Orbit Exports,512626,ORBTEXP,Textiles & Apparels,-0.0314,-0.3719,0.2037,0.0565,0.1499,0.2257,0.2326,0.7202,0.04,13.77,0.92,4.7,8.11,-0.3508,0.4352,0.1313,-0.0201,-0.0186,LOW LIQUIDITY
Orchid Pharma,524372,ORCHPHARMA,Pharmaceuticals & Biotechnology,-0.131,-1.21,-0.0076,-0.1092,-0.4773,0.0812,0.042,0.1735,0.22,83.98,-1.76,17.5,44.47,-0.567,0.4328,0.0821,-0.0173,0.5594,904
Oriana Power Ltd,,ORIANA,Electrical Equipment,1.1727,1.4988,0.231,0.4271,0.4595,0.2441,0.3985,1.2257,0.5,20.77,0.45,15.4,13.87,-0.2278,1.3659,0.4835,-0.127,0.024,
Oricon Enterpris,513121,ORICONENT,Industrial Products,-0.4634,1.6798,-1.0889,-0.326,-0.8227,0.2726,0.041,-6.6561,0.01,38.26,-0.47,11.4,24.13,-0.0695,0.7764,0.1119,0.0987,0.9346,LOW LIQUIDITY
Orient Bell,530365,ORIENTBELL,Consumer Durables,0.0296,2.2887,0.0562,-0.0007,1.3028,0.0185,0.0191,3.9054,0.12,62.98,0.48,1.9,12.16,-0.2007,0.3,0.009,0.0056,-1.2938,LOW LIQUIDITY
Orient Cement,535754,ORIENTCEM,Cement & Cement Products,0.1825,20.1595,0.2571,0.0995,2.3763,0.1073,0.172,1.2263,0.04,10.87,0.05,33.2,6.35,-0.5515,0.0219,0.0512,-0.0534,-2.3251,2159
Orient Ceratech,504879,ORIENTCER,Industrial Products,0.6145,3.0486,0.1119,0.1333,0.7131,0.077,0.0701,0.9849,0.16,32.26,0.45,22.4,13.66,-0.2047,0.595,0.0354,-0.0238,-0.6777,LOW LIQUIDITY
Orient Electric,541301,ORIENTELEC,Consumer Durables,0.0643,0.1552,0.054,0.0183,0.0529,0.045,0.1706,0.6391,0.17,44.37,8.39,117.5,18.03,-0.3018,0.1779,0.1254,0.0224,0.0725,763
Orient Green,533263,GREENPOWER,Power,0.0799,0.0776,0.7623,0.1173,0.5574,0.4232,0.036,1.6039,0.41,25.47,0.46,140,8.38,-0.3753,0.1191,0.0384,0.0067,-0.519,LOW LIQUIDITY
Orient Paper,502420,ORIENTPPR,"Paper, Forest & Jute Products",-0.0403,-0.5565,-0.162,-0.0093,-0.481,-0.0864,-0.0159,0.2435,0.16,,0,6.8,-33.3,-0.472,0.1278,-0.0308,-0.0329,0.4502,LOW LIQUIDITY
Orient Tech.,544235,ORIENTTECH,IT - Services,0.2226,-0.0591,0.0757,0.135,-0.0028,0.0752,0.2058,-0.1609,0.05,28.92,-104.19,17,17.26,-0.482,0.1883,0.1998,-0.0728,0.2026,984
Oriental Aromat.,500078,OAL,Chemicals & Petrochemicals,0.146,-0.9499,0.0635,0.0405,-0.7152,0.053,0.0268,-0.469,0.6,104.1,-1.46,5.2,17.53,-0.3836,0.1929,0.0531,0.0386,0.7683,LOW LIQUIDITY
Oriental Hotels,500314,ORIENTHOT,Leisure Services,0.0695,0.394,0.2382,0.0747,0.269,0.2058,0.1627,1.2518,0.27,40.69,1.51,52,16.54,-0.4418,0.0202,0.0599,-0.025,-0.2091,LOW LIQUIDITY
Oriental Rail,531859,,Industrial Products,-0.2834,0.0201,0.1625,-0.0961,0.0072,0.126,0.1024,-0.3503,0.58,33.18,46.17,16.6,14.22,-0.6059,0.1291,0.0923,-0.0598,0.0851,
Orissa Minerals,590086,ORISSAMINE,Minerals & Mining,0.3965,-0.3413,0.0459,0.085,0.0305,-0.3838,0.4283,-6.6776,,,0,-33.8,-129.44,-0.386,0.1223,0,0,-0.0305,LOW LIQUIDITY
Orkla India,544595,ORKLAINDIA,Food Products,0.0492,-0.0727,0.1634,0,0,0.1524,0.1307,1.0735,0.02,33.66,,,20.01,-0.1858,0.0279,0.098,0.0114,0.098,965
OSEL Devices,,OSELDEVICE,Healthcare Equipment & Supplies,0.6813,0.8964,0.1679,0.3191,0.3581,0.1772,0.2559,-1.1782,0.56,47.11,1.32,12.8,30.17,-0.1317,2.8926,0.3008,-0.3731,-0.0573,
Oswal Agro Mills,500317,OSWALAGRO,Commercial Services & Supplies,-1,-0.1366,,0.1138,0.1187,0.8949,0.6698,0.3835,0,6.32,0.53,11.1,3.85,-0.4649,0.0311,0.1262,0.1207,0.0075,LOW LIQUIDITY
Oswal Green Tech,539290,OSWALGREEN,Finance,0.1517,0.3959,0.1109,-0.216,0.4145,0.2099,0.0095,10.1896,0,70.95,1.71,8.8,23.88,-0.404,0.1128,0.0034,0.0008,-0.4111,LOW LIQUIDITY
Oswal Pumps,544418,OSWALPUMPS,Industrial Products,0.739,0.4824,0.2372,0.2571,0.1987,0.2672,0.2933,-0.3675,0.08,17.22,0.87,44.1,11.03,-0.4279,0.005,0.875,0.1048,0.6763,28
Owais Metal,,OWAIS,Ferrous Metals,0.1664,0.0198,0.2929,0.0821,0.0127,0.2854,0.4362,0.2442,0.21,11.17,8.83,7.5,8.66,-0.7547,0.0968,0.5532,0.1041,0.5405,
P & G Health Ltd,500126,PGHL,Pharmaceuticals & Biotechnology,0.0367,0.0754,0.3702,0.3749,0.3083,0.3181,0.7655,0.5404,0.01,31.84,1.03,26.2,22.01,-0.1313,0.1938,0.3642,0.0293,0.0559,LOW LIQUIDITY
P & G Hygiene,500459,PGHH,Personal Products,0.0132,-0.0096,0.2476,0.2821,0.2982,0.2633,1.9238,0.6766,0,49.8,1.67,143.5,34.27,-0.2174,0.0467,0.7567,-0.0496,0.4585,313
P I Industries,523642,PIIND,Fertilizers & Agrochemicals,-0.157,-0.1946,0.2891,-0.0648,-0.0904,0.2638,0.171,0.6418,0.02,34.2,-3.79,72.5,20.98,-0.2125,0.1554,0.1761,-0.0352,0.2665,750
P N Gadgil Jewe.,544256,PNGJL,Consumer Durables,0.0881,1.2712,0.0492,0.0435,0.3547,0.0579,0.2264,-2.0037,0.76,28.37,0.8,67.2,17.85,-0.2521,0.3102,0.2097,-0.1574,-0.145,1758
Pace Digitek,544550,PACEDIGITK,Telecom - Services,-0.3696,-0.327,0.1764,0,0,0.2059,0.4105,-0.3502,0.12,19.31,,,9.03,-0.0889,0.0462,0.3138,-0.199,0.3138,755
Page Industries,532827,PAGEIND,Textiles & Apparels,0.0358,-0.0026,0.2165,0.0169,0.0482,0.214,0.6529,1.1743,0.19,54.74,11.36,33.1,35.23,-0.2586,0.0196,0.4854,0.1019,0.4372,48
Paisalo Digital,532900,PAISALO,Finance,0.1977,0.0325,0.7542,0.0992,0.0358,0.7584,2.7469,-1.4117,2.26,16.12,4.51,182,10.92,-0.4227,0.2526,0.1394,-0.0039,0.1036,980
Pakka,516030,PAKKA,"Paper, Forest & Jute Products",-0.313,-1.125,0.0227,-0.1221,-0.7847,0.07,0.0257,0.1826,0.66,58.77,-0.75,5,18.59,-0.6955,0.0302,0.112,-0.0674,0.8967,LOW LIQUIDITY
Panacea Biotec,531349,PANACEABIO,Pharmaceuticals & Biotechnology,-0.0422,-9.0595,-0.1261,0.0801,0.112,-0.0791,-0.0514,0.6998,0.03,,0,15.8,-152.41,-0.4033,0.2351,-0.0492,-0.0217,-0.1612,LOW LIQUIDITY
Panache Digilife,,PANACHE,IT - Services,0.6654,-0.0327,0.0651,0.288,0.1365,0.0747,0.1184,-1.2185,0.38,84.36,6.18,11.8,47.7,-0.2186,1.1469,0.1094,0.0056,-0.0271,LOW LIQUIDITY
Panama Petrochem,524820,PANAMAPET,Petroleum Products,0.1063,0.2019,0.0888,0.0346,0.0073,0.0855,0.1725,0.6576,0.02,9.21,12.67,7.8,6.13,-0.3018,0.0966,0.1586,-0.0283,0.1513,LOW LIQUIDITY
Panchmahal Steel,513511,,Industrial Products,-0.0648,-0.691,0.0343,-0.0444,-1.5225,0.0086,-0.0095,-0.497,0.31,,0,7.2,56.3,-0.2072,1.2581,0.021,0.0019,1.5435,
Panorama Studios,539469,,Entertainment,-0.0521,-0.6606,0.032,0.2649,-0.0594,0.131,0.1975,-0.4216,0.4,31.04,-5.22,42.9,19.89,-0.2914,0.0813,0.2566,-0.1334,0.316,
Pansari Develop.,,PANSARI,Realty,1.325,3.4043,0.3179,0,0,0.3598,0.0801,-1.1464,0.75,49.25,,6.8,35.8,-0.1442,1.1225,0.0573,0.0162,0.0573,LOW LIQUIDITY
Paradeep Phosph.,543530,PARADEEP,Fertilizers & Agrochemicals,0.4878,0.3392,0.0956,0.373,0.8099,0.0933,0.1749,1.2616,0.87,13.11,0.16,162.5,8.81,-0.3306,0.8848,0.1414,0.1086,-0.6685,1026
Parag Milk Foods,539889,PARAGMILK,Food Products,0.1568,0.5628,0.0707,0.0671,0.1344,0.0658,0.1004,0.9364,0.45,28.73,2.14,40.5,14.29,-0.1747,1.3042,0.1234,0.016,-0.011,1054
Paramount Comm.,530555,PARACABLES,Industrial Products,0.2026,-0.3483,0.0145,0.1297,-0.1478,0.0648,0.1395,0.8632,0.14,15.62,-1.06,46.5,9.39,-0.584,0.0143,0.1277,-0.0562,0.2755,LOW LIQUIDITY
Paras Defence,543367,PARAS,Aerospace & Defense,0.2139,0.4892,0.2808,0.0775,0.1243,0.2457,0.1629,0.4909,0.08,80.79,6.5,68.1,50.26,-0.2762,0.7554,0.1153,0.0406,-0.009,916
Parin Enterpris.,,PARIN,Consumer Durables,1.9294,1.363,0.0847,0.4269,0.2124,0.0824,0.1278,-0.814,1.47,80.18,3.77,11.3,31.02,-0.0082,0.9413,0.1137,0.0736,-0.0987,
Parsvnath Devl.,532780,PARSVNATH,Realty,0.1469,-0.2029,-0.4533,-0.0703,0.0987,-0.1408,-0.7703,-2.5486,,,0,-10.5,254.24,-0.543,0.0195,0,0,-0.0987,LOW LIQUIDITY
Parth Electrical,,PARTH,,0.1502,0.4806,0.1211,0,0,0.0993,0.1282,0.0173,0.13,25.83,,3.9,13.32,-0.2549,0.3509,0.3667,-0.016,0.3667,
Pashupati Cotsp.,544448,PASHUPATI,Textiles & Apparels,-0.12,-0.2488,0.0364,0.0051,-0.034,0.0474,0.0794,0.9534,0.51,92.41,-27.16,12.4,34.19,-0.0358,0.707,0.1034,0.0312,0.1374,LOW LIQUIDITY
Pasupati Acrylon,500456,PASUPTAC,Chemicals & Petrochemicals,1.2521,4.9341,0.0969,0.3493,0.1122,0.0733,0.0984,0.1336,0.29,12.62,1.12,11.6,7.9,-0.1508,0.4927,0.1021,0.0612,-0.0101,LOW LIQUIDITY
Patanjali Foods,500368,PATANJALI,Agricultural Food & other Products,0.2095,0.6723,0.0563,0.0943,0.0966,0.0484,0.1522,0.1086,0.24,40.29,4.17,516.1,28.15,-0.2116,0.0149,0.1206,0.0443,0.024,779
Patel Engineerin,531120,PATELENG,Construction,0.0291,0.1513,0.1313,0.0326,0.0784,0.1543,0.1362,0.4502,0.4,7.43,0.95,72.9,4.21,-0.4263,0.083,0.104,0.029,0.0256,957
Patel Retail,544487,PATELRMART,Retailing,0.1388,0.7333,0.0744,0,0,0.0633,0.0968,0.5339,0.34,25.53,,6.8,12.68,-0.259,0.0701,0.2206,-0.0504,0.2206,768
Patil Automation,,PATILAUTOM,Industrial Manufacturing,0.2178,0.2304,0.1473,0.1077,0.1747,0.1458,0.1537,0.0391,0.14,32.19,1.84,7.2,17.94,-0.2808,0.2567,0.2602,-0.0162,0.0855,
Paushak,532742,PAUSHAKLTD,Chemicals & Petrochemicals,0.0256,-0.3937,0.2518,0.0253,0.0668,0.2615,0.1219,0.7464,0.12,30.94,4.63,7.2,20.22,-0.4233,0.2207,0.0976,-0.0287,0.0308,
Pavna Industries,543915,PAVNAIND,Auto Components,-0.1144,-0.5365,0.094,-0.0851,-0.4398,0.0534,0.0307,0.2947,0.35,103.13,-2.35,27.9,16.29,-0.5132,0.0533,0.0506,-0.106,0.4904,LOW LIQUIDITY
PB Fintech.,543390,POLICYBZR,Financial Technology (Fintech),0.3824,1.6615,0.0606,0.1575,0.464,0.0916,0.1661,-0.4816,0.05,185.43,4,580.8,129.29,-0.1777,0.414,0.0513,0.0395,-0.4127,1618
PC Jeweller,534809,PCJEWELLER,Consumer Durables,0.6343,0.1714,0.2155,0.2872,0.0617,0.2562,0.0924,-1.2519,0.22,13.2,2.14,811.3,12.59,-0.4366,0.1567,0.1268,0.3167,0.0651,460
PCBL Chemical,506590,PCBL,Chemicals & Petrochemicals,0.0002,-0.5012,0.123,-0.0035,-0.1931,0.1061,0.0674,0.7346,1.36,35.55,-1.84,121.1,13.91,-0.3669,0.0053,0.1246,-0.0369,0.3177,1024
PDS,538730,PDSL,Textiles & Apparels,0.0341,-0.555,0.0301,0.0391,-0.3065,0.0268,0.1075,-0.0875,0.72,46.01,-1.5,41.4,10.96,-0.4641,0.218,0.1107,-0.0194,0.4172,828
Pearl Global Ind,532808,PGIL,Textiles & Apparels,0.0924,0.1796,0.0922,0.0635,0.1066,0.0815,0.1946,0.4797,0.58,28.64,2.69,26.9,16.5,-0.1787,0.871,0.2431,0.0166,0.1365,275
Pelatro,,PELATRO,Media,0.5801,0.6322,0.1918,0.26,0.2475,0.1886,0.1344,1.1778,0.46,24.07,0.97,4.1,15.44,-0.3886,0.2087,0.2641,0.2641,0.0166,
Peninsula Land,503031,PENINLAND,Realty,-0.3815,-3.0445,0.0889,-0.0531,0.2919,0.1193,-0.1026,-1.7156,2.19,,0,148.7,41.45,-0.475,0.3282,-0.1226,-0.7962,-0.4145,LOW LIQUIDITY
Pennar Industrie,513228,PENIND,Industrial Manufacturing,0.2126,0.2022,0.0898,0.084,0.1071,0.0864,0.117,0.9281,0.93,22,2.05,36.1,9.8,-0.2405,0.5671,0.1255,0.0077,0.0184,1057
Permanent Magnet,504132,,Electrical Equipment,-0.1242,-0.6662,0.1221,-0.0377,-0.2274,0.0994,0.1158,1.6415,0.19,60.12,-2.64,4.2,23.2,-0.3089,0.4167,0.1149,0.1149,0.3423,
Persistent Systems,533179,PERSISTENT,IT - Software,0.2359,0.4507,0.1908,0.1072,0.2263,0.1686,0.3598,0.6313,0.06,61.13,2.7,222.7,39.08,-0.0496,0.5551,0.2408,0.0009,0.0145,635
Petro Carbon,,PCCL,Minerals & Mining,0.4758,-0.6461,0.0598,0.2836,-0.5412,0.0478,0.0111,0.9068,1.49,109.77,-2.03,6.5,30.54,-0.2557,0.2207,0.054,-0.6186,0.5952,
Petronet LNG,532522,PETRONET,Gas,-0.1547,-0.0463,0.1014,-0.0696,-0.07,0.1064,0.2153,0.8065,0.12,11.48,-1.64,299.4,5.65,-0.1961,0.0558,0.2116,-0.0099,0.2816,395
Pfizer,500680,PFIZER,Pharmaceuticals & Biotechnology,0.0913,0.1937,0.358,0.0412,0.1028,0.3999,0.2793,0.7732,0.01,32.34,3.15,27.2,20,-0.1655,0.3513,0.164,0.003,0.0612,781
PG Electroplast,533581,PGEL,Consumer Durables,-0.0237,-0.8572,0.0459,0.0343,-0.1158,0.0855,0.1079,-0.1689,0.2,64.76,-5.59,161.3,32.36,-0.4511,0.2453,0.1489,-0.04,0.2647,949
Phantom Digital,,PHANTOMFX,Entertainment,1.3911,1.5018,0.2977,0.4839,0.6149,0.2957,0.1181,-0.5733,0.1,13.64,0.22,2,8.55,-0.1479,0.6936,0.1305,0.1305,-0.4844,
Phoenix Mills,503100,PHOENIXLTD,Realty,0.2151,0.3938,0.5979,0.0665,0.1479,0.5235,0.076,1.0899,0.46,58,3.92,205.6,26.64,-0.0883,0.2364,0.0936,-0.0277,-0.0543,1869
Physicswallah,544609,PWL,Other Consumer Services,0,0,,0,0,-0.0141,-0.0909,-12.4668,2.65,,,,124.03,-0.1616,0.1214,0,0,0,1792
Piccadily Agro,530305,PICCADIL,Beverages,0.1476,0.0832,0.2181,0.0837,0.0724,0.2123,0.1646,-0.1592,0.4,52.98,7.32,71.2,29.49,-0.4218,0.2199,0.2007,-0.1054,0.1283,1238
Pidilite Inds.,500331,PIDILITIND,Chemicals & Petrochemicals,0.0988,0.0836,0.2392,0.0515,0.0723,0.2251,0.3084,0.7895,0.05,67.3,9.31,1609.3,43.29,-0.0836,0.1333,0.2305,0.0023,0.1582,349
Pilani Invest.,539883,PILANIINVS,Finance,0.0541,-0.4246,0.8361,-0.0277,-0.7058,0.8919,-5.8495,2.219,0.13,196.93,-2.79,0.4,29.92,-0.2039,0.5729,0.0064,-0.0065,0.7122,LOW LIQUIDITY
Pine Labs,544606,PINELABS,Financial Technology (Fintech),0.1783,1.1865,0.1158,0,0,-0.0094,-0.0285,-2.3266,0.23,,,,83.63,-0.146,0.0521,-0.0331,0.0884,-0.0331,1517
Piramal Finance.,544597,PIRAMALFIN,Finance,0.2142,1.5022,0.6788,-0.0116,0.2785,0.5899,0.0699,-1.6487,2.61,54.77,1.97,28.1,16.29,-0.1592,0.2151,0.0231,0.0445,-0.2554,1634
Piramal Pharma,543635,PPLPHARMA,Pharmaceuticals & Biotechnology,-0.0883,-5.3922,0.0776,-0.0235,-1.3997,0.0637,0.0197,1.0806,0.6,,0,395.7,20.13,-0.3524,0.0072,0.0111,0.0089,1.4108,680
Pitti Engg.,513519,PITTIENG,Industrial Manufacturing,0.0444,0.0449,0.1749,0.0261,-0.0058,0.1378,0.1344,1.2468,0.85,28.19,-48.35,12.5,12.01,-0.4676,0.0053,0.1593,-0.0658,0.1651,LOW LIQUIDITY
Pix Transmission,500333,PIXTRANS,Industrial Products,-0.1349,-0.4192,0.2476,-0.0452,-0.1467,0.2361,0.1884,0.6883,0.05,20.71,-1.41,4.3,12.37,-0.4752,0.1935,0.2073,0.0254,0.354,LOW LIQUIDITY
Plastiblends (I),523648,PLASTIBLEN,Chemicals & Petrochemicals,0.0392,0.1791,0.0564,0.0229,0.0336,0.0584,0.1021,0.203,0.05,13.32,3.97,2.6,7.53,-0.4318,0.028,0.0758,-0.0068,0.0422,LOW LIQUIDITY
Platinum Industr,544134,PLATIND,Chemicals & Petrochemicals,-0.0126,-0.1619,0.1381,0.0292,-0.147,0.1514,0.1428,-0.1119,0.07,32.97,-2.24,18.9,19.6,-0.4881,0.1669,0.14,-0.0813,0.287,LOW LIQUIDITY
PNB Gilts,532366,PNBGILTS,Finance,-0.1145,-1.4003,0.6581,0.0666,-0.228,0.8596,0.2373,-0.1214,15.13,8.63,-0.38,16.9,16.8,-0.3174,0.1625,0.161,0.1093,0.389,LOW LIQUIDITY
PNB Housing,540173,PNBHOUSING,Finance,0.1608,0.3282,0.9612,0.0697,0.1272,0.9357,2.6612,-1.1519,3.62,10.47,0.82,33.3,11.05,-0.2274,0.1825,0.1227,0.0047,-0.0045,1189
PNC Infratech,539150,PNCINFRA,Construction,-0.2098,0.1457,0.2244,-0.1543,-0.4643,0.2371,0.1393,-0.0283,0.77,15.06,-0.32,24.3,7.03,-0.3171,0.0357,0.1389,-0.0493,0.6032,LOW LIQUIDITY
PNGS Gargi FJ,543709,,Consumer Durables,1.024,1.0177,0.2801,0.0503,0.001,0.295,0.2861,0.4707,0.06,38.12,366.08,9.1,25.85,-0.3077,0.3305,0.4476,0.1066,0.4466,
POCL Enterprises,539195,,Chemicals & Petrochemicals,-0.0278,0.0146,0.05,-0.0011,0.2052,0.0463,0.3059,0.659,0.97,14.56,0.71,9.6,9.89,-0.3874,0.3257,0.3751,0.0788,0.1699,
Pokarna,532486,POKARNA,Consumer Durables,-0.5286,-0.859,0.2008,-0.1615,-0.2318,0.3029,0.1874,0.6293,0.34,18.51,-0.8,10.2,10.01,-0.4067,0.2305,0.2737,0.1155,0.5055,62
Polo Queen Ind.,540717,,Commercial Services & Supplies,-0.111,0.0896,0.0556,-0.1357,0.1695,0.0763,0.0202,0.503,0.06,415.19,24.5,200,206.86,-0.8299,0.1377,0.0124,0.0046,-0.1571,
Poly Medicure,531768,POLYMED,Healthcare Equipment & Supplies,0.0568,0.0502,0.2584,0.0258,0.0837,0.2874,0.1548,0.5218,0.08,53.55,6.4,67.3,33.35,-0.3697,0.0492,0.1577,-0.0331,0.074,1281
Polycab India,542652,POLYCAB,Industrial Products,0.178,0.5585,0.1576,0.0976,0.2749,0.1415,0.3244,0.6574,0.02,44.93,1.63,157.2,28.71,-0.0702,0.6133,0.2144,-0.0173,-0.0605,1163
Polyplex Corpn,524051,POLYPLEX,Industrial Products,0.0317,-0.7187,0.0572,0.0157,-0.6478,0.0198,0.0211,0.8959,0.24,35.22,-0.54,2,5.71,-0.4448,0.0025,0.0572,0.0463,0.705,LOW LIQUIDITY
Polysil Irrigati,,POLYSIL,Industrial Products,0.7606,0.0288,0.1724,0.4805,-0.0216,0.0234,-0.0416,3.02,0.46,,0,31.3,679.64,-0.0329,23.2105,-0.0776,-0.1803,-0.056,
Pondy Oxides,532626,POCL,Diversified Metals,0.1084,1.046,0.0843,0.1092,0.4799,0.0606,0.2001,-0.8148,0.05,40.48,0.84,17.1,25.17,-0.1512,1.6106,0.1366,0.0077,-0.3433,1379
Poonawalla Fin,524000,POONAWALLA,Finance,0.5597,1.1575,0.4919,0.2124,-3.0844,0.4558,7.4917,-7.6952,3.64,173.16,-0.56,310.4,30.73,-0.1866,0.7363,-0.0128,-0.153,3.0716,1712
Popular Vehicles,544144,PVSL,Automobiles,0.0117,-1.0159,0.0296,0.0067,1.2302,0.0086,-0.0104,1.9798,1.76,,0,10.5,13.02,-0.3117,0.4827,-0.0225,-0.1662,-1.2527,LOW LIQUIDITY
Power Fin.Corpn.,532810,PFC,Finance,0.1232,0.0831,0.9476,0.0596,0.0764,0.963,1.6959,-0.8931,7.88,4.69,0.61,302,10.12,-0.328,0.0041,0.2101,-0.0032,0.1337,LOW LIQUIDITY
Power Grid Corpn,532898,POWERGRID,Power,0.0176,-0.0598,0.789,0.0085,-0.0054,0.5892,0.0885,1.3053,1.37,16.47,-30.3,2354.2,9.45,-0.1997,0.0882,0.17,-0.0121,0.1754,694
Power Mech Proj.,539302,POWERMECH,Construction,0.1954,0.117,0.1182,0.0933,0.0006,0.1163,0.2332,0.0013,0.42,21.81,339.09,9.9,10.23,-0.3399,0.327,0.1633,0.0047,0.1627,501
Powergrid Infra.,543290,PGINVIT,Power,-0.0104,1.7779,1.2932,-0.0044,0.1502,1.3366,0.1358,0.8632,0.14,6.33,0.42,101.9,4.48,-0.0437,0.2567,0.1541,0.0318,0.0039,
PPAP Automotive,532934,PPAP,Auto Components,-0.0545,-1.0175,0.0929,-0.0251,-0.7452,0.0352,0.0112,2.0612,0.65,197.86,-2.66,1.7,9.72,-0.1952,0.5638,0.0237,0.0694,0.7689,LOW LIQUIDITY
Prabha Energy,544379,PRABHA,Oil,0.8247,-0.6667,-0.1751,0.2506,0.0345,-0.4332,-0.0025,3.2394,0.34,,0,82.6,-1665.1,-0.4107,0.2378,-0.0033,-0.0011,-0.0378,LOW LIQUIDITY
Pradeep Metals,513532,,Auto Components,0.1548,0.1422,0.1683,0.0561,0.0369,0.1288,0.2061,0.8148,0.46,15.26,4.13,4.8,8.87,-0.3445,0.1495,0.2048,-0.0079,0.1679,
Praj Industries,522205,PRAJIND,Industrial Manufacturing,0.0312,-0.6418,0.0664,-0.0104,-0.4355,0.055,0.1362,0.1587,0.16,54.86,-1.26,81.8,21.01,-0.6402,0.0145,0.1408,-0.0926,0.5763,975
Prakash Industri,506022,PRAKASH,Ferrous Metals,-0.3285,-0.3188,0.1496,-0.1204,-0.074,0.1053,0.091,0.3543,0.1,7.22,-0.98,12.4,4.66,-0.3082,0.0104,0.1115,0.0073,0.1855,711
Prakash Pipes,542684,PPL,Industrial Products,-0.096,-0.6148,0.085,-0.0264,-0.3598,0.1014,0.1546,0.6155,0.03,10.77,-0.3,3,3.81,-0.5841,0.0203,0.205,-0.0471,0.5648,496
Pramara Promotio,,PRAMARA,Media,0.7289,1.7738,0.1548,0.2594,0.6644,0.1537,0.0854,-1.5679,0.25,32.2,0.48,2.4,18.9,-0.0358,2.4631,0.121,-0.0403,-0.5434,
Prataap Snacks,540724,DIAMONDYD,Food Products,-0.0209,2.2344,0.053,-0.0115,0.2356,-0.0106,-0.0186,-2.4521,0.08,,0,8.8,51.94,-0.1754,0.238,-0.0122,-0.0882,-0.2478,2190
Praveg,531637,,Leisure Services,0.1927,-7.8099,0.0963,0.1319,-1.1595,0.0673,-0.0013,1.0898,0.24,,0,4.3,17.09,-0.6379,0.005,0.0444,-0.0193,1.2039,
Prec. Wires (I),523539,PRECWIRE,Industrial Products,0.1855,0.848,0.0569,0.0934,0.2421,0.0467,0.1976,1.0093,0.19,38.04,1.57,115.2,18.78,-0.1536,0.9911,0.1654,0.0133,-0.0767,906
Precision Camshf,539636,PRECAM,Auto Components,-0.1195,-0.2429,0.0663,-0.1008,0.1067,0.0744,0.0696,2.6166,0.08,47.84,4.48,18.7,14.51,-0.5592,0.2009,0.0393,0.0007,-0.0674,LOW LIQUIDITY
Precot,,PRECOT,Textiles & Apparels,-0.1579,-0.3311,0.1181,-0.0098,0.3817,0.1027,0.0893,1.1708,0.81,10.71,0.28,1.3,7.57,-0.4161,0.2178,0.0755,0.0322,-0.3062,LOW LIQUIDITY
Prem. Explosives,526247,PREMEXPLN,Chemicals & Petrochemicals,-0.2011,1.2336,0.0873,0.0965,0.7531,0.1541,0.2214,2.4382,0.12,57.48,0.76,56.1,35.29,-0.2179,0.7315,0.1225,-0.0129,-0.6306,1868
Premier Energies,544238,PREMIERENE,Electrical Equipment,0.2028,0.7161,0.3053,0.0726,0.2858,0.2501,0.3897,0.959,0.47,35.8,1.25,560.7,18.08,-0.3214,0.2467,0.5355,0.0989,0.2497,81
Premier Polyfilm,514354,PREMIERPOL,Industrial Products,0.044,0.0191,0.167,0.0362,0.0123,0.1336,0.2819,0.6468,0,17.78,14.42,37.1,11.22,-0.4781,0.1753,0.2445,0,0.2322,LOW LIQUIDITY
Prestige Estates,533274,PRESTIGE,Realty,0.0552,1.2388,0.3741,0.0779,0.6479,0.3265,0.0723,0.0628,0.92,93.46,1.44,194.7,24.17,-0.1267,0.5831,0.0348,-0.0423,-0.6131,2133
Prevest Denpro,543363,,Healthcare Equipment & Supplies,0.1476,0.1508,0.3591,0.0758,0.094,0.3922,0.2272,0.6109,0,27.13,2.89,5.6,16.57,-0.344,0.1433,0.1874,-0.0124,0.0934,
Pricol Ltd,540293,PRICOLLTD,Auto Components,0.5054,0.4198,0.1172,0.2279,0.162,0.0843,0.2138,1.3151,0.15,39.67,2.45,81.2,19.73,-0.1068,0.6833,0.176,-0.0119,0.014,1095
Prime Focus,532748,PFOCUS,Entertainment,0.1827,-0.8922,0.2394,0.1038,-2.1309,0.1802,0.0715,0.5918,3.02,115.03,-0.54,617.6,15.27,-0.1264,1.0941,-0.167,1.5153,1.9639,409
Prime Fresh,540404,,Agricultural Food & other Products,0.2222,0.0618,0.0656,0.1053,0.0384,0.0599,0.1613,-0.8216,0.02,34.46,8.98,5.7,23.51,-0.2638,1.2464,0.1376,-0.0132,0.0992,
Prime Securities,500337,PRIMESECU,Finance,0.0469,-0.1994,0.1998,0.259,-0.0602,0.294,0.1463,0.6772,0.01,29.12,-4.84,14.2,27.56,-0.1293,0.4587,0.1946,0.0641,0.2548,LOW LIQUIDITY
Primo Chemicals,506852,PRIMO,Chemicals & Petrochemicals,0.0028,-0.6783,0.1136,0.0482,1.9333,0.0787,0.0356,1.7232,0.41,57.07,0.3,35.1,7.53,-0.4486,0.173,0.0089,0.0736,-1.9244,LOW LIQUIDITY
Prince Pipes,542907,PRINCEPIPE,Industrial Products,-0.0442,-0.0054,0.0927,-0.0204,-0.4561,0.0191,0.0173,1.7514,0.15,123.49,-2.71,19.9,18.67,-0.4169,0.2326,0.0273,-0.0868,0.4834,LOW LIQUIDITY
Prism Johnson,500338,PRSMJOHNSN,Cement & Cement Products,0.1309,1.0317,0.1004,0.0533,-2.3075,0.0261,0.0224,8.7211,1.16,89.67,-0.39,231.7,11.16,-0.3565,0.2689,-0.04,-0.0204,2.2675,LOW LIQUIDITY
Privi Speci.,530117,PRIVISCL,Chemicals & Petrochemicals,0.2739,1.1028,0.2682,0.1146,0.4333,0.1907,0.2215,0.8131,0.86,46.99,1.08,39.5,23.21,-0.0669,1.3743,0.1836,0.0784,-0.2497,658
Prizor Viztech,,PRIZOR,Industrial Manufacturing,0.3539,0.3808,0.2276,0.1562,0.1606,0.2165,0.2687,-0.9344,0.42,25.56,1.59,6.6,17.69,-0.222,1.6798,0.4101,-1.0126,0.2495,
Pro Fin Capital,511557,,Commercial Services & Supplies,5.1133,4.435,0.4208,1.1981,4.1507,0.4168,-1.648,-0.5978,2.99,28.61,0.07,147.3,24.02,-0.0497,2.8928,0.0588,0.0697,-4.0919,
PropsharePlatina,544295,,,0,0,0.9455,,,0.7042,0.0243,,0,39.67,,0,14.5,-0.0333,0.102,0,0,,
PropshareTitania,544462,,Realty,0,0,,0,0,0.7188,27.1818,1.4229,0,52.73,,0,14.14,-0.0093,0.0144,0.1027,0.0383,0.1027,
Prostarm Info,544410,PROSTARM,Electrical Equipment,-0.3441,-0.3966,0.1754,-0.2219,-0.1923,0.1426,0.156,-0.1214,0.06,43.18,-2.25,22.6,26.14,-0.286,0.6898,0.3,-0.0228,0.4923,264
Protean eGov,544021,PROTEAN,IT - Services,0.1402,-0.1491,0.1171,0.0536,0.0083,0.1383,0.2132,1.6333,0.07,35.48,42.71,12.9,20.2,-0.6162,0.1119,0.0938,-0.0153,0.0855,1470
Proventus Agro.,,PROV,Food Products,0.3278,0.3727,0.0228,0.1667,0.6386,0.0184,0.0757,-0.1966,0.19,48.16,0.75,1.1,33.22,-0.2768,0.5704,0.0443,0.0038,-0.5943,LOW LIQUIDITY
Prozone Realty,534675,PROZONER,Realty,-0.0546,2.1429,0.3784,0.0189,-0.224,0.2832,-0.0299,1.1378,0.9,,0,24.9,14.09,-0.3071,1.1903,-0.0785,-0.0862,0.1455,LOW LIQUIDITY
Prudent Corp.,543527,PRUDENT,Capital Markets,0.1178,0.0392,0.2257,0.0426,0.0495,0.2351,0.7296,0.6075,0.04,52.3,10.57,58.3,34.46,-0.1677,0.6424,0.3404,0.0064,0.2909,174
PSP Projects,540544,PSPPROJECT,Construction,0.2,0.3354,0.0693,0.0067,-0.5443,0.0325,0.0462,0.4397,0.3,133.34,-2.45,11.3,23.52,-0.148,0.4468,0.054,-0.0904,0.5983,1482
PTC India,532524,PTC,Power,0.0645,0.2642,0.0505,-0.0263,-0.0198,0.0855,0.1595,1.8437,0.39,7.06,-3.56,23.6,2.22,-0.2409,0.2306,0.1228,0.0271,0.1426,560
PTC India Fin,533344,PFS,Finance,-0.1933,0.8619,1.343,-0.0869,0.613,1.1887,0.3201,1.9001,0.76,6.07,0.1,45.8,4.86,-0.2807,0.2143,0.082,0.0175,-0.531,LOW LIQUIDITY
PTC Industries,539006,PTCIL,Industrial Products,0.7221,0.0479,0.2065,0.3329,0.0185,0.2159,0.0554,0.1544,0.13,436.41,236.2,29,228.8,-0.0332,0.8716,0.0607,-0.0282,0.0422,1847
PTL Enterprises,509220,PTL,Commercial Services & Supplies,0,0.0625,0.9105,-0.0002,0.1336,0.9674,0.0985,0.4202,0.01,12.8,0.96,7.8,8.3,-0.1649,0.1498,0.0429,0.0124,-0.0907,LOW LIQUIDITY
Pudumjee Paper,539785,PDMJEPAPER,"Paper, Forest & Jute Products",-0.069,-0.4315,0.1358,-0.0269,0.0177,0.1601,0.1766,0.6632,0.02,10.24,5.8,14.1,6.71,-0.5754,0.0919,0.1674,-0.0417,0.1497,LOW LIQUIDITY
Pun. & Sind Bank,533295,PSB,Banks,0.0949,0.2293,0.6775,0.0451,0.1402,0.7988,0.1523,-0.2538,10.87,17.3,1.23,1043.5,16.94,-0.4972,0.1225,0.0703,0.0315,-0.0699,LOW LIQUIDITY
Pune e,544141,,Capital Markets,-0.3455,-0.2085,0.3653,-0.3327,-0.051,0.5434,0.117,-2.2022,0.36,21.94,-4.3,3.3,9.3,-0.0352,0.8114,0.1207,-0.0013,0.1717,
Punjab Chemicals,506618,PUNJABCHEM,Fertilizers & Agrochemicals,0.0538,0.4988,0.1028,0.1003,0.3113,0.0903,0.1526,0.335,0.31,30.27,0.97,5.1,15.17,-0.1932,1.0304,0.1202,-0.0532,-0.1911,LOW LIQUIDITY
Punjab Natl.Bank,532461,PNB,Banks,0.0678,0.0872,0.7448,0.0443,-0.078,0.8736,0.1374,0.2069,12.22,8.06,-1.03,1109.9,16,-0.0647,0.3987,0.1517,0.0663,0.2297,230
Puravankara,532891,PURVA,Realty,0.3,-1.4905,0.1613,0.0073,0.5879,0.1222,-0.4902,-1.5581,2.78,,0,83.2,32.89,-0.4851,0.1643,-0.1005,-0.1224,-0.6884,LOW LIQUIDITY
Purple United,,PURPLEUTED,Textiles & Apparels,0.9911,0.535,0.2075,0.2931,0.1681,0.1717,0.221,-1.6392,0.85,37.43,2.23,6.7,19.27,-0.1898,2.9845,0.2689,-0.0365,0.1008,
PVP Ventures,517556,PVP,Realty,4.3742,-0.2137,0.1398,1.0518,0.6667,0.3279,-0.0092,10.7363,0.85,,0,105.4,49.74,-0.1429,0.8719,-0.0065,0.0255,-0.6732,LOW LIQUIDITY
PVR Inox,532689,PVRINOX,Entertainment,0.1239,9.9576,0.3354,0.0829,-0.8756,0.1165,-0.0024,4.7507,1.05,,0,14.9,8.83,-0.3226,0.3291,-0.0418,-0.0347,0.8338,1506
Pyramid Technopl,543969,PYRAMID,Industrial Products,0.2079,0.0771,0.0742,0.0978,0.0437,0.0637,0.1058,0.9131,0.54,21.87,5,8.4,14.48,-0.3155,0.2104,0.1116,-0.0668,0.0679,LOW LIQUIDITY
Quadrant Future,544336,QUADFUTURE,Industrial Products,-0.132,-3.4635,-0.3747,-0.0109,0.842,-0.2426,-0.1266,4.0134,0.09,,0,17.2,-68.77,-0.6097,0.0289,-0.1143,-0.4198,-0.9563,2254
Qualitek Labs,544091,,Commercial Services & Supplies,0,0,0.2069,0,0,0.1798,0.0494,0.8314,0.51,73.35,,3.8,31.6,-0.1371,0.8417,0,0,0,
Quality Power El,544367,QPOWER,Electrical Equipment,1.1817,1.0351,0.1761,0.6735,0.2955,0.2691,0.1576,0.565,0.08,68.13,2.31,92.7,34.2,-0.3288,1.7117,0.2206,-0.0604,-0.0749,1508
Quess Corp,539978,QUESS,Commercial Services & Supplies,0.0342,0.0152,0.02,0.0128,0.193,0.0172,0.2659,1.5489,0.11,14.39,0.75,40.8,9.63,-0.4603,0.0026,0.0916,-0.0123,-0.1014,1782
Quest Capital,500069,,Capital Markets,-0.2468,-0.283,0.8793,0.0139,0.0031,0.9767,6.012,1.503,0,15.49,50.68,0.2,11.77,-0.4649,0.0891,0.017,-0.0073,0.0139,
Quick Heal Tech,539678,QUICKHEAL,IT - Software,0.1365,0.906,0.1105,-0.0108,-1.2691,-0.0194,-0.0039,20.8411,0,,0,19.2,200.24,-0.5865,0.1933,0.0063,-0.0467,1.2754,LOW LIQUIDITY
R C F,524230,RCF,Fertilizers & Agrochemicals,0.2338,0.3342,0.0404,-0.0013,0.3175,0.0375,0.0803,4.096,0.56,24.13,0.76,83.8,9.98,-0.2829,0.254,0.0503,0.0083,-0.2672,LOW LIQUIDITY
R K Swamy,544136,RKSWAMY,Media,0.1224,0.0385,0.0808,0.0585,0.0408,0.0937,0.1137,-0.3822,0.15,30.75,7.53,12.3,11.43,-0.593,0.0519,0.0758,-0.1976,0.035,LOW LIQUIDITY
R M Drip & Sprin,544456,RMDRIP,Industrial Products,0.8087,2.2141,0.2772,0.2112,0.3134,0.2913,0.3553,-0.6601,0.41,63.52,2.03,575.3,41.36,-0.0777,1.5327,0.397,0.1943,0.0836,LOW LIQUIDITY
R R Kabel,543981,RRKABEL,Industrial Products,0.1954,1.3473,0.0812,0.0793,0.3325,0.0732,0.244,1.0797,0.17,39.14,1.18,76.4,23.77,-0.0845,0.8589,0.1522,-0.029,-0.1803,1676
R Systems Intl.,532735,RSYSTEMS,IT - Services,0.1228,-0.1123,0.1446,0.0634,0.439,0.1487,0.2712,1.1768,0.19,26.36,0.6,85.1,14.38,-0.1957,0.5354,0.2124,-0.0304,-0.2266,LOW LIQUIDITY
R&B Denims,538119,RNBDENIMS,Textiles & Apparels,0.2065,0.5366,0.1065,0.1187,0.5548,0.1286,0.2561,0.5391,0.45,31.93,0.58,48.8,16.63,-0.257,0.6005,0.1233,-0.0296,-0.4315,LOW LIQUIDITY
RACL Geartech,520073,RACLGEAR,Auto Components,0.1554,1.4088,0.2066,0.0249,0.3271,0.1725,0.1083,0.9916,0.7,35.47,1.08,4.4,13.78,-0.2334,0.5938,0.1203,-0.0986,-0.2068,LOW LIQUIDITY
Radhika Jeweltec,540125,RADHIKAJWE,Consumer Durables,0.0119,0.7401,0.1932,0.0119,0.1723,0.1699,0.2969,0.1887,0.13,13.3,0.77,34.3,9.47,-0.3787,0.1175,0.2046,-0.0017,0.0323,LOW LIQUIDITY
Radiant Cash,543732,RADIANTCMS,Commercial Services & Supplies,-0.0216,-0.3181,0.1126,-0.005,-0.1603,0.126,0.2376,0.4883,0.57,14.5,-0.9,23,7.35,-0.351,0.0711,0.1767,0.1767,0.337,LOW LIQUIDITY
Radico Khaitan,532497,RADICO,Beverages,0.3383,0.6907,0.1591,0.156,0.345,0.1243,0.2115,0.672,0.21,92.76,2.69,197.6,51.89,-0.1296,0.7426,0.1362,0.0233,-0.2088,1132
Raghav Product.,539837,RPEL,Industrial Products,0.2946,0.5817,0.2936,0.1406,0.26,0.2576,0.2568,0.8155,0.03,100.21,3.85,97.3,69.48,-0.0698,1.2069,0.2051,0.0283,-0.0549,575
Raghuvir Synth,514316,,Textiles & Apparels,0.1856,-0.4439,0.0491,0.0692,0.2152,0.038,0.1662,2.0177,0.78,40.67,1.89,41.3,21.26,-0.6324,0.084,0.2944,0.0757,0.0792,
Rail Vikas,542649,RVNL,Construction,0.0552,-0.1973,0.0423,0.0052,-0.1139,0.0971,0.2099,0.8578,0.52,57.36,-5.03,1420.7,34.47,-0.3774,0.0581,0.1401,-0.0541,0.254,LOW LIQUIDITY
Railtel Corpn.,543265,RAILTEL,Telecom - Services,0.1279,0.054,0.1624,0.0844,0.0272,0.117,0.2005,0.597,0.03,32.85,12.1,161.4,16.42,-0.3099,0.2458,0.1646,0.0122,0.1374,465
Rain Industries,500339,RAIN,Chemicals & Petrochemicals,0.1376,1.5919,0.1401,0.0616,-0.7656,0.0738,0.0114,2.7203,1.39,,0,17,5.53,-0.4642,0.0052,-0.0808,0.0387,0.6848,LOW LIQUIDITY
Rainbow Child.,543524,RAINBOW,Healthcare Services,0.0655,-0.0459,0.3347,0.033,0.0681,0.267,0.1551,0.9919,0.54,53.94,7.93,91.6,25.97,-0.2101,0.1177,0.1743,-0.008,0.1062,828
Raj Rayon Inds.,530699,RAJRILTD,Textiles & Apparels,0.5064,2.8608,0.0488,0.1946,1.5836,0.0458,0.1219,1.6859,1.52,33.24,0.21,482.1,22.35,-0.321,0.204,0.1529,0.1216,-1.4307,LOW LIQUIDITY
Rajapalayam Mill,532503,,Textiles & Apparels,0.0535,4.2203,0.1723,-0.0191,2.3176,0.0415,0.0712,7.8082,0.5,14.06,0.06,0.3,17.06,-0.2826,0.0999,0.0071,-0.0004,-2.3105,
Rajasthan Gases,526873,,Petroleum Products,0,0,,,-319.25,7.7628,0.7297,-14.25,0.26,6.6,0,33.3,5.58,-0.4259,0.3587,-0.0049,0.0223,319.2451,
Rajesh Exports,531500,RAJESHEXPO,Consumer Durables,1.6181,1.2838,0.001,0.4242,0.3911,0.0005,0.031,32.2869,0.05,42.18,1.08,9.9,10.46,-0.2798,0.2497,0.0061,-0.0163,-0.385,2102
Rajesh Power,544291,,Other Utilities,1.0374,1.1976,0.1316,0.3031,0.3596,0.1238,1.0042,-0.1603,0.26,17.45,0.49,11.9,11.93,-0.3045,0.5405,0.5083,0.1443,0.1487,
Rajoo Engineers,522257,RAJOOENG,Industrial Manufacturing,0.6238,0.7881,0.1985,0.2746,0.4239,0.2198,0.2512,1.4847,0.05,22.88,0.54,67.3,14.86,-0.7559,0.0233,0.2612,0.0857,-0.1627,LOW LIQUIDITY
Rajratan Global,517522,RAJRATAN,Auto Components,0.1991,0.0787,0.136,0.0804,0.0003,0.1064,0.1012,0.5385,0.62,38.88,1138.41,19.2,19.51,-0.1425,0.7904,0.1114,-0.0426,0.1111,1566
Rallis India,500355,RALLIS,Fertilizers & Agrochemicals,-0.0722,-0.0039,0.1789,0.0402,0.3758,0.0899,0.1202,1.4831,0.03,29.17,0.78,47.2,13.67,-0.3377,0.3041,0.0665,-0.0165,-0.3093,1979
Ram Ratna Wires,522281,RAMRAT,Electrical Equipment,0.2379,0.2656,0.0466,0.0855,0.0514,0.0428,0.1421,1.5308,1.24,39.97,7.78,26.2,17.31,-0.2235,0.3382,0.1489,0.006,0.0975,LOW LIQUIDITY
Rama Phosphates,524037,RAMAPHO,Fertilizers & Agrochemicals,0.1728,4.6104,0.1093,0.0979,2.0908,0.0928,0.1324,1.0228,0.26,14.03,0.07,5.2,8.16,-0.2281,1.0943,0.0377,0.1317,-2.0531,1650
Rama Steel Tubes,539309,RAMASTEEL,Industrial Products,0.2182,-0.6568,0.0153,0.1039,0.1796,0.0321,0.0529,1.5855,0.27,84.85,4.73,567.2,38.66,-0.3365,0.1772,0.0462,-0.0534,-0.1334,2099
Ramco Inds.,532369,RAMCOIND,Other Construction Materials,0.0349,1.4182,0.1434,-0.0024,0.2764,0.1092,0.2618,0.8323,0.04,11.81,0.43,5.4,12.91,-0.2107,0.4614,0.0437,0.017,-0.2327,LOW LIQUIDITY
Ramco Systems,532370,RAMCOSYS,IT - Software,0.2335,2.2926,0.2241,0.0974,-1.2543,0.0444,0.0494,-5.5837,0.15,252.59,-2.01,25.2,16.55,-0.1198,1.1722,-0.1087,0.4641,1.1456,442
Ramkrishna Forg.,532527,RKFORGE,Auto Components,-0.1387,-1.1638,0.1297,-0.0224,-0.4538,0.0507,0.0484,0.1057,0.89,43.17,-0.95,56.8,24.19,-0.479,0.0355,0.144,-0.003,0.5978,380
Ramky Infra,533262,RAMKY,Construction,-0.1058,-0.0382,0.1754,-0.1202,0.0244,0.2269,1.0277,0.8295,0.3,19.45,7.98,13.2,9.09,-0.1971,0.5151,0.1087,-0.0892,0.0843,LOW LIQUIDITY
Rane (Madras),532661,RML,Auto Components,0.0827,0.204,0.086,0.0392,-0.0227,0.0497,0.0828,1.9431,1.16,37.44,-16.48,8.2,9.08,-0.2829,0.3151,0.1195,-0.4966,0.1422,1761
Rane Holdings,505800,RANEHOLDIN,Finance,0.5267,-0.0145,0.0694,0.2218,-0.0849,0.0459,0.0676,2.4019,0.94,27.52,-3.24,2.6,6.76,-0.2596,0.2546,0.0802,-0.1271,0.1651,LOW LIQUIDITY
Rashi Peripheral,544119,RPTECH,IT - Hardware,0.1212,-0.161,0.0249,-0.0483,-0.0245,0.028,0.1445,-0.8598,0.52,10.8,-4.41,7.7,8.06,-0.2756,0.3431,0.1252,0.0065,0.1497,LOW LIQUIDITY
Rategain Travel,543417,RATEGAIN,IT - Software,0.0642,-0.023,0.1818,0.0285,0.0068,0.247,0.1582,0.4381,0.01,38.68,56.62,52.6,24.94,-0.1029,0.8745,0.1327,-0.0017,0.1259,924
Ratnabhumi Dev.,540796,,Realty,-0.8737,-0.5818,0.4548,-0.4346,-0.0613,0.1702,0.0482,4.1224,3.02,59.82,-9.76,10.2,21.28,-0.0769,1.6581,0.1502,0.1414,0.2115,
Ratnamani Metals,520111,RATNAMANI,Industrial Products,0.2269,0.3569,0.1773,0.0363,0.1177,0.1621,0.212,0.6932,0.06,27.58,2.34,30.3,17.08,-0.3097,0.0556,0.1601,-0.0562,0.0424,1509
Ratnaveer Precis,543978,RATNAVEER,Industrial Products,0.243,0.2565,0.099,0.1304,0.1194,0.0736,0.1205,1.2946,0.51,16.21,1.36,10.7,10.23,-0.3433,0.4796,0.1503,-0.023,0.0309,1326
RattanIndia Ent,534597,RTNINDIA,Retailing,0.1795,-0.6436,-0.2054,0.1452,-5.9723,-0.0473,-0.1982,1.2446,1.07,,0,775.8,-19.02,-0.4323,0.1211,0.0959,-0.662,6.0682,1320
RattanIndia Pow.,533122,RTNPOWER,Power,-0.0421,-22.3704,0.0791,-0.0422,-0.6142,0.1844,0.0102,0.5851,0.85,61.28,-1,620.2,10.22,-0.4221,0.16,0.0496,0.0496,0.6638,384
Ravinder Heights,543251,RVHL,Realty,391.9286,665.5,0.9516,-504.8182,-13.5556,0.8997,1.7963,2.2906,0,9.01,-0.01,5.7,6.44,-0.3303,0.4501,-0.0123,0.0061,13.5433,LOW LIQUIDITY
Ravindra Energy,504341,RELTD,Electrical Equipment,6.7234,20.9929,0.3096,0.9771,2.1334,0.2012,0.1047,1.6477,0.98,32.61,0.15,121.5,25.79,-0.2169,0.613,0.1078,0.0018,-2.0256,LOW LIQUIDITY
Raymond,500330,RAYMOND,Realty,0.1143,68.0019,0.0815,0.0661,6.6414,0.0768,0.0888,2.0128,0.32,16.65,0.03,6.4,12.28,-0.405,0.1092,0.0059,0.0052,-6.6355,2056
Raymond Lifestyl,544240,RAYMONDLSL,Textiles & Apparels,0.0727,-0.136,0.1233,0.0541,0.2281,0.0537,0.0123,1.2192,0.26,82.02,3.6,4.1,12.54,-0.5311,0.2403,0.0067,0.0067,-0.2214,1900
Raymond Realty,544420,RAYMONDREL,Realty,2.0793,11.2317,0.1318,0,0,0.1079,0.006,-3.8787,0.42,46.01,,16.5,58.91,-0.5268,0.0854,0.7231,0.7231,0.7231,18
RBL Bank,540065,RBLBANK,Banks,-0.0066,-0.1977,0.3572,-0.0056,-0.3089,0.5841,0.0201,-0.1021,8.32,38.24,-1.24,71,17.1,-0.1011,1.0442,0.0457,-0.0366,0.3546,1429
RBM Infracon,,RBMINFRA,Commercial Services & Supplies,1.7473,1.7192,0.1341,0.5614,0.5775,0.1287,0.3244,-0.0828,0.21,9.65,0.17,2.7,7.2,-0.4839,0.7765,0.2475,0.0537,-0.33,
RBZ Jewellers Lt,544060,RBZJEWEL,Consumer Durables,0.2443,1.2999,0.1944,0.0408,0.2201,0.1352,0.2094,-0.2389,0.55,11.54,0.52,8.1,8.91,-0.4601,0.2673,0.1715,0.0276,-0.0486,LOW LIQUIDITY
RDB Infrastruc.,533285,,Realty,-0.4304,0.7941,0.0411,0.2123,0.5632,0.1284,0.0625,-6.7845,0.11,110.11,1.96,83.8,58.04,-0.2538,0.3363,0.0609,-0.0137,-0.5023,
REC Ltd,532955,RECLTD,Finance,0.1075,0.0934,0.9686,0.0558,0.087,0.9671,1.5975,-0.7201,6.18,5.38,0.62,292.9,10.47,-0.3847,0.0119,0.2151,-0.0069,0.1281,605
Redington,532805,REDINGTON,Commercial Services & Supplies,0.1679,0.3242,0.0203,0.0891,0.1668,0.0201,0.2116,0.1357,0.29,15.94,0.96,188.9,9.59,-0.1681,0.5745,0.1439,-0.0239,-0.0229,1504
Redtape,543957,REDTAPE,Consumer Durables,0.1842,0.0985,0.1478,0.0505,0.0676,0.1466,0.2118,0.0148,1.08,39.09,5.78,455.3,20.03,-0.4424,0.0986,0.2355,-0.0779,0.1679,LOW LIQUIDITY
Refex Industries,532884,REFEX,Chemicals & Petrochemicals,-0.0027,0.4107,0.1651,-0.1342,0.1049,0.1165,0.1735,-1.1643,0.14,26.31,2.51,47.3,15.79,-0.4051,0.0762,0.1891,-0.0516,0.0842,1220
Regaal Resources,544485,REGAAL,Agricultural Food & other Products,0.5647,0.2775,0.1095,0,0,0.1105,0.0772,-0.1107,1.09,14.53,,16.7,9.15,-0.5019,0.0929,0.2521,0.0732,0.2521,121
Rel. Indl. Infra,523445,RIIL,Transport Services,-0.0057,-0.0192,-0.1726,-0.0002,0.0109,0.2924,0.0425,-0.2225,0,106.04,97.64,4.1,80.61,-0.3264,0.1681,0.0257,-0.0038,0.0148,LOW LIQUIDITY
Relaxo Footwear,530517,RELAXO,Consumer Durables,-0.0748,-0.0155,0.1291,-0.0518,0.0232,0.0968,0.1157,1.6019,0.1,58.32,25.08,119.9,24.98,-0.4084,0.0875,0.0831,-0.0209,0.0599,LOW LIQUIDITY
Reliance Communi,532712,RCOM,Telecom - Services,-0.0114,-1.7419,-0.6207,-0.0391,-0.9771,-0.4738,0.0025,-0.2737,,,0,-1,-1002.54,-0.4938,0.0789,0,0,0.9771,LOW LIQUIDITY
Reliance Industr,500325,RELIANCE,Petroleum Products,0.0997,0.0967,0.1802,0.0382,0.1151,0.1413,0.0655,1.3866,0.43,27.11,2.36,3205.1,11.93,-0.0289,0.3774,0.084,-0.0068,-0.0311,1674
Reliance Infra.,500390,RELINFRA,Power,-0.141,0.5047,0.1693,-0.1292,0.0888,0.4994,-1.4592,0.3988,0.34,1.37,0.15,15.7,0.77,-0.6262,0.0652,0.3752,0.5422,0.2864,61
Reliance Power,532939,RPOWER,Power,0.1217,1.3849,0.3129,0.0142,-2.9781,0.2681,0.0122,1.0178,0.92,52.75,-0.18,395.7,10.13,-0.5008,0.221,-0.0108,0.1644,2.9673,397
Religare Enterp.,532915,RELIGARE,Finance,0.0576,-0.2435,0.0295,0.0316,-0.1604,0.0308,-0.0331,5.1397,0.11,74.17,-4.63,88.7,24.38,-0.2628,0.1652,0.0515,-0.0017,0.2119,1189
Remsons Ind,530919,REMSONSIND,Auto Components,0.2659,0.2971,0.1152,0.1259,0.1662,0.0879,0.128,0.7692,0.77,24.67,1.48,10.7,9.66,-0.3282,0.1611,0.1219,-0.0549,-0.0443,1873
Remus Pharma.,,REMUS,Pharmaceuticals & Biotechnology,0.4677,0.2491,0.0672,0.2057,0.1575,0.0729,0.3299,0.1438,0.05,23.57,1.5,3,14,-0.4902,0.0637,0.14,0.14,-0.0175,
Renaiss. Global,532923,RGL,Consumer Durables,0.3274,0.7261,0.0744,0.1058,0.099,0.0632,0.0614,-0.0237,0.49,16.19,1.64,10.1,11.15,-0.3896,0.2399,0.0602,-0.0049,-0.0388,LOW LIQUIDITY
Repco Home Fin,535322,REPCOHOME,Finance,0.0439,-0.0475,0.8845,0.0158,-0.006,0.8975,3.1974,-0.3961,3.18,5.53,-9.15,4.4,8.68,-0.1783,0.3163,0.1439,-0.0043,0.1499,816
Repro India,532687,REPRO,Printing & Publication,0.0298,0.5438,0.07,0.0157,0.2487,0.0141,-0.0042,7.0323,0.35,,0,2.6,20.01,-0.329,0.2121,-0.0051,-0.0407,-0.2538,LOW LIQUIDITY
Responsive Ind,505509,RESPONIND,Consumer Durables,-0.1023,0.0808,0.2441,-0.012,0.0275,0.1706,0.1373,0.3226,0.14,27.84,10.12,103.1,18.97,-0.2634,0.3687,0.1602,0.0065,0.1327,568
Restaurant Brand,543248,RBA,Leisure Services,0.1123,0.0261,0.1009,0.0478,-0.0417,-0.0172,-0.0841,-4.8713,2.23,,0,263.8,16.16,-0.3015,0.0529,-0.2817,0.0182,-0.24,1938
Rhetan TMT Ltd,543590,RHETAN,Industrial Products,-0.0384,0.2643,0.2311,-0.3899,0.7742,0.3127,0.0522,1,0.42,350.93,4.53,1569.2,263.43,-0.0439,0.9909,0.0339,-0.0105,-0.7403,2075
RHI Magnesita,534076,RHIM,Industrial Products,0.1941,-0.1647,0.1057,0.068,-0.2269,0.0616,0.0497,1.2135,0.1,59.07,-2.6,47.7,21.9,-0.2195,0.2023,0.0519,-0.0438,0.2788,LOW LIQUIDITY
Rico Auto Inds,520008,RICOAUTO,Auto Components,0.0896,1.6411,0.0972,0.025,0.7328,0.054,0.0351,1.8116,0.92,35.64,0.49,28,10.17,-0.0856,1.3295,0.0348,-0.0219,-0.698,2107
Riddhi Siddhi Gl,524480,,Commercial Services & Supplies,-0.3436,-0.0121,0.0486,0.9117,-3.7194,0.3024,0.0562,-0.3458,0.14,8.85,-0.02,0.2,6.67,-0.2957,0.0917,-0.0095,-0.0394,3.7099,
RIR Power Electr,517035,,Electrical Equipment,0.3624,1.3427,0.17,0.0785,0.1966,0.1466,0.0712,0.1053,0.1,185.42,9.43,97.2,111.92,-0.4518,0.5041,0.086,-0.0607,-0.1106,
Rishabh Instrum.,543977,RISHABH,Electrical Equipment,0.0766,4.3632,0.17,0.0485,1.4991,0.1028,0.0998,1.7932,0.15,28.45,0.19,9,13.72,-0.1456,1.0875,0.0387,-0.0438,-1.4604,LOW LIQUIDITY
Ritco Logistics,542383,RITCO,Transport Services,0.2913,-0.0443,0.0718,0.1571,0.0083,0.0601,0.1403,-0.2017,1.07,18.31,22.13,6.4,10.88,-0.3824,0.2584,0.1672,-0.0314,0.1589,LOW LIQUIDITY
Rites,541556,RITES,Construction,0.0146,0.3457,0.2362,0.0053,0.0686,0.2741,0.2142,1.0641,0,26.8,3.91,201,11.72,-0.2748,0.1922,0.1466,-0.0281,0.078,1288
RMC Switchgears,540358,,Electrical Equipment,0.8607,0.9005,0.1699,0.2851,0.2939,0.1582,0.4214,0.3005,0.59,11.82,0.4,4,8.06,-0.6243,0.0753,0.3754,0.0676,0.0815,
RNFI Services,,RNFI,Finance,0.0291,0.5525,0.0534,0.0146,0.2601,0.0393,0.2337,1.0332,0.27,37.25,1.43,15.7,15.22,-0.1605,1.6088,0.2518,-0.1618,-0.0083,
RNIT AI Solution,517286,,Auto Components,0.9216,1.0312,0.4001,0.2557,0.2386,0.2659,0.1202,-0.9069,0.13,47.54,1.99,37.8,29.96,-0.2006,0.3333,0.251,0.251,0.0124,
Roadstar Infra,544374,ROADSTAR,Transport Infrastructure,0.6794,-2.2956,0.3595,0.2536,-18.6484,0.2722,-0.0116,2.1074,0.88,,0,34.9,9.56,-0.15,0.36,0.0014,0.0029,18.6498,
Robust Hotels,543901,RHL,Leisure Services,0.0585,1.5502,0.334,0.0402,0.0826,0.3381,0.0279,1.2249,0.21,16.3,1.97,0.9,7.76,-0.375,0.1065,0.0295,0.0218,-0.0531,LOW LIQUIDITY
Rolex Rings,543325,ROLEXRINGS,Auto Components,-0.0962,-0.0999,0.2021,-0.0416,-0.0427,0.2023,0.1794,0.9948,0,16.09,-3.76,67.5,10.58,-0.5148,0.0671,0.1905,-0.0275,0.2332,666
Rossari Biotech,543213,ROSSARI,Chemicals & Petrochemicals,0.1761,0.0439,0.1227,0.0682,0.0014,0.0937,0.1467,0.6768,0.28,24.51,175.99,14.8,13,-0.3196,0.0597,0.1222,-0.0096,0.1208,LOW LIQUIDITY
Rossell Techsys,544294,ROSSTECH,Aerospace & Defense,1.4495,57.7,0.1202,0.4482,1.6574,0.1252,0.1738,-1.5474,1.87,132.22,0.8,73.9,51.19,-0.1216,2.1921,0.0608,0.0608,-1.5966,1628
Roto Pumps,517500,ROTO,Industrial Products,-0.2344,-0.4781,0.1802,-0.0524,-0.1238,0.1532,0.1726,0.7364,0.13,40.33,-3.26,96.6,19.31,-0.432,0.1143,0.1597,-0.0581,0.2835,LOW LIQUIDITY
Route Mobile,543228,ROUTE,Telecom - Services,0.0054,-0.1282,0.1214,-0.0102,-0.1153,0.0995,0.156,1.239,0.01,15.38,-1.33,11.3,6.45,-0.523,0.1281,0.1448,-0.0374,0.2601,958
Royal Orch.Hotel,532699,ROHLTD,Leisure Services,0.1247,-0.4293,0.1667,0.0455,-0.0229,0.232,0.0787,0.3247,2.82,24.67,-10.79,13,17.74,-0.3052,0.3258,0.2241,-0.0425,0.247,LOW LIQUIDITY
RPG LifeScience.,532983,RPGLIFE,Pharmaceuticals & Biotechnology,0.055,0.3823,0.2148,0.0198,-0.0356,0.2192,0.2934,0.5245,0,32.62,-9.15,10.9,20.95,-0.1896,0.2462,0.2553,0.0007,0.2909,LOW LIQUIDITY
RPP Infra Proj.,533284,RPPINFRA,Construction,-0.1965,-0.2532,0.0643,-0.0519,-0.1627,0.0613,0.1617,0.0786,0.18,9.64,-0.59,4.8,6.42,-0.5759,0.0785,0.1388,-0.0053,0.3015,LOW LIQUIDITY
RPSG Ventures,542333,RPSGVENT,Commercial Services & Supplies,0.232,0.4292,0.1146,0.0997,-1.1168,0.1143,0.0234,0.9977,2.41,413.5,-3.7,3.3,4.76,-0.3908,0.154,-0.0202,-0.0034,1.0966,LOW LIQUIDITY
RRP Defense,530929,,Commercial Services & Supplies,74.7143,158,0.2981,0.3512,1.193,0.2068,0.2995,-0.2468,0,518.98,4.35,117.2,444.14,-0.0393,50.3158,0.8702,0.8281,-0.3228,
RRPSemiconductor,504346,,Finance,-2.2049,-4.9286,1.0161,-0.5568,-1.292,0.0729,0.0221,-1.6065,1.56,,0,2248.2,15132.6,-0.0489,85.9113,2.0863,2.0863,3.3783,
RSWM Ltd,500350,RSWM,Textiles & Apparels,-0.0129,1.4234,0.0629,-0.0109,-1.195,0.0315,0.0043,5.3001,1.16,90.41,-0.76,2.6,7.33,-0.2996,0.2428,-0.0319,0.0428,1.1631,LOW LIQUIDITY
Rubfila Intl.,500367,RUBFILA,Industrial Products,0.1201,0.5565,0.0744,0.056,0.1108,0.0744,0.1345,0.683,0,14.77,1.33,7.9,8.23,-0.1968,0.2133,0.093,0.0226,-0.0178,LOW LIQUIDITY
Rubicon Research,544578,RUBICON,Pharmaceuticals & Biotechnology,0.3919,0.5618,0.2289,0,0,0.1801,0.228,0.6882,0.88,66.89,,,39.94,-0.2969,0.0938,0.2902,0.0191,0.2902,144
Ruby Mills,503169,RUBYMILLS,Textiles & Apparels,0.6668,2.925,0.188,0.2398,0.5347,0.2455,0.196,-0.7201,0.61,13.65,0.26,3.8,13.19,-0.328,0.2713,0.0566,-0.0186,-0.4781,LOW LIQUIDITY
Ruchira Papers,532785,RUCHIRA,"Paper, Forest & Jute Products",0.0075,-0.1171,0.1482,0.0084,0.0019,0.1407,0.1648,0.9725,0.38,5.35,27.71,2.2,4.97,-0.3022,0.1314,0.1529,0.0291,0.151,LOW LIQUIDITY
Rudra Ecovation,514010,,Textiles & Apparels,0.3315,0.503,-0.055,0.0884,-0.0669,-0.0612,-0.3449,-7.3775,0.01,,0,34,-523.78,-0.6447,0.0568,-0.0573,-0.0168,0.0096,
Rupa & Co,533552,RUPA,Textiles & Apparels,0.0776,-0.2137,0.0697,-0.0027,-0.0884,0.1,0.0992,0.4385,0.25,17.85,-2.02,10.6,9.85,-0.42,0.0101,0.0839,0.0063,0.1723,LOW LIQUIDITY
Rushil Decor,533470,RUSHIL,Consumer Durables,0.0202,-0.4853,0.0989,-0.0465,-0.679,0.0574,0.0239,1.2319,0.44,44.65,-0.66,30.9,11.68,-0.3972,0.2214,0.0796,-0.0155,0.7586,LOW LIQUIDITY
S A I L,500113,SAIL,Ferrous Metals,0.0822,-0.2904,0.0947,0.0386,0.0577,0.0589,0.0508,1.5488,0.58,19.59,3.39,386.5,7.21,-0.0943,0.3327,0.0454,-0.019,-0.0123,1901
S C I,523598,SCI,Transport Services,-0.0771,-0.3509,0.3036,-0.0553,-0.037,0.1918,0.088,0.8247,0.33,13.25,-3.58,58.2,6.3,-0.1848,0.654,0.1053,0.0178,0.1423,744
S Chand & Compan,540497,SCHAND,Printing & Publication,0.3178,-0.0201,-1.2188,0.0054,-0.1672,0.1188,0.0957,0.9721,0.15,11.05,-0.66,2.2,5.07,-0.3762,0.0254,0.0637,0.0034,0.2309,LOW LIQUIDITY
S H Kelkar & Co.,539450,SHK,Chemicals & Petrochemicals,0.021,-0.7803,0.0946,0.0573,0.0422,0.0733,0.0946,0.0767,0.67,23.21,5.5,24.1,11.69,-0.4164,0.1876,0.077,-0.031,0.0348,1827
S J Logistics (I,,SJLOGISTIC,Transport Services,0.2652,0.4245,0.1809,0.1154,0.1703,0.1611,0.3035,-0.699,0.32,9.55,0.56,3.5,7.03,-0.4702,0.274,0.3186,0.0264,0.1483,
S P Apparels,540048,SPAL,Textiles & Apparels,0.0921,0.5813,0.1452,0.1392,0.1694,0.1192,0.1725,0.2846,0.45,17.49,1.03,5.4,9.73,-0.2255,0.2632,0.1169,0.0026,-0.0525,LOW LIQUIDITY
S P I C,590030,SPIC,Fertilizers & Agrochemicals,0.076,0.7407,0.0941,0.0272,0.1802,0.1059,0.3188,-0.1296,0.35,8.99,0.5,26.2,4.74,-0.3602,0.2386,0.1385,0.0015,-0.0417,LOW LIQUIDITY
S T C,512531,STCINDIA,Commercial Services & Supplies,0,-0.6417,,,-0.1137,,-0.0102,-0.287,,19.83,-1.74,-0.9,44.77,-0.3752,0.1059,0,0,0.1137,LOW LIQUIDITY
S V Global Mill,535621,,Realty,-0.528,-34.5,-0.8816,-0.1684,-1.3684,-0.009,-0.0013,2.6082,0,,0,8.5,1132.67,-0.1195,0.6797,0.0058,0.0287,1.3742,
S.A.L Steel,532604,SALSTEEL,Ferrous Metals,-0.4679,61.1667,0.1973,-0.0734,3.2291,0.0174,-0.0573,-1.5584,6.05,,0,94,28.63,-0.2106,1.4447,-0.0562,-0.0674,-3.2853,LOW LIQUIDITY
Saakshi Medtech,,SAAKSHI,Electrical Equipment,0.3115,0.9217,0.1826,0.1498,0.6752,0.1044,0.092,0.4364,0.23,43.17,0.64,5.7,24.06,-0.2435,0.6347,0.0492,-0.1176,-0.626,
Saatvik Green,544526,SAATVIKGL,Electrical Equipment,0.6159,0.3601,0.1411,0,0,0.1504,0.2464,0.1312,0.52,20.73,,52.1,13.69,-0.3322,0.0052,0.9406,-0.4844,0.9406,458
Sacheerome,,SACHEEROME,Chemicals & Petrochemicals,0.5172,1.1191,0.254,0.2427,0.4953,0.2412,0.248,1.0317,0,32.8,0.66,13,21.23,-0.0655,1.4918,0.2959,0.0351,-0.1994,
Safari Inds.,523025,SAFARI,Consumer Durables,0.1655,0.5826,0.1388,0.0867,0.1843,0.1164,0.1994,0.2998,0.11,71.05,3.85,55.3,40.49,-0.1576,0.4311,0.1579,-0.1217,-0.0264,1790
Safe Enterprises,,SAFEENTP,Consumer Durables,0.9456,0.9605,0.3714,0.3949,0.4157,0.373,0.4522,0.6203,0,23.06,0.55,26.2,16.24,-0.1393,0.8182,0.7755,0.7755,0.3598,
Sagar Cements,502090,SAGCEM,Cement & Cement Products,0.2668,0.2385,0.0853,0.1049,-0.2539,0.0147,-0.0501,-3.1884,0.98,,0,21.1,15.84,-0.3068,0.3412,-0.1029,-0.0582,0.151,LOW LIQUIDITY
Sagility,544282,SAGILITY,IT - Services,0.2517,1.1376,0.2503,0.1165,0.4656,0.1895,0.1137,1.3543,0.14,29.33,0.63,1233.2,14.75,-0.1359,0.3859,0.0738,0.0378,-0.3918,1533
Sahaj Solar,,SAHAJSOLAR,Electrical Equipment,0.0794,0.1448,0.1006,0.0245,0.0252,0.1302,0.3039,-1.3517,0.8,13.33,5.29,7,9.99,-0.5041,0.0697,0.3778,-0.1429,0.3526,
Sahana Systems,,SAHANA,IT - Services,1.1687,0.9555,0.3316,0.3674,0.7801,0.332,0.4002,-0.852,0.07,14.09,0.18,3.9,10.79,-0.5283,0.1125,0.3052,-0.2387,-0.4749,
Sahasra Electro.,,SAHASRA,Industrial Products,0.3099,0.0217,0.1746,0.1498,-0.7345,0.0809,0.008,-0.9081,0.25,1036.51,-14.11,8.4,48.69,-0.5514,0.3308,0,0,0.7345,
Sai Life,544306,SAILIFE,Pharmaceuticals & Biotechnology,0.3588,1.0198,0.2713,0.2116,0.6703,0.2138,0.1459,1.0201,0.18,63.68,0.95,168.6,31.21,-0.0801,0.3655,0.1105,0.0216,-0.5598,1479
Sai Silks,543989,KALAMANDIR,Retailing,0.2793,0.6862,0.1621,0.1428,0.5193,0.1383,0.1381,0.5635,0.25,18.47,0.36,30.9,8.43,-0.3001,0.4057,0.0778,-0.0603,-0.4415,2112
Saint-Gob. Sekur,515043,,Auto Components,0.1699,0.3023,0.21,0.0658,0.3861,0.2498,0.2462,0.6727,0.01,23.55,0.61,40.8,16.58,-0.3199,0.1257,0.1447,0.0001,-0.2414,
Sakar Healthcare,,SAKAR,Pharmaceuticals & Biotechnology,0.3455,-0.0542,0.1974,0.1487,0.1008,0.1553,0.056,1.1172,0.24,43.9,4.35,6.3,17.34,-0.0637,0.8351,0.0648,0.012,-0.036,LOW LIQUIDITY
Saksoft,590051,SAKSOFT,IT - Software,0.2007,0.375,0.1959,0.1034,0.1772,0.1822,0.2262,0.753,0.07,20.84,1.18,49.3,13.02,-0.2231,0.6516,0.1894,-0.0218,0.0122,1157
Sakuma Exports,532713,SAKUMA,Commercial Services & Supplies,-0.2505,-0.4113,-0.0097,-0.1965,-0.0961,0.0087,0.0182,-7.0899,0.06,35.79,-3.72,79.4,18.38,-0.4429,0.013,0.0191,-0.0562,0.1152,LOW LIQUIDITY
Salasar Techno,540642,SALASAR,Industrial Manufacturing,0.5175,0.6438,0.0981,0.0956,0.0825,0.0737,0.0631,-0.0524,0.43,58.05,7.04,338.8,13.8,-0.4533,0.3251,0.041,-0.0834,-0.0415,2151
Salzer Electron.,517059,SALZERELEC,Electrical Equipment,0.215,-0.5046,0.0848,0.114,0.0245,0.0765,0.1231,-0.1538,0.86,23.53,9.61,4,12.19,-0.5647,0.0606,0.1057,0.0069,0.0812,1052
Sambhv Steel,544430,SAMBHV,Industrial Products,0.8344,4.459,0.1039,0.3254,0.5722,0.0896,0.1227,1.0056,0.22,32.28,0.56,88.7,13.94,-0.3311,0.0392,0.1241,-0.1302,-0.4481,2080
Samhi Hotels,543984,SAMHI,Leisure Services,0.1177,1.0995,0.3657,0.044,0.3105,0.2872,0.0404,1.156,0.97,29.85,0.96,50.9,12.59,-0.2696,0.5451,0.0962,1.4946,-0.2143,1005
Sammaan Capital,535789,SAMMAANCAP,Finance,-0.071,1.1117,0.7653,0.0114,-1.7043,0.7398,0.1724,3.6231,2.04,9.77,-0.06,45.9,8.14,-0.2242,0.5336,-0.0866,-0.1522,1.6177,1772
Samvardh. Mothe.,517334,MOTHERSON,Auto Components,0.0849,-0.0325,0.0865,0.0326,-0.0977,0.0559,0.1108,0.8978,0.53,37.06,-3.79,3527.6,12.11,-0.0171,0.6442,0.1216,0.0036,0.2193,646
Sanathan Textile,544314,SANATHAN,Textiles & Apparels,0.1022,-0.3821,0.0772,0.0133,-0.116,0.0736,0.0611,1.2027,0.78,27.84,-2.4,17.6,18.61,-0.1926,0.5869,0.1015,-0.0072,0.2175,LOW LIQUIDITY
Sandesh,526725,SANDESH,Media,0.1065,-0.887,0.0672,0.0415,-0.3377,0.1725,0.0724,0.6856,0,16.25,-0.48,0.4,13.3,-0.4194,0.0886,0.0591,-0.1042,0.3968,LOW LIQUIDITY
Sandhar Tech,541163,SANDHAR,Auto Components,0.2908,0.8336,0.093,0.1194,0.2529,0.0667,0.1451,1.0493,0.78,19.65,0.78,16.6,9.14,-0.0668,0.7863,0.1275,0.0139,-0.1254,1203
Sandur Manganese,504918,SANDUMA,Consumable Fuels,3.7352,3.3099,0.2213,0.4803,0.3469,0.2128,0.1975,1.1883,0.64,16.71,0.48,167.6,9.95,-0.1346,0.8316,0.1864,0.0748,-0.1605,593
Sangam India,514234,SANGAMIND,Textiles & Apparels,0.1493,2.868,0.0969,0.0668,0.3785,0.0559,0.0283,3.2193,1.2,51.64,1.36,9.5,12.48,-0.16,0.4699,0.0304,-0.0128,-0.3481,LOW LIQUIDITY
Sanghi Industrie,526521,SANGHIIND,Cement & Cement Products,0.8807,-0.5648,0.0873,0.1609,0.1233,-0.1583,-0.1593,2.0119,5.93,,0,98.6,29.54,-0.2627,0.2361,-0.4607,-0.1194,-0.584,LOW LIQUIDITY
Sanghvi Movers,530073,SANGHVIMOV,Commercial Services & Supplies,0.3444,0.2455,0.3849,0.2257,0.3165,0.2774,0.1565,0.7763,0.41,16.02,0.51,19.9,8.19,-0.221,0.569,0,0,-0.3165,1988
Sanofi Consumer,544250,SANOFICONR,Pharmaceuticals & Biotechnology,0.4628,0.3713,0.3634,0.1016,0.067,0.3644,1.0556,1.5729,0.11,50.23,7.49,96.7,35.34,-0.215,0.0719,0.8381,0.8381,0.7711,LOW LIQUIDITY
Sanofi India,500674,SANOFI,Pharmaceuticals & Biotechnology,-0.0927,0.1554,0.2823,-0.0401,-0.165,0.2612,0.7305,0.9811,0.03,27.31,-1.66,29.7,18.06,-0.349,0.0547,0.4715,-0.0428,0.6365,272
Sansera Enginee.,543358,SANSERA,Auto Components,0.081,0.4164,0.1722,0.0279,0.1565,0.1221,0.1056,1.0368,0.15,42.58,2.72,22.9,18.82,-0.0379,0.787,0.105,-0.0424,-0.0515,1888
Sanstar,544217,SANSTAR,Agricultural Food & other Products,0.0056,-0.9161,0.0069,-0.1487,-0.5432,0.0333,0.033,0.6174,0.03,82.11,-1.51,45.6,41.79,-0.3456,0.1485,0.0963,-0.2514,0.6395,LOW LIQUIDITY
Sapphire Foods,543397,SAPPHIRE,Leisure Services,0.0672,-6.3169,0.1375,0.0365,-0.9224,0.0403,0.0045,3.3973,0.99,3784.21,-41.03,188.6,19.19,-0.3213,0.0517,0.0203,-0.0208,0.9427,1148
Sar Auto Prod.,538992,,Auto Components,-0.446,-0.5625,0.1743,-0.2484,-0.8571,0.0467,0.0294,0.407,1.09,16675.83,-194.55,27.1,386.44,-0.0562,0.4532,0.0246,-0.0422,0.8817,
Sar Televenture,,SARTELE,Telecom - Services,1.066,1.2677,0.1882,0,0,0.1475,0.0849,-3.5563,0,16.25,,5.8,17.52,-0.2886,0.4262,0.1009,-0.2735,0.1009,
Saraswati Commer,512020,,Finance,-0.0644,-0.0478,0.9889,-0.5541,-0.5971,0.8602,0.2593,0.124,0.05,68.14,-1.14,0.2,49.45,-0.3775,0.4519,0.0647,-0.1202,0.6618,
Saraswati Saree,544230,SSDL,Textiles & Apparels,0.2649,0.0982,0.0675,0.1128,0.0389,0.0646,0.2371,0.0571,0.05,9.99,2.57,6.7,5.87,-0.4788,0.0084,0.2519,-0.337,0.213,LOW LIQUIDITY
Sarda Energy,504614,SARDAEN,Ferrous Metals,0.3186,0.6539,0.335,0.2318,0.5555,0.2853,0.1127,0.7936,0.38,15.94,0.29,85.4,9.71,-0.2488,0.2122,0.1344,-0.0067,-0.4211,1671
Saregama India,532163,SAREGAMA,Entertainment,-0.0488,-0.0254,0.299,-0.0088,0.0436,0.2407,0.1576,1.2556,0,35.6,8.17,82.3,19.24,-0.3904,0.011,0.1251,-0.0058,0.0815,1162
Sarla Performanc,526885,SARLAPOLY,Textiles & Apparels,-0.0597,-0.014,0.2151,-0.0309,0.0653,0.2206,0.2787,0.6768,0.33,10.8,1.65,11.9,7.68,-0.3352,0.2938,0.1388,0.0589,0.0735,LOW LIQUIDITY
Sarveshwar Foods,543688,SARVESHWAR,Agricultural Food & other Products,0.2342,0.0074,0.0519,0.1186,0.1475,0.0599,0.0884,0.1936,0.57,16.99,1.15,139.2,8.79,-0.6199,0.0047,0.105,0.0255,-0.0425,LOW LIQUIDITY
Sasken Technol.,532663,SASKEN,IT - Services,0.8921,-0.1909,0.0587,0.4913,-0.1547,0.0652,0.1159,-0.9516,0.03,48.16,-3.11,3.6,23.41,-0.4776,0.0049,0.0597,-0.0425,0.2144,LOW LIQUIDITY
Sastasundar Ven.,533259,SASTASUNDR,Healthcare Services,0.1016,-1.5127,-0.075,0.0071,-1.035,-0.0257,0.0171,1.3926,0.01,,0,4.7,-39.74,-0.1794,0.5354,0.0463,0.0347,1.0813,LOW LIQUIDITY
Sathlokhar Sys.,,SSEGL,Construction,0.7551,0.7009,0.1517,0.2682,0.27,0.1463,0.3751,-1.5315,0.18,21.81,0.81,14.3,15.9,-0.1539,0.3557,0.4017,-0.5507,0.1317,
Satia Industries,539201,SATIA,"Paper, Forest & Jute Products",-0.0852,-2.9886,0.0211,-0.0334,-0.4708,0.0447,0.0646,2.1768,0.28,11.35,-0.24,6.7,4.41,-0.3484,0.0967,0.1189,-0.1346,0.5897,LOW LIQUIDITY
Satin Creditcare,539404,SATIN,Finance,0.1923,0.2483,0.5376,0.0737,-0.2294,0.4773,0.0865,-0.2182,2.92,9.77,-0.43,6.2,6.34,-0.1644,0.1192,0.0786,-0.1062,0.308,LOW LIQUIDITY
Saurashtra Cem.,502175,SAURASHCEM,Cement & Cement Products,0.3016,0.6507,-0.0252,0.0827,12.1644,0.0363,0.0326,1.5518,0.07,32.92,0.03,11.1,7.85,-0.3341,0.1703,0.0023,-0.0746,-12.1621,LOW LIQUIDITY
Savita Oil Tech,524667,SOTL,Petroleum Products,0.1859,0.3725,0.0477,0.0533,0.512,0.0549,0.1338,0.3838,0,16.67,0.33,9.9,9.94,-0.3969,0.2561,0.061,-0.0632,-0.451,LOW LIQUIDITY
Savy Infra,,SAVY,Construction,0,0,0.1194,0.4156,0.3706,0.1286,0.354,-0.4875,0.31,11.32,0.31,5.5,7.96,-0.0681,0.4711,0.761,-1.0078,0.3904,
Sayaji Hotels,523710,,Leisure Services,0.1258,-6.5769,-0.0647,0.0803,-7.1923,0.0077,-0.0569,1.8184,1.12,,0,6,29.54,-0.2632,0.1819,0.0131,-0.0573,7.2054,
SBC Exports,542725,SBC,Textiles & Apparels,0.2837,1.1173,0.1213,0.0903,0.8451,0.0933,0.2503,-2.8324,2.82,56.91,0.67,865.5,45.86,-0.0117,1.4594,0.2445,0.0085,-0.6006,LOW LIQUIDITY
SBFC Finance,543959,SBFC,Finance,0.3087,0.2996,0.6809,0.1439,0.1359,0.6718,0.8013,-1.6086,1.8,29.58,2.18,369.7,16.92,-0.1389,0.3367,0.1158,0.0105,-0.0201,1169
SBI,500112,SBIN,Banks,0.0578,-0.0425,0.4356,0.0295,0.0132,0.8294,0.6651,0.119,11.08,11.13,8.44,1418.4,16.48,-0.051,0.395,0.172,-0.0014,0.1588,587
SBI Cards,543066,SBICARD,Finance,0.1221,0.0998,0.2458,0.0585,0.0009,0.3022,-5.072,-0.3717,3.33,42.48,470.57,524.2,21.59,-0.1668,0.2909,0.1482,-0.0716,0.1473,1360
SBI Life Insuran,540719,SBILIFE,Insurance,-0.4264,-0.0658,0.0223,-0.1099,0.0166,0.0258,1.4986,9.4877,0,81.86,49.4,1100.4,74.23,-0.0401,0.4593,0.1513,0.0157,0.1347,505
Schaeffler India,505790,SCHAEFFLER,Auto Components,0.1386,0.2408,0.1978,0.0939,0.1434,0.1708,0.2949,0.6693,0.01,54.31,3.79,172.3,32.53,-0.1145,0.3779,0.1917,-0.0084,0.0483,904
Schneider Elect.,534139,SCHNEIDER,Electrical Equipment,0.0841,-0.0359,0.1289,0.03,-0.0365,0.1379,0.2835,0.805,0.8,74.22,-20.31,661.8,45.97,-0.2773,0.4756,0.7396,-0.5228,0.7761,482
Scoda Tubes,544411,SCODATUBES,Industrial Products,0.0426,0.3446,0.1538,0.0237,0.1853,0.1457,0.1279,0.2884,0.55,26.23,1.42,15.8,12.42,-0.2863,0.2195,0.2966,-0.0394,0.1113,LOW LIQUIDITY
Sealmatic India,543782,,Industrial Products,0.2208,0.0062,0.1706,0.0961,0.0019,0.1954,0.2047,-0.1296,0.04,26.61,141.3,4.3,16.55,-0.3077,0.3198,0.1673,0.0493,0.1654,
SEAMEC Ltd,526807,SEAMECLTD,Transport Services,0.1087,-250.818,0.0805,0.0084,0.1545,0.1841,0.1055,2.8038,0.38,28.13,1.82,5.9,10.54,-0.2204,0.2913,0.0793,-0.0592,-0.0752,2026
Sejal Glass,532993,SEJALLTD,Industrial Products,0.689,2.3182,0.1618,0.2741,0.7896,0.1286,0.0936,-0.2041,4.1,43.8,0.55,15.6,21.3,-0.1799,1.715,0.3253,0.1722,-0.4643,LOW LIQUIDITY
Senco Gold,543936,SENCO,Consumer Durables,0.0656,2.1533,0.0697,0.0807,0.5237,0.0728,0.1508,-0.5542,1.13,20.1,0.38,39,12.39,-0.4836,0.358,0.0983,-0.0649,-0.4254,2082
Senores Pharma.,544319,SENORES,Pharmaceuticals & Biotechnology,0.6075,1.5218,0.3061,0.2981,0.4877,0.2534,0.1234,-0.4985,0.3,41.56,0.85,20.5,23.69,-0.0547,0.807,0.1182,-0.1339,-0.3695,2083
SEPC,532945,SEPC,Construction,0.3885,2.6245,0.0445,0.1554,0.5025,0.1485,0.0355,-1.2329,0.19,32.52,0.65,174.5,18.56,-0.631,0.0135,0.0255,0.0057,-0.477,1935
Sequent Scien.,512529,SEQUENT,Pharmaceuticals & Biotechnology,0.1501,5.04,0.1313,0.0687,0.983,0.0835,0.0788,0.8025,0.61,121.26,1.23,163.1,28.02,-0.2031,0.8687,0.0321,0.0722,-0.9509,1689
Servotech Renew,,SERVOTECH,Electrical Equipment,-0.4406,-0.8005,0.0864,-0.0922,-0.1882,0.0848,0.134,-0.9623,0.63,72.26,-3.84,183.3,37.75,-0.5417,0.0441,0.1895,0.0856,0.3777,122
Seshaasai Tech.,544533,STYL,Financial Technology (Fintech),-0.1098,-0.1091,0.2685,0,0,0.225,0.2464,0.6141,0.26,23.95,,65.1,13.23,-0.2725,0.0788,0.4145,-0.053,0.4145,370
Seshasayee Paper,502450,SESHAPAPER,"Paper, Forest & Jute Products",-0.1309,-0.2129,0.0759,-0.0507,-0.2531,0.0643,0.0568,-0.4349,0.04,18.41,-0.73,4.7,6.79,-0.3373,0.004,0.056,-0.0967,0.3091,LOW LIQUIDITY
SG Finserve,539199,SGFIN,Finance,1.4189,1.0113,0.9226,0.3969,0.2397,0.8805,0.1267,-3.442,1.72,22.43,0.94,11.8,19.1,-0.1253,0.3081,0.0889,-0.025,-0.1508,1917
SG Mart,512329,SGMART,Metals & Minerals Trading,-0.0494,0.6639,0.0164,-0.0134,0.1605,0.035,0.1016,-2.1578,0.17,36.46,2.27,36.1,17.12,-0.2041,0.1966,0.0901,0.0901,-0.0704,1053
Sh. Digvijay Cem,502180,SHREDIGCEM,Cement & Cement Products,0.1115,24.575,0.1204,0.0487,0.4895,0.0704,0.1141,3.6167,0.39,35.46,0.72,53.9,18.35,-0.1632,0.4771,0.0677,-0.1809,-0.4218,LOW LIQUIDITY
Sh. Jagdamba Pol,512453,,Industrial Products,-0.1095,-0.0986,0.148,0.0108,0.0092,0.1422,0.2182,-0.4951,0.16,13.29,14.4,1.8,8.2,-0.4297,0.1491,0,0,-0.0092,
Sh. Rama Multi.,532310,SHREERAMA,Industrial Products,0.1746,0.3554,0.1693,0.1039,0.0912,0.1454,0.3459,0.8428,0.13,12.17,1.34,54.7,15.88,-0.2373,0.6851,0.4038,0.2617,0.3126,LOW LIQUIDITY
Sh.Pushkar Chem.,539334,SHREEPUSHK,Chemicals & Petrochemicals,0.4525,0.3664,0.1029,0.1734,0.2357,0.096,0.139,0.5265,0.27,18.1,0.77,7.3,12.56,-0.1566,0.8229,0.1145,0.0339,-0.1212,LOW LIQUIDITY
Sh.Renuka Sugar,532670,RENUKA,Agricultural Food & other Products,-0.0559,-15.5291,-0.0752,-0.1082,1.5448,-0.0127,-0.7777,2.084,,,0,-523.1,73.12,-0.3971,0.0834,0,0,-1.5448,2071
Shaily Engineer.,501423,SHAILY,Industrial Products,0.3367,1.338,0.3091,0.1677,0.5703,0.2261,0.285,0.803,0.3,81.41,1.43,86.1,47.69,-0.0724,1.0228,0.1849,0.0518,-0.3854,787
Shakti Pumps,531431,SHAKTIPUMP,Industrial Products,0.05,-0.1056,0.204,0.0345,-0.0168,0.2269,0.3324,0.0341,0.38,18.98,-11.29,57.8,12.78,-0.5574,0.0076,0.4264,0.1849,0.4432,42
Shalby,540797,SHALBY,Healthcare Services,0.0669,1.4749,0.1458,0.0326,-0.2715,0.0835,0.0513,-0.0496,0.53,483.35,-17.8,23.3,16.74,-0.2696,0.1323,0.0062,-0.076,0.2777,LOW LIQUIDITY
Shalibhadra Fin.,511754,,Finance,0.1531,0.3768,0.7503,0.0488,0.1538,0.7209,2.9772,-1.0365,0.25,18.03,1.17,6.3,13.25,-0.4388,0.0995,0.1275,-0.0093,-0.0263,
Shalimar Paints,509874,SHALPAINTS,Consumer Durables,-0.0755,0.2793,-0.0468,0.0255,-0.1965,-0.0675,-0.2142,0.9361,0.67,,0,15.7,-28.03,-0.5549,0.0074,-0.2264,-0.0247,-0.0299,LOW LIQUIDITY
Shankar Lal Ram.,542232,SRD,Chemicals & Petrochemicals,0.1936,-0.0632,0.0336,0.1041,0.0527,0.0403,0.142,-0.77,0.15,34.47,6.54,22.7,23.92,-0.318,0.2712,0.1094,0.0413,0.0567,LOW LIQUIDITY
Shanthi Gears,522034,SHANTIGEAR,Industrial Manufacturing,-0.1494,-0.1607,0.201,-0.0448,-0.0317,0.2184,0.3275,0.6959,0,39,-12.31,64.4,25.13,-0.2405,0.2212,0.2565,0.0066,0.2882,LOW LIQUIDITY
Shanti Educat.,539921,,Other Consumer Services,0.1689,0.048,0.1664,0.1183,-0.0071,0.1486,0.2702,-0.3046,0.09,411.82,-580.67,609.5,252.16,-0.1048,1.8353,0.1048,0.0459,0.1119,
Shanti Gold,544459,SHANTIGOLD,Consumer Durables,0.6164,3.7373,0.1409,0,0,0.0832,0.1321,-0.1662,0.34,16.3,,19.6,16.36,-0.2559,0.0459,0.4485,0.1245,0.4485,47
Sharat Industrie,519397,,Food Products,0.4922,0.5389,0.0797,0.1964,0.4337,0.0704,0.1262,-1.0086,0.79,37.25,0.86,13.7,17.29,-0.0957,1.5223,0.0902,0.018,-0.3435,
Sharda Cropchem,538666,SHARDACROP,Fertilizers & Agrochemicals,0.1959,0.7522,0.143,0.0815,0.5112,0.1196,0.2014,1.5355,0,17.8,0.35,27.1,9.16,-0.2452,1.0257,0.1262,0.112,-0.385,1031
Sharda Motor,535602,SHARDAMOTR,Auto Components,0.1067,-0.0448,0.1283,0.0517,0.1267,0.1421,0.3674,0.7177,0.04,17.59,1.39,27.4,11.37,-0.2359,0.5381,0.2654,-0.0346,0.1387,733
Shardul Sec.,512393,,Capital Markets,-1.9801,-2.3391,1.1287,-2.003,-3.3574,1.2982,-1.0881,-0.7717,0.25,,0,4,-5.74,-0.5899,0.161,0.048,-0.1263,3.4054,
Share India Sec.,540725,SHAREINDIA,Capital Markets,-0.2469,-0.2513,0.4668,-0.1275,-0.1447,0.381,0.1789,0.0113,0.22,12.65,-0.87,30.6,2.78,-0.5173,0.2614,0.1592,-0.1501,0.3039,1149
Sheela Foam,540203,SFL,Consumer Durables,0.0766,-0.2782,0.0996,0.0215,0.0176,0.0516,0.0301,1.5885,0.41,107.5,61,23.2,20.98,-0.4283,0.0461,0.0202,-0.0407,0.0026,2034
Shemaroo Entert.,538685,SHEMAROO,Entertainment,-0.1153,-0.7262,-0.3819,-0.049,0.5601,-0.2232,-0.4328,-0.9712,0.78,,0,2.2,-4.28,-0.4093,0.2822,-0.1658,-0.0948,-0.7259,LOW LIQUIDITY
Shera Energy,,SHERA,Industrial Products,0.2981,0.5899,0.0505,0.1404,0.2492,0.0455,0.1137,-0.0539,1.24,13.72,0.55,4.5,6.76,-0.4159,0.0326,0.1369,0.03,-0.1123,
Shilchar Tech.,531201,SHILCTECH,Electrical Equipment,0.3119,0.4036,0.3129,0.1484,0.2058,0.334,0.5694,0.1994,0,24.36,1.18,11.8,17.67,-0.3831,0.3475,0.5293,-0.026,0.3235,
Shilpa Medicare,530549,SHILPAMED,Pharmaceuticals & Biotechnology,0.0761,1.4565,0.2924,0.0475,0.756,0.1936,0.0788,0.5945,0.24,42.13,0.56,52.3,18.85,-0.3352,0.2571,0.0421,0.025,-0.7139,1792
Shipping Land,544142,SCILAL,Finance,0.5363,-0.6742,-2.4258,0.2388,0.0334,2.4905,-0.0563,-0.7586,0,,0,34.2,36.98,-0.3614,0.0999,-0.0609,-0.0758,-0.0943,LOW LIQUIDITY
Shish Industries,540693,,Industrial Products,0.3149,0.1685,0.179,0.1479,0.0466,0.0887,0.0917,-1.6952,0.45,39.6,8.49,127,23.5,-0.4392,0.3113,0.1036,-0.0652,0.057,
Shiv Aum Steels,,SHIVAUM,Commercial Services & Supplies,-0.1114,-0.6525,0.0296,-0.0505,-0.5078,0.0282,0.0522,0.3077,0.63,80.57,-1.59,4.4,29.64,-0.0962,0.1874,0.0873,-0.0133,0.5951,LOW LIQUIDITY
Shiv Texchem,544272,,Chemicals & Petrochemicals,0.4583,1.0819,0.0486,0.2146,0.4641,0.0478,0.1731,-1.3026,1.15,5.73,0.12,2.5,4.57,-0.5823,0.2355,0.183,-0.0074,-0.2811,
Shiva Cement,532323,,Cement & Cement Products,0.625,0.0262,0.0488,0.1304,0.0939,-0.1203,-0.136,1.3598,39.62,,0,510.5,-881.16,-0.4792,0.0671,0,0,-0.0939,
Shivalik Bimetal,513097,SBCL,Industrial Products,0.0849,0.2462,0.2261,0.042,0.1294,0.2257,0.2593,0.8802,0.11,29.46,2.28,33.2,18.96,-0.3056,0.299,0.206,-0.0706,0.0766,LOW LIQUIDITY
Shivalik Rasayan,539148,SHIVALIK,Fertilizers & Agrochemicals,0.1383,-0.2394,0.1283,0.0837,-0.1587,0.0984,0.0383,-0.2752,0.17,43.9,-2.77,1.7,13.3,-0.5542,0.0203,0.032,0.0046,0.1907,LOW LIQUIDITY
Shivam Autotech,532776,SHIVAMAUTO,Auto Components,-0.0598,-0.1199,0.0907,-0.0648,0.1785,0.0092,-0.8165,5.6613,192.05,,0,2792.8,18.83,-0.5192,0.1677,-1.1051,-0.4766,-1.2836,LOW LIQUIDITY
Shoppers Stop,532638,SHOPERSTOP,Retailing,0.1271,-0.0823,0.1356,0.0505,0.5455,0.0615,0.006,2.0493,11.56,273.23,5.01,170.7,9.5,-0.4101,0.0098,0.0339,-0.2871,-0.5116,LOW LIQUIDITY
Shraddha Prime,531771,,Realty,2.5726,0.1989,0.0884,0.8315,0.3588,0.1793,0.1732,-2.1274,2.28,25.68,0.72,36.3,20.86,-0.1781,1.128,0.369,0.1361,0.0102,
Shradha Infrapr.,,SHRADHA,Realty,0.5296,0.6519,0.2324,0.0344,0.2688,0.3466,0.1152,-0.7558,1.15,17.65,0.66,17.6,11.49,-0.5175,0.048,0.1273,-0.0592,-0.1415,LOW LIQUIDITY
Shree Cement,500387,SHREECEM,Cement & Cement Products,0.1744,3.036,0.2046,0.0448,0.538,0.1228,0.1171,3.2595,0.1,55.52,1.03,15.3,18.05,-0.1864,0.0661,0.0529,-0.0695,-0.4851,2139
Shree Ganesh Rem,540737,,Pharmaceuticals & Biotechnology,-0.0622,-0.2274,0.3173,-0.0196,-0.1007,0.2905,0.1538,0.9328,0.24,28.57,-2.84,4.9,14.77,-0.5212,0.0753,0.1701,-0.0974,0.2708,
Shree Karni,,SHREEKARNI,Textiles & Apparels,0.397,0.2669,0.1308,0.1833,0.086,0.1367,0.1864,-0.2676,0.79,22.23,2.58,2.5,12.85,-0.4084,0.0511,0.1877,0.1877,0.1017,
Shree Rama News.,500356,RAMANEWS,"Paper, Forest & Jute Products",-0.2411,-0.0352,0.0322,-0.099,0.0363,0.1688,-0.0946,1.221,,,0,-193.5,76.26,-0.3364,1.087,-0.7331,-0.4502,-0.7694,LOW LIQUIDITY
Shree Refrigerat,544458,,Industrial Manufacturing,-0.0112,-0.8219,0.1123,-0.0059,-0.5523,0.1308,0.049,-1.068,0.13,120.14,-2.18,13.2,42.4,-0.3332,0.3575,0.1503,-0.1123,0.7026,
Shree Tirupati,,TIRUPATI,Industrial Products,-0.1038,-0.7362,0.0647,-0.052,-0.3633,0.1068,0.124,-0.311,1.03,78.83,-2.17,7.8,34.03,-0.2859,0.5719,0.1694,-0.0311,0.5327,
Shree TirupatiBa,544249,BALAJEE,Industrial Products,-0.083,-0.7052,0.0433,-0.0536,-0.2503,0.1004,0.0821,-0.6132,0.72,17.37,-0.69,9,8.65,-0.5104,0.0858,0.1088,-0.0978,0.3591,LOW LIQUIDITY
Shree Vasu Logis,,SVLL,Transport Services,0.6176,25.4,0.243,0.257,1.0963,0.1107,0.05,1.1674,2.37,176.05,1.61,24.9,18.2,-0.182,1.2082,0.0658,-0.0378,-1.0305,LOW LIQUIDITY
Shreeji Ship. Gl,544490,SHREEJISPG,Transport Services,0.113,0.3219,0.3275,0,0,0.2973,0.2323,0.7682,0.3,40.99,,126.6,26.69,-0.0325,0.5371,0.3795,-0.0565,0.3795,426
Shrem InvIT,,SHREMINVIT,Construction,0.1655,-0.2486,0.5529,0.0287,-0.1126,0.6056,0.2345,0.2405,1.27,6.57,-0.58,60.9,8.95,-0.1229,0.0242,0.1729,-0.0066,0.2855,
Shri Ahimsa,,SHRIAHIMSA,Food Products,0.4862,0.5273,0.2976,0.2067,0.2237,0.3231,0.2597,1.4078,0,21.73,0.97,8.1,14.13,-0.0996,0.9937,0.1855,-0.0684,-0.0382,
Shri Venkatesh,543373,,Agricultural Food & other Products,0.8029,0.9972,0.0508,0.3528,0.3946,0.05,0.1623,0.0316,2.11,26.31,0.67,13.4,18.17,-0.0996,0.6605,0.207,0.0008,-0.1876,
Shringar House,544512,SHRINGARMS,Consumer Durables,0.2709,0.4246,0.0616,0,0,0.063,0.1334,-0.0787,0.3,31.44,,33.7,24.99,-0.0676,0.2477,0.3618,0.1053,0.3618,66
Shriram AMC,531359,,Capital Markets,0.5469,-0.2121,-1.468,0.3492,0.0612,-1.9284,44.9231,0.7651,0,,0,7,-39.6,-0.4269,0.1997,-0.2349,-0.1441,-0.2961,
Shriram Finance,511218,SHRIRAMFIN,Finance,0.1807,0.1222,0.739,0.0378,0.0672,0.7116,0.8449,-1.4875,3.87,17.8,2.65,483.9,11.47,-0.0503,0.6786,0.1557,0.0035,0.0885,747
Shriram Pistons,544344,SHRIPISTON,Auto Components,0.1597,0.121,0.2039,0.075,0.0776,0.2016,0.2628,0.6132,0.2,21.41,2.76,19.3,12.42,-0.0591,0.6871,0.232,-0.0223,0.1544,644
Shriram Properti,543419,SHRIRAMPPS,Realty,0.4607,9.6566,-0.0245,0.1859,0.175,0.1972,0.0627,0.8006,0.51,16.46,0.94,18.2,10.01,-0.2772,0.3727,0.0581,-0.0027,-0.1169,1837
Shukra Pharma.,524632,,Pharmaceuticals & Biotechnology,0.0576,3.4074,-0.0697,0.0776,0.2484,0.4046,0.2212,0.5686,0.06,144.95,5.83,1155.7,98.79,-0.1065,5.5983,0.159,-0.2881,-0.0894,
Shyam Metalics,543299,SHYAMMETL,Industrial Products,0.2265,0.2147,0.121,0.1077,0.0686,0.0877,0.1195,1.418,0.1,23.05,3.36,56.7,10.1,-0.1996,0.2753,0.0899,-0.0324,0.0213,1778
Sical Logistics,520086,SICALLOG,Transport Services,0.8359,1.7463,0.2015,0.4349,-0.9664,0.2102,-0.0072,-2.2184,238.91,,0,1408.8,10.7,-0.4538,0.1203,-3.9557,-2.3047,-2.9893,LOW LIQUIDITY
Siemens,500550,SIEMENS,Electrical Equipment,0.1602,-0.0714,0.1193,0,0,0.1323,0.1886,0.1631,0.01,70.89,,322,43.88,-0.2703,0.3724,0.1181,-0.0584,0.1181,1598
Siemens Ener.Ind,544390,ENRIN,Electrical Equipment,0,0,0.1812,0,0,0.1937,0.3126,0.0968,0.03,100.31,,897,66.13,-0.1446,0.2359,0.2896,0.2896,0.2896,79
Sigachi Indust.,543389,SIGACHI,Pharmaceuticals & Biotechnology,-0.1155,-0.7094,0.0681,0.0371,-0.1265,0.1693,0.1311,0.2572,0.29,22.04,-1.74,100.7,13.49,-0.4116,0.1491,0.135,-0.0288,0.2615,954
Sigma Solve,543917,SIGMA,IT - Services,0.5009,0.618,0.2982,0.1733,0.2068,0.3483,1.339,0.6951,0.05,23.54,1.14,89.3,16.74,-0.2047,1.4798,0.4761,0.0086,0.2693,LOW LIQUIDITY
SignatureGlobal,543990,SIGNATURE,Realty,-0.5483,-12.4015,-0.2197,0.0217,-0.2191,0.0534,0.0571,3.2487,3.56,202.39,-9.24,304.3,100.2,-0.2123,0.1321,0.1472,0.038,0.3663,218
Signpost India,544117,SIGNPOST,Media,0.0333,-0.0158,0.2571,0.0916,0.1037,0.1254,0.2021,0.5542,0.83,29.59,2.85,23.7,12.35,-0.481,0.165,0.1666,-0.0941,0.0629,LOW LIQUIDITY
Sika Interplant,523606,,Aerospace & Defense,0.5517,0.4443,0.2063,0.3788,0.3729,0.2191,0.4775,0.2308,0,55.25,1.48,29.2,40.84,-0.4491,1.2382,0.2204,0.0265,-0.1525,
SIL Investments,521194,SILINV,Finance,0.158,0.1966,0.911,0.1702,0.2473,0.8045,0.3667,0.2356,0,14.48,0.59,0.2,9.76,-0.3193,0.2287,0.0116,-0.0035,-0.2357,LOW LIQUIDITY
Silver Touch,543525,SILVERTUC,IT - Software,0.1426,0.6955,0.1614,0.0707,0.1968,0.13,0.2458,-0.0791,0.33,36.02,1.83,8.2,20.23,-0.1519,0.2233,0.176,0.0242,-0.0208,657
Simplex Castings,513472,,Industrial Products,0.886,0.533,0.174,0.2545,0.3351,0.161,0.2072,0.3178,0.81,21.28,0.64,4.1,12.87,-0.1132,1.9126,0.3369,0.2907,0.0018,
Simplex Infra,523838,SIMPLEXINF,Construction,-0.0749,1.7693,0.0644,-0.0681,-3.0716,0.0644,0.0212,-75.865,1.97,62.37,-0.2,18.1,37.15,-0.2313,0.2362,-0.044,0.2199,3.0276,407
Sinclairs Hotels,523023,SINCLAIR,Leisure Services,0.1114,-1.9107,-0.0334,0.0009,-0.3449,0.2476,0.0835,0.5441,0.3,47.46,-1.38,18.9,23.86,-0.4009,0.1462,0.1236,-0.0366,0.4685,LOW LIQUIDITY
Sindhu Trade,532029,SINDHUTRAD,Transport Services,-0.6636,-0.9072,-0.0163,-0.3658,-7.7721,0.0418,-0.0516,-0.3275,0.27,,0,336.8,46.56,-0.4105,0.7953,0.0035,-0.0261,7.7756,LOW LIQUIDITY
Singer India,505729,,Consumer Durables,0.3039,2.0157,0.0309,0.0592,-0.0526,0.0216,0.0587,-2.3589,0.01,64.23,-12.22,17.2,29.98,-0.2348,0.4945,0.0489,0.02,0.1015,
Sintercom India,,SINTERCOM,Auto Components,0.1234,1.25,0.1852,0.0622,0.4925,0.0771,0.0089,-0.4114,0.47,327.3,6.65,8.8,23.15,-0.3608,0.081,0.0066,-0.0049,-0.4859,LOW LIQUIDITY
Sirca Paints,543686,SIRCA,Consumer Durables,0.2438,0.363,0.2089,0.1689,0.1779,0.1836,0.1605,0.8253,0.1,49.12,2.76,36.5,32.05,-0.0699,1.173,0.1494,-0.0293,-0.0285,1538
SIS,540673,SIS,Other Consumer Services,0.1498,0.1732,0.0448,0.0689,29.5892,0.0412,0.1223,3.342,0.67,14.14,0,26.1,7.15,-0.1789,0.1461,0.0045,-0.0745,-29.5847,LOW LIQUIDITY
Siyaram Silk,503811,SIYSIL,Textiles & Apparels,0.1613,0.2716,0.1524,0.0811,0.0562,0.1303,0.1951,0.8748,0.3,14.83,2.64,10.4,9.12,-0.4166,0.2349,0.1636,0.001,0.1074,677
SJS Enterprises,543387,SJS,Auto Components,0.254,0.4838,0.2828,0.092,0.1942,0.2215,0.2531,1.0422,0.05,38.28,1.97,22.1,22.84,-0.0836,1.057,0.189,0.0192,-0.0052,622
SJVN,533206,SJVN,Power,0.006,-0.302,0.833,0.0173,-0.3217,0.5773,0.0195,1.3369,2.03,53.19,-1.65,798.2,22.03,-0.3945,0.0051,0.0581,-0.0009,0.3798,912
SKF India,500472,SKFINDIA,Industrial Products,0.0521,0.3188,0.1266,0.0288,-0.0189,0.1481,0.3112,0.2658,0,16.87,-8.95,16.8,10.22,-0.2159,0.1455,0.2143,-0.0051,0.2332,386
Skipper,538562,SKIPPER,Electrical Equipment,0.137,0.3123,0.1036,0.0679,0.1524,0.0895,0.1268,0.3731,0.63,30.28,1.99,45.6,11.47,-0.316,0.3317,0.1418,0.0516,-0.0106,684
SKM Egg Prod.,532143,SKMEGGPROD,Food Products,0.5843,1.8646,0.1851,0.2658,0.6037,0.139,0.1819,1.1402,0.51,19.44,0.32,8.3,10.81,-0.1256,1.6927,0.118,-0.2412,-0.4857,2116
SKP Bearing,,SKP,Industrial Products,0.1596,2.3168,0.1787,0.0782,0.7912,0.1585,0.1129,0.6398,0.68,56.71,0.72,9.8,21.34,-0.314,0.0097,0.0586,0.0586,-0.7326,LOW LIQUIDITY
Sky Gold & Diam.,541967,SKYGOLD,Consumer Durables,0.9308,0.8248,0.0673,0.3167,0.5685,0.065,0.242,-1.364,0.78,28.08,0.49,77.7,18.32,-0.3139,0.3639,0.2546,0.0221,-0.3139,708
Smartworks Cowor,544447,SMARTWORKS,Commercial Services & Supplies,0.2124,0.8016,0.636,0,0,0.1858,-0.0162,3.6364,8.6,,,116.1,10.41,-0.2689,0.1524,-0.8199,0.4055,-0.8199,LOW LIQUIDITY
SMC Global Sec.,543263,SMCGLOBAL,Capital Markets,-0.0234,-0.5439,0.1917,-0.0203,-0.3316,0.1947,0.0788,0.0588,1.59,15.72,-0.47,25.6,3.33,-0.1091,0.4844,0.1265,-0.0581,0.4581,LOW LIQUIDITY
SML Mahindra,505192,SMLMAH,"Agricultural, Commercial & Construction Vehicles",0.0098,-0.0344,0.0755,0.0436,0.164,0.0854,0.3191,0.9239,0.57,36.06,2.2,16.6,20.19,-0.2582,2.4228,0.3638,-0.097,0.1998,770
SMS Pharma.,532815,SMSPHARMA,Pharmaceuticals & Biotechnology,0.2322,0.763,0.1996,0.0987,0.1868,0.1516,0.1219,0.7306,0.43,37.2,1.99,37.2,19.37,-0.0382,0.8426,0.11,0.0173,-0.0768,1231
Snowman Logistic,538635,SNOWMAN,Transport Services,0.085,-5.7705,0.1284,0.0628,-0.4681,0.0469,0.0095,2.1836,0.8,234.18,-5,28.1,10.95,-0.4871,0.0093,0.0133,-0.0136,0.4814,LOW LIQUIDITY
Sobha,532784,SOBHA,Realty,0.5077,1.78,0.068,0.1698,0.5702,0.0759,0.0913,0.6086,0.23,110.7,1.94,38.2,34.36,-0.1117,0.4311,0.0268,0.0071,-0.5434,1930
Sobhagya Mercant,512014,,Commercial Services & Supplies,0.8565,1.2275,0.1351,0.3253,0.3876,0.1533,0.3527,-0.696,0.07,35.88,0.93,7.2,24.08,0,3.1071,0.2443,-0.0355,-0.1433,
Softsol India,532344,,Realty,0.1042,-0.1733,0.6401,0.04,0.2962,0.9374,0.1785,-0.333,0,34.02,1.15,4.4,24.15,-0.3007,0.2457,0.0733,-0.0057,-0.2229,
Softtech Enginee,543470,SOFTTECH,IT - Software,0.1682,-0.6087,0.2604,0.1167,0.0465,0.0821,0.0329,3.4098,0.27,329.23,70.78,3.6,16.29,-0.4768,0.0819,0.0088,-0.0213,-0.0377,LOW LIQUIDITY
Solar Industries,532725,SOLARINDS,Chemicals & Petrochemicals,0.2135,0.2067,0.265,0.1109,0.0521,0.2401,0.2976,1.2843,0.17,88.65,17.01,207.1,52.86,-0.2738,0.5262,0.3264,0.0174,0.2743,146
Solara Active,541540,SOLARA,Pharmaceuticals & Biotechnology,-0.0963,-2.2609,0.1108,-0.0606,10.8704,0.0886,0.0046,1.845,0.51,381.28,0.35,7,15.15,-0.3234,0.247,0.0005,0.3358,-10.8699,1746
Solarium Green,544354,,Construction,0.426,0.2244,0.115,0.1536,0.088,0.1143,0.1564,-2.3551,0.77,29.99,3.41,8.4,20.61,-0.3978,0.4428,0.2301,-1.0156,0.1421,
Solarworld Ene.,544532,SOLARWORLD,Construction,-0.0286,-0.5828,0.1093,0,0,0.2068,0.14,0.4783,0.27,39.31,,29.1,18.59,-0.2539,0.0495,0.4021,-0.6801,0.4021,659
Solex Energy,,SOLEX,Electrical Equipment,0.4563,0.9703,0.1348,0.189,0.323,0.1121,0.1979,-0.7727,1.63,32.24,1,10.1,19.33,-0.2124,1.478,0.3874,0.1792,0.0644,
Som Distilleries,507514,SDBL,Beverages,-0.0695,0.0428,0.1487,-0.0034,-0.0223,0.1131,0.1743,0.2696,0.24,21.07,-9.45,51.3,12.22,-0.3547,0.1687,0.1617,-0.0228,0.184,868
Soma Textiles,521034,SOMATEX,Textiles & Apparels,-1,-3.7556,,-0.314,0.4118,-0.4178,-0.0172,2.7339,0,,0,7.3,-148.02,-0.3221,2.2195,-0.011,-0.0297,-0.4228,LOW LIQUIDITY
Somany Ceramics,531548,SOMANYCERA,Consumer Durables,0.0283,-0.1265,0.0781,0.0168,-0.0636,0.0461,0.0807,1.0157,0.42,29.86,-4.69,8.9,8.59,-0.4271,0.0558,0.0817,-0.0472,0.1453,LOW LIQUIDITY
Sona BLW Precis.,543300,SONACOMS,Auto Components,0.2343,0.1434,0.2493,0.0504,0.0712,0.2285,0.1325,0.9602,0.04,49.49,6.95,337.7,27.72,-0.2793,0.3156,0.1437,-0.0654,0.0725,1576
Sonata Software,532221,SONATSOFTW,IT - Software,-0.0233,0.1287,0.0815,0.0381,0.0403,0.0616,0.2999,1.0079,0.42,23.19,5.75,162.2,14.2,-0.4682,0.2764,0.2731,-0.0303,0.2328,503
South Ind.Bank,532218,SOUTHBANK,Banks,0.0222,0.0822,0.6459,0.0107,0.0404,0.8369,0.1519,-0.3061,11.5,7.71,1.91,257.4,16.05,-0.0403,0.807,0.1378,-0.0003,0.0974,954
South West Pinn.,543986,SOUTHWEST,Commercial Services & Supplies,1.2823,23.5161,0.2328,0.2515,0.6682,0.1706,0.1508,0.9676,0.52,26.12,0.39,9.6,13.53,-0.1979,1.0351,0.0902,0.0325,-0.578,1523
Spacenet Enterpr,,SPCENET,Commercial Services & Supplies,0.0746,0.4181,0.0725,0.1421,0.2237,0.0893,0.1412,1.3084,0.01,29.73,1.33,148.6,23.76,-0.6938,0.5983,0.0929,-0.0391,-0.1308,LOW LIQUIDITY
Spandana Sphoort,542759,SPANDANA,Finance,-0.6867,-0.0693,-0.9021,-0.3832,0.4122,-0.8625,-1.2569,-9.5854,1.35,,0,8.1,-3.6,-0.474,0.4163,-0.3097,-0.4515,-0.7219,2253
SPARC,532872,SPARC,Pharmaceuticals & Biotechnology,-0.3888,0.2945,-8.383,-0.1696,-0.2218,-4.1562,0.8478,1.0775,,,0,-458.7,-22.53,-0.3689,0.3929,0,1.2192,0.2218,639
Speciality Rest.,534425,SPECIALITY,Leisure Services,0.1207,0.8889,0.1746,0.043,0.2684,0.1015,0.0691,1.9723,0.43,25.51,0.95,8.2,7.45,-0.2839,0.04,0.0548,-0.0206,-0.2136,LOW LIQUIDITY
Spectrum Electr.,544386,SPECTRUM,Industrial Manufacturing,0.4138,0.8188,0.1272,0.1145,0.2673,0.1301,0.2072,-0.3779,0.76,55.98,2.09,12.6,27.94,-0.5262,0.0376,0.137,-0.0122,-0.1303,LOW LIQUIDITY
Spel Semiconduct,517166,,Electrical Equipment,0.1007,0.5391,-0.4183,-0.0076,-0.0662,-0.5205,-0.1684,0.2935,12.46,,0,1744.7,-299.23,-0.3234,0.7771,-0.3613,-0.1959,-0.2951,
Spencer's Retail,542337,SPENCERS,Retailing,-0.1407,0.2683,-0.0079,-0.1029,-0.0964,-0.044,6.1849,-0.3639,,,0,-4.5,105.33,-0.5565,0.0186,0,0,0.0964,LOW LIQUIDITY
Spice LoungeFood,539895,,Leisure Services,1.5701,3.0952,0.0424,0.5729,0.2513,0.0761,0.041,0.2748,1.03,522.5,20.79,2323.3,212.2,-0.2661,8.9605,0,0,-0.2513,
SpiceJet,500285,SPICEJET,Transport Services,-0.1425,-0.4348,-0.5812,-0.1361,-9.7958,-0.0629,0.2173,-4.7598,,,0,-3224.7,22.62,-0.5146,0.0786,0,0,9.7958,
SPML Infra,500402,SPMLINFRA,Construction,-0.0043,0.1516,0.0469,-0.067,0.0257,0.123,0.1048,-0.8803,0.44,29.1,11.33,12.8,18.13,-0.4132,0.3924,0.0778,0.0899,0.0521,LOW LIQUIDITY
Sportking India,539221,SPORTKING,Textiles & Apparels,-0.0372,-0.0548,0.1043,-0.0285,0.0598,0.0837,0.118,2.0448,0.48,10.12,1.69,14,5.56,-0.3491,0.3034,0.1235,0.038,0.0637,LOW LIQUIDITY
Spunweb Nonwoven,,SPUNWEB,Textiles & Apparels,0.332,2.1221,0.1765,0.1511,0.6766,0.1341,0.1681,0.1261,0.9,19.42,0.29,7.7,10.09,-0.1602,0.1169,0.3047,0.0687,-0.3719,
Sr.Rayala.Hypo,532842,SRHHYPOLTD,Chemicals & Petrochemicals,0.0714,-0.0609,0.1481,0.0373,0.0508,0.2032,0.189,0.6771,0.01,8.62,1.7,1.5,3.29,-0.4217,0.0849,0.1103,-0.0037,0.0595,LOW LIQUIDITY
Sreeleathers,535601,SREEL,Consumer Durables,0.1923,0.3349,0.1563,0.0758,0.0208,0.1352,0.2028,0.8427,0,22.77,10.94,2.5,15.74,-0.2551,0.0713,0.0514,-0.0166,0.0306,LOW LIQUIDITY
SRF,503806,SRF,Chemicals & Petrochemicals,0.063,0.9272,0.2127,0.0388,0.2945,0.1641,0.1374,1.197,0.35,52.04,1.77,188.1,26.76,-0.1458,0.2928,0.1037,-0.0185,-0.1908,1862
SRG Housing,534680,SRGHFL,Finance,0.3258,0.25,0.6126,0.1079,0.1049,0.5898,0.8482,-1.4278,2.45,15.65,1.49,2.4,10.11,-0.3516,0.0578,0.1152,-0.0286,0.0103,LOW LIQUIDITY
Sri Adhik. Bros.,530943,SABTNL,Entertainment,-0.9725,-38.2,-23.6667,-0.1735,-4.2444,0.002,0.0883,11.62,0.12,,0,-758,19273.76,-0.4139,2.7265,3.9113,3.9113,8.1557,3
Sri Lotus,544469,LOTUSDEV,Realty,0.4348,-0.084,0.2864,0,0,0.5606,0.1701,-0.0635,0.08,34.38,,214.6,22.03,-0.2816,0.0028,0.4127,-0.681,0.4127,644
SRM Contractors,544158,SRM,Construction,1.0107,1.1843,0.1484,0.3516,0.3813,0.1388,0.2594,0.0145,0.2,17.6,0.46,9.4,10.22,-0.1846,0.8528,0.2563,0.0215,-0.125,LOW LIQUIDITY
Stallion India,544342,STALLION,Chemicals & Petrochemicals,0.5625,12.4353,0.1476,0.1995,0.3869,0.1405,0.1899,-0.2765,0,31.29,0.81,35,20.39,-0.5848,1.9397,0.1517,-0.0062,-0.2352,1486
Standard Glass,544333,SGLTL,Industrial Manufacturing,0.1053,0.0359,0.1566,0.0793,0.1058,0.1693,0.1309,0.0483,0.18,42.81,4.04,81.2,25.16,-0.2863,0.2315,0.1155,-0.0919,0.0097,LOW LIQUIDITY
Stanley Lifesty.,544202,STANLEY,Consumer Durables,0.0233,-0.0968,0.2353,0.0244,0.1304,0.1397,0.0752,1.1961,0.71,39.71,3.05,15.8,14.4,-0.5095,0.0156,0.0811,-0.0449,-0.0493,LOW LIQUIDITY
Star Cement,540575,STARCEMENT,Cement & Cement Products,0.264,11.5348,0.2345,0.1044,0.7895,0.1276,0.1269,1.1516,0.21,29.75,0.38,121,11.9,-0.2798,0.1479,0.0605,-0.0549,-0.729,2127
Star Health Insu,543412,STARHEALTH,Insurance,0.0787,-0.5067,0.017,0.0457,-0.154,0.0425,-0.0652,1.6,0.06,51.26,-3.33,215.8,38.48,-0.1292,0.4207,0.0937,-0.0478,0.2477,1396
Steel Exchange,534748,STEELXIND,Industrial Products,-0.1122,-0.2243,0.1185,0.0094,0.982,0.1112,0.0354,0.9324,0.48,32.47,0.33,177.8,9.16,-0.2571,0.2153,0.0243,0.0058,-0.9577,LOW LIQUIDITY
Steel Str. Wheel,513262,SSWL,Auto Components,0.0963,-0.2326,0.0932,0.0603,-0.0383,0.0825,0.1354,1.296,0.55,15.09,-3.94,29.3,7.9,-0.3052,0.1621,0.1454,-0.0313,0.1837,LOW LIQUIDITY
Steelcast,513517,STEELCAS,Industrial Products,0.4154,0.7464,0.2834,0.157,0.2343,0.2762,0.3444,0.7518,0,24.72,1.05,61.9,16.47,-0.1486,0.5325,0.2424,-0.0651,0.0081,LOW LIQUIDITY
STEL Holdings,533316,STEL,Finance,0.1658,0.1626,0.9791,0.0625,0.0756,0.9875,5.3287,2.0358,0,66.58,8.81,1.1,48.09,-0.0339,0.9782,0.0097,-0.0017,-0.0659,1907
Sterling & Wils.,542760,SWSOLAR,Construction,0.6969,13.4016,0.0022,0.2483,1.5165,0.0516,0.343,0.1312,2.61,25.75,0.17,260.5,14.42,-0.573,0.0395,0.0819,0.6517,-1.4346,1354
Sterling Tools,530759,STERTOOLS,Auto Components,-0.2679,-0.4064,0.1136,-0.1614,-0.2813,0.0771,0.1122,1.4334,0.32,24.52,-0.87,7,10.22,-0.5995,0.0668,0.1228,-0.0061,0.4041,LOW LIQUIDITY
Sterlite Tech.,532374,STLTECH,Telecom - Equipment & Accessories,-0.0372,1.2353,0.1248,0.0273,-1.0317,0.0541,0.0195,2.6165,0.94,1222.09,-11.84,116.1,11.96,-0.2877,0.9139,-0.0628,-0.0289,0.9689,1452
STL Networks,544395,STLNETWORK,Telecom - Services,-0.3527,-4.8198,0.0279,0,0,0.0558,-0.023,0,0.96,,,61,23.31,-0.3709,0.0943,0,0,0,LOW LIQUIDITY
Stove Kraft,543260,STOVEKRAFT,Consumer Durables,0.1341,0.2775,0.1197,0.0579,0.1471,0.0564,0.1103,1.5663,0.4,43.52,2.96,13.2,13.27,-0.3886,0.1382,0.0869,0.0037,-0.0602,1529
Stovec Inds.,504959,,Industrial Manufacturing,-0.2877,-0.6117,0.0455,-0.1358,-0.3668,0.0561,0.0929,0.9197,0,50.52,-1.38,0.7,22.06,-0.4188,0.0147,0.0986,0.0409,0.4654,
Strides Pharma,532531,STAR,Pharmaceuticals & Biotechnology,0.0462,0.7967,0.1888,0.0261,-0.8767,0.1576,0.1776,1.0301,0.67,18.81,-0.21,27.3,10.57,-0.1345,0.7291,1.5067,1.4636,2.3834,LOW LIQUIDITY
String Metaverse,534535,,IT - Services,1.6478,2.1733,0.1078,0.7206,0.7806,0.0904,0.2511,1.3931,0,50.85,0.65,145.4,41.85,-0.1588,11.9313,0.2585,0.101,-0.5221,
Studds Accessor.,544599,STUDDS,Auto Components,0.0647,0.179,0.1933,0,0,0.1653,0.1857,0.6554,0.02,29.28,,,17.48,-0.0958,0.0176,0.1667,0.0074,0.1667,450
Stylam Industrie,526951,STYLAMIND,Consumer Durables,0.1131,0.0947,0.1935,0.0684,0.0282,0.1652,0.2424,0.6373,0,28.64,10.15,8.4,17.49,-0.1964,0.4656,0.2036,-0.067,0.1754,999
Styrenix Perfor.,506222,STYRENIX,Chemicals & Petrochemicals,0.2231,-0.362,0.107,0.1309,-0.139,0.0797,0.1594,0.177,0.26,18.22,-1.31,5.2,11.17,-0.4114,0.0371,0.2464,0.2464,0.3854,74
Suba Hotels,,SUBAHOTELS,Leisure Services,0.4884,0.5783,0.2003,0,0,0.268,0.2727,0.1855,1.07,21.42,,,17.4,-0.2458,0.0124,0.379,0.0578,0.379,
Subam Papers,544267,,Industrial Products,0.102,-0.2539,0.0931,0.0514,-0.1662,0.0796,0.0569,0.5685,0.68,21.57,-1.3,3.4,10.71,-0.0999,1.9214,0.1028,-0.0581,0.269,
Subex,532348,SUBEXLTD,IT - Software,-0.0708,3.3252,0.0911,-0.0245,-0.8558,0.0263,0.008,-0.4414,0.09,,0,117,27.56,-0.5593,0.127,-0.1126,0.0091,0.7432,LOW LIQUIDITY
Subros,517168,SUBROS,Industrial Products,0.0622,0.1186,0.0778,0.0356,0.083,0.0653,0.1865,0.8248,0.02,35.43,4.27,32.1,15.9,-0.2813,0.7392,0.1448,0.0391,0.0618,557
Sudarshan Chem.,506655,SUDARSCHEM,Chemicals & Petrochemicals,2.4297,-0.6646,0.0554,1.0655,0.4576,0.0491,0.0402,0.1531,0.72,76.96,1.68,17.6,15.04,-0.3739,0.262,0.0307,-0.0823,-0.4269,2169
Sudarshan Pharma,543828,,Chemicals & Petrochemicals,0.3133,-0.3807,0.0545,0.1709,0.0954,0.0767,0.1771,0.8757,1.56,32.46,3.4,110.2,17.69,-0.5021,0.193,0.1483,0.0405,0.0529,
Sudeep Pharma,544619,SUDEEPPHRM,Pharmaceuticals & Biotechnology,0,0,,0,0,0.3781,0.3462,0.2568,0.28,54.3,,,38.04,-0.1591,0.0167,0.3277,0.3277,0.3277,64
Sukhjit Starch,524542,SUKHJITS,Agricultural Food & other Products,-0.1446,-0.6574,0.0579,-0.0529,-0.3727,0.042,0.039,0.8538,0.74,19.69,-0.53,2.6,8.78,-0.5497,0.0059,0.0698,-0.0246,0.4425,LOW LIQUIDITY
Sula Vineyards,543711,SULA,Beverages,-0.011,-0.5843,0.1945,-0.022,-0.2982,0.1636,0.0987,0.4963,0.71,38.59,-1.29,28.2,17.61,-0.5082,0.0123,0.123,-0.0486,0.4212,1016
Sumeet Industrie,514211,SUMEETINDS,Textiles & Apparels,0.1133,6.1895,0.0539,0.0091,-4.9197,0.0258,0.126,-67.223,0.48,73.77,-0.15,429.2,37.58,-0.2239,1.9886,0,0,4.9197,LOW LIQUIDITY
Sumit Woods,,SUMIT,Realty,-0.7196,-0.8711,0.1256,-0.1634,-0.0182,0.2074,0.085,0.8844,0.38,29.52,-16.18,9.3,14.57,-0.5277,0.0708,0.0979,-0.028,0.1161,LOW LIQUIDITY
Sumitomo Chemi.,542920,SUMICHEM,Fertilizers & Agrochemicals,-0.0586,-0.0678,0.2372,0.0516,0.0767,0.2247,0.2486,0.6753,0.02,43.01,5.61,363.2,29.25,-0.3002,0.0518,0.1881,0.0348,0.1114,321
Summit Securitie,533306,SUMMITSEC,Finance,0.1219,0.2064,0.9901,0.3276,0.2691,0.8482,-110.7069,0.6505,0,22.13,0.82,0.2,16.71,-0.449,0.5073,0.0085,-0.0022,-0.2606,LOW LIQUIDITY
Sun Pharma.Inds.,524715,SUNPHARMA,Pharmaceuticals & Biotechnology,0.0893,0.0256,0.3127,0.0454,0.0079,0.2882,0.2113,0.9587,0.07,37.81,48.12,1345.8,23.13,-0.048,0.1752,0.1686,0.0017,0.1607,510
Sun TV Network,532733,SUNTV,Entertainment,0.3892,-0.1342,0.5803,0.0858,-0.0468,0.5052,0.2158,0.7294,0.01,13.18,-2.82,69.8,7.41,-0.2872,0.0939,0.1569,-0.0365,0.2037,984
Sundaram Clayton,544066,SUNCLAY,Auto Components,-0.1206,-0.2532,0.03,-0.0605,0.2178,-0.0314,-0.0705,0.1807,1.87,,0,6.9,34.99,-0.5732,0.0541,-0.194,-0.0207,-0.4118,LOW LIQUIDITY
Sundaram Finance,590071,SUNDARMFIN,Finance,0.1444,0.1192,0.7843,0.0788,0.0636,0.7754,1.0336,-1.3534,4.35,26.3,4.14,38.1,15.76,-0.1386,0.1525,0.1527,0.0111,0.0891,642
Sundram Fasten.,500403,SUNDRMFAST,Auto Components,0.0235,0.0589,0.166,0.0119,0.0264,0.1276,0.1808,0.5648,0.18,35.57,13.49,102.2,20.34,-0.2178,0.1283,0.1493,-0.0129,0.1229,990
Sundrop Brands,500215,SUNDROP,Agricultural Food & other Products,0.8601,-42.8,0.0102,0.4102,0.0418,0.0028,0.0261,38.8986,0.01,73.01,17.46,7.2,78.75,-0.2726,0.0661,0.0375,0.0202,-0.0043,LOW LIQUIDITY
Sunflag Iron,500404,SUNFLAG,Industrial Products,0.1239,0.1162,0.1038,0.0667,0.2436,0.0909,0.1189,0.6212,0.07,22.57,0.93,9.6,11.01,-0.2155,0.2881,0.0233,-0.0104,-0.2203,LOW LIQUIDITY
Sunita Tools Ltd,544001,,Industrial Manufacturing,-0.0046,-0.1085,0.2811,-0.0024,-0.0288,0.2281,0.1232,-1.1425,0.14,112.9,-39.19,6.5,68.47,-0.2024,0.5359,0.1333,-0.2028,0.1621,
Sunlite Recycli.,,SUNLITE,Industrial Products,0.7624,1.0312,0.0195,0.3476,0.5208,0.0167,0.3796,0.3721,0.31,15.91,0.31,5,10.74,-0.0219,2.4637,0.3601,-0.4417,-0.1607,
Sunrakshakk Inds,539300,,Textiles & Apparels,3.546,2.7166,0.0965,1.0843,1.01,0.0811,0.141,0.0091,0.27,30.6,0.3,12.8,16.9,-0.2443,0.9836,0.2425,0.2425,-0.7675,
Sunrise Efficie.,543515,,Commercial Services & Supplies,0.2791,0.2346,0.0969,0.0865,0.1307,0.0967,0.1609,-0.7555,0.05,57.71,4.42,11,41.24,-0.1551,1.196,0.1673,-0.0533,0.0366,
Sunshield Chem.,530845,,Chemicals & Petrochemicals,0.3174,1.2665,0.1145,0.1788,0.4691,0.0877,0.2139,1.7672,0.81,41.25,0.88,7.2,20.15,-0.1724,0.7227,0.1639,-0.0905,-0.3052,
Sunteck Realty,512179,SUNTECK,Realty,0.4929,0.4141,0.3084,-0.052,0.1659,0.3454,0.0648,0.846,0.16,34.46,2.08,26.5,22.25,-0.2446,0.1886,0.0471,0.0233,-0.1188,1569
Suprajit Engg.,532509,SUPRAJIT,Auto Components,0.1289,105.1458,0.1058,0.0719,0.8584,0.0933,0.1649,0.8083,0.68,40,0.47,64.2,15.48,-0.1119,0.3134,0.065,-0.0455,-0.7934,2122
Supreme Holdings,530677,SUPREME,Realty,-0.9957,-0.9317,-6.2,-0.6965,-0.7119,0.1985,0.0072,-0.7903,0.01,104.71,-1.47,2.1,71.86,-0.3101,0.2346,0.0185,0.0071,0.7304,LOW LIQUIDITY
Supreme Inds.,509930,SUPREMEIND,Industrial Products,0.0532,-0.2026,0.1242,0.009,-0.081,0.1053,0.2223,0.8355,0.06,50.04,-6.17,94.2,28.49,-0.3521,0.1063,0.1714,-0.0459,0.2524,877
Supreme Petroch.,500405,SPLPETRO,Chemicals & Petrochemicals,-0.2693,-0.4665,0.0705,-0.0983,-0.1669,0.0783,0.172,0.6679,0.06,38.87,-2.33,101.2,23.67,-0.3531,0.2258,0.1736,0.0056,0.3405,277
Supreme Power,,SUPREMEPWR,Electrical Equipment,0.4711,0.3198,0.1552,0.1784,0.1226,0.1688,0.2422,1.4271,0.28,25.12,2.05,12.2,18.74,-0.1831,1.0985,0.2236,-0.0809,0.101,
Supriya Lifesci.,543434,SUPRIYA,Pharmaceuticals & Biotechnology,0.2031,0.0927,0.3636,0.0261,-0.0297,0.3417,0.223,0.6579,0,32.94,-11.08,44.7,22.02,-0.1148,0.3401,0.2075,0.0502,0.2372,169
Suraj,531638,SURAJLTD,Industrial Products,-0.1139,-0.8717,0.0731,-0.0464,-0.6315,0.0561,0.0585,-0.4008,0.32,106.23,-1.68,6.7,22.79,-0.487,0.0625,0.1,-0.0869,0.7315,LOW LIQUIDITY
Suraj Estate,544054,SURAJEST,Realty,0.3251,0.0399,0.4478,0.0624,-0.0657,0.326,0.0863,-1.5287,0.57,14.87,-2.26,6.9,9.75,-0.6069,0.0908,0.1398,-0.0899,0.2055,1341
Suraksha Diagno.,544293,SURAKSHA,Healthcare Services,0.1795,-0.1306,0.3064,0.0945,-0.0025,0.1859,0.1336,1.249,0.51,45.73,-182.98,33,17.34,-0.3759,0.213,0.1646,0.01,0.1671,LOW LIQUIDITY
Suratwwala Busi.,543218,SBGLP,Realty,10.5982,36.0909,0.4257,0.8687,0.9066,0.4096,0.1975,-0.3174,0.79,23.32,0.26,99.6,18.84,-0.8051,0.0926,0.1675,-0.6368,-0.7391,LOW LIQUIDITY
Surya Roshni,500336,SURYAROSNI,Industrial Products,0.2069,1.0557,0.0641,0.0037,-0.0485,0.0623,0.1771,0.8154,0.05,17.38,-3.59,49.4,9.02,-0.2702,0.2762,0.1488,-0.0129,0.1973,806
Suryoday Small,543279,SURYODAY,Banks,0.0246,-0.33,0.4251,0.01,-0.4326,0.523,0.04,1.3314,7.11,22.4,-0.52,7.8,13.87,-0.1474,0.5297,0.0616,-0.0658,0.4942,1398
Sustainable Ener,,SEITINVIT,Power,0.0135,-0.449,0.7978,-0.0045,-0.0566,0.5278,0.0195,1.6451,1.11,27.2,-4.81,38.6,10.11,-0.0531,0.0185,0.0435,0.0435,0.1001,
Sutlej Textiles,532782,SUTLEJTEX,Textiles & Apparels,-0.0552,0.0339,0.0221,-0.0343,0.1784,-0.0237,-0.0693,-1.517,0.97,,0,10.8,28.5,-0.5627,0.0638,-0.0704,0.0418,-0.2488,LOW LIQUIDITY
Suven Life Scie.,530239,SUVEN,Healthcare Services,-0.642,-0.5574,-86.7065,-0.1186,0.2785,-36.0954,-0.7491,0.9308,0,,0,314.6,-18.81,-0.4337,0.6741,-0.8722,-0.5093,-1.1507,LOW LIQUIDITY
Suyog Telematics,537259,SUYOG,Telecom - Services,0.0945,-0.1815,0.7598,0.0527,-0.0875,0.3578,0.0901,0.9792,0.54,19.58,-2.24,1.9,7.59,-0.6718,0.0406,0.1161,-0.1216,0.2036,LOW LIQUIDITY
Suzlon Energy,532667,SUZLON,Electrical Equipment,0.8403,5.3908,0.1862,0.2642,0.5273,0.1693,0.5025,0.6396,0.05,21.8,0.41,11966,26.13,-0.3156,0.1054,0.4144,0.1267,-0.1129,268
Swan Corp,503310,SWANCORP,Chemicals & Petrochemicals,0.1028,-1.0745,0.0044,0.036,-2.91,0.2423,0.107,3.1562,0.34,24.44,-0.08,60.2,11.15,-0.4397,0.2528,-0.0447,-0.1148,2.8653,1702
Swan Defence,533107,SWANDEF,Industrial Manufacturing,40.2188,0.628,-0.1943,5.5519,-0.3055,-2.4881,-0.0483,0.6113,10.67,,0,129.4,-161.51,-0.048,30.7366,-0.4631,-0.2275,-0.1576,LOW LIQUIDITY
Swaraj Engines,500407,SWARAJENG,Industrial Products,0.0857,0.0938,0.135,0.063,0.0716,0.1333,0.671,0.7947,0,25.72,3.59,14.1,16.99,-0.206,0.4908,0.4194,0.0336,0.3478,94
Swaraj Suiting,,SWARAJ,Textiles & Apparels,0.2641,0.8091,0.256,0.1024,0.2379,0.1844,0.1334,0.6427,1.94,13.55,0.57,7.2,8.79,-0.1145,0.8379,0.2565,0.0434,0.0186,
Swelect Energy,532051,SWELECTES,Electrical Equipment,-0.2974,0.8433,0.2935,0.0074,5.854,0.2008,0.0313,1.7563,0.75,29.85,0.05,1.7,8.51,-0.4189,0.456,0.0058,-0.0303,-5.8482,LOW LIQUIDITY
Swiggy,544285,SWIGGY,Retailing,0.5443,-0.7528,-0.1437,0.2429,0.3428,-0.2127,-0.3792,0.7215,0.25,,0,2550.8,-32.85,-0.3495,0.352,-2.5495,-2.5495,-2.8923,2270
Swiss Military,523558,,Consumer Durables,0.2098,0.1667,0.0493,0.0952,-0.0235,0.0577,0.1041,-0.2549,0.13,52.24,-22.25,85.8,34.09,-0.4649,0.031,0.0945,-0.0253,0.118,
Symphony,517385,SYMPHONY,Consumer Durables,-0.436,-0.6429,0.1472,-0.3419,-0.2994,0.2093,0.4491,0.7724,0.01,34.59,-1.16,51.9,25.67,-0.4079,0.0165,0.3236,0.1432,0.623,LOW LIQUIDITY
Syncom Formul.,524470,SYNCOMF,Pharmaceuticals & Biotechnology,0.1966,0.5379,0.1542,0.115,0.2939,0.1621,0.2192,0.3571,0,22.91,0.78,359.8,16.25,-0.3608,0.0858,0.155,0.0699,-0.1389,LOW LIQUIDITY
Synergy Green,541929,SGIL,Industrial Products,-0.1902,-0.4327,0.1294,-0.0335,-0.0805,0.1172,0.1014,-0.4029,1.79,55.5,-6.89,12,18.38,-0.1272,0.6161,0.2188,-0.0624,0.2993,LOW LIQUIDITY
Syngene Intl.,539268,SYNGENE,Healthcare Services,0.022,-0.3676,0.2191,0.0287,-0.0106,0.1764,0.1226,1.7073,0.12,55.32,-52.35,220.4,23.47,-0.3126,0.0732,0.1053,-0.027,0.1159,1457
Syrma SGS Tech.,543573,SYRMA,Industrial Manufacturing,0.376,0.7677,0.1006,0.0257,0.4456,0.0964,0.1039,0.6306,0.12,66.01,1.48,103.9,32.42,-0.1359,1.2145,0.0945,0.0264,-0.3511,1460
Systango Tech,,SYSTANGO,IT - Software,0.5806,0.8866,0.4221,0.2489,0.5308,0.4686,0.3854,0.4765,0,16.59,0.31,6.5,12.49,-0.1101,0.9025,0.2338,0.0052,-0.297,
Systematic Inds.,544541,,Industrial Products,0.5404,0.3647,0.0707,0.1993,0.1127,0.0677,0.1218,0.2303,0.53,20.89,1.85,,9.66,-0.2244,0.0331,0.2578,0.0362,0.1451,
Systematix Corp.,526506,SYSTMTXC,Capital Markets,0.5195,-0.3451,0.3701,-0.0089,0.0143,0.3908,0.236,-0.3255,0.06,45.59,31.9,90.1,27.48,-0.3933,0.6703,0.2043,-0.2201,0.19,LOW LIQUIDITY
T B Z,534369,TBZ,Consumer Durables,0.213,1.6341,0.0933,0.0567,0.3641,0.069,0.1649,-0.1678,1.18,12.25,0.34,11,8.55,-0.4133,0.1029,0.1088,0.0155,-0.2553,1432
T N Merc. Bank,543596,TMB,Banks,0.0568,0.0473,0.7363,0.0342,0.0273,0.8744,0.5392,0.416,6,6.97,2.55,14.2,13.04,-0.0408,0.3323,0.1397,-0.0047,0.1124,LOW LIQUIDITY
T N Newsprint,531426,TNPL,"Paper, Forest & Jute Products",0.215,2.1274,0.1109,0.0494,6.021,0.0365,-0.0098,2.7136,0.9,,0,3.3,5.87,-0.3525,0.2209,-0.0014,-0.1057,-6.0224,LOW LIQUIDITY
T N Petro Prod.,500777,TNPETRO,Chemicals & Petrochemicals,0.017,4.7659,0.0903,0.0047,1.2146,0.0771,0.1109,3.079,0.33,9.5,0.08,8.8,5.92,-0.1878,0.6575,0.051,-0.0169,-1.1636,2088
T R I L,532928,TARIL,Electrical Equipment,-0.0033,-0.2506,0.112,0.1033,0.1692,0.1696,0.2781,0.4716,0.27,29.6,1.75,163.5,18.42,-0.6241,0.0099,0.2345,0.1411,0.0653,220
T.V. Today Netw.,532515,TVTODAY,Entertainment,-0.093,-0.7715,0.0186,-0.127,-0.6479,0.0463,0.0484,1.0774,0.02,31.11,-0.48,5.5,10.32,-0.4002,0.0058,0.0844,0.0179,0.7323,LOW LIQUIDITY
TAAL Enterprises,539956,,Transport Services,-0.0059,-0.0179,0.3103,-0.0134,0.1548,0.3845,0.3119,0.6648,0.01,17.81,1.15,1.3,11.69,-0.3225,0.4014,0.2434,0.0094,0.0886,
TAC Infosec,,TAC,IT - Software,1.3782,0.7887,0.6226,0.5603,0.3669,0.5739,0.3109,1.2066,0.01,79.37,2.16,48.2,52,-0.1767,0.911,0.4127,0.4127,0.0458,154
TajGVK Hotels,532390,TAJGVK,Leisure Services,0.0191,0.1964,0.3139,0.0347,0.2883,0.3588,0.2496,0.845,0.12,19.76,0.69,22.5,13.44,-0.286,0.1676,0.1622,0.0143,-0.1261,980
Take Solutions,532890,TAKE,Healthcare Services,0,0.5333,,,-0.8937,,0.3268,-5.9745,0,123.61,-1.38,285.1,89.81,-0.0299,4.1413,6.4412,8.0469,7.3349,2
Talbros Auto.,505160,TALBROAUTO,Auto Components,-0.0104,-0.0132,0.1492,0.0002,0.027,0.1612,0.258,0.6083,0.13,18.17,6.72,15.8,10.71,-0.2012,0.4084,0.1593,-0.0125,0.1323,LOW LIQUIDITY
Talbros Engg.,538987,,Auto Components,0.2736,0.3653,0.111,0.1044,0.1367,0.0887,0.135,0.8876,0.78,13.63,1,1,7.93,-0.1339,0.2601,0.1382,-0.001,0.0015,
Taneja Aerospace,522229,,Aerospace & Defense,-0.0425,-0.0562,0.5965,-0.0261,-0.0088,0.6089,0.1816,1.0587,0,44.68,-50.49,13.6,28.27,-0.377,0.4367,0.1326,0.0399,0.1414,
Tanfac Inds.,506854,,Chemicals & Petrochemicals,0.5128,-0.1103,0.1593,0.2475,0.0821,0.1862,0.3579,0.2694,0.09,42.16,5.13,11.6,27.54,-0.2149,0.8824,0.3205,0.0786,0.2384,
Tankup Engi.,,TANKUP,Industrial Products,2.2089,2.9231,0.1205,0.7345,1,0.1318,0.1396,-2.3293,0.69,136.89,1.37,8.2,85.52,0,4.1518,0.2966,-0.7587,-0.7034,
Tanla Platforms,532790,TANLA,IT - Software,0.0777,-0.0396,0.1646,0.0289,-0.0552,0.1451,0.2801,1.0114,0.03,15.44,-2.8,43.4,9.36,-0.2978,0.3626,0.241,-0.0761,0.2962,712
Tara Chand Infra,,TARACHAND,Commercial Services & Supplies,0.1693,0.036,0.3789,0.1005,0.2768,0.1619,0.0906,1.5727,0.96,21.14,0.76,33.2,7.02,-0.3009,0.5587,0.1958,0.0144,-0.081,LOW LIQUIDITY
TARC Ltd,543249,TARC,Realty,0.594,0.766,-5.1878,2.0849,-0.5903,-0.0933,-0.0268,-0.3141,1.81,,0,123.2,-48814.3,-0.3388,0.4819,-0.1995,-0.145,0.3908,1933
Tarsons Products,543399,TARSONS,Healthcare Equipment & Supplies,0.031,-0.6774,0.2682,0.0246,-0.3038,0.1311,0.0392,1.7858,0.63,59.08,-1.94,10.3,11.91,-0.5099,0.151,0.0475,0.0475,0.3513,520
Tasty Bite Eat.,519091,TASTYBITE,Food Products,-0.1521,-0.6409,0.0658,0.0216,0.2093,0.0842,0.1137,0.9646,0.21,67.82,3.24,1.7,27.21,-0.3145,0.1213,0.0858,-0.0758,-0.1235,LOW LIQUIDITY
Tata Capital,544574,TATACAP,Finance,0.0769,0.0201,0.724,0,0,0.704,1.0833,-1.4981,5.88,37.15,,,17.03,-0.0434,0.0224,0.1292,-0.0248,0.1292,1227
Tata Chemicals,500770,TATACHEM,Chemicals & Petrochemicals,-0.0305,-0.4938,0.1385,-0.0129,0.2378,0.0862,0.0182,1.526,0.34,61.14,2.57,22.7,11.21,-0.3154,0.0345,0.012,-0.011,-0.2258,2040
Tata Comm,500483,TATACOMM,Telecom - Services,0.0649,-0.1824,0.1924,0.032,-0.2475,0.0862,0.2044,1.3847,4.68,52.79,-2.13,527.3,13.94,-0.0784,0.4305,0.5518,-0.1003,0.7993,353
Tata Consumer,500800,TATACONSUM,Agricultural Food & other Products,0.1783,0.0448,0.1353,0.0669,0.0547,0.1089,0.0706,1.0047,0.13,85.39,15.61,554.2,43.22,-0.0452,0.3007,0.0701,-0.0131,0.0154,1717
Tata Elxsi,500408,TATAELXSI,IT - Software,-0.0387,-0.3252,0.2106,-0.0191,-0.1461,0.2478,0.4069,0.7739,0.06,48.43,-3.31,74.9,31.24,-0.302,0.1338,0.2927,-0.052,0.4388,436
Tata Inv.Corpn.,501301,TATAINVEST,Finance,0.0807,0.1978,0.9327,0.0496,0.1272,1.2267,1.5701,0.5594,0,102.98,8.1,57.7,91.61,-0.396,0.3906,0.0102,-0.0053,-0.117,1956
Tata Motors,544569,TMCV,"Agricultural, Commercial & Construction Vehicles",0.0865,0.4083,0.1232,,0,,0,0,0.57,485.41,,,-1707474,-0.0314,0.1649,0,0,0,
Tata Motors PVeh,500570,TMPV,Automobiles,-0.1352,-2.1483,-0.0194,-0.1082,-0.5215,0.0555,0.1079,1.601,0.61,9.73,-0.19,436.8,4.06,-0.2822,0.1013,0.2808,-0.2131,0.8023,563
Tata Power Co.,500400,TATAPOWER,Power,-0.0097,-0.0803,0.2124,0.009,0.0807,0.1713,0.0569,1.1877,1.86,30.38,3.77,1040.8,11.61,-0.1413,0.1784,0.1097,-0.0032,0.029,1357
Tata Steel,500470,TATASTEEL,Ferrous Metals,0.0888,3.1038,0.1516,0.0146,1.0618,0.0877,0.064,1.4568,1.01,28.32,0.27,2737.5,9.75,-0.1082,0.3603,0.0389,-0.0266,-1.0229,2118
Tata Technolog.,544028,TATATECH,IT - Services,0.0207,0.0514,0.157,0.0004,0.0241,0.1861,0.3293,0.7431,0.07,39.47,16.35,311.3,24.99,-0.2996,0.1334,0.1991,-0.0197,0.175,667
Tata Tele. Mah.,532371,TTML,Telecom - Services,-0.167,0.029,0.4886,-0.0739,-0.014,0.3607,0.1235,1.2245,,,0,-97.3,50.83,-0.434,0.0062,0,0,0.014,1765
Tatva Chintan,543321,TATVA,Chemicals & Petrochemicals,0.4795,16.0303,0.1799,0.1344,2.0906,0.0606,0.0309,2.7021,0.11,187.43,0.9,10.3,57.96,-0.1171,1.3303,0.0078,-0.0408,-2.0828,2177
TBO Tek,544174,TBOTEK,Leisure Services,0.2592,0.1241,0.1552,0.1207,0.0382,0.1469,0.1282,1.0003,0.52,81.67,21.36,142.3,49.4,-0.0944,0.6955,0.2462,-0.2179,0.208,1044
TCC Concept,512038,,Commercial Services & Supplies,0.6001,0.1273,0.7857,0.2453,0.1228,0.6481,0.0889,0.4083,0.05,35.12,2.86,8,19.29,-0.3235,0.3851,0.0928,-0.1195,-0.03,
TCI Express,540212,TCIEXP,Transport Services,-0.0095,-0.0445,0.1147,-0.0076,-0.0068,0.0976,0.1448,0.9967,0.01,25.58,-37.58,10.6,15.95,-0.3653,0.0293,0.1196,-0.082,0.1264,LOW LIQUIDITY
TCPL Packaging,523301,TCPLPACK,Industrial Products,-0.0018,-0.2089,0.1531,0.0106,-0.1135,0.1337,0.1781,0.6144,0.97,22.47,-1.98,3.8,11.27,-0.3732,0.0327,0.2384,0.0323,0.3519,LOW LIQUIDITY
TCS,532540,TCS,IT - Software,0.024,0.0854,0.2732,0.0093,0.0365,0.2644,0.6342,0.7401,0.1,23.23,6.37,3972.4,15.81,-0.2816,0.1265,0.5238,0.0087,0.4873,103
TD Power Systems,533553,TDPOWERSYS,Electrical Equipment,0.4765,0.4584,0.1826,0.1909,0.1923,0.1846,0.2987,0.1651,0.04,54.45,2.83,184.2,37.07,-0.1467,1.4769,0.2231,0.0423,0.0308,340
Team Lease Serv.,539658,TEAMLEASE,Commercial Services & Supplies,0.0841,0.1196,0.0126,0.049,0.1315,0.0119,0.2136,0.8422,0.13,23.03,1.75,4.7,13.06,-0.4806,0.0125,0.1218,-0.0086,-0.0097,1459
Tech Mahindra,532755,TECHM,IT - Software,0.0512,-0.0445,0.1547,0.0194,0.1353,0.1177,0.2522,1.0479,0.07,34.12,2.52,545.1,18.37,-0.1358,0.2918,0.1462,0.0599,0.0109,590
TechD Cybersec.,,TECHD,IT - Services,0.4115,0.4883,0.4895,0.1779,0.1238,0.3692,0.2044,-0.201,0,56.57,4.57,6.2,35.49,-0.1536,0.9471,0.6236,-0.3953,0.4998,
Techera Enginee.,,TECHERA,Aerospace & Defense,0.383,2.1301,0.1959,0.136,0.7987,0.188,0.1279,0.6851,0.48,64.81,0.81,12,30,-0.311,0.9412,0.0968,-0.276,-0.7019,
Techno Elec.Engg,542141,TECHNOE,Construction,0.9107,0.1037,0.1319,0.2436,0.1784,0.2108,0.1325,0.9219,0.02,28.91,1.62,38.5,21.22,-0.356,0.4108,0.1281,-0.0031,-0.0503,1391
Technocraf.Inds.,532804,TIIL,Industrial Products,0.1964,0.1082,0.1647,0.0524,0.054,0.1524,0.2108,0.6941,0.44,19.76,3.66,6.2,10.93,-0.3257,0.1159,0.1446,-0.0298,0.0906,LOW LIQUIDITY
Technvision Ven.,501421,,IT - Software,0.293,1.2752,0.0323,0.0893,10.5455,0.0188,0.1273,5.4352,0.87,3463.49,3.28,247.4,584.58,-0.1245,1.4211,0.015,0.015,-10.5305,
Tega Inds.,543413,TEGA,Industrial Manufacturing,0.1473,5.2244,0.1707,0.0416,0.1811,0.1893,0.2137,0.6791,0.21,60.38,3.33,64.4,34.35,-0.1084,0.5825,0.1547,-0.0181,-0.0264,1383
Tejas Cargo,,TEJASCARGO,Transport Services,0.1937,0.4359,0.1437,0.0977,0.1998,0.0852,0.1258,1.4834,0.97,26.35,1.32,7.8,7.32,-0.3042,0.7937,0.1672,-0.2164,-0.0326,
Tejas Networks,540595,TEJASNET,Telecom - Equipment & Accessories,-0.9069,-2.1161,-1.1218,-0.4382,-1.9113,-0.062,-0.1013,-0.5171,1.29,,0,47.5,130.22,-0.6419,0.059,0.1277,0.1071,2.039,135
Tembo Global,,TEMBO,Industrial Products,0.4978,0.3772,0.1352,0.254,0.3747,0.1368,0.3643,-2.188,1.06,16.03,0.43,6.9,10.64,-0.1977,0.8811,0.3674,0.0993,-0.0073,232
Tenneco Clean,544612,TENNIND,Auto Components,0,0,,0,0,0.154,0.9369,0.7467,0.01,35.83,,,22.79,-0.0518,0.0565,0.4263,0.0451,0.4263,71
Tera Software,533982,TERASOFT,IT - Services,1.8189,3.2597,0.1352,0.5015,0.7291,0.1693,0.1673,0.4188,0.22,36.99,0.51,5.7,22.63,-0.1845,2.0595,0.0804,0.0374,-0.6487,LOW LIQUIDITY
Texmaco Infrast.,505400,TEXINFRA,Commercial Services & Supplies,0.0921,1.2624,-0.0517,0.0447,-0.8779,1.0133,0.0017,24.2592,0.02,,0,11.9,71.64,-0.3367,0.2396,-0.0051,-0.0101,0.8728,LOW LIQUIDITY
Texmaco Rail,533326,TEXRAIL,Industrial Manufacturing,-0.0652,-0.113,0.0989,-0.052,-0.1288,0.0904,0.0828,-0.0985,0.32,23.91,-1.86,70.4,11.99,-0.4812,0.0805,0.0909,0.0337,0.2197,544
TGV Sraac,507753,,Chemicals & Petrochemicals,0.1679,0.1246,0.1859,0.1051,0.3342,0.0996,0.1144,1.2663,0.24,10.08,0.3,10.4,4.45,-0.1965,0.3033,0.0801,0.0524,-0.2541,
Thangamayil Jew.,533158,THANGAMAYL,Consumer Durables,0.4486,4.353,0.0618,0.1774,0.5484,0.0523,0.2016,-2.1095,0.96,54.8,1,26.8,32.94,-0.0659,1.128,0.1488,-0.1307,-0.3996,2011
The Anup Enginee,542460,ANUP,Industrial Manufacturing,0.2027,-0.0148,0.2216,0.093,0.0384,0.1983,0.2344,-0.0492,0.25,36.92,9.61,14,24.8,-0.4269,0.0237,0,0,-0.0384,LOW LIQUIDITY
The Hi-Tech Gear,522073,HITECHGEAR,Auto Components,-0.0229,-0.37,0.1155,-0.0547,-0.2832,0.0716,0.0747,1.7862,0.36,44.54,-1.57,4.8,11.12,-0.2513,0.3157,0.084,-0.0384,0.3672,LOW LIQUIDITY
The Invest.Trust,530023,THEINVEST,Finance,-0.289,-0.8572,0.2093,-0.1145,-0.487,0.2672,0.0741,1.2096,0.73,28.84,-0.59,4.5,9.25,-0.4455,0.0826,0.0622,0.0336,0.5492,LOW LIQUIDITY
The Ramco Cement,500260,RAMCOCEM,Cement & Cement Products,0.0952,2.0093,0.1733,0.0206,0.8157,0.0799,0.0154,2.4134,0.62,126.52,1.55,75,20.12,-0.1601,0.2883,0.0142,-0.0365,-0.8015,2153
Thejo Engg.,,THEJO,Industrial Manufacturing,0.1474,0.2678,0.1376,0.0464,0.0582,0.1361,0.2017,0.9886,0.12,34.04,5.85,6.1,18.62,-0.3322,0.1481,0.1824,-0.0637,0.1242,LOW LIQUIDITY
Themis Medicare,530199,THEMISMED,Pharmaceuticals & Biotechnology,-0.3335,-1.2533,-0.0397,-0.1589,-1.9045,-0.0484,-0.0953,0.6982,0.25,,0,23.6,-167.47,-0.6416,0.0862,0.0765,-0.0449,1.981,LOW LIQUIDITY
Thermax,500411,THERMAX,Electrical Equipment,-0.0542,-0.3927,0.0695,-0.0158,-0.0669,0.0943,0.157,1.0388,0.36,57.87,-8.65,81,30.45,-0.4265,0.0102,0.1357,-0.0063,0.2026,795
Thirumalai Chem.,500412,TIRUMALCHM,Chemicals & Petrochemicals,-0.1519,-7.8262,-0.0082,-0.09,2.1397,-0.0512,-0.0457,-9.674,1.36,,0,21.3,-260.21,-0.4135,0.1511,-0.0413,-0.0081,-2.181,2138
Thomas Cook (I),500413,THOMASCOOK,Leisure Services,0.035,-0.2145,0.0522,0.0457,-0.0609,0.0539,0.1243,1.4898,0.22,27.45,-4.51,132.1,10.12,-0.3759,0.1914,0.1193,-0.0183,0.1802,1100
Thomas Scott,533941,THOMASCOTT,Textiles & Apparels,0.3998,0.6678,0.1488,0.4138,0.1964,0.122,0.1797,-2.1919,0.21,32.7,1.66,5.8,19.6,-0.3274,0.3478,0.1638,-0.1443,-0.0326,LOW LIQUIDITY
Thyrocare Tech.,539871,THYROCARE,Healthcare Services,0.2209,0.7994,0.3295,0.1095,0.4734,0.2502,0.3646,1.3526,0.05,53.41,1.13,203,27.7,-0.204,0.9523,0.1615,0.0269,-0.3119,1012
Tierra Agrotech,543531,,Agricultural Food & other Products,0.6821,0.3497,-0.3986,0.0926,-0.1952,-0.1608,-0.1184,1.8823,0.17,,0,21.4,-35.11,-0.2996,0.4778,-0.1345,0.1503,0.0607,
Tiger Logistics,536264,TIGERLOGS,Transport Services,0.0534,0.1432,0.066,0.0185,0.0437,0.0762,0.4542,-0.4782,0.32,14.78,3.38,29,10.76,-0.5109,0.0544,0.2168,0.0925,0.1731,LOW LIQUIDITY
TIL,505196,TIL,"Agricultural, Commercial & Construction Vehicles",0.1572,-2.6121,0.001,0.0208,-16.1731,0.0782,-0.0528,-4.1377,3.79,,0,145.4,66.08,-0.3306,0.6554,0.0091,0.0091,16.1822,LOW LIQUIDITY
Tilaknagar Inds.,507205,TI,Beverages,0.0623,-0.0953,0.1512,0.0833,0.1977,0.1819,0.1402,0.7439,0.02,40.94,2.07,116.6,32.28,-0.1795,1.2618,0.2962,0.0504,0.0985,LOW LIQUIDITY
Time Technoplast,532856,TIMETECHNO,Industrial Products,0.1026,0.1736,0.1474,0.0482,0.0868,0.1154,0.1658,0.6949,0.22,22.12,2.55,138.8,11.7,-0.2658,0.2299,0.1422,0.0168,0.0554,749
Timex Group,500414,,Consumer Durables,0.3998,0.6974,0.1746,0.2413,0.782,0.1217,0.4814,-0.0677,0.11,59.94,0.77,284.4,39.8,-0.209,1.2668,1.9663,1.9663,1.1843,
Timken India,522113,TIMKEN,Industrial Products,0.0267,-0.0053,0.1791,0.0144,0.02,0.1737,0.1939,0.6976,0.01,51.87,25.96,64.1,36.29,-0.1235,0.4246,0.1695,-0.0061,0.1495,686
Tinna Rubber,530475,TINNARUBR,Industrial Products,0.0161,-0.0297,0.1794,-0.0076,-0.0723,0.1402,0.2183,0.4856,0.38,33.06,-4.57,9.7,19.16,-0.4579,0.0293,0.312,-0.0485,0.3843,LOW LIQUIDITY
Tips Music,532375,TIPSMUSIC,Entertainment,0.1068,0.1044,0.7603,0.0733,0.0785,0.7014,0.9333,0.5558,0.01,40.07,5.1,346.1,29.46,-0.4026,0.1268,0.8288,0.0347,0.7503,53
Tirupati Forge,,TIRUPATIFL,Industrial Products,0.2289,-0.4924,0.0814,0.0925,-0.3163,0.0741,0.0496,0.4819,0.21,75.49,-2.39,41.4,27.14,-0.546,0.173,0.0999,-0.0503,0.4162,LOW LIQUIDITY
Titagarh Rail,532966,TITAGARH,Industrial Manufacturing,-0.244,-0.5439,0.092,-0.1245,-0.287,0.1073,0.1201,-0.2142,0.25,53.93,-1.88,56.4,27.33,-0.4243,0.2049,0.1175,-0.0638,0.4045,1134
Titan Biotech,524717,,Chemicals & Petrochemicals,0.3625,0.1582,0.1717,0.1141,0.0711,0.1613,0.2581,0.7994,0.05,34.82,4.9,4,24.87,-0.3153,1.6003,0.1501,-0.0541,0.079,
Titan Company,500114,TITAN,Consumer Durables,0.2884,0.5909,0.1001,0.1232,0.2376,0.0979,0.4129,-0.0986,0.97,81.78,3.44,2341.6,47.34,-0.0393,0.2993,0.3175,-0.0116,0.0799,LOW LIQUIDITY
Tolins Tyres,544254,TOLINS,Auto Components,-0.1402,-0.276,0.1352,0.0091,-0.0584,0.1637,0.1349,-1.1088,0.05,15.44,-2.64,6.5,10.36,-0.451,0.3211,0.182,0.182,0.2404,148
Torrent Pharma.,500420,TORNTPHARM,Pharmaceuticals & Biotechnology,0.143,0.3249,0.328,0.0636,0.131,0.2563,0.2912,0.8819,0.33,59.34,4.53,515,33.13,-0.0223,0.315,0.2652,0.0229,0.1342,235
Torrent Power,532779,TORNTPOWER,Power,0.0976,0.5045,0.1912,-0.0146,0.0588,0.1445,0.1243,1.1744,0.55,21.94,3.73,175.7,13.29,-0.2416,0.094,0.1903,0.0382,0.1315,284
Tour. Fin. Corp.,526650,TFCILTD,Finance,0.029,0.1364,0.9044,0.0116,0.1456,0.9166,1.9518,0.318,0.82,26.4,1.81,109.8,16.78,-0.1553,1.6259,0.0851,-0.0014,-0.0605,1640
TPL Plastech,526582,TPLPLASTEH,Industrial Products,0.2015,0.278,0.1111,0.0892,0.1051,0.1018,0.2056,0.4642,0.14,20.03,1.91,26.8,12.17,-0.4182,0.1198,0.1698,0.0113,0.0647,LOW LIQUIDITY
Tracxn Technolo.,543638,TRACXN,Commercial Services & Supplies,-0.0065,-0.1931,-0.0268,0.006,0.4601,0.0554,-0.177,2.6426,0,,0,86.6,90.66,-0.5111,0.0117,-0.1062,-0.201,-0.5663,LOW LIQUIDITY
TransIndia Real,543955,TREL,Transport Services,0.006,0.2985,0.4364,0.0229,0.7471,0.5474,0.046,2.7501,0,18.69,0.25,12.2,9.77,-0.4438,0.0404,0.0156,-0.0236,-0.7315,LOW LIQUIDITY
Transpek Inds.,506687,,Chemicals & Petrochemicals,-0.0149,0.3236,0.1665,-0.0001,0.0565,0.1335,0.1426,1.6474,0.05,12.42,2.2,0.5,4.87,-0.3163,0.1746,0.0775,0.0167,0.021,
Transport Corp.,532349,TCI,Transport Services,0.075,0.0583,0.1052,0.0397,0.0551,0.1082,0.204,0.7505,0.11,18.81,3.41,26.2,13.36,-0.1822,0.2231,0.1979,0.0074,0.1428,LOW LIQUIDITY
Transrail Light,544317,TRANSRAILL,Electrical Equipment,0.4342,0.6509,0.1178,0.2292,0.2799,0.1215,0.2842,0.3752,0.39,19.41,0.69,52.4,9.87,-0.2967,0.6047,0.2155,-0.0254,-0.0644,1245
Transteel Seatin,,TRANSTEEL,Consumer Durables,1.2739,1.1681,0.1937,0.5026,0.4278,0.2086,0.2476,0.399,0.29,17.67,0.41,5.8,12.25,-0.1233,1.2481,0.1423,-0.0749,-0.2855,
Transworld Shipp,520151,TRANSWORLD,Transport Services,-0.2135,-1.6034,0.1596,-0.0575,-0.9258,0.0752,0.0049,2.144,0.38,115.29,-1.25,1.1,5.11,-0.6471,0.0174,0.0571,0.1699,0.9829,LOW LIQUIDITY
Travel Food,544443,TRAVELFOOD,Leisure Services,-0.2888,-0.1062,0.3799,0,0,0.3253,0.4357,0.9375,0.24,49.97,,195,26.32,-0.0802,0.3179,0.391,0.0174,0.391,107
Trejhara Solutio,542233,TREJHARA,IT - Software,0.3161,1.7674,0.0645,-0.2868,0.2995,0.1082,0.0547,0.8785,0.04,71.04,2.37,2.4,30.5,-0.0997,0.7409,0.0185,-0.0194,-0.281,LOW LIQUIDITY
Trent,500251,TRENT,Retailing,0.159,0.1125,0.1694,0.084,0.1198,0.1216,0.3878,0.791,0.38,92.39,7.71,873,44.79,-0.4374,0.0139,0.304,0.0296,0.1842,172
TRF,505854,TRF,Industrial Manufacturing,-0.3168,-0.2608,0.2269,-0.2033,0.1478,0.4345,0.1538,2.4027,1.44,14.54,0.98,4.3,5.78,-0.4054,0.0584,0,0,-0.1478,LOW LIQUIDITY
Trident,521064,TRIDENT,Textiles & Apparels,0.0433,0.093,0.1199,0.0055,0.2064,0.0966,0.1137,1.5692,0.35,32.14,1.56,1574.3,14.76,-0.304,0.2107,0.0823,0.0007,-0.1241,1637
Trident Lifeline,543616,,Pharmaceuticals & Biotechnology,0.8243,0.4861,0.2253,0.1848,0.2996,0.2167,0.2028,-0.5766,0.73,23.25,0.78,5.1,14.61,-0.0614,0.3739,0.2002,0.0717,-0.0994,
Trident Techlabs,,TECHLABS,IT - Software,2.0138,2.289,0.2652,0.5541,0.6902,0.2418,0.3556,0.8644,0.26,28.12,0.41,13.9,18,-0.8108,0.0114,0.2196,-0.0907,-0.4706,
Trident Texofab,540726,,Textiles & Apparels,0.158,0.13,0.081,0.0537,2.5542,0.0594,0.0603,-2.0478,0.56,169.45,0.66,13.2,57.27,-0.1204,1.5573,0.0261,-0.0286,-2.5281,
Triton Valves,505978,,Auto Components,0.1111,-0.0102,0.0676,0.086,-0.0156,0.0414,0.0725,-0.6197,1.09,68.4,-43.78,0.3,13.64,-0.4826,0.1385,0.0483,0.0161,0.0639,
Triven.Engg.Ind.,532356,TRIVENI,Agricultural Food & other Products,0.1443,2.349,0.0387,0.0901,0.0695,0.0717,0.1004,-0.2598,0.25,29.67,4.27,55,14.48,-0.3398,0.1602,0.0813,-0.0608,0.0118,1946
Triveni Turbine,533655,TRITURBINE,Electrical Equipment,0.0102,0.0033,0.2264,-0.0433,0.0276,0.2453,0.3723,0.4062,0.03,50.04,18.12,418.5,33.88,-0.3607,0.1826,0.3059,0.0206,0.2783,142
TruAlt Bioenergy,544545,TRUALT,Agricultural Food & other Products,-0.7041,-1.0332,-0.0396,0,0,0.1589,0.0597,1.0864,1.1,29.01,,,13.38,-0.2169,0.0807,0.2837,0.1577,0.2837,90
True Colors,544531,,Industrial Manufacturing,0.632,4.75,0.1497,0.2494,0.4739,0.1809,0.2022,0.147,0.37,16.79,0.35,7.6,9.88,-0.0888,0.425,0.7047,-0.0818,0.2308,
Tsf Investments,,TSFINV,Finance,7.3744,0.1305,0.2019,2.3032,0.1447,0.3898,0.747,1.5926,0.05,22.7,1.57,40.2,52.47,-0.3128,1.0085,0.0793,-0.0482,-0.0654,1987
TTK Healthcare,507747,TTKHLTCARE,Diversified,0.0256,0.1855,0.0262,0.0295,-0.0081,0.1121,0.084,-0.0407,0.02,21.73,-26.68,2,9.49,-0.319,0.0961,0.0689,0.0046,0.077,LOW LIQUIDITY
TTK Prestige,517506,TTKPRESTIG,Consumer Durables,0.1115,0.2151,0.1157,0.0387,0.0981,0.0922,0.1129,0.6298,0.1,54.22,5.53,63,25.18,-0.3048,0.0992,0.0742,-0.0349,-0.0239,1922
Tube Investments,540762,TIINDIA,Auto Components,0.1215,-0.0973,0.0985,0.0683,-0.0769,0.0836,0.1053,0.694,0.09,83.44,-10.86,134.6,22.42,-0.2936,0.1265,0.1277,-0.1371,0.2046,1499
Tuticorin Alkali,506808,,Chemicals & Petrochemicals,0.0748,-0.3107,0.2025,0.0304,-0.2875,0.2059,0.1089,-0.1231,0.59,20.41,-0.71,48.9,9.99,-0.5089,0.034,0.4021,-1.2546,0.6896,
TVS Elec.,532513,TVSELECT,IT - Hardware,0.2188,2.1742,0.0374,0.0193,-0.4015,-0.0014,-0.0368,-2.1822,0.69,,0,19.1,62.29,-0.3252,0.8416,-0.0561,-0.0553,0.3454,1835
TVS Holdings,520056,TVSHLTD,Finance,0.2592,0.5915,0.1554,0.1213,0.2671,0.1343,0.3451,0.6124,6.25,20.55,0.77,10.8,7.34,-0.1041,0.8828,0.302,0.0447,0.0349,258
TVS Infra. Trust,,TVSINVIT,Commercial Services & Supplies,0,0,0.7684,0,0,0.5703,0.0061,0,0.52,133.16,,22.3,20.26,0,0.0978,0,0,0,
TVS Motor Co.,532343,TVSMOTOR,Automobiles,0.2433,0.4193,0.1502,0.1077,0.2007,0.1287,0.3262,0.6377,2.08,66.49,3.31,1014.1,24.81,-0.0198,0.6803,0.2839,0.0184,0.0832,296
TVS Srichakra,509243,TVSSRICHAK,Auto Components,0.1007,0.227,0.0711,0.0348,-0.0977,0.0284,0.0291,1.8315,0.69,148.1,-15.15,2.4,18.76,-0.013,0.9451,0.0235,-0.0832,0.1212,1982
TVS Supply,543965,TVSSCS,Transport Services,0.0596,0.6763,0.0682,0.0203,-10.0873,0.0357,0.0715,3.4908,1.14,39.39,-0.04,105.8,6.75,-0.4615,0.0132,-0.0072,0.0751,10.0801,445
Twamev Constr.,532738,TICL,Construction,0.0024,10.5,0.2813,0.0477,0.0075,1.2176,0.4246,-0.0423,1.14,4.05,5.41,20.6,6.83,-0.5401,0.4078,0.3637,0.4197,0.3562,LOW LIQUIDITY
U P Hotels,509960,,Leisure Services,-0.0697,-2.6864,-0.0781,0.0373,0.0374,0.2575,0.2577,0.9245,0,27.41,7.34,2.5,15.67,-0.2654,0.0473,0.1768,-0.0534,0.1394,
UCO Bank,532505,UCOBANK,Banks,0.0755,0.0282,0.6341,0.0347,0.0302,0.7683,0.1109,0.0992,10.08,14.76,4.89,1436.1,17.79,-0.4294,0.1067,0.0838,0.0216,0.0536,1086
Uday Jewellery,539518,,Consumer Durables,1.1781,1.1822,0.0568,0.5041,0.7663,0.0636,0.1954,-1.0909,0.2,18.01,0.24,6.3,12.53,-0.1981,0.1511,0.1185,-0.0018,-0.6478,
Uflex,500148,UFLEX,Industrial Products,-0.0004,5.8399,0.1008,0.0163,0.3189,0.0741,0.0352,0.979,1.21,10.88,0.34,3.2,6.26,-0.3027,0.0923,0.0329,-0.0157,-0.286,LOW LIQUIDITY
Ugar Sugar Works,530363,UGARSUGAR,Agricultural Food & other Products,0.7364,0.4641,-0.0217,0.1636,-1.5452,0.037,0.0403,0.8603,2.56,47.79,-0.31,30.4,10.41,-0.4762,0.0614,-0.079,-0.1715,1.4662,LOW LIQUIDITY
Ugro Capital,511742,UGROCAP,Finance,0.3793,0.2193,0.6324,0.1775,0.0804,0.6034,0.1065,-2.9776,3.28,16.22,2.02,12,8.63,-0.3187,0.2186,0.0826,-0.0159,0.0022,1709
Ujaas Energy,533644,UEL,Power,0.034,-0.875,0.1091,-0.1295,-0.1929,0.3979,0.0883,0.2565,0.27,681.59,-35.33,1760.8,475.73,-0.0248,0.9788,0.0968,-0.4579,0.2897,LOW LIQUIDITY
Ujjivan Small,542904,UJJIVANSFB,Banks,0.0431,-0.4777,0.395,0.0175,-0.4261,0.5358,0.171,0.5541,6.77,25.1,-0.59,325.4,14.51,-0.0409,0.7504,0.1242,-0.1424,0.5503,1175
Ultramarine Pig.,506685,,Chemicals & Petrochemicals,0.2187,0.0392,0.1614,0.085,0.0609,0.1491,0.1834,0.8434,0.08,15.59,2.56,3.4,9.12,-0.3096,0.0624,0.0799,0.0099,0.019,
UltraTech Cem.,532538,ULTRACEMCO,Cement & Cement Products,0.2033,0.7523,0.1575,0.076,0.2054,0.1386,0.0966,1.1557,0.35,46.61,2.27,139.9,23.3,-0.114,0.1553,0.0929,-0.0292,-0.1125,1913
Uni Abex Alloy,504605,,Industrial Products,0.197,0.3349,0.2639,0.0227,0.0368,0.2404,0.3928,0.7572,0.12,19.74,5.37,0.9,12.95,-0.1322,0.9049,0.2626,-0.1014,0.2258,
Unichem Labs.,506690,UNICHEMLAB,Pharmaceuticals & Biotechnology,0.1411,0.8392,0.1143,0.0544,0.0656,0.0831,0.0706,-0.0402,0.21,21.78,3.32,9.2,11.28,-0.4638,0.0262,0.0559,0.0738,-0.0097,LOW LIQUIDITY
Unicommerce,544227,UNIECOM,IT - Software,0.753,0.2931,0.1779,0.2933,0.1249,0.1545,0.1456,1.1554,0.06,71.11,5.69,86.6,35.99,-0.3758,0.2845,0.2478,0.2478,0.1229,LOW LIQUIDITY
Unified Data,544406,,IT - Services,0.4079,-0.2139,0.1262,0.196,-0.0044,0.149,0.4286,1.2767,0,25.69,-58.3,13.2,18.96,-0.2414,0.378,0.3649,-0.1194,0.3693,
Unifinz Capital,541358,,Finance,4.4368,3.9182,0.3239,1.4157,1.7109,0.3013,-2.4534,-0.9085,1.13,9.44,0.06,3.8,7.09,-0.1404,0.5531,0.4938,0.762,-1.2171,
Unihealth Hosp,,UNIHEALTH,Healthcare Services,0.5408,1.9512,0.4756,1.2031,0.5931,0.4057,0.128,-0.1729,0.14,18.86,0.32,5.6,8.12,-0.2486,1.4458,0.1603,-0.0222,-0.4328,
Unimech Aero.,544322,UNIMECH,Aerospace & Defense,0.0086,-0.1319,0.2991,0.0177,0.0278,0.4114,0.1285,0.8216,0.16,63.52,22.87,36.4,42.19,-0.349,0.1669,0.1991,-0.5384,0.1713,
Union Bank (I),532477,UNIONBANK,Banks,-0.0082,-0.0684,0.6604,0.0067,0.0257,0.868,0.1897,0.1856,10.38,6.29,2.45,705.5,14.38,-0.0482,0.513,0.1705,0.0141,0.1448,413
Uniparts India,543689,UNIPARTS,Auto Components,0.1467,0.8624,0.2097,0.0497,0.3212,0.1552,0.1529,1.4904,0.13,19.03,0.59,10.8,11.44,-0.1014,0.88,0.0999,-0.0468,-0.2213,2002
Uniphos Enter.,500429,UNIENTER,Chemicals & Petrochemicals,-1,5,,-0.248,66.7857,0.2397,0.0937,-1.7548,0,52.1,0.01,2.4,46.86,-0.2621,0.155,0.0001,-0.0147,-66.7856,LOW LIQUIDITY
Unitech,507878,UNITECH,Realty,0.8678,0.093,0.0226,0.2919,-0.2092,1.3735,0.1808,0.2154,,,0,-50.8,14.92,-0.5013,0.0932,0,0,0.2092,LOW LIQUIDITY
United Breweries,532478,UBL,Beverages,-0.0302,-0.648,0.0632,0.0365,-0.1734,0.0614,0.1538,0.3652,0.18,117.62,-6.78,272.2,55.59,-0.2637,0.0169,0.1077,0.0071,0.2811,600
United Drilling,522014,UNIDT,Industrial Manufacturing,0.0717,0.3951,0.1541,-0.1104,0.0168,0.1541,0.0847,0.3749,0.11,25.79,15.37,2.9,15.3,-0.3464,0.0449,0.0579,0.0211,0.0411,LOW LIQUIDITY
United Foodbrands,543283,UFBL,Leisure Services,-0.0031,-2.0776,0.1238,-0.0078,0.955,0.0239,-0.0557,3.8136,2.52,,0,8.4,6.93,-0.6608,0.0372,-0.0736,-0.0398,-1.0286,LOW LIQUIDITY
United Polyfab,,UNITEDPOLY,Textiles & Apparels,0.1672,0.5292,0.0684,0.0581,0.2708,0.0635,0.1818,0.6121,0.9,37.78,1.4,160.2,17.71,-0.2768,2.1092,0.1999,0.1169,-0.0709,LOW LIQUIDITY
United Spirits,532432,UNITDSPR,Beverages,0.1157,0.4256,0.2077,0.0488,0.141,0.1926,0.3603,0.9201,0.05,60.76,4.31,901.1,37.93,-0.1577,0.127,0.1974,-0.0124,0.0564,914
Universal Cables,504212,UNIVCABLES,Industrial Products,0.2761,1.6083,0.0905,0.12,0.6292,0.11,0.1939,0.7922,0.54,21.85,0.35,5.9,12.8,-0.0827,1.2703,0.0506,-0.0153,-0.5786,2055
Uno Minda,532539,UNOMINDA,Auto Components,0.1341,0.2714,0.1146,0.074,0.1702,0.0927,0.1949,0.7315,0.46,67.18,3.95,680.2,32.69,-0.0797,0.657,0.175,-0.0127,0.0048,1127
Updater Services,543996,UDS,Commercial Services & Supplies,0.0726,-0.2927,0.0433,0.0356,-0.0391,0.0491,0.1562,0.3289,0.05,10.24,-2.62,7.7,5.67,-0.5838,0.0055,0.1317,0.021,0.1708,LOW LIQUIDITY
UPL,512070,UPL,Fertilizers & Agrochemicals,0.0838,2.0991,0.162,0.0231,1.6685,0.1253,0.0545,2.1135,0.94,27.03,0.16,169.6,10.14,-0.0252,0.5344,0.0329,0.0757,-1.6356,1713
Urban Company,544515,URBANCO,Retailing,0.339,-5.869,-0.1231,-0.0261,-1.1897,-0.0357,-0.0272,1.389,0.06,,0,1191.2,-1745.92,-0.3538,0.0039,0.1552,0.2257,1.3449,97
Urja Global,526987,URJA,Electrical Equipment,-0.2047,0.3125,0.0432,0.069,0.2047,0.0459,0.0094,-2.4474,0.05,405.62,19.81,185.3,167.47,-0.3865,0.1055,0.0073,-0.0045,-0.1974,LOW LIQUIDITY
Usha Martin,517146,USHAMART,Industrial Products,0.0184,0.162,0.1906,0.0222,0.0392,0.1618,0.1773,0.7603,0.09,31.49,8.04,136.6,19.37,-0.1233,0.5658,0.1583,-0.0338,0.1191,1171
UTI AMC,543238,UTIAMC,Capital Markets,-0.2226,-0.5275,0.4235,-0.0498,-0.1964,0.4995,1.4274,0.5035,0,24.97,-1.27,42.9,15.4,-0.2346,0.2643,0.1628,-0.0229,0.3592,595
Utkarsh Small F.,543942,UTKARSHBNK,Banks,-0.1489,-7.7807,-0.0867,-0.0616,-32.9076,0.2487,-0.2846,0.4948,9.98,,0,217.1,28.45,-0.5205,0.0491,0.0079,-0.1922,32.9155,1622
Utssav CZ Gold,,UTSSAV,Consumer Durables,0.6709,1.9807,0.0925,0.2953,0.748,0.0813,0.3413,-2.2393,0.88,12.42,0.17,7.8,9.62,-0.2619,0.6043,0.315,-0.1104,-0.433,
Uttam Sug.Mills,532729,UTTAMSUGAR,Agricultural Food & other Products,0.4511,1.0681,0.0394,0.1927,0.2755,0.0946,0.1468,0.5837,0.35,7.91,0.29,4.3,4.48,-0.3018,0.3578,0.119,0.119,-0.1565,LOW LIQUIDITY
UVS Hospitality,531652,,Finance,0.1722,-0.0031,0.2369,0.1605,-0.0196,0.1538,0.0985,1.4784,0.02,27.41,-13.98,9.3,17.73,-0.4893,0.3239,0.2121,0.2121,0.2317,
V I P Inds.,507880,VIPIND,Consumer Durables,-0.2534,-3.0246,-0.2618,-0.0989,1.6284,-0.0764,-0.3132,-13.3716,1.68,,0,152.6,-228.53,-0.3191,0.4111,-0.121,-0.1735,-1.7494,2250
V-Guard Industri,532953,VGUARD,Consumer Durables,0.0363,0.03,0.0815,0.0064,-0.0628,0.0704,0.1704,1.1003,0.07,50.8,-8.09,293.8,29.7,-0.2489,0.1267,0.1585,0.0084,0.2213,393
V-Marc India,,VMARCIND,Industrial Products,1.0032,2.2049,0.1132,0.3964,0.6982,0.096,0.2625,0.2789,1.07,26.77,0.38,17.7,13.02,-0.167,2.3477,0.2434,-0.0449,-0.4548,
V-Mart Retail,534976,VMART,Retailing,0.2207,0.843,0.0886,0.0753,3.2014,0.0552,0.0882,2.203,0.95,62.1,0.19,58.7,15.66,-0.2316,0.1684,0.0308,0.1492,-3.1706,1678
V2 Retail,532867,V2RETAIL,Retailing,0.8648,9.9275,0.1206,0.2896,0.3767,0.0918,0.0997,1.3241,3.39,83.39,2.21,74.2,27.65,-0.1212,0.7372,0.2328,0.1269,-0.1439,410
Va Tech Wabag,533269,WABAG,Other Utilities,0.1916,0.2011,0.107,0.0734,0.1083,0.1413,0.2091,0.7807,0.1,26.97,2.49,23.2,15.99,-0.2865,0.2503,0.146,0.0078,0.0377,869
Vadilal Enterp.,519152,,Food Products,0.0748,1.7911,0.0758,0.0197,-0.0993,0.0108,0.0749,2.7601,1.1,232.78,-23.45,1.4,29.69,-0.3113,0.2909,0.2048,-0.2561,0.3041,
Vadilal Inds.,519156,VADILALIND,Food Products,0.155,-0.1426,0.1502,0.0706,-0.0954,0.1443,0.2065,0.6166,0.26,29.82,-3.13,3.7,17.63,-0.2462,0.6349,0.24,-0.0697,0.3354,LOW LIQUIDITY
Vaibhav Global,532156,VAIBHAVGBL,Consumer Durables,0.1016,0.7104,0.0884,0.041,0.1985,0.0694,0.1763,0.7692,0.16,21.36,1.08,45.1,11.59,-0.3062,0.3195,0.1172,0.0086,-0.0813,1294
Vakrangee,511431,VAKRANGEE,IT - Services,0.0587,3.0081,0.1052,0.0548,0.455,0.0574,0.0638,-1.8005,0.02,88.8,1.95,445.6,23.61,-0.7921,0.0115,0.0365,0.0089,-0.4185,LOW LIQUIDITY
Valiant Commun.,526775,,Telecom - Equipment & Accessories,0.5857,0.8821,0.3436,0.2383,0.4951,0.2914,0.2514,0.0637,0.03,56.73,1.15,12.3,35.61,-0.1667,2.1591,0.1614,0.0175,-0.3337,
Valiant Laborato,543998,VALIANTLAB,Pharmaceuticals & Biotechnology,1.1508,1.0422,0.0017,0.3948,-2.5089,0.0302,0.0158,-0.4119,0.17,68.92,-0.27,6,49.78,-0.4673,0.0111,-0.0143,0.0028,2.4946,LOW LIQUIDITY
Valiant Organics,540145,VALIANTORG,Chemicals & Petrochemicals,-0.0185,1.5018,0.1345,0.0466,-8.2876,0.068,0.0313,2.2488,0.29,34.38,-0.04,3.1,10.63,-0.4726,0.1916,-0.0045,0.0069,8.2831,LOW LIQUIDITY
Valor Estate,533160,DBREALTY,Leisure Services,38.3247,1.1002,0.3092,0.6272,-0.9765,0.0422,-0.0038,-5.5216,0.25,,0,87.6,80.77,-0.443,0.2227,-0.0254,-0.3731,0.9511,1865
Vardhman Acrylic,,VARDHACRLC,Textiles & Apparels,0.2659,0.6026,0.0019,0.1105,-0.1299,0.0414,0.0486,1.6202,0,30,-2.31,10.6,17.32,-0.3645,0.0402,0.0486,-0.0237,0.1785,LOW LIQUIDITY
Vardhman Hold.,500439,VHL,Finance,-0.6284,-0.066,0.8691,-0.3446,-0.0535,17.2425,50.3124,-0.0201,0,4.74,-0.89,0.1,4.49,-0.309,0.2729,0.0755,0.0177,0.129,965
Vardhman Polytex,514175,VARDMNPOLY,Textiles & Apparels,-0.0416,9.254,0.1743,-0.0239,451.8571,0.1681,0.6629,-6.9309,,9.49,0,-62.6,6.43,-0.5776,0.0317,0,0,-451.8571,LOW LIQUIDITY
Vardhman Special,534392,VSSL,Industrial Products,-0.1264,0.3385,0.1047,-0.0247,0.039,0.0829,0.1093,0.8919,0.06,28.13,7.21,21.5,14.26,-0.1356,0.5733,0.1214,-0.0108,0.0824,LOW LIQUIDITY
Vardhman Textile,502986,VTL,Textiles & Apparels,-0.0089,-0.0499,0.1348,0.0056,-0.0089,0.1195,0.0992,1.3686,0.15,14.85,-16.69,35.6,8.66,-0.2338,0.1966,0.0895,0.0186,0.0984,947
Varroc Engineer,541578,VARROC,Auto Components,0.0608,0.0946,0.092,0.0313,0.7174,0.0589,0.1065,1.5331,0.54,50.61,0.71,89,12.71,-0.0761,0.7585,0.0737,-0.3454,-0.6437,2180
Varun Beverages,540180,VBL,Beverages,0.0191,0.1962,0.234,0.0581,0.1215,0.1954,0.1909,0.8481,0.12,54.62,4.49,2987.4,30.7,-0.2769,0.1443,0.2249,-0.1271,0.1034,1253
Varvee Global,514274,VGL,Textiles & Apparels,0.7978,0.2346,0.4977,-0.0408,-1.2159,0.1881,0.4476,-0.3466,0.27,19.19,-0.16,9.6,33.1,-0.2401,0.7977,-3.479,-2.3103,-2.2631,LOW LIQUIDITY
Vasa Denticity,,DENTALKART,Healthcare Equipment & Supplies,0.2244,-0.0708,0.0835,0.0771,-0.0538,0.0816,0.1324,-0.1962,0,64.22,-11.93,10.5,43.97,-0.2649,0.1238,0.1701,-0.1822,0.2239,
Vascon Engineers,533156,VASCONEQ,Realty,0.1293,0.4359,0.0694,0.0476,0.2,0.1001,0.1202,0.0503,0.24,13.36,0.67,22,9.68,-0.3513,0.5134,0.0659,-0.0045,-0.1341,1849
Vashu Bhagnani,532011,,Entertainment,0.7184,6.2,0.8475,-0.4484,-0.5634,0.1156,0.0101,-11.0864,0.12,148.62,-2.64,15.4,394.55,-0.5573,0.1213,0.0584,-0.0755,0.6218,
Vedant Fashions,543463,MANYAVAR,Retailing,-0.0179,-0.1617,0.421,0.0264,0.0222,0.4002,0.3113,0.6946,0.27,38.13,17.16,207.5,20.77,-0.5776,0.0099,0.2226,-0.0446,0.2004,772
Vedanta,500295,VEDL,Diversified Metals,0.0594,-0.2244,0.2858,0.0281,-0.0777,0.226,0.153,1.1391,2.12,16.22,-2.09,2017.1,5.99,-0.0246,0.4623,0.3848,0.2799,0.4625,39
Veedol Corporat,590005,VEEDOL,Petroleum Products,0.0693,0.1832,0.1042,0.034,0.1275,0.1149,0.2428,0.142,0.02,14.59,1.14,5,10.39,-0.202,0.2737,0.1975,0.0178,0.07,LOW LIQUIDITY
Veefin Solutions,543931,,IT - Services,4.7643,1.0369,0.183,1.1571,0.2941,0.1824,0.0282,0.0426,0.22,51.06,1.74,4.1,22.14,-0.5247,0.392,0.0458,-0.0421,-0.2483,
Veljan Denison,505232,,Auto Components,0.0518,0.1942,0.2732,0.0468,0.14,0.2397,0.1566,0.5247,0.03,20.71,1.48,1,12.18,-0.3056,0.3058,0.1071,0.0006,-0.0329,
Venky's (India),523261,VENKEYS,Food Products,0.0344,-4.4188,-0.0389,0.0255,-0.8032,0.0163,0.0235,0.37,0.13,82.38,-1.03,1.8,20.23,-0.337,0.0218,0.0821,0.0228,0.8853,346
Ventive Hospital,544321,VENTIVE,Leisure Services,0.8974,1.9344,0.3875,0.3889,0.8971,0.3421,0.0397,1.2216,0.52,72.93,0.81,79.2,17.06,-0.147,0.3787,0.0475,0.0475,-0.8496,LOW LIQUIDITY
Venus Pipes,543528,VENUSPIPES,Industrial Products,0.2734,0.1027,0.163,0.1031,-0.0019,0.1543,0.2175,0.4305,0.36,28,-144.22,10,15.06,-0.2598,0.2904,0.1978,-0.0378,0.1997,LOW LIQUIDITY
Venus Remedies,526953,VENUSREM,Pharmaceuticals & Biotechnology,0.1332,4.735,0.1606,0.0964,0.6869,0.1213,0.1451,1.4323,0.02,16.13,0.23,2.3,9.24,-0.0549,1.8276,0.0716,0.0122,-0.6153,1753
Veranda Learning,543514,VERANDA,Other Consumer Services,0.1972,1.5452,0.3644,-0.0535,-0.2786,-0.1413,-0.1436,-0.2603,0.42,,0,22.4,18.98,-0.2552,0.121,-0.78,-0.5435,-0.5014,2249
Veritas (India),512229,,Commercial Services & Supplies,0.0993,-0.9836,0.0155,-0.019,-0.5282,0.0203,0.0175,0.1872,0.09,10.02,-0.19,0.5,6.25,-0.805,0,0.0439,-0.0337,0.5721,
Vertis Infra.,,VERTIS,Transport Infrastructure,0.9566,0.7733,0.7508,0.4007,0.3719,0.4555,0.0563,1.2897,1.6,27.69,0.74,358.5,11.53,0,0.1212,0.0864,-0.0711,-0.2855,
Vertoz,,VERTOZ,Media,0.1353,0.0335,0.1443,0.0775,0.123,0.1222,0.137,0.2983,0.08,22.14,1.8,22.5,13.07,-0.5873,0.1258,0.1399,0.0189,0.0169,LOW LIQUIDITY
Vesuvius India,520113,VESUVIUS,Industrial Products,0.2316,-0.1011,0.1689,0.1036,-0.0375,0.1574,0.2101,0.7647,0.01,39.73,-10.59,129.1,24.22,-0.2628,0.3402,0.193,-0.0013,0.2305,LOW LIQUIDITY
Viceroy Hotels,523796,VHLTD,Leisure Services,-0.0467,-0.9266,0.2519,-0.0245,-0.7836,0.1788,0.0656,0.5933,0.2,50.87,-0.65,22.9,24.05,-0.092,0.3398,0.4168,0.4168,1.2004,LOW LIQUIDITY
Vidhi Specialty,531717,VIDHIING,Chemicals & Petrochemicals,-0.1786,0.0298,0.2359,-0.0297,0.1051,0.1914,0.2157,-0.0728,0.19,34.91,3.32,27,21.54,-0.4103,0.0757,0.1494,0.0118,0.0443,LOW LIQUIDITY
Vidya Wires,,,,0,0,,0,0,0.045,0.3135,-0.2656,0.85,26.94,,,17.95,0,0,0.2801,0.0494,0.2801,
Vijaya Diagnost.,543350,VIJAYA,Healthcare Services,0.1017,0.0275,0.406,0.074,0.1045,0.3206,0.1643,1.0537,0.42,72.58,6.95,131.4,36.2,-0.1541,0.4595,0.19,0.0117,0.0855,482
Vikas Lifecare,542655,VIKASLIFE,Commercial Services & Supplies,0.0031,-0.4043,-0.0456,0.0006,1.8413,-0.0244,-0.0596,-162.1898,0.14,,0,118.9,-85.43,-0.6139,0.0457,-0.0079,-0.0368,-1.8492,LOW LIQUIDITY
Vikram Solar,544488,VIKRAMSOLR,Electrical Equipment,0.9372,16.4579,0.2117,0,0,0.1087,0.0579,0.8027,0.09,34.86,,111.5,14.36,-0.3841,0.0174,0.1657,-0.0523,0.1657,1115
Vikram Thermo,530477,,Chemicals & Petrochemicals,0.0291,0.0174,0.4472,-0.0124,3.3233,0.3697,0.4385,0.5365,0.02,16.13,0.05,12.2,10.91,-0.2118,0.3449,0.0653,-0.1839,-3.258,
Vikran Engg.,544496,VIKRAN,Construction,0.1071,3.3942,0.1443,0,0,0.1805,0.1052,-0.781,0.27,29.1,,54.9,13.14,-0.1916,0.0438,0.2049,-0.1491,0.2049,1102
Vilas Transcore,,VILAS,Industrial Products,0.4084,0.7439,0.136,0.1879,0.3274,0.1495,0.194,-0.7053,0.03,22.14,0.68,7.8,13.85,-0.3965,0.3973,0.1514,0.0003,-0.176,
Vimta Labs,524394,VIMTALABS,Healthcare Services,0.2019,0.1704,0.336,0.1157,0.1089,0.2663,0.2251,1.0412,0.02,36.32,3.34,29,18.85,-0.3267,0.6318,0.1943,0.0577,0.0854,295
Vinati Organics,524200,VINATIORGA,Chemicals & Petrochemicals,-0.0127,0.2159,0.327,0.0047,0.1197,0.276,0.247,0.8988,0,34.98,2.92,56.8,23,-0.231,0.1107,0.1575,0.0192,0.0378,671
Vindhya Telelink,517015,VINDHYATEL,Telecom - Services,0.0075,1.4269,0.0753,0.02,0.316,0.1171,0.2006,-1.5899,0.33,6.7,0.21,0.5,6.23,-0.3414,0.3035,0.0503,-0.0261,-0.2657,2050
Vinsys IT Serv.,,VINSYS,Other Consumer Services,0.3028,-0.192,0.1064,0.1321,-0.0699,0.1517,0.2153,0.3366,0.32,22.38,-3.2,6.6,15.9,-0.1033,0.4198,0.2588,-0.1063,0.3287,
Vintage Coffee,538920,VINCOFE,Commercial Services & Supplies,0.8951,1.3742,0.1647,0.3954,0.504,0.1685,0.1211,-0.4508,0.17,35.07,0.7,58,25.52,-0.0726,1.1589,0.1705,0.0833,-0.3335,753
Vinyas Innovativ,,VINYAS,Industrial Manufacturing,0.4176,0.3305,0.1011,0.1574,0.12,0.0965,0.131,0.2268,0.6,69.11,5.76,8.8,31.32,-0.1705,1.0745,0.1412,-0.0352,0.0212,
Vinyl Chemicals,524129,VINYLINDIA,Chemicals & Petrochemicals,0.0103,-0.4386,0.0176,-0.0046,0.0348,0.0429,0.2226,0.9186,0,23.21,6.66,6.9,16.67,-0.3596,0.148,0.1557,-0.0092,0.1209,LOW LIQUIDITY
VIP Clothing,532613,VIPCLOTHNG,Textiles & Apparels,0.1155,1.7654,0.0929,0.0936,0.6264,0.0816,0.0469,-2.4791,0.4,36.53,0.58,15.5,16.34,-0.3233,0.2857,0.0338,0.1213,-0.5926,LOW LIQUIDITY
Vipul Organics,530627,,Chemicals & Petrochemicals,0.0048,0.7075,0.1096,-0.0017,0.285,0.0596,0.085,0.0723,0.7,75.97,2.67,8.4,27.95,-0.0855,0.9629,0.0678,0.0142,-0.2172,
Virat Industries,530521,,Textiles & Apparels,-0.3753,3.6667,0.1022,-0.055,2.3333,0.1352,0.0317,-0.6406,0,264.11,1.13,9,141.39,-0.3823,0.9557,0.0346,0.0077,-2.2987,
Virtual Galaxy,,VGINFOTECH,IT - Software,0.2028,0.1511,0.4461,0.1209,0.0897,0.3857,0.2301,0.9021,0.24,11.56,1.29,5.1,6.39,-0.218,0.114,0.4774,-0.0165,0.3877,
Virtuoso Optoel.,543597,,Consumer Durables,-0.0139,-0.6595,0.1002,-0.0118,-0.4287,0.0719,0.0251,0.6056,0.59,161.17,-3.76,11.3,23.41,-0.3925,0.0479,0.0573,0.0573,0.486,
Visa Steel,532721,VISASTEEL,Ferrous Metals,-0.4964,-0.7341,-0.1132,-0.068,-0.0569,-0.0237,0.033,-1.5526,,,0,-5.4,81.83,-0.2617,0.9429,0,0,0.0569,LOW LIQUIDITY
Visaka Industrie,509055,VISAKAIND,Cement & Cement Products,0.0541,0.4904,0.0374,0.0425,144.7143,0.0405,0.0345,2.6144,0.53,27.85,0,6.2,7.58,-0.3844,0.1974,0.0002,-0.0031,-144.7141,LOW LIQUIDITY
Vishal Fabrics,538598,VISHAL,Textiles & Apparels,0.1256,0.6462,0.0684,0.0695,0.269,0.0556,0.0904,1.1993,0.41,18.72,0.7,28,7.5,-0.3102,0.3216,0,0,-0.269,
Vishal Mega Mart,544307,VMM,Retailing,0.2238,0.4647,0.1323,0.1016,0.209,0.0975,0.1288,1.4019,0.27,84.93,4.06,4233.2,35.75,-0.1518,0.394,0.1013,0.0172,-0.1077,1328
Vishnu Chemicals,516072,VISHNU,Chemicals & Petrochemicals,0.1667,0.4396,0.1451,0.0452,0.0941,0.1481,0.1412,0.4369,0.42,24.38,2.59,22.7,13.79,-0.1561,0.4969,0.1554,-0.0258,0.0613,1249
Vishnu Prakash R,543974,VPRPL,Construction,-0.117,-0.8462,0.0823,-0.0156,-0.4752,0.0971,0.0629,-1.3937,0.91,32.18,-0.68,15.6,12.07,-0.7704,0.0211,0.0781,-0.1578,0.5533,1478
Vishnusurya Pro.,,VISHNUINFR,Other Construction Materials,0.2085,0.0587,0.2248,0.1072,0.0432,0.1643,0.2661,0.1761,0.42,12.99,3.01,5.5,8.2,-0.4706,0.1172,0,0,-0.0432,
Vision Infra,,VIESL,Commercial Services & Supplies,0.454,0.4701,0.2555,0.1985,0.3182,0.1609,0.1604,0.2525,1.61,16.1,0.51,8.8,6.33,-0.1309,1.3904,0.3312,0.3312,0.013,
Viviana Power,,VIVIANA,Construction,0.4067,0.4091,0.1905,0.1941,0.221,0.1645,0.6314,-0.431,1.02,34.66,1.57,12,20.89,-0.2891,1.2112,0.4653,0.1611,0.2443,
VLS Finance,511333,VLSFINANCE,Finance,-0.867,-0.8611,0.4701,-0.9741,-1.4302,-10.8664,-0.1165,3.4181,0,,0,1.4,-40.04,-0.1552,0.7517,0.017,-0.1004,1.4472,LOW LIQUIDITY
Vodafone Idea,532822,IDEA,Telecom - Services,0.024,0.2249,0.4185,0.0178,-0.0559,-0.0645,-0.2017,-3.1803,,,0,-15205,17.84,-0.0361,0.7451,0,0,0.0559,LOW LIQUIDITY
Voith Paper,522122,,Textiles & Apparels,0.0354,0.1206,0.2658,0.0499,0.0887,0.2933,0.1412,0.588,0,18.54,2.09,0.9,7.97,-0.1969,0.3798,0.1089,-0.0005,0.0202,
Volt.Transform.,532757,VOLTAMP,Electrical Equipment,0.2133,0.0411,0.1939,0.0415,0.0308,0.2194,0.6996,0.5111,0,24.65,8.01,5,17.7,-0.3072,0.356,0.2168,-0.026,0.186,649
Voltas,500575,VOLTAS,Consumer Durables,-0.1038,-0.7441,0.0144,-0.0814,-0.3403,0.0609,0.2143,-0.1811,0.28,80.34,-2.36,228.7,48.28,-0.2851,0.1713,0.1347,0.09,0.475,175
Vraj Iron,544204,VRAJ,Ferrous Metals,0.5189,-0.2468,0.1008,0.1456,-0.2381,0.0852,0.128,0.2241,0.06,12.73,-0.53,3.4,6.8,-0.491,0.0034,0.1476,-0.187,0.3857,LOW LIQUIDITY
VRL Logistics,539118,VRLLOG,Transport Services,-0.0032,0.3928,0.1897,0.0046,0.3192,0.1322,0.1498,1.6518,1.01,20.26,0.63,75.6,8.53,-0.1682,0.2522,0.1744,0.0844,-0.1448,611
VST Industries,509966,VSTIND,Cigarettes & Tobacco Products,-0.0664,0.245,0.2339,-0.0339,0.0488,0.2122,0.2854,0.7206,0,19.47,3.99,58,12.9,-0.3173,0.0825,0.1646,-0.0817,0.1158,1391
VST Till. Tract.,531266,VSTTILLERS,"Agricultural, Commercial & Construction Vehicles",0.1119,-0.434,0.1298,0.1243,0.0517,0.1176,0.1212,0.6332,0,50.62,9.8,4,31.06,-0.0877,0.9673,0.0954,-0.0399,0.0437,1754
VTM,532893,,Textiles & Apparels,0.2284,-0.7625,0.0556,0.0858,-0.1435,0.1381,0.19,-0.6275,0.12,18.87,-1.31,22.9,11.88,-0.4296,0.324,0.1529,0.0974,0.2964,
VVIP Infratech,544219,,Other Utilities,0.1306,0.0439,0.2074,0.061,0.0219,0.1942,0.1782,-0.8162,0.72,8.87,4.05,3.8,5.73,-0.4683,0.2843,0.2334,0.0292,0.2115,
W S Inds.,504220,WSI,Construction,-0.6125,-0.8941,0.1006,-0.3501,0.3258,0.0315,-0.0287,-6.2758,0.44,,0,14.9,81.86,-0.4154,0.2129,-0.1058,-0.5751,-0.4316,LOW LIQUIDITY
Waaree Energies,544277,WAAREEENER,Electrical Equipment,0.697,1.3297,0.2319,0.2429,0.4526,0.2195,0.2703,1.1667,0.26,31.77,0.7,215,17.59,-0.2279,0.65,0.2742,-0.0592,-0.1784,1497
Waaree Renewab.,534618,WAAREERTL,Electrical Equipment,0.4773,1.1722,0.2039,0.3863,0.5349,0.2185,0.6733,0.9563,0.12,29.79,0.56,166.7,21.17,-0.3178,0.3786,0.6556,-0.2204,0.1207,1033
Wakefit Innovati,,,,0,0,0.1186,0,0,-0.0092,-0.0595,-6.5755,0.5,,,,78.43,0,0,-0.082,-0.0441,-0.082,
Walchan. Inds.,507410,WALCHANNAG,Industrial Manufacturing,-0.237,0.2145,-0.0585,-0.1768,0.0303,-0.2559,-0.267,-0.3211,0.56,,0,21.7,-27.56,-0.4593,0.1512,-0.2526,-0.0988,-0.2829,LOW LIQUIDITY
Wanbury,524212,WANBURY,Pharmaceuticals & Biotechnology,0.2446,11.9712,0.1498,0.0506,0.2883,0.1255,0.2174,0.3726,3.02,19.9,0.69,47.3,11.02,-0.255,0.5963,0.7652,0.7652,0.4769,LOW LIQUIDITY
Wardwizard Inno.,538970,,Automobiles,-0.4254,1.0285,0.1514,-0.1366,0.7113,0.1502,0.1377,-2.2374,1.32,26.41,0.37,86.7,9.73,-0.7847,0.0876,0.065,-0.0829,-0.6463,
Wealth First Por,544536,WEALTH,Finance,0.0543,-0.2698,0.737,-0.0246,-0.0606,0.7737,0.4432,0.2232,0,31.9,-5.26,7.5,23.14,-0.4135,0.259,0.286,-0.1519,0.3466,LOW LIQUIDITY
Websol Energy,517498,WEBELSOLAR,Electrical Equipment,0.1719,0.1034,0.4297,0.2291,0.3149,0.3994,0.4147,0.7812,0.41,23.58,0.75,532,14.95,-0.4161,0.3766,0.8017,0.8657,0.4868,22
Welspun Corp,532144,WELCORP,Industrial Products,0.3246,0.4867,0.1352,0.1063,0.4633,0.1591,0.268,0.8572,0.19,12.3,0.27,70.2,8.03,-0.168,0.2457,0.1859,-0.0121,-0.2774,1410
Welspun Enterp,532553,WELENT,Construction,-0.0385,0.267,0.2196,-0.0096,0.1351,0.2059,0.2747,-0.4036,0.72,19.52,1.45,36.9,11.31,-0.2226,0.2908,0.1326,0.007,-0.0025,1081
Welspun Investme,533252,WELINV,Finance,0.0041,-0.0332,0.9327,-0.0133,-0.0919,0.8555,-22.35,-0.3096,0,141.73,-15.42,0.2,107.23,-0.1274,1.1874,0.0062,-0.0024,0.0981,LOW LIQUIDITY
Welspun Living,514162,WELSPUNLIV,Textiles & Apparels,-0.1504,-0.9354,0.0628,-0.0671,-0.4463,0.0691,0.0708,0.6395,0.56,37.16,-0.83,260.8,14.73,-0.2718,0.3049,0.1366,-0.0215,0.5829,617
Welspun Special.,500365,,Industrial Products,0.428,2.5197,0.0605,0.1532,-2.9955,0.0562,0.0218,1.4581,0.08,269.08,-0.9,355.8,38.19,-0.2808,0.4055,-0.0168,-1.0332,2.9787,
Wendt India,505412,WENDT,Industrial Products,0.0165,-0.7474,0.1181,0.0172,-0.1987,0.1588,0.1503,0.7433,0,57.81,-2.91,1.3,31.29,-0.5578,0.0026,0.1511,-0.0337,0.3498,777
West Coast Paper,500444,WSTCSTPAPR,"Paper, Forest & Jute Products",-0.0017,-0.8037,0.0652,-0.0018,-0.4364,0.0725,0.0633,0.2009,0.13,15.28,-0.35,5.1,6.1,-0.3453,0.0945,0.0949,-0.1433,0.5313,LOW LIQUIDITY
Western Carriers,544258,WCIL,Transport Services,0.019,-0.528,0.0428,0.0008,-0.2781,0.0471,0.0764,-0.0245,0.23,26.08,-0.94,14.8,11.74,-0.1827,0.8492,0.1062,-0.1178,0.3843,LOW LIQUIDITY
Westlife Food,505533,WESTLIFE,Leisure Services,0.0386,-40.7778,0.1046,0.0262,-1.5884,0.0513,0.0371,2.3339,2.67,,0,225.1,30.58,-0.355,0.0847,0.013,-0.115,1.6014,1589
Wework India,544570,WEWORK,Commercial Services & Supplies,0.2226,-0.9638,0.6644,0,0,0.2518,0.0484,2.6439,22.73,45.44,,,9.76,-0.101,0.0336,0,0,0,1792
Wheels India,590073,WHEELS,Auto Components,0.0822,0.2669,0.0718,0.0429,0.0654,0.0574,0.1246,1.5968,0.79,18.17,2.78,5.5,7.67,-0.1448,0.5407,0.1271,0.0366,0.0617,LOW LIQUIDITY
Whirlpool India,500238,WHIRLPOOL,Consumer Durables,-0.0384,-0.3222,0.0351,-0.0164,-0.0417,0.0648,0.1037,1.0829,0.02,36.6,-8.77,38.6,13.79,-0.5058,0.0891,0.0926,0.029,0.1343,760
Wim Plast,526586,,Consumer Durables,0.0783,-0.339,0.1539,0.0154,0.0328,0.2154,0.1513,0.7315,0,9.53,2.91,1.2,6.28,-0.272,0.0798,0.1136,0.0002,0.0808,
Windlas Biotech,543329,WINDLAS,Pharmaceuticals & Biotechnology,0.1893,0.1367,0.1284,0.0926,0.104,0.1119,0.1641,0.8106,0.06,24.67,2.37,6.6,13.61,-0.3297,0.188,0.1276,-0.009,0.0236,LOW LIQUIDITY
Windsor Machines,522029,WINDMACHIN,Industrial Manufacturing,1.2999,1.1107,0.0622,0.2976,-1.2324,0.0401,0.0282,-5.237,0.02,873.72,-7.09,28.1,63.98,-0.3681,0.2081,-0.0238,0.0056,1.2086,LOW LIQUIDITY
Wipro,507685,WIPRO,IT - Software,0.0177,0.0117,0.1926,0.0064,0.0313,0.2147,0.2015,0.8959,0.19,19.96,6.37,3301.1,12.38,-0.2085,0.1417,0.1659,0.0232,0.1346,392
Wise Travel,,WTICAB,Transport Services,0.5579,0.3699,0.1151,0.2478,0.183,0.068,0.1411,0.0056,0.74,13.86,0.76,4.8,5.36,-0.2255,0.3715,0.1431,-0.0873,-0.0399,
Wockhardt,532300,WOCKPHARMA,Pharmaceuticals & Biotechnology,-0.0334,4.5455,0.2276,-0.0093,-2.1674,0.0968,0.0106,-0.0924,0.54,394.5,-1.82,77,47.17,-0.2878,0.2003,-0.0122,0.1088,2.1552,444
Wonder Electric.,543449,WEL,Consumer Durables,-0.2651,-0.4902,0.0453,-0.124,-0.0489,0.0399,0.1953,-0.6724,0.92,131.36,-26.87,316.8,63.32,-0.1219,0.4539,0.2516,0.0923,0.3005,99
Wonderla Holiday,538268,WONDERLA,Leisure Services,0.1895,-1.1189,0.0933,0.0177,-0.2238,0.2384,0.0628,1.1071,0,42.97,-1.92,12.7,18.98,-0.3914,0.073,0.0751,-0.0719,0.2989,1544
Workmates Core2,544610,,IT - Software,0,0,,0,0,0.1743,0.5971,0.2697,0.38,41.49,,,29.9,-0.128,0.3458,0.8747,0.0235,0.8747,
WPIL,505872,,Industrial Manufacturing,-0.1321,-0.3192,0.1886,-0.027,-0.2688,0.1532,0.1439,-0.4909,0.39,40.22,-1.5,25.6,12.68,-0.4849,0.1448,0.1004,-0.3613,0.3692,
Xchanging Sol.,532616,XCHANGING,IT - Software,0.1878,0.6558,0.3221,0.0772,0.1937,0.3989,0.1725,0.6703,0.24,15.98,0.82,28.7,9.19,-0.3062,0.073,0.1391,0.1125,-0.0546,676
XPRO India,590013,XPROINDIA,Industrial Products,-0.105,-0.5,0.0611,-0.0102,-0.6476,0.0557,0.0241,0.2174,0.46,169.91,-2.62,7.9,57.33,-0.4144,0.0381,0.0656,-0.0486,0.7132,LOW LIQUIDITY
XT Global Infot.,531225,XTGLOBAL,IT - Software,0.937,0.0111,0.073,0.3787,0.0863,0.0573,0.0605,1.0121,0.27,47.5,5.5,32.8,19.39,-0.3265,0.2311,0.0521,-0.0198,-0.0342,LOW LIQUIDITY
Yamuna Syndicate,540980,,Commercial Services & Supplies,-0.0211,-0.5177,0.0128,-0.0051,-0.2412,1.3695,2.4805,-0.0655,0,11.42,-0.47,0,11.03,-0.3242,0.2145,0.0931,-0.004,0.3343,
Yash Highvoltage,544310,,Electrical Equipment,0.7553,1.1941,0.2124,0,0,0.2085,0.1941,0,0.17,47.26,,24.6,39.43,-0.221,2.3148,0,0,0,
Yasho Industries,541167,YASHO,Chemicals & Petrochemicals,0.0971,0.1147,0.1807,0.0705,1.1801,0.1088,0.0104,-0.6191,1.37,150.62,1.28,5.4,19.04,-0.322,0.0949,0.0163,-0.2012,-1.1638,LOW LIQUIDITY
Yatharth Hospit.,543950,YATHARTH,Healthcare Services,0.2831,0.3325,0.2309,0.1489,0.1795,0.2082,0.1331,0.8199,0.02,43.23,2.41,37.6,23.63,-0.1896,0.9797,0.1043,-0.1123,-0.0752,2025
Yatra Online,543992,YATRA,Leisure Services,0.4842,0.9562,0.0681,0.2824,0.5212,0.0665,0.0752,-1.9578,0.07,50.85,0.98,54.4,26.98,-0.1111,1.741,0.0477,0.0577,-0.4735,1598
Yes Bank,532648,YESBANK,Banks,-0.045,0.1725,0.5765,-0.0152,0.1542,0.8246,0.0507,0.2531,7.29,25.18,1.63,4550.6,16.55,-0.0634,0.4207,0.0546,0.0235,-0.0996,1512
Yogi Ltd,511702,,Finance,0,0,0.0945,2.0247,10.863,0.0702,0.154,-35.8614,1.15,44.83,0.04,25.1,37.66,-0.1351,3.0701,0.0173,0.0173,-10.8457,
Yuken India,522108,YUKEN,Industrial Products,-0.0271,-0.2707,0.1192,-0.0192,-0.127,0.0883,0.066,1.172,0.33,53.82,-4.24,4.3,20.42,-0.3115,0.1977,0.0849,0.0067,0.2119,LOW LIQUIDITY
Z F Steering,505163,,Auto Components,0.0845,-1.2267,0.1025,0.0288,-0.2888,0.0455,0.0738,1.2665,0.23,69.06,-2.39,1.4,11.97,-0.5068,0.0143,0.0322,-0.0615,0.321,
Z-Tech (India),,ZTECH,Other Utilities,0.812,1.02,0.2035,0.2088,0.1937,0.2923,0.1823,-3.3069,0.02,30.32,1.57,5.6,20.81,-0.3241,0.1675,0.2023,-0.2965,0.0086,
Zaggle Prepaid,543985,ZAGGLE,IT - Services,0.4244,0.7909,0.102,0.1595,0.2727,0.1018,0.1262,0.1587,0.01,44.2,1.62,50.5,24.48,-0.3868,0.2258,0.096,-0.0451,-0.1767,1992
Zee Entertainmen,505537,ZEEL,Entertainment,-0.0157,-0.6213,0.0807,-0.0407,-0.1498,0.1122,0.0732,1.1221,0.02,14.71,-0.98,77.9,7.57,-0.355,0.0958,0.0671,0.0462,0.2169,609
Zee Media,532794,ZEEMEDIA,Entertainment,0.3674,0.6885,0.0957,0.0875,-0.3748,-0.101,-0.5311,-0.5042,0.55,,0,178.5,14.93,-0.6005,0.0135,-0.4547,-0.172,-0.0799,LOW LIQUIDITY
Zelio E-Mobility,544563,,Automobiles,0.771,0.6766,0.1145,0.3388,0.2979,0.1192,0.5614,-0.4501,0.7,56.67,1.9,,41.72,-0.0872,2.5946,0.8575,0.0178,0.5596,
Zen Technologies,533339,ZENTEC,Aerospace & Defense,-0.2823,-0.0629,0.3724,-0.1691,-0.1177,0.475,0.2411,-0.3438,0.01,50.21,-4.27,62.4,28.65,-0.4769,0.4542,0.2608,-0.0693,0.3785,561
Zensar Tech.,504067,ZENSARTECH,IT - Software,0.0866,0.1702,0.1548,0.0398,0.1169,0.1706,0.2431,0.6686,0.03,24.39,2.09,90.8,15.87,-0.2378,0.401,0.1643,-0.0353,0.0474,1322
ZF Commercial,533023,ZFCVINDIA,Auto Components,-0.0054,-0.0262,0.1465,0.0053,0.0535,0.1666,0.1878,0.4528,0.02,58.86,11,15.6,34.88,-0.0284,0.5548,0.1509,-0.0031,0.0974,906
Zim Laboratories,541400,ZIMLAB,Pharmaceuticals & Biotechnology,-0.0372,-1.1765,0.0649,-0.0356,-0.4585,0.0633,0.0365,1.3997,0.48,51.94,-1.13,6.6,10.71,-0.4409,0.0923,0.0496,-0.029,0.5081,LOW LIQUIDITY
Zodiac Energy,543416,ZODIAC,Construction,0.834,0.0763,0.1062,0.1538,0.0364,0.0917,0.1138,-1.3567,1.76,23.63,6.5,7.3,12.89,-0.4558,0.0143,0.2747,0.0142,0.2383,LOW LIQUIDITY
Zota Health Care,,ZOTA,Pharmaceuticals & Biotechnology,0.9166,-0.3182,0.049,0.377,0.0966,-0.1198,-0.152,1.0662,0.57,,0,47.4,473.29,-0.084,1.6428,-0.3596,-0.1911,-0.4562,2232
Zuari Agro Chem.,534742,ZUARI,Fertilizers & Agrochemicals,0.2665,1.1229,0.1221,0.1011,1.15,0.1336,-5.5488,1.1017,0.24,3.19,0.03,1.8,2.18,-0.3345,0.694,0.0906,0.0562,-1.0594,LOW LIQUIDITY
Zuari Industries,500780,ZUARIIND,Agricultural Food & other Products,0.0164,40.4685,0.0449,0.0367,-2.6891,0.3799,12.4131,-0.0066,0.5,7.33,-0.03,0.6,6.7,-0.257,0.4566,-0.0169,0.0057,2.6722,853
Zydus Lifesci.,532321,ZYDUSLIFE,Pharmaceuticals & Biotechnology,0.1692,0.4092,0.3292,0.0539,0.083,0.2863,0.2014,1.0626,0.38,18.7,2.25,374.1,12.58,-0.1164,0.177,0.2121,0.0054,0.1291,417
Zydus Wellness,531335,ZYDUSWELL,Food Products,0.3197,-2.5682,0.0354,0.0655,-0.1519,0.1171,0.0323,1.0692,0.53,47.1,-3.1,74,41.24,-0.2162,0.3935,0.0602,0.007,0.2121,949
Zenotech Lab.,532039,,Pharmaceuticals & Biotechnology,0.1494,-2.2414,0.2039,0.0276,-0.363,0.1856,0.0378,1.0821,0,106.72,-2.94,19.4,17.93,-0.3588,0.0419,0.0481,-0.0483,0.4111,
Zensar Tech.,504067,ZENSARTECH,IT - Software,0.0866,0.1702,0.1548,0.0398,0.1169,0.1706,0.2431,0.6686,0.03,23.03,1.97,85.7,14.94,-0.2797,0.3241,0.1643,-0.0353,0.0474,1322
ZF Commercial,533023,ZFCVINDIA,Auto Components,-0.0054,-0.0262,0.1465,0.0053,0.0535,0.1666,0.1878,0.4528,0.02,51.55,9.63,13.7,30.32,-0.1444,0.3558,0.1509,-0.0031,0.0974,906
Zim Laboratories,541400,ZIMLAB,Pharmaceuticals & Biotechnology,-0.0372,-1.1765,0.0649,-0.0356,-0.4585,0.0633,0.0365,1.3997,0.48,54.43,-1.19,7,11.09,-0.425,0.1323,0.0496,-0.029,0.5081,LOW LIQUIDITY
Zodiac Energy,543416,ZODIAC,Construction,0.834,0.0763,0.1062,0.1538,0.0364,0.0917,0.1138,-1.3567,1.76,26.79,7.37,8.2,14.18,-0.3872,0.1422,0.2747,0.0142,0.2383,LOW LIQUIDITY
Zota Health Care,,ZOTA,Pharmaceuticals & Biotechnology,0.9166,-0.3182,0.049,0.377,0.0966,-0.1198,-0.152,1.0662,0.57,,0,48,484.17,-0.0152,2.053,-0.3596,-0.1911,-0.4562,2232
Zuari Agro Chem.,534742,ZUARI,Fertilizers & Agrochemicals,0.2665,1.1229,0.1221,0.1011,1.15,0.1336,-5.5488,1.1017,0.24,3.5,0.03,2,2.33,-0.2705,0.8568,0.0906,0.0562,-1.0594,1489
Zuari Industries,500780,ZUARIIND,Agricultural Food & other Products,0.0164,40.4685,0.0449,0.0367,-2.6891,0.3799,12.4131,-0.0066,0.5,7.74,-0.03,0.6,6.83,-0.2117,0.5455,-0.0169,0.0057,2.6722,853
Zydus Lifesci.,532321,ZYDUSLIFE,Pharmaceuticals & Biotechnology,0.1692,0.4092,0.3292,0.0539,0.083,0.2863,0.2014,1.0626,0.38,18.61,2.24,372.2,12.53,-0.1217,0.1701,0.2121,0.0054,0.1291,417
Zydus Wellness,531335,ZYDUSWELL,Food Products,0.3197,-2.5682,0.0354,0.0655,-0.1519,0.1171,0.0323,1.0692,0.53,51.49,-3.39,80.8,44.39,-0.1416,0.5261,0.0602,0.007,0.2121,949