Name,BSE Code,NSE Code,Industry Group,YoY Q/SALES GROWTH,YoY Q/PAT GROWTH,OERATING PROFIT MARGIN (Q),TTM SALES GROWTH,TTM PAT GROWTH,TTM OPM,ROCE,CFO/EBITDA,D/E Ratio,TTM PE,TTM PEG,TTM P/B,TTM EV/EBITDA,Price Down from 52w high,Price Up from 52w low,CURRENT ROE,ROE UP/DOWN wrt Previous Year,CURRENT FCF POTENTIAL,FOLIOMAX CURRENT GROWTH RANK
20 Microns,533022,20MICRONS,Minerals & Mining,-0.0391,0.0527,0.1379,0.0079,-0.0097,0.1115,0.1761,0.3089,0.36,10.86,-11.19,5.3,6.45,-0.3148,0.2321,0.1634,-0.0141,0.1731,LOW LIQUIDITY
360 ONE,542772,360ONE,Capital Markets,0.2887,0.2851,0.6403,-0.0209,0.0415,0.6635,0.2655,-1.0385,1.47,40.24,9.7,196.2,23.11,-0.1508,0.461,0.2057,-0.039,0.1642,852
3B Blackbio,532067,,Healthcare Services,0.163,0.0041,0.4345,0.0783,0.03,0.6337,0.4154,0.6768,0,23.09,7.7,3.3,15.77,-0.4378,0.0586,0.194,0.0398,0.164,
3i Infotech,532628,3IINFOLTD,IT - Software,-0.0153,2.843,-0.0302,-0.0164,1.8254,0.0938,0.2136,1.527,0.11,5.15,0.03,23,3.9,-0.4745,0.068,0.0828,0.2647,-1.7426,LOW LIQUIDITY
3M India,523395,3MINDIA,Diversified,0.1402,0.4303,0.202,0.0686,0.1639,0.1848,0.5415,0.4526,0.06,73.15,4.46,28.4,42.76,-0.0278,0.3988,0.2385,-0.0462,0.0746,1063
5paisa Capital,540776,5PAISA,Capital Markets,-0.2343,-0.5688,0.2974,-0.1342,-0.3082,0.2858,0.1198,0.8513,0.46,22.12,-0.72,5.2,0.52,-0.3573,0.1599,0.1189,0.016,0.4271,332
63 Moons Tech.,526881,63MOONS,IT - Software,1.0981,-0.1915,-4.2259,0.6318,0.7211,-1.4753,-0.0289,1.8263,0,,0,4.4,-17.69,-0.3628,0.2697,-0.0147,-0.0836,-0.7358,2213
A B B,500002,ABB,Electrical Equipment,0.1369,-0.0717,0.1511,0.0675,-0.0582,0.1827,0.3405,0.5252,0.01,60.96,-10.48,317.3,40.74,-0.3614,0.1074,0.2882,0.059,0.3464,94
A B Infrabuild,544281,ABINFRA,Construction,-0.2102,-0.4358,0.1466,0.1765,0.1813,0.1424,0.1687,-0.8027,0.29,62.71,3.46,499.9,30.75,-0.1594,2.1199,0.173,-0.0274,-0.0083,LOW LIQUIDITY
A B Lifestyle,544403,ABLBL,Retailing,0.0371,-0.4075,0.1554,0,0,0.0751,0.0377,1.9454,2.67,154.19,,1560.4,15.54,-0.2203,0.0833,0,0,0,1786
A B Real Estate,500040,ABREL,"Paper, Forest & Jute Products",-0.6327,-54.1358,-0.7539,-0.3087,0.6136,-0.2177,-0.0136,104.3097,1.45,,0,59.6,-207.24,-0.3942,0.1553,-0.0245,-0.0373,-0.6381,2177
A-1,542012,,Chemicals & Petrochemicals,-0.188,-0.9278,0.0188,-0.0595,-0.3412,0.0174,0.0862,-1.5283,0.35,917.18,-26.88,54.4,268.72,0,4.7,0.0782,0.057,0.4194,
A.K.Capital Serv,530499,,Finance,0.2828,0.5179,0.6593,0.1092,0.126,0.6803,0.1787,-1.4329,3.22,11.38,0.9,0.7,11.56,-0.0031,0.8353,0.0897,-0.0145,-0.0363,
A2Z Infra Engg.,533292,A2ZINFRA,Construction,0.208,-0.5596,0.0586,0.0719,0.0232,0.0867,-2.1498,2.3346,2.07,27.23,11.72,124.2,11.04,-0.341,0.4367,0.2893,1.6105,0.2661,LOW LIQUIDITY
Aadhar Hsg. Fin.,544176,AADHARHFC,Finance,0.1738,0.1712,0.7685,0.0862,0.0832,0.7574,0.7177,-1.2894,2.55,21.4,2.57,132.8,14.3,-0.1088,0.4338,0.1686,-0.0155,0.0854,993
Aaron Industries,,AARON,Industrial Manufacturing,0.216,-0.2363,0.1853,0.0769,-0.1525,0.1603,0.1503,0.6513,0.72,55.85,-3.66,18.5,25.8,-0.2766,0.224,0.2095,-0.0153,0.362,LOW LIQUIDITY
Aarti Drugs,524348,AARTIDRUGS,Pharmaceuticals & Biotechnology,0.091,0.2933,0.1291,0.0375,0.184,0.1082,0.129,0.9752,0.39,20.83,1.13,26,14.38,-0.2153,0.446,0.1269,-0.0118,-0.0571,1544
Aarti Industries,524208,AARTIIND,Chemicals & Petrochemicals,0.2899,0.68,0.1386,0.0407,-0.1816,0.0727,0.036,2.1412,0.7,52.6,-2.9,89.8,17.81,-0.2117,0.1336,0.0603,-0.0219,0.2419,1347
Aarti Pharma,543748,AARTIPHARM,Pharmaceuticals & Biotechnology,-0.0867,-0.4888,0.1771,-0.0988,-0.1198,0.1854,0.1339,0.8555,0.32,26.78,-2.23,28.4,15.72,-0.2709,0.2872,0.1454,0.0148,0.2652,345
Aarti Surfactant,543210,AARTISURF,Chemicals & Petrochemicals,0.1878,2.7931,0.0521,0.153,0.2959,0.0435,0.0687,0.3971,0.5,25.18,0.85,1.4,9.76,-0.3459,0.151,0.0514,-0.0591,-0.2445,LOW LIQUIDITY
AAVAS Financiers,541988,AAVAS,Finance,0.1517,0.1083,0.7452,0.0735,0.0515,0.7289,0.3255,-0.9543,3.08,21.56,4.19,22,13.55,-0.2659,0.0832,0.1411,0.0018,0.0896,842
Aayush Art,540718,,Textiles & Apparels,0.7953,0.5417,0.0115,0.2866,0.0663,0.0271,0.0569,-16.7759,0,817.69,123.33,45.4,599.79,-0.0041,1.5077,0.0466,0.0316,-0.0197,
AB Cotspin,544522,ABCOTS,Textiles & Apparels,-0.3776,1.1086,0.2235,-0.1226,0.3884,0.1104,0.0998,-0.6949,0.93,65.94,1.7,13.6,26.69,-0.1803,0.1763,0.1116,-0.0091,-0.2768,LOW LIQUIDITY
Abans Financial,543712,AFSL,Finance,9.6535,0.5041,0.007,2.3736,0.2014,0.0182,0.1202,-0.6207,0.62,8.65,0.43,4.5,6.7,-0.461,0.2636,0.1017,0.0087,-0.0997,LOW LIQUIDITY
Abbott India,500488,ABBOTINDIA,Pharmaceuticals & Biotechnology,0.0762,0.158,0.2858,0.0476,0.0665,0.3022,0.7115,0.5328,0.05,41.59,6.26,33.2,29.32,-0.2019,0.169,0.3568,0.008,0.2903,160
ABM Knowledge,531161,,IT - Software,-0.0152,-0.4684,0.1082,0.0326,-0.0943,0.2156,0.0877,1.061,0,41.18,-4.37,4.5,20.07,-0.1785,1.1628,0.0627,-0.0041,0.157,
ABS Marine,,ABSMARINE,Transport Services,0.6994,2.9178,0.403,0.3113,0.8559,0.3165,0.0973,1.0696,1.34,11.44,0.13,5.4,9.68,-0.0967,1.5402,0.1556,-0.0747,-0.7003,
ACC,500410,ACC,Cement & Cement Products,0.2799,4.0144,0.1426,0.1056,0.4004,0.1518,0.1828,0.55,0.02,10.68,0.27,32.5,7.37,-0.2099,0.0348,0.1323,-0.0092,-0.2681,
Accelya Solution,532268,ACCELYA,IT - Software,0.0714,-0.0878,0.3555,0.0171,-0.0099,0.3266,0.7347,0.8221,0.22,15.82,-16,10.7,9.63,-0.1755,0.0977,0.4547,0.0329,0.4646,LOW LIQUIDITY
Accent Microcell,,ACCENTMIC,Pharmaceuticals & Biotechnology,0.1058,0.0971,0.1715,0.0504,0.0487,0.1759,0.2262,0.5593,0,22.63,4.65,7.5,13.97,-0.0324,0.9205,0.1844,-0.105,0.1357,
Ace Soft. Exp.,531525,,IT - Software,1.3949,1.092,0.1363,0.5135,0.3766,0.165,0.0918,-1.4482,0.14,65.36,1.74,8.5,45.9,-0.1106,0.6531,0.0806,0.0458,-0.296,
ACME Solar Hold.,544283,ACMESOLAR,Power,0.8019,6.3163,0.8556,0.2914,0.8817,0.8349,0.033,1.3778,2.72,29.09,0.33,186.2,12.72,-0.251,0.4497,0.0757,0.0193,-0.806,1708
Action Const.Eq.,532762,ACE,"Agricultural, Commercial & Construction Vehicles",-0.0165,-0.0501,0.1464,-0.0284,0.026,0.182,0.4979,0.716,0.08,27.7,10.67,77.4,18.87,-0.3923,0.0603,0.2865,-0.0193,0.2605,372
Acutaas Chemical,543349,ACUTAAS,Pharmaceuticals & Biotechnology,0.241,0.9352,0.3113,0.0894,0.4112,0.2762,0.2027,0.5322,0.01,62.88,1.53,81.6,41.58,-0.0793,0.872,0.16,0.0663,-0.2512,806
Adani Energy Sol,539254,ADANIENSOL,Power,0.0666,-0.2089,0.2965,0.078,-0.0472,0.2474,0.0499,1.4899,1.95,53.6,-11.35,621,19.61,-0.0417,0.7113,0.1364,0.0505,0.1836,334
Adani Enterp.,512599,ADANIENT,Metals & Minerals Trading,-0.0601,-0.6274,0.1556,-0.0498,-0.4335,0.1167,0.0426,0.3705,2.03,126.46,-2.92,752.1,26.34,-0.0688,0.2394,0.0982,0.0009,0.5317,519
Adani Green,541450,ADANIGREEN,Power,0.001,1.0255,0.8654,0.09,0.3165,0.654,0.0239,1.0397,4.52,80.44,2.54,1486.8,23.93,-0.261,0.4115,0.1461,0.0053,-0.1704,1235
Adani Ports,532921,ADANIPORTS,Transport Infrastructure,0.2972,0.2507,0.5825,0.1401,0.1121,0.5137,0.131,1.1334,0.85,26.71,2.38,1032.5,16.23,-0.0259,0.4934,0.1876,0.0068,0.0755,569
Adani Power,533096,ADANIPOWER,Power,0.0088,-0.1138,0.3827,-0.013,-0.071,0.3409,0.119,1.0906,0.83,24.3,-3.42,9646.2,14.1,-0.1704,0.7594,0.261,-0.3115,0.332,843
Adani Total Gas,542066,ATGL,Gas,0.1909,-0.1191,0.2035,0.0931,-0.0447,0.1724,0.1563,0.9873,0.45,107.31,-24,1637.6,58.9,-0.2919,0.1463,0.1682,-0.0364,0.2129,LOW LIQUIDITY
ADC India,523411,,Telecom - Equipment & Accessories,-0.0992,-0.5057,0.0984,-0.0459,-0.2617,0.1339,0.3289,0.7908,0,35.31,-1.35,3.8,24.15,-0.3367,0.5383,0.3474,0.0105,0.6091,
Adcounty Media.,544435,,Media,0.2199,0.3262,0.2976,0,0,0.27,0.2352,-0.0129,0.01,25.48,,8.9,18.05,-0.405,0.485,0.4728,-0.0416,0.4728,
ADF Foods,519183,ADFFOODS,Food Products,0.0076,0.3416,0.2199,0.0212,0.1771,0.175,0.1836,0.4215,0.02,30.52,1.72,48.7,18.21,-0.3969,0.0774,0.1398,-0.0264,-0.0373,LOW LIQUIDITY
Adit.Birla Money,532974,BIRLAMONEY,Capital Markets,-0.1619,-0.6197,0.437,-0.0634,-0.2363,0.4862,0.1802,-0.5523,6.58,15.73,-0.67,18.8,8.47,-0.4806,0.2052,0.3721,-0.0178,0.6084,LOW LIQUIDITY
Aditya AMC,543374,ABSLAMC,Capital Markets,0.0875,-0.0042,0.6125,-0.1007,0.0434,0.7283,11.6277,0.5666,0.02,21.98,5.07,172.8,15.89,-0.1895,0.3282,0.2699,-0.0046,0.2265,311
Aditya Bir. Fas.,535755,ABFRL,Retailing,0.1256,-0.1393,0.0312,0.0519,0.1917,-0.0432,-0.0568,-4.4062,0.91,,0,186,15.98,-0.3226,0.1066,-0.1093,0.0765,-0.301,1771
Aditya Birla Cap,540691,ABCAPITAL,Finance,0.0264,-0.1409,0.3777,0.0261,-0.0069,0.3694,-0.0813,-1.9253,4.86,26.48,-38.14,701.5,15.08,-0.0427,1.2229,0.1149,-0.023,0.1218,1324
Aditya Infotech,544466,CPPLUS,Industrial Manufacturing,0.3748,1.9678,0.118,0,0,0.0731,0.1279,0.1196,0.08,102.54,,149.1,77.6,-0.0133,0.697,0.2087,-0.1513,0.2087,1075
Aditya Vision,540205,AVL,Retailing,0.2172,0.0418,0.0758,0.0589,-0.0031,0.0767,0.1921,-0.2282,0.65,64.18,-204.66,139.7,32.73,-0.1028,0.6397,0.2026,-0.0505,0.2057,855
Ador Welding,517041,ADOR,Industrial Products,0.044,0.9463,0.1236,-0.0051,-0.1844,0.075,0.1878,1.3162,0,34.3,-1.86,6.7,18.06,-0.133,0.4059,0.1387,0.1387,0.3231,188
Advait Energy,543230,,Industrial Products,2.3933,1.4286,0.1104,0.4208,0.2911,0.1271,0.2295,0.8355,0.27,46.37,1.59,8.9,23.8,-0.298,0.6649,0.2249,-0.1408,-0.0662,
Advance Agrolife,544562,ADVANCE,Fertilizers & Agrochemicals,0.27,0.1167,0.1212,0,0,0.0853,0.1793,0.1351,0.47,31.67,,,17.84,-0.1267,0.3436,0.2911,-0.1017,0.2911,680
Advanced Enzyme,540025,ADVENZYMES,Pharmaceuticals & Biotechnology,0.263,0.3198,0.3255,0.1096,0.1255,0.303,0.134,0.7431,0.02,24.92,1.99,27.7,14.36,-0.2031,0.2726,0.0954,-0.017,-0.0301,1718
Advani Hotels.,523269,ADVANIHOTR,Leisure Services,-0.091,-0.75,-0.0803,-0.034,-0.0596,0.3237,0.4338,0.6012,0.01,21.07,-3.53,64.6,13.45,-0.2426,0.1259,0.3435,-0.0251,0.4031,LOW LIQUIDITY
Advent Hotels,544446,ADVENTHTL,Leisure Services,0,0,,0,0,0.2176,0.0064,28.9659,0.71,129.41,,,15.69,-0.224,0.0075,0.0065,0.0065,0.0065,LOW LIQUIDITY
Aegis Logistics,500003,AEGISLOG,Gas,0.3105,0.4261,0.1267,0.0978,0.0829,0.173,0.1011,0.4845,0.41,38.6,4.66,163.5,19.04,-0.2398,0.2927,0.1553,0.004,0.0724,789
Aegis Vopak Term,544407,AEGISVOPAK,Oil,0.2622,1.4177,0.7326,0.0788,0.4206,0.5613,0.0358,1.3367,0.42,160.13,3.81,676.4,58.83,-0.1348,0.1877,0.0873,-0.0014,-0.3333,1828
Aelea Commoditi.,544213,,Agricultural Food & other Products,0.9796,0.5591,0.087,0.4719,1.3976,0.0481,0.0727,1.2235,0.01,59.3,0.42,6.6,25,-0.4846,0.196,0.0334,-0.2416,-1.3642,
Aeroflex,543972,AEROFLEX,Industrial Products,0.1672,0.0417,0.2334,0.0278,-0.0914,0.1672,0.1728,0.3739,0.03,49.73,-5.44,85.5,28.38,-0.3237,0.2682,0.1657,-0.0393,0.2571,850
Aeroflex Enter.,511076,AEROENTER,Industrial Products,0.2508,-0.0518,0.1719,0.0806,-0.0437,0.1683,0.0929,1.2395,0.06,19.52,-4.47,15,6.74,-0.3173,0.2174,0.0766,-0.0514,0.1203,LOW LIQUIDITY
Aerpace Indus,534733,,Industrial Products,0,-2.9726,,,0.4855,,-0.176,0.7243,0.5,,0,106,-39.2,-0.6196,0.0898,-0.214,-0.0431,-0.6995,
Aether Industri.,543534,AETHER,Chemicals & Petrochemicals,0.3838,0.5034,0.3199,0.1817,0.2124,0.2908,0.1056,0.4209,0.09,58.07,2.73,67.1,34.79,-0.0536,0.2282,0.078,0.0221,-0.1344,1446
Afcom Holdings,544224,,Transport Services,1.7071,1.9157,0.3131,0.6347,0.8068,0.2912,1.0903,0.4127,0.12,25.22,0.31,19.3,17.46,-0.3239,0.5585,0.2892,0.0046,-0.5176,
Afcons Infrastr.,544280,AFCONS,Construction,0.0097,-0.2242,0.11,0.0195,0.0251,0.1068,0.1327,-0.0983,0.66,28.48,11.36,97.6,9.16,-0.3176,0.0171,0.1106,-0.0343,0.0855,1557
Affle 3i,542752,AFFLE,IT - Services,0.1913,0.2013,0.2259,0.0905,0.098,0.2106,0.1712,0.8871,0.01,56.59,5.77,102.5,36.01,-0.2287,0.3813,0.1403,-0.0097,0.0423,1211
Agarwal Indl.,531921,AGARIND,Chemicals & Petrochemicals,-0.2483,-0.3498,0.1144,-0.0813,-0.2718,0.0599,0.1291,0.6109,0.63,14.23,-0.52,2.7,8.42,-0.4275,0.0327,0.2009,-0.035,0.4727,LOW LIQUIDITY
AGI Greenpac,500187,AGI,Industrial Products,0.004,0.056,0.2488,0.0489,0.1081,0.2015,0.186,0.8481,0.21,14.04,1.3,14.4,7.64,-0.4156,0.2758,0.1624,0.0173,0.0543,625
AGI Infra,539042,AGIIL,Realty,0.0998,0.2636,0.3943,0.0829,0.153,0.2857,0.2176,-0.2275,0.42,40.11,2.62,111.8,26.7,-0.156,0.842,0.2566,-0.0058,0.1036,539
Ahluwalia Contr.,532811,AHLUCONT,Construction,0.1639,1.0482,0.1088,0.0613,0.3018,0.0939,0.1652,1.0871,0.04,26.33,0.87,24.1,12.25,-0.1216,0.6648,0.1187,-0.0449,-0.1831,1929
AIA Engineering,532683,AIAENG,Industrial Products,0.0034,0.0807,0.2833,0.0053,0.0761,0.3388,0.1925,0.8442,0.14,31.25,4.11,45.1,22.72,-0.0173,0.2442,0.1542,-0.0288,0.0781,1244
Aimtron,,AIMTRON,Industrial Manufacturing,1.1248,0.8148,0.2457,0.4078,0.3554,0.2081,0.2326,-0.5771,0,57.05,1.61,20.3,37.41,-0.0241,1.7122,0.248,0.248,-0.1074,
Aion-Tech Soluti,531439,GOLDTECH,IT - Software,0.6582,0.9573,0.1024,0.1657,0.1019,-0.025,-0.0017,5.8246,0.34,,0,5.6,96.59,-0.2927,0.33,-0.0398,-0.0078,-0.1417,LOW LIQUIDITY
Airfloa Rail,544516,,Industrial Manufacturing,0.0637,0.2425,0.2432,0,0,0.2389,0.1692,-0.0964,0.27,33.25,,10.6,19.35,-0.1052,0.453,0.3102,0.019,0.3102,
Ajanta Pharma,532331,AJANTPHARM,Pharmaceuticals & Biotechnology,0.1408,0.2019,0.2422,0.0699,0.0625,0.2557,0.3015,0.9609,0.06,32.31,5.17,91.1,22.08,-0.192,0.2451,0.2491,0.0168,0.1866,221
Ajax Engineering,544356,AJAXENGG,"Agricultural, Commercial & Construction Vehicles",0.4779,0.1481,0.1018,0.0682,-0.035,0.1515,0.2847,0.122,0,30.05,-8.58,68.9,21.64,-0.1288,0.2007,0.2507,-0.026,0.2857,450
Ajmera Realty,513349,AJMERA,Realty,0.0956,-0.1409,0.2647,0.1135,0.0276,0.3048,0.0999,0.0314,0.52,31.6,11.46,12.6,18.11,-0.1628,0.5058,0.1201,-0.0053,0.0925,1147
Akiko,,AKIKO,Finance,2.4032,1.4509,0.1413,0.5948,0.4384,0.1294,0.275,-2.5565,0.12,29.08,0.66,6.7,17.88,-0.0409,3.6298,0,0,-0.4384,
Akme Fintrade,544200,AFIL,Finance,0.4525,0.2334,0.7833,0.2118,0.0873,0.7588,0.4019,-2.2526,0.96,9.15,1.05,35.1,6.79,-0.298,0.2147,0.1098,0.0254,0.0225,LOW LIQUIDITY
Akums Drugs,544222,AKUMS,Pharmaceuticals & Biotechnology,-0.0151,-0.3483,0.0928,-0.0026,-0.0467,0.0902,0.0969,1.2942,0.03,21.73,-4.65,33.4,9.67,-0.3982,0.0491,0.1719,0.2009,0.2186,166
Akzo Nobel,500710,AKZOINDIA,Consumer Durables,-0.1501,-0.1484,0.1325,-0.0461,-0.0883,0.1319,0.3401,0.5367,0.03,39.32,-4.45,31,25.4,-0.1481,0.1157,0.3223,-0.001,0.4106,185
Albert David,524075,ALBERTDAVD,Pharmaceuticals & Biotechnology,-0.1138,-1.1826,0.0291,-0.0847,-1.886,-0.0461,-0.0331,-1.1149,0.11,,0,0.7,-73.63,-0.4818,0.0466,0.0439,-0.1733,1.9299,LOW LIQUIDITY
Alembic,506235,ALEMBICLTD,Realty,0.0558,0.0617,0.416,0.0086,0.0462,0.721,0.643,0.5508,0,7.9,1.71,25.9,14.9,-0.3505,0.1663,0.1369,0.0113,0.0907,LOW LIQUIDITY
Alembic Pharma,533573,APLLTD,Pharmaceuticals & Biotechnology,0.1591,0.288,0.1653,0.0616,0.1144,0.124,0.1393,0.1144,0.28,28.08,2.46,65.8,16.42,-0.1937,0.2497,0.1138,-0.0196,-0.0006,1608
Algoquant Fin,505725,,Finance,-0.2136,-0.4874,0.2043,-0.1069,-0.4848,0.1029,0.2621,1.3833,0.24,102.74,-2.12,425.2,61.6,-0.3451,0.3741,0.3755,0.3755,0.8603,
Alicon Cast.,531147,ALICON,Auto Components,-0.0767,-0.1737,0.1279,-0.0335,-0.2395,0.0546,0.0719,1.9146,0.57,41.39,-1.73,3.8,9.48,-0.2849,0.6407,0.0802,-0.0375,0.3197,1286
Alivus Life,543322,ALIVUS,Pharmaceuticals & Biotechnology,0.16,0.3641,0.3047,0.0395,0.1019,0.2893,0.225,0.6016,0.02,21,2.06,45.3,14.25,-0.2794,0.0975,0.1869,-0.024,0.085,1001
Alkem Lab,539523,ALKEM,Pharmaceuticals & Biotechnology,0.1717,0.111,0.2301,0.0714,0.0872,0.2095,0.2598,0.7234,0.18,29.12,3.34,61.3,21.05,-0.0245,0.2744,0.1939,-0.0017,0.1067,637
Alkyl Amines,506767,ALKYLAMINE,Chemicals & Petrochemicals,-0.0614,-0.0952,0.1803,-0.0125,-0.0223,0.1578,0.1527,1.0528,0,49.75,-22.33,32.1,28.11,-0.2765,0.1749,0.1396,0.0167,0.1619,LOW LIQUIDITY
All E Tech,,ALLETEC,IT - Software,-0.0713,0.1048,0.2009,-0.0114,0.0302,0.2943,0.2863,0.5664,0,15.35,5.08,6.1,7.82,-0.6355,0.0439,0.2239,0.0451,0.1937,
All Time Plastic,544479,ALLTIME,Consumer Durables,0.1248,-0.6855,0.1104,0,0,0.1414,0.0918,0.6549,0.22,48.59,,20.4,17.3,-0.1554,0.1025,0.21,-0.0391,0.21,734
Allcargo Gati,532345,ACLGATI,Transport Services,-0.0025,-0.2756,0.0365,0.0341,-0.1075,0.0137,0.0078,3.2936,0.29,97.51,-9.07,17.6,11.44,-0.3291,0.2855,0.0154,0.0432,0.1229,LOW LIQUIDITY
Allcargo Logist.,532749,ALLCARGO,Transport Services,0.1118,-0.2353,0.1155,-0.4359,-0.6506,0.0094,0.0474,1.4881,0.77,69.27,-1.06,168.1,4.72,-0.2501,0.6711,0.0249,-0.0281,0.6755,1260
Allcargo Termi,543954,ATL,Transport Infrastructure,0.0629,-0.0344,0.1947,0.013,-0.0329,0.1344,0.084,1.2515,2.09,28.08,-8.54,84.4,9.32,-0.2417,0.6627,0.1298,-0.0717,0.1627,LOW LIQUIDITY
Alldigi Tech,532633,ALLDIGI,Commercial Services & Supplies,0.1217,0.497,0.2444,0.056,0.048,0.1771,0.3229,1.2328,0.33,18.33,3.82,8.2,8.85,-0.2193,0.0584,0.2734,0.0136,0.2254,LOW LIQUIDITY
Allied Blenders,544203,ABDL,Beverages,0.1411,0.3522,0.1267,0.0817,0.3205,0.1205,0.2223,-1.7352,0.68,71.92,2.24,331.8,37.34,-0.0822,1.3691,0.1996,0.1937,-0.1209,442
Allied Digital,532875,ADSL,IT - Services,0.1511,0.3293,0.0912,0.0874,0.2755,0.0859,0.0906,1.1831,0.19,23.75,0.86,8.8,8.43,-0.4169,0.1385,0.0531,-0.0212,-0.2224,LOW LIQUIDITY
Almondz Global,531400,ALMONDZ,Capital Markets,-0.0082,0.3736,0.1524,0.0109,0.1039,0.1775,0.18,-0.3995,0.2,15.76,1.52,20.3,10.74,-0.5022,0.0446,0.0751,-0.0123,-0.0288,LOW LIQUIDITY
Alok Industries,521070,ALOKINDS,Textiles & Apparels,0.0626,0.3604,0.0046,-0.005,-0.1128,-0.0471,-0.1864,-0.4181,,,0,-202.5,308.01,-0.2972,0.2417,0,0,0.1128,1577
Alpex Solar,,ALPEXSOLAR,Electrical Equipment,1.7756,1.2332,0.149,0.8179,0.8444,0.1569,0.4082,0.5716,0.37,20.32,0.24,16.9,13.36,-0.1561,1.4714,0.4772,0.1891,-0.3672,
Alphalogic Tech.,542770,,IT - Software,-0.1059,0.126,0.1595,-0.1846,-0.0141,0.1469,0.1182,0.2707,0.1,83.02,-59.06,51.4,42.88,-0.551,0.0129,0.1149,-0.0076,0.129,
Altius Telecom,543225,,Telecom - Services,0.5115,0.3308,0.4086,0.2395,0.1022,0.2252,0.0216,1.5664,3.88,51.84,5.07,1063.6,9.43,-0.044,0.0857,0.057,-0.0126,-0.0452,
Alufluoride,524634,,Chemicals & Petrochemicals,0.0306,0.1877,0.2544,0.062,0.0427,0.1602,0.2093,0.4239,0.29,16.87,3.95,2.4,9.08,-0.1736,0.1786,0.2079,-0.0142,0.1652,
Amal,506597,,Chemicals & Petrochemicals,0.7964,0.0958,0.1593,0.375,0.3097,0.2318,0.366,1.4199,0,21.46,0.69,9.1,15.87,-0.4135,0.6342,0.3503,0.3261,0.0406,
Amanta Healthcar,544502,AMANTA,Pharmaceuticals & Biotechnology,0.0623,-0.1726,0.2067,0,0,0.1557,0.0411,1.0903,0.88,44.65,,8.4,8.8,-0.244,0.021,0.1299,0.0735,0.1299,LOW LIQUIDITY
Amara Raja Ener.,500008,ARE&M,Auto Components,0.0805,-0.121,0.1198,0.038,-0.0758,0.0869,0.1971,1.1279,0.04,21.78,-2.87,41.3,10.87,-0.294,0.1926,0.1234,-0.025,0.1992,1101
Amber Enterp.,540902,AMBER,Consumer Durables,-0.0224,-2.7115,0.0509,0.1013,-0.0914,0.0544,0.0695,1.2226,0.77,116.91,-12.79,25.1,33.12,-0.1409,0.4157,0.1128,0.0454,0.2042,426
Ambika Cotton,531978,AMBIKCO,Textiles & Apparels,-0.0038,0.1329,0.1337,-0.0255,-0.0569,0.144,0.0843,1.1871,0,12.04,-2.12,0.5,4.77,-0.2849,0.0246,0.0746,0.0056,0.1315,LOW LIQUIDITY
Ambuja Cements,500425,AMBUJACEM,Cement & Cement Products,0.2148,2.3364,0.1919,0.1064,0.3871,0.1708,0.0688,0.367,0.02,23.89,0.62,603.2,14.15,-0.1115,0.2261,0.0873,-0.005,-0.2998,1858
Amic Forging,544037,,Industrial Products,0.0457,-0.4542,0.2738,0.0321,0.2248,0.2715,0.2794,0.2239,0.05,71.33,3.17,13.9,47.33,-0.1145,0.8229,0.218,-0.0716,-0.0068,
Amines & Plast.,506248,AMNPLST,Chemicals & Petrochemicals,-0.201,-0.3691,0.081,-0.0465,-0.1169,0.0899,0.1686,0.4507,0.11,29.92,-2.56,22.1,17.36,-0.4379,0.0612,0.1711,-0.0267,0.288,LOW LIQUIDITY
Amrutanjan Healt,590006,AMRUTANJAN,Pharmaceuticals & Biotechnology,0.0708,0.1831,0.1404,0.04,0.1155,0.165,0.2683,0.7328,0.01,35.85,3.1,17.2,23.49,-0.166,0.292,0.1653,0.0104,0.0498,LOW LIQUIDITY
Anand Rathi Shar,544530,ARSSBL,Capital Markets,-0.0129,-0.1368,0.4106,0,0,0.3407,0.1029,2.3449,0.93,44.23,,21.1,6.97,-0.119,0.6253,0.2304,-0.007,0.2304,382
Anand Rathi Wea.,543415,ANANDRATHI,Capital Markets,0.2264,0.3053,0.4623,0.0515,0.1454,0.466,0.6891,0.5862,0.1,71.11,4.89,250.7,47.88,-0.115,0.8546,0.4533,0.0505,0.3079,87
Anand Rayons,542721,,Textiles & Apparels,0.3532,0.4019,0.012,0.1114,0.6542,0.0222,0.0718,1.5363,0.21,161.88,2.47,22.2,113.5,-0.0718,8.8856,0.0613,-0.0289,-0.5929,
Anant Raj,515055,ANANTRAJ,Realty,0.23,0.3082,0.2661,0.1158,0.1585,0.2604,0.1693,0.1926,0.13,45.08,2.84,173.4,35.34,-0.3485,0.6866,0.1089,0.0284,-0.0496,1103
Anantam Highways,544579,ANANTAM,Transport Infrastructure,0,0,,0,0,0.758,0.4961,-1.3654,8.7,5.51,,,7.7,-0.0871,0.0386,1.7703,3.3268,1.7703,
ANB Metal,,AMCL,Industrial Products,-0.1103,0.4341,0.1479,0,0,0.103,0.1502,0.2389,0.3,27.46,,4.9,20.7,-0.1943,0.8398,0.4592,-0.2066,0.4592,
Andhra Cements,532141,ACL,Cement & Cement Products,0.4191,-0.2018,-0.0575,0.2158,0.0522,-0.2363,-0.2004,-0.6041,12.22,,0,84.3,-195.14,-0.312,0.5715,-0.6844,-0.4148,-0.7366,2257
Andhra Paper,502330,ANDHRAPAP,"Paper, Forest & Jute Products",-0.1624,-1.4856,-0.0188,0.0048,-0.6505,0.03,0.0162,-0.581,0.14,68.03,-1.05,14.4,11.32,-0.349,0.0799,0.0307,-0.1603,0.6812,LOW LIQUIDITY
Andhra Petrochem,500012,,Chemicals & Petrochemicals,0.6074,1.5895,0.0055,0.1498,1.2525,-0.06,-0.0734,5.8125,0.15,,0,7.2,-13.58,-0.3756,0.0779,-0.0275,-0.1469,-1.28,
Andhra Sugars,590062,ANDHRSUGAR,Chemicals & Petrochemicals,0.1307,5.8782,0.0922,0.0935,1.0015,0.0542,0.0596,2.1138,0,13.52,0.13,8.9,5.21,-0.2323,0.2293,0.0251,-0.0219,-0.9764,LOW LIQUIDITY
Andrew Yule & Co,526173,ANDREWYU,Agricultural Food & other Products,-0.2002,-1.0013,-0.0645,-0.053,-1.1793,0.0052,0.0265,0.3603,0.33,251.85,-2.14,164.9,54.98,-0.4379,0.1007,-0.0796,0.0701,1.0997,
Angel One,543235,ANGELONE,Capital Markets,-0.2066,-0.4999,0.3457,-0.1105,-0.3326,0.305,0.2544,-0.9852,0.77,32.67,-0.98,39.9,12.39,-0.1968,0.4497,0.2707,-0.1622,0.6033,589
Anjani Portland,518091,APCL,Cement & Cement Products,0.5917,0.8258,0.0796,0.1516,-0.4826,-0.0473,-0.0595,-0.1524,2.17,,0,5.1,56.97,-0.328,0.3086,-0.3185,-0.1937,0.1641,LOW LIQUIDITY
Anlon Healthcare,544497,AHCL,Pharmaceuticals & Biotechnology,1.1597,2.5985,0.2632,0,0,0.2573,0.1093,-0.7286,0.27,31,,21,26.83,-0.0278,0.8274,0.4045,-0.2758,0.4045,LOW LIQUIDITY
Annapurna Swadi.,,ANNAPURNA,Food Products,0.2245,0.2368,0.1272,0.1155,0.1561,0.0989,0.101,-0.4138,0.36,22.46,1.44,3.6,10.92,-0.457,0.0502,0.0971,-0.0535,-0.059,
Anondita Medi.,,ANONDITA,Personal Products,0.7224,1.2561,0.3549,0,0,0.3234,0.178,-0.4205,0.43,51,,19.5,45.72,-0.042,1.4734,0,0,0,
Antelopus Selan,530075,ANTELOPUS,Oil,-0.2001,-0.4136,0.5336,-0.1031,-0.2409,0.3272,0.0894,1.2678,0.01,31.74,-1.32,10.7,13.96,-0.4633,0.0708,0.1718,0.0848,0.4127,LOW LIQUIDITY
Anthem Bioscienc,544449,ANTHEM,Pharmaceuticals & Biotechnology,0.0478,0.071,0.3962,0,0,0.362,0.2302,0.6265,0.04,77.97,,736.6,47.07,-0.2641,0.0044,0.2083,0.0078,0.2083,274
Antony Waste han,543254,AWHCL,Other Utilities,0.1646,0.129,0.1938,0.0608,-0.0127,0.1588,0.1136,1.2577,0.68,19.29,-15.15,5.5,7.25,-0.3296,0.0206,0.1134,-0.0494,0.1261,LOW LIQUIDITY
Anuh Pharma,506260,ANUHPHR,Pharmaceuticals & Biotechnology,0.1201,-0.494,0.0639,0.1036,-0.0647,0.0713,0.2017,0.6825,0,20.77,-3.21,24.7,12.87,-0.3469,0.0839,0.1341,-0.0608,0.1988,LOW LIQUIDITY
Anupam Rasayan,543275,ANURAS,Chemicals & Petrochemicals,1.4881,1.6629,0.1857,0.4666,0.621,0.1997,0.0622,-0.0972,0.38,84.18,1.36,45.3,24.86,-0.0661,0.8602,0.0332,-0.0159,-0.5878,2084
Anzen IYEP Trust,543655,ANZEN,Power,0.5926,-1.3958,0.795,0.367,-0.6101,0.3072,-0.0027,4.6156,1.32,,0,32.1,14,-0.0082,0.1517,-0.0165,0.0092,0.5936,
Apar Inds.,532259,APARINDS,Electrical Equipment,0.2306,0.2982,0.0806,0.1165,0.1497,0.0812,0.2582,0.8361,0.14,39.91,2.67,31,20.66,-0.2087,1.1862,0.195,-0.0733,0.0453,1390
Apcotex Industri,523694,APCOTEXIND,Industrial Products,-0.0409,0.9416,0.1206,0.0178,0.2803,0.0798,0.1708,0.9106,0.23,29.85,1.06,18.3,13.62,-0.1087,0.3806,0.0999,-0.008,-0.1804,LOW LIQUIDITY
Apeejay Surrend.,544111,PARKHOTELS,Leisure Services,0.1518,-0.4362,0.301,0.0647,0.0815,0.2457,0.0874,0.9292,0.17,32.76,4.02,49.2,14.28,-0.3232,0.0955,0.0687,-0.007,-0.0128,1714
Apex Frozen Food,540692,APEX,Food Products,0.1946,6.976,0.0478,0.1364,4.5372,0.038,0.057,3.5306,0.08,43.26,0.1,5.5,18.49,-0.0582,0.6082,0.0076,-0.0216,-4.5296,LOW LIQUIDITY
Apis India,506166,,Food Products,0.1967,0.3198,0.1149,0.0446,0.0937,0.0964,0.2205,0.1686,0.3,26.31,2.81,2.2,16.21,0,2.9155,0.158,-0.0422,0.0643,
APL Apollo Tubes,533758,APLAPOLLO,Industrial Products,0.0906,4.6038,0.0859,0.0303,0.4164,0.0687,0.2646,1.1315,0.16,45.56,1.09,288,28.41,-0.1111,0.3522,0.1895,-0.031,-0.2269,1563
Apollo Hospitals,508869,APOLLOHOSP,Healthcare Services,0.1278,0.2598,0.1493,0.0675,0.1982,0.1183,0.1442,0.8804,0.88,64.15,3.24,169.6,31.84,-0.0791,0.243,0.1842,0.0509,-0.014,493
Apollo Micro Sys,540879,APOLLO,Aerospace & Defense,0.4017,1.0825,0.2629,0.1902,0.4781,0.2447,0.1051,0.0998,0.29,110.03,2.3,290.4,53.19,-0.2123,2.0958,0.1023,0.0319,-0.3758,
Apollo Pipes,531761,APOLLOPIPE,Industrial Products,-0.0588,-0.6124,0.0669,-0.0408,-0.1825,0.0398,0.0438,0.5122,0.09,53.66,-2.94,7.7,14.35,-0.4147,0.0417,0.0461,0.0461,0.2286,LOW LIQUIDITY
Apollo Sindoori,,APOLSINHOT,Leisure Services,0.1079,0.3919,0.0424,0.0464,0.4747,0.0368,0.118,1.0933,0.54,30.33,0.64,0.6,10.72,-0.3385,0.1121,0.0534,-0.0346,-0.4213,LOW LIQUIDITY
Apollo Tyres,500877,APOLLOTYRE,Auto Components,0.0612,0.2557,0.1494,0.0237,0.0643,0.0839,0.0813,0.8391,0.29,25.27,3.93,135.7,9.8,-0.0619,0.4202,0.0861,-0.0461,0.0218,1884
Aprameya Enginee,,APRAMEYA,Healthcare Equipment & Supplies,3.5458,4.9075,0.2615,0.2421,0.5261,0.2207,0.4534,-0.4273,0.53,26.7,0.51,17.6,18.53,-0.0143,4.1493,0.3678,0.2067,-0.1583,
Aptech,532475,APTECHT,Other Consumer Services,0.0662,0.1294,0.0566,0.0531,0.1169,0.0789,0.1811,0.5484,0.06,27.91,2.39,14.8,12.85,-0.4828,0.0314,0.0763,-0.0551,-0.0406,LOW LIQUIDITY
Aptus Value Hou.,543335,APTUS,Finance,0.2911,0.245,0.8323,0.1417,0.1226,0.8579,1.6591,-0.9265,1.57,17.11,1.4,155.1,12.31,-0.2099,0.0766,0.1858,0.0136,0.0632,525
Archean Chemical,543657,ACI,Chemicals & Petrochemicals,-0.0303,-0.4052,0.2685,0.0695,-0.0224,0.2267,0.1294,0.706,0.15,40.76,-18.17,45.1,21.13,-0.2281,0.3807,0.098,-0.0947,0.1204,1776
ARCL Organics,543993,,Chemicals & Petrochemicals,0.5266,2.3119,0.1325,0.1482,0.5085,0.0984,0.2143,0.2554,0.39,16.96,0.33,2.9,9.95,-0.078,1.418,0.1725,-0.0162,-0.336,
Arfin India,539151,ARFIN,Non - Ferrous Metals,-0.142,-0.0504,0.0731,-0.0734,-0.224,0.0556,0.0649,-0.6199,0.93,135.81,-6.06,101.8,30.81,-0.0359,1.4783,0.0723,-0.0168,0.2963,LOW LIQUIDITY
Aries Agro,532935,ARIES,Fertilizers & Agrochemicals,0.055,0.0604,0.1867,0.0665,0.1255,0.109,0.154,1.6842,0.21,12.18,0.97,1.9,6.15,-0.2278,0.6473,0.1226,0.0454,-0.0029,LOW LIQUIDITY
Arih.Found.Hsg.,531381,,Realty,0.8182,0.8987,0.2722,0.4039,0.4265,0.3218,0.2145,-1.1119,0.88,17.71,0.42,3,13.94,-0.307,0.775,0.1647,0.0918,-0.2618,
Arihant Academy,,ARIHANTACA,Other Consumer Services,0.3697,0.3399,0.1625,0.2599,0.3775,0.1571,0.5146,1.0278,0,49,1.3,6.3,27.81,-0.0815,1.48,0.1924,0.1165,-0.1851,
Arihant Capital,511605,ARIHANTCAP,Capital Markets,-0.254,-0.344,0.4177,-0.1676,-0.2303,0.3673,0.1912,0.3137,0.51,23.55,-1.02,25.6,10.18,-0.187,0.7375,0.159,-0.0845,0.3893,938
Arihant Super.,506194,ARIHANTSUP,Realty,0.097,-0.3763,0.2443,0.0965,0.1487,0.2474,0.0654,-1.671,2.38,26.09,1.76,20.1,17.77,-0.3198,0.1336,0.1884,-0.1006,0.0397,LOW LIQUIDITY
Arisinfra Solu.,544419,ARISINFRA,Other Construction Materials,0.3837,13.0559,0.0935,0.1154,5.4836,0.0836,0.045,-0.3484,0.08,69.41,0.13,14.3,14.86,-0.2697,0.1244,0.0148,0.1662,-5.4688,1726
Arkade,544261,ARKADE,Realty,0.3075,0.0558,0.2396,0.1406,0.0158,0.2731,0.198,-1.0312,0.18,19.65,12.47,60.4,14.59,-0.2179,0.3041,0.2575,-0.2118,0.2417,933
Arman Financial,531179,ARMANFIN,Finance,-0.1228,-0.4768,0.4271,-0.0763,-1.0209,0.3308,0.0203,1.5949,1.37,,0,2.2,11.38,-0.0706,0.5491,0.0617,-0.2335,1.0826,1499
Arrow Greentech,516064,ARROWGREEN,Industrial Products,-0.0581,-0.1565,0.3398,-0.1162,-0.1829,0.3188,0.3288,0.7913,0.01,16.74,-0.92,6.1,10.43,-0.3938,0.1616,0.3957,0.1334,0.5786,38
Artemis Electri.,542670,,Electrical Equipment,2.9303,3.45,0.2987,0.2645,0.4941,0.1702,0.1593,3.9006,0.02,49.01,0.99,154.3,33.9,-0.3304,0.3594,0.0926,0.0398,-0.4015,
Artemis Medicare,542919,ARTEMISMED,Healthcare Services,0.1496,0.328,0.1859,0.0745,0.1415,0.1581,0.1102,0.9946,0.31,47.7,3.37,71.2,22.47,-0.1785,0.3842,0.1292,0.015,-0.0123,1020
Artson,522134,,Industrial Manufacturing,1.4664,0.2533,-0.0006,0.4261,0.4253,0.1042,0.2675,1.4019,18.53,124.75,2.93,871.5,34.7,-0.2271,0.3239,1.2429,1.2429,0.8176,
Arunis Abode,526935,,Commercial Services & Supplies,0,86.6471,0.5437,,-1,,0,2.0263,0,,0,26.2,,0,30.7532,-0.0188,-0.081,0.9812,
Arvind Fashions.,542484,ARVINDFASN,Retailing,0.1134,0.268,0.1321,0.0642,-0.5734,0.0859,0.0242,1.3422,1.22,,0,90.5,11.4,-0.1385,0.5739,-0.0363,-0.1243,0.5371,1853
Arvind Ltd,500101,ARVIND,Textiles & Apparels,0.0835,0.7314,0.1041,0.043,0.2033,0.0803,0.127,1.1143,0.4,22.76,1.12,63.9,11.13,-0.2075,0.3145,0.0932,-0.0041,-0.1101,1679
Arvind SmartSp.,539301,ARVSMART,Realty,-0.4709,-0.6515,0.2102,-0.1371,-0.1015,0.2649,0.3575,-0.4817,0.28,29.38,-2.89,20.8,16.7,-0.4234,0.0225,0.188,0.1093,0.2895,LOW LIQUIDITY
Aryaman Capital,538716,,Finance,0.487,1.9882,0.5779,0.1177,0.5155,0.4975,0.7246,0.9117,0,17.85,0.35,7.6,13.38,-0.3129,1.4203,0.3869,0.2017,-0.1286,
Aryaman Fin.Serv,530245,,Finance,-0.2365,0.5246,0.6196,0.0567,0.2896,0.5549,0.4536,0.7956,0,20.61,0.71,6.8,10.61,-0.3774,0.7695,0.313,0.0393,0.0234,
Asahi India Glas,515030,ASAHIINDIA,Auto Components,-0.0056,-0.4077,0.1634,0.0196,-0.1608,0.1202,0.0661,1.2,0.77,87.76,-5.46,173.4,33.98,-0.0248,0.7125,0.1361,-0.0126,0.2969,707
Asahi Songwon,532853,ASAHISONG,Chemicals & Petrochemicals,-0.1462,-0.4141,0.0786,-0.0091,-0.1921,0.0638,0.0718,1.384,0.55,18.76,-0.98,1.4,8.06,-0.4774,0.0473,0.0815,0.0918,0.2736,LOW LIQUIDITY
Asarfi Hospital,543943,,Healthcare Services,0.4533,0.4828,0.1987,0.2646,0.3155,0.1633,0.1638,-0.2088,0.54,29.84,0.95,9.3,12.63,-0.0357,1.9232,0.1406,0.0656,-0.1749,
Ashapura Minech.,527001,ASHAPURMIN,Minerals & Mining,0.5767,1.1793,0.1372,0.3614,0.3515,0.1396,0.2268,0.4716,0.86,16.65,0.47,44.4,12.05,-0.0424,1.8579,0.2714,0.0216,-0.0801,517
Ashiana Housing,523716,ASHIANA,Realty,2.0358,4.6477,0.176,0.5309,2.5759,0.1252,0.0883,7.1673,0.44,39.59,0.15,37.8,25.09,-0.2527,0.1939,0.0274,-0.0766,-2.5485,LOW LIQUIDITY
Ashika Credit,543766,,Finance,0,0,0.8176,0,0,-13.9458,-0.0832,6.599,0,,,8.1,-21.86,-0.6246,0.1794,-0.2026,-0.2026,-0.2026,
Ashima,514286,ASHIMASYN,Textiles & Apparels,-0.3068,-2.5189,-0.6776,-0.1337,-0.3768,-0.4206,-0.0302,-2.4606,0.58,,0,24.5,-142.85,-0.5029,0.1265,-0.0575,-0.4171,0.3193,LOW LIQUIDITY
Ashok Leyland,500477,ASHOKLEY,"Agricultural, Commercial & Construction Vehicles",0.1282,0.2363,0.1941,0.2042,0.0924,0.1814,0.2582,0.0152,4.33,25.56,2.77,3988.8,12.98,-0.0493,0.5279,0.2882,0.0047,0.1958,238
Ashoka Buildcon,533271,ASHOKA,Construction,-0.2562,-0.545,0.316,-0.1212,-0.1003,0.2982,0.5511,0.6013,0.47,3.37,-0.34,34,2.03,-0.4313,0.1478,0.5478,0.3211,0.6481,22
Asian Energy,530355,ASIANENE,Oil,0.0438,-0.8681,0.0794,0.1279,-0.1083,0.1096,0.1025,-0.5513,0.24,37.53,-3.47,14.3,18.62,-0.247,0.465,0.1245,0.0109,0.2328,LOW LIQUIDITY
Asian Granito,532888,ASIANTILES,Consumer Durables,0.0606,1.51,0.09,0.0573,0.153,0.0376,0.0298,2.3566,0.2,48.87,3.19,25.1,15.54,-0.1319,0.716,0.021,0.0302,-0.132,1624
Asian Hotels (N),500023,ASIANHOTNR,Leisure Services,-0.0151,0.8693,-0.0343,0.0219,-0.4088,0.1578,-0.25,6.7622,3.38,,0,6.7,17.28,-0.2135,0.7773,-0.4098,0.3276,-0.001,LOW LIQUIDITY
Asian Paints,500820,ASIANPAINT,Consumer Durables,0.0628,0.2045,0.1762,0.0139,0.0239,0.1693,0.2636,0.7775,0.18,69.07,28.85,1359.9,40.11,-0.0113,0.3619,0.2059,-0.1085,0.182,1086
Asian Star Co.,531847,,Consumer Durables,0.1612,-0.3861,0.0322,0.0212,-0.1289,0.0258,0.0313,2.5259,0.32,31.11,-2.41,1.2,16.14,-0.138,0.1903,0.0289,-0.0215,0.1578,
ASK Automotive,544022,ASKAUTOLTD,Auto Components,0.082,0.1861,0.1301,0.0303,0.0879,0.1056,0.2154,0.9977,0.53,34.72,3.95,159.1,20.17,-0.18,0.4232,0.2663,0.0282,0.1784,187
ASM Technologies,526433,,IT - Software,1.7127,5.6853,0.1969,0.5811,1.1448,0.1922,0.2594,-0.5178,0.18,96.3,0.84,26.4,54.06,-0.2041,2.5401,0.1685,0.2133,-0.9763,
Assoc.Alcohols,507526,ASALCBR,Beverages,-0.0031,-0.0855,0.0946,0.0137,0.0568,0.1105,0.2089,0.641,0.13,21.19,3.73,5.9,13.36,-0.3577,0.0743,0.1727,0.0439,0.1159,323
Astec Lifescienc,533138,ASTEC,Fertilizers & Agrochemicals,-0.252,0.3664,-0.0907,-0.0082,-0.1669,-0.1546,-0.2215,0.079,0.89,,0,7.5,-129.11,-0.5014,0.0301,-0.4529,-0.3342,-0.286,2228
Aster DM Health.,540975,ASTERDM,Healthcare Services,0.102,0.1383,0.197,0.0451,0.2284,0.1561,0.0936,0.6586,0.46,93.53,4.09,392.4,37.76,-0.0951,0.7159,0.0826,0.0513,-0.1458,1262
Astra Microwave,532493,ASTRAMICRO,Aerospace & Defense,-0.0654,-0.0587,0.223,0.0281,0.0817,0.2557,0.1752,-0.3533,0.24,57.25,7.01,75.3,29.46,-0.1877,0.6628,0.1443,-0.0062,0.0626,1090
Astral,532830,ASTRAL,Industrial Products,0.1511,0.2255,0.1628,0.0317,0.0051,0.1217,0.1751,0.8736,0.07,76.39,151.21,276.8,38.45,-0.2255,0.1755,0.1489,-0.0318,0.1438,1122
Astrazeneca Phar,506820,ASTRAZEN,Pharmaceuticals & Biotechnology,0.3703,0.5126,0.1345,0.1689,0.3199,0.1572,0.4281,0.257,0.04,98.62,3.08,71.3,62.1,-0.1471,0.466,0.2363,0.0071,-0.0836,739
Ather Energy,544397,ATHERENERG,Automobiles,0.5405,0.2186,-0.1474,0.2659,-0.0588,-0.2321,-0.2649,1.0271,0.16,,0,364.4,-53.24,-0.1329,1.3843,-1.565,-0.0372,-1.5062,2203
Atlanta Electric,544527,ATLANTAELE,Electrical Equipment,0.173,0.1239,0.1751,0,0,0.1556,0.2046,0.4464,0.46,58.21,,69.5,35.22,-0.159,0.1815,0.408,0.0912,0.408,58
Atlantaa,532759,ATLANTAA,Construction,-0.0983,-11.3136,-1.3509,-0.0323,-0.8006,-0.2665,0.0315,2.5343,1.53,43.76,-0.55,15.7,20.01,-0.3796,0.6702,0.231,0.231,1.0316,LOW LIQUIDITY
Atmastco Ltd,,ATMASTCO,Construction,-0.1265,-0.1895,0.1853,-0.0607,-0.135,0.1347,0.1868,-0.8031,0.62,27.03,-2,8.2,13.11,-0.3763,0.1566,0.1678,-0.0345,0.3028,
Atul,500027,ATUL,Chemicals & Petrochemicals,0.1142,0.3101,0.1724,0.0564,0.1128,0.1308,0.1332,0.8361,0.03,33.33,2.96,9,16.57,-0.2122,0.292,0.091,0.0246,-0.0218,1196
Atul Auto,531795,ATULAUTO,"Agricultural, Commercial & Construction Vehicles",0.102,0.695,0.0925,0.0504,0.2579,0.0581,0.0964,0.9153,0.32,47.4,1.84,7.8,22.78,-0.3345,0.1339,0.0499,0.0282,-0.208,1592
AU Small Finance,540611,AUBANK,Banks,0.1536,-0.0181,0.5283,0.0753,0.0309,0.6852,0.4064,0.5037,7.87,31.78,10.27,284.1,17.43,-0.0046,0.9351,0.1419,0.0114,0.111,649
Aurionpro Sol.,532668,AURIONPRO,IT - Software,0.2853,0.2059,0.2012,0.1318,0.0922,0.191,0.1559,0.6776,0.02,30.81,3.34,21.5,20.83,-0.4103,0.0578,0.153,-0.0442,0.0608,1430
Aurobindo Pharma,524804,AUROPHARMA,Pharmaceuticals & Biotechnology,0.0628,0.038,0.2025,0.0249,-0.0119,0.1674,0.1564,0.7149,0.22,21.16,-17.82,121.1,9.99,-0.0946,0.2428,0.1108,-0.0047,0.1227,1120
Aurum Proptech,539289,AURUM,IT - Services,0.2899,0.3466,0.2576,0.0836,-0.1132,-0.0175,-0.0434,-1.8392,0.58,,0,17.6,16,-0.3719,0.1518,-0.1461,0.1252,-0.0329,LOW LIQUIDITY
Australian Prem,,APS,Electrical Equipment,0.8388,1.1441,0.1399,0.318,0.3849,0.1317,0.4266,0.449,0.23,16.9,0.44,13.8,11.41,-0.3054,0.3167,0.5782,0.382,0.1933,LOW LIQUIDITY
Authum Invest,539177,AIIL,Finance,-0.4545,-0.0938,0.9665,-0.1539,-0.0543,0.9403,5.5768,0.4099,0.17,11.52,-2.12,48.5,13.31,-0.1786,1.0566,0.3414,-0.0991,0.3957,526
Auto.Corp.of Goa,505036,,Auto Components,0.5891,0.9946,0.0826,0.1961,0.2674,0.1004,0.2721,0.1553,0.34,18.87,0.71,2.4,13.06,-0.2591,0.9552,0.1972,0.0112,-0.0702,
Autoline Industr,532797,AUTOIND,Auto Components,0.1084,-0.435,0.098,0.027,-0.3459,0.0774,0.0889,1.2086,1.54,21.48,-0.62,8,7.75,-0.4667,0.0272,0.1494,-0.0144,0.4953,LOW LIQUIDITY
Automotive Axles,505010,AUTOAXLES,Auto Components,-0.0665,-0.0006,0.1046,-0.0173,0.0204,0.1049,0.2179,0.6063,0.01,15.82,7.76,3.7,9.99,-0.1712,0.0828,0.1658,-0.0366,0.1454,LOW LIQUIDITY
Automotive Stamp,520119,ASAL,Auto Components,0.0744,0.0257,0.0594,-0.0054,-0.0265,0.0393,0.2447,-0.2185,7.18,52.87,-19.96,82.1,18.41,-0.372,0.3014,23.3235,23.3235,23.35,LOW LIQUIDITY
Avadh Sugar,540649,AVADHSUGAR,Agricultural Food & other Products,0.0572,-8.9398,0.0268,0.017,-0.2773,0.0654,0.0613,0.6954,0.56,12.13,-0.44,1.5,5.79,-0.3903,0.0844,0.0824,-0.0511,0.3597,LOW LIQUIDITY
Avalon Tech,543896,AVALON,Electrical Equipment,0.3907,0.4291,0.101,0.2106,0.4579,0.1014,0.1737,0.2538,0.25,74.78,1.63,67.1,39.75,-0.2564,0.6388,0.1035,0.0593,-0.3544,1239
Avantel,532406,AVANTEL,Aerospace & Defense,-0.2842,-0.8135,0.2043,-0.0877,-0.4036,0.2298,0.1517,0.6048,0.09,124.12,-3.08,342.2,61.73,-0.2666,0.7456,0.2812,-0.1058,0.6848,490
Avanti Feeds,512573,AVANTIFEED,Food Products,0.1879,0.3488,0.1204,0.0627,0.2259,0.1464,0.2447,0.8262,0,18.54,0.82,51.9,11.54,-0.1278,0.4714,0.1953,0.0444,-0.0306,496
Avenue Super.,540376,DMART,Retailing,0.1545,0.0386,0.0728,0.0762,0.013,0.0598,0.1585,0.6607,0.07,95.89,73.5,744.9,55.19,-0.1865,0.2066,0.1344,-0.0104,0.1214,1066
AVG Logistics,543910,AVG,Transport Services,0.0295,-0.0617,0.1685,0.0108,-0.0323,0.0995,0.0727,0.6813,1.08,14.92,-4.63,1.8,5.74,-0.5559,0.0465,0.0957,-0.0526,0.128,LOW LIQUIDITY
Avishkar Infra,508929,,Realty,0,0,,0,0,1.2792,0.1007,-9.4332,1.48,491.83,,264.4,522.25,0,11.228,1.4805,1.4805,1.4805,
Avonmore Capital,511589,AVONMORE,Finance,-0.3199,-0.746,0.1993,-0.0848,-0.5148,0.1955,0.1396,-0.1376,0.07,37.16,-0.72,38.9,14.27,-0.3813,0.4488,0.0859,0.0431,0.6007,LOW LIQUIDITY
AVP Infracon,,AVPINFRA,Construction,1.0139,0.8158,0.2167,0.3568,0.3145,0.1997,0.4203,-0.1701,1.14,8.69,0.28,5.9,6.48,-0.4275,0.2773,0.302,-0.0079,-0.0125,
AVT Natural Prod,519105,AVTNPL,Agricultural Food & other Products,0.3158,1.1062,0.0927,0.1194,0.2719,0.1416,0.1516,-0.4474,0.19,17.4,0.64,31.1,11.18,-0.1646,0.3745,0.0989,-0.0195,-0.173,LOW LIQUIDITY
AWFIS Space,544181,AWFIS,Commercial Services & Supplies,0.2547,0.0894,0.3607,0.1254,0.0766,0.1644,0.0383,1.9669,2.91,76.28,9.95,56.1,9.44,-0.3233,0.0174,0.2607,0.2607,0.1841,114
AWL Agri Busine.,543458,AWL,Agricultural Food & other Products,0.2174,-0.2132,0.0391,0.0952,-0.1197,0.0306,0.1427,0.9229,0.11,33.13,-2.77,470.3,13.84,-0.1817,0.1911,0.1386,0.1194,0.2583,218
Axis Bank,532215,AXISBANK,Banks,0.0224,-0.2531,0.5573,0.0149,-0.0739,0.8273,0.3914,0.4118,7.28,15.17,-2.05,617.1,16.58,-0.0045,0.3609,0.163,-0.021,0.2369,717
AXISCADES Tech.,532395,AXISCADES,Aerospace & Defense,0.1297,0.8387,0.1574,0.0529,0.1795,0.1307,0.1434,0.7038,0.37,70.3,3.92,39.8,36.79,-0.1426,2.6241,0.1267,0.0556,-0.0528,859
Axtel Industries,523850,,Industrial Manufacturing,0.2059,0.7153,0.1957,-0.0335,0.1774,0.1487,0.2053,1.3416,0,37.5,2.11,9.7,24.42,-0.1543,0.2555,0.1445,-0.1499,-0.0329,
AYM Syntex,508933,AYMSYNTEX,Textiles & Apparels,-0.1347,-1.099,0.0556,-0.0504,-0.8824,0.0268,0.0076,1.6927,0.41,670.54,-7.6,10.2,11.93,-0.477,0.1147,0.0253,0.0115,0.9077,LOW LIQUIDITY
Azad Engineering,544061,AZAD,Electrical Equipment,0.2806,0.5662,0.3602,0.1487,0.2799,0.3513,0.1044,0.4369,0.2,95.3,3.4,47.1,49.06,-0.1336,0.4817,0.0858,-0.045,-0.1941,2029
Azad India,504731,,Industrial Products,0,0.7692,0.0025,3.0454,3.25,0.0052,0.0013,340.2667,0.01,5079.24,15.63,36.6,2309.5,-0.1029,0.8251,0.0008,0.0008,-3.2492,
B C C Fuba India,517246,,IT - Hardware,0.504,0.5761,0.1546,0.2456,0.2722,0.1364,0.2099,-0.0084,0.57,63.72,2.34,17.8,34.23,-0.1024,1.6165,0.1741,-0.0342,-0.0981,
B H E L,500103,BHEL,Electrical Equipment,0.1409,2.5317,0.0773,0.0328,0.0738,0.0525,0.0324,1.3427,0.45,180.29,24.42,1437.2,56.29,-0.0109,0.6432,0.0212,0.0099,-0.0526,1689
B P C L,500547,BPCL,Petroleum Products,0.021,1.683,0.093,0.0037,0.5838,0.0729,0.2717,1.0706,0.56,7.37,0.13,732.7,4.97,-0.0418,0.5625,0.1731,-0.2452,-0.4107,1976
B-Right Real,543543,,Realty,0.3414,5.1379,0.3481,0.1341,1.1171,0.2321,0.0609,-1.574,1.07,88.14,0.79,3,18.68,-0.1092,0.7754,0.0158,-0.0018,-1.1013,
B.L.Kashyap,532719,BLKASHYAP,Construction,0.3287,-1.919,0.0576,0.0641,-1.1775,0.0513,0.0085,1.1495,0.59,,0,49.3,18.73,-0.3974,0.1948,0.02,-0.0886,1.1975,LOW LIQUIDITY
B&B Triplewall,543668,BBTCL,Industrial Products,0.2143,19.3043,0.1469,0.1461,-0.6474,0.0355,-0.0032,2.3316,1.87,,0,7.7,10.33,-0.1565,0.7992,-0.0479,-0.1985,0.5995,LOW LIQUIDITY
Baazar Style,544243,STYLEBAAZA,Retailing,0.71,2.1474,0.13,0.2403,0.659,0.077,0.0562,0.5195,1.91,61.17,0.93,36.2,11.66,-0.243,0.6395,0.0705,-0.0412,-0.5885,2105
Bafna Pharma.,532989,BAFNAPH,Pharmaceuticals & Biotechnology,-0.1203,0.1908,0.1207,-0.0241,0.6593,0.097,0.0944,2.433,0.36,38.16,0.58,10.5,23.51,-0.1681,1.5147,0.0769,-0.0175,-0.5824,LOW LIQUIDITY
Baheti Recycling,,BAHETI,Industrial Products,0.2253,0.3205,0.0674,0.1115,0.1287,0.0754,0.3338,-0.5772,2.97,28.24,2.19,8.7,17.05,-0.1508,0.6821,0.3563,0.167,0.2276,
Bajaj Auto,532977,BAJAJ-AUTO,Automobiles,0.1878,0.5317,0.1798,0.0723,0.1405,0.2212,4.7752,-0.1328,0.58,29.78,2.12,202.8,21.17,-0.078,0.2534,0.2277,-0.0371,0.0872,981
Bajaj Consumer,533229,BAJAJCON,Personal Products,0.1337,0.3278,0.1803,0.0539,0.1013,0.1642,0.2536,0.4291,0.03,28.88,2.85,87.3,21.85,-0.1104,0.8285,0.157,-0.0314,0.0557,1316
Bajaj Electrical,500031,BAJAJELEC,Consumer Durables,-0.01,-0.2357,0.0516,-0.0206,-0.1804,0.0394,0.0857,1.6486,0.13,61.61,-3.42,38.3,17.1,-0.4304,0.0122,0.0712,-0.0058,0.2516,1095
Bajaj Finance,500034,BAJFINANCE,Finance,0.1806,0.2189,0.6875,0.093,0.0982,0.6727,1.5725,-1.4468,3.85,34.19,3.48,3772.4,19.36,-0.0879,0.5588,0.1922,-0.0285,0.094,1001
Bajaj Finserv,532978,BAJAJFINSV,Finance,0.1098,0.0753,0.3757,0.0572,0.0895,0.3691,0.6171,-1.2841,5.13,33.84,3.78,684.3,13.22,-0.066,0.3213,0.1339,-0.0189,0.0444,1351
Bajaj Healthcare,539872,BAJAJHCARE,Pharmaceuticals & Biotechnology,0.1114,0.4928,0.1822,0.0579,0.2856,0.1328,0.1151,0.2906,0.49,26.88,0.94,8.9,15.48,-0.4152,0.17,0.1069,0.2292,-0.1787,971
Bajaj Hindusthan,500032,BAJAJHIND,Agricultural Food & other Products,-0.0021,-0.3963,-0.0466,-0.0251,5.946,-0.0031,-0.0328,3.0293,0.87,,0,90.1,29.93,-0.4073,0.2715,-0.0054,0.0136,-5.9514,2042
Bajaj Holdings,500490,BAJAJHLDNG,Finance,0.4221,0.0854,0.8905,0.3434,0.1005,7.7826,-60.063,-0.2936,0,18.43,1.83,21.4,16.7,-0.2111,0.1594,0.1101,-0.0376,0.0096,1733
Bajaj Housing,544252,BAJAJHFL,Finance,0.143,0.1784,0.9083,0.0785,0.0905,0.9057,-587.0772,-1.9505,4.44,37.43,4.14,3476.5,19.4,-0.2819,0.0297,0.1346,-0.0177,0.0441,1341
Bajaj Steel Inds,507944,,Industrial Manufacturing,0.1472,0.2209,0.1821,-0.0186,-0.0599,0.148,0.1951,0.5804,0.12,19.13,-3.19,5.8,10.96,-0.4373,0.2314,0.1787,-0.0177,0.2386,
Bajel Projects,544042,BAJEL,Electrical Equipment,-0.0733,-0.0164,0.0334,0.0181,-0.1679,0.032,0.0598,0.8233,0.16,164.83,-9.82,34.7,19.96,-0.4064,0.2603,0.025,0.025,0.1929,LOW LIQUIDITY
Balaji Amines,530999,BALAMINES,Chemicals & Petrochemicals,-0.0182,-0.1567,0.1757,-0.0176,-0.0741,0.1457,0.0941,1.1779,0.02,26.44,-3.57,6.6,14.69,-0.4387,0.07,0.0883,-0.0366,0.1624,LOW LIQUIDITY
Balaji Phos.,,BALAJIPHOS,Fertilizers & Agrochemicals,0.3567,0.8548,0.148,0.176,0.4684,0.1314,0.1697,-2.5062,0.46,27.32,0.58,8.6,17.33,-0.2764,0.8409,0.1377,-0.0508,-0.3307,
Balaji Telefilms,532382,BALAJITELE,Entertainment,-0.662,-1.8551,-0.143,-0.3795,-0.1685,-0.1276,0.1605,-6.5481,0.04,20.37,-1.21,26.8,-51.09,-0.1391,1.4818,0.158,0.1114,0.3265,LOW LIQUIDITY
Balgopal Commer.,539834,,Commercial Services & Supplies,-1,-1.0127,,-0.6786,-1.5805,-17.1667,-0.1229,-1.0974,0.16,,0,11.7,-118.52,-0.3112,2.5606,0.1254,0.1254,1.7059,
Balkrishna Inds,502355,BALKRISIND,Auto Components,-0.0109,-0.2126,0.2136,0.0018,-0.0913,0.1878,0.2006,0.8263,0.35,32.48,-3.56,83,17.95,-0.209,0.0769,0.1578,-0.0018,0.2491,515
Balmer Law. Inv.,532485,,Finance,-0.005,-0.0887,0.1099,0.0081,0.0043,0.15,0.1433,0.4372,0.17,9.71,22.41,27.2,3.44,-0.2163,0.2513,0.1315,0.0007,0.1272,
Balmer Lawrie,523319,BALMLAWRIE,Diversified,-0.0054,-0.0955,0.1062,0.02,0.0014,0.1229,0.2102,0.5197,0.12,12.46,86.8,29.1,8.65,-0.2146,0.3179,0.1397,0.0029,0.1383,LOW LIQUIDITY
Balrampur Chini,500038,BALRAMCHIN,Agricultural Food & other Products,0.2872,-0.1978,0.0721,0.0911,0.0268,0.1081,0.1384,0.7073,0.2,23.07,8.62,48.2,12.42,-0.263,0.1042,0.1096,-0.0281,0.0828,1514
Balu Forge,531112,BALUFORGE,Industrial Products,0.3438,0.355,0.2765,0.1456,0.1958,0.2938,0.2451,0.5596,0.07,29.43,1.5,65.5,22.81,-0.2747,0.4691,0.2538,0.0047,0.058,483
Banco Products,500039,BANCOINDIA,Auto Components,0.1601,0.0014,0.1438,0.0963,0.1425,0.1691,0.2943,0.3031,0.45,26.02,1.83,98.6,16.97,-0.105,1.688,0.3218,0.0532,0.1793,136
Bandhan Bank,541153,BANDHANBNK,Banks,-0.0265,-0.8807,0.4439,-0.0094,-0.5526,0.5732,0.1515,0.1955,6.76,20.05,-0.36,161.4,14.88,-0.2057,0.193,0.1188,0.0106,0.6714,306
Banganga Paper,512025,,Commercial Services & Supplies,0.4289,0.3077,0.0373,0.4889,0.3723,0.054,0.1585,-0.6762,0.48,204.98,5.51,386,85.76,-0.5109,0.1618,0.2366,0.2366,-0.1357,
Bank of Baroda,532134,BANKBARODA,Banks,0.0444,-0.0414,0.6534,0.0284,-0.0697,0.8104,0.2312,0.3297,10.53,7.88,-1.13,493.6,16.63,-0.0017,0.538,0.1553,-0.0116,0.225,686
Bank of India,532149,BANKINDIA,Banks,0.0604,0.0642,0.7382,0.0347,0.0722,0.8493,0.1506,0.3133,11.67,6.75,0.94,368.7,16.04,-0.0097,0.651,0.1235,0.0237,0.0513,810
Bank of Maha,532525,MAHABANK,Banks,0.1846,0.252,0.6809,0.0918,0.0984,0.7768,0.3291,0.4053,10.66,7.73,0.79,1152.3,17.22,-0.0068,0.6043,0.2281,-0.0002,0.1297,475
Bannari Amm.Sug.,500041,BANARISUG,Agricultural Food & other Products,0.2067,0.246,0.1311,0.0628,0.165,0.1041,0.079,2.4131,0.01,37.77,2.29,3.2,17.79,-0.2145,0.224,0.0604,-0.0332,-0.1046,LOW LIQUIDITY
Bansal Wire Inds,544209,BANSALWIRE,Industrial Products,0.2786,-0.0343,0.0727,0.1004,0.0529,0.0668,0.1322,-0.6081,0.44,33.14,6.26,58.7,18.57,-0.3599,0.0793,0.1711,-0.0313,0.1182,LOW LIQUIDITY
Banswara Syntex,503722,BANSWRAS,Textiles & Apparels,0.0061,0.4104,0.0873,0.0287,-0.0087,0.0555,0.0392,1.0973,0.9,19.51,-22.5,2.6,7.34,-0.3076,0.1293,0.04,-0.0274,0.0487,LOW LIQUIDITY
Bartronics India,532694,ASMS,IT - Services,0.4011,3,0.0565,-0.0297,3.84,0.001,-0.8776,-6.4615,0.01,312.88,0.81,390.3,4717,-0.4976,0.0561,0.0091,-0.0726,-3.8309,LOW LIQUIDITY
BASF India,500042,BASF,Chemicals & Petrochemicals,-0.0809,-0.2102,0.0393,-0.0369,-0.1854,0.0367,0.1548,0.6002,0.04,49.63,-2.68,21.7,27.39,-0.2915,0.0849,0.1373,-0.0525,0.3227,LOW LIQUIDITY
Basilic Fly Stud,,BASILIC,Entertainment,1.4914,1.0676,0.1982,0.3729,0.3037,0.1892,0.1792,0.159,0.21,17.06,0.56,7.3,9.79,-0.3036,0.5911,0.2479,-0.2242,-0.0558,
Bata India,500043,BATAINDIA,Consumer Durables,-0.0428,-0.6366,0.1809,-0.0111,-0.2306,0.1122,0.1079,1.6509,0.9,69.92,-3.03,109.6,17.47,-0.3158,0.006,0.1559,-0.0417,0.3865,768
Batliboi,522004,,Industrial Manufacturing,0.1605,0.0124,0.0748,-0.0191,-0.38,0.043,0.0489,0.098,0.4,74.89,-1.97,12.6,29.33,-0.1818,0.7127,0.0684,-0.0215,0.4484,
Bayer Crop Sci.,506285,BAYERCROP,Fertilizers & Agrochemicals,-0.106,0.1203,0.1322,0.018,0.0702,0.1356,0.2441,0.3611,0.03,33.64,4.79,29.5,23.53,-0.3031,0.0807,0.1996,-0.0674,0.1294,1132
BCL Industries,524332,BCLIND,Beverages,-0.0414,0.0452,0.0971,0.0449,0.1038,0.0603,0.119,0.379,0.78,10.12,0.98,36.5,6.99,-0.387,0.0833,0.1299,-0.0302,0.0261,LOW LIQUIDITY
Bedmutha Indus.,533270,BEDMUTHA,Industrial Products,0.4462,-1.0877,0.0392,0.1722,-1.0021,0.0307,-0.0001,1.821,1.52,,0,7.9,9.25,-0.5487,0.0206,0.1801,-0.0054,1.1822,LOW LIQUIDITY
Beekay Steel Ind,539018,,Industrial Products,0.1608,-0.645,0.0775,0.0684,0.113,0.0889,0.0744,1.5649,0.28,12.32,1.09,1.5,8.09,-0.402,0.0208,0.0633,-0.0459,-0.0497,
Bella Casa Fashi,539399,BELLACASA,Textiles & Apparels,0.1799,0.3905,0.0828,0.1013,0.2008,0.0776,0.1389,0.4453,0.5,30.02,1.5,4.8,17.98,-0.3797,0.2149,0.1347,0.009,-0.0661,LOW LIQUIDITY
Belrise Industri,544405,BELRISE,Auto Components,0.1377,0.8154,0.1258,0.0924,0.2827,0.0957,0.1049,0.9362,0.29,32.2,1.14,262.5,12.98,-0.0228,0.8481,0.1409,0.0042,-0.1418,1264
Bemco Hydraulics,522650,,Industrial Manufacturing,-0.1025,0.1585,0.2597,-0.0507,0.1277,0.2196,0.2479,0.6768,0.21,33.66,2.64,27.5,21.59,-0.4259,0.7836,0.1989,0.0473,0.0712,
BEML Land Assets,543898,BLAL,Finance,0,0.3117,,,0.1013,,-0.4219,-0.3154,,,0,-1623.9,-278.69,-0.2153,0.1234,-1.2584,-0.7044,-1.3597,LOW LIQUIDITY
BEML Ltd,500048,BEML,"Agricultural, Commercial & Construction Vehicles",-0.0241,-0.0588,0.0872,-0.0052,0.0181,0.1134,0.1073,0.4021,0.24,54.58,30.16,48,31.62,-0.2044,0.6529,0.1046,-0.006,0.0865,1279
Benares Hotels,509438,,Leisure Services,-0.0233,-0.1556,0.3448,0.0106,0.0005,0.4285,0.3215,0.7157,0.02,27.94,604.2,0.9,17.47,-0.2559,0.1627,0.2829,-0.0283,0.2824,
Bengal & Assam,533095,,Finance,0.089,0.7169,0.2975,0.0176,0.1314,0.2292,0.8826,0.6906,0.05,10.32,0.79,0.9,15.43,-0.2554,0.1839,0.0764,-0.1463,-0.055,
Berger Paints,509480,BERGEPAINT,Consumer Durables,0.0191,-0.235,0.1246,0.0141,-0.0538,0.1317,0.2264,0.7854,0.11,62.11,-11.54,1274.9,36.07,-0.0265,0.3454,0.2026,-0.0328,0.2564,635
Best Agrolife,539660,BESTAGRO,Fertilizers & Agrochemicals,-0.3078,-0.5887,0.15,-0.2027,-0.8169,0.0563,0.0403,1.4088,0.54,55.45,-0.68,2.1,8.64,-0.5519,0.2296,0.0995,-0.0814,0.9164,LOW LIQUIDITY
Beta Drugs Ltd,,BETA,Pharmaceuticals & Biotechnology,0.1292,-0.0213,0.2014,0.0642,-0.0116,0.1892,0.1716,0.5274,0.66,36.96,-31.93,7.6,19.33,-0.2435,0.1591,0.2586,-0.0017,0.2702,262
BF Investment,533303,BFINVEST,Finance,0.0414,0.1091,0.8599,0.0282,-0.6309,1.6827,0.2235,0.0703,0,20.57,-0.33,0.9,11.29,-0.4142,0.1259,0.0339,-0.0457,0.6648,LOW LIQUIDITY
BF Utilities,532430,BFUTILITIE,Transport Infrastructure,-0.1065,2.8454,0.2095,-0.0339,-0.5207,0.6552,0.5107,-1.1009,0.06,336.73,-6.47,56.4,204.79,-0.3658,0.1977,0.1022,0.0317,0.6229,LOW LIQUIDITY
BGR Energy Sys.,532930,BGRENERGY,Construction,0.0086,0.6686,-0.6783,-0.1867,0.0259,-1.2066,-0.5056,5.0223,,,0,-11.1,-16.07,-0.1562,10.8668,0,0,-0.0259,1855
Bhageria Indust.,530803,BHAGERIA,Chemicals & Petrochemicals,0.5831,0.8,0.1131,0.2022,0.4856,0.1013,0.123,1.0474,0.13,16.65,0.34,6.4,8.71,-0.2085,0.4735,0.0635,0.0274,-0.4221,1621
Bhagiradha Chem.,531719,BHAGCHEM,Fertilizers & Agrochemicals,0.3506,0.011,0.1075,0.1107,-0.1205,0.0595,0.024,-1.6316,0.27,273.57,-22.7,62.7,79.49,-0.2948,0.1275,0.0253,-0.0248,0.1458,LOW LIQUIDITY
Bhagyanagar Ind,512296,BHAGYANGR,Non - Ferrous Metals,0.4224,2.0214,0.0434,0.1776,1.3981,0.0326,0.1126,-4.4616,1.63,17.65,0.13,6.8,12.17,-0.0992,1.4003,0.057,-0.0066,-1.3411,2036
Bhansali Engg.,500052,BEPL,Chemicals & Petrochemicals,-0.114,-0.1269,0.151,-0.0529,-0.0737,0.1719,0.2199,0.4459,0,13.92,-1.89,55.6,9.38,-0.4088,0.0358,0.187,0.0068,0.2607,LOW LIQUIDITY
Bharat Bijlee,503960,BBL,Electrical Equipment,0.2014,0.5024,0.0735,0.0891,0.1037,0.1011,0.3028,0.8992,0.09,22.58,2.18,1.7,14.11,-0.2988,0.2502,0.07,-0.0099,-0.0337,LOW LIQUIDITY
Bharat Dynamics,541143,BDL,Aerospace & Defense,1.1055,0.7619,0.1635,0.197,0.1901,0.2211,0.1144,0.2223,0,86.12,4.53,489.6,54.36,-0.267,0.6944,0.1438,-0.0352,-0.0463,LOW LIQUIDITY
Bharat Electron,500049,BEL,Aerospace & Defense,0.2578,0.1788,0.2939,0.0582,0.0738,0.3033,0.3575,0.0828,0,54.31,7.36,10486.4,37.09,-0.0294,0.7622,0.2922,0.0295,0.2184,149
Bharat Forge,500493,BHARATFORG,Auto Components,0.0931,0.2283,0.1796,0.0097,0.1364,0.1304,0.1649,0.9503,0.71,63.96,4.69,353.1,25.85,-0.005,0.5735,0.1158,-0.017,-0.0206,1607
Bharat Global,521238,,IT - Hardware,-0.6311,-0.437,0.0441,-0.051,-0.0692,0.0316,0.1078,-7.2417,0.46,121.28,-17.51,96.3,93.52,-0.8951,1.5151,0.11,0.0444,0.1792,
Bharat Parenter.,541096,,Pharmaceuticals & Biotechnology,-0.0979,0.0347,0.0128,0.0484,-0.5656,-0.0126,0.0086,1.3611,0.39,,0,1.6,29.44,-0.4057,0.3856,-0.0471,-0.1238,0.5185,
Bharat Rasayan,590021,BHARATRAS,Fertilizers & Agrochemicals,-0.1278,-0.3484,0.1156,0.0475,0.1978,0.1554,0.1572,1.0649,0.08,31.34,1.58,1.5,20.17,-0.1425,0.1891,0.1109,0.0286,-0.0869,1136
Bharat Seats,523229,BHARATSE,Auto Components,0.5777,0.3944,0.0494,0.2298,0.1675,0.0384,0.1633,1.8253,0.64,30.81,1.84,35.6,14.22,-0.2206,2.0556,0.1804,0.0214,0.0129,594
Bharat Wire,539799,BHARATWIRE,Industrial Products,0.0815,0.1739,0.2335,0.0332,0.0123,0.1757,0.0819,0.6666,0.13,17.71,14.4,11.5,10.29,-0.2392,0.5479,0.2291,-0.1938,0.2168,1046
Bharti Airtel,532454,BHARTIARTL,Telecom - Services,0.2573,0.6511,0.5669,0.125,0.42,0.3258,0.1278,2.1191,1.77,40.23,0.96,6271,13.13,-0.003,0.4296,0.2318,0.0842,-0.1882,478
Bharti Hexacom,544162,BHARTIHEXA,Telecom - Services,0.1047,0.6642,0.5213,0.0669,0.2073,0.301,0.2168,2.0189,1.06,56.95,2.75,731.9,20.03,-0.1095,0.4923,0.2515,0.1113,0.0442,229
Bhartiya Intl.,526666,BIL,Consumer Durables,0.3497,0.293,0.0887,0.1498,0.8374,0.0756,0.0876,0.5458,1.04,38.71,0.46,3.1,13.24,-0.1554,0.8802,0.0375,0.0369,-0.7999,1754
Bhatia Colour,543497,,Chemicals & Petrochemicals,0.2153,0.5415,0.0711,0.1113,0.3046,0.0613,0.0631,-0.9705,0.09,115.39,3.79,7.6,62.28,-0.0814,1.3731,0.0517,-0.0053,-0.2529,
Bhatia Communic.,540956,,Retailing,0.2518,0.0191,0.0417,0.0767,-0.0007,0.0433,0.173,0.2576,0.34,23.87,-330.12,41.1,15.29,-0.2631,0.1958,0.1788,-0.0122,0.1795,
BIGBLOC Const.,540061,BIGBLOC,Cement & Cement Products,0.3031,-1.5587,0.0281,0.092,-1.1281,0.0191,0.0074,0.6641,1.51,,0,80.4,44.54,-0.5625,0.0915,0.0802,-0.2644,1.2083,LOW LIQUIDITY
Bikaji Foods,543653,BIKAJI,Food Products,0.1513,0.1972,0.1544,0.0713,0.0726,0.1077,0.1817,0.6885,0.21,83.52,11.5,301.6,45.81,-0.1668,0.3843,0.1548,-0.09,0.0822,1558
Billionbrains,544603,GROWW,Capital Markets,0,0,0.5337,0,0,0.6171,0.854,-0.3839,0.13,57.49,,,40,-0.1239,0.5169,0.4992,0.2334,0.4992,31
Biocon,532523,BIOCON,Pharmaceuticals & Biotechnology,0.1964,4.8623,0.1945,0.0796,-0.5192,0.1134,0.0162,1.484,0.62,115.55,-2.23,273.5,18.25,-0.0349,0.4102,0.0476,-0.0049,0.5668,911
Birla Cable,500060,BIRLACABLE,Telecom - Equipment & Accessories,-0.0311,-0.655,0.0409,0.0074,0.006,0.0275,0.027,5.5809,0.41,88.17,146.95,4.9,15.96,-0.394,0.1793,0.0198,-0.0491,0.0138,LOW LIQUIDITY
Birla Corpn.,500335,BIRLACORPN,Cement & Cement Products,0.1301,4.5919,0.1382,0.0562,0.6092,0.1037,0.0664,2.236,0.45,17.08,0.28,9.7,7.79,-0.2392,0.2967,0.0479,-0.018,-0.5613,2068
Birla Precision,522105,,Industrial Manufacturing,0.1096,1.5075,0.1266,0.0859,0.8033,0.0936,0.0903,0.54,0.27,30.22,0.38,12.6,13.71,-0.3332,0.4894,0.0385,-0.0375,-0.7648,
BirlaNu Ltd,509675,BIRLANU,Consumer Durables,0.0461,0.2556,-0.012,-0.0052,0.169,-0.0135,-0.0565,-1.5123,0.88,,0,0.8,23.48,-0.3436,0.0879,-0.0725,-0.0989,-0.2415,LOW LIQUIDITY
Birlasoft Ltd,532400,BSOFT,IT - Software,-0.0287,-0.0895,0.1612,-0.0152,-0.092,0.1362,0.2071,0.8287,0.04,23.61,-2.57,82,13.17,-0.3733,0.1852,0.1559,-0.0689,0.2479,1097
Bizotic Commer.,543926,,Textiles & Apparels,0.3958,5.2074,0.1576,0.1767,1.5245,0.1121,0.2832,0.8068,0.13,61.74,0.4,8.1,42.35,0,10.8713,0.0761,-0.0214,-1.4484,
Black Box,500463,BBOX,IT - Services,0.0583,-0.0368,0.0901,0.0085,-0.009,0.0717,0.1515,-0.2035,1.15,33.24,-37.05,169.7,17.94,-0.2585,0.6544,0.4423,0.0172,0.4513,96
Black Rose Indus,514183,,Chemicals & Petrochemicals,-0.0975,-0.0453,0.0859,-0.1988,-0.0355,0.0925,0.1713,-0.4212,0.05,26.68,-7.51,17.8,16.7,-0.228,0.2241,0.1417,-0.0145,0.1772,
Blackbuck,544288,BLACKBUCK,Transport Services,0.5228,1.5399,0.2498,0.2385,0.045,0.3094,0.5057,0.9307,0.01,30.93,6.87,162.5,54.85,-0.1269,1.6308,0.473,1.0673,0.428,32
Bliss GVS Pharma,506197,BLISSGVS,Pharmaceuticals & Biotechnology,0.1227,0.1232,0.1299,0.0624,0.3005,0.2033,0.1463,0.7918,0.05,15.5,0.52,15.9,7.52,-0.1583,0.53,0.0836,-0.0183,-0.2169,1927
BLS E-Services,544107,BLSE,IT - Services,2.496,0.0783,0.0742,0.6955,0.1182,0.1035,0.15,0.8759,0.01,35.08,2.97,35.6,17.89,-0.0645,0.6598,0.1104,-0.0057,-0.0078,1477
BLS Internat.,540073,BLS,Leisure Services,0.4881,0.2677,0.2888,0.2095,0.1944,0.2799,0.2491,1.2806,0.19,22.08,1.14,256.9,14.95,-0.382,0.1656,0.3431,0.0322,0.1487,174
Blue Cloud Soft.,539607,,IT - Software,0.075,0.3586,0.0941,-0.0095,0.1803,0.0932,0.3486,-0.1875,0.55,20.2,1.12,291.5,14.52,-0.6933,0.6181,0.4447,0.4447,0.2644,
Blue Dart Expres,526612,BLUEDART,Transport Services,0.0696,0.295,0.1626,0.035,0.1242,0.0754,0.1664,1.7985,0.66,52.89,4.26,20.5,15.93,-0.2511,0.1066,0.1619,-0.0655,0.0377,1546
Blue Jet Health,544009,BLUEJET,Pharmaceuticals & Biotechnology,-0.2054,-0.1064,0.3321,0.1447,0.178,0.4043,0.3876,0.1149,0.02,27.95,1.57,136.1,19.42,-0.4477,0.155,0.3024,0.0781,0.1244,162
Blue Pearl Agri,514440,,Chemicals & Petrochemicals,0.6676,-0.2222,0.0297,0.3003,-0.0938,0.0148,0.0112,-76.9103,0,9399.93,-1002.66,5398,8017.1,-0.2105,7.0355,0.0212,0.0212,0.115,
Blue Star,500067,BLUESTARCO,Consumer Durables,0.0643,0.0293,0.0753,0.022,-0.0826,0.0631,0.2385,0.8332,0.33,68.74,-8.33,243.9,40.78,-0.2582,0.1801,0.2062,-0.0058,0.2888,348
Bluestone Jewel,544484,BLUESTONE,Consumer Durables,0.3743,0.4186,0.0833,0,0,-0.0074,-0.1006,50.8287,1.12,,,77.8,73.62,-0.2806,0.1227,-0.3581,0.7144,-0.3581,1694
Bluspring Enter.,544414,BLUSPRING,Commercial Services & Supplies,0.113,0.362,0.0202,-0.0679,-0.1497,0.0044,0.0048,-0.5935,0.35,,0,24,21.39,-0.2623,0.1098,-0.0512,-0.0512,0.0985,LOW LIQUIDITY
BMW Industries,542669,,Industrial Products,-0.0345,-0.1451,0.2575,0.0116,0.0156,0.1596,0.0932,1.279,0.26,14.4,9.26,26.9,8,-0.3616,0.0185,0.0928,-0.004,0.0772,
BMW Ventures,544543,BMWVENTLTD,Metals & Minerals Trading,0.0618,0.1232,0.0398,0,0,0.0404,0.098,0.6034,1.07,18.45,,,9.54,-0.1069,0.2828,0.1654,-0.0091,0.1654,LOW LIQUIDITY
BN Agrochem,526125,,Commercial Services & Supplies,0,4.1494,0.0059,1.4021,0.118,0.0829,0.7125,-0.4169,0.2,55.3,4.68,82,63.35,-0.093,2.6625,0.2605,0.3493,0.1425,
Bodal Chemicals,524370,BODALCHEM,Chemicals & Petrochemicals,0.1209,26.0833,0.0479,0.0482,0.3214,0.0664,0.0253,1.032,0.77,19.29,0.6,7.9,8.06,-0.3178,0.121,0.0251,0.0138,-0.2963,LOW LIQUIDITY
Bombay Burmah,501425,BBTC,Food Products,0.0382,-0.0485,0.1894,0.0306,-0.0087,0.1751,0.4755,0.7065,0.39,12.34,-14.26,15.4,4.18,-0.2326,0.2979,0.2194,0.0665,0.2281,143
Bombay Dyeing,500020,BOMDYEING,Textiles & Apparels,-0.0473,1.0686,-0.035,-0.0568,1.054,0.0563,0.0601,-0.3104,0,52.66,0.5,27.5,26.13,-0.3257,0.298,0.0137,0.9591,-1.0403,1616
Bombay Oxygen,509470,,Finance,-1.2378,-1.2829,1.0737,-1.4735,-1.5123,1.1202,-1.0822,-0.1419,0,,0,0,-33.87,-0.2999,0.2167,0.0362,-0.1086,1.5485,
Bombay Super Hyb,,BSHSL,Agricultural Food & other Products,-0.0482,0.0821,0.1546,-0.0122,0.0524,0.1015,0.2385,-0.9105,0.25,43.18,8.24,105.2,32.98,-0.366,0.0193,0.2881,-0.0421,0.2357,LOW LIQUIDITY
Bondada Engineer,543971,,Telecom - Services,1.5316,1.4765,0.1176,0.4684,0.5064,0.1155,0.3863,-0.8903,0.41,27.87,0.55,89.5,17.47,-0.4231,0.2579,0.3624,-0.0093,-0.144,
Borana Weaves,544404,BORANA,Textiles & Apparels,0.3487,0.9774,0.2269,0.1497,0.2537,0.1988,0.3187,0.4122,0.18,16.09,0.63,8.9,10.8,-0.0369,0.4684,0.6033,-0.0537,0.3496,393
Borosil,543212,BOROLTD,Consumer Durables,0.2233,0.2396,0.1419,0.0836,0.3415,0.1067,0.1299,-0.1882,0.09,45.35,1.33,55.3,18.98,-0.3314,0.185,0.0932,-0.0274,-0.2483,LOW LIQUIDITY
Borosil Renew.,502219,BORORENEW,Industrial Products,0.0155,3.9502,0.3126,-0.0108,-0.7765,0.0698,0.0345,-1.6654,0.23,,0,128.9,39.55,-0.1451,0.4675,-0.089,-0.0031,0.6875,1197
Borosil Scienti.,544184,BOROSCI,Industrial Products,0.0381,-0.6712,0.0751,-0.0009,-0.324,0.0692,0.0679,2.8626,0.02,64.18,-1.98,25.6,23.74,-0.3153,0.2167,0.0687,0.0687,0.3927,LOW LIQUIDITY
Bosch,500530,BOSCHLTD,Auto Components,0.0911,0.1082,0.1287,0.0482,0.1288,0.1599,0.4511,0.8636,0.01,47.87,3.72,22.9,31.85,-0.121,0.4224,0.1555,-0.0042,0.0267,1078
BPL,500074,BPL,Consumer Durables,-0.0516,-1.0467,0.0247,-0.0125,-1.551,0.6942,0.2353,0.4363,0.12,6.52,-0.04,6.4,6.35,-0.5356,0.0642,-0.3659,-0.4215,1.1851,LOW LIQUIDITY
Brahmaputra Inf.,535693,,Construction,1.8181,36.5385,0.2516,0.2886,0.7591,0.2493,0.3078,1.2512,0.53,6.46,0.09,3.1,5.98,-0.0796,2.2089,0.1096,0.0265,-0.6495,
Brainbees Solut.,544226,FIRSTCRY,Retailing,0.1019,0.3309,0.0296,0.0528,-0.1642,-0.0015,-0.0193,3.4598,0.35,,0,184,43.73,-0.5158,0.1259,-0.0407,0.0423,0.1235,1258
Brand Concepts,543442,BCONCEPTS,Retailing,0.2639,-0.0895,0.1127,0.0742,-0.6099,0.0516,0.0208,-0.1435,2.37,200.04,-3.28,6.6,19.05,-0.4264,0.2969,0.0713,-0.1826,0.6812,LOW LIQUIDITY
Brigade Enterpr.,532929,BRIGADE,Realty,0.2903,0.3658,0.237,0.1014,0.1645,0.2528,0.1101,0.7315,0.83,28.44,1.73,85.3,14.93,-0.3098,0.1382,0.1492,0.0149,-0.0153,894
Brigade Hotel,544457,BRIGHOTEL,Leisure Services,0.1642,0.6953,0.2955,0,0,0.2502,0.0182,1.2712,0.38,123.9,,122.8,17.97,-0.1487,0.0089,0,0,0,LOW LIQUIDITY
Bright Outdoor,543831,,Media,0.0926,0.1028,0.2267,0.0419,0.0487,0.2025,0.1665,0.1989,0,43.19,8.86,10.9,28.81,-0.0548,0.4139,0.1231,-0.0076,0.0744,
Brightcom Group,532368,BCG,IT - Services,0.2619,0.2509,0.2565,0.1193,0.1382,0.2032,0.1359,0.172,0,3.25,0.24,56.1,0.94,-0.4091,0.6049,0.0862,-0.0068,-0.052,LOW LIQUIDITY
Britannia Inds.,500825,BRITANNIA,Food Products,0.0371,0.2312,0.1965,0.0304,0.0549,0.1758,1.1524,0.8031,0.59,61.07,11.12,912.9,40.04,-0.073,0.3037,0.5294,-0.0435,0.4745,292
Brookfield India,543261,BIRET,Realty,0.1363,3.5427,0.6935,0.0698,1.0074,0.5532,0.0165,1.3925,0.62,56.73,0.56,91.8,15.43,-0.0769,0.2864,0.0153,0.014,-0.9921,
Brooks Lab.,533543,BROOKS,Pharmaceuticals & Biotechnology,0.1279,3.0152,0.1075,0.124,-2.3984,0.1645,0.4696,-0.2995,0.07,21.8,-0.09,7.8,18.51,-0.4902,0.0821,-0.1221,0.1588,2.2763,LOW LIQUIDITY
BSE,,BSE,Capital Markets,0.3136,0.6105,0.6367,0.1515,0.2914,0.6451,0.6358,0.2215,0,65.56,2.25,920.1,45.17,-0.0435,1.3614,0.3604,0.1825,0.069,166
Butterfly Gan Ap,517421,BUTTERFLY,Consumer Durables,0.1369,0.3407,0.0948,0.0474,0.3143,0.0643,0.1624,0.7061,0.03,31.76,1.01,6.6,16.1,-0.2457,0.3164,0.1005,0.073,-0.2138,LOW LIQUIDITY
C C C L,532902,CCCL,Realty,0.1665,1.1041,-0.0586,0.1791,-0.1212,-0.0033,-0.0542,-189.6585,0,,0,148.8,331,-0.2855,0.905,-0.283,-0.283,-0.1618,LOW LIQUIDITY
C D S L,,CDSL,Capital Markets,-0.0105,-0.1346,0.5529,-0.0018,-0.1025,0.5828,0.5357,0.7803,0,71.71,-7,406.8,49.17,-0.1844,0.5493,0.327,0.0139,0.4295,115
C P C L,500110,CHENNPETRO,Petroleum Products,0.3509,2.1349,0.0701,0.0395,4.4641,0.0287,0.1402,2.7416,0.22,13.5,0.03,26.6,7.41,-0.0357,1.4484,0.0251,-0.3338,-4.439,2222
C.E. Info System,543425,MAPMYINDIA,IT - Software,0.0974,-0.3897,0.2318,0.0652,0.14,0.4247,0.3716,0.6223,0.01,63.67,4.55,60.9,39.49,-0.2179,0.12,0.1762,-0.0297,0.0362,1226
C2C Advanced,,C2C,Aerospace & Defense,0.5294,1.4317,0.4457,0.1988,0.483,0.4248,0.2529,-2.7392,0.22,25.56,0.53,8.2,18.62,-0.3113,1.6264,0.2105,-0.1005,-0.2725,
Camlin Fine,532834,CAMLINFINE,Chemicals & Petrochemicals,0.1019,-1.1576,0.0719,0.0512,-1.1216,0.0717,0.0448,0.1565,0.76,183.58,-1.64,62.4,18.04,-0.5309,0.4259,-0.1497,-0.0397,0.9719,1569
Campus Activewe.,543523,CAMPUS,Consumer Durables,0.16,0.4035,0.1291,0.0361,0.0211,0.1147,0.1825,1.2869,0.48,64.97,30.76,309.5,30.81,-0.2202,0.2536,0.1722,0.0234,0.1511,327
Cams Services,543232,CAMS,Capital Markets,0.0351,-0.0371,0.4552,0.0288,0.0432,0.4319,0.6611,0.7788,0.06,44.23,10.25,85.4,28.88,-0.268,0.2967,0.4394,0.0347,0.3962,85
Can Fin Homes,511196,CANFINHOME,Finance,0.0904,0.1889,0.9282,0.0453,0.0748,0.9161,4.4122,0.2617,6.61,12.87,1.72,28.9,12.78,-0.0375,0.5941,0.1822,-0.0057,0.1074,747
Canara Bank,532483,CANBK,Banks,0.0626,0.1581,0.5868,0.0349,0.0914,0.889,0.1558,0.574,14.05,7.13,0.78,1074,15.07,-0.0033,0.9137,0.1775,-0.0019,0.0861,756
Canara HSBC,544583,CANHLIFE,Insurance,-0.2935,0.1069,0.0067,0,0,0.012,0.3975,9.4257,0,95.74,,,75.04,-0.0512,0.148,0.0795,-0.0022,0.0795,1385
Canara Robeco,544580,CRAMC,Capital Markets,0.0303,-0.0268,0.6315,0,0,0.6422,0.3549,0.6072,0.03,29.98,,,21.51,-0.1947,0.0159,0.3617,-0.0272,0.3617,304
Cantabil Retail,533267,CANTABIL,Textiles & Apparels,0.1646,0.0305,0.2393,0.077,0.0462,0.1843,0.1335,1.1294,1.26,27.19,5.88,43.5,11.35,-0.2397,0.1953,0.2081,-0.0151,0.1619,LOW LIQUIDITY
Capacit'e Infra.,540710,CAPACITE,Construction,0.2475,0.1009,0.1676,0.0629,-0.0196,0.1453,0.1456,0.1433,0.23,12.56,-6.42,11.7,6.21,-0.3633,0.1167,0.1257,0.0313,0.1453,503
Capillary Tech.,,,,0,0,,0,0,0.0309,0.0278,-2.5014,0.18,323.4,,,56.79,0,0,0.0256,0.2194,0.0256,
Capital India,530879,CIFL,Finance,-0.0839,-111.184,-0.2063,-0.1081,-31.7027,0.0572,-0.264,0.1232,1.04,,0,73.8,26.5,-0.2667,0.1256,0.003,-0.0114,31.7057,LOW LIQUIDITY
Capital Infra,544338,CAPINVIT,Construction,0,0,0.1257,2.3103,-0.1262,0.1538,0.0005,31.9293,1.23,,0,28.5,50.95,-0.3021,0.0588,0,0,0.1262,
Capital Small,544120,CAPITALSFB,Banks,0.147,0.0465,0.6553,0.0677,0.027,0.7401,0.1173,0.415,7.11,9.32,3.46,4.1,14.77,-0.1583,0.1132,0.1038,-0.0195,0.0768,LOW LIQUIDITY
Capital Trade Lk,538476,,Finance,-0.0378,18.0833,0.7341,-0.024,2.0796,0.7862,-1.85,1.1501,1.84,50.34,0.24,60.5,23.71,-0.0688,0.7726,0.0363,-0.1687,-2.0433,
Caplin Point Lab,524742,CAPLIPOINT,Pharmaceuticals & Biotechnology,0.1054,0.1808,0.3542,0.0527,0.0981,0.3628,0.2601,0.6384,0,24.93,2.54,35.3,17.37,-0.2687,0.2452,0.2266,-0.0157,0.1285,662
Capri Global,531595,CGCL,Finance,0.4918,1.4335,0.6631,0.2019,0.4976,0.6254,0.599,-2.2608,2.52,26.18,0.53,270.4,13.24,-0.1583,0.2957,0.1176,0.0422,-0.38,1227
Captain Polyplas,536974,,Industrial Products,0.497,0.3811,0.099,0.1105,0.0811,0.1121,0.1632,0.2639,0.48,21.26,2.62,15.2,13.48,-0.4348,0.2387,0.1541,-0.0578,0.073,
Captain Techno.,540652,,Industrial Manufacturing,0.5261,0.9249,0.1549,0.2337,0.3814,0.1459,0.3539,0.8437,0.48,32.97,0.86,18.1,21.22,-0.5096,0.0388,0.2503,0.0754,-0.1311,
Carborundum Uni.,513375,CARBORUNIV,Industrial Products,0.0604,-0.3569,0.1205,0.0195,-0.3075,0.0933,0.1113,0.515,0.08,63.98,-2.08,81.3,22.78,-0.4333,0.0376,0.1085,-0.0471,0.416,1100
CARE Ratings,534804,CARERATING,Capital Markets,0.1619,0.2296,0.5016,0.0845,0.1138,0.4912,0.2739,0.6325,0.03,30.05,2.64,16,19.07,-0.221,0.4549,0.1802,0.0355,0.0664,410
Career Point Edu,544499,CPEDU,Other Consumer Services,-0.0585,0.2134,0.4606,0,0,0.4678,0.3458,0.3013,0.01,26.93,,13.8,21.64,-0.1494,0.3544,0.391,0.391,0.391,LOW LIQUIDITY
Carraro India,544320,CARRARO,Auto Components,0.3322,0.418,0.0869,0.0917,0.1266,0.0766,0.2052,0.6873,0.34,32.28,2.55,35.1,16.5,-0.2098,1.1625,0.1997,0.0348,0.0731,342
Cartrade Tech,543333,CARTRADE,Retailing,0.2542,1.1399,0.3288,0.1108,0.3978,0.359,0.0904,0.9537,0.06,79.25,1.99,30.3,50.51,-0.0577,1.6159,0.0624,0.0582,-0.3354,1457
Carysil,524091,CARYSIL,Consumer Durables,0.1623,0.6185,0.1916,0.0728,0.267,0.1483,0.1759,-0.0602,0.42,35.85,1.34,14.6,18.66,-0.0464,1.1194,0.1454,-0.0304,-0.1216,1668
Castrol India,500870,CASTROLIND,Petroleum Products,0.0579,0.0982,0.2369,0.0504,0.0613,0.2361,1.1093,0.8304,0.04,19.33,3.15,1026.6,12.63,-0.2426,0.1739,0.4183,-0.0071,0.357,206
CCL Products,519600,CCL,Agricultural Food & other Products,0.5263,0.3639,0.175,0.216,0.0898,0.1404,0.1422,0.6229,0.78,40.77,4.54,88.2,23.02,-0.0388,1.1741,0.1705,0.0128,0.0807,547
CEAT,500878,CEATLTD,Auto Components,0.1417,0.5254,0.1334,0.0609,0.059,0.0726,0.0976,1.1474,0.68,30.05,5.09,13.9,11.48,-0.1224,0.6772,0.1177,-0.0656,0.0587,1730
Ceigall India,544223,CEIGALL,Construction,0.0445,-0.1386,0.1409,0.0146,-0.0894,0.1379,0.3032,-1.0283,0.69,16.69,-1.87,38.8,9.95,-0.3533,0.0817,0.2087,-0.1928,0.2981,LOW LIQUIDITY
Ceinsys Tech,538734,,IT - Software,0.8153,1.2094,0.2179,0.3736,0.5443,0.2272,0.3076,0.0606,0.16,22.15,0.41,8.2,14.65,-0.4275,0.1048,0.1946,0.0327,-0.3497,
Cellecor Gadgets,,CELLECOR,Consumer Durables,0.5069,0.3358,0.053,0.2103,0.1589,0.0499,0.2307,-0.6289,0.8,17.41,1.1,74.6,11.31,-0.6534,0.0971,0.2513,-0.0591,0.0924,
Cello World,544012,CELLO,Consumer Durables,0.1987,0.0492,0.2173,0.0589,-0.0164,0.2141,0.1811,0.5312,0,39.93,-24.38,128.2,23.91,-0.3005,0.2417,0.2043,-0.2378,0.2207,1124
Cemindia Project,509496,CEMPRO,Construction,0.0927,0.4944,0.0935,0.038,0.2294,0.0846,0.303,0.2827,0.48,31.47,1.37,117.7,14.57,-0.1355,0.7123,0.2178,0.0202,-0.0116,528
Central Bank,532885,CENTRALBK,Banks,0.0657,0.3334,0.6208,0.0236,0.1431,0.7741,0.1238,-0.0986,11.87,7.89,0.55,838.4,17.6,-0.363,0.204,0.1143,0.0272,-0.0288,1038
Centrum Capital,501150,CENTRUM,Finance,0.0502,-0.7291,0.2134,0.0455,-0.3857,0.4298,0.0603,1.8686,37.49,,0,153.4,10.04,-0.2169,0.4647,-0.576,-0.377,-0.1903,LOW LIQUIDITY
Centum Electron,517544,CENTUM,Industrial Manufacturing,0.1185,14.6452,0.0616,0.0508,-3.4414,0.065,0.1269,-0.4785,0.52,160.86,-0.47,13.7,31.47,-0.1635,1.2346,-0.0314,-0.0168,3.41,1221
Century Enka,500280,CENTENKA,Textiles & Apparels,-0.2379,0.0464,0.0774,-0.1269,0.0014,0.0439,0.0481,1.3699,0.03,16.6,122.59,1.5,7.64,-0.3999,0.0728,0.0424,0.0168,0.041,LOW LIQUIDITY
Century Plyboard,532548,CENTURYPLY,Consumer Durables,0.1706,0.7242,0.126,0.0808,0.1947,0.086,0.1108,-0.0076,0.67,74.61,3.83,155.7,32.81,-0.1328,0.2349,0.0847,-0.0734,-0.11,2053
Cera Sanitary.,532443,CERA,Consumer Durables,-0.0042,-0.1679,0.1376,0.0101,-0.0429,0.1599,0.207,0.3693,0.04,31.17,-7.27,7,21.22,-0.2949,0.1168,0.183,-0.0075,0.2259,510
CESC,500084,CESC,Power,0.1206,0.204,0.2014,0.0533,0.0905,0.1829,0.0788,0.8047,1.48,15.67,1.73,236.9,8.23,-0.1591,0.4402,0.1134,-0.0075,0.0229,1415
CFF Fluid,543920,,Aerospace & Defense,0.3011,0.3616,0.2821,0.1656,0.213,0.2442,0.1574,-0.0914,0.02,45.27,2.13,11.1,27.48,-0.1837,0.593,0.1742,-0.0523,-0.0388,
CG Power & Ind,500093,CGPOWER,Electrical Equipment,0.2114,0.2976,0.1289,0.1171,0.126,0.1336,0.2687,0.7083,0.02,106.73,8.47,2406.7,69.44,-0.1076,0.3987,0.2766,-0.3012,0.1506,1118
Chalet Hotels,542399,CHALET,Leisure Services,0.9502,2.1181,0.407,0.5191,3.093,0.3595,0.1222,1.6256,0.73,33.51,0.11,124.1,18.91,-0.1812,0.3973,0.0577,-0.1059,-3.0353,2180
Chaman Metallics,,CMNL,Ferrous Metals,1.1515,-1.4133,0.0607,0.6109,-0.8911,0.0466,0.0069,-3.5112,4.59,340.27,-3.82,9,42.59,-0.1873,0.4412,0.1029,-0.0493,0.994,
Chamanlal Setia,530307,CLSEL,Agricultural Food & other Products,-0.2612,-0.291,0.0889,-0.1017,-0.0831,0.1001,0.1646,0.4983,0.09,14.09,-1.7,8.7,8.3,-0.4035,0.1039,0.1419,-0.0324,0.225,LOW LIQUIDITY
Chambal Fert.,500085,CHAMBLFERT,Fertilizers & Agrochemicals,0.4755,0.2095,0.1313,0.1701,0.1768,0.1312,0.2408,0.5806,0.01,9.84,0.56,74.6,6.2,-0.3841,0.0114,0.1978,0.028,0.021,473
Chandan Healthca,,CHANDAN,Healthcare Services,0.2294,0.4662,0.2083,0.1101,0.2237,0.1726,0.2975,-0.7926,0.48,31.29,1.4,15,17.11,-0.0302,1.48,0.2708,-0.2048,0.0471,
Chandrima Mercan,540829,,Commercial Services & Supplies,6.0902,5.2206,0.0966,1.6249,4.5616,0.067,0.1379,-54.6571,0.02,99.79,0.22,137.3,79.05,0,4.1745,0.0098,-0.0625,-4.5518,
Chembond Chemic.,544450,CHEMBONDCH,Chemicals & Petrochemicals,-0.0265,0.0492,0.1461,0,0,0.1445,0.2446,0.2304,0,13.71,,6.2,8.51,-0.358,0.0956,0.1923,0.0648,0.1923,LOW LIQUIDITY
Chemcon Special.,543233,CHEMCON,Chemicals & Petrochemicals,0.0211,-0.0916,0.1275,0.0439,0.0192,0.1646,0.0744,1.1068,0.05,33.83,17.58,6.2,15.59,-0.2206,0.441,0.05,0.0089,0.0308,LOW LIQUIDITY
Chemfab Alka.,541269,CHEMFAB,Chemicals & Petrochemicals,-0.0652,-2.7925,0.0713,0.0289,-0.857,0.046,0.0132,2.76,0.29,577.58,-6.74,2.8,17.28,-0.5689,0.0786,0.0233,-0.0465,0.8803,LOW LIQUIDITY
Chemplast Sanmar,543336,CHEMPLASTS,Chemicals & Petrochemicals,0.0407,-0.6328,0.0419,-0.001,0.9533,-0.0102,-0.0619,2.6241,0.97,,0,41.6,38.04,-0.3866,0.0186,-0.0593,0.0399,-1.0126,LOW LIQUIDITY
Cheviot Company,526817,CHEVIOT,"Paper, Forest & Jute Products",0.441,-0.197,0.1524,0.1601,0.1376,0.1485,0.1914,0.4045,0.01,11.89,0.86,0.6,8.13,-0.2292,0.1433,0.0775,-0.0261,-0.0601,LOW LIQUIDITY
Choice Intl.,531358,CHOICEIN,Finance,0.1093,0.2012,0.3254,0.0538,0.1146,0.3443,0.2178,-1.0245,0.4,92.17,8.04,280.9,48.6,-0.049,0.8259,0.1961,-0.04,0.0815,1118
Chola Financial,504973,CHOLAHLDNG,Finance,0.1695,0.0464,0.5393,0.0893,0.0248,0.561,3.5045,-1.81,13.68,15.93,6.43,48.8,10.29,-0.1779,0.3923,0.1911,-0.007,0.1663,576
Cholaman.Inv.&Fn,511243,CHOLAFIN,Finance,0.1976,0.1982,0.6716,0.1041,0.0897,0.6969,0.5895,-1.7772,7.23,30.48,3.4,459.2,15.82,-0.0583,0.4372,0.1971,-0.0045,0.1074,668
CIAN Agro,519477,,Agricultural Food & other Products,2.371,634.3333,0.1764,0.7675,1.7284,0.1462,0.0401,2.3499,0.64,34.39,0.2,5.3,14.45,-0.6201,3.2995,0.0401,-0.0168,-1.6883,
CIE Automotive,532756,CIEINDIA,Auto Components,0.1111,0.0949,0.15,0.0178,-0.0303,0.1201,0.1466,0.759,0.07,20.08,-6.63,88.1,11.34,-0.1861,0.1888,0.1315,-0.0716,0.1618,1435
Cigniti Tech.,534758,CIGNITITEC,IT - Services,0.1364,0.5614,0.1696,0.0665,0.2919,0.1791,0.3437,0.5251,0.02,17.27,0.59,12,11.47,-0.0943,0.7362,0.2596,0.0101,-0.0323,566
Cineline India,532807,CINELINE,Entertainment,0.1098,5.1364,0.207,0.071,0.8688,0.0891,0.0784,2.7218,0.71,18.2,0.21,7.1,8.43,-0.4148,0.1916,0.0527,0.0648,-0.8161,LOW LIQUIDITY
Cipla,500087,CIPLA,Pharmaceuticals & Biotechnology,0.0764,0.0373,0.2497,0.0291,0.0574,0.2504,0.2342,0.7455,0.01,22.67,3.95,302.6,14.93,-0.0874,0.1655,0.1777,0.0098,0.1203,477
City Pulse Multi,542727,,Retailing,1.31,1.0204,0.7446,0.4662,0.3731,0.5728,0.2482,2.9481,0.04,1766.58,47.34,37.6,1101.28,-0.0664,2.4114,0.0148,0.0116,-0.3583,
City Union Bank,532210,CUB,Banks,0.1529,0.1522,0.6902,0.0747,0.0755,0.8467,0.2053,0.2286,7.22,16.82,2.23,151.8,16.42,-0.0309,0.9197,0.1258,-0.0023,0.0503,LOW LIQUIDITY
CL Educate,540403,CLEDUCATE,Other Consumer Services,0.6839,0.6102,0.1441,0.3329,-0.4593,0.0576,-0.0095,1.3258,1.03,,0,8.9,8,-0.392,0.2338,-0.0241,-0.013,0.4352,LOW LIQUIDITY
Clean Science,543318,CLEAN,Chemicals & Petrochemicals,-0.0734,-0.0415,0.4262,-0.0153,0.0055,0.4286,0.4769,0.7141,0,33.26,60.39,66.8,22.53,-0.4251,0.0052,0.2188,-0.0006,0.2133,
CLN Energy,544347,,Auto Components,1.0313,0.847,0.1074,0,0,0.0897,0.2207,0,0.97,31.46,,5.4,23.48,-0.2379,1.1837,0,0,0,
CMS Info Systems,543441,CMSINFO,Commercial Services & Supplies,-0.0255,-0.1932,0.2258,0.005,-0.0048,0.2024,0.2252,0.9678,0.1,16.42,-33.92,41.4,8.8,-0.3588,0.0497,0.1706,-0.0229,0.1754,815
Coal India,533278,COALINDIA,Consumable Fuels,-0.0319,-0.3076,0.2225,-0.0185,-0.1174,0.3092,0.2728,0.6102,0.13,7.49,-0.64,1366.3,3.99,-0.1132,0.0855,0.3889,-0.1319,0.5063,487
Cochin Shipyard,540678,COCHINSHIP,Industrial Manufacturing,-0.1328,-0.4764,0.059,0.0269,-0.1007,0.2286,0.1732,-0.2275,0.18,58.98,-5.86,203.8,37,-0.3329,0.4398,0.1585,-0.0136,0.2592,644
Coffee Day Enter,539436,COFFEEDAY,Leisure Services,0.0378,-2.7872,0.1129,-0.0536,0.4907,0.0375,0.0346,4.4129,0.44,,0,6.2,11.56,-0.2917,0.7138,-0.0096,-0.0382,-0.5003,LOW LIQUIDITY
Coforge,532541,COFORGE,IT - Software,0.3173,0.7593,0.1838,0.1902,0.4249,0.1284,0.1849,0.8779,0.14,54.63,1.29,301.9,25.95,-0.0734,0.5604,0.1598,-0.0849,-0.2651,1914
Cohance Life,543064,COHANCE,Pharmaceuticals & Biotechnology,-0.0798,-0.465,0.2177,0.8808,0.4474,0.2103,0.0994,0.9136,0.12,64.85,1.45,225,35.5,-0.5719,0.0147,0.1267,-0.0144,-0.3207,1741
Colab Platforms,542866,,Finance,1.8313,1.9623,0.0077,0.507,0.6224,0.0469,15.4063,0.9792,0,881.95,14.17,3053.9,822.46,-0.0196,31.096,0.1236,0.0376,-0.4988,
Colgate-Palmoliv,500830,COLPAL,Personal Products,-0.0615,-0.171,0.3063,-0.0269,-0.077,0.3043,1.4871,0.7211,0.04,44.79,-5.82,1020.7,29.9,-0.2991,0.0151,0.8119,0.0667,0.8889,33
Commerl. Synbags,539986,COMSYN,Industrial Products,0.1379,2.5583,0.1239,0.0774,0.7153,0.1018,0.2114,0.3029,0.64,23.18,0.32,14.1,14.55,-0.1577,1.1512,0.1026,0.0417,-0.6127,LOW LIQUIDITY
Concord Biotech,543960,CONCORDBIO,Pharmaceuticals & Biotechnology,-0.2035,-0.3359,0.3582,-0.0624,-0.0877,0.3817,0.2373,0.5163,0,46.78,-5.34,86.8,30.68,-0.4091,0.0771,0.2127,0.0014,0.3004,242
Concord Control,543619,,Industrial Manufacturing,0.6392,0.9348,0.2513,0.2567,0.3422,0.2393,0.2856,-0.2254,0.13,74.49,2.18,16.5,57.34,-0.0121,2.6865,0.2739,-0.1052,-0.0683,
Concord Enviro,544315,CEWATER,Other Utilities,-0.2288,-0.7195,0.06,-0.0629,0.0155,0.1386,0.12,0.055,0.3,16.73,10.77,3.3,10.38,-0.5084,0.0336,0.1203,-0.0169,0.1048,LOW LIQUIDITY
Confidence Petro,526829,CONFIPET,Gas,0.3181,0.146,0.0839,0.1816,0.0343,0.0565,0.0666,0.0502,0.6,14.33,4.17,32.5,5.36,-0.5176,0.0263,0.0724,-0.0335,0.0381,LOW LIQUIDITY
Connplex Cinemas,,CONNPLEX,Entertainment,0.5743,0.3608,0.2786,0,0,0.2637,0.4318,0.1111,0.01,20.2,,7,16.47,-0.0663,0.313,1.2394,0.037,1.2394,
Cons. Finvest,,CONSOFINVT,Finance,0.0915,-0.6669,0.9896,0.0304,-0.3856,1.0869,32.8341,0.1408,0,8.38,-0.22,1.7,7.6,-0.3079,0.0771,0.118,0.0581,0.5036,LOW LIQUIDITY
Container Corpn.,531344,CONCOR,Transport Services,0.0292,-0.0301,0.2445,0.0132,0.0032,0.1962,0.1456,0.9416,0.07,30.08,92.66,234.8,15.65,-0.2536,0.076,0.1079,-0.0002,0.1047,1125
Control Print,522295,CONTROLPR,IT - Hardware,0.0999,0.3534,0.2315,0.0556,-0.0023,0.1605,0.2806,0.7094,0.02,12.3,-53.62,4.4,13.67,-0.1625,0.4063,0.2686,0.0958,0.2709,LOW LIQUIDITY
Cool Caps,,COOLCAPS,Industrial Products,1.7783,0.0157,0.069,0.7173,-0.0008,0.0974,0.1232,0.1994,2.57,154.36,-1861.58,718.1,39.44,-0.1915,0.3306,0.247,0.1473,0.2478,
Coromandel Inter,506395,COROMANDEL,Fertilizers & Agrochemicals,0.2988,0.2128,0.1188,0.1883,0.2284,0.1088,0.2356,0.9678,0.12,31.06,1.36,160,18.96,-0.1762,0.4092,0.1689,-0.0202,-0.0595,1370
Cosmic CRF,543928,,Industrial Products,0.7974,0.8992,0.1243,0.3363,0.5029,0.1027,0.0916,-1.9268,0.27,32.42,0.64,2.6,18.81,-0.3371,0.1811,0,0,-0.5029,
Cosmo First,508814,COSMOFIRST,Industrial Products,0.211,0.0205,0.1122,0.0934,0.1217,0.0949,0.0619,0.6427,1.11,13.75,1.13,3.4,8.84,-0.4141,0.457,0.0926,0.0473,-0.0291,LOW LIQUIDITY
Craftsman Auto,543276,CRAFTSMAN,Auto Components,0.6488,0.4785,0.1508,0.2496,0.2266,0.0885,0.073,0.5534,1.09,62.07,2.74,12.7,18.58,-0.0816,0.8315,0.0941,-0.1061,-0.1325,2071
Creative Graphic,,CGRAPHICS,Industrial Products,0.5559,0.3344,0.1192,0.2503,0.1473,0.1189,0.2376,-0.6709,0.65,21.03,1.43,10.2,13.38,-0.2031,0.5357,0.2912,-0.1049,0.1439,
Creative Newtech,,CREATIVE,Commercial Services & Supplies,0.5939,0.4334,0.0347,0.1841,0.2969,0.0395,0.2024,0.3048,0.39,17.39,0.59,4.8,13.66,-0.3544,0.167,0.1813,-0.0832,-0.1156,LOW LIQUIDITY
CreditAcc. Gram.,541770,CREDITACC,Finance,0.0379,-0.3238,0.4401,0.001,-0.7484,0.3624,0.1385,0.4224,2.81,158.08,-2.11,47.2,18.76,-0.1133,0.7615,0.0786,-0.1691,0.827,1416
Credo Brands,544058,MUFTI,Retailing,-0.1177,-0.2868,0.2939,-0.0417,-0.1719,0.1731,0.1307,1.3434,0.58,11.46,-0.67,10.3,4.99,-0.5303,0.0332,0.1841,-0.0071,0.356,LOW LIQUIDITY
Crest Ventures,511413,CREST,Finance,-0.1651,-0.7828,0.3957,-0.0985,-0.4219,0.5017,0.0951,-0.1156,0.16,19.52,-0.46,2.3,11.06,-0.3126,0.1528,0.077,0.0191,0.4989,
CRISIL,500092,CRISIL,Finance,0.1224,0.1256,0.2889,0.0677,0.1335,0.2954,0.4521,0.8508,0.11,45.26,3.39,88.1,29.73,-0.3333,0.1909,0.2781,-0.0449,0.1446,779
Crizac,544439,CRIZAC,Retailing,0.2492,1.3872,0.3899,0,0,0.2374,0.4562,0.9286,0,26.91,,141.7,19.51,-0.2844,0.0287,0.3618,-0.2256,0.3618,674
Crompton Gr. Con,539876,CROMPTON,Consumer Durables,0.0102,-0.3179,0.0827,-0.0152,-0.1244,0.0912,0.1656,0.917,0.05,36.28,-2.92,334.6,20.55,-0.346,0.0195,0.174,0.0185,0.2984,226
Cropster Agro,523105,,Industrial Products,0.1048,0.3248,0.0808,0.0798,0.1339,0.0743,0.1348,-2.6677,0,123.29,9.2,1316,116.34,-0.3265,0.4168,0.1561,-0.2109,0.0222,
CSB Bank,542867,CSBBANK,Banks,0.2825,0.1584,0.4977,0.126,0.0455,0.8238,0.2311,-1.7994,9.36,11.77,2.59,27,14.65,-0.0573,0.5839,0.1431,-0.0187,0.0976,1151
CSL Finance,530067,CSLFINANCE,Finance,0.1778,0.3703,0.7858,0.0813,0.1288,0.7642,1.0677,-1.0628,1.37,8.48,0.66,2.7,7.77,-0.2019,0.3356,0.1421,-0.0092,0.0133,LOW LIQUIDITY
Cube Highways,543899,CUBEINVIT,Transport Infrastructure,0.283,2.3452,0.7327,0.1248,-1.3749,0.3617,0.0029,2.9664,1.68,620.55,-4.51,242.9,13.17,-0.0012,0.1977,-0.0068,0.1182,1.3681,
Cummins India,500480,CUMMINSIND,Industrial Products,0.2638,0.3849,0.2192,0.1206,0.155,0.2588,0.4027,0.6474,0,51.26,3.31,414.7,36.3,-0.052,0.6517,0.2815,0.0033,0.1265,331
Cupid,530843,CUPID,Personal Products,0.908,1.4024,0.3789,0.458,0.4882,0.3161,0.2181,-0.1932,0.07,144.03,2.95,626.1,97.56,-0.0173,5.6234,0.1289,-0.0412,-0.3593,1928
Cupid Breweries,512361,,Beverages,-1,-0.1053,,-0.1897,0.46,-1.5319,-0.646,3.3878,,,0,-26.7,-666.13,-0.4303,2.7198,0,0,-0.46,
Current Infra.,,CURRENT,Construction,-0.0153,-0.0177,0.169,0,0,0.159,0.1503,-0.0761,0.38,32.21,,8.3,21.49,-0.031,0.2836,0,0,0,
CWD,543378,,Consumer Durables,4.9039,3.2896,0.2058,1.0514,2.3944,0.2231,0.2271,0.535,1.21,98.3,0.41,4.8,57.15,-0.0254,2.2298,0.0578,0.013,-2.3366,
Cybertech Sys.,532173,CYBERTECH,IT - Software,0.0145,-0.0313,0.0786,0.0048,0.0198,0.1997,0.2436,0.8074,0.02,13.21,6.66,7.6,6.96,-0.4523,0.2707,0.1494,0.029,0.1296,LOW LIQUIDITY
Cyient,532175,CYIENT,IT - Services,-0.0368,-0.3447,0.1202,-0.0043,-0.0798,0.1211,0.1396,0.8199,0.08,22.71,-2.85,25.6,10.16,-0.4543,0.0975,0.1281,-0.0603,0.2079,1307
Cyient DLM,543933,CYIENTDLM,Industrial Manufacturing,-0.2024,1.0809,0.1004,-0.0383,0.1992,0.0939,0.1037,-0.4826,0.21,43.38,2.18,28.5,19.26,-0.4005,0.2743,0.0733,-0.0373,-0.1259,2001
D B Corp,533151,DBCORP,Media,0.0992,0.1319,0.2248,0.0107,-0.0728,0.2074,0.2021,0.7899,0.13,13.49,-1.85,36,7,-0.2406,0.3809,0.1673,-0.0343,0.2401,LOW LIQUIDITY
D P Wires,543962,DPWIRES,Industrial Products,-0.1037,-0.8007,0.001,-0.1165,-0.3784,0.038,0.1383,1.648,0.01,24.23,-0.64,2,13.61,-0.4672,0.16,0.0936,-0.0803,0.472,LOW LIQUIDITY
D-Link India,533146,DLINKINDIA,IT - Hardware,0.1179,-0.0501,0.0875,0.0319,0.0685,0.0986,0.292,0.6881,0.02,15.22,2.22,11.9,10.39,-0.3109,0.2721,0.2131,-0.0041,0.1446,LOW LIQUIDITY
D.P. Abhushan,544161,DPABHUSHAN,Consumer Durables,-0.0369,1.0478,0.0783,0.0007,0.3343,0.0659,0.386,-0.1126,0.42,24.54,0.73,16.6,16.94,-0.1469,0.3361,0.3506,0.0559,0.0163,240
Dabur India,500096,DABUR,Personal Products,0.0537,0.0648,0.1842,0.0174,0.0276,0.1927,0.2894,0.8237,0.12,50.75,18.41,1485.9,31.68,-0.103,0.2321,0.1704,-0.0251,0.1428,917
Dalmia Bharat,500097,DALMIASUG,Agricultural Food & other Products,0.0743,-0.5629,0.0569,0.0115,-0.144,0.0983,0.0995,1.0997,0.17,7.71,-0.54,6.4,4.72,-0.3415,0.075,0.1244,0.0392,0.2684,LOW LIQUIDITY
Dalmia BharatLtd,542216,DALBHARAT,Cement & Cement Products,0.1069,4.1304,0.2037,0.0247,0.5868,0.1261,0.0457,1.7059,0.4,34.07,0.58,40.2,14.35,-0.1903,0.2625,0.0415,-0.0063,-0.5453,2023
Dam Capital Advi,544316,DAMCAPITAL,Capital Markets,0.6913,1.4014,0.709,0.1133,0.0826,0.5566,0.4726,0.6845,0.01,15.12,1.83,38.7,8.83,-0.4749,0.2268,0.4922,-0.0667,0.4096,403
Danish Power,,DANISH,Electrical Equipment,0.2918,0.4139,0.1725,0.1122,0.1473,0.2002,0.2849,-0.2403,0.01,20.83,1.41,7.9,13.08,-0.462,0.0892,0.2894,-0.3063,0.1421,
Danlaw Tech.,532329,,Industrial Manufacturing,0.2015,0.2168,0.1462,0.0869,0.0446,0.1224,0.2454,0.3608,0.37,21.66,4.85,2.5,12.26,-0.5101,0.2608,0.2831,-0.1915,0.2385,
Data Pattern,543428,DATAPATTNS,Aerospace & Defense,2.3779,0.6245,0.2227,0.2988,0.0856,0.3522,0.2088,-0.3012,0,73.27,8.56,62.3,49.73,-0.0653,1.2623,0.1518,0.0092,0.0662,724
Datamatics Glob.,532528,DATAMATICS,IT - Services,0.2052,0.4929,0.1812,0.0911,0.2588,0.1444,0.2015,1.0705,0.13,26.13,1.01,21.7,15.74,-0.1964,0.7475,0.1249,-0.0419,-0.1339,1880
Davangere Sugar,543267,DAVANGERE,Diversified FMCG,0.2253,1.0388,0.3189,-0.0588,0.1575,0.2157,0.0263,-0.1114,0.4,41.63,2.64,149.5,12.6,-0.7025,0.2145,0.0317,-0.0058,-0.1258,LOW LIQUIDITY
DC Infotech,543636,DCI,IT - Hardware,0.1773,0.3577,0.0552,0.0953,0.16,0.0495,0.2661,-0.1409,0.73,23.55,1.47,7.1,14.31,-0.4498,0.2295,0.2361,-0.0537,0.0761,1112
DCB Bank,532772,DCBBANK,Banks,0.1622,0.1829,0.7043,0.0894,0.0886,0.8042,0.2797,-0.0849,11.85,8.88,1,31.4,13.12,-0.0237,0.8236,0.1143,0.0031,0.0257,1169
DCM Shriram,523367,DCMSHRIRAM,Diversified,0.1063,1.5118,0.0945,0.0579,0.2158,0.0973,0.0975,1.0898,0.3,25.78,1.19,39.6,11.33,-0.2159,0.305,0.0866,0.0206,-0.1292,1402
DCM Shriram Inds,523369,DCMSRIND,Agricultural Food & other Products,-0.0117,-1.1362,0.0182,-0.03,-0.3953,0.0652,0.0948,0.7964,0.33,23.72,-0.6,13.8,9.88,-0.2235,0.1694,0.1176,-0.0318,0.5129,LOW LIQUIDITY
DCW,500117,DCW,Chemicals & Petrochemicals,0.1033,12.048,0.1076,0.0132,0.665,0.0702,0.0471,1.6416,0.36,39.9,0.6,55.7,8.88,-0.3729,0.0882,0.0291,0.0128,-0.6359,1902
DCX Systems,543650,DCXINDIA,Aerospace & Defense,-0.0142,-2.7318,-0.0664,0.075,-0.3382,0.0469,0.0351,6.959,0,86.21,-2.55,17,19.48,-0.4933,0.0052,0.0311,-0.0584,0.3693,1601
DDev Plastiks,543547,DDEVPLSTIK,Chemicals & Petrochemicals,0.172,0.0534,0.0939,0.0936,0.0623,0.1024,0.2861,0.5033,0.05,14.62,2.35,32.6,9.38,-0.2246,0.3133,0.2489,-0.0659,0.1866,LOW LIQUIDITY
DE Nora India,590031,DENORA,Industrial Products,0.2046,0.1799,0.1841,0.48,0.1991,0.039,0.0621,2.9528,0,144.01,7.23,1.6,63.19,-0.507,0.0647,0.0184,-0.146,-0.1807,LOW LIQUIDITY
Dec.Gold Mines,512068,,Non - Ferrous Metals,-0.1616,0.742,-3.5556,-0.0386,0.4601,-17.8434,-0.1874,0.6859,1.12,,0,157.1,-29.63,-0.2446,0.51,-0.145,0.2032,-0.6051,
Deccan Cements,502137,DECCANCE,Cement & Cement Products,0.1648,3.245,0.1437,-0.0033,5.1331,0.1102,0.0352,-1.8392,1.02,36.35,0.07,2.3,21.56,-0.2728,0.5349,0.0075,-0.0633,-5.1256,2197
DEE Development,544198,DEEDEV,Industrial Manufacturing,0.3916,-0.1977,0.1632,0.1387,0.1232,0.1166,0.0658,-0.5978,0.7,32.68,2.65,13.3,13.11,-0.3539,0.3974,0.07,0.01,-0.0532,LOW LIQUIDITY
Deep Industries,543288,DEEPINDS,Oil,0.692,0.755,0.4145,0.2889,-0.0179,0.3994,0.1227,0.9147,0.11,14.89,-8.32,10.2,9.4,-0.2275,0.2661,0.1294,0.0421,0.1473,449
Deepak Builders,544276,DBEIL,Construction,-0.6302,-0.6698,0.2828,-0.1254,-0.1642,0.1781,0.1381,-1.201,0.35,13.29,-0.81,6.9,8,-0.3677,0.0534,0.1981,-0.2664,0.3623,LOW LIQUIDITY
Deepak Fertilis.,500645,DEEPAKFERT,Chemicals & Petrochemicals,0.0943,0.0148,0.1542,0.062,0.0738,0.1501,0.1278,1.1913,0.68,18.58,2.52,35.4,10.94,-0.1853,0.6313,0.1556,0.0779,0.0818,378
Deepak Nitrite,506401,DEEPAKNTR,Chemicals & Petrochemicals,-0.064,-0.3887,0.1074,-0.0492,-0.219,0.0969,0.107,0.6503,0.23,43.93,-2.01,57.7,25.39,-0.3841,0.009,0.1336,-0.0302,0.3526,864
Delhivery,543529,DELHIVERY,Transport Services,0.1688,-5.9392,0.0266,0.055,-0.0205,0.0289,0.0159,2.1669,0.17,235.88,-115.17,255.7,38.39,-0.1102,0.8433,0.0152,0.0446,0.0357,1299
Delphi World,533452,DELPHIFX,Finance,2.4752,9,0.0548,0,0,0.3218,-0.3079,0,0.81,,,2.4,23,-0.1893,1.0249,0,0,0,LOW LIQUIDITY
Delta Corp,532848,DELTACORP,Leisure Services,-0.0261,-0.0697,0.217,0.0094,0.6481,0.225,0.1131,0.245,0.01,12.82,0.2,22.2,8.55,-0.4633,0.0026,0.0345,-0.0513,-0.6136,2150
Delton Cables,504240,,Electrical Equipment,0.3797,2.2092,0.0755,0.1118,0.4017,0.0696,0.1358,-0.3142,2.6,32.67,0.81,5.3,13.91,-0.4942,0.232,0.1622,0.0104,-0.2395,
Den Networks,533137,DEN,Entertainment,-0.0307,-0.3245,0.0745,-0.0138,0.2653,0.2392,0.0639,0.0966,0.01,7.93,0.3,19.6,-0.36,-0.3175,0.1336,0.0431,0.0285,-0.2222,LOW LIQUIDITY
Denta Water,544345,DENTA,Other Utilities,0.538,0.7116,0.3188,0.2153,0.253,0.363,0.2461,-0.9947,0.03,15.48,0.61,6.3,10.56,-0.2004,0.5264,0.1843,-0.266,-0.0687,1849
Dev Accele.,544513,DEVX,Commercial Services & Supplies,0.5039,-0.7159,0.5096,0,0,0.2974,0.0106,1.9841,1.77,211.84,,18.2,6.54,-0.365,0.0136,0.0455,0.0009,0.0455,LOW LIQUIDITY
Devyani Intl.,543330,DEVYANI,Leisure Services,0.1265,-987.193,0.1395,0.0585,-6.3293,0.0447,-0.0038,3.1697,2.15,,0,1424.5,25.21,-0.3059,0.1194,0.0054,0.1077,6.3347,344
Dhabriya Poly.,538715,,Industrial Products,0.154,0.8206,0.2039,0.0534,0.2959,0.147,0.2258,0.5802,0.48,18.38,0.62,4.1,10.45,-0.1912,0.4151,0.1977,0.0113,-0.0982,
Dhampur Bio,543593,DBOL,Agricultural Food & other Products,0.1968,0.3158,-0.0145,0.0807,-0.8914,0.0308,0.0054,1.5379,0.58,275.76,-3.09,3.3,8.05,-0.4696,0.2388,0.0156,-0.0211,0.907,LOW LIQUIDITY
Dhampur Sugar,500119,DHAMPURSUG,Agricultural Food & other Products,0.1973,0.4154,0.0189,0.0512,0.1427,0.0632,0.0494,1.6428,0.43,14.73,1.03,4.8,6.71,-0.3289,0.2017,0.0444,-0.0709,-0.0983,LOW LIQUIDITY
Dhani Services,532960,DHANI,Finance,-0.1997,1.0746,0.263,-0.0594,-1.597,0.3424,0.0337,1.8741,0.18,97.81,-0.61,70.6,20.89,-0.5353,0.0243,-0.0181,0.0837,1.5789,471
Dhanlaxmi Bank,532180,DHANBANK,Banks,0.1666,-0.1011,0.6003,0.0884,0.2678,0.679,0.0532,-0.0053,12.39,13,0.49,30.5,18.32,-0.241,0.2609,0.0548,-0.0031,-0.213,LOW LIQUIDITY
Dhanuka Agritech,507717,DHANUKA,Fertilizers & Agrochemicals,-0.0856,-0.2004,0.2285,-0.0105,-0.0404,0.1865,0.2462,0.6729,0.02,19.65,-4.86,16.2,12.63,-0.3888,0.1058,0.2195,0.0144,0.2599,LOW LIQUIDITY
Dharmaj Crop,543687,DHARMAJ,Fertilizers & Agrochemicals,0.1154,-0.1759,0.0915,0,0,0.0619,0.0811,0.6572,0.31,25.13,,6,11.9,-0.4056,0.4085,0.0928,0.0928,0.0928,LOW LIQUIDITY
Dhunseri Invest.,533336,DHUNINV,Finance,-0.507,-1.5053,-0.6146,-0.177,-0.8146,0.2063,0.0433,0.2864,0.2,46.99,-0.58,0.2,8.93,-0.4927,0.0349,0.0346,0.0144,0.8492,LOW LIQUIDITY
Dhunseri Vent.,523736,DVL,Diversified,-0.4477,-1.1576,-0.5418,0.0026,-0.5353,0.2452,0.0531,-1.6686,0.17,15.94,-0.3,1.2,8.59,-0.3514,0.0401,0.0469,-0.0078,0.5822,964
Diamond Power,522163,DIACABS,Electrical Equipment,0.7512,5.9325,0.1048,0.2385,0.7904,0.0594,0.0357,1.6434,,130.07,1.65,-592.5,80.36,-0.1763,0.8822,0,0,-0.7904,2049
DIC India,500089,DICIND,Chemicals & Petrochemicals,0.0098,1.9646,0.0526,-0.0028,0.0275,0.0316,0.0649,0.6101,0.01,25.03,9.11,1.1,9.77,-0.3564,0.0936,0.0466,0.0508,0.0191,LOW LIQUIDITY
Diffusion Eng,544264,DIFFNKG,Industrial Products,0.0133,0.1816,0.1408,0.0319,0.279,0.162,0.1569,0.1894,0.06,27.91,1,11.5,17.55,-0.2446,0.3625,0.1184,-0.0578,-0.1606,LOW LIQUIDITY
DigiSpice Tech.,517214,DIGISPICE,IT - Services,0.1444,3.3704,0.0555,0.0661,1.3081,0.0604,0.1498,0.7455,0.06,37.94,0.29,56,6.57,-0.3473,0.3558,0.0271,0.0645,-1.281,LOW LIQUIDITY
Digitide Solutio,544413,DIGITIDE,IT - Services,0.057,0.1984,0.093,-0.0962,-0.3267,0.0902,0.1884,1.0347,0.33,26.1,-0.8,38.1,8.85,-0.4527,0.0934,0,0,0.3267,LOW LIQUIDITY
Dilip Buildcon,540047,DBL,Construction,-0.2287,-0.1981,0.2445,-0.0958,-0.0785,0.213,0.0791,0.0672,1.8,16.19,-2.06,19.7,6.66,-0.2654,0.1893,0.0997,0.086,0.1782,LOW LIQUIDITY
Disa India,500068,,Industrial Manufacturing,0.214,-0.0129,0.1406,0.0675,-0.0332,0.1733,0.2716,0.4643,0,35.82,-10.8,1,22.15,-0.2788,0.0399,0.2174,0.026,0.2506,
Dish TV India,532839,DISHTV,Entertainment,-0.2641,-2.5487,0.1094,-0.147,1.2306,-0.0517,0.0915,3.5346,,,0,-42,1.9,-0.6557,0.0591,0,0,-1.2306,LOW LIQUIDITY
Dishman Carbogen,540701,DCAL,Pharmaceuticals & Biotechnology,-0.1729,0.8881,0.2281,0.0177,-9.1778,0.1132,0.0228,1.9168,0.4,25.42,-0.03,9.4,9.13,-0.2472,0.3615,-0.0032,0.0232,9.1746,606
Divgi Torq,543812,DIVGIITTS,Auto Components,0.5376,0.3712,0.2004,0.2122,0.2421,0.1568,0.0653,1.0485,0,62.97,2.6,9.6,23.43,-0.1338,0.5199,0.0414,-0.0288,-0.2007,LOW LIQUIDITY
Divi's Lab.,532488,DIVISLAB,Pharmaceuticals & Biotechnology,0.1612,0.351,0.3271,0.0715,0.1346,0.3238,0.2084,0.5665,0.01,68.95,5.12,295.1,45.72,-0.0881,0.306,0.1535,0.0318,0.0189,638
Divine Power,,DPEL,Industrial Products,0.247,0.0533,0.0567,0.1041,0.024,0.0548,0.2866,-0.9883,0.82,70.59,29.42,15.4,33.84,-0.1315,1.8843,0.1641,-0.119,0.1401,
Dixon Technolog.,540699,DIXON,Consumer Durables,0.2879,1.8468,0.0378,0.2464,0.6726,0.0425,0.3602,0.9062,0.34,72.89,1.08,140.3,39.45,-0.1885,0.2735,0.3285,0.0812,-0.3441,437
DLF,532868,DLF,Realty,-0.1681,-0.2708,0.1726,0.1279,-0.1713,0.3547,0.257,1.7688,0.04,47.69,-2.78,1059.6,55.03,-0.1706,0.2369,0.1136,0.044,0.2849,332
DMCC Speciality,506405,DMCC,Chemicals & Petrochemicals,0.2271,-0.0086,0.1112,0.1508,0.2805,0.0981,0.135,0.9056,0.17,24.14,0.86,7.2,10.88,-0.4045,0.117,0.0997,0.0708,-0.1808,LOW LIQUIDITY
Dodla Dairy,543306,DODLA,Food Products,0.0213,0.0361,0.0911,0.0313,0.0308,0.0896,0.2256,1.487,0.04,27.84,9.03,28.5,16.92,-0.2131,0.2473,0.1983,0.0435,0.1675,219
Dolat Algotech,505526,DOLATALGO,Capital Markets,-0.5952,-0.9324,0.341,-0.2411,-0.4413,0.5389,0.5542,-0.0777,0.19,10.65,-0.24,21.6,6.74,-0.4869,0.071,0.24,0.0202,0.6813,LOW LIQUIDITY
Dollar Industrie,541403,DOLLAR,Textiles & Apparels,0.0549,0.3428,0.1305,0.0513,0.1795,0.0918,0.1547,0.6034,0.34,19.77,1.1,12.8,11.64,-0.3536,0.0665,0.1056,-0.0129,-0.0739,LOW LIQUIDITY
Dolphin Offshore,522261,DOLPHIN,Oil,0.4716,0.2082,0.894,0.2159,0.1473,0.7052,0.1105,0.2161,0.64,27.4,1.86,19.2,23.58,-0.4035,0.8133,0.1869,0.1547,0.0396,LOW LIQUIDITY
DOMS Industries,544045,DOMS,Household Products,0.2406,0.1352,0.1752,0.1189,0.0601,0.1475,0.2408,0.6067,0.15,72.29,12.03,85.7,39.17,-0.1789,0.2224,0.2229,-0.0429,0.1628,834
Donear Inds.,512519,DONEAR,Textiles & Apparels,0.1289,0.1731,0.1281,0.0267,0.058,0.0903,0.1905,-0.0069,1.56,15.39,2.65,10.6,9.17,-0.4601,0.1702,0.1452,-0.039,0.0872,LOW LIQUIDITY
Dr Agarwal's Eye,526783,,Healthcare Services,0.152,0.3654,0.3405,0.0817,0.1642,0.2239,0.1366,1.1139,1.06,40.59,2.47,3.9,20.84,-0.2755,0.5111,0.295,-0.049,0.1308,
Dr Agarwal's Hea,544350,AGARWALEYE,Healthcare Services,0.1971,0.7907,0.273,0.097,0.5204,0.1651,0.0561,1.3787,0.51,136.68,2.63,259.7,29.78,-0.1168,0.5341,0.0476,-0.0218,-0.4728,2073
Dr Lal Pathlabs,539524,LALPATHLAB,Healthcare Services,0.1066,0.1641,0.3067,0.0562,0.0934,0.2678,0.302,0.8762,0.07,50.3,5.39,94.3,31.09,-0.0944,0.3987,0.243,0.0394,0.1496,201
Dr Reddy's Labs,500124,DRREDDY,Pharmaceuticals & Biotechnology,0.0983,0.0728,0.2277,0.051,0.0401,0.2288,0.2241,0.5944,0.16,18.08,4.51,241.8,11.08,-0.1107,0.2257,0.1796,-0.0343,0.1395,983
Dreamfolks Servi,543591,DREAMFOLKS,Transport Infrastructure,-0.3514,-0.3025,0.0582,-0.0644,-0.0075,0.0753,0.2603,0.6154,0.03,9.91,-13.17,10.2,6.36,-0.7253,0.2128,0.2425,-0.1086,0.25,861
Dredging Corpn.,523618,DREDGECORP,Engineering Services,0.0356,0.3837,0.1178,0.0865,-0.6515,0.0559,-0.0073,-18.5348,0.91,,0,5.4,14.26,-0.1757,0.6163,-0.0367,-0.064,0.6148,1691
DSM Fresh,544568,,Food Products,0.4323,1.9672,0.1593,0,0,0.1186,0.1995,-1.0754,0.81,31.23,,,27.88,-0.0295,0.6175,0.208,0.0364,0.208,
Ducol Organics,,DUCOL,Chemicals & Petrochemicals,0.6724,0.1235,0.0838,0,0,0.1054,0.055,0,0.45,63.33,,5.5,30.4,-0.0831,1.0545,0,0,0,
Dugar Housing,511634,,Construction,-1,-1.1786,,-1,-4.1667,,-0.0369,1.25,0.12,,0,23.3,-868.37,0,21.4392,0,0,4.1667,
Dwarikesh Sugar,532610,DWARKESH,Agricultural Food & other Products,-0.0005,-0.3592,-0.1677,0.0472,-0.3542,0.0386,0.0278,0.8553,0.23,51.17,-1.44,18.9,6.36,-0.3786,0.2599,0.0286,-0.0784,0.3828,LOW LIQUIDITY
Dynacons Sys.,532365,DSSL,IT - Services,0.1498,0.2366,0.1054,0.0423,0.0865,0.095,0.3858,0.5813,0.64,15.72,1.82,5.8,10.03,-0.3995,0.1843,0.3728,-0.0389,0.2863,LOW LIQUIDITY
Dynamatic Tech.,505242,DYNAMATECH,Industrial Manufacturing,0.0857,-0.5619,0.1178,0.0396,-0.1715,0.0813,0.0509,1.2679,0.78,185.22,-10.8,5.5,37.56,-0.0152,0.7886,0.0621,-0.0398,0.2336,1517
Dynamic Cables,540795,DYCL,Industrial Products,0.2025,0.4181,0.1095,0.0984,0.1904,0.101,0.2536,0.5576,0.19,22.71,1.19,20.7,14.37,-0.339,0.5908,0.2207,0.028,0.0303,400
Dynemic Products,532707,DYNPRO,Chemicals & Petrochemicals,0.1796,0.7302,0.1352,0.0392,0.1338,0.0905,0.0783,0.8912,0.43,20.41,1.53,1.9,8.65,-0.4049,0.1596,0.0704,0.0515,-0.0634,LOW LIQUIDITY
E Factor Experie,,EFACTOR,Other Consumer Services,1.8997,19.24,0.147,0.2009,0.289,0.168,0.4589,-0.6549,0.28,15.77,0.55,6.8,11.1,-0.1224,1.3608,0.3198,-0.1762,0.0308,
E2E Networks,,E2E,IT - Services,-0.0789,-2.1078,0.4112,-0.0547,-0.8125,0.1352,0.005,1.1645,0.1,588.51,-7.24,6.7,38.89,-0.4437,0.5225,0.0571,-0.3066,0.8696,LOW LIQUIDITY
Easy Trip Plann.,543272,EASEMYTRIP,Leisure Services,-0.182,-0.8552,0.0274,-0.1109,-0.4963,0.1363,0.1138,0.7517,0.04,50.58,-1.02,1149.1,31.21,-0.6044,0.0027,0.1621,-0.1311,0.6584,886
eClerx Services,532927,ECLERX,Commercial Services & Supplies,0.208,0.3062,0.2698,0.0968,0.183,0.2317,0.285,0.9034,0.15,35.33,1.93,40.5,21.03,-0.0909,1.0914,0.228,-0.0261,0.045,987
Eco Recyc.,530643,,Other Utilities,0.1204,-0.2864,0.4986,-0.0139,-0.6828,0.6556,0.27,0.5509,0.07,49.06,-0.72,19.2,33.87,-0.5004,0.0424,0.8405,0.5615,1.5233,
Ecos (India),544239,ECOSMOBLTY,Transport Services,0.3362,-0.0684,0.1154,0.1555,0.0214,0.1069,0.3296,0.9993,0.03,25.85,12.07,38.2,14.33,-0.3176,0.4823,0.2831,-0.0997,0.2617,746
Edelweiss.Fin.,532922,EDELWEISS,Finance,-0.3343,0.1649,0.3254,-0.1246,0.0653,0.3575,-0.0956,0.6145,4.4,25.91,3.97,235.7,8.82,-0.1892,0.5824,0.0868,0.0137,0.0215,1207
EFC (I),512008,EFCIL,Commercial Services & Supplies,0.5296,0.5427,0.4352,0.3132,0.31,0.3657,0.2326,0.5445,1.77,19.5,0.63,46.1,8.94,-0.2254,0.6892,0.2327,0.0005,-0.0773,835
Effwa Infra,,EFFWA,Other Utilities,0.4823,1.1303,0.1709,0.1585,0.2675,0.1767,0.3258,-1.0487,0.14,22.58,0.84,12.7,14.62,-0.0892,0.6849,0.3044,-0.1529,0.0369,
Eicher Motors,505200,EICHERMOT,Automobiles,0.4477,0.2446,0.245,0.1355,0.0774,0.3064,0.8965,0.6639,0.02,37.04,4.79,234.9,25.78,-0.0319,0.485,0.241,-0.0013,0.1636,397
EID Parry,500125,EIDPARRY,Food Products,0.2459,0.3886,0.103,0.1351,0.4219,0.0857,0.128,0.8167,0.31,18.02,0.43,37.7,5.28,-0.1736,0.6125,0.0954,-0.039,-0.3265,2017
EIH,500840,EIHOTEL,Leisure Services,0.0152,-0.1777,0.2571,0.0204,-0.0074,0.3891,0.2096,0.7579,0.05,31.17,-42.36,315.6,18.84,-0.1402,0.2943,0.1795,0.0033,0.1869,416
EIH Assoc.Hotels,523127,EIHAHOTELS,Leisure Services,-0.1766,-0.6176,0.0458,-0.0202,-0.0071,0.3213,0.2367,0.8398,0.01,23.27,-32.91,25.9,14.87,-0.2004,0.2151,0.1924,0.0048,0.1995,LOW LIQUIDITY
Eimco Elecon(I),523708,EIMCOELECO,Industrial Manufacturing,-0.5011,-0.5904,0.157,-0.1442,-0.1527,0.2552,0.2179,0.5097,0,24.06,-1.58,1.3,15.67,-0.4355,0.3638,0.118,0.0105,0.2707,498
Ekansh Concept,531364,,Commercial Services & Supplies,-0.1584,-0.3155,0.1496,-0.1292,-2.809,0.1425,0.0666,7.1534,0.62,224.42,-0.8,10.8,73.96,-0.2245,1.4777,-0.0188,-0.0213,2.7902,
Elantas Beck,500123,,Chemicals & Petrochemicals,0.1797,0.167,0.2179,0.1083,-0.0097,0.2245,0.1847,0.3435,0,53.96,-55.36,6.3,35.76,-0.3401,0.1539,0.1745,-0.0317,0.1842,
Elcid Investment,503681,,Finance,-0.2195,-0.2698,0.9661,-0.4638,-0.5037,0.9509,4.5206,0.4567,0,35.1,-0.7,0,24.47,-0.4773,0.0729,0.0147,-0.0006,0.5184,
Eldeco Housing,523329,ELDEHSG,Realty,-0.0099,-0.4169,0.0995,-0.0017,-0.3133,0.1956,0.0549,-0.1994,0.27,53.31,-1.7,2,27.38,-0.2165,0.2649,0.057,-0.0377,0.3703,LOW LIQUIDITY
Elecon Engg.Co,505700,ELECON,Electrical Equipment,0.1377,0,0.2173,0.0755,0.086,0.2473,0.2562,0.7882,0.11,26.91,3.13,120.9,17.78,-0.2482,0.5478,0.2296,-0.0151,0.1436,611
Electronics Mart,543626,EMIL,Retailing,0.1914,-0.7313,0.0513,-0.0123,-0.432,0.0385,0.0508,0.5267,1.26,54.1,-1.25,122,16.95,-0.3091,0.1661,0.1108,-0.0333,0.5428,894
Electrost.Cast.,500128,ELECTCAST,Industrial Products,-0.2364,-0.4955,0.0665,-0.1211,-0.308,0.1121,0.0976,0.4682,0.38,9.68,-0.31,50.4,7.3,-0.5465,0.0027,0.1315,-0.0274,0.4395,760
Electrotherm(I),526608,ELECTHERM,Industrial Products,0.0007,-1.4661,-0.0149,-0.0546,-0.4614,0.0451,1.575,0.9821,,6.31,-0.14,-9,9.95,-0.4109,0.2785,0,0,0.4614,LOW LIQUIDITY
Elgi Equipments,522074,ELGIEQUIP,Industrial Products,0.1141,0.2817,0.1445,0.0469,0.1173,0.1533,0.2825,0.7605,0.26,41.04,3.5,252.4,24.5,-0.2522,0.2936,0.2006,-0.0056,0.0833,720
Elin Electronics,543725,ELIN,Consumer Durables,0.2298,1.1548,0.0544,0.0609,0.6869,0.0468,0.0845,0.4472,0.03,24.5,0.36,8.4,11.27,-0.1959,0.7463,0.0438,0.0163,-0.6431,LOW LIQUIDITY
Elitecon Inter.,539533,,Cigarettes & Tobacco Products,0,0,0.0701,4.6934,2.3061,0.091,0.3948,-0.0004,1.09,80.39,0.35,8569.7,65.5,-0.726,18.4295,0,0,-2.3061,
Ellen.Indl.Gas,544421,ELLEN,Chemicals & Petrochemicals,-0.0585,0.2384,0.3756,0,0,0.3875,0.1686,0.0353,0.13,66.31,,88.5,40.77,-0.356,0.0044,0.1776,0.0687,0.1776,212
Elpro Internatio,504000,,Realty,-0.741,-0.6518,0.4185,-0.446,0.2551,0.7294,0.1341,1.6618,0.51,19.53,0.77,11.8,14.1,-0.3624,0.3295,0.0314,-0.0228,-0.2237,
Emami,531162,EMAMILTD,Personal Products,-0.1034,-0.3024,0.2213,-0.0247,-0.0283,0.2266,0.3964,1.0359,0.02,29.6,-10.44,332.3,21.7,-0.3121,0.0254,0.3018,0.0023,0.3301,182
Emami Paper,533208,EMAMIPAP,"Paper, Forest & Jute Products",-0.0898,-0.1331,0.0805,-0.0459,-0.2596,0.05,0.024,0.4693,1.39,30.78,-1.19,5.9,9.49,-0.2649,0.2073,0.048,-0.1226,0.3076,LOW LIQUIDITY
Emami Realty Ltd,533218,EMAMIREAL,Realty,0.5283,-1.6782,-2.6281,0.0456,0.4593,-1.1816,-0.3363,2.166,,,0,-11.9,-22.89,-0.4273,0.2351,0,4.6183,-0.4593,LOW LIQUIDITY
Embassy Develop,532832,EMBDL,Realty,0.0371,-3.4648,-0.106,0.0957,-2.8561,0.1548,-0.011,4.4082,0.46,,0,153.6,38.65,-0.4937,0.007,0.0253,0.5835,2.8814,252
Embassy Off.REIT,542602,EMBASSY,Realty,0.1274,-0.8483,0.7721,0.0427,-0.8135,0.417,0.0124,2.0412,0.96,133.37,-1.64,173.4,20.35,-0.026,0.2448,0.0705,0.0311,0.884,
Emcure Pharma,544210,EMCURE,Pharmaceuticals & Biotechnology,0.1338,0.2513,0.2095,0.0701,0.1713,0.1499,0.2107,0.7393,0.35,32.39,1.89,103.8,16.31,-0.1015,0.5412,0.1851,0.0005,0.0138,818
Emerald Finance,538882,,Finance,0.38,0.7561,0.7855,0.193,0.3186,0.7331,0.1502,-0.8818,0.17,25.77,0.81,11.7,16.73,-0.4696,0.2696,0.1376,0.0459,-0.181,
Emerald Leisures,507265,,Leisure Services,-0.0131,0,0.2757,-0.0007,-0.025,0.1921,0.6165,-7.224,,,0,-6.8,104.25,-0.3043,0.3127,0,0,0.025,
Emk.Global Fin.,532737,EMKAY,Capital Markets,-0.3326,-0.9823,0.0196,-0.186,-0.6077,0.0904,0.0823,-0.0309,0.27,34.45,-0.57,6.5,2.99,-0.268,0.8573,0.209,0.0753,0.8167,LOW LIQUIDITY
Emkay Tools,,ETL,Industrial Manufacturing,0.1474,0.2217,0.5416,0,0,0.5126,0.9567,0.5932,0,19.61,,9.7,15.49,-0.2723,0.2462,0,0,0,1786
Emmforce Auto.,544166,,Auto Components,0.5284,0.1982,0.2059,0.2143,0.0845,0.1553,0.1249,-0.1789,0.46,34.99,4.14,7.3,15.71,-0.1196,1.1597,0.1627,0.1627,0.0782,
Emmvee Photovol.,544608,EMMVEE,Electrical Equipment,0,0,,0,0,0.2529,0.206,1.0392,3.85,44.34,,,24.24,-0.021,0.1423,1.0458,0.8931,1.0458,
Empire Inds.,509525,,Diversified,0.1038,0.263,0.1172,0.0474,0.0807,0.0981,0.1065,1.3793,0.56,15.55,1.93,1.1,7.22,-0.4008,0.0391,0.1114,-0.0143,0.0307,
EMS,543983,EMSLIMITED,Other Utilities,-0.2613,-0.4312,0.2097,-0.0407,-0.1107,0.2468,0.2529,0.1288,0.16,15.69,-1.42,13.7,10.84,-0.5465,0.0091,0.2069,-0.022,0.3176,464
eMudhra,543533,EMUDHRA,IT - Services,0.2242,0.1528,0.2387,0.1666,0.1225,0.2014,0.1278,0.9361,0.02,53.66,4.38,51.9,33.63,-0.3987,0.0195,0.1208,-0.023,-0.0017,LOW LIQUIDITY
Endurance Tech.,540153,ENDURANCE,Auto Components,0.2301,0.1197,0.1331,0.1006,0.1167,0.0948,0.1556,1.4306,0.2,44.06,3.78,86.5,21.39,-0.1114,0.7592,0.1463,0.0099,0.0296,851
Energy InfrTrust,542543,,Gas,-0.0645,3.4024,0.3966,-0.0176,8.8895,0.1561,0.0077,2.2402,7.16,65.53,0.07,426,7.64,-0.1426,0.107,0.0046,-0.3089,-8.8849,
Engineers India,532178,ENGINERSIN,Construction,0.3373,-0.162,0.13,0.1551,-0.0564,0.1956,0.8439,0.1757,0.01,21.12,-3.75,235.8,13.71,-0.2094,0.4208,0.2317,0.0232,0.2881,169
Enkei Wheels,533477,,Auto Components,0.111,2.7412,0.1131,0.0912,-1.8193,0.0193,0.0025,1.2373,1.1,,0,7.3,15.73,-0.2771,0.0994,0.0106,-0.0409,1.8299,
Ent.Network,532700,ENIL,Entertainment,0.2431,0.0168,0.0806,0.0571,0.8441,0.0477,0.022,1.0378,0.23,53.33,0.63,3.9,6.9,-0.3443,0.0908,0.0082,-0.035,-0.8359,LOW LIQUIDITY
Entero Healthcar,544122,ENTERO,Retailing,0.2078,0.3378,0.0395,0.1132,0.1677,0.0355,0.0794,-0.4268,0.25,42.67,2.55,11.6,21.41,-0.3074,0.0447,0.0563,0.0065,-0.1114,1667
Enviro Infra,544290,EIEL,Other Utilities,0.0673,0.4454,0.2856,0.0399,0.1741,0.2773,0.2609,-0.1679,0.26,18.6,1.07,59.3,11.75,-0.4408,0.2887,0.2739,-0.244,0.0998,1251
Epack Durable,544095,EPACK,Consumer Durables,-0.4345,-1.6207,-0.0052,-0.1267,-0.2592,0.0627,0.0531,0.2435,0.76,62.82,-2.42,25.8,19.17,-0.6039,0.0066,0.0598,0.0013,0.319,876
EPack PrefabTech,544540,EPACKPEB,Industrial Manufacturing,0.6189,1.0423,0.1152,0,0,0.0928,0.0985,0.5921,0.32,41.6,,,22.96,-0.1042,0.7184,0.2277,-0.0641,0.2277,800
Epigral,543332,EPIGRAL,Chemicals & Petrochemicals,-0.0618,-0.3602,0.2253,-0.0327,0.1419,0.2101,0.1885,0.7512,0.26,15.74,1.11,13,10.24,-0.3319,0.0188,0.223,0.0544,0.0811,LOW LIQUIDITY
EPL Ltd,500135,EPL,Industrial Products,0.1102,0.1989,0.2086,0.0523,0.1485,0.1348,0.1682,1.4757,0.32,15.07,1.01,76.4,7.21,-0.3255,0.1156,0.1627,0.0383,0.0142,LOW LIQUIDITY
Equitas Sma. Fin,543243,EQUITASBNK,Banks,0.0402,0.8742,0.4008,0.0333,-1.6222,0.4897,-0.0187,0.5944,8.12,,0,142.2,15.41,-0.1519,0.2806,0.0243,-0.1193,1.6465,1553
Eraaya Lifespace,531035,,Automobiles,368.2606,-21.8229,0.0571,0.3842,0.0299,-0.0006,-0.3385,-36.8325,17.75,,0,105,8.79,-0.901,0.1043,-8.0866,-8.0866,-8.1165,
ERIS Lifescience,540596,ERIS,Pharmaceuticals & Biotechnology,0.0691,0.3123,0.3637,0.0361,0.1868,0.2631,0.1151,1.4831,0.77,52.78,2.83,96.7,22.33,-0.1566,0.4682,0.1288,-0.034,-0.058,1717
Esab India,500133,ESABINDIA,Industrial Products,0.1267,0.2736,0.1893,0.0476,0.052,0.1701,0.6023,0.8455,0.01,46.53,8.95,31.6,32.57,-0.1548,0.3448,0.5234,-0.0475,0.4714,309
ESAF Small Fin,544020,ESAFSFB,Banks,-0.1763,0.1231,0.1893,-0.0964,0.1335,0.2976,-0.3638,2.842,14.3,,0,41.4,24.51,-0.367,0.1197,-0.2349,-0.4372,-0.3684,LOW LIQUIDITY
Escorts Kubota,500495,ESCORTS,"Agricultural, Commercial & Construction Vehicles",0.2258,0.0599,0.1289,0.043,-0.0576,0.1486,0.1554,0.727,0.01,33.64,-5.84,37.7,20.83,-0.1425,0.291,0.128,0.0063,0.1856,629
Espire Hospi,532016,,Leisure Services,-0.069,-6.9479,-0.1074,0.1077,-0.6372,0.1139,0.0277,-1.3135,3.26,178.28,-2.8,20.4,29.33,-0.4219,0.9484,0.3533,-0.9078,0.9905,
Essar Shipping,533704,ESSARSHPNG,Transport Services,-0.9999,-1.3075,-318,-14.4883,-10.5082,-0.9282,-0.0613,5.7961,,11.96,-0.01,-5.5,17.52,-0.3026,0.4198,0,0,10.5082,LOW LIQUIDITY
Essen Speciality,,ESFL,Consumer Durables,0.0441,-0.1788,0.1952,0.0501,-0.1517,0.0939,0.0951,-0.692,0.17,60.74,-4,9.5,26.35,-0.675,0.2196,0.0788,-0.0483,0.2305,
Ester Industries,500136,ESTER,Industrial Products,0.0695,-6.2252,0.0403,0.0586,-0.7106,0.06,0.0078,1.1902,0.93,303.13,-4.27,14.3,11.89,-0.318,0.1928,0.0178,0.1989,0.7284,LOW LIQUIDITY
Eternal Ltd,543320,ETERNAL,Retailing,1.8318,-0.6307,0.0176,0.5805,-0.5662,0.0216,0.0246,0.4332,0.11,1574.87,-27.81,9269.8,156.02,-0.1679,0.6171,0.0171,0.0059,0.5833,826
Ethos Ltd,543532,ETHOSLTD,Consumer Durables,0.2903,0.1195,0.1244,0.1273,-0.017,0.1072,0.0733,-0.1283,0.22,80.29,-47.34,14.2,31.79,-0.1133,0.5039,0.1036,-0.0058,0.1206,1200
Eureka Forbes,543482,EUREKAFORB,Consumer Durables,0.1495,0.384,0.1239,0.0638,0.1621,0.0977,0.046,1.035,0.02,61.69,3.8,48.9,35.6,-0.1045,0.3006,0.0369,0.0124,-0.1252,1676
Euro India Fresh,,EIFFL,Food Products,-0.0076,-2.4872,0.0253,0.0185,-0.375,0.062,0.0592,0.7938,0.85,161.06,-4.29,19.5,51.87,-0.2217,0.355,0.0805,0.0471,0.4555,LOW LIQUIDITY
Euro Panel,544461,EUROBOND,Industrial Products,0.306,0.4518,0.1145,0,0,0.0858,0.1514,0,0.89,24.13,,8.3,14.36,-0.207,0.3933,0,0,0,LOW LIQUIDITY
Euro Pratik Sale,544519,EUROPRATIK,Consumer Durables,0.101,-0.1359,0.3189,0,0,0.3692,0.3765,-0.2925,0.08,49.65,,138.9,33.09,-0.0894,0.5795,0.3936,0.3936,0.3936,44
Eveready Inds.,531508,EVEREADY,Household Products,0.0667,-0.4614,0.1269,0.0364,-0.0842,0.0945,0.1638,1.044,0.75,32.7,-3.88,38,17.52,-0.2852,0.2473,0.1945,0.0031,0.2787,285
Everest Inds.,508906,EVERESTIND,Other Construction Materials,-0.1875,-0.557,-0.0294,-0.0536,3.8965,-0.0097,-0.0479,-15.5569,0.54,,0,2.4,47.49,-0.3753,0.3207,-0.011,-0.0335,-3.9075,LOW LIQUIDITY
Everest Kanto,532684,EKC,Industrial Manufacturing,-0.0188,-0.4624,0.119,0.0248,-0.0452,0.1005,0.101,0.3951,0.15,14.57,-3.22,12.5,7.88,-0.4494,0.3144,0.0892,-0.0069,0.1344,LOW LIQUIDITY
Everest Organics,524790,,Pharmaceuticals & Biotechnology,0.1578,0.5676,0.1006,0.1775,-6.1318,0.064,0.0956,-2.759,0.68,64.89,-0.11,5.8,26.42,-0.0725,2.6532,-0.0223,-0.0253,6.1095,
Evexia Lifecare,524444,,Chemicals & Petrochemicals,-0.0367,-0.6064,0.0039,-0.157,0.5376,0.0257,0.0269,0.1151,2.16,220.55,4.1,104.4,480.05,-0.6182,0.1053,0.0032,-0.0094,-0.5344,
Excel Industries,500650,EXCELINDUS,Chemicals & Petrochemicals,0.0049,-0.4061,0.1107,0.047,-0.0642,0.0966,0.1073,0.5742,0.01,16.8,-2.62,0.9,9.01,-0.3737,0.2314,0.0521,0.0421,0.1163,LOW LIQUIDITY
Excelsoft Tech.,,,,0,0,0.2449,0,0,0.2749,0.157,0.8699,0.26,39.81,,,16.38,0,0,0.1167,0.0724,0.1167,
Exhicon Events,543895,,Other Consumer Services,0.6384,1.1312,0.2666,0.2786,0.4277,0.2554,0.2997,0.4768,0.05,19.25,0.45,6.3,13.83,-0.1041,1.4615,0.2663,0.0081,-0.1614,
Exicom Tele-Sys.,544133,EXICOM,Electrical Equipment,0.8369,-2.9137,-0.1161,0.0941,1.2634,-0.2023,-0.2263,2.7275,0.78,,0,33,-22.98,-0.5544,0.0094,-0.1648,-0.3,-1.4282,LOW LIQUIDITY
Exide Inds.,500086,EXIDEIND,Auto Components,-0.0192,-0.2566,0.0897,0.0101,0.0251,0.0762,0.1285,0.9817,0.11,41.06,16.36,186.9,17.65,-0.1942,0.1615,0.0574,-0.0131,0.0323,1720
Expleo Solutions,533121,EXPLEOSOL,IT - Services,0.0904,0.1203,0.1652,0.0302,0.026,0.1387,0.2604,1.2829,0.03,16.29,6.26,3.7,7.76,-0.3034,0.5917,0.1626,0.0039,0.1366,LOW LIQUIDITY
Exxaro Tiles,543327,EXXARO,Consumer Durables,-0.0134,2.2,0.0922,0.0169,27.1667,0.0655,0.0238,1.6264,0.32,57.91,0.02,62.8,16.01,-0.2457,0.6762,0.0009,-0.0062,-27.1658,LOW LIQUIDITY
F A C T,590024,FACT,Fertilizers & Agrochemicals,0.1247,0.8642,0.0242,0.154,3.1213,0.0771,0.1229,0.5104,2.79,644.33,2.06,2750.4,150.22,-0.1877,0.5987,0.0161,-0.2662,-3.1052,LOW LIQUIDITY
Fabtech Tech.,544558,FABTECH,Healthcare Services,1.0681,4.4902,0.2507,0,0,0.1368,0.2593,-0.8089,0.22,18.94,,,22.4,-0.0936,0.3753,0.2159,-0.0288,0.2159,623
Fabtech Techn.,544332,,Industrial Manufacturing,0.2303,-0.2453,0.0638,0.095,-0.0961,0.0884,0.1677,0.1538,0.11,33.32,-3.47,5.2,26.07,-0.3123,1.0012,0.1811,0.0665,0.2772,
Fairchem Organic,543252,FAIRCHEMOR,Chemicals & Petrochemicals,-0.1955,-0.808,0.0376,-0.1133,-0.7277,0.0253,0.0208,-0.4944,0.19,149.53,-2.05,4,41.84,-0.4688,0.2829,0.0751,-0.0723,0.8028,LOW LIQUIDITY
Faze Three,530079,FAZE3Q,Textiles & Apparels,0.3497,-1.6124,0.0246,0.1748,0.0077,0.077,0.1218,0.4255,0.52,38.5,50.23,7.5,17.76,-0.2766,0.7028,0.0853,-0.0333,0.0776,1691
FCS Software,532666,FCSSOFT,IT - Services,-0.1172,-2.1273,-0.1474,-0.0536,-0.8767,0.2007,0.0053,0.9913,0,784.17,-8.94,143.1,31.01,-0.4916,0.1854,0.0086,-0.0105,0.8853,LOW LIQUIDITY
FDC,531599,FDC,Pharmaceuticals & Biotechnology,-0.0794,-0.6062,0.0715,-0.0146,-0.1298,0.1477,0.1709,0.9038,0.01,29.66,-2.28,44.8,18.23,-0.2251,0.1442,0.1183,-0.0234,0.2481,1030
Fedbank Financi.,544027,FEDFINA,Finance,0.0437,0.2417,0.6234,0.0378,0.0894,0.568,0.3787,-0.8442,3.83,21.45,2.4,72.6,12.11,-0.1569,0.7599,0.0938,-0.0415,0.0044,1867
Fedders Holding,511628,,Finance,-0.3709,-0.1196,0.0162,-0.2262,-0.2445,0.1009,0.0446,-5.4501,0.09,33.25,-1.36,28,24.19,-0.4662,0.1118,0.0703,-0.1545,0.3148,
Federal Bank,500469,FEDERALBNK,Banks,0.03,-0.0952,0.6509,0.0225,-0.051,0.8124,0.1892,0.3791,8.71,15.34,-3.01,410.5,15.46,-0.01,0.4249,0.1286,-0.0198,0.1796,1044
Federal-Mogul Go,505744,FMGOETZE,Auto Components,0.0578,0.2871,0.1664,0.0366,0.0821,0.1413,0.1824,0.8861,0,16.5,2.01,12.2,6.61,-0.1379,0.7409,0.1405,0.0167,0.0584,751
Felix Industries,,FELIX,Other Utilities,1.1698,14.4516,0.443,0.6077,0.7212,0.4202,0.1354,2.2686,0.13,19.77,0.27,3.7,12.22,-0.1809,0.6685,0.1173,-0.0048,-0.6039,
Fermenta Biotec.,506414,,Pharmaceuticals & Biotechnology,0.3703,0.6591,0.2046,0.2038,0.3822,0.2528,0.37,0.3969,0.29,7.32,0.19,6.2,5.32,-0.3798,0.2715,0.2488,0.3047,-0.1334,
Fiem Industries,532768,FIEMIND,Auto Components,0.1682,0.2691,0.1384,0.076,0.1099,0.1159,0.2672,0.851,0.06,27.18,2.47,14.8,15.82,-0.0263,1.003,0.2099,0.0089,0.1,430
Filatex Fash.,532022,FILATFASH,Textiles & Apparels,-0.3676,-0.5294,0.0954,0.0499,-0.2113,0.07,0.0844,0.1583,0.02,46.24,-2.19,122.9,28.61,-0.6058,0,0.0041,-0.0032,0.2154,LOW LIQUIDITY
Filatex India,526227,FILATEX,Textiles & Apparels,0.0256,2.5323,0.0767,0.0051,0.3164,0.0596,0.1469,1.5212,0.1,13.54,0.43,75.6,7.52,-0.2638,0.5891,0.1061,0.0101,-0.2103,1458
Fine Organic,541557,FINEORG,Chemicals & Petrochemicals,0.0025,-0.0757,0.2245,0.0177,-0.0249,0.2334,0.2377,0.366,0.01,35.66,-14.3,17.7,22.19,-0.1526,0.3877,0.1947,-0.0433,0.2196,804
Fineotex Chem,533333,FCL,Chemicals & Petrochemicals,-0.055,-0.184,0.2253,-0.0241,-0.0907,0.2515,0.2814,0.4872,0,28.21,-3.11,408.3,19.32,-0.3321,0.2613,0.1837,-0.1174,0.2744,LOW LIQUIDITY
Finkurve Fin.,508954,FINKURVE,Finance,0.5063,0.7061,0.3415,0.1965,0.1809,0.3133,0.5903,-3.3472,1.16,73.85,4.08,64.7,33.86,-0.2941,0.3142,0.0881,-0.0009,-0.0928,LOW LIQUIDITY
Fino Payments,543386,FINOPB,Banks,0.2588,-0.2742,-4.8428,0.1434,-0.1328,0.948,0.076,0.3647,3.93,29.48,-2.22,26.1,24.69,-0.2364,0.5745,0.1331,-0.0111,0.2659,758
Finolex Cables,500144,FINCABLES,Industrial Products,0.0488,0.2793,0.1041,0.0431,0.1026,0.1407,0.175,0.2892,0,19.72,1.92,37.7,14.21,-0.4225,0.0773,0.1239,-0.0181,0.0213,1468
Finolex Inds.,500940,FINPIPE,Industrial Products,0.0366,1.3173,0.1516,-0.0162,0.1236,0.1491,0.1567,0.7186,0,26.02,2.1,122,15.82,-0.3415,0.2734,0.0676,-0.0115,-0.056,1845
Firstsour.Solu.,532809,FSL,Commercial Services & Supplies,0.2009,0.2879,0.1626,0.1019,0.1289,0.1134,0.1647,0.767,0.54,39.25,3.04,420.4,20.37,-0.1315,0.36,0.1503,0.0048,0.0214,LOW LIQUIDITY
Fischer Medical,524743,FISCHER,Healthcare Equipment & Supplies,1.1762,29.2826,0.1884,0.5417,12.6599,0.1846,0.1296,-31.8897,0.08,145.98,0.12,528.2,86.2,-0.6375,0,0.007,-0.0271,-12.6529,2161
Five-Star Bus.Fi,543663,FIVESTAR,Finance,0.1387,0.0679,0.7054,0.0765,0.0307,0.7134,0.6562,-0.497,1.23,16.24,5.3,77.7,10.85,-0.2831,0.217,0.1865,0.0112,0.1558,358
Flair Writing,544030,FLAIR,Household Products,0.0883,0.1408,0.1629,0.044,0.0519,0.1617,0.1939,0.3753,0.03,26.83,5.17,31.7,16.24,-0.158,0.5492,0.1187,-0.061,0.0668,1694
Fluidomat,522017,,Industrial Manufacturing,-0.1368,-0.2156,0.3073,-0.0606,-0.1301,0.3897,0.4428,0.4789,0,19.87,-1.53,2.2,14.07,-0.451,0.0971,0.3144,0.0775,0.4445,
FlySBS Aviation,,FLYSBS,Transport Services,0.6439,3.5846,0.2261,0,0,0.212,0.2208,0.0002,0.09,21.5,,6.7,22.73,-0.2597,0.368,0.2622,-0.0257,0.2622,
Foce India,,FOCE,Consumer Durables,0.7181,-0.1531,0.136,0.235,-0.0729,0.139,1.8122,0.8199,0.5,70.37,-9.65,5.4,53.88,-0.0352,0.5661,0.2011,-0.0805,0.274,
Focus Lighting,,FOCUS,Consumer Durables,0.0749,-0.6524,0.088,-0.0549,-0.668,0.0505,0.0546,1.5452,0.09,99.52,-1.49,23.4,27.17,-0.481,0.1717,0.1131,-0.2453,0.7811,
Foods & Inns,507552,FOODSIN,Food Products,0.1411,-0.9401,0.0914,0.0235,-0.2304,0.0957,0.0683,0.1385,0.89,18.35,-0.8,7.8,8.65,-0.392,0.07,0.0873,-0.0155,0.3177,LOW LIQUIDITY
Forbes & Co,502865,,Consumer Durables,-0.4605,0.1854,0.1535,-0.1464,-0.7475,0.2406,0.447,-0.3839,0.03,16.62,-0.22,2.6,10.49,-0.324,0.3807,0.6238,0.7142,1.3713,
Forbes Precision,544186,,Industrial Manufacturing,0.0996,0.1293,0.2304,0.0274,0.0014,0.1761,0.2355,1.2263,0.13,32.1,229.76,31.1,16.45,-0.4495,0.2516,0.1884,-0.2424,0.187,
Force Motors,500033,FORCEMOT,Automobiles,0.0722,1.5972,0.1743,0.0684,0.49,0.1226,0.3569,1.1102,0,28.3,0.58,8.7,16.94,-0.1992,1.8764,0.2082,0.0199,-0.2818,835
Fortis Health.,532843,FORTIS,Healthcare Services,0.1725,0.4023,0.2386,0.0836,0.1992,0.1829,0.1056,1.115,0.34,69.17,3.47,557.8,37.16,-0.1648,0.7712,0.1013,0.0228,-0.0979,1252
Foseco India,500150,FOSECOIND,Chemicals & Petrochemicals,0.0708,0.035,0.1827,0.1299,0.1248,0.191,0.306,0.426,0,41.17,3.3,5.9,25.2,-0.2226,0.6605,0.233,-0.0102,0.1082,LOW LIQUIDITY
FratelliVineyard,541741,,Beverages,-0.2611,-0.1375,0.0172,-0.3766,0.6403,-0.104,-0.1296,0.7865,0.97,,0,16.5,-72.13,-0.6663,0.2691,-0.156,-0.156,-0.7963,
Fredun Pharma,539730,,Pharmaceuticals & Biotechnology,0,0,0.1537,0,0,0.1093,0.1502,-0.5827,1.09,45.58,,2.7,19.36,-0.0332,2.0012,0,0,0,
Freshara Agro,,FRESHARA,Food Products,0.2964,0.3102,0.1329,0.1226,0.1336,0.1763,0.2643,-0.0027,0.65,10.09,0.76,5.4,7.94,-0.3746,0.2618,0.3687,0.3687,0.2351,
Frontier Springs,522195,,Auto Components,0.5838,1.155,0.2667,0.2381,0.4668,0.2392,0.5133,0.4742,0.04,34.83,0.75,4.5,24.28,-0.1783,1.7185,0.325,0.17,-0.1418,
FSN E-Commerce,543384,NYKAA,Retailing,0.2514,2.491,0.0678,0.1107,0.5855,0.0348,0.0907,1.9803,1.01,735.13,12.56,15880.4,129.15,-0.0149,0.7376,0.0516,0.0272,-0.5339,1701
Fujiyama Power,544613,UTLSOLAR,,0,0,,0,0,0.1559,0.3823,0.0755,0.99,44.69,,,28.5,0,0,0.4914,0.282,0.4914,
Fusion Finance,543652,FUSION,Finance,-0.4204,0.9274,0.2065,-0.2348,-0.1848,-0.0621,-1.156,-5.0072,2.57,,0,14.4,-57.25,-0.2037,0.3606,-0.5453,-0.7408,-0.3605,LOW LIQUIDITY
G M Breweries,507488,GMBREW,Beverages,0.2115,0.6101,0.2482,0.0659,0.1158,0.2644,0.5263,1.0127,0,16.75,1.45,5.6,12.45,-0.2027,0.8132,0.1457,-0.0507,0.0299,1586
G M D C,532181,GMDCLTD,Minerals & Mining,-0.1103,-0.0884,0.131,-0.053,-0.0381,0.3132,0.1916,1.1918,0.04,25.05,-6.58,77.5,17.06,-0.2088,1.2785,0.1087,0.0083,0.1468,809
G N F C,500670,GNFC,Chemicals & Petrochemicals,0.0266,0.7048,0.094,-0.0468,0.0642,0.1117,0.1141,0.7442,0,11.41,1.78,12.3,5.62,-0.2559,0.1001,0.0708,0.0138,0.0066,1335
G R Infraproject,543317,GRINFRA,Construction,0.149,0.0588,0.2416,0.0224,0.11,0.2499,0.2691,-1.1703,0.63,9.78,0.89,11.5,7.52,-0.3478,0.2175,0.1215,-0.0344,0.0115,LOW LIQUIDITY
G S F C,500690,GSFC,Fertilizers & Agrochemicals,0.2096,0.0867,0.106,0.0602,0.1258,0.0876,0.109,0.1085,0,11.48,0.91,24.5,6.33,-0.1681,0.2304,0.0477,0.0021,-0.0781,1721
Gabriel India,505714,GABRIEL,Auto Components,0.1538,0.1511,0.0866,0.072,0.0711,0.0783,0.2459,0.513,0.02,71.51,10.06,186.5,42.41,-0.1954,1.8858,0.1935,0.0008,0.1224,510
GAIL (India),532155,GAIL,Gas,0.0486,-0.2677,0.0974,0.0157,-0.149,0.0865,0.1364,1.0883,0.25,13.41,-0.9,902.8,8.66,-0.1375,0.2228,0.1309,-0.0088,0.2799,723
Gala Precis. Eng,544244,GALAPREC,Industrial Manufacturing,0.3939,0.5883,0.1556,0.1265,0.125,0.146,0.1344,0.0727,0.09,31.26,2.5,4.5,19.44,-0.4963,0.0472,0.1496,-0.1087,0.0246,LOW LIQUIDITY
Galaxy Surfact.,540935,GALAXYSURF,Chemicals & Petrochemicals,0.2476,-0.2151,0.0833,0.135,-0.0629,0.0794,0.1384,1.0495,0.11,26.01,-4.13,10.4,15.04,-0.2899,0.0402,0.1346,-0.0144,0.1975,LOW LIQUIDITY
Gallantt Ispat L,532726,GALLANTT,Industrial Products,0.0745,0.819,0.1299,0.0089,0.2324,0.1544,0.1978,0.9831,0.21,30.91,1.33,118.3,19.71,-0.2132,1.1758,0.1511,0.0548,-0.0813,747
Gandhar Oil Ref.,544029,GANDHAR,Petroleum Products,0.1335,0.9824,0.0621,0.0085,0.1654,0.0434,0.0806,0.09,0.26,14.54,0.88,10.3,7.88,-0.4333,0.0802,0.0665,-0.0803,-0.0989,LOW LIQUIDITY
Gandhi Spl. Tube,513108,GANDHITUBE,Industrial Products,-0.0123,0.0255,0.438,0.0387,0.293,0.4839,0.7555,0.6996,0,14.21,0.48,4,10.44,-0.2486,0.3392,0.2103,-0.0281,-0.0827,LOW LIQUIDITY
Ganesh Benzopl.,500153,GANESHBE,Oil,0.014,0.0018,0.2222,0.0253,0.1925,0.2829,0.1747,0.5341,0.09,7.45,0.39,7.8,4.39,-0.4246,0.072,0.1353,-0.007,-0.0572,LOW LIQUIDITY
Ganesh Consumer,544528,GANESHCP,Food Products,0.0715,0.173,0.1002,0,0,0.0638,0.1273,0.8486,0.53,29.73,,12.1,14.1,-0.1202,0.0904,0.1581,0.0311,0.1581,339
Ganesh Green,,GGBL,Construction,1.4748,1.5157,0.1429,0.6392,0.6555,0.1358,0.3172,-0.6199,0.15,21.21,0.32,11.1,13.32,-0.3261,0.5163,0.2303,-0.2001,-0.4252,
Ganesh Housing,526367,GANESHHOU,Realty,-0.2656,-0.318,0.8494,-0.1309,-0.119,0.8536,0.3192,0.5088,0.03,12.73,-1.07,25.2,9.44,-0.4584,0.0232,0.3779,-0.0379,0.4969,LOW LIQUIDITY
Ganesh Infra.,,GANESHIN,Construction,1.2095,1.5581,0.1226,0,0,0.1027,0.2552,0,0.35,19.48,,20,18.84,-0.1682,1.1906,0,0,0,
Ganesha Ecosphe.,514167,GANECOS,Textiles & Apparels,-0.0606,-1.0184,0.0614,-0.0156,-0.383,0.087,0.052,0.2374,0.43,36.77,-0.96,5,15.1,-0.648,0.0259,0.0938,0.0467,0.4768,294
Garden Reach Sh.,542011,GRSE,Aerospace & Defense,0.4549,0.573,0.0931,0.1625,0.1903,0.1435,0.3804,0.0222,0.01,52.58,2.76,161.7,32.85,-0.2004,1.3976,0.276,0.0542,0.0857,215
Garuda Cons,544271,GARUDA,Construction,1.4911,1.6478,0.2956,0.7099,0.7281,0.303,0.3654,-1.6313,0,24.97,0.34,51.7,18.26,-0.0742,2.0378,0.2209,-0.1406,-0.5072,1881
Garware Hi Tech,500655,GRWRHITECH,Industrial Products,-0.082,-0.125,0.2097,-0.0144,-0.0554,0.2065,0.1702,0.7258,0.01,30.5,-5.5,8.8,20.05,-0.2364,0.7722,0.15,0.0457,0.2054,272
Garware Tech.,509557,GARFIBRES,Textiles & Apparels,-0.1728,-0.515,0.1392,-0.0271,-0.1199,0.1928,0.2541,0.5936,0.1,35.47,-2.96,55.3,22.73,-0.2612,0.0973,0.1872,0.0001,0.3071,296
Gateway Distri,543489,GATEWAY,Transport Services,0.4547,0.1178,0.2121,0.2229,-0.0115,0.1624,0.1107,1.2835,0.32,11.95,-10.36,65.9,7.82,-0.3523,0.1606,0.1224,-0.0152,0.1339,LOW LIQUIDITY
GE Power,532309,GVPIL,Electrical Equipment,0.2902,0.7863,0.0996,0.0989,-0.7703,0.0862,0.2667,18.1929,0.05,52.31,-0.68,42.4,20.89,-0.2062,0.8508,1.0532,1.96,1.8235,7
GE Shipping Co,500620,GESHIP,Transport Services,-0.0832,0.2801,0.5863,-0.0788,-0.0496,0.4232,0.1161,1.1991,0.08,8.94,-1.8,15,4.05,-0.0538,0.4013,0.1409,-0.0692,0.1905,1293
GE Vernova T&D,522275,GVT&D,Electrical Equipment,0.3888,1.0708,0.2577,0.187,0.5119,0.2457,0.8262,1.0676,0.01,84.74,1.66,956.6,59.4,-0.0841,1.4298,0.4035,0.2469,-0.1084,249
GEE,504028,,Electrical Equipment,0.0316,1.2042,0.1052,-0.0009,-0.0703,-0.0055,-0.0444,-4.4821,0.4,,0,10.9,211.09,-0.1849,0.4443,-0.0465,-0.1115,0.0238,
GeeCee Vent.,532764,GEECEE,Realty,-0.3953,-0.1841,0.6927,-0.2602,-0.2192,0.4593,0.092,3.5942,0,20.75,-0.95,1.9,5.95,-0.2301,0.1392,0.0665,0.0047,0.2857,LOW LIQUIDITY
Geekay Wires,,GEEKAYWIRE,Industrial Products,0.0031,-0.0924,0.1193,-0.0108,-0.1009,0.111,0.1942,0.5601,0.75,10.35,-1.03,21.9,7.7,-0.4582,0.0606,0.2848,-0.1363,0.3857,LOW LIQUIDITY
Gem Aromatics,544491,GEMAROMA,Chemicals & Petrochemicals,-0.2022,-1.2649,0.0341,0,0,0.1641,0.1627,-0.3013,0.32,22.7,,10.7,11.55,-0.4904,0.0241,0.2073,-0.037,0.2073,LOW LIQUIDITY
General Insuranc,540755,GICRE,Insurance,0.0305,0.5485,0.2166,0.0426,0.4937,0.2186,-0.2129,0.2541,0,7.11,0.14,176.7,3.7,-0.2616,0.1246,0.1099,-0.0034,-0.3838,1733
Genesys Intl.,506109,GENESYS,IT - Services,0.0685,0.0686,0.3897,0.0644,0.0448,0.2926,0.1146,-0.5723,0.21,32.52,7.25,11.7,12.28,-0.5666,0.0634,0.1076,0.0599,0.0628,704
Gennex Lab.,531739,,Pharmaceuticals & Biotechnology,0.1156,0.0414,0.1477,0.1005,-0.0871,0.1707,0.0702,-0.4289,0.41,21.29,-2.45,40.4,14.17,-0.2644,0.3478,0.1023,0.0008,0.1894,
Genus Paper & Bo,538961,GENUSPAPER,"Paper, Forest & Jute Products",0.1582,10.0952,0.091,0.0903,1.4164,0.051,0.0095,0.9886,0.85,52.77,0.37,18.4,10.16,-0.4165,0.0161,0.0061,-0.0013,-1.4103,LOW LIQUIDITY
Genus Power,530343,GENUSPOWER,Electrical Equipment,1.3599,1.6244,0.2127,0.4875,0.585,0.2172,0.274,-0.8607,0.93,21.52,0.37,165.1,13.56,-0.3117,0.4125,0.1749,0.1157,-0.4101,702
Geojit Fin. Ser.,532285,GEOJITFSL,Capital Markets,-0.2227,-0.6007,0.2294,-0.1032,-0.3012,0.2571,0.2419,0.6536,0.11,17.93,-0.6,50.2,6.9,-0.4544,0.2379,0.1683,-0.0178,0.4695,LOW LIQUIDITY
GFL,500173,GFLLIMITED,Finance,0.0824,1.4139,0.5761,-0.0411,-0.9042,-2.3457,-0.1974,-0.0103,0,,0,2.9,-81.08,-0.4214,0.2808,-0.0296,-0.0267,0.8746,LOW LIQUIDITY
GHCL,500171,GHCL,Chemicals & Petrochemicals,-0.0902,-0.3109,0.218,-0.0333,-0.0518,0.2559,0.2017,0.776,0.03,10.13,-1.96,15.2,6.18,-0.2298,0.1745,0.1857,0.013,0.2375,261
GHCL Textiles,543918,GHCLTEXTIL,Textiles & Apparels,0.1097,-0.2228,0.1089,0.0114,-0.0497,0.0643,0.0392,2.4217,0.04,13.7,-2.75,4.8,6.04,-0.3455,0.1705,0.0396,0.0044,0.0893,LOW LIQUIDITY
GHV Infra,505504,,Construction,174.019,39.0714,0.1212,1.4235,0.9172,0.1232,0.2034,-2.2332,2.43,70.22,0.77,171.4,45.35,-0.116,29.5969,0.8212,0.8212,-0.096,
GIC Housing Fin,511676,GICHSGFIN,Finance,0.0284,0.3692,0.8705,-0.0012,-0.1176,0.8011,1.1858,-0.0193,4.52,6.16,-0.52,2.5,11.16,-0.2511,0.1387,0.0898,0.0041,0.2074,LOW LIQUIDITY
Gillette India,507815,GILLETTE,Personal Products,0.0371,0.08,0.2562,0.3292,0.371,0.2618,0.7552,0.5813,0,47.37,1.28,76.2,30.83,-0.2749,0.1256,0.4162,0.0313,0.0452,237
Ginni Filaments,590025,GINNIFILA,Textiles & Apparels,0.0179,124.375,0.175,0.2865,1.1945,0.1387,0.2266,0.4157,0.19,9.27,0.08,13.8,5.95,-0.282,1.1911,0.0887,0.337,-1.1058,LOW LIQUIDITY
GK Energy,544525,GKENERGY,Construction,0.3271,0.3601,0.2002,0,0,0.1851,0.2223,-0.4866,0.53,25.67,,97.2,18.28,-0.2312,0.1872,1.0052,0.0533,1.0052,36
GKW,,GKWLIMITED,Finance,-0.2503,-3.3303,-1.1886,0.0375,0.5809,-0.4313,-0.0104,22.0315,0,,0,0.2,-76.55,-0.425,0.2289,-0.0075,-0.0136,-0.5884,LOW LIQUIDITY
Gland Pharma,543245,GLAND,Pharmaceuticals & Biotechnology,0.0577,0.1232,0.2111,0.0329,0.1328,0.2127,0.12,0.829,0.03,36.89,2.78,50.2,16.38,-0.1695,0.4748,0.0781,-0.0145,-0.0547,
Glaxosmi. Pharma,500660,GLAXO,Pharmaceuticals & Biotechnology,-0.0305,0.0257,0.3426,-0.0108,0.0908,0.3501,0.8017,1.0854,0.02,44.76,4.93,423.3,30.74,-0.2836,0.3113,0.4687,0.0955,0.3779,58
Glenmark Pharma.,532296,GLENMARK,Pharmaceuticals & Biotechnology,0.761,3.3345,0.3902,0.1977,0.9074,0.2414,0.3061,-0.4182,0.13,20.66,0.23,153,11.55,-0.1948,0.4441,0.1579,0.6744,-0.7495,817
Global Education,,GLOBAL,Other Consumer Services,0.0556,-0.3719,0.3277,0.0276,-0.2154,0.3908,0.5296,0.6209,0,19.52,-0.91,17.6,12.29,-0.1554,0.8539,0.2667,-0.1358,0.4821,
Global Health,543654,MEDANTA,Healthcare Services,0.1491,0.2109,0.2246,0.0846,0.1532,0.2104,0.1661,0.8087,0.25,53.9,3.52,233.6,30.87,-0.1768,0.205,0.1648,-0.0143,0.0116,1182
Global Surfaces,543829,GSLSU,Consumer Durables,0.1514,0.2715,-0.0658,0.1178,-0.0947,-0.0283,-0.0654,3.2296,0.71,,0,8,63.07,-0.313,0.5571,-0.0908,-0.1539,0.0039,2166
Globe Civil,544424,GLOBECIVIL,Construction,0,0,0.1382,0,0,0.1405,0.1507,-0.2025,0.63,15.84,,10.1,8.43,-0.3271,0.0068,0.262,0.0408,0.262,LOW LIQUIDITY
Globe Intl. Car.,,GICL,Transport Services,0.0392,1.5896,0.0921,0.0176,0.4438,0.0791,0.079,1.1194,0.62,67.93,1.53,57.5,40.47,-0.1401,2.2321,0.0851,0.0229,-0.3587,
Globus Spirits,533104,GLOBUSSPR,Beverages,0.0357,13.9679,0.0904,0.0314,0.9584,0.0445,0.051,0.8491,0.45,69.36,0.72,9.5,18.56,-0.102,0.5593,0.0254,-0.0787,-0.933,2184
Gloster Ltd,542351,GLOSTERLTD,"Paper, Forest & Jute Products",1.5209,3.2493,0.1097,0.5267,-1.6379,0.0619,0.0183,-4.3117,0.7,73.75,-0.45,0.7,11.45,-0.2635,0.1638,-0.0131,-0.0353,1.6248,LOW LIQUIDITY
Glottis,544557,GLOTTIS,Transport Services,0,0,0.0844,0,0,0.0834,0.734,0.0139,0.26,11.23,,,7.99,-0.2675,0.0092,0.7956,-0.3895,0.7956,466
GMM Pfaudler,505255,GMMPFAUDLR,Industrial Manufacturing,0.1203,1.7221,0.1347,0.0332,0.6783,0.0894,0.0815,1.5378,0.92,50.32,0.74,21.3,13.96,-0.1255,0.3013,0.0664,-0.132,-0.6119,2165
GMR Airports,532754,GMRAIRPORT,Transport Infrastructure,0.4707,0.8574,0.3943,0.1899,-0.0435,0.2651,-0.0131,1.3932,,,0,-41958.7,28.84,-0.0184,0.5191,0,0,0.0435,1706
GMR Urban,543490,GMRP&UI,Power,0.3083,-2.9513,0.1884,0.0731,0.3992,0.1767,-0.0383,1.9653,8.23,,0,467.8,11.02,-0.0857,0.4428,0,0,-0.3992,2000
GNA Axles,540124,GNA,Auto Components,-0.1022,0.0932,0.1757,-0.0617,-0.016,0.1079,0.1407,0.5917,0.22,12.79,-7.98,6.1,6.86,-0.3107,0.1599,0.1254,-0.0065,0.1414,LOW LIQUIDITY
GNG Electronics,544455,EBGNG,IT - Hardware,0.2475,0.4163,0.1058,0,0,0.0827,0.1139,0.2102,0.32,46.73,,62.5,29.53,-0.1998,0.072,0.3533,-0.0267,0.3533,309
Go Digit General,544179,GODIGIT,Insurance,0.1135,0.5156,0.0542,0.041,0.217,0.0544,-0.0328,3.8423,0.08,64.47,2.97,652.9,62.15,-0.0699,0.3407,0.1187,0.065,-0.0983,935
Go Fashion (I),543401,GOCOLORS,Retailing,0.075,0.0567,0.2973,0.0217,-0.0526,0.1897,0.1188,1.1567,0.72,33.55,-6.38,21.6,11.3,-0.524,0.0258,0.1432,-0.0024,0.1958,684
Goa Carbon,509567,GOACARBON,Minerals & Mining,-0.1391,-1.1135,-0.0966,0.108,0.8433,-0.0447,-0.2807,4.381,2.08,,0,1.9,-26.39,-0.4721,0.1045,-0.1032,-0.4917,-0.9465,LOW LIQUIDITY
GOCL Corpn.,506480,GOCLCORP,Chemicals & Petrochemicals,-0.3528,0.2351,-3.2703,-0.7394,0.0054,1.5,0.0511,0.0842,0.06,14.43,26.82,2.9,7.87,-0.224,0.3322,0.0745,0.0415,0.0691,LOW LIQUIDITY
Godavari Bioref.,544279,GODAVARIB,Diversified FMCG,0.3421,0.7991,-0.0184,0.0644,-2.9161,0.0559,0.0452,0.0875,0.68,27.8,-0.1,9.1,10.71,-0.3804,0.7459,-0.0379,-0.0629,2.8782,LOW LIQUIDITY
Godawari Power,532734,GPIL,Industrial Products,0.0316,0.0178,0.1989,0.0049,-0.0821,0.1968,0.196,0.782,0.04,23.73,-2.89,225.9,14.01,-0.1183,0.7568,0.1723,-0.0466,0.2544,871
Godfrey Phillips,500163,GODFRYPHLP,Cigarettes & Tobacco Products,-0.0524,0.1871,0.2438,0.0582,0.3471,0.2744,0.4974,0.0814,0.03,36.02,1.04,122.7,26.16,-0.2556,1.1435,0.1993,0.009,-0.1478,885
Godrej Agrovet,540743,GODREJAGRO,Food Products,0.0485,-0.1755,0.0831,0.0407,0.0058,0.0729,0.2866,1.4019,1.19,25.1,43.29,116.1,13.91,-0.3516,0.0146,0.1768,0.0277,0.171,278
Godrej Consumer,532424,GODREJCP,Personal Products,0.0433,-0.0286,0.1917,0.034,0.0062,0.2012,0.2011,0.8428,0.34,61.96,100.46,981.1,36.85,-0.1292,0.1638,0.1521,0.0467,0.1459,328
Godrej Industrie,500164,GODREJIND,Diversified,0.0473,-0.157,0.0266,0.0223,0.1011,0.2508,0.0808,-1.2701,4.48,37.08,3.67,115.7,13.84,-0.238,0.387,0.0964,0.0899,-0.0047,893
Godrej Propert.,533150,GODREJPROP,Realty,-0.3228,0.2084,-0.8048,-0.1335,0.2636,0.5524,0.0956,-1.3337,0.89,41.4,1.57,105.6,30.77,-0.298,0.1396,0.0898,0.0219,-0.1738,1418
Goel Construct.,544504,,Construction,-0.0984,-0.0006,0.1134,0,0,0.0932,0.2527,0.6993,0.1,12.14,,3,5.75,-0.1535,0.0924,0.3425,0.0661,0.3425,
Gokaldas Exports,532630,GOKEX,Textiles & Apparels,0.0596,-0.7131,0.0656,0.0204,0.1101,0.0779,0.0892,0.2145,0.46,44.98,4.09,23.3,16.93,-0.2568,0.4041,0.0816,-0.0211,-0.0285,1832
Gokul Agro,539725,GOKULAGRO,Agricultural Food & other Products,0.3801,0.4151,0.028,0.1259,0.1971,0.0256,0.2534,0.9202,0.48,20.77,1.05,148.4,9.95,-0.0645,1.1556,0.2695,0.0806,0.0724,211
Gokul Refoils,532980,GOKUL,Agricultural Food & other Products,0.2415,-0.3152,0.0079,0.0984,0.0504,0.0143,0.059,0.3283,0.96,25.83,5.13,10.6,8.82,-0.4247,0.0106,0.0412,0.0344,-0.0092,LOW LIQUIDITY
Goldiam Intl.,526729,GOLDIAM,Consumer Durables,0.4076,0.4164,0.1988,0.1533,0.1749,0.2202,0.1879,-0.0742,0.02,30.88,1.77,47.1,19.33,-0.3373,0.5003,0.1713,0.022,-0.0036,662
Goldkart Jewels,,GOLDKART,Consumer Durables,0.3467,0.5683,0.1037,0.1452,0.3102,0.0807,0.2007,0.5537,0.23,98.4,3.17,10.3,57.69,-0.0485,0.3702,0.0772,0.0442,-0.233,
Goodluck India,530655,GOODLUCK,Industrial Products,0.0155,0.1837,0.0926,0.0217,-0.0018,0.0788,0.1328,0.5252,0.72,23.77,-131.31,9.3,13.19,-0.1256,1.0835,0.1364,-0.0156,0.1382,1066
Goodricke Group,500166,,Agricultural Food & other Products,-0.3146,-0.4453,0.1514,-0.1316,-3.9044,-0.0278,-0.0485,3.7326,0.37,,0,2.7,-137.71,-0.3965,0.1509,0.0286,0.279,3.933,
Goodyear India,500168,GOODYEAR,Auto Components,-0.1257,-0.1696,0.045,-0.0464,-0.2466,0.0249,0.0981,1.6532,0.05,49.47,-2.01,8.2,16.68,-0.1785,0.1048,0.0931,-0.0667,0.3397,
Gopal Snacks,544140,GOPAL,Food Products,-0.067,-0.6584,0.0643,-0.0403,-0.443,0.0184,0.0534,0.901,0.15,162.15,-3.66,117.8,69.38,-0.3215,0.3006,0.1142,-0.1781,0.5572,LOW LIQUIDITY
Goyal Salt,,GOYALSALT,Food Products,0.292,-0.3162,0.1386,0.154,0.3482,0.1011,0.1903,1.1659,0.76,30.35,0.87,9,19.35,-0.1914,0.2299,0.1563,-0.0001,-0.1919,
GP Eco Solutions,,GPECO,Electrical Equipment,0.458,1.1268,0.124,0.1549,0.5512,0.0825,0.2386,1.3036,0.9,37.62,0.68,8.9,27.04,-0.171,1.222,0.2361,-0.2495,-0.3151,
GPT Healthcare,544131,GPTHEALTH,Healthcare Services,0.1254,-0.2848,0.1912,0.0554,-0.1257,0.1532,0.1547,0.9302,0.38,27.46,-2.19,38.5,14.56,-0.2432,0.1523,0.213,-0.0363,0.3387,LOW LIQUIDITY
GPT Infraproject,533761,GPTINFRA,Construction,-0.0308,0.2365,0.1419,0.0522,0.1244,0.1133,0.2305,0.2321,0.33,14.54,1.17,30.5,9.1,-0.318,0.2388,0.1958,-0.0029,0.0714,LOW LIQUIDITY
Grand Continent,,GCHOTELS,Leisure Services,0.7497,-0.6286,0.0899,0.3287,-0.3684,0.1374,0.0823,0.3368,0.24,69.92,-1.9,10.7,31.37,-0.2606,0.8503,0.1556,-0.1112,0.524,
Grand Oak Canyon,523862,,Finance,0,2.034,0.5714,0.875,-1.8762,29.2667,0.0014,1.0659,3.05,561.2,-2.99,147,1164.84,-0.3928,1.5596,-0.0117,-0.0117,1.8645,
Granules India,532482,GRANULES,Pharmaceuticals & Biotechnology,0.3418,0.3433,0.2145,0.0805,0.0619,0.1589,0.1668,1.1788,0.45,26.32,4.25,81.9,14.2,-0.1179,0.3444,0.1386,0.0043,0.0767,882
Graphite India,509488,GRAPHITE,Industrial Products,0.1337,-0.6051,0.059,0.009,-0.4748,0.1301,0.0645,0.8363,0.05,46.09,-0.97,36.9,26.14,-0.1277,0.5545,0.08,0.0692,0.5548,283
Grasim Inds,500300,GRASIM,Cement & Cement Products,0.1659,0.6824,0.1923,0.0753,0.1758,0.1669,0.0492,-0.7384,2.06,43.16,2.46,127.6,11.36,-0.0786,0.2059,0.0395,-0.0295,-0.1363,2050
Grauer & Weil,505710,GRAUWEIL,Chemicals & Petrochemicals,0.1433,0.0255,0.1488,0.0227,-0.0151,0.1743,0.2323,0.6922,0.01,24.77,-16.37,170.1,15.57,-0.2597,0.0578,0.1758,-0.0204,0.1909,
Gravita India,533282,GRAVITA,Minerals & Mining,0.1165,0.3332,0.0985,0.0621,0.1775,0.1127,0.1811,0.6978,0.2,34.68,1.95,41,25.73,-0.3121,0.2339,0.2117,-0.1251,0.0342,1473
Greaves Cotton,501455,GREAVESCOT,Industrial Products,0.1562,3.6475,0.0636,0.074,0.7677,0.0453,0.1262,-0.2564,0.13,46.83,0.61,82,19.86,-0.3485,0.3002,0.0411,0.0249,-0.7266,1822
Greenlam Industr,538979,GREENLAM,Consumer Durables,0.1872,-0.0661,0.1292,0.0765,-0.5253,0.0541,0.0446,1.2258,1.03,206.46,-3.93,147.2,27.41,-0.2092,0.3743,0.0607,-0.0744,0.586,LOW LIQUIDITY
Greenpanel Inds.,542857,GREENPANEL,Consumer Durables,0.1754,-1.3308,0.0626,0.0156,-1.0395,0.0005,-0.0074,1.019,0.3,,0,28.7,38.88,-0.3696,0.3017,0.0534,-0.0532,1.0929,1249
Greenply Industr,526797,GREENPLY,Consumer Durables,0.0751,-0.0925,0.0739,0.0261,-0.1031,0.065,0.1058,1.3702,0.64,44.67,-4.33,53.9,18.46,-0.1774,0.2811,0.1203,0.0359,0.2234,LOW LIQUIDITY
Gretex Corporate,543324,GCSL,Capital Markets,-0.1507,0.1542,0.3991,-0.1338,-2.0923,-0.007,0.0184,-5.5249,0.06,,0,13.9,716.62,-0.185,0.7608,0.0086,-0.3656,2.1009,1686
Grindwell Norton,506076,GRINDWELL,Industrial Products,0.1165,0.1112,0.1816,0.028,0.1015,0.1789,0.2415,0.9745,0.04,44.55,4.39,82.3,27.26,-0.336,0.1297,0.1604,-0.0297,0.0589,1271
GRM Overseas,531449,GRMOVER,Agricultural Food & other Products,0.1488,0.6061,0.0409,0.0038,0.12,0.0843,0.1932,0.6082,0.44,44.69,3.73,39.1,27.51,-0.0063,1.8104,0.1603,-0.0374,0.0403,1378
GRP,509152,GRPLTD,Industrial Products,0.0054,-0.2191,0.0802,-0.0032,-0.1187,0.0937,0.1255,0.8226,1.12,36.94,-3.11,3,17.85,-0.4603,0.0093,0.1744,0.0183,0.2931,LOW LIQUIDITY
GTL Infra.,532775,GTLINFRA,Telecom - Services,0.007,-0.1503,0.2387,0.0017,0.0434,0.0417,0.1617,10.477,,,0,-380.2,15.34,-0.4458,0.1311,0,0,-0.0434,LOW LIQUIDITY
GTPL Hathway,540602,GTPL,Entertainment,0.121,-0.2793,0.1087,0.0471,-0.1521,0.0225,0.033,4.8129,0.33,28.02,-1.84,11.1,3.12,-0.3586,0.126,0.0413,-0.0531,0.1934,LOW LIQUIDITY
GTT Data,530457,,IT - Software,9.387,-0.1798,0.0435,3.4526,0.5702,-0.1076,-0.1033,2.1325,0.21,,0,14.4,-274.42,-0.1667,0.5866,-0.3035,-0.3035,-0.8737,
Gufic BioScience,509079,GUFICBIO,Pharmaceuticals & Biotechnology,0.1285,-0.314,0.1553,0.0614,-0.2225,0.1218,0.0832,1.0332,0.59,62.2,-2.8,53.9,27.32,-0.324,0.1818,0.1232,-0.0763,0.3457,LOW LIQUIDITY
Guj Apollo Inds,522217,GUJAPOLLO,Industrial Manufacturing,0.3113,-0.5115,-0.1815,0.1372,-4.8182,0.1203,-0.0023,-2.2697,0.09,,0,1.5,57.79,-0.1522,0.9149,0.0016,-0.0237,4.8198,LOW LIQUIDITY
Guj Inds. Power,517300,GIPCL,Power,0.1642,-0.3865,0.3353,0.0771,-0.1122,0.225,0.0318,3.695,0.79,13.79,-1.23,11.4,10.32,-0.3789,0.1261,0.0619,0.0004,0.1741,1117
Guj Pipavav Port,533248,GPPL,Transport Infrastructure,0.3185,0.3783,0.5941,0.0777,0.0765,0.5465,0.27,0.8234,0.02,19.55,2.56,186.9,10.6,-0.1435,0.4333,0.1896,0.0015,0.1131,539
Guj. Ambuja Exp,524226,GAEL,Agricultural Food & other Products,0.3219,-0.4515,0.051,0.122,-0.1673,0.0592,0.0935,0.9579,0.09,24.83,-1.48,76,12.24,-0.2284,0.1315,0.0859,-0.0466,0.2532,1426
Guj. Themis Bio.,506879,GUJTHEM,Pharmaceuticals & Biotechnology,0.2198,0.3491,0.4945,0.031,-0.0098,0.4159,0.1993,1.3813,0.27,98.72,-100.3,196.4,66.66,-0.0875,1.2745,0.2169,-0.1207,0.2267,981
Guj.Nat.Resour.,513536,,Oil,0.7546,9.3478,0.5595,0.0329,-1.4229,0.2603,0.0124,34.5795,0.05,770.42,-5.41,86.8,126.31,-0.0165,4.8816,-0.0287,0.0062,1.3942,
Guj.St.Petronet,532702,GSPL,Gas,0.0039,-0.0742,0.1519,-0.0348,-0.0731,0.1274,0.1038,1.1964,0.01,16.32,-2.23,79.4,5.02,-0.2457,0.1394,0.0989,-0.0617,0.172,1580
Gujarat Alkalies,530001,GUJALKALI,Chemicals & Petrochemicals,0.0933,1.8988,0.0682,0.0541,-1.0023,0.0127,0.0011,-17.3975,0.11,27177.67,-271.16,5.4,9.53,-0.3255,0.1478,-0.0113,0.0275,0.991,LOW LIQUIDITY
Gujarat Fluoroch,542812,FLUOROCHEM,Chemicals & Petrochemicals,0.0185,0.4793,0.3008,0.0267,0.2441,0.2089,0.1212,0.6335,0.23,56.74,2.32,55.6,29.14,-0.2254,0.1331,0.0829,0.006,-0.1612,1612
Gujarat Gas,539336,GUJGASLTD,Gas,-0.0004,-0.0937,0.1183,-0.0352,-0.0334,0.0967,0.1591,1.1215,0.02,24.82,-7.42,219.3,13.13,-0.2322,0.1173,0.1425,-0.0072,0.1759,811
Gulf Oil Lubric.,538567,GULFOILLUB,Petroleum Products,0.1265,0.0319,0.1238,0.0615,0.0636,0.144,0.3438,0.8374,0.29,15.44,2.43,17.2,8.66,-0.1219,0.2839,0.2546,0.0073,0.191,LOW LIQUIDITY
Gulshan Polyols,532457,GULPOLY,Agricultural Food & other Products,0.2299,11.1628,0.0773,0.1188,0.8061,0.042,0.0541,0.6815,0.7,21.21,0.26,8.8,9.8,-0.3536,0.068,0.0392,0.0214,-0.7669,LOW LIQUIDITY
GVK Power Infra.,532708,GVKPIL,Construction,-1,-1.0063,,-0.6661,-5.2009,-0.9661,-9.0816,1.1695,,,0,-51,-9.11,-0.4438,0,0,0,5.2009,LOW LIQUIDITY
H P C L,500104,HINDPETRO,Petroleum Products,0.009,26.0505,0.0679,-0.005,1.0643,0.0506,0.2641,1.1491,1.11,7.29,0.07,379.7,5.8,-0.0352,0.6594,0.1376,-0.2662,-0.9267,2112
H T Media,532662,HTMEDIA,Media,0.0655,0.3961,-0.0091,0.034,37.3393,0.0561,0.0188,0.7879,0.48,27.29,0.01,8.3,6.67,-0.1208,0.7354,0.0003,0.0194,-37.339,LOW LIQUIDITY
H U D C O,540530,HUDCO,Finance,0.2785,0.0308,0.9545,0.137,0.0347,0.9785,39.903,-3.0435,7.03,16.95,4.88,527.3,15.12,-0.101,0.4937,0.1567,0.025,0.122,456
H.G. Infra Engg.,541019,HGINFRA,Construction,0.0023,-0.3537,0.2275,-0.0087,-0.1848,0.1726,0.1388,-0.9446,1.84,14.07,-0.76,12,10.94,-0.4433,0.0173,0.1828,-0.058,0.3676,744
Haldyn Glass,515147,,Industrial Products,0.0926,0.3002,0.117,0.0996,0.1221,0.0973,0.0854,1.16,0.26,23.41,1.92,11.7,7.44,-0.4877,0.0721,0.0888,-0.0087,-0.0333,
Hampton Sky,526407,,Realty,-0.2926,-5.2105,-0.5562,-0.6133,-3.9126,-0.7694,-0.0625,-1.4369,0.46,,0,86.7,-31.64,-0.5556,0.007,0.0384,-0.0535,3.951,
Happiest Minds,543227,HAPPSTMNDS,IT - Software,0.0996,0.0909,0.172,0.067,0.0522,0.1741,0.1453,0.6444,0.78,38.01,7.28,72.1,17.08,-0.3575,0.0401,0.1261,-0.0795,0.0739,1696
Happy Forgings,544057,HAPPYFORGE,Industrial Products,0.045,0.0281,0.3068,0.0203,0.014,0.2592,0.1953,0.7959,0.1,35.91,25.56,46.9,21.67,-0.1278,0.4432,0.1546,-0.0323,0.1406,1107
Hardwyn India,541276,HARDWYN,Consumer Durables,0.082,0.0724,0.1493,0.0339,0.2409,0.1376,0.3622,0.086,0.02,58.51,2.43,95.2,36.18,-0.3785,0.4865,0.0277,0.0019,-0.2132,LOW LIQUIDITY
Hariom Pipe,543517,HARIOMPIPE,Industrial Products,0.0687,-0.3384,0.1272,-0.0671,0.0154,0.0905,0.1198,0.6155,0.69,18.28,11.84,5.9,8.1,-0.3798,0.2243,0.1187,-0.0165,0.1033,LOW LIQUIDITY
Harri. Malayalam,500467,HARRMALAYA,Industrial Products,-0.0211,0.562,-0.0051,0.0349,1.0232,0.0787,0.1091,0.8553,0.69,11.65,0.11,3.8,9.1,-0.4689,0.0959,0.0954,0.0944,-0.9278,LOW LIQUIDITY
Harsha Engg Intl,543600,HARSHA,Industrial Products,0.0731,0.2583,0.1414,0.034,0.0982,0.1264,0.1175,1.2116,0.24,31.48,3.21,25.5,17.58,-0.279,0.2237,0.0875,-0.0096,-0.0107,LOW LIQUIDITY
Hathway Cable,533162,HATHWAY,Entertainment,0.0467,-0.2904,0.1507,0.0254,0.0224,0.0613,0.0297,2.2007,0,23.72,10.61,93.1,4.66,-0.2957,0.103,0.0222,0.0064,-0.0002,LOW LIQUIDITY
Hatsun Agro,531531,HATSUN,Food Products,0.1492,0.8685,0.1389,0.0541,0.2769,0.072,0.1744,2.5691,1.08,65.4,2.36,281.2,21.9,-0.1116,0.2895,0.1705,0.0003,-0.1064,1093
Havells India,517354,HAVELLS,Consumer Durables,0.0529,0.1893,0.0917,-0.0051,-0.0139,0.0926,0.2336,0.7293,0.03,61.76,-44.56,653.3,36.68,-0.192,0.0591,0.1881,0.0086,0.202,318
Hawkins Cookers,508486,,Consumer Durables,0.0697,-0.0619,0.1391,0.0288,-0.0108,0.1365,0.3926,0.6459,0.16,37.3,-34.5,6,24.38,-0.1919,0.1268,0.32,-0.0404,0.3308,
Haz.Multi Proj.,532467,,Realty,-0.333,-1.9011,-0.0386,0.0922,-0.4082,0.0832,0.0438,-2.0587,0.79,31.95,-0.78,35.9,13.57,-0.4683,0.1884,0.1137,0.1137,0.5219,
HBL Engineering,517271,HBLENGINE,Industrial Products,1.3474,3.6485,0.4449,0.3983,1.3762,0.3297,0.4961,0.6154,0.04,39.23,0.29,362.1,27.07,-0.1663,1.3136,0.2058,-0.072,-1.1704,1890
HCL Infosystems,500179,HCL-INSYS,IT - Hardware,-0.2533,0.2985,-3.4339,-0.0878,-0.0727,-1.11,0.0513,1.0726,,,0,-52.2,-27.12,-0.409,0.2292,0,0,0.0727,LOW LIQUIDITY
HCL Technologies,532281,HCLTECH,IT - Software,0.1067,0,0.2049,0.0459,-0.0153,0.192,0.3021,0.9392,0.1,26.58,-17.42,1718.4,15.66,-0.1737,0.2762,0.25,0.017,0.2653,179
HDB FINANC SER,544429,HDBFS,Finance,0.1344,-0.0162,0.5563,0.0687,-0.0108,0.5504,-1.911,-1.4557,4.68,28.6,-26.5,264,15.39,-0.1681,0.0524,0.1472,-0.0482,0.158,1218
HDFC AMC,541729,HDFCAMC,Capital Markets,0.1565,0.2447,0.7803,-0.0544,0.1159,0.9265,30.6059,0.6301,0,42.05,3.63,319.1,31.94,-0.0914,0.5296,0.3235,0.0284,0.2076,149
HDFC Bank,500180,HDFCBANK,Banks,0.0481,0.1001,0.4809,0.0292,0.0238,0.8244,0.4686,0.4545,6.3,21.14,8.88,4359,16.8,-0.0254,0.2247,0.1445,-0.0269,0.1207,1172
HDFC Life Insur.,540777,HDFCLIFE,Insurance,-0.2753,0.0301,0.0152,-0.0142,0.1378,0.0218,19.2793,13.6462,0.14,86.7,6.29,2085.6,83.16,-0.0727,0.3026,0.108,0.0066,-0.0298,1295
Health.Global,539787,HCG,Healthcare Services,0.1686,-0.0956,0.1906,0.0837,-0.2123,0.0899,0.0402,1.4917,8.01,298.05,-14.04,673.4,26.82,-0.0711,0.6388,0.0514,-0.0045,0.2637,LOW LIQUIDITY
HEG,509631,HEG,Industrial Products,0.2319,0.742,0.1693,0.0831,1.2404,0.1605,0.0912,1.4011,0.14,38.92,0.31,41.5,17.98,-0.1638,0.5701,0.0259,-0.0455,-1.2145,2164
Heidelberg Cem.,500292,HEIDELBERG,Cement & Cement Products,0.1089,1.2239,0.1124,0.0538,0.2028,0.0882,0.1265,1.5072,0.06,32.51,1.6,72.5,12.54,-0.2389,0.0207,0.0748,-0.0395,-0.128,LOW LIQUIDITY
Hemant Surgical,543916,,Healthcare Equipment & Supplies,0.3149,0.7013,0.118,0.1446,0.295,0.1369,0.1014,0.7018,0.43,35.87,1.22,3.9,19.33,-0.2236,2.2331,0.1358,-0.1145,-0.1592,
Hemisphere Prop,543242,HEMIPROP,Commercial Services & Supplies,0.0435,-0.7745,-10.5,0.0549,0.2819,-5.1354,-0.0204,5.2853,0.2,,0,259.8,-854.08,-0.2625,0.2877,-0.0199,0.0073,-0.3018,1971
Heranba Inds,543266,HERANBA,Fertilizers & Agrochemicals,0.1927,-1.0382,0.0936,0.1706,-16.2695,0.0088,-0.0353,2.0839,0.61,,0,5,16.63,-0.4784,0.271,0.0037,-0.0385,16.2732,LOW LIQUIDITY
Hercules Hoists,505720,HERCULES,Industrial Manufacturing,0,0.9623,,,0.4194,,0.4534,1.3386,0,67.56,1.61,2,66.59,-0.3442,0.3323,0.0071,-0.0052,-0.4123,LOW LIQUIDITY
Heritage Foods,519552,HERITGFOOD,Food Products,0.0912,-0.096,0.0694,0.0477,-0.0447,0.058,0.1888,0.811,0.21,25.65,-5.74,39.2,13.95,-0.1231,0.3489,0.2021,0.0693,0.2468,151
Hero Motocorp,500182,HEROMOTOCO,Automobiles,0.1656,0.2305,0.1445,0.0306,0.2393,0.1669,0.4377,0.7349,0.03,22.26,0.93,112,14.99,-0.0068,0.7686,0.2306,0.0109,-0.0087,576
Hester Bios,524669,HESTERBIO,Pharmaceuticals & Biotechnology,-0.152,0.7622,0.1651,-0.0349,0.577,0.2004,0.1105,1.2227,0.63,32.42,0.56,3.6,21.08,-0.3964,0.3443,0.0918,0.0258,-0.4852,LOW LIQUIDITY
Heubach Colorant,506390,HEUBACHIND,Chemicals & Petrochemicals,-0.1615,-0.0945,0.0971,0.0025,0.1928,0.1113,0.1593,1.391,0.04,15.64,0.81,4.5,7.98,-0.2471,0.0059,0.1162,0.0253,-0.0766,LOW LIQUIDITY
Hexa Tradex,534328,HEXATRADEX,Finance,0.0163,0.9805,0.0386,0.011,-1.8597,0.7614,-1.7626,10.6588,0,43.18,-0.23,1.1,269.51,-0.5039,0.0138,-0.006,-0.0363,1.8537,LOW LIQUIDITY
Hexaware Tech.,544362,HEXT,IT - Software,0.1109,0.2234,0.1726,0.0946,0.1973,0.1456,0.3071,0.957,0.1,31.91,1.62,467.4,19.45,-0.1874,0.2392,0.2334,0.0072,0.0361,514
HFCL,500183,HFCL,Telecom - Services,-0.046,-0.0816,0.1822,-0.083,-0.8431,0.0728,0.0065,0.9861,0.38,382.38,-4.54,371.7,30.07,-0.4572,0.0763,0.0442,-0.0492,0.8873,1304
Hi-Green Carbon,,HIGREEN,Other Utilities,0.9122,-0.1092,0.1548,0.3408,0.0508,0.12,0.1131,0.8911,0.62,41.06,8.08,11.8,19.05,-0.4915,0.0474,0.1238,-0.0806,0.073,
Hi-Tech Pipes,543411,HITECH,Industrial Products,0.2166,0.1187,0.0516,0.0252,0.0697,0.0444,0.0809,0.4956,0.21,27.86,4,34,14.03,-0.3987,0.3112,0.0795,-0.0088,0.0098,1641
High Energy Bat.,504176,,Household Products,0.1572,0.1167,-0.0428,-0.0209,-0.1698,0.2491,0.1817,0.1672,0.22,40.94,-2.41,5,27.37,-0.2601,0.4626,0.173,-0.0492,0.3428,
Highway Infra,544477,HILINFRA,Transport Infrastructure,-0.0905,35.9231,-0.0745,0,0,0.0744,0.131,-0.3449,0.21,17.09,,16.8,14.53,-0.4926,0.02,0.1883,-0.0436,0.1883,LOW LIQUIDITY
Hikal,524735,HIKAL,Pharmaceuticals & Biotechnology,-0.2968,-2.9071,0.0226,-0.0865,-0.8883,0.049,0.0206,1.4126,0.57,277.3,-3.12,28.9,14.76,-0.5112,0.0096,0.0738,0.0142,0.9621,LOW LIQUIDITY
Himadri Special,500184,HSCL,Chemicals & Petrochemicals,-0.058,0.3051,0.2173,-0.0321,0.1808,0.2148,0.2376,0.5252,0.21,34.73,1.92,276.7,22.54,-0.2556,0.285,0.1642,0.0102,-0.0166,854
Himatsing. Seide,514043,HIMATSEIDE,Textiles & Apparels,-0.0933,0.9355,0.1574,-0.0516,8.4767,0.1654,0.0592,0.5747,1.22,9.27,0.01,9.5,6.87,-0.4562,0.1716,0.01,-0.0676,-8.4667,2199
Hind Rectifiers,504036,HIRECT,Industrial Manufacturing,0.3696,0.4475,0.114,0.2144,0.3042,0.0994,0.303,0.5649,1.09,55.07,1.81,23.7,31.75,-0.2747,0.9139,0.2572,0.1105,-0.047,306
Hind. Unilever,500696,HINDUNILVR,Diversified FMCG,0.0198,-0.0214,0.2294,0.0178,0.0148,0.2216,0.2266,0.8194,0.04,54.23,36.59,2766.8,36.5,-0.1216,0.1431,0.2072,0.0048,0.1924,320
Hind.Aeronautics,541154,HAL,Aerospace & Defense,0.1092,0.1082,0.235,0.0363,0.0133,0.3536,0.1672,1.2539,0,37.46,28.23,571.7,21.35,-0.0816,0.5575,0.2607,-0.0283,0.2474,486
Hind.Composites,509635,HINDCOMPOS,Auto Components,0.1511,-0.4316,0.1189,0.0663,-0.1006,0.1571,0.2194,0.5397,0,17.36,-1.73,0.9,10.34,-0.2942,0.1383,0.0417,0.0031,0.1423,LOW LIQUIDITY
Hind.Construct.,500185,HCC,Construction,-0.3171,-0.2526,0.1515,-0.2089,24.9574,0.1194,-0.2618,0.2291,1.47,,0,751.1,8.5,-0.4823,0.1591,-0.007,-0.007,-24.9644,LOW LIQUIDITY
Hind.Oil Explor.,500186,HINDOILEXP,Oil,2.3225,-0.7382,0.0722,0.3866,-0.2576,0.2105,0.0677,0.9339,0.06,16.58,-0.64,17.5,9.08,-0.374,0.0009,0.118,-0.065,0.3756,LOW LIQUIDITY
Hind.Urban Infra,539984,,Electrical Equipment,-0.2098,-1.5974,0.0059,-0.056,0.4059,-0.1025,-0.0894,0.2882,1.34,,0,0.2,-25.82,-0.2525,0.3444,-0.1153,-0.0444,-0.5212,
Hindalco Inds.,500440,HINDALCO,Non - Ferrous Metals,0.135,0.1425,0.1357,0.0632,0.1117,0.1086,0.1264,0.9419,0.56,9.92,0.89,296.2,6.71,-0.0845,0.448,0.1402,0.0407,0.0285,651
Hinduja Global,532859,HGS,Commercial Services & Supplies,0.0036,0.5689,0.0239,-0.0072,-1.4815,0.0746,0.0001,1.5546,0.24,,0,1.4,4.02,-0.3225,0.1761,0.016,0.0031,1.4975,LOW LIQUIDITY
Hindustan Copper,513599,HINDCOPPER,Non - Ferrous Metals,0.3857,0.8295,0.3929,0.1075,0.2387,0.3388,0.2686,0.8585,0.05,55.24,2.31,1026,33.17,-0.1033,0.783,0.1872,0.0518,-0.0515,523
Hindustan Foods,519126,HNDFDS,Diversified FMCG,0.1759,0.5364,0.0825,0.0791,0.1772,0.0648,0.1017,0.5025,0.87,51.35,2.9,74.5,21.98,-0.108,0.2888,0.1397,-0.0426,-0.0375,LOW LIQUIDITY
Hindustan Media,533217,HMVL,Media,0.1447,-0.2733,-0.0493,0.0623,0.1193,0.1218,0.0932,0.4466,0.05,6.32,0.53,2.5,5.23,-0.3054,0.0722,0.0496,0.0449,-0.0697,LOW LIQUIDITY
Hindustan Motors,500500,HINDMOTORS,Automobiles,-1,-0.9918,,-0.7378,6.0412,14.2373,0.2294,-20.2556,0,55.24,0.09,218.1,41.44,-0.4954,0.0101,0.0402,-0.1272,-6.001,
Hindustan Zinc,500188,HINDZINC,Non - Ferrous Metals,0.0343,0.1158,0.5192,-0.0037,0.0127,0.4357,0.6739,0.965,0.82,19.25,15.14,6249.5,11.51,-0.1287,0.2602,0.7242,0.1723,0.7115,25
Hindware Home In,542905,HINDWAREAP,Consumer Durables,0.0738,1.3173,0.0834,-0.0088,-0.9709,0.0346,0.0104,3.1887,1.21,,0,32.1,18.36,-0.1185,0.951,-0.0646,-0.1084,0.9063,1750
Hitachi Energy,543187,POWERINDIA,Electrical Equipment,0.1794,4.0557,0.1632,0.0674,0.8657,0.1446,0.2157,2.615,0.02,134.38,1.55,93.7,84.8,-0.0238,1.4747,0.1379,0.0105,-0.7278,1444
Hitech Corp.,526217,HITECHCORP,Industrial Products,0.122,0.5,0.1212,0.0715,0.527,0.0565,0.0514,1.8103,0.47,26.08,0.49,2,6.14,-0.3686,0.213,0,0,-0.527,LOW LIQUIDITY
HLE Glascoat,522215,HLEGLAS,Industrial Manufacturing,0.4877,0.0728,0.109,0.1673,0.2246,0.1082,0.1061,1.1774,0.75,58.88,2.62,46.1,22.78,-0.2675,1.226,0.1067,0.0205,-0.1179,1268
HLV,500193,HLVLTD,Leisure Services,-0.1739,-8.4576,-0.1733,-0.048,-0.5964,0.0664,0.025,1.2213,0.08,62.38,-1.05,92.9,18.4,-0.5429,0.0147,0.0557,0.0004,0.6521,LOW LIQUIDITY
HMA Agro Inds.,543929,HMAAGRO,Food Products,0.5753,-0.391,0.0047,0.0799,-0.002,0.0269,0.202,0.8185,0.68,18.28,-92.94,100.1,11.04,-0.3486,0.1431,0.1148,-0.0478,0.1168,LOW LIQUIDITY
HMT,500191,HMT,Industrial Manufacturing,-0.3789,-0.4426,-1.451,-0.1613,0.0576,-0.6835,0.0806,0.6576,,,0,-33,-35.56,-0.3566,0.1409,0,0,-0.0576,LOW LIQUIDITY
Home First Finan,543259,HOMEFIRST,Finance,0.28,0.4296,0.7933,0.138,0.1851,0.7897,0.41,-1.8015,2.4,27.28,1.47,31.9,14.78,-0.2154,0.4211,0.1646,0.0094,-0.0205,867
Honasa Consumer,544014,HONASA,Personal Products,0.2616,3.5704,0.0826,0.1274,0.9419,0.0844,0.2536,0.8271,0.09,76.81,0.82,246.4,44.03,-0.121,0.5461,0.0551,0.0551,-0.8868,1629
Honda India,522064,HONDAPOWER,Industrial Manufacturing,-0.009,0.308,0.0645,0.0115,-0.0435,0.1278,0.1598,0.2057,0,33.08,-7.61,3.3,16.52,-0.2548,0.3642,0.0947,-0.0202,0.1382,LOW LIQUIDITY
Honeywell Auto,517174,HONAUT,Industrial Manufacturing,0.1226,0.0382,0.1145,0.0831,-0.0146,0.1549,0.1733,0.5936,0.02,59.6,-40.86,6.5,36.11,-0.2056,0.1215,0.137,-0.0106,0.1516,942
HP Adhesives,543433,HPAL,Chemicals & Petrochemicals,0.1063,-0.0801,0.0983,0.0474,-0.071,0.0909,0.1097,0.3932,0.01,26.76,-3.77,21,14.61,-0.4593,0.0987,0.0982,-0.0275,0.1692,LOW LIQUIDITY
HP Telecom,,HPTL,Commercial Services & Supplies,0.1859,-2.0084,-0.0014,0.0766,-0.5218,0.0144,0.0667,0,0.58,157.31,-3.01,5.4,44.55,-0.1168,1.8615,0,0,0.5218,
HPL Electric,540136,HPL,Industrial Manufacturing,0.0287,0.0349,0.1517,0.0013,0.0166,0.1301,0.1232,0.6335,0.78,30.04,18.05,19.4,13.29,-0.2997,0.323,0.1082,0.0539,0.0916,LOW LIQUIDITY
Hubtown,532799,HUBTOWN,Realty,1.1074,0.445,0.1502,0.4325,1.8964,0.487,0.0541,-2.5397,0.41,36.25,0.19,25.2,19.09,-0.1096,1.1741,0.0241,0.0976,-1.8723,1715
Huhtamaki India,509820,HUHTAMAKI,Industrial Products,-0.0426,2.4364,0.0888,-0.0219,0.6394,0.0582,0.0886,1.4516,0.12,17.66,0.28,10.7,8.89,-0.2678,0.358,0.0515,-0.0789,-0.5879,2155
Hyundai Motor I,544274,HYUNDAI,Automobiles,0.011,0.1738,0.1397,-0.0113,0.0215,0.1146,0.4455,0.5652,0.05,35.05,16.33,940.7,19.65,-0.1622,0.5704,0.4218,0.026,0.4003,90
I G Petrochems,500199,IGPL,Chemicals & Petrochemicals,-0.2018,-1.0764,0.0434,-0.1055,-0.6924,0.039,0.0299,1.4875,0.31,36.42,-0.53,2.8,9.85,-0.4175,0.0653,0.0817,0.0515,0.7741,LOW LIQUIDITY
I O B,532388,IOB,Banks,0.1457,0.5781,0.6564,0.0657,0.2786,0.8104,0.2017,0.1362,11.07,18.13,0.65,4270.7,18.21,-0.3307,0.2154,0.1102,0.0104,-0.1684,LOW LIQUIDITY
I O C L,530965,IOC,Petroleum Products,0.0209,13.8814,0.0909,0.0028,1.0245,0.0539,0.1353,1.4202,0.74,9.8,0.1,1713.2,6.62,-0.0296,0.5294,0.0651,-0.1915,-0.9594,LOW LIQUIDITY
I R C T C,542830,IRCTC,Leisure Services,0.0771,0.0969,0.3528,0.0265,0.044,0.3742,0.4396,0.4828,0.02,42.18,9.58,1059.2,29.03,-0.1802,0.0752,0.3716,-0.0329,0.3276,351
I R F C,543257,IRFC,Finance,-0.0765,0.1019,0.9923,-0.0139,0.0512,0.9933,0.0153,0.3048,7.25,23.11,4.51,3672.9,20.53,-0.2759,0.1186,0.1277,-0.0078,0.0765,1185
I T D C,532189,ITDC,Leisure Services,-0.1864,-0.3075,0.1612,-0.0363,-0.1024,0.1863,0.3096,0.5334,0,69.05,-6.74,127.3,44.08,-0.2083,0.2543,0.2421,0.0416,0.3445,LOW LIQUIDITY
ICE Make Refrig.,,ICEMAKE,Industrial Manufacturing,0.4265,-0.5788,0.0652,0.1468,-0.3441,0.0516,0.1061,0.8517,1.39,73.53,-2.14,14.5,29.76,-0.3499,0.2307,0.203,-0.08,0.5471,LOW LIQUIDITY
ICICI Bank,532174,ICICIBANK,Banks,0.04,0.0316,0.2722,0.0341,0.0451,0.8667,0.5715,0.7588,5.58,18.55,4.11,2119.2,16.59,-0.0779,0.1662,0.1789,-0.0091,0.1338,732
ICICI Lombard,540716,ICICIGI,Insurance,0.1175,0.181,0.152,0.0633,0.1164,0.1452,-0.0928,0.3454,0,36.3,3.12,316.1,27.38,-0.016,0.2661,0.188,0.0184,0.0716,471
ICICI Pru Life,540133,ICICIPRULI,Insurance,-0.5256,0.1787,-0.0016,-0.1867,0.0929,0.0311,1.0018,-5.8992,0.2,67.97,7.31,1010.8,51.07,-0.1288,0.1875,0.1043,0.0804,0.0114,807
ICRA,532835,ICRA,Capital Markets,0.0829,0.302,0.3553,0.0404,0.1061,0.4967,0.2191,0.6068,0.01,31.3,2.95,5.2,20.81,-0.1455,0.2157,0.1675,0.0111,0.0614,LOW LIQUIDITY
IDBI Bank,500116,IDBI,Banks,-0.0451,0.7356,0.7678,0.0007,0.2163,0.931,0.2841,1.032,4.81,12.12,0.56,1775.4,15.58,-0.0222,0.5878,0.1355,0.0183,-0.0808,1063
Ideaforge Tech,543932,IDEAFORGE,Aerospace & Defense,0.0987,-0.429,-0.2767,-0.4327,0.4252,-0.9727,-0.1683,1.2193,0.08,,0,15.9,-39.1,-0.271,0.6015,-0.1027,-0.1911,-0.5279,2229
IDFC First Bank,539437,IDFCFIRSTB,Banks,0.1094,0.641,0.3378,0.0502,-0.0304,0.528,0.1143,0.7589,6.85,47.6,-15.64,1083.5,18.46,-0.0374,0.5175,0.0421,-0.0589,0.0725,1963
IFB Agro Inds.,507438,IFBAGRO,Beverages,0.5067,7.5884,0.0949,0.1536,1.197,0.0698,0.1323,1.7977,0.13,23.82,0.2,1.9,12.95,-0.1373,2.2379,0.0435,0.0572,-1.1535,1689
IFB Industries,505726,IFBIND,Consumer Durables,0.1219,0.494,0.0726,0.0419,0.0235,0.0392,0.1786,0.5184,0.18,54.02,22.95,30.9,21.72,-0.1369,0.6662,0.1625,0.063,0.139,288
IFCI,500106,IFCI,Finance,0.1866,0.7183,0.6684,0.07,1.218,0.6953,0.125,-0.7644,0.4,37.83,0.31,437.8,9.44,-0.2824,0.4987,0.026,0.0012,-1.192,2008
IFGL Refractori.,540774,IFGLEXPOR,Industrial Products,0.1885,0.0505,0.0777,0.0708,-0.3073,0.0331,0.0421,0.3861,0.19,54.15,-1.76,10.2,13.07,-0.3416,0.3711,0.0394,-0.0388,0.3467,LOW LIQUIDITY
Igarashi Motors,517380,IGARASHI,Auto Components,0.0142,-0.4172,0.1071,-0.0171,-0.3682,0.0408,0.0435,2.0194,0.31,93.66,-2.54,9.7,17.78,-0.4648,0.133,0.053,0.0314,0.4212,LOW LIQUIDITY
IIFL Capital,542773,IIFLCAPS,Capital Markets,-0.1136,-0.5884,0.3723,-0.0836,-0.1375,0.4082,0.3192,0.8193,0.62,16.87,-1.23,108.9,7.5,-0.1796,0.8679,0.3158,-0.0074,0.4533,207
IIFL Finance,532636,IIFL,Finance,0.2931,0.2508,0.5996,0.1034,0.5208,0.5455,0.1462,-0.8708,4.53,27.62,0.53,77.7,12.09,-0.0167,0.9927,0.049,-0.1294,-0.4718,2171
IIRM Holdings,526530,,Commercial Services & Supplies,0.2377,-0.3083,0.228,0.0621,-0.1813,0.1401,0.1821,0.1769,0.32,28.11,-1.55,24.2,11.52,-0.4382,0.087,0.1862,0.1862,0.3675,
IKIO Tech,543923,IKIO,Consumer Durables,0.3133,-0.2279,0.112,0.0665,-0.4275,0.0691,0.0574,0.6887,0.1,84.39,-1.97,20,23.11,-0.3646,0.1675,0.0555,-0.1191,0.483,LOW LIQUIDITY
IL&FS Engg.,532907,IL&FSENGG,Construction,-0.1724,0.8826,-0.1619,-0.1732,-0.1298,-0.0986,0.0076,1.6407,,,0,-1.4,-147.03,-0.4429,0.1188,0,0,0.1298,LOW LIQUIDITY
Imagica. Enter.,539056,IMAGICAA,Leisure Services,0.046,-4.9216,-0.2177,-0.083,-0.6913,0.1247,0.0183,1.5822,0.15,119.62,-1.73,126.9,20.54,-0.3728,0.0173,0.0767,-0.0058,0.768,LOW LIQUIDITY
Ind-Swift Labs.,532305,INDSWFTLAB,Pharmaceuticals & Biotechnology,11.7625,18.4878,0.0096,0.0117,15.7458,0.0279,0.0485,-2.8976,0.02,26.28,0.02,4.9,9.38,-0.2331,0.4213,0.0018,-0.1982,-15.744,LOW LIQUIDITY
Indag Rubber,509162,,Auto Components,-0.154,-0.085,0.0583,-0.0881,-0.0586,0.0322,0.0578,0.4659,0.04,52.87,-9.02,3.7,24.41,-0.415,0.0683,0.0286,0.0286,0.0872,
Indef Manufactur,544364,BAJAJINDEF,Industrial Manufacturing,0.1529,-0.445,0.1274,0.0454,-0.1493,0.2052,0.6118,0.114,0.02,38.24,-2.56,13.8,25.42,-0.4022,0.7429,0,0,0.1493,LOW LIQUIDITY
Indegene,544172,INDGN,Healthcare Services,0.1709,0.1134,0.1748,0.071,0.0704,0.1955,0.2033,0.7688,0.04,27.73,3.94,103.6,17.63,-0.2588,0.0609,0.2059,-0.0628,0.1355,1078
India Cements,530005,INDIACEM,Cement & Cement Products,0.0932,1.1161,0.0726,0.0316,-0.6234,-0.0539,-0.0182,0.4767,0.13,,0,39.7,296.76,-0.0315,0.7454,-0.0883,-0.0401,0.5351,1627
India Finsec,535667,,Finance,0.1187,0.3887,0.7551,0.0506,0.0825,0.711,0.6785,-0.5789,2.06,41.28,5,12.6,13.44,-0.1429,0.44,0.1291,0.0108,0.0466,
India Glycols,500201,INDIAGLYCO,Beverages,0.1363,0.3088,0.1443,0.0538,0.088,0.1284,0.0768,0.7773,0.86,26.86,3.05,18,13.87,-0.0091,1.2373,0.1106,0.0199,0.0226,1004
India Homes,513361,,Industrial Products,0,0.3016,,-1.75,-0.2741,-248,-0.2782,0.5471,3.88,,0,815.7,-134.83,-0.227,1.958,-0.4734,-0.0784,-0.1993,
India Motor Part,590065,IMPAL,Auto Components,0.0436,0.1283,0.0734,0.009,0.1696,0.1383,0.3676,0.1885,0,14.63,0.86,0.6,11.14,-0.2226,0.2385,0.035,-0.0022,-0.1346,LOW LIQUIDITY
India Nipp.Elec.,532240,INDNIPPON,Auto Components,0.2988,0.0964,0.1083,0.1194,0.0864,0.1205,0.2507,0.4797,0,21.82,2.53,5.6,14.37,-0.2162,0.5813,0.1233,0.0231,0.0369,LOW LIQUIDITY
India Pesticides,543311,IPL,Fertilizers & Agrochemicals,0.266,0.21,0.1695,0.1398,0.2716,0.1632,0.1641,0.0506,0.03,19.06,0.7,24.4,11.3,-0.2791,0.4801,0.0973,0.0211,-0.1743,LOW LIQUIDITY
India Power Corp,,DPSCLTD,Power,0.2944,0.2,0.0343,0.0597,0.0825,0.0473,0.0147,2.1988,0.11,140.76,17.06,118,16.95,-0.4207,0.0456,0.0074,-0.0095,-0.0751,LOW LIQUIDITY
INDIA SHELTE FIN,544044,INDIASHLTR,Finance,0.3069,0.3556,0.7334,0.1686,0.1796,0.7245,1.9743,-1.7012,1.89,21.68,1.21,35.9,14.99,-0.1215,0.4734,0.1507,0.0111,-0.0289,926
Indiabulls,533520,IBULLSLTD,Commercial Services & Supplies,1.0565,7.3652,0.4538,-57.5328,-1.2592,0.3853,0.02,-0.6654,0.18,276.35,-2.19,17.5,32.34,-0.0108,0.8439,0,0,1.2592,LOW LIQUIDITY
Indiabulls Enter,543715,IEL,Commercial Services & Supplies,-0.1156,-0.7211,-0.1079,-0.0146,0.0616,-2.5312,0.6893,-0.2628,1.02,,0,-39.1,-5.47,-0.2912,0.3851,-4.8314,-4.7699,-4.893,LOW LIQUIDITY
Indiamart Inter.,542726,INDIAMART,Retailing,0.1245,-0.3879,0.2974,0.0606,0.0188,0.4786,0.3339,0.9112,0.01,26.94,14.32,40.7,19.69,-0.1378,0.3045,0.2692,0.0927,0.2504,105
Indian Bank,532814,INDIANB,Banks,0.0819,0.1101,0.6928,0.0404,0.0467,0.8514,0.3073,0.3366,10.65,10.12,2.17,209,16.5,-0.0145,0.8686,0.1709,0.0174,0.1242,432
Indian Energy Ex,540750,IEX,Capital Markets,0.0934,0.1464,0.8671,0.055,0.0847,1.0543,0.6306,0.7771,0,27.18,3.21,908.3,19.69,-0.3635,0.0526,0.4053,0.0111,0.3206,129
Indian Hotels Co,500850,INDHOTEL,Leisure Services,0.1176,-0.0912,0.2793,0.0847,0.0156,0.2949,0.1637,0.8988,0.28,60.69,38.94,1260.1,32.43,-0.1959,0.0699,0.1612,0.0186,0.1456,417
Indian Hume Pipe,504741,INDIANHUME,Industrial Manufacturing,0.0294,1.6161,0.1413,-0.031,0.0577,0.1311,0.1617,1.0785,0.36,18.83,3.27,7.6,10.01,-0.2199,0.3601,0.0917,-0.0093,0.034,LOW LIQUIDITY
Indian Link Ch.,504746,,Industrial Products,0,-1.75,,,-0.3636,,0.0034,-1.0667,0,9893.71,-272.08,7.7,8599.75,0,15.5167,0.0336,0.0053,0.3972,
Indian Metals,533047,IMFA,Ferrous Metals,0.0386,-0.2203,0.1925,0.0023,-0.1278,0.1856,0.179,1.0789,0.17,21.94,-1.72,15.6,14.32,-0.0365,1.4433,0.1701,-0.0027,0.2979,415
Indian Renewable,544026,IREDA,Finance,0.2622,0.4159,0.9329,0.1263,0.014,0.8855,-2.8027,-2.3155,5.41,23.99,17.1,898.5,16.27,-0.3723,0.0737,0.1805,0.0076,0.1665,389
Indigo Paints,543258,INDIGOPNTS,Consumer Durables,0.0345,0.0585,0.1534,0.0085,0.0099,0.1523,0.1707,1.0508,0.02,42.46,43.01,27.1,24.74,-0.1517,0.4372,0.1465,-0.0287,0.1366,1131
IndiGrid Trust,540565,INDIGRID,Power,-0.0108,-0.549,0.8635,0.017,-0.1766,0.5511,0.012,1.5439,4.78,62.9,-3.56,323.3,13.27,-0.0488,0.2165,0.066,0.0204,0.2426,
Indiqube Spaces,544454,INDIQUBE,Commercial Services & Supplies,0.3884,0.4313,0.5937,0,0,0.1633,-0.0287,3.536,8.67,,,176,13.47,-0.0991,0.1247,-2.341,-2.341,-2.341,LOW LIQUIDITY
Indl. Inv. Trust,501295,IITL,Finance,-1.0566,-1.3515,4.1585,-0.6894,-2.4239,-1.233,-0.0242,-25.1504,0,,0,1.9,-90.27,-0.6156,0.1178,0.0091,-0.1081,2.433,LOW LIQUIDITY
Indl.& Prud.Inv.,501298,,Finance,-0.5379,-0.0829,0.887,-0.0629,0.028,8.9343,26.8421,0.1949,0,16.28,5.82,0.2,16.28,-0.2095,0.1918,0.0759,0.0047,0.0479,
Indo Amines,524648,INDOAMIN,Chemicals & Petrochemicals,0.029,0.3133,0.1154,0.028,0.2687,0.1053,0.2084,0.3567,0.85,13.3,0.49,18.8,8.99,-0.3904,0.3523,0.1901,0.0226,-0.0786,LOW LIQUIDITY
Indo Borax & Ch.,524342,INDOBORAX,Chemicals & Petrochemicals,0.5276,0.0381,0.1815,0.1357,-0.0816,0.2724,0.1798,-1.2235,0,20.31,-2.49,7.1,12.12,-0.1818,0.7469,0.1352,-0.0045,0.2168,LOW LIQUIDITY
Indo Count Inds.,521016,ICIL,Textiles & Apparels,0.0254,-0.5144,0.0976,0.0105,-0.3324,0.084,0.0767,0.8611,0.54,38.55,-1.16,54.5,15.16,-0.2438,0.5216,0.113,-0.0622,0.4454,1126
Indo Farm Equip.,544328,INDOFARM,"Agricultural, Commercial & Construction Vehicles",0.2068,0.3833,0.1228,0.1585,0.1837,0.1238,0.0583,1.0579,0.33,37.45,2.04,9.3,17.42,-0.2585,0.6397,0.0556,0.0049,-0.1281,1705
Indo National,504058,NIPPOBATRY,Household Products,-0.0625,-0.4793,0.0331,-0.0207,-1.0795,-0.0218,-0.0445,-0.361,0.1,,0,0.6,151.31,-0.3087,0.1007,0.367,0.3259,1.4465,LOW LIQUIDITY
Indo Rama Synth.,500207,INDORAMA,Textiles & Apparels,0.2842,1.5569,0.056,0.1483,57.1803,0.0584,0.2621,2.4493,2.44,9.63,0,80.1,7.31,-0.302,0.799,0.0066,0.4337,-57.1737,LOW LIQUIDITY
Indo Tech.Trans.,532717,INDOTECH,Electrical Equipment,0.2505,0.3984,0.1693,0.1935,0.3181,0.1558,0.3484,0.5771,0.04,21.98,0.69,6.1,14.93,-0.5406,0.1426,0.2566,0.0151,-0.0615,LOW LIQUIDITY
Indo Thai Sec.,533676,INDOTHAI,Capital Markets,1.544,2.181,0.8423,0.837,1.5891,0.6003,0.1945,-1.8647,0.02,248.69,1.56,298.1,171.93,-0.0705,3.3158,0.0654,-0.1776,-1.5237,2183
Indoco Remedies,532612,INDOCO,Pharmaceuticals & Biotechnology,0.1202,0.2191,0.0888,0.0361,0.4819,-0.0246,-0.0834,-10.2185,1.02,,0,22.6,43.85,-0.2668,0.37,-0.0702,-0.1549,-0.5521,LOW LIQUIDITY
Indogulf Cropsci,544432,IGCL,Fertilizers & Agrochemicals,0,0,0.1216,0,0,0.0983,0.1078,-0.2013,0.46,19.74,,8.9,11.74,-0.2031,0.0678,0.1224,-0.0208,0.1224,LOW LIQUIDITY
Indokem,504092,,Chemicals & Petrochemicals,-0.0691,0,0.03,0.009,0.8025,0.0485,0.0713,0.8227,0.36,388.12,4.84,96.9,201.53,-0.153,9.8648,0.0521,0.1555,-0.7504,
Indosolar,533257,WAAREEINDO,Electrical Equipment,6.2082,3.8882,0.3491,1.1396,2.9007,0.2512,1.2121,1.2418,0.02,10.86,0.04,47.4,10.95,-0.2319,2.3739,4.202,4.202,1.3013,8
Indostar Capital,541336,INDOSTAR,Finance,0.0134,-0.412,0.5176,0.0266,27.0668,0.2085,-0.6851,-1.463,1.43,,0,11.3,26.07,-0.3463,0.1058,-0.0045,-0.0123,-27.0713,LOW LIQUIDITY
Indrapr.Medical,532150,INDRAMEDCO,Healthcare Services,0.0892,0.1665,0.1872,0.0357,0.0829,0.1712,0.328,0.7026,0.05,27.93,3.37,67.9,15.82,-0.1694,0.7325,0.3004,0.0092,0.2175,199
Indraprastha Gas,532514,IGL,Gas,0.0881,-0.1508,0.1096,0.048,-0.0374,0.1294,0.1924,1.0304,0.01,18.11,-4.84,360.8,10.46,-0.0988,0.3496,0.1639,-0.0574,0.2013,LOW LIQUIDITY
Indus Inf. Trust,544137,INDUSINVIT,Transport Infrastructure,-0.2089,-0.4308,0.6591,0.0358,-0.0358,0.8014,0.3098,0.7168,0.46,11.51,-3.21,47,11.41,-0.0684,0.2183,0.0938,0.0938,0.1296,
Indus Towers,534816,INDUSTOWER,Telecom - Services,0.0968,-0.1728,0.5584,0.0464,-0.0328,0.4407,0.2178,1.3388,0.58,11.61,-3.54,811.2,6.2,-0.0622,0.2902,0.325,0.0831,0.3578,77
IndusInd Bank,532187,INDUSINDBK,Banks,-0.0849,-1.3282,0.4276,-0.028,-1.295,0.6141,-0.0186,0.5512,6.7,,0,78.5,16.34,-0.2273,0.3869,0.0402,-0.1117,1.3352,1486
Infibeam Avenues,539807,INFIBEAM,Financial Technology (Fintech),0.9327,0.5094,0.0456,0.3715,0.0265,0.0615,0.0811,0.2225,0.02,23.78,8.96,377.4,11.97,-0.2385,0.5956,0.0647,0.0165,0.0382,1261
Infinium Pharma,,INFINIUM,Pharmaceuticals & Biotechnology,0.0129,0.2698,0.1242,0.0069,-0.0706,0.109,0.1178,-1.6097,0,40.79,-5.77,5.2,17.92,-0.2745,0.1431,0.1195,-0.1583,0.1901,
Influx Health.,,INFLUX,Pharmaceuticals & Biotechnology,0.3891,0.7811,0.2197,0,0,0.1706,0.2116,0.3946,0,29.88,,13.6,25.48,0,0.91,0.4538,-0.1925,0.4538,
Info Edg.(India),532777,NAUKRI,Retailing,0.1493,18.1356,0.3474,0.0768,2.4804,0.6513,0.3785,0.8475,0.01,67.04,0.27,117.8,41.64,-0.2593,0.183,0.0116,-0.0128,-2.4688,2121
InfoBeans Tech.,543644,INFOBEAN,IT - Software,0.2765,0.7859,0.2499,0.1065,0.6572,0.1972,0.2181,0.8855,0.04,21.38,0.33,9.1,11.93,-0.2201,1.103,0.1237,0.0431,-0.5335,LOW LIQUIDITY
Infollion Resea.,,INFOLLION,Commercial Services & Supplies,0.4518,0.2088,0.1658,0.2058,0.2447,0.2008,0.3036,0.4143,0,27.39,1.12,5.9,17.94,-0.3304,0.129,0.2296,-0.0655,-0.0151,
Infosys,500209,INFY,IT - Software,0.0855,0.1319,0.2368,0.0397,0.0606,0.2344,0.4331,0.946,0.08,22.76,3.75,2574.1,13.86,-0.2321,0.1791,0.2883,-0.03,0.2277,490
Ingersoll-Rand,500210,INGERRAND,Industrial Products,-0.0005,0,0.2356,0.0036,-0.0115,0.2673,0.5659,0.7323,0.02,46.02,-40.13,59.2,32.01,-0.179,0.263,0.4501,0.0661,0.4616,LOW LIQUIDITY
Innova Captab,544067,INNOVACAP,Pharmaceuticals & Biotechnology,0.1954,-0.1523,0.1364,0.096,-0.0306,0.1301,0.1178,0.3677,0.33,33.49,-10.94,23.4,20.72,-0.4219,0.1003,0.1434,-0.027,0.174,LOW LIQUIDITY
Innovana Think.,544302,INNOVANA,IT - Software,0.4319,0.1642,0.4346,0.1627,0.1531,0.5266,0.4364,0.6134,0.19,20.37,1.33,7.8,14.26,-0.2604,0.7758,0.2292,-0.0448,0.0761,LOW LIQUIDITY
Innovators,541353,,Industrial Manufacturing,-0.267,-0.3717,0.1511,-0.1376,-0.1936,0.1398,0.1243,0.1019,0.32,30.04,-1.55,4.9,12.56,-0.3032,0.1813,0.1042,-0.0077,0.2978,
Inox Green,543667,INOXGREEN,Power,0.5562,3.3526,0.0999,0.153,2.5583,0.4057,0.041,1.2606,0.05,144.7,0.57,158,55.28,-0.1654,1.4344,0.0102,-0.0145,-2.5481,2125
Inox India,544046,INOXINDIA,Industrial Products,0.1685,0.199,0.2175,0.0726,0.0824,0.2294,0.3198,0.406,0.1,44.03,5.35,97.4,30.26,-0.1009,0.3108,0.2899,-0.0372,0.2075,570
Inox Wind,539083,INOXWIND,Electrical Equipment,0.5268,2.572,0.2035,0.1615,0.1098,0.2113,0.0815,0.1918,0.17,47.37,4.31,625.2,23.36,-0.3373,0.0883,0.1169,0.1285,0.0071,679
Insecticid.India,532851,INSECTICID,Fertilizers & Agrochemicals,0.0169,-0.0387,0.1403,0.0228,0.0467,0.1037,0.1702,0.4687,0.2,13.45,2.88,4.8,9.11,-0.3747,0.2915,0.1353,0.0309,0.0886,LOW LIQUIDITY
Insolation Ener,543620,,Power,0.2691,0.3068,0.1309,0.1235,0.1475,0.1262,0.2915,0.7008,0.37,24.45,1.66,113.6,17.92,-0.6302,0.0213,0.3487,-0.3364,0.2012,
Inspirisys Sol.,532774,INSPIRISYS,IT - Services,0.4226,0.9469,0.102,0.0412,0.0838,0.1003,0.3894,1.2764,1.28,11.85,1.41,23,10.12,-0.2245,0.4887,0.696,-0.8681,0.6122,LOW LIQUIDITY
Integ. Industrie,531889,,Finance,0.5373,1.0093,0.107,0.2742,0.3318,0.1002,0.3157,0.692,0.04,7.9,0.24,45.1,5.97,-0.4072,0.4994,0.2748,-0.0553,-0.057,
Integra Engg.,505358,,Industrial Manufacturing,-0.0108,-0.3465,0.1581,0.0599,0.0162,0.1697,0.2172,0.9389,0.32,35.91,22.13,22.3,20.63,-0.2999,0.0273,0.2148,0.0059,0.1986,
Intellect Design,538835,INTELLECT,IT - Software,0.3583,0.9366,0.2025,0.1181,0.2093,0.1938,0.2399,0.9559,0.03,39.55,1.89,74.9,21.7,-0.0894,1.0589,0.1273,-0.0155,-0.082,1612
Interarch Build.,544232,INTERARCH,Construction,0.5191,0.5617,0.0848,0.1686,0.1838,0.1012,0.2474,0.3512,0.01,33.88,1.84,9.1,22.39,-0.0674,1.0384,0.1802,-0.024,-0.0036,1252
Interglobe Aviat,539448,INDIGO,Transport Services,0.0934,-1.6437,0.0294,0.0311,-0.1321,0.1326,0.0737,2.1421,8.83,43.97,-3.33,1011.5,13.22,-0.0761,0.4597,1.038,1.038,1.1701,12
Interiors & More,,INM,Consumer Durables,0.2429,-0.2548,0.2488,0.0746,-0.0886,0.2485,0.1505,-0.9473,0.71,36.09,-4.08,3.9,25.41,-0.1831,0.9784,0.1956,-0.0247,0.2842,551
International Ge,544311,IGIL,Commercial Services & Supplies,0.2143,0.1842,0.58,0.1151,0.1955,0.5986,0.5577,0.6621,0.11,27.6,1.41,492.2,18.96,-0.4921,0.1567,0.5437,-0.2223,0.3482,LOW LIQUIDITY
Intl. Conveyors,509709,INTLCONV,Industrial Manufacturing,0.4722,-1.6475,0.2386,0.0632,-0.1906,0.5558,0.2169,0.1302,0.3,8.37,-0.44,9.2,7.46,-0.2193,0.4611,0.2637,0.0259,0.4543,LOW LIQUIDITY
Intl. Travel Hse,500213,,Leisure Services,-0.0256,-0.14,0.1583,-0.0013,-0.0278,0.1524,0.2162,1.0062,0.01,12.52,-4.51,1.5,7.28,-0.4404,0.0824,0.1756,0.0079,0.2034,
Inv.& Prec.Cast.,504786,,Industrial Products,0.0747,0.9675,0.1628,0.0422,0.245,0.0969,0.0963,1.2543,0.79,67.07,2.74,5.2,22.94,-0.1317,0.7957,0.0678,-0.0272,-0.1772,
Inventurus Knowl,544309,IKS,IT - Services,0.2152,0.5993,0.3461,0.0895,0.2588,0.289,0.3677,0.457,0.34,44.89,1.73,209.6,29.29,-0.2719,0.3005,0.3287,-0.0442,0.0699,914
IOL Chemicals,524164,IOLCP,Pharmaceuticals & Biotechnology,0.0795,0.5666,0.1006,0.0438,0.1483,0.0806,0.0829,1.1691,0.09,23.34,1.57,45.4,10.72,-0.271,0.6059,0.0613,-0.0255,-0.087,1955
ION Exchange,500214,IONEXCHANG,Other Utilities,0.1388,-0.0277,0.0933,0.0384,0.0121,0.106,0.176,0.1061,0.33,25.22,20.86,60.1,15.28,-0.5144,0.0095,0.1866,-0.0249,0.1745,LOW LIQUIDITY
Ipca Labs.,524494,IPCALAB,Pharmaceuticals & Biotechnology,0.0856,0.4149,0.2132,0.0518,0.1691,0.1665,0.1561,0.9491,0.17,37.1,2.19,125.4,19.26,-0.1765,0.239,0.1275,0.03,-0.0416,936
IRB Infra.Devl.,532947,IRB,Construction,0.1042,0.41,0.528,0.054,-0.1177,0.3769,0.0392,0.6925,1.02,30.33,-2.58,786.6,11.07,-0.2909,0.0852,0.0591,0.0154,0.1768,921
IRB InvIT Fund,540526,IRBINVIT,Transport Infrastructure,0.0242,-0.0412,0.8372,0.0371,0.0781,0.5966,0.0278,1.492,1.75,13.12,1.68,73.8,11.85,-0.0984,0.2104,0.0875,-0.0039,0.0094,
Ircon Intl.,541956,IRCON,Construction,-0.1923,-0.3268,0.0714,-0.0903,-0.1309,0.108,0.0944,-0.9996,0.8,26.04,-1.99,227.8,13.53,-0.3005,0.2387,0.1133,-0.0504,0.2442,1288
IRIS Business,540735,IRIS,IT - Software,0.0613,-0.5069,0.0049,-0.0377,-0.3484,0.111,0.123,1.4364,0.01,78.57,-2.25,7.3,39.46,-0.438,0.4221,0.2234,-0.0164,0.5718,
Iris Clothings,,IRISDOREME,Textiles & Apparels,0.0742,0.0729,0.1586,0.0774,0.0366,0.1394,0.1307,0.1149,0.21,45.85,12.53,89.7,24.4,-0.1122,0.5803,0.1733,-0.0203,0.1367,LOW LIQUIDITY
IRM Energy,544004,IRMENERGY,Gas,0.1206,0.0541,0.1033,0.0667,-0.0511,0.0794,0.0497,1.0075,0.08,31.13,-6.1,5.4,8.8,-0.2177,0.3198,0.0468,-0.0854,0.0979,LOW LIQUIDITY
ISGEC Heavy,533033,ISGEC,Construction,0.0287,-0.0745,0.0872,-0.0232,0.0322,0.0769,0.1098,0.2194,0.33,25.13,7.81,16.9,11.92,-0.4813,0.036,0.0937,-0.0061,0.0615,1427
IST,508807,,Auto Components,-0.0649,-0.3924,0.7051,-0.012,0.0049,1.6356,0.3822,0.2262,0,7.02,14.28,0.7,5.16,-0.2475,0.2614,0.1008,-0.0035,0.0959,
ITC,500875,ITC,Diversified FMCG,-0.0244,0.0291,0.3433,0.0429,0.0217,0.3494,0.4841,0.6569,0.01,25.06,11.57,8912.4,17.23,-0.1441,0.0343,0.2732,-0.0033,0.2515,
ITC Hotels,544325,ITCHOTELS,Leisure Services,0.0791,0.7431,0.2927,0.0481,0.1542,0.2766,0.0927,0.8596,0.01,59.14,3.84,823.2,29.26,-0.1993,0.3506,0.0666,0.0666,-0.0876,1233
ITCONS E-Soluti.,543806,,Commercial Services & Supplies,1.2913,1.155,0.0672,0.4048,0.4495,0.0786,0.3524,-4.7002,0.2,70.67,1.57,4.8,51.65,-0.2019,0.3434,0.1281,-0.0183,-0.3214,
ITI,523610,ITI,Telecom - Equipment & Accessories,-0.4653,0.2409,-0.0022,-0.1368,-0.0804,-0.0106,-0.168,3.499,0.9,,0,1969.5,852.74,-0.4802,0.3214,-0.1615,0.1163,-0.0811,1608
Ivalue Infosolut,544523,IVALUE,IT - Services,0.4831,0.4111,0.1224,0,0,0.1398,0.2523,0.286,0.19,19.03,,18.4,12.76,-0.0306,0.2908,0.1988,-0.0148,0.1988,580
IZMO,532341,IZMO,IT - Services,0.0266,-0.607,0.2249,0.0467,0.346,0.1445,0.0851,0.1633,0.02,46.58,1.35,5.8,28.56,-0.2888,3.273,0.0703,-0.0196,-0.2757,1978
J & K Bank,532209,J&KBANK,Banks,0.0542,-0.1047,0.7091,0.0354,0.0043,0.7663,0.1362,0.2813,10.34,5.74,13.45,88.4,16.04,-0.0715,0.3275,0.1577,-0.0026,0.1534,691
J B Chemicals &,506943,JBCHEPHARM,Pharmaceuticals & Biotechnology,0.0842,0.1905,0.2854,0.0444,0.1233,0.2366,0.2421,1.0348,0.01,38.19,3.1,112.9,23.91,-0.1025,0.3446,0.2012,0.001,0.0779,582
J K Cements,532644,JKCEMENT,Cement & Cement Products,0.1793,2.7556,0.1479,0.0845,0.3028,0.1541,0.1068,1.208,1,42.61,1.41,52.6,19.11,-0.2457,0.464,0.1387,-0.0209,-0.1641,1663
J Kumar Infra,532940,JKIL,Construction,0.0345,0.0144,0.1453,0.0425,0.0451,0.123,0.1749,0.5434,0.24,11.37,2.52,11.1,5.11,-0.2594,0.083,0.1383,0.0064,0.0932,795
J.G.Chemicals,544138,JGCHEM,Chemicals & Petrochemicals,0.0387,-0.1284,0.0815,0.0287,-0.0049,0.1014,0.173,-0.1253,0.01,24.33,-49.28,12.1,15.76,-0.3052,0.3833,0.1455,0.0418,0.1504,364
Jagatjit Inds.,507155,,Beverages,-0.2493,-1.3091,-0.0701,-0.061,0.2542,-0.0011,-0.0606,-0.9871,7.51,,0,69.3,134.19,-0.3493,0.1422,-0.3537,-0.4457,-0.6079,
Jagran Prakashan,532705,JAGRAN,Media,0.0467,0.3644,0.1425,0.0195,0.4354,0.1038,0.1422,1.6366,0.1,8.82,0.2,17.1,5.55,-0.2267,0.1108,0.0621,-0.0247,-0.3733,LOW LIQUIDITY
Jagsonpal Pharma,507789,JAGSNPHARM,Pharmaceuticals & Biotechnology,-0.0029,0.0969,0.2208,0.0519,0.102,0.2006,0.2322,1.0816,0.03,31.96,3.13,36.8,18.86,-0.3618,0.0856,0.1858,0.0561,0.0838,LOW LIQUIDITY
Jai Balaji Inds.,532976,JAIBALAJI,Ferrous Metals,-0.1306,-0.8271,0.0531,-0.0889,-0.4749,0.0824,0.1325,0.3703,0.21,24.21,-0.51,291.3,12.76,-0.6289,0.0197,0.3074,-0.5658,0.7823,LOW LIQUIDITY
Jai Corp,512237,JAICORPLTD,Industrial Products,0.0812,0.5563,0.1158,0.0412,2.3699,0.3455,0.1877,0.7337,0,15.39,0.06,31.5,12.99,-0.6408,0.7725,0.041,0.0071,-2.3289,1957
Jain Irrigation,500219,JISLJALEQS,Industrial Products,0.2016,2.5469,0.1382,0.062,0.7616,0.0888,0.0112,1.7577,0.71,57.32,0.75,41.5,9.18,-0.4409,0.0339,0.0061,-0.0024,-0.7555,2076
Jain Resource,544537,JAINREC,Diversified Metals,0.5296,0.8053,0.076,0,0,0.0606,0.2062,0.0751,0.9,60.54,,,39.68,-0.0359,0.7952,0.3898,-0.1817,0.3898,601
Jainam Ferro,,JAINAM,Ferrous Metals,-0.0525,-0.344,0.0676,-0.0271,-0.2693,0.0577,0.1029,-0.1236,0.01,41.08,-1.53,2.5,17.28,-0.1482,0.8881,0.0896,0.0268,0.3589,
Jamna Auto Inds.,520051,JAMNAAUTO,Auto Components,0.0352,-0.0013,0.1298,0.0151,-0.0159,0.1136,0.2544,1.0939,0.01,24.44,-15.33,169.2,13.7,-0.0377,0.6058,0.1925,-0.0523,0.2084,897
Jana Small Finan,544118,JSFB,Banks,0.119,-0.2247,0.3938,0.0475,-0.1802,0.594,0.1772,1.4598,8.49,11.71,-0.65,11.8,13.25,-0.1732,0.2566,0.1303,-0.132,0.3105,1304
Jaro Institute,544534,JARO,Other Consumer Services,0.0824,-0.1537,0.3301,0,0,0.2988,0.1623,-0.3113,0.13,30.5,,9,12.98,-0.2485,0.1237,0.3576,-0.063,0.3576,478
Jash Engineering,544402,JASH,Industrial Manufacturing,0.1287,-0.3029,0.1285,0.0422,-0.1182,0.1402,0.2345,0.4551,0.23,37.93,-3.21,42.5,22.97,-0.3335,0.0565,0.2235,-0.0029,0.3417,LOW LIQUIDITY
Jay Bee Laminati,,JAYBEE,Industrial Products,0.428,-0.7439,0.0466,0.1784,-0.4235,0.0621,0.1447,-0.8328,0.29,21.46,-0.51,4.7,11.44,-0.6943,0.0806,0.2415,-0.1225,0.665,
Jay Bharat Maru.,520066,JAYBARMARU,Auto Components,0.049,5.0301,0.1054,0.0221,1.1019,0.0578,0.0746,2.4397,1.03,15.48,0.14,18.1,7.23,-0.1796,0.6683,0.0561,-0.0036,-1.0458,LOW LIQUIDITY
Jay Ushin,513252,,Auto Components,0.1427,0.0295,0.0381,0.0568,0.2298,0.0382,0.1619,0.598,0.86,30.52,1.33,1.3,10.6,-0.2922,1.1389,0.1017,-0.0363,-0.1281,
Jayant Agro Org.,524330,JAYAGROGN,Chemicals & Petrochemicals,-0.1646,-0.2966,0.0451,-0.0564,-0.0634,0.0358,0.1119,1.2888,0.33,12.66,-2,3.3,7.86,-0.3315,0.0783,0.0982,0.0004,0.1616,LOW LIQUIDITY
Jayaswal Neco,522285,JAYNECOIND,Industrial Products,0.4479,4.0731,0.1836,0.1359,2.3433,0.1423,0.1521,2.0826,0.9,19.35,0.08,275.1,7.49,-0.0759,1.8807,0.0486,-0.0523,-2.2947,2157
Jaybharat Text,512233,,Textiles & Apparels,4.4416,-0.5628,-0.3198,0.0032,0.8542,-1.2887,0.2603,0.0027,,,0,-79.9,-73.54,-0.1099,0.0552,0,0,-0.8542,
Jaykay Enter.,500306,,Aerospace & Defense,1.0471,19.2143,0.1749,0.8751,-502.3333,0.2719,0.0959,-0.0944,0.15,93.45,0,76.8,53.3,-0.1158,0.9614,-0.0002,0.0032,502.3331,
JBM Auto,532605,JBMA,Auto Components,0.064,0.0565,0.1098,0.035,0.0285,0.0988,0.153,0.7564,2.24,71.02,24.95,246.6,24.21,-0.3048,0.2772,0.1607,0.0015,0.1322,623
JD Cables,544524,,Industrial Products,0.1282,0.1571,0.1572,0,0,0.1328,0.2339,-0.5472,0.34,16.65,,7.1,10.38,-0.0514,0.35,1.1716,0.155,1.1716,
Jeena Sikho,544476,JSLL,Pharmaceuticals & Biotechnology,0.7005,1.3485,0.4692,0.3198,0.7445,0.3452,0.4964,0.5734,0.3,57.08,0.77,308.9,37.04,-0.1684,1.5246,0.3793,-0.0475,-0.3652,1430
Jenburkt Pharma,524731,,Pharmaceuticals & Biotechnology,0.1053,0.0583,0.2878,0.0484,0.0486,0.2912,0.5044,0.6406,0.01,16.54,3.4,1.3,10.9,-0.1227,0.3206,0.1987,0.0046,0.1501,
Jeyyam Global,,JEYYAM,Food Products,0.014,0.1457,0.0524,0.0069,0.063,0.047,0.1437,0.0236,0.43,13.44,2.13,8.4,9.5,-0.1087,1.1419,0.1784,-0.0292,0.1154,
Jindal Drilling,511034,JINDRILL,Oil,0.3799,2.8445,0.3889,0.1795,0.5811,0.4532,0.2557,3.1035,0.07,5.07,0.09,2.8,3.01,-0.4064,0.1136,0.1441,0.1061,-0.437,LOW LIQUIDITY
Jindal Photo,532624,JINDALPHOT,Finance,12.5062,-0.6195,0.9881,4.0813,-0.32,12.9064,4.4902,0.0003,0.06,9.75,-0.3,1.5,9.67,-0.0871,1.7438,0.1399,0.015,0.4599,LOW LIQUIDITY
Jindal Poly Film,500227,JINDALPOLY,Industrial Products,-0.1214,-0.6231,0.0033,-0.0281,-0.3721,0.0827,0.0261,0.4863,1.07,43.82,-1.18,2.5,10.3,-0.524,0.0827,0.0215,0.0041,0.3936,926
Jindal Poly Inve,536773,JPOLYINVST,Finance,1.419,-0.5884,0.9948,0.3597,-0.2551,4.6312,-123.9056,0.0048,0.01,4.65,-0.18,0.7,5.25,-0.1409,0.8051,0.1417,0.0237,0.3968,LOW LIQUIDITY
Jindal Saw,500378,JINDALSAW,Industrial Products,-0.2402,-0.696,0.1066,-0.1053,-0.2166,0.124,0.1225,0.7793,0.43,7.77,-0.36,56.5,5.36,-0.5132,0.0291,0.1631,-0.0235,0.3797,573
Jindal Stain.,532508,JSL,Ferrous Metals,0.1141,0.2987,0.1261,0.0482,0.1007,0.1032,0.1733,1.1937,0.38,23.05,2.29,290,12.95,-0.0662,0.5532,0.1615,-0.0388,0.0608,1335
Jindal Steel,532286,JINDALSTEL,Ferrous Metals,0.0421,-0.2586,0.1781,-0.0242,0.0235,0.1395,0.0741,1.5965,0.39,30.37,12.93,224.6,12.9,-0.0249,0.4806,0.0768,-0.0644,0.0533,1919
Jindal Worldwide,531543,JINDWORLD,Textiles & Apparels,0.0044,-0.3131,0.0533,0.024,-0.0806,0.0641,0.1133,1.0243,0.71,49.02,-6.08,419,21.26,-0.6377,0.024,0.1006,-0.0099,0.1812,1113
Jinkushal Indus.,544547,JKIPL,"Agricultural, Commercial & Construction Vehicles",0.0419,1.6788,0.0965,0,0,0.0729,0.1142,-0.4053,0.37,22.35,,,14.5,-0.0416,0.1605,0.2831,0.2831,0.2831,83
Jio Financial,543940,JIOFIN,Finance,0.4151,0.0087,0.7015,0.236,-0.0026,0.8667,2.5964,-5.1589,0.08,120.26,-468.43,912,91.74,-0.1235,0.533,0.0123,-0.0004,0.0149,1766
JITF Infra Logis,540311,JITFINFRA,Other Utilities,0.1185,-3.4562,0.2152,0.0627,-2.3968,0.1796,-0.0133,0.4962,,,0,-3.5,8.24,-0.6516,0.1441,0,0,2.3968,LOW LIQUIDITY
JK Lakshmi Cem.,500380,JKLAKSHMI,Cement & Cement Products,0.241,3.6369,0.136,0.0766,0.5628,0.1259,0.0803,1.2951,0.72,21.81,0.39,34,10.73,-0.1981,0.2397,0.0872,-0.0678,-0.4756,2110
JK Paper,532162,JKPAPER,"Paper, Forest & Jute Products",0.039,-0.4183,0.1281,0.0039,-0.1928,0.0886,0.0566,0.9497,0.39,21.08,-1.09,19.4,8.82,-0.245,0.3431,0.0704,-0.1632,0.2632,1726
JK Tyre & Indust,530007,JKTYRE,Auto Components,0.1076,0.5899,0.13,0.0422,0.0558,0.0795,0.0853,0.5864,0.92,22.43,4.02,64,9.86,-0.0618,0.9279,0.1107,-0.0955,0.0549,1866
JM Financial,523405,JMFINANCIL,Finance,-0.1337,0.163,0.5865,-0.0357,0.3917,0.6188,0.1677,2.4201,1.1,12.35,0.32,131,7.43,-0.2617,0.8913,0.0901,0.0367,-0.3016,1393
JNK,544167,JNKINDIA,Industrial Manufacturing,0.7349,0.8228,0.0958,0.1827,0.0259,0.1082,0.1008,-1.1221,0.05,51.06,19.73,17,21.05,-0.6026,0.0655,0.0863,-0.3029,0.0604,LOW LIQUIDITY
John Cockerill,500147,,Industrial Manufacturing,0.2754,2.1893,0.1167,-0.1566,-2.6192,0.0415,0.0486,14.2721,0.02,309.89,-1.18,6.4,125.72,-0.2066,1.2175,-0.0252,-0.1325,2.594,
Johnson Con. Hit,523398,JCHAC,Consumer Durables,0.0224,-0.001,-0.0882,-0.0488,-0.3394,0.0235,0.0951,0.9163,0.38,118.3,-3.49,27.1,38.82,-0.1341,0.0946,0.0996,0.1777,0.439,LOW LIQUIDITY
Josts Engg. Co.,505750,,Industrial Manufacturing,-0.1411,-0.8421,0.0774,-0.0404,-0.4253,0.0851,0.1103,0.1681,0.18,35.19,-0.83,3.3,15.61,-0.5348,0.0274,0.264,0.0582,0.6893,
JP Associates,532532,JPASSOCIAT,Construction,-0.5975,-2.4729,-0.0279,-0.1958,-0.0154,-0.0786,-0.1072,-2.1266,,,0,-34.1,81.73,-0.6086,0.1758,0,0,0.0154,LOW LIQUIDITY
JP Power Ven.,532627,JPPOWER,Power,0.1728,-0.0031,0.3273,0.0074,-0.0872,0.2747,0.0476,1.0519,0.28,18.71,-2.15,747.3,7.7,-0.2682,0.6413,0.0685,-0.0599,0.1557,1730
JSW Cement,544480,JSWCEMENT,Cement & Cement Products,0.1738,2.3423,0.1862,0,0,0.0705,-0.0074,1.8062,0.75,494.98,,391.1,29.11,-0.2148,0.0439,-0.0481,-0.0861,-0.0481,2160
JSW Energy,533148,JSWENERGY,Power,0.5991,-0.1741,0.5788,0.3579,0.1337,0.4041,0.0297,0.8971,2.37,44.36,3.32,538.8,17.33,-0.2781,0.2266,0.0741,-0.0099,-0.0596,1824
JSW Holdings,532642,JSWHL,Finance,-0.4847,-0.496,0.9568,-0.3054,-0.326,0.9161,-57.9853,0.7222,0,162.51,-4.99,0.7,121.21,-0.379,0.2913,0.0064,0.0009,0.3324,LOW LIQUIDITY
JSW Infrast,543994,JSWINFRA,Transport Infrastructure,0.2639,-0.0276,0.4817,0.1069,0.1013,0.4474,0.1288,1.0583,0.52,36.74,3.63,1198.5,22.05,-0.2054,0.2714,0.1624,-0.0272,0.0611,1221
JSW Steel,500228,JSWSTEEL,Ferrous Metals,0.1378,1.6616,0.1556,0.0336,0.5749,0.0992,0.055,1.4811,1.22,46.59,0.81,840,13.7,-0.0482,0.3244,0.0494,-0.0685,-0.5255,2144
JTEKT India,520057,JTEKTINDIA,Auto Components,0.0558,-0.037,0.0724,0.0196,-0.0523,0.044,0.0766,1.7571,0.23,62.34,-11.92,106.4,22.85,-0.1681,0.5153,0.0868,-0.0476,0.1391,LOW LIQUIDITY
JTL Industries,534600,JTLIND,Industrial Products,-0.2265,-0.2447,0.0794,-0.062,-0.2059,0.0615,0.091,-1.5979,0.12,33.77,-1.64,80,22.51,-0.3888,0.1992,0.098,-0.0902,0.3039,1450
Jubilant Agri,544355,JUBLCPL,Chemicals & Petrochemicals,0.2601,0.6926,0.1246,0.1359,0.4014,0.0993,0.367,0.9714,0.1,29.88,0.74,13.4,19.59,-0.195,1.393,0.3149,0.3149,-0.0865,LOW LIQUIDITY
Jubilant Food.,533155,JUBLFOOD,Leisure Services,0.1972,0.5258,0.2035,0.0876,0.3537,0.1017,0.0754,1.9605,2.11,131.05,3.71,1195.5,24.63,-0.253,0.0535,0.1036,-0.0262,-0.2501,1919
Jubilant Ingrev.,543271,JUBLINGREA,Chemicals & Petrochemicals,0.0722,0.1775,0.1208,0.0213,0.1457,0.1034,0.0999,1.2718,0.27,39.47,2.71,59.5,20.13,-0.1936,0.3335,0.0888,0.0195,-0.0569,1310
Jubilant Pharmo,530019,JUBLPHARMA,Pharmaceuticals & Biotechnology,0.1222,0.0981,0.1736,0.053,-0.1094,0.1203,0.0652,1.2446,0.44,35.51,-3.25,42.7,15.24,-0.1241,0.3815,0.0955,0.0871,0.2049,428
Juniper Hotels,544129,JUNIPER,Leisure Services,0.0737,1.7006,0.3588,0.039,0.755,0.2923,0.0316,1.1989,0.5,43.53,0.58,43.9,16.95,-0.3879,0.0865,0.0264,0.0108,-0.7286,LOW LIQUIDITY
Jupiter Life Lin,543980,JLHL,Healthcare Services,0.1748,0.1104,0.2344,0.1061,0.0518,0.2072,0.1463,0.9672,0.28,48.07,9.28,43.1,27.29,-0.1777,0.1643,0.1495,-0.0807,0.0977,1519
Jupiter Wagons,533272,JWL,Industrial Manufacturing,-0.2736,-0.4053,0.1245,-0.1939,-0.2432,0.1385,0.2045,0.365,0.21,45.79,-1.88,195.3,28.05,-0.4849,0.1215,0.1696,-0.104,0.4128,897
Just Dial,535648,JUSTDIAL,Retailing,0.064,-0.2248,0.2873,0.0311,1.1289,0.5827,0.1254,0.9936,0.02,11.49,0.1,11.4,8.82,-0.3376,0.0959,0.0618,0.0255,-1.0671,1732
Jyothy Labs,532926,JYOTHYLAB,Household Products,0.0041,-0.1636,0.1607,0.0046,-0.0399,0.167,0.2951,0.6369,0.04,32.19,-8.06,289,21.19,-0.289,0.1504,0.2902,-0.0625,0.3301,542
Jyoti CNC Auto.,544081,JYOTICNC,Industrial Manufacturing,0.1793,0.1268,0.2453,0.0691,0.0722,0.2586,0.2238,-0.2249,0.4,64.19,8.89,276,41.8,-0.3506,0.3024,0.2116,0.0031,0.1394,413
Jyoti Resins,514448,,Chemicals & Petrochemicals,0.1399,0.0534,0.2753,0.053,-0.0064,0.3291,0.3864,0.1492,0,19.54,-30.7,6.8,12.61,-0.2389,0.1824,0.3735,-0.1195,0.3799,
Jyoti Structures,513250,JYOTISTRUC,Electrical Equipment,0.4011,0.3768,0.0584,0.2229,0.2438,0.0724,0.0176,-4.9384,3.85,32.3,1.33,335,56.17,-0.6252,0.1298,0.1327,0.1327,-0.1111,769
K C P,590066,KCP,Cement & Cement Products,-0.0015,-0.5217,0.1366,-0.0061,-0.0287,0.1269,0.0701,0.5184,0.5,14.84,-5.16,18.3,5.05,-0.3233,0.0826,0.1097,-0.0335,0.1384,1423
K P R Mill Ltd,532889,KPRMILL,Textiles & Apparels,0.1027,0.0636,0.1925,0.0483,0.0503,0.1694,0.2016,1.2861,0.06,45.29,9.01,242.5,27.53,-0.2047,0.4688,0.1704,-0.0245,0.1201,988
K.P. Energy,539686,KPEL,Power,0.5139,0.4411,0.2184,0.21,0.1784,0.1949,0.2597,0.8972,0.79,20.46,1.15,48.4,12.41,-0.395,0.2133,0.4544,0.0837,0.276,81
Kabra Extrusion,524109,KABRAEXTRU,Industrial Manufacturing,0.0516,-0.9732,0.0666,0.0093,-0.8449,0.0323,0.0202,1.0672,0.32,216.74,-2.57,6.4,23.8,-0.604,0.0861,0.0532,-0.0267,0.8981,LOW LIQUIDITY
Kajaria Ceramics,500233,KAJARIACER,Consumer Durables,0.0057,0.5845,0.18,0.0067,0.3341,0.1248,0.1883,0.9754,0.1,43.16,1.29,94.1,22.71,-0.1778,0.4589,0.1122,-0.0563,-0.2219,1987
Kaka Industries,543939,,Industrial Products,0.3084,0.3574,0.1342,0.1489,0.1801,0.1152,0.2038,0.1689,0.95,20.13,1.12,5.7,12.24,-0.341,0.1918,0.2224,-0.1428,0.0423,
Kalpat.,544423,KALPATARU,Realty,0.5679,-0.8194,0.0075,0.0901,-3.4077,0.0387,-0.0031,3.7937,2.24,,0,38.8,116.89,-0.205,0.0532,0.0123,0.1217,3.42,LOW LIQUIDITY
Kalpataru Proj.,522287,KPIL,Construction,0.3243,0.9127,0.086,0.1426,0.4152,0.0647,0.1566,0.5757,0.69,25.66,0.62,51.7,11.53,-0.0882,0.6018,0.0996,-0.0041,-0.3156,1778
Kalyan Jewellers,543278,KALYANKJIL,Consumer Durables,0.2952,0.9946,0.0633,0.1413,0.2981,0.057,0.2147,0.8729,1,55.41,1.86,997.2,27.88,-0.3719,0.2515,0.1595,0.0071,-0.1386,1104
Kalyani Cast-Tec,544023,,Industrial Manufacturing,0.3162,0.1898,0.1228,0.1596,0.1306,0.1303,0.2984,0.4339,0,24.51,1.88,3.7,17.42,-0.1391,0.5325,0.2425,-0.053,0.1119,
Kalyani Invest.,533302,KICL,Finance,-0.0522,-0.5079,0.616,-0.0185,-0.3757,0.8291,0.2127,-0.1656,0,50.37,-1.34,0.1,30.74,-0.2799,0.4939,0.0084,-0.0015,0.3841,LOW LIQUIDITY
Kalyani Steels,500235,KSL,Industrial Products,-0.0732,-0.0744,0.1873,-0.0276,0.0196,0.1873,0.2247,1.0611,0.22,13.35,6.81,7.6,8,-0.3845,0.1809,0.1404,-0.0147,0.1208,1074
Kama Holdings,532468,,Finance,0.0638,0.901,0.2157,0.0389,0.3,0.1636,0.0703,1.2117,0.6,11.04,0.37,3.8,4.04,-0.1356,0.2016,0.0911,-0.0504,-0.2089,
Kamat Hotels,526668,KAMATHOTEL,Leisure Services,-0.1201,-1.4024,0.1044,0.0114,-0.1674,0.22,0.0991,0.7113,0.92,18.83,-1.12,7.4,8.99,-0.3507,0.2665,0.1861,0.0797,0.3535,LOW LIQUIDITY
Kamdhenu,532741,KAMDHENU,Industrial Products,0.005,0.1768,0.1235,0.0163,0.1444,0.1239,0.2963,0.8543,0,10.83,0.75,58.4,7.39,-0.494,0.0665,0.2199,-0.0292,0.0755,LOW LIQUIDITY
Kanoria Chem.,506525,KANORICHEM,Industrial Manufacturing,0.1884,0.9328,0.0297,-0.2255,-0.5698,0.0061,-0.0322,-0.564,0.62,,0,2.7,10.77,-0.3995,0.0733,-0.1182,-0.0519,0.4516,LOW LIQUIDITY
Kanpur Plastipa.,507779,KANPRPLA,Industrial Products,0.0898,4.25,0.0937,0.1005,0.6607,0.0861,0.1552,0.8135,0.58,13.53,0.2,4.8,8.2,-0.1991,0.9581,0.1072,0.1054,-0.5535,LOW LIQUIDITY
Kansai Nerolac,500165,KANSAINER,Consumer Durables,0.0014,0.0989,0.1102,0.0041,0.0416,0.1103,0.1505,0.8208,0.04,30.41,7.3,247.3,18.36,-0.1453,0.1222,0.1041,-0.0256,0.0625,1578
Kapston Services,,KAPSTON,Commercial Services & Supplies,0.2485,0.7817,0.0472,0.1139,0.3309,0.044,0.184,-0.288,1.72,29.54,0.89,14,22.7,-0.0331,0.8155,0.2219,0.0289,-0.109,LOW LIQUIDITY
Karnataka Bank,532652,KTKBANK,Banks,-0.0246,-0.0504,0.701,-0.008,-0.0982,0.8225,0.0818,0.0285,8.27,5.81,-0.59,20,14.38,-0.2379,0.0863,0.111,-0.026,0.2092,1155
Karnika Industri,,KARNIKA,Textiles & Apparels,0.0604,0.2039,0.1886,0.0446,0.2038,0.1812,0.4012,0.1535,0.78,35.46,1.74,41.8,23.03,-0.3599,1.6461,0.2696,-0.0147,0.0658,
Karur Vysya Bank,590003,KARURVYSYA,Banks,0.1766,0.2119,0.633,0.0726,0.0853,0.8324,0.4782,0.5605,8.83,11.65,1.37,185.1,15.23,-0.0186,0.6509,0.1765,0.0048,0.0912,603
Kaveri Seed Co.,532899,KSCL,Agricultural Food & other Products,0.5927,-22.0299,-0.0289,0.1158,0.1656,0.236,0.181,0.716,0,17.02,1.03,14.8,13.94,-0.3737,0.2351,0.1904,-0.0125,0.0248,1012
Kavveri Defence,590041,KAVDEFENCE,Telecom - Equipment & Accessories,0.6154,-0.0208,-0.0238,0.2395,0.1622,0.3539,-0.5306,0.1009,0.07,46.97,2.89,13.6,44.25,-0.375,2.0343,0.0958,0.1176,-0.0664,LOW LIQUIDITY
Kaya Ltd,539276,KAYA,Leisure Services,0.0253,-0.7322,-0.0624,0.0105,-1.6736,-0.1019,-0.3706,-0.5042,,,0,-10,49.92,-0.1809,0.9549,0,0,1.6736,LOW LIQUIDITY
Kaycee Inds.,504084,,Electrical Equipment,0.1177,-0.026,0.1489,0.0583,-0.0238,0.1443,0.3002,0.7112,0.11,54.13,-22.73,3.2,33.67,-0.6192,0.2239,0.2225,0.017,0.2463,
Kaynes Tech,543664,KAYNES,Industrial Manufacturing,0.584,1.0164,0.1633,0.185,0.3231,0.1793,0.122,-0.1758,0.19,105.75,3.27,57.4,62.48,-0.2365,0.5618,0.1074,0.0021,-0.2157,1578
KCP Sugar &Inds.,533192,KCPSUGIND,Agricultural Food & other Products,-0.0887,-0.9751,0.0433,-0.1154,-5.5776,-0.0957,-0.1107,1.8171,0.13,,0,7.7,-16.68,-0.4794,0.0332,0.0199,-0.1203,5.5975,LOW LIQUIDITY
KDDL Ltd,532054,KDDL,Consumer Durables,0.3037,-0.2109,0.1393,0.1368,-0.024,0.1218,0.0665,-0.0185,0.45,34.23,-14.24,3.8,8.3,-0.2457,0.2339,0.1151,-0.0569,0.1391,LOW LIQUIDITY
KEC International,532714,KEC,Construction,0.1913,0.8821,0.0707,0.0682,0.2039,0.0658,0.1745,0.2684,0.94,27.68,1.36,89.2,13.8,-0.4591,0.174,0.1202,0.0322,-0.0837,1058
KEI Industries,517569,KEI,Industrial Products,0.1938,0.3146,0.0988,0.0994,0.1361,0.105,0.1704,-0.0325,0.04,49.81,3.66,60.8,31.66,-0.1247,0.6993,0.1558,-0.0467,0.0197,1527
Kellton Tech,519602,KELLTONTEC,IT - Services,0.1071,0.2233,0.122,0.057,0.0891,0.105,0.1362,0.0521,0.18,12.51,1.4,79.9,8.32,-0.4203,0.0832,0.1629,0.0061,0.0738,693
Keltech Energies,506528,,Chemicals & Petrochemicals,0.1415,0.1151,0.0703,0.0615,0.0851,0.0777,0.2771,-0.4716,0.32,15.89,1.87,0.3,9.53,-0.1737,0.7277,0.2223,0.0093,0.1372,
Kennametal India,505890,KENNAMET,Industrial Manufacturing,0.0947,0.256,0.178,0.022,0.1439,0.1256,0.2097,1.1104,0,47.07,3.27,15.1,25.37,-0.2995,0.2023,0.1291,-0.0078,-0.0148,
Kerala Ayurveda,530163,,Pharmaceuticals & Biotechnology,0.1457,-2.8538,-0.1421,0.0024,0.6318,-0.1081,-7.4945,-0.5926,15.49,,0,103.9,-66.04,-0.3758,0.3128,-0.9922,-0.946,-1.624,
Kernex Microsys.,532686,KERNEX,Transport Services,0.1431,-0.0409,0.3028,0.1747,0.0709,0.2287,0.3271,0.3691,0.51,41.99,5.93,21.8,42.61,-0.149,1.1688,0.3799,0.6599,0.309,56
Kesar India,543542,,Realty,-0.4096,-0.9157,0.1372,-0.2564,-0.7831,0.121,0.0443,-0.4012,0.24,546.11,-6.97,43.6,239.86,-0.2326,0.7857,0.4619,0.0459,1.245,
Kewal Kir.Cloth.,532732,KKCL,Textiles & Apparels,0.1369,-0.34,0.2002,0.077,0.1179,0.1962,0.2583,0.1826,0.18,26.27,2.23,22.9,16.84,-0.1845,0.289,0.1487,-0.1027,0.0308,LOW LIQUIDITY
Keystone Realtor,543669,RUSTOMJEE,Realty,-0.0634,-0.871,0.03,-0.0912,-0.4014,0.1162,0.0482,-0.0369,0.44,65.76,-1.64,30.6,30.29,-0.2821,0.1171,0.0753,0.0106,0.4767,542
KFin Technolog.,543720,KFINTECH,Capital Markets,0.1025,0.0447,0.4387,0.0598,0.0868,0.409,0.2918,0.9214,0.03,53.94,6.21,219.6,34.21,-0.3408,0.3802,0.2497,0.005,0.1629,298
Khadim India,540775,KHADIM,Consumer Durables,-0.3673,-0.2881,0.1357,-0.0399,1.6593,0.1054,0.0713,1.2992,1.54,27.94,0.17,4.4,9.23,-0.3736,0.0406,0.022,-0.0064,-1.6373,LOW LIQUIDITY
Khaitan Chemical,507794,KHAICHEM,Fertilizers & Agrochemicals,0.338,7.9967,0.1008,0.253,44.7643,0.0839,0.2291,3.3056,1.07,13.99,0,32.7,13.64,-0.3204,1.1411,0.0063,0.2804,-44.758,1742
Khazanchi Jewell,543953,,Consumer Durables,0.4623,1.1846,0.0589,0.1107,0.4163,0.0455,0.3132,0.0017,0.22,28.46,0.68,16.7,20.71,-0.0046,0.3926,0.2143,-0.0296,-0.202,
Kilburn Engg.,522101,,Industrial Manufacturing,0.4802,0.7661,0.259,0.2205,0.3429,0.2517,0.1877,-0.1007,0.19,35,1.02,26.9,21.21,-0.0782,0.7454,0.1716,0.1716,-0.1713,
Kilitch Drugs,524500,KILITCH,Pharmaceuticals & Biotechnology,0.0305,-0.0499,0.103,0.0562,0.1554,0.1953,0.1288,0.4895,0.31,22.52,1.45,4.1,15.17,-0.2893,0.3385,0.1261,0.0427,-0.0293,LOW LIQUIDITY
Kinetic Engg.,500240,,Auto Components,0.108,-1.0326,0.0425,0.0025,-2.0512,0.0707,0.0259,-35.9333,0.66,152.09,-0.74,14.3,42.57,-0.2849,0.9252,-0.0576,0.0214,1.9936,
Kingfa Science,524019,KINGFA,Industrial Products,0.1132,0.1041,0.1301,0.0532,0.0301,0.1191,0.1838,0.2817,0.01,36.12,12,6,21.84,-0.1584,0.7124,0.2321,-0.0002,0.202,LOW LIQUIDITY
Kings Infra,530215,,Food Products,0.4155,0.2622,0.1771,0.151,0.1233,0.1873,0.2993,-0.1768,0.88,26.43,2.14,12.1,16.25,-0.1056,0.5019,0.2037,0.0382,0.0804,
KIOCL,540680,KIOCL,Ferrous Metals,7.8315,0.7521,-0.1515,0.1185,-0.3178,-0.1933,-0.0771,-1.8091,0.11,,0,826.2,-256.09,-0.4153,0.9718,-0.1127,-0.0695,0.2051,1974
Kiran Vyapar,537750,,Finance,-0.1972,-0.9978,0.3895,-0.082,-0.8041,0.4618,0.8102,-0.7296,0.16,48.22,-0.6,0.7,18.91,-0.2865,0.2861,0.0295,-0.0893,0.8336,
Kiri Industries,532967,KIRIINDUS,Chemicals & Petrochemicals,0.2338,-0.7553,-0.0641,0.08,-0.527,0.0105,0.1071,-0.8931,0.37,26.9,-0.51,6,79.93,-0.2733,0.1302,0.0856,0.0247,0.6126,363
Kirl. Brothers,500241,KIRLOSBROS,Industrial Products,-0.0078,-0.2777,0.1055,-0.0134,-0.0387,0.1254,0.2907,0.6654,0.1,35.13,-9.08,50,21.26,-0.2923,0.2318,0.2162,-0.0006,0.2549,314
Kirl. Electric,533193,KECL,Electrical Equipment,-0.1199,3.0535,0.0451,-0.0379,-2.1808,0.0612,0.0393,1.9488,0.83,105.26,-0.48,39.8,22.76,-0.4403,0.0736,-0.0612,-0.2225,2.1196,LOW LIQUIDITY
Kirl. Ferrous,500245,KIRLFER,Ferrous Metals,0.0365,0.0875,0.1236,0.0293,0.0734,0.0902,0.112,1.1344,0.36,22.57,3.08,35.4,10.46,-0.3245,0.1174,0.0958,-0.0192,0.0224,
Kirl.Pneumatic,505283,KIRLPNU,Industrial Products,-0.1221,-0.3609,0.1537,-0.0343,-0.1063,0.1594,0.2588,0.7518,0,38.51,-3.62,41.8,26.13,-0.3774,0.1877,0.2112,0.0502,0.3175,132
Kirloskar Indus.,500243,KIRLOSIND,Industrial Products,0.0558,0.0124,0.131,0.0332,0.0892,0.0908,0.0526,1.0223,0.19,24.56,2.75,0.6,5.7,-0.3333,0.3869,0.026,-0.028,-0.0632,LOW LIQUIDITY
Kirloskar Oil,533293,KIRLOSENG,Industrial Products,0.295,0.336,0.1959,0.0892,0.097,0.1722,0.294,-0.6891,1.64,35.15,3.62,73.7,16.04,-0.0159,1.1634,0.154,-0.0238,0.057,1249
Kisan Mouldings,530145,,Industrial Products,-0.0781,-0.1915,-0.0278,-0.0395,-0.8728,0.0117,0.0026,-8.0643,0.16,736.79,-8.44,18.9,39.6,-0.6143,0.0474,0.0166,0.4283,0.8894,
Kitex Garments,521248,KITEX,Textiles & Apparels,-0.4344,-1.1321,-0.1307,-0.0891,-0.3516,0.147,0.0625,0.2668,1.14,47.52,-1.35,81.8,35.58,-0.3398,0.4649,0.1431,0.0793,0.4947,153
KMC Speciality,524520,,Healthcare Services,0.332,1.7938,0.2784,0.1388,0.4197,0.1989,0.1597,1.3835,0.47,43.22,1.03,117.7,18.84,-0.0349,0.4137,0.1391,-0.0974,-0.2806,
KN Agri Resource,,KNAGRI,Agricultural Food & other Products,0.088,-0.023,0.0289,0.047,-0.0078,0.034,0.1476,-0.0435,0.13,14.17,-18.09,3.6,8.75,-0.3285,0.206,0.1113,0.0071,0.1191,
Knowledge Marine,543273,KMEW,Engineering Services,-0.044,-0.109,0.3982,0.015,-0.006,0.3603,0.2069,0.8033,0.61,69.73,-115.31,15.5,40.77,-0.0428,1.2255,0.2577,0.0549,0.2637,122
Knowledge Realty,544481,KRT,Realty,0,0,,0,0,0.739,2.4853,0.9376,0.07,165.82,,516,16.92,-0.0483,0.1545,0.1398,-0.0433,0.1398,LOW LIQUIDITY
KNR Construct.,532942,KNRCON,Construction,-0.6676,-0.7681,0.2978,-0.3515,-0.3745,0.3102,0.2819,-0.3556,0.49,6.86,-0.18,27.9,6.63,-0.5313,0.005,0.2724,0.0279,0.6469,91
Kody Technolab,,KODYTECH,IT - Software,0,0,0.2554,0,0,0.3482,0.7548,-0.3021,0.17,53.8,,15.3,36.25,-0.6407,0.3375,0,0,0,
Kokuyo Camlin,523207,KOKUYOCMLN,Household Products,0.0108,1.7394,0.0925,-0.0002,2.1026,0.0375,0.083,4.0732,0.04,53.7,0.26,30.4,19.34,-0.3561,0.0678,0.0195,-0.1255,-2.0831,LOW LIQUIDITY
Kolte Patil Dev.,532924,KOLTEPATIL,Realty,-0.5502,-2.0708,-0.2685,-0.2492,-0.3929,0.0957,0.1598,1.3481,0.86,56.37,-1.43,25.8,30.04,-0.1934,0.708,0.1315,0.219,0.5244,LOW LIQUIDITY
Kopran,524280,KOPRAN,Pharmaceuticals & Biotechnology,-0.222,-2.3442,-0.0448,-0.0601,-0.5432,0.0598,0.0452,0.6843,0.31,36.43,-0.67,6.2,14.69,-0.4373,0.0141,0.0764,-0.0331,0.6196,LOW LIQUIDITY
Kotak Mah. Bank,500247,KOTAKBANK,Banks,0.047,-0.1142,0.3252,0.0332,-0.1592,0.792,0.4859,0.2956,3.62,22.55,-1.42,495.9,18.41,-0.0851,0.236,0.1537,0.0031,0.3129,371
Kothari Indl,509732,,Fertilizers & Agrochemicals,1.2801,-73.8889,-0.1008,0,0,-0.1647,-0.0984,2.4576,0.04,,,187.9,-361.36,-0.2854,7.4487,-0.1717,-0.1717,-0.1717,
Kothari Petroche,,KOTHARIPET,Chemicals & Petrochemicals,-0.0441,0.1396,0.1749,0.0183,0.0074,0.151,0.3163,0.7053,0.01,12.57,16.89,14.6,8.45,-0.3557,0.0706,0.2382,-0.0533,0.2308,LOW LIQUIDITY
Kothari Products,530299,KOTHARIPRO,Commercial Services & Supplies,0.0638,1.0332,-0.0668,0.0185,-1.6099,0.0662,0.0631,-1.606,0.23,10.86,-0.07,2.7,10.89,-0.2474,0.3765,-0.066,-0.0913,1.5439,LOW LIQUIDITY
Kovai Medical,523323,KOVAI,Healthcare Services,0.1396,0.1612,0.273,0.0779,0.0906,0.2297,0.1908,1.1211,0.34,28.58,3.15,6,15.01,-0.1122,0.2413,0.2123,-0.0116,0.1217,
KP Green Engg.,544150,,Electrical Equipment,1.028,1.1255,0.1845,0.3884,0.4174,0.1683,0.3904,0.1727,0.53,24.31,0.58,33.4,15.82,-0.1857,0.5007,0.2508,0.015,-0.1666,
KPI Green Energy,542323,KPIGREEN,Power,0.7635,0.545,0.3556,0.3051,0.235,0.2963,0.0882,0.3972,0.96,22.98,0.98,67.9,14.18,-0.215,0.4774,0.1973,-0.0985,-0.0377,1623
KPIT Technologi.,542651,KPITTECH,IT - Software,0.079,-0.1701,0.1877,0.0497,-0.0797,0.1772,0.3145,1.1826,0.16,42.68,-5.36,277.1,24.29,-0.2304,0.1788,0.332,0.0201,0.4117,108
KRBL,530813,KRBL,Agricultural Food & other Products,0.1894,0.6763,0.1499,0.1119,0.2813,0.1341,0.146,1.4689,0.01,16.09,0.57,40.9,10.17,-0.1346,0.8979,0.0942,-0.0306,-0.1871,1950
Krishana Phosch.,,KRISHANA,Fertilizers & Agrochemicals,1.0224,0.9815,0.1204,0.3137,0.3536,0.1243,0.2469,0.9483,0.93,27.04,0.76,43.2,14.03,-0.1549,1.9866,0.2529,0.1091,-0.1007,360
Krishival Foods,544416,KRISHIVAL,Food Products,0.5746,0.1942,0.1104,0.2097,0.1189,0.0971,0.1647,2.2128,0.19,67.1,5.64,15.7,35.49,-0.1025,1.1609,0.1053,0.0051,-0.0136,LOW LIQUIDITY
Krishna Defence,,KRISHNADEF,Aerospace & Defense,0.2811,0.4736,0.1795,0.1388,0.2296,0.1663,0.2814,-0.3647,0,44.51,1.94,10.7,29.4,-0.2177,0.598,0.1844,0.052,-0.0452,
Krishna Institu.,543308,KIMS,Healthcare Services,0.2359,-0.3745,0.2123,0.1208,-0.1032,0.176,0.096,0.9206,1.4,80.81,-7.83,468.1,36.36,-0.1686,0.4002,0.1848,0.0085,0.288,254
Kriti Industries,526423,KRITI,Industrial Products,-0.2695,-1.7191,-0.0475,-0.0897,2.9742,-0.0038,-0.075,1.9286,0.46,,0,12.4,44.5,-0.4853,0.0777,-0.0242,-0.1798,-2.9984,LOW LIQUIDITY
Kriti Nutrients,533210,KRITINUT,Agricultural Food & other Products,0.2269,-0.0345,0.0528,0.1098,-0.1281,0.0528,0.2902,0.6474,0.03,13.51,-1.05,9.4,7.84,-0.4504,0.068,0.1869,-0.1062,0.315,LOW LIQUIDITY
KRN Heat Exchan,544263,KRN,Industrial Products,0.6693,0.4639,0.199,0.1878,0.1165,0.1731,0.1599,0.2758,0.06,91.21,7.83,63.3,54.66,-0.1439,0.2829,0.1682,0.1682,0.0517,LOW LIQUIDITY
Kronox Lab,544187,KRONOX,Chemicals & Petrochemicals,0.027,0.0325,0.3388,-0.0023,0.0133,0.348,0.344,0.8958,0.03,20.86,15.63,19.7,14.53,-0.3659,0.116,0.3257,-0.0588,0.3124,LOW LIQUIDITY
Kross Ltd,544253,KROSS,Auto Components,-0.0581,-0.1601,0.1127,-0.0244,0.0319,0.1267,0.1533,-0.4026,0.13,21.42,6.72,15.1,12.62,-0.333,0.2541,0.1651,-0.1955,0.1332,LOW LIQUIDITY
Krsnaa Diagnost.,543328,KRSNAA,Healthcare Services,0.0233,0.0578,0.3172,0.0244,0.0774,0.2031,0.1237,0.6899,0.3,31.18,4.03,9.3,12.19,-0.2132,0.3127,0.0929,0.0177,0.0155,1149
Krystal Integrat,544149,KRYSTAL,Commercial Services & Supplies,-0.0084,-0.1478,0.065,0.0414,-0.0395,0.0724,0.1852,-0.4057,0.22,12.81,-3.24,2.3,8.58,-0.3594,0.3069,0.1498,-0.0308,0.1893,LOW LIQUIDITY
KSB,500249,KSB,Industrial Products,0.0537,0.094,0.1305,0.0415,0.0631,0.1338,0.2412,0.5625,0,48,7.61,143,29.98,-0.2109,0.244,0.1772,0.0066,0.1141,LOW LIQUIDITY
KSE,519421,,Food Products,0.0315,1.1484,0.1004,-0.0014,0.4355,0.1051,0.4625,1.1736,0.07,6.3,0.14,7.3,4.51,-0.1209,0.419,0.3398,0.2474,-0.0957,
Ksolves India,543599,KSOLVES,IT - Software,0.1393,-0.0849,0.3043,0.0797,-0.0962,0.285,1.0297,0.7375,0.08,23.7,-2.46,52.5,15.96,-0.4226,0.0332,1.539,0.0616,1.6352,LOW LIQUIDITY
Kuantum Papers,532937,KUANTUM,"Paper, Forest & Jute Products",0.003,-0.807,0.1228,-0.0515,-0.4483,0.1259,0.0418,0.8896,0.56,13.73,-0.31,6.5,8.1,-0.3097,0.0729,0.1007,-0.0874,0.549,LOW LIQUIDITY
Kwality Pharma,539997,,Pharmaceuticals & Biotechnology,0.2335,0.6671,0.2283,0.1416,0.232,0.1804,0.2273,0.8239,0.38,20.17,0.87,3.5,11.15,-0.2278,0.5999,0.1631,0.0261,-0.0689,
L G Balakrishnan,500250,LGBBROSLTD,Auto Components,0.1908,0.24,0.1735,0.0822,0.0659,0.1446,0.2876,0.7594,0.09,18.91,2.87,9.2,11.24,-0.0565,0.6662,0.1606,-0.0165,0.0947,1038
L T Foods,532783,LTFOODS,Agricultural Food & other Products,0.3122,0.1042,0.1119,0.1211,0.0544,0.1003,0.1994,0.51,0.43,22.63,4.16,119.4,13.12,-0.2005,0.4383,0.167,-0.0263,0.1126,1057
L. T. Elevator,544518,,Industrial Manufacturing,1.3972,4.9722,0.2113,0.4837,0.6007,0.2559,0.2109,-0.1928,0.07,24.04,0.4,7.1,14.76,-0.0344,0.4326,0.3183,-0.0422,-0.2824,
L&T Finance Ltd,533519,LTF,Finance,0.0787,0.0564,0.6167,0.0497,0.0206,0.5983,0.4767,-1.7462,3.72,27.6,13.39,706.2,16.16,-0.0344,1.3047,0.1079,0.0047,0.0873,1047
L&T Technology,540115,LTTS,IT - Services,0.158,0.0285,0.1647,0.076,0.0109,0.1578,0.2877,0.8258,0.1,36.82,33.7,80.6,21.59,-0.2138,0.1518,0.2216,-0.0425,0.2107,722
La Opala RG,526947,LAOPALA,Consumer Durables,0.0032,0.1131,0.3871,-0.022,0.1023,0.4132,0.1696,0.8574,0.01,24.27,2.37,33.9,16.01,-0.4029,0.1785,0.1093,-0.0436,0.007,LOW LIQUIDITY
Lakshmi Mills,502958,,Textiles & Apparels,-0.1919,1.5714,0.1194,-0.0892,3.5878,0.035,-0.1306,3.1728,0.15,,0,0,29.82,-0.1584,0.7277,-0.006,0.0157,-3.5938,
Lancer Containe.,539841,LANCER,Transport Services,-0.5365,-0.5419,0.0588,-0.2527,6.7544,-0.0437,-0.0553,112.9854,0.1,,0,17.9,33.83,-0.6613,0.3084,-0.0076,-0.207,-6.762,
Landmark Cars,543714,LANDMARK,Automobiles,0.3347,2,0.0448,0.1325,0.2315,0.0245,0.0477,1.4643,1.48,108.92,4.71,16.7,11.91,-0.2221,0.7868,0.0309,-0.086,-0.2006,2140
Larsen & Toubro,500510,LT,Construction,0.1044,0.1563,0.1252,0.0586,0.0558,0.129,0.2271,0.271,1.32,34.4,6.16,750.2,17.07,-0.0106,0.3555,0.1655,0.0266,0.1097,428
Last Mile Enter.,526961,,Finance,23.7836,-0.7403,0.0042,5.1581,0.468,0.014,0.0906,-8.7202,0.11,23.44,0.5,42.5,14.41,-0.7262,0.2948,0.0565,0.0158,-0.4115,
Latent View,543398,LATENTVIEW,IT - Software,0.2325,0.1128,0.218,0.1247,0.1456,0.2644,0.2195,0.5785,0.02,53.57,3.68,129.7,34.69,-0.05,0.452,0.1158,-0.0064,-0.0298,1490
Laurus Labs,540222,LAURUSLABS,Pharmaceuticals & Biotechnology,0.3512,8.8271,0.2439,0.1448,1.139,0.1797,0.1633,0.9353,0.46,77.94,0.68,598.8,34.74,-0.0446,1.0468,0.0745,0.0348,-1.0645,1645
Laxmi Dental,544339,LAXMIDENTL,Healthcare Equipment & Supplies,0.2652,0.4482,0.1525,0.0882,-0.0164,0.1262,0.2174,1.4152,0.04,62.52,-38.08,38.6,32.94,-0.4983,0.0034,0.2188,-1.1203,0.2352,LOW LIQUIDITY
Laxmi Goldorna,,LGHL,Consumer Durables,0.8088,1.1538,0.1817,0,0,0.2563,0.1214,-1.9809,1.57,113.6,,102.9,63.28,-0.3326,1.2271,0.1912,0.1912,0.1912,LOW LIQUIDITY
Laxmi India Fin.,544465,LAXMIINDIA,Finance,0.2735,0.0855,0.6152,0.1428,0.1086,0.6468,0.2153,-1.9216,2.57,18.83,1.73,9,8.83,-0.2052,0.2389,0.1566,0.0305,0.048,565
Laxmi Organic,543277,LXCHEM,Chemicals & Petrochemicals,-0.0927,-0.6077,0.053,-0.0324,-0.2398,0.0381,0.0407,0.6142,0.17,60.67,-2.53,72.8,24.41,-0.3472,0.1406,0.0593,-0.0138,0.2991,1175
Le Merite Export,,LEMERITE,Textiles & Apparels,-0.1899,2.0978,0.0627,-0.0959,1.218,0.0527,0.1221,-0.9567,0.64,108.91,0.89,22.7,51.22,-0.0465,1.2036,0.0474,0.0313,-1.1706,
Le Travenues,544192,IXIGO,Leisure Services,0.3694,-1.2544,-0.0184,0.2284,-0.0844,0.0625,0.1115,1.6573,0.04,244.09,-28.91,669.7,140.05,-0.2064,1.3004,0.0974,-0.0025,0.1818,1033
Leela Palaces Hotels,544408,THELEELA,Leisure Services,0.1209,2.4602,0.4362,0,0,0.4317,0.0075,0.9847,0.28,81.95,,77.5,21.24,-0.1015,0.1158,0.1314,0.1314,0.1314,352
Lehar Footwears,532829,,Consumer Durables,2.7323,4.7402,0.0897,0.656,1.0037,0.0786,0.215,0.9438,0.46,20.35,0.2,6.2,11.99,-0.2219,0.299,0.1021,0.0326,-0.9016,
Lemon Tree Hotel,541233,LEMONTREE,Leisure Services,0.077,0.1673,0.4268,0.0542,0.1198,0.3872,0.0728,1.0675,1.67,54.35,4.54,766.3,21.04,-0.1644,0.3657,0.1845,0.0214,0.0647,474
Lenskart Solut.,544600,LENSKART,Retailing,0,0,,0,0,0.0699,0.0491,2.6466,0.46,301.45,,,60.45,-0.023,0.2054,0.0432,0.0441,0.0432,1166
LG Electronics,544576,LGEINDIA,Consumer Durables,0.0098,-0.273,0.0887,0,0,0.1229,0.44,0.5522,0.07,55.11,,,32.42,-0.0463,0.0557,0.4518,0.0802,0.4518,53
Liberty Shoes,526596,LIBERTSHOE,Consumer Durables,0.0141,-0.2344,0.087,0.0286,-0.1422,0.0499,0.0602,2.0283,0.73,38.77,-2.73,3.9,9.68,-0.4617,0.0989,0.072,-0.0001,0.2142,LOW LIQUIDITY
LIC Housing Fin.,500253,LICHSGFIN,Finance,0.0348,0.0162,0.9373,0.0247,0.0146,0.9348,-4.1116,-0.629,7.08,5.61,3.85,44.3,11.2,-0.1315,0.1657,0.1605,-0.0019,0.1459,680
Life Insurance,543526,LICI,Insurance,0.045,0.3066,0.0393,0.026,0.0646,0.0624,0.3774,-0.1636,0,11.31,1.75,2576.4,9.15,-0.093,0.2779,0.4572,-0.1753,0.3926,560
Likhitha Infra.,543240,LIKHITHA,Construction,-0.1847,-0.3366,0.1622,-0.0503,-0.13,0.1693,0.209,0.0147,0,13.59,-1.05,8.1,8.5,-0.4859,0.0052,0.2029,-0.0327,0.3329,LOW LIQUIDITY
Linc,531241,LINC,Household Products,0.0074,0.1583,0.1127,0.0142,0.014,0.1002,0.223,1.0663,0.08,18.54,13.21,17.8,10.52,-0.4152,0.2782,0.1763,-0.0017,0.1623,LOW LIQUIDITY
Lincoln Pharma.,531633,LINCOLN,Pharmaceuticals & Biotechnology,0.0133,-0.2412,0.1557,0.0143,-0.0127,0.1751,0.1745,0.8507,0,13.46,-10.59,3,8.49,-0.4509,0.0977,0.1282,-0.0402,0.1409,LOW LIQUIDITY
Linde India,523457,LINDEINDIA,Chemicals & Petrochemicals,0.0154,0.619,0.4383,-0.0291,0.1377,0.2894,0.2295,0.9494,0.02,102.42,7.44,111.9,56.19,-0.2279,0.168,0.1233,-0.0055,-0.0144,1407
LKP Finance,507912,,Finance,-1.4685,-0.6691,1.7168,-4.4313,37.2203,1.0004,-0.5777,32.8773,0.06,,0,6.4,-64.18,-0.078,4.8155,-0.0017,-0.1731,-37.222,
Lloyds Engineeri,539992,LLOYDSENGG,Industrial Manufacturing,0,0,0.1536,0.22,0.3186,0.1671,0.1404,1.0577,0.16,55.94,1.76,745.8,40.66,-0.3451,0.2931,0,0,-0.3186,1984
Lloyds Enterpris,512463,LLOYDSENT,Metals & Minerals Trading,0.0547,0.063,0.0583,0.0195,4.6867,0.3128,0.185,0.8535,0.2,31.97,0.07,415.9,18.76,-0.2928,0.8303,0.0248,-0.0229,-4.6619,2130
Lloyds Metals,512455,LLOYDSME,Minerals & Mining,1.5433,0.8995,0.2857,0.3246,0.2459,0.2824,0.1984,0.6271,1.06,37.03,1.51,456.7,26.86,-0.2161,0.393,0.3145,-0.2584,0.0686,1301
LMW,500252,LMW,Industrial Manufacturing,0.0688,0.6729,0.0536,0.0246,0.4457,0.0573,0.066,0.2368,0,135.99,3.05,6.2,50.72,-0.1611,0.1383,0.0304,-0.1097,-0.4153,LOW LIQUIDITY
Lodha Developers,543287,LODHA,Realty,0.4467,0.865,0.2918,0.1319,0.2045,0.3083,0.168,0.3814,0.45,36.05,1.76,563.3,25.06,-0.2166,0.1612,0.1469,0.0395,-0.0576,798
Logica Infoway,543746,,Retailing,0.1394,0.9815,0.0249,0.0646,0.3026,0.0265,0.2381,0.3166,1.4,28.04,0.93,7.2,15.45,-0.2068,0.2483,0.1409,-0.0006,-0.1617,
Lokesh Mach.,532740,LOKESHMACH,Industrial Manufacturing,-0.3305,-0.8174,0.1906,-0.1724,-6.3333,0.0683,-0.0173,1.3012,0.71,,0,3.1,18.22,-0.553,0.3894,0.0026,-0.0754,6.3359,LOW LIQUIDITY
Lords Chloro,500284,LORDSCHLO,Chemicals & Petrochemicals,0.6222,24.1111,0.1897,0.2697,3.1492,0.1268,0.0899,0.6963,0.73,19.55,0.06,5.7,10.01,-0.2597,0.4979,0.0325,0.061,-3.1167,LOW LIQUIDITY
Lotus Chocolate,523475,,Food Products,0.2506,-0.7252,0.0221,0.0863,-0.4446,0.0411,0.175,-4.2957,3.08,123.68,-2.78,23.7,47.94,-0.3955,0.0388,0.3379,0.0561,0.7825,
LS Industries,514446,,Metals & Minerals Trading,117,0.6,-0.6102,4.0345,-1.0806,0.137,0.1249,0.6289,0.03,1505.77,-13.93,6151.2,11113.23,-0.7512,0.31,-0.4688,-0.4159,0.6118,
LTIMindtree,540005,LTIM,IT - Software,0.1019,0.12,0.1857,0.0437,0.0588,0.1736,0.2902,0.7001,0.1,36.36,6.18,224.3,22.27,-0.1176,0.5708,0.2153,-0.035,0.1565,800
Ludlow Jute,526179,,"Paper, Forest & Jute Products",0.7071,2.9544,0.102,0.3138,-2.0672,0.0742,0.0483,3.2679,0.83,33.47,-0.16,2.3,13.89,-0.3689,1.5018,-0.0634,0.0099,2.0038,
Lumax Auto Tech.,532796,LUMAXTECH,Auto Components,0.3729,0.559,0.1336,0.1607,0.2113,0.1064,0.2102,0.7601,1.05,45.04,2.13,61.5,17.6,-0.0684,2.112,0.2025,0.0238,-0.0088,537
Lumax Industries,517206,LUMAXIND,Auto Components,0.2424,0.2603,0.088,0.1003,0.0686,0.0706,0.1921,0.8464,1.21,31.92,4.65,5.5,14.6,-0.0489,1.6001,0.1932,0.0169,0.1246,365
Lupin,500257,LUPIN,Pharmaceuticals & Biotechnology,0.2423,0.7334,0.3322,0.09,0.3316,0.2321,0.2804,0.7035,0.32,21.39,0.64,215.2,13.62,-0.1573,0.1417,0.2062,0.0648,-0.1254,512
Lux Industries,539542,LUXIND,Textiles & Apparels,0.1608,-0.53,0.0567,0.0687,-0.2123,0.0723,0.0959,-0.358,0.29,27.73,-1.31,6,17.88,-0.4572,0.015,0.0981,0.0112,0.3104,LOW LIQUIDITY
M & B Engineer.,544470,MBEL,Construction,0.4854,-0.0696,0.1124,0,0,0.1233,0.2109,0.2919,0.19,30.81,,22.3,17.54,-0.2435,0.1137,0.2849,0.0642,0.2849,101
M & M,500520,M&M,Automobiles,0.2157,0.1585,0.1937,0.1036,0.1008,0.1762,0.2541,0.1128,1.53,32.52,3.23,694.8,15.05,-0.0155,0.577,0.1805,-0.0034,0.0797,787
M & M Fin. Serv.,532720,M&MFIN,Finance,0.1256,0.4495,0.5992,0.0637,0.0923,0.6181,0.5548,-1.364,4.9,18.58,2.01,257.4,12.85,-0.0109,0.4247,0.109,0.0088,0.0167,1145
M B Agro Prod.,,MBAPL,Fertilizers & Agrochemicals,0.6176,1.2009,0.1374,0.3619,0.5803,0.1191,0.1883,0.7841,0.68,39.55,0.68,68.7,18.74,-0.1272,0.9997,0.1523,0.0792,-0.428,905
M M Forgings,522241,MMFL,Auto Components,-0.0302,-0.5071,0.1672,-0.0213,-0.2078,0.1479,0.0939,0.7836,1.25,13.88,-0.67,7.4,8.23,-0.4675,0.1239,0.1558,-0.0366,0.3636,LOW LIQUIDITY
M R P L,500109,MRPL,Petroleum Products,-0.0929,1.9002,0.0657,-0.0867,16.702,0.0302,0.0539,1.6463,0.81,29.43,0.02,401.5,10.07,-0.059,0.7599,0.0045,-0.3148,-16.6975,2241
M T N L,500108,MTNL,Telecom - Services,-0.2883,-0.0785,-0.5715,-0.0131,0.07,-0.9118,0.5699,-0.8369,,,0,-5.5,-907.18,-0.3606,0.0575,0,0,-0.07,LOW LIQUIDITY
M.V.K. Agro,,MVKAGRO,Agricultural Food & other Products,-0.0837,0.2033,0.2144,-0.0315,0.07,0.1463,0.0471,2.4387,0.89,100.56,14.37,11.6,44.13,-0.0156,19.4368,0.1107,-0.0771,0.0407,
Maan Aluminium,532906,MAANALU,Non - Ferrous Metals,-0.0699,0.1248,0.0417,0.0247,-0.1351,0.0324,0.1022,0.0067,0.44,48.66,-3.6,21.8,24.88,-0.1004,0.8455,0.1049,-0.1184,0.24,LOW LIQUIDITY
Mac Charles(I),507836,,Leisure Services,6.197,0.306,0.7326,4.1109,-0.1367,0.409,-0.0997,7.1064,16.21,,0,18.6,61.23,-0.0914,0.4083,-0.805,-0.4794,-0.6683,
Macfos,543787,,Retailing,-0.238,-0.1847,0.1051,-0.0743,-0.0072,0.1112,0.3523,-0.9357,0.51,44.5,-61.41,9.3,30.27,-0.4493,0.336,0.3672,-0.1287,0.3744,
Macpower CNC,,MACPOWER,Industrial Manufacturing,0.2055,0.1301,0.1652,0.0956,0.06,0.1319,0.2326,0.1942,0.01,34.88,5.81,6.2,21.59,-0.4035,0.5984,0.1985,-0.0217,0.1385,LOW LIQUIDITY
Madhuveer Com,531910,,Entertainment,1.2969,1.4769,-0.8912,0.5913,-1.512,0.0014,0.028,27.5319,0.06,615.47,-4.07,29.9,1250.1,-0.3073,0.5783,-0.0449,-0.1673,1.4671,
Madras Fertilize,590134,MADRASFERT,Fertilizers & Agrochemicals,-0.0414,7.1962,0.024,-0.0019,0.2325,0.0676,-0.1551,0.7296,23.64,16.24,0.7,840.9,6.76,-0.2653,0.2038,0,0,-0.2325,LOW LIQUIDITY
Mafatlal Inds.,500264,,Textiles & Apparels,0.0343,-0.1585,0.0237,0.293,0.1447,0.0305,0.3672,-1.0169,0.08,10.63,0.73,11,8.29,-0.1917,0.5224,0.1294,0.0474,-0.0153,
Magadh Sugar,540650,MAGADSUGAR,Agricultural Food & other Products,0.0017,-2.9274,0.0055,-0.0195,-0.2429,0.1153,0.1081,0.7504,0.41,8.57,-0.35,1.2,5.78,-0.3887,0.1407,0.138,-0.0305,0.3809,LOW LIQUIDITY
Magellanic Cloud,538891,MCLOUD,IT - Software,0.0454,0.1443,0.3276,0.0603,0.0443,0.2706,0.2136,0.855,0.47,36.75,8.29,398.5,19.25,-0.3654,0.5745,0.2223,-0.0696,0.178,929
Magna Electrocas,517449,,Industrial Products,0.1466,-0.1949,0.1808,0.074,-0.0556,0.1561,0.1972,1.2696,0.09,19.27,-3.47,1.3,11.66,-0.2798,0.4111,0.1938,0.0448,0.2494,
Mah. Scooters,500266,MAHSCOOTER,Finance,0.661,0.7668,0.9955,0.7005,0.7691,0.9806,9.1272,0.9247,0,54.27,0.71,0.6,54.03,-0.2065,0.6674,0.0061,-0.0026,-0.763,2077
Mah. Seamless,500265,MAHSEAMLES,Industrial Products,-0.1031,-0.4308,0.1027,-0.0264,0.007,0.1991,0.1553,0.6072,0,9.67,13.86,15.5,6.72,-0.3056,0.0462,0.129,-0.0522,0.122,1462
Mahamaya Steel,513554,MAHASTEEL,Industrial Products,0.2186,19.4444,0.0269,0.0372,0.3067,0.0198,0.114,0.656,0.4,128.97,4.2,13.2,51.72,-0.0599,3.1648,0.0501,0.0077,-0.2566,LOW LIQUIDITY
Mahanagar Gas,539957,MGL,Gas,0.1473,-0.3257,0.1649,0.1198,0.0133,0.1708,0.1987,1.0547,0.03,12.19,9.18,19.2,7.18,-0.2298,0.1233,0.1772,-0.1007,0.1639,LOW LIQUIDITY
Mahindra EPC,523754,MAHEPC,Industrial Manufacturing,-0.0088,1.1558,0.0272,0.0597,0.9431,0.0783,0.0958,-0.338,0.21,26.1,0.28,5.9,15.41,-0.2932,0.356,0.0427,0.0305,-0.9004,LOW LIQUIDITY
Mahindra Holiday,533088,MHRIL,Leisure Services,0.0695,0.2963,0.2121,0.0342,0.0455,0.1302,0.0252,1.7763,4.75,48.9,10.74,180.3,13.11,-0.1835,0.3421,0.196,-0.0443,0.1505,LOW LIQUIDITY
Mahindra Life.,532313,MAHLIFE,Realty,1.3075,4.4165,-2.988,-0.3928,2.9207,0.8224,0.0855,-8.1115,0.1,51.1,0.17,51.5,39.7,-0.1967,0.5255,0.0219,-0.0247,-2.8988,2134
Mahindra Logis.,540768,MAHLOG,Transport Services,0.1079,0.0372,0.0505,0.0604,-0.0027,0.0117,-0.0134,4.7419,0.59,,0,28.4,11.3,-0.1376,0.5206,-0.0796,0.0277,-0.0769,LOW LIQUIDITY
Maithan Alloys,590078,MAITHANALL,Ferrous Metals,0.0573,-1.8408,0.0654,0.1595,-0.4125,0.3135,0.1556,0.0474,0.11,6.48,-0.16,2,4.7,-0.2168,0.1878,0.2199,0.1293,0.6324,LOW LIQUIDITY
Majestic Auto,500267,,Commercial Services & Supplies,-0.1876,0.0897,0.1265,-0.0574,0.5539,0.5929,0.0434,3.1809,0.02,34.13,0.62,0.5,8.17,-0.2493,0.2745,0.0111,-0.0511,-0.5428,
Mallcom (India),539400,MALLCOM,Industrial Products,0.0795,-0.6297,0.0708,0.0622,-0.1442,0.0945,0.1398,0.0317,0.37,25.3,-1.75,1.6,15.27,-0.2829,0.2561,0.1376,-0.0219,0.2818,LOW LIQUIDITY
Mamata Machinery,544318,MAMATA,Industrial Manufacturing,0.2473,-0.0258,0.124,0.0861,0.0569,0.218,0.4134,1.2914,0.04,24.13,4.24,14.5,15.95,-0.3492,0.4818,0.2689,-0.0053,0.212,330
Man Industries,513269,MANINDS,Industrial Products,0.0346,0.1607,0.1452,0.0061,0.1069,0.0983,0.1092,0.2231,0.29,20.09,1.88,12.8,8.62,-0.0469,1.2189,0.1001,0.0194,-0.0068,1147
Man Infra,533169,MANINFRA,Construction,-0.3542,0.2396,0.2459,-0.2169,-0.0381,0.4553,0.187,0.3207,0.01,19.02,-5,95.3,11.68,-0.5133,0.0171,0.1749,-0.0535,0.213,LOW LIQUIDITY
Manaksia,532932,MANAKSIA,Industrial Products,0.1211,1.8086,0.0369,0.1215,0.2419,0.1021,0.1172,-3.6526,0.06,8.29,0.34,4.5,3.41,-0.3271,0.2089,0.0748,-0.0287,-0.1671,LOW LIQUIDITY
Manaksia Coated,539046,MANAKCOAT,Industrial Products,0.2597,7.9299,0.1184,0.1298,1.4504,0.095,0.1276,0.5616,0.31,38.21,0.26,46.8,16.64,-0.2436,1.2341,0.0843,-0.0028,-1.3661,1945
Manaksia Steels,539044,MANAKSTEEL,Ferrous Metals,1.5541,0.6849,0.0457,0.3304,0.5376,0.041,0.0705,0.647,0.63,24.36,0.45,8.7,15.63,-0.1473,0.499,0.0367,-0.0581,-0.5009,LOW LIQUIDITY
Manali Petrochem,500268,MANALIPETC,Chemicals & Petrochemicals,0.0774,94,0.0818,0.0135,0.6407,0.0887,0.0538,-0.3411,0.14,22.61,0.35,17.6,8.7,-0.1636,0.3801,0.0292,0.0067,-0.6115,1938
Manappuram Fin.,531213,MANAPPURAM,Finance,-0.1328,-0.6147,0.5497,-0.0574,-0.6305,0.4306,0.2195,-0.0896,3.02,52.83,-0.84,158,13.69,-0.0592,0.8856,0.1014,-0.1051,0.7319,1208
Manba Finance,544262,MANBA,Finance,0.2017,-0.0206,0.6607,0.1237,0.1146,0.638,0.1413,-2.0485,3.78,16.64,1.45,9.1,9.62,-0.3076,0.2116,0.1327,-0.0369,0.0181,LOW LIQUIDITY
Mangal Credit,505850,MANCREDIT,Finance,0.3568,-0.0745,0.7263,0.1363,-0.0759,0.7208,0.2019,-1.3369,1.75,30.04,-3.96,4.9,13.5,-0.2021,0.2341,0.0993,0.0111,0.1752,LOW LIQUIDITY
Mangal Electrica,544492,MEIL,Electrical Equipment,0.163,-0.0686,0.1415,0,0,0.1437,0.1276,-0.3815,0.12,26.39,,6,13.33,-0.2291,0.0098,0.3413,0.1412,0.3413,LOW LIQUIDITY
Mangalam Cement,502157,MANGLMCEM,Cement & Cement Products,0.0995,5.1311,0.1081,0.0636,0.6271,0.097,0.0891,1.3119,0.82,25.71,0.41,6.1,10.1,-0.2961,0.1262,0.057,-0.0193,-0.5701,LOW LIQUIDITY
Mangalam Global,544273,MGEL,Agricultural Food & other Products,0.2545,0.1208,0.0163,0.141,0.0532,0.024,0.113,-0.6091,1.03,18.47,3.47,70.3,10.67,-0.2086,0.3837,0.1457,-0.0068,0.0925,LOW LIQUIDITY
Mangalam Organic,514418,MANORG,Chemicals & Petrochemicals,0.143,1.7442,0.0018,0.0912,1.1357,0.1036,0.0811,-0.2057,1.14,14.17,0.12,1.1,8.92,-0.3191,0.3137,0.0439,0.028,-1.0918,LOW LIQUIDITY
Mangalam World.,,MWL,Metals & Minerals Trading,0.3339,0.5239,0.0649,0.1196,0.2812,0.0549,0.1344,-1.6806,0.83,20.14,0.72,7.9,12.44,-0.0963,0.8142,0.1313,-0.0012,-0.1499,LOW LIQUIDITY
Mangalore Chem.,530011,MANGCHEFER,Fertilizers & Agrochemicals,0.0591,0.4036,0.1287,0.0144,0.0804,0.0855,0.1635,0.9337,0.7,22.67,2.82,40.7,11.71,-0.1726,1.4651,0.1491,-0.0328,0.0687,1340
Mankind Pharma,543904,MANKIND,Pharmaceuticals & Biotechnology,0.2077,-0.22,0.2492,0.1096,0.0056,0.2156,0.11,0.919,0.55,52.48,94.27,247.8,26.35,-0.2723,0.0511,0.1468,-0.0685,0.1412,1370
Manoj Vaibhav,543995,MVGJL,Consumer Durables,0.1769,0.1902,0.0733,0.0525,0.0386,0.0702,0.1709,-0.3899,0.53,9.3,2.41,6.1,7.35,-0.3716,0.1819,0.1503,-0.0179,0.1117,LOW LIQUIDITY
Manomay Tex Indi,540396,MANOMAY,Textiles & Apparels,-0.0586,0.1628,0.1359,-0.0026,0.0068,0.0845,0.082,0.072,2.22,21.71,32.15,5.1,8.58,-0.0606,0.597,0.1389,0.0331,0.1321,LOW LIQUIDITY
Manorama Indust.,541974,MANORAMA,Food Products,0.6544,1.0547,0.2712,0.3685,0.583,0.2638,0.4527,-0.3134,0.66,45.21,0.78,83.8,27.57,-0.2435,0.8231,0.2803,0.154,-0.3027,417
Maple Inf. Trust,543925,,Transport Infrastructure,0.1095,0.4892,0.7129,0,0,0.3849,-0.0148,1.7395,1.59,,,61.8,16.18,0,0.0111,-0.039,0.0256,-0.039,
Marathon Nextgen,503101,MARATHON,Realty,-0.1996,0.3641,0.3596,-0.0871,0.5748,0.5713,0.1938,-0.1197,0.03,16.3,0.28,11.4,12.07,-0.2909,0.5601,0.1316,-0.0543,-0.4432,1970
Marble City,531281,,Other Construction Materials,1.3142,17.1429,0.3108,0,0,0.2632,0.0181,0,1.62,74.4,,11.4,24.41,-0.2488,0.3291,0,0,0,
Marico,531642,MARICO,Agricultural Food & other Products,0.3071,-0.0071,0.1608,0.1324,0.0323,0.1804,0.4073,0.6342,0.14,58.29,18.02,3110.3,40.52,-0.0227,0.2947,0.4134,0.0283,0.3811,92
Marine Electric.,,MARINE,Industrial Manufacturing,0.2072,0.2964,0.1165,0.0869,0.2347,0.094,0.1599,0.8463,0.13,74.66,3.18,111.8,36.06,-0.2414,0.8186,0.1155,0.0027,-0.1192,1430
Markolines Pavem,543364,MARKOLINES,Construction,0.4206,0.7562,0.0949,0.1495,0.1485,0.1213,0.2747,-0.8801,0.29,12.91,0.87,4,7.9,-0.2773,0.4183,0.162,-0.0251,0.0135,LOW LIQUIDITY
Marksans Pharma,524404,MARKSANS,Pharmaceuticals & Biotechnology,0.1223,0.0158,0.2006,0.0411,-0.0747,0.1784,0.1586,0.4013,0.12,24.37,-3.26,144.5,14.18,-0.4727,0.1676,0.1677,0.0031,0.2424,379
Marsons,517467,,Electrical Equipment,0.5528,0.2316,0.1433,0.2283,0.3073,0.1589,0.2333,-1.3967,0.02,85.92,2.8,344.8,84.03,-0.422,0.4148,0.3647,0.2916,0.0574,
Maruti Suzuki,532500,MARUTI,Automobiles,0.1307,0.0795,0.1201,0.0505,0.0227,0.1191,0.4603,0.8169,0,33.54,14.78,156.3,19.59,-0.0543,0.4702,0.1589,-0.0242,0.1362,1023
MAS FINANC SER,540749,MASFIN,Finance,0.2497,0.1775,0.7213,0.1232,0.0884,0.7224,0.2642,-0.9515,3.53,16.87,1.91,36.8,10.7,-0.1039,0.4271,0.1414,-0.0107,0.053,LOW LIQUIDITY
Mason Infratech,,MASON,Realty,0.3984,0.6582,0.266,0.132,0.1821,0.2413,0.2881,0.2959,0.35,17.52,0.96,4.5,11.96,-0.0852,1.7381,0.3845,0.3845,0.2024,
Mastek,523704,MASTEK,IT - Software,0.0841,-0.1918,0.1547,0.0506,0.004,0.1458,0.1837,0.809,0.2,19.34,47.98,8.3,11.9,-0.3181,0.2223,0.1614,0.0021,0.1574,548
Master Trust,511768,MASTERTR,Capital Markets,-0.1747,-0.1488,0.4674,-0.0951,-0.0992,0.4243,0.2054,-0.1549,0.22,10.91,-1.1,21,-0.4,-0.4661,0.0428,0.2297,-0.019,0.3289,381
Matrimony.com,540704,MATRIMONY,Retailing,-0.0079,-0.4103,0.1051,-0.0135,-0.2414,0.1061,0.181,0.909,0.22,31.46,-1.3,9.4,14.4,-0.295,0.2442,0.1697,-0.0121,0.4111,LOW LIQUIDITY
Mawana Sugars,523371,MAWANASUG,Agricultural Food & other Products,0.1215,0.2011,-0.0236,0.0417,-0.1109,0.0559,0.1312,1.1655,0.02,6.43,-0.58,2.8,2.77,-0.2483,0.0715,0.1275,0.0738,0.2384,LOW LIQUIDITY
Max Estates,544008,MAXESTATES,Realty,0.2138,2.3814,0.2069,0.1219,0.6116,0.7506,0.0173,2.6207,0.91,134.33,2.2,52.5,52.39,-0.3619,0.4445,0.0201,0.034,-0.5915,LOW LIQUIDITY
Max Financial,500271,MFSL,Insurance,-0.2677,-0.9633,0.0021,-0.055,-0.5079,0.0064,-0.0623,16.6769,0.34,352.48,-6.94,374.6,208.66,-0.0358,0.7558,0.0726,-0.0199,0.5805,984
Max Healthcare,543220,MAXHEALTH,Healthcare Services,0.2507,0.7434,0.2693,0.1298,0.2451,0.2327,0.1331,0.8873,0.33,80.36,3.28,1095.2,51.37,-0.1141,0.2437,0.1272,-0.0065,-0.1179,1547
Max India Ltd,543223,MAXIND,Finance,0.0559,-0.4976,-0.6867,-0.0277,0.1355,-0.8403,-0.3005,1.0834,0.44,,0,11.7,-8.58,-0.3601,0.2493,-0.3005,-0.1935,-0.436,LOW LIQUIDITY
Maxvolt Energy,,MAXVOLT,Auto Components,2.2284,1.7029,0.1416,0.8356,0.8043,0.1416,0.2894,-2.9187,0.5,28.19,0.35,6.9,18.62,-0.0014,2.2551,0.2525,-0.6023,-0.5518,
Mayur Uniquoters,522249,MAYURUNIQ,Consumer Durables,0.0989,0.161,0.2502,0.0403,0.1045,0.2473,0.2429,0.8365,0.01,14.26,1.36,9.5,8.9,-0.2266,0.1506,0.1539,0.008,0.0494,LOW LIQUIDITY
Mazagon Dock,543237,MAZDOCK,Industrial Manufacturing,0.0625,0.281,0.2371,0.0386,-0.0327,0.2509,0.4137,0.6766,0,48.11,-14.7,508.3,32.09,-0.2633,0.4512,0.3402,-0.0117,0.3729,235
Mazda,523792,MAZDA,Industrial Manufacturing,-0.1048,-0.1559,0.2057,0.0389,0.0249,0.1716,0.1392,0.3301,0,19.37,7.76,4.2,12.59,-0.4256,0.2017,0.1124,-0.0462,0.0875,LOW LIQUIDITY
MBL Infrast,533152,MBLINFRA,Construction,0.5208,0.4353,-0.4145,0.0865,-0.0859,-0.1934,-1.0902,0.4439,0.98,,0,9.1,51.49,-0.4584,0.1658,-0.1285,-0.0772,-0.0426,LOW LIQUIDITY
Mcleod Russel,532654,MCLEODRUSS,Agricultural Food & other Products,-0.1984,-0.6563,0.2714,-0.0597,0.2715,-0.091,0.1602,-1.9141,30.1,,0,90.7,-60.16,-0.2319,0.9127,-1.4163,-0.6429,-1.6878,2264
Medi Assist Ser.,544088,MEDIASSIST,Insurance,0.2864,-0.6212,0.1708,0.1032,-0.0754,0.151,0.1678,1.1675,0.53,42.59,-5.65,42.3,19.8,-0.2653,0.1654,0.1737,-0.015,0.2491,585
Media Matrix,512267,,Entertainment,-0.6569,-0.0403,0.0164,-0.3895,-0.0086,0.02,0.0576,-1.1958,1.05,377.69,-440.64,1083.1,61.02,-0.4383,0.5204,0.0188,-0.0065,0.0274,
Medicamen Biotec,531146,MEDICAMEQ,Pharmaceuticals & Biotechnology,0.0543,0.8288,0.1094,0.0148,0.5035,0.0892,0.0613,-0.6,0.14,51.34,1.02,2.7,25.8,-0.3577,0.3834,0.0339,-0.0207,-0.4696,LOW LIQUIDITY
Medico Remedies,540937,MEDICO,Pharmaceuticals & Biotechnology,0.3377,0.6581,0.0519,0.1374,0.1249,0.0955,0.2369,0.3336,0.19,37.95,3.04,53.4,22.81,-0.3499,0.4829,0.1757,0.0034,0.0508,LOW LIQUIDITY
Medplus Health,543427,MEDPLUS,Retailing,0.0654,0.4326,0.0886,0.0256,0.336,0.0554,0.0969,1.9297,0.65,48.53,1.44,61.5,16.67,-0.249,0.3103,0.088,0.047,-0.248,1322
Megasoft,532408,MEGASOFT,Telecom - Services,0,1.0393,,,-5.6055,,0.9765,1.3781,0.01,10.18,-0.02,36.9,7.21,-0.1868,2.8789,-0.1847,-0.1165,5.4208,1725
Megatherm Indu.,,MEGATHERM,Industrial Products,0.075,0.2932,0.0979,0.0346,0.1281,0.1143,0.2167,0.4609,0.23,18.14,1.42,5.3,10.02,-0.4019,0.0262,0.1627,-0.0797,0.0346,
Meghmani Organi.,543331,MOL,Fertilizers & Agrochemicals,0.0614,2.246,0.0902,0.1121,-4.2696,0.0751,0.0386,0.8295,0.55,44.62,-0.1,29.2,8.78,-0.3453,0.2402,-0.008,0.0591,4.2616,LOW LIQUIDITY
Meghna Infracon,538668,,Realty,1.6687,2.5,0.1538,0.0335,0.0563,0.2912,0.4711,1.5837,0.27,119.91,21.31,103.8,94.72,-0.1282,0.8109,0.5257,0.5257,0.4694,
Menon Bearings,523828,MENONBE,Auto Components,0.0525,0.0134,0.1566,0.0388,0.1021,0.1605,0.1928,0.7236,0.33,23.46,2.3,22.6,13.65,-0.2165,0.5659,0.1633,-0.0082,0.0612,LOW LIQUIDITY
Menon Pistons,531727,,Auto Components,0.1399,0.0358,0.169,0.079,0.0394,0.1369,0.1929,1.0809,0.09,12.48,3.17,9.5,6.38,-0.2382,0.4102,0.1611,-0.0448,0.1217,
Mercury EV-Tech,531357,,Automobiles,0.7459,0.075,0.0885,0.3706,0.1791,0.1027,0.0406,-4.0508,0.03,83.74,4.67,50,51.04,-0.6301,0.0294,0.0418,0.0113,-0.1373,
Metro Brands,543426,METROBRAND,Consumer Durables,0.1122,-0.0267,0.2622,0.047,0.0468,0.232,0.1789,1.2063,0.79,84.89,18.12,452.4,35.33,-0.1779,0.2445,0.1901,-0.0519,0.1433,1055
Metropolis Healt,542650,METROPOLIS,Healthcare Services,0.227,0.1322,0.2521,0.1143,0.1313,0.1555,0.1331,1.2641,0.14,63.61,4.85,36.4,29.14,-0.1417,0.477,0.1153,-0.0067,-0.016,1486
MIC Electronics,532850,MICEL,Industrial Products,0.3798,0.0188,0.1006,0.1197,-0.0021,0.1748,0.0653,-2.7669,0.2,118.59,-569.23,119.8,55.32,-0.509,0.0665,0.0557,-0.5374,0.0578,2080
Midwest,544587,MIDWESTLTD,Consumer Durables,0.1238,0.8682,0.2932,0,0,0.2597,0.1949,0.5369,0.35,37.39,,,24.3,-0.0834,0.1537,0.1869,-0.0204,0.1869,689
Midwest Gold,526570,,Other Construction Materials,0,0,-1.7,0,0,-5.6154,-0.0311,7.5982,1.89,,,49.5,-981.19,-0.0948,34.8724,0,0,0,
Minda Corp,538962,MINDACORP,Auto Components,0.1902,0.1386,0.1159,0.0868,0.0556,0.0781,0.242,1.359,0.63,54.24,9.76,141.8,24.47,-0.0606,0.3601,0.1211,-0.0068,0.0655,1240
Mindspace Busine,543217,MINDSPACE,Realty,0.1898,0.1054,0.7449,0.075,0.0873,0.6079,0.0369,1.3196,0.83,54.35,6.23,126.7,17.75,-0.025,0.3134,0.0339,-0.0038,-0.0534,
Mindteck (India),517344,MINDTECK,IT - Software,-0.061,-0.1942,0.0709,-0.0317,-0.0153,0.0933,0.1456,0.6332,0.02,24.03,-15.69,8.1,12.94,-0.3359,0.5773,0.125,-0.0074,0.1403,LOW LIQUIDITY
Mini Diamonds(I),523373,,Consumer Durables,0.4371,0.3561,0.0217,0.14,-0.0757,0.0162,0.1205,-5.2703,0.03,79.88,-10.55,12,41.95,-0.3964,0.4426,0.1257,-0.1613,0.2014,
MIRC Electronics,500279,MIRCELECTR,Consumer Durables,0.0789,-17.5481,-0.1059,-0.1004,16.8913,-0.0372,-0.2134,2.5163,0.31,,0,169.3,-52.52,-0.1592,1.4971,-0.0181,0.3912,-16.9094,LOW LIQUIDITY
Mirza Internatio,526642,MIRZAINT,Consumer Durables,-0.1839,-0.6356,0.0771,-0.0661,0.2569,0.0091,-0.0041,4.7067,0.04,,0,13,15.28,-0.1219,0.5661,-0.0078,-0.03,-0.2647,LOW LIQUIDITY
Mishra Dhatu Nig,541195,MIDHANI,Aerospace & Defense,-0.1999,-0.4577,0.1562,-0.0422,-0.0277,0.173,0.0654,1.1639,0.23,61.55,-22.2,85.6,28.37,-0.2505,0.6194,0.0805,0.0105,0.1082,1061
Mishtann Foods,539594,,Food Products,0.1305,-0.1043,0.2497,0.0373,0.0037,0.2375,0.2827,-0.1437,0.04,1.62,4.43,50,1.73,-0.6826,0.1776,0.441,-0.5463,0.4373,
MKVentures Cap.,514238,,Finance,-0.11,-0.1749,0.8089,-0.1701,-0.1759,0.5595,-7.7329,1.9723,0,61.34,-3.49,1.7,36.06,-0.4859,0.0719,0.0956,-0.2406,0.2715,
MMP Industries,,MMP,Non - Ferrous Metals,0.2959,0.2024,0.0685,0.1021,0.0355,0.0762,0.1442,0.92,0.54,16.32,4.6,5.2,12.14,-0.295,0.1966,0.128,0.012,0.0925,LOW LIQUIDITY
MMTC,513377,MMTC,Commercial Services & Supplies,-0.2949,-0.0238,-20.0455,1.5128,-0.2796,44.2381,0.1225,-2.699,0.02,137.2,-4.91,752.3,58.49,-0.271,0.5112,0.0587,-0.041,0.3383,
Mobavenue AI Tech,539682,,IT - Software,4.405,10.9672,0.2032,0,0,0.2544,0.0238,-1.3565,0.65,198.73,,90.7,1294.84,-0.1694,0.7808,0,0,0,
Modern Insulator,515008,,Electrical Equipment,0.5358,1.1743,0.1064,0.197,0.5301,0.1086,0.1466,0.9573,0.07,16.92,0.32,7.9,11.5,-0.009,1.2885,0.0726,-0.0154,-0.4575,
Modi Naturals,519003,,Agricultural Food & other Products,0.0029,0.3285,0.1044,0.0123,0.1783,0.0838,0.1701,0.9857,1.07,15.81,0.89,5.3,11.29,-0.3385,0.38,0.2923,0.3083,0.114,
Modi's Navnirman,543539,MODIS,Realty,1.2772,1.6432,0.1876,0.7782,1.4073,0.2003,0.2384,-1.6409,0.01,37.41,0.27,12.3,27.57,-0.0785,0.7132,0.0988,0.0478,-1.3085,
Modison,506261,MODISONLTD,Electrical Equipment,0.1852,0.7204,0.1271,0.0823,0.2445,0.0935,0.1852,-0.3966,0.38,15.15,0.62,6.9,9.58,-0.2984,0.3669,0.1213,0.0323,-0.1232,LOW LIQUIDITY
MOIL,533286,MOIL,Minerals & Mining,0.1924,0.4099,0.2859,-0.0542,-0.1959,0.2458,0.1515,0.9097,0,22.92,-1.17,52,11.6,-0.1633,0.2383,0.1472,0.0249,0.3431,244
Mold-Tek Pack.,533080,MOLDTKPAC,Industrial Products,0.0965,0.0971,0.1865,0.0797,0.1117,0.1259,0.1161,1.1599,0.33,32.7,2.93,10.9,15.12,-0.2595,0.6127,0.0981,-0.0174,-0.0136,LOW LIQUIDITY
Mold-Tek Technol,526263,MOLDTECH,Construction,-0.0662,-0.595,0.1104,-0.0607,-0.7187,0.0323,0.0531,1.671,0.04,170.72,-2.38,11,46.21,-0.2564,0.5647,0.0861,-0.161,0.8048,LOW LIQUIDITY
Monarch Networth,511551,MONARCH,Capital Markets,-0.2011,0.0227,0.7672,-0.027,0.0397,0.6711,0.5542,0.1412,0.01,16.18,4.07,22.7,8.94,-0.3443,0.1322,0.2617,-0.1725,0.222,LOW LIQUIDITY
Monarch Surve.,544453,,Commercial Services & Supplies,0.4441,0.4834,0.299,0.146,0.1338,0.3162,0.5802,0.4907,0.06,9.14,0.68,2.4,6.08,-0.4138,0.2439,0.3811,-0.1285,0.2473,
Moneyboxx Fin.,538446,MONEYBOXX,Finance,0.1113,-0.8621,0.4293,0.0947,-4.656,0.3275,0.0011,-3.3906,2.44,,0,5.6,12.29,-0.4871,0.0611,0.0058,-0.0687,4.6618,LOW LIQUIDITY
Monika Alcobev,544451,,Beverages,0.3862,0.998,0.1506,0,0,0.2009,0.1437,-0.5464,0.7,22.99,,6,14.87,-0.1587,0.0876,0.2863,-0.1526,0.2863,
Monolithisch Ind,,MONOLITH,Industrial Products,0.3971,0.5722,0.2091,0.1683,0.2242,0.2069,0.3129,0.3035,0,69.6,3.1,22.8,47.69,-0.0455,1.565,0.533,-0.0704,0.3088,
Monte Carlo Fas.,538836,MONTECARLO,Textiles & Apparels,0.132,1.0187,0.167,0.0377,0.0648,0.149,0.1329,0.4352,0.9,19.88,3.07,4.2,10.29,-0.174,0.605,0.0978,0.0204,0.033,1059
Morepen Labs.,500288,MOREPENLAB,Pharmaceuticals & Biotechnology,-0.0597,-0.4902,0.0746,-0.031,-0.36,0.063,0.0874,0.1961,0.13,33,-0.92,114.2,17.15,-0.504,0.0917,0.1178,-0.0024,0.4778,530
Morganite Crucib,523160,,Industrial Products,0.0366,-0.0157,0.278,0.0072,-0.0893,0.2126,0.2841,0.6342,0.02,34.8,-3.9,3.6,18.09,-0.2001,0.3428,0.2135,0.0111,0.3028,
MOS Utility,,MOS,Financial Technology (Fintech),0.0246,0.5433,0.0409,0.0123,0.397,0.0423,0.3208,1.9866,0.53,39.63,1,168.8,20.96,-0.2523,0.2579,0.1382,-0.0003,-0.2588,1492
Moschip Tech.,532407,MOSCHIP,IT - Hardware,0.1696,0.2487,0.1145,0.164,0.2826,0.0916,0.1072,2.4431,0.13,100.89,3.57,225.7,63.24,-0.2219,0.7913,0.1117,0.06,-0.1709,1076
Motherson Wiring,543498,MSUMI,Auto Components,0.1876,0.0872,0.1013,0.0801,0.0125,0.0834,0.4347,0.4395,0.14,52.59,41.92,11603,31.3,-0.0376,0.5844,0.359,-0.0655,0.3465,492
Motil.Oswal.Fin.,532892,MOTILALOFS,Capital Markets,-0.3491,-0.6764,0.4542,-0.0683,-0.1908,0.4962,0.5411,0.2684,1.22,28.7,-1.5,271.1,16.65,-0.1181,0.9833,0.2525,-0.0734,0.4433,551
Motisons Jewel,544053,MOTISONS,Consumer Durables,-0.1726,1.0606,0.3375,-0.0444,0.2955,0.1855,0.1674,-0.3368,0.12,28.18,0.95,350,19.28,-0.4837,0.039,0.1164,-0.023,-0.1791,LOW LIQUIDITY
Mphasis,526299,MPHASIS,IT - Software,0.1034,0.108,0.1849,0.0475,0.0635,0.1715,0.33,0.7958,0.21,28.95,4.56,102.2,16.88,-0.1623,0.3401,0.1822,-0.0022,0.1187,670
MPS,532440,MPSLTD,Other Consumer Services,0.0942,0.2821,0.311,0.0307,0.1489,0.2917,0.4407,0.5208,0.02,22.28,1.5,12.8,14.59,-0.3056,0.2188,0.3046,0.0399,0.1557,LOW LIQUIDITY
MRF,500290,MRF,Auto Components,0.0723,0.1167,0.1526,0.0347,-0.0079,0.0973,0.126,0.6564,0.19,35.09,-44.36,1.4,14.95,-0.0626,0.5259,0.1062,-0.0268,0.1141,1449
Mrs Bectors,543253,BECTORFOOD,Food Products,0.1111,-0.0624,0.1256,0.0473,-0.0469,0.0982,0.1463,0.7886,0.15,59.34,-12.64,40.9,29.13,-0.3338,0.0965,0.1564,-0.0758,0.2033,1200
MSP Steel & Pow.,532650,MSPL,Industrial Products,0.0313,3.7408,0.0336,-0.014,-1.6473,0.0284,0.0219,2.2603,0.31,105.58,-0.64,120.3,16.1,-0.2953,0.589,-0.0378,-0.0641,1.6095,LOW LIQUIDITY
MSTC,542597,MSTCLTD,Commercial Services & Supplies,0.182,0.1077,0.5868,0.069,0.1242,0.777,0.5286,1.0619,0.17,15.96,1.29,29.9,9.27,-0.3814,0.2194,0.2837,0.0534,0.1595,157
MTAR Technologie,543270,MTARTECH,Aerospace & Defense,-0.287,-0.7556,0.1254,-0.0388,-0.1233,0.1327,0.0708,1.0911,0.25,172.27,-13.97,32.9,67.3,-0.0386,1.2534,0.0751,-0.0086,0.1984,1216
Mufin Green,542774,MUFIN,Finance,0.2753,0.0613,0.6758,0.1327,-0.0079,0.6804,0.1796,-1.2152,2.68,97.64,-123.82,106.4,21.02,-0.1188,0.8007,0.0789,-0.0038,0.0868,1388
Mukand,500460,MUKANDLTD,Ferrous Metals,-0.0809,-0.609,0.0596,-0.0473,-0.1092,0.0531,0.0522,0.7413,1.89,30.69,-2.81,30,12.52,-0.1511,0.6294,0.0784,-0.0385,0.1876,LOW LIQUIDITY
Mukka Proteins,544135,MUKKA,Food Products,0.6393,1.8269,0.0829,0.0931,0.0174,0.0998,0.1462,-1.1481,1.37,15.8,9.06,50.4,10.52,-0.4338,0.0454,0.111,-0.1454,0.0936,LOW LIQUIDITY
Multi Comm. Exc.,534091,MCX,Capital Markets,0.3104,0.2854,0.647,0.2045,0.2431,0.6536,0.9526,1.3577,0,71.78,2.95,122.1,50.89,-0.0041,1.2229,0.3433,0.2851,0.1002,
Munjal Auto Inds,520059,MUNJALAU,Auto Components,0.1179,-0.3988,0.0452,0.0207,-0.3452,0.0381,0.0812,0.2943,0.92,32.34,-0.94,20.3,8.91,-0.2431,0.461,0.1014,-0.0079,0.4466,LOW LIQUIDITY
Munjal Showa,520043,MUNJALSHOW,Auto Components,0.0469,0.3317,0.0094,-0.0079,4.5245,0.028,0.0599,20.5674,0,19.63,0.04,3,10.97,-0.2429,0.2207,0.007,-0.0368,-4.5175,LOW LIQUIDITY
Muthoot Cap.Serv,511766,MUTHOOTCAP,Finance,0.4133,-0.8228,0.5499,0.186,-0.6244,0.5472,0.0877,-3.444,4.56,26.37,-0.42,1.1,10.04,-0.2873,0.1815,0.0719,-0.0224,0.6963,LOW LIQUIDITY
Muthoot Finance,533398,MUTHOOTFIN,Finance,0.4776,0.9036,0.7968,0.2142,0.3695,0.76,1.6983,-1.8011,3.76,20.35,0.55,181.8,14.04,-0.018,0.9754,0.1958,0.0109,-0.1737,892
Muthoot Microfin,544055,MUTHOOTMF,Finance,-0.1299,-0.5046,0.4483,-0.0747,0.6208,0.1714,-0.2085,2.1554,3.2,,0,18.5,22.4,-0.1166,0.4519,-0.0819,-0.2859,-0.7027,LOW LIQUIDITY
N R Agarwal Inds,516082,NRAIL,"Paper, Forest & Jute Products",0.2247,-0.7818,0.0836,0.1214,0.3444,0.0454,0.0153,2.2727,0.93,34.4,1,1.8,10.28,-0.0507,1.3852,0.0235,-0.1594,-0.3209,LOW LIQUIDITY
N S D L,544467,,Capital Markets,0.1215,0.1475,0.3164,0,0,0.3081,0.6373,1.2749,0.01,66.44,,209.9,46.93,-0.2023,0.2918,0.1778,0.0095,0.1778,
NACL Industries,524709,NACLIND,Fertilizers & Agrochemicals,0.0378,0.0805,0.0979,0.1134,-0.285,-0.0318,-0.1775,-5.6551,1.13,,0,172.1,-317.68,-0.4452,2.8751,-0.2575,-0.1491,0.0275,LOW LIQUIDITY
Naga Dhunseri,,NDGL,Finance,44.0561,-1.3461,0.1557,3.8877,-0.1613,0.1789,0.0346,-0.4715,0.18,12.48,-0.77,0,7.79,-0.3475,0.1176,0.0319,-0.011,0.1932,LOW LIQUIDITY
Nahar Capital,532952,NAHARCAP,Finance,-0.175,0.954,0.6611,-0.4991,0.1957,2.969,0.8512,-0.0034,0,7.63,0.39,0.5,6.56,-0.2934,0.281,0.0321,0.0244,-0.1636,LOW LIQUIDITY
Nahar Indl. Ent.,519136,NAHARINDUS,Textiles & Apparels,-0.044,8.6861,-0.0098,0.0121,2.9084,0.0656,0.0469,1.2911,0.51,11.89,0.04,2.2,6.66,-0.2725,0.3227,0.0111,0.0035,-2.8973,LOW LIQUIDITY
Nahar Poly,523391,NAHARPOLY,Industrial Products,0.0221,0.1943,0.1612,0.0491,0.3334,0.1158,0.268,0.9625,0.11,10.8,0.32,1.9,6.57,-0.3165,0.5231,0.0569,0.0531,-0.2765,LOW LIQUIDITY
Nahar Spinning,500296,NAHARSPING,Textiles & Apparels,0.0043,0.7269,0.0331,0.0005,2.4762,0.0349,0.0328,0.9619,0.5,20.7,0.08,1.8,7.27,-0.3357,0.1353,0.0071,0.0312,-2.4691,LOW LIQUIDITY
Nalwa Sons Invst,532256,NSIL,Finance,-0.5861,-0.5509,0.8649,-0.3005,-0.4849,0.4178,0.9131,0.9489,0,145.62,-3,0.1,95.34,-0.2973,0.4831,0.0032,-0.0023,0.4881,1102
Namo eWaste,,NAMOEWASTE,Other Utilities,0.3066,0.309,0.1248,0.1368,0.1852,0.1054,0.1715,-1.4507,0.06,43.03,2.32,10.4,22.79,-0.1903,0.498,0.1375,0.1375,-0.0477,
Nandan Denim,532641,NDL,Textiles & Apparels,-0.0771,0.0763,0.0299,0.0734,0.1306,0.0206,0.0515,1.1508,0.35,12,0.92,102.3,5.14,-0.4802,0.0642,0.0556,-0.0214,-0.075,LOW LIQUIDITY
Naperol Invest.,500298,,Finance,0.6994,-1.0075,0.0136,0.1783,-0.0882,0.4412,0.723,-0.2918,0,52.18,-5.92,0.2,47.9,-0.4138,0.1315,0.0095,0.01,0.0977,
Narayana Hrudaya,539551,NH,Healthcare Services,0.2028,0.2964,0.2441,0.0872,0.0788,0.1966,0.1646,0.8989,0.58,47.85,6.07,204.8,28.42,-0.1604,0.6083,0.2422,-0.0721,0.1634,931
Natco Pharma,524816,NATCOPHARM,Pharmaceuticals & Biotechnology,-0.0059,-0.2346,0.4249,-0.0094,-0.1834,0.4299,0.2354,0.7333,0.03,9.66,-0.53,30.8,5.81,-0.4484,0.2577,0.28,0.0208,0.4634,113
Nath Bio-Genes,537291,NATHBIOGEN,Agricultural Food & other Products,0.3622,1.2613,0.1391,0.5543,0.0576,0.1363,0.0694,0.3398,0.23,7.45,1.29,0.9,7.59,-0.3212,0.1779,0.0623,0.0009,0.0047,LOW LIQUIDITY
National High,543385,NHIT,Transport Infrastructure,0.7671,0.5827,0.7987,0.35,0.2924,0.5043,0.01,1.7818,1.01,66.81,2.28,252.7,17.82,0,0.1246,0.0179,-0.0091,-0.2745,
National Perox.,544205,,Chemicals & Petrochemicals,-0.1133,-0.4265,0.0659,-0.056,3.8417,-0.0233,-0.0182,24.5658,0.04,,0,,21.65,-0.3758,0.0259,-0.0039,-0.0511,-3.8456,
National Standar,504882,,Realty,3.5395,-0.1125,-0.0209,0.601,-0.1667,0.4302,0.0566,-0.4521,0,309.13,-18.55,24.5,220.8,-0.6383,0.0001,0.0497,-0.0088,0.2164,
Natl. Aluminium,532234,NATIONALUM,Non - Ferrous Metals,0.0727,0.3671,0.4479,0.074,0.1605,0.4564,0.4102,0.8136,0,7.71,0.48,436.4,4.42,-0.0566,0.8628,0.3272,0.205,0.1667,109
Natl.Fertilizer,523630,NFL,Fertilizers & Agrochemicals,0.5404,-3.9669,0.0152,0.041,-0.3828,0.0152,0.034,6.0278,1.77,41.95,-1.1,84.5,12.76,-0.3054,0.2699,0.0649,0.009,0.4477,LOW LIQUIDITY
Nava,513023,NAVA,Power,0.0702,-0.4798,0.3271,0.0086,-0.1523,0.3761,0.1074,1.3198,0.2,16.81,-1.1,55.7,8.2,-0.2712,0.505,0.1503,0.0153,0.3026,295
Navin Fluo.Intl.,532504,NAVINFLUOR,Chemicals & Petrochemicals,0.4626,1.5224,0.3246,0.188,0.5389,0.2497,0.1258,1.2463,0.33,69.49,1.29,43.9,38.35,-0.0237,0.894,0.1152,0.0131,-0.4237,1470
Navkar Corporat.,539332,NAVKARCORP,Transport Services,0.1946,4.3721,0.1502,0.1034,-0.3956,-0.0331,-0.0108,-2.1415,0.09,,0,12.4,49.77,-0.3977,0.3193,-0.0196,-0.0179,0.376,LOW LIQUIDITY
Navneet Educat.,508989,NAVNETEDUL,Printing & Publication,-0.0919,-2,0.004,-0.0131,-0.0247,0.1543,0.2059,1.0263,0.05,18.21,-7.39,40.7,9.54,-0.0831,0.2145,0.1258,-0.0311,0.1505,LOW LIQUIDITY
Nazara Technolo.,543280,NAZARA,Entertainment,0.6507,30.8067,-0.3113,0.2809,11.1764,0.4587,0.2666,0.9008,0.06,11.82,0.01,110.7,8.81,-0.2461,0.2501,0.029,-0.0052,-11.1474,2093
NBCC,534309,NBCC,Construction,0.1899,0.2571,0.0346,0.0592,0.1118,0.0727,0.33,0.7792,0,45.7,4.09,3086,27.35,-0.1351,0.5966,0.2554,0.0069,0.1436,300
NBI Indl. Fin.,,NBIFIN,Finance,0.2651,0.3673,0.9208,0.1263,0.1814,0.8172,-7.6485,0.4576,0,70.01,3.86,0.1,54.69,-0.4204,0.1592,0.0027,-0.0015,-0.1787,LOW LIQUIDITY
NCC,500294,NCC,Construction,-0.1257,-0.0507,0.0866,-0.0451,-0.0034,0.0853,0.1467,0.4045,0.39,14.3,-42.34,94.6,6.66,-0.4462,0.064,0.1141,0,0.1175,990
NCL Industries,502168,NCLIND,Cement & Cement Products,0.0444,2.1367,0.1425,-0.2175,0.9226,0.0785,0.0735,1.3138,0.29,16.87,0.18,4.8,7.19,-0.1216,0.1734,0.0341,-0.0791,-0.8885,LOW LIQUIDITY
NDR Auto Compon.,543214,NDRAUTO,Auto Components,0.1477,0.2437,0.1089,0.0556,0.0991,0.1028,0.2628,1.1842,0.16,35.55,3.59,14.8,22.07,-0.2866,0.5825,0.1906,0.0266,0.0915,LOW LIQUIDITY
NDR INVIT Trust,,NDRINVIT,Commercial Services & Supplies,0.38,0.3907,0.8789,0.1694,0.0868,0.7382,0.0313,1.2312,0.38,32.81,3.78,49.4,17.39,-0.0323,0.1429,0.0346,0.0254,-0.0522,
NDTV,532529,NDTV,Entertainment,0.0984,-0.4044,-0.4651,0.0531,0.2419,-0.4653,4.1287,0.757,,,0,-123.1,-7.28,-0.4254,0.0782,-1.3261,-1.2526,-1.568,LOW LIQUIDITY
Nectar Lifesci.,532649,NECLIFE,Pharmaceuticals & Biotechnology,-0.0052,-0.4348,-0.0578,-0.4613,0.0841,-0.1582,0.1545,-1.948,0.64,,0,9.8,-6.98,-0.6886,0.0713,-0.1123,-0.1169,-0.1964,LOW LIQUIDITY
Neetu Yoshi,544434,,Industrial Products,0.2539,0.4552,0.3214,0.1266,0.22,0.3281,0.2229,0.5589,0.11,22.68,1.03,14.2,14.88,-0.2132,0.1677,0.5101,-0.4824,0.2901,
Nelcast,532864,NELCAST,Industrial Products,-0.0959,-0.4413,0.0572,0.0001,0.0584,0.068,0.0716,1.2904,0.52,26.25,4.49,14.8,10.72,-0.3865,0.4228,0.0648,-0.0157,0.0064,LOW LIQUIDITY
NELCO,504112,NELCO,IT - Hardware,-0.0996,-0.6049,0.1005,-0.0246,-0.5531,0.0619,0.1775,0.7576,0.56,448.53,-8.11,34.2,49.01,-0.4389,0.1927,0.0763,-0.1308,0.6294,1436
Neogen Chemicals,542665,NEOGEN,Chemicals & Petrochemicals,0.0791,-0.6925,0.1436,0.0284,-0.2417,0.1382,0.0435,1.7383,1.41,104.27,-4.31,11.3,32.77,-0.4635,0.086,0.0559,-0.0015,0.2976,1033
Neptune Pet.,,NEPTUNE,Chemicals & Petrochemicals,0.1929,0.1288,0.0349,0,0,0.036,0.5106,1.6554,0.16,13.64,,,8.37,-0.1339,0.2755,0.5083,-0.4582,0.5083,
NESCO,505355,NESCO,Commercial Services & Supplies,0.2451,0.1126,0.5691,0.1353,0.0614,0.642,0.2644,0.6704,0.04,21.45,3.49,22.3,15.39,-0.2317,0.4956,0.1582,-0.0127,0.0968,997
Nestle India,500790,NESTLEIND,Food Products,0.1057,-0.0188,0.2191,0.0407,-0.033,0.2008,0.6523,0.6844,0.1,82.38,-25,10419.6,50.91,-0.0249,0.2123,0.8302,-0.5231,0.8632,469
Netweb Technol.,543945,NETWEB,IT - Services,0.2098,0.2005,0.1497,0.178,0.1825,0.1378,0.313,-0.0839,0.03,138.15,7.57,182.4,92.1,-0.2661,1.6271,0.2393,-0.0539,0.0568,1162
Network People,544396,NPST,IT - Services,-0.3007,-0.4579,0.2922,-0.2616,-0.3765,0.3037,0.0952,0.4788,0.02,111.44,-2.96,14.6,60.82,-0.4794,0.0758,0.5601,-0.0634,0.9366,LOW LIQUIDITY
Netwrk.18 Media,532798,NETWORK18,Entertainment,-0.7273,1.4245,-0.001,-0.5808,-1.0267,0.105,-0.0094,-14.1372,0.65,791.73,-7.71,221.1,22.55,-0.4631,0.1593,-0.0334,-0.008,0.9933,1190
Neuland Labs.,524558,NEULANDLAB,Pharmaceuticals & Biotechnology,0.6545,1.9491,0.3025,0.0383,-0.0596,0.1779,0.1435,1.1115,0.16,111.89,-18.76,17.3,63.42,-0.1353,0.6974,0.1483,-0.1156,0.2079,1324
New India Assura,540769,NIACL,Insurance,0.247,-0.3973,0.0097,0.0965,0.1153,0.0215,-0.0272,-3.2875,0,25.33,2.2,168.3,13.65,-0.195,0.3224,0.0364,-0.005,-0.0789,1896
Newgen Software,540900,NEWGEN,IT - Software,0.1097,0.1622,0.2555,0.0306,0.0667,0.2757,0.2807,0.5409,0.03,39.86,5.98,116.6,27.87,-0.488,0.2445,0.225,-0.0017,0.1583,441
Nexus Select,543913,NXST,Realty,0.1319,0.2003,0.679,0.0628,0.1554,0.4799,0.0346,1.5315,0.42,51.16,3.29,273.3,17.25,-0.0309,0.3644,0.0289,-0.0456,-0.1265,LOW LIQUIDITY
NGL Fine Chem,524774,NGLFINE,Pharmaceuticals & Biotechnology,0.2865,-0.0183,0.1427,0.1093,-0.0204,0.0761,0.0821,1.1562,0.29,40.5,-19.89,1.7,19.61,-0.3726,0.4167,0.0775,-0.0928,0.0979,LOW LIQUIDITY
NHPC Ltd,533098,NHPC,Power,0.1027,0.1349,0.6023,0.0802,0.0748,0.5402,0.05,0.8408,1.09,25.36,3.39,1958.8,16.21,-0.1331,0.1275,0.0753,-0.0183,0.0005,1759
NIBE,535136,NIBE,Aerospace & Defense,-0.4605,-1.9254,-0.0609,-0.1778,-0.8814,0.0294,0.0368,0.5301,0.39,498.08,-5.65,9.8,49.32,-0.4559,0.4459,0.1361,-0.0059,1.0175,LOW LIQUIDITY
Nicco Parks,526721,,Leisure Services,-0.1649,-0.9559,-0.0209,-0.0097,-0.4847,0.3465,0.2519,0.5662,0,34.7,-0.72,17.6,12.35,-0.4196,0.0172,0.2175,-0.0765,0.7022,
Nidhi Granites,512103,,Other Construction Materials,0.0893,0.1727,0.1608,0.2028,0.841,0.0951,0.2976,0.5102,0.11,93.15,1.11,14.5,53.74,-0.1305,3.8492,0.1401,0.0782,-0.7009,
NIIT,500304,NIITLTD,Other Consumer Services,0.157,-0.8527,-0.0112,0.0444,-0.2437,0.1261,0.0412,0.4876,0.01,38.52,-1.58,17.1,17.82,-0.5786,0.0215,0.0437,0.0057,0.2874,LOW LIQUIDITY
NIIT Learning,543952,NIITMTS,Other Consumer Services,0.1969,-0.1412,0.1949,0.074,-0.0716,0.1859,0.1882,0.7239,0.19,21.67,-3.02,48.7,11.72,-0.3352,0.1521,0.2154,-0.0328,0.287,LOW LIQUIDITY
Nikhil Adhesives,526159,,Chemicals & Petrochemicals,-0.1127,-0.3094,0.063,-0.093,-0.1439,0.054,0.1187,0.2264,0.33,32.8,-2.28,16,14.24,-0.2031,0.3013,0.138,0.0151,0.2819,
Nila Infrastruct,530377,NILAINFRA,Realty,0.8598,0.1603,0.1094,0.3464,0.1326,0.129,0.37,1.687,0.14,16.31,1.23,83.8,9,-0.3835,0.1761,0.1322,0.0528,-0.0004,LOW LIQUIDITY
Nila Spaces,542231,NILASPACES,Realty,0.3218,0.4757,0.2342,0.1472,0.4248,0.3019,0.122,-1.1426,0.63,35.01,0.82,177.7,14.24,-0.1407,0.7228,0.1029,-0.0081,-0.3219,LOW LIQUIDITY
NILE,530129,,Minerals & Mining,0.0886,0.3859,0.0639,0.0242,0.2748,0.0708,0.2141,-0.02,0.06,11.63,0.42,0.6,7.68,-0.1879,0.3799,0.1472,0.0022,-0.1276,
Nilkamal Ltd,523385,NILKAMAL,Consumer Durables,0.1776,0.032,0.0881,0.0865,-0.0147,0.0507,0.0776,1.3478,0.36,21.1,-14.34,2.2,8.61,-0.2688,0.0014,0.0732,-0.0138,0.0879,LOW LIQUIDITY
Nimbus Projects,511714,,Realty,-0.2543,-0.7333,1.2746,-0.9359,-4.4848,-6.8804,-0.3817,-3.2207,0.77,,0,3.6,-9.6,-0.1075,0.5467,0.0826,-0.0001,4.5674,
NINtec Systems,539843,NINSYS,IT - Software,0.2305,0.2089,0.2456,0.0984,0.1732,0.2572,0.4955,0.7014,0.03,25.49,1.47,18.1,17.14,-0.3845,0.0131,0.5237,0.5237,0.3505,LOW LIQUIDITY
Nippon Life Ind.,540767,NAM-INDIA,Capital Markets,0.152,-0.0429,0.6527,-0.0393,0.0376,0.7259,1.5422,0.7052,0.02,42.13,11.21,816.7,31.3,-0.1056,0.9364,0.3139,0.0185,0.2763,144
Nirlon,500307,,Commercial Services & Supplies,0.0318,1.6139,0.7826,0.0182,0.4546,0.7233,0.2027,1.0528,2.47,14.27,0.31,88.1,10.28,-0.1816,0.2466,0.5988,0.0682,0.1442,
Nisus Finance,544296,,Finance,1.0913,0.9446,0.7518,0,0,0.6472,0.4002,-0.145,0.06,19.56,,11.6,16.21,-0.4254,0.4627,0.3326,-0.8209,0.3326,
Nitco,532722,NITCO,Consumer Durables,0.6316,1.0218,-0.1273,0.3871,-0.496,-0.2765,-0.2697,0.7036,1.01,,0,159.5,55.37,-0.4401,0.0264,0,0,0.496,LOW LIQUIDITY
Nitin Spinners,532698,NITINSPIN,Textiles & Apparels,-0.0759,-0.1748,0.131,-0.0202,-0.0484,0.0941,0.1123,0.9393,0.67,11.34,-2.34,7.8,6.2,-0.3187,0.1614,0.1428,0.0219,0.1912,LOW LIQUIDITY
Nitta Gelatin,506532,,Chemicals & Petrochemicals,0.0433,-0.0568,0.1864,0.0149,-0.0055,0.1865,0.2312,0.7426,0.05,9.98,-18.28,1.5,5.42,-0.1832,0.2826,0.1962,-0.0756,0.2017,
Niva Bupa Health,544286,NIVABUPA,Insurance,0.1913,-3.7089,-0.0338,0.093,-0.5565,0.0158,-0.0209,7.9218,0.07,151.64,-2.72,681.4,153.39,-0.3051,0.2462,0.0818,0.0272,0.6383,357
Niyogin Fintech,538772,,Finance,-0.0334,1.0668,0.0391,0.0937,-0.5941,0.0245,-0.0347,10.8999,0.48,,0,24.4,42.18,-0.2273,0.5985,-0.0526,0.008,0.5415,
NLC India,513683,NLCINDIA,Power,0.1425,-0.2706,0.335,0.0606,0.0246,0.2712,0.0795,1.9823,1.22,13.37,5.44,242.6,8.96,-0.1382,0.3557,0.1447,0.0771,0.1201,359
NMDC,526371,NMDC,Minerals & Mining,0.2967,0.4022,0.3125,0.1165,0.0757,0.3741,0.3795,0.2032,0.11,9.42,1.24,1792.2,5.67,-0.0914,0.2642,0.236,-0.0033,0.1603,443
NMDC Steel,543768,NSLNISP,Ferrous Metals,1.2268,0.8072,0.0611,0.3775,-0.4438,-0.1082,-0.0817,-0.7363,0.41,,0,276.8,-66.43,-0.1543,0.4811,-0.166,-0.0701,0.2778,1933
NOCIL,500730,NOCIL,Chemicals & Petrochemicals,-0.1162,-0.7123,0.0696,-0.0561,-0.3868,0.0671,0.0512,0.2205,0.01,45.43,-1.17,27,19.96,-0.4161,0.1068,0.0594,-0.0127,0.4462,1032
Northern ARC,544260,NORTHARC,Finance,0.0721,-0.061,0.5306,0.0287,-0.0604,0.4946,0.7272,-0.8594,2.82,14.48,-2.4,18.3,11.46,-0.1159,0.8124,0.1075,-0.0427,0.1679,1429
Nova Agritech,544100,NOVAAGRI,Fertilizers & Agrochemicals,0.1173,-0.0015,0.1298,0.0494,-0.0379,0.1329,0.1545,-0.4253,0.23,15.63,-4.12,16.6,10.58,-0.4137,0.103,0.1328,-0.0875,0.1707,LOW LIQUIDITY
Novartis India,500672,NOVARTIND,Pharmaceuticals & Biotechnology,0.0371,0.1867,0.2644,-0.0042,0.0572,0.3939,0.2207,0.5689,0.01,19.1,3.34,6.5,10.03,-0.2505,0.1068,0.1318,0.0224,0.0746,
NRB Bearings,530367,NRBBEARING,Auto Components,0.0786,0.1523,0.1647,0.0371,0.2396,0.1544,0.1923,0.4839,0.14,20.17,0.84,28.8,12.06,-0.0717,0.526,0.1274,0.0006,-0.1122,1360
NTPC,532555,NTPC,Power,0.0018,-0.0394,0.2862,-0.0074,0.1359,0.2476,0.0753,1.202,1.33,13.33,0.98,1599.1,8.72,-0.1341,0.1158,0.1213,-0.0101,-0.0146,1489
NTPC Green Ene.,544289,NTPCGREEN,Power,0.2152,1.3026,0.8649,0.0951,0.2763,0.656,0.0159,1.4087,1.16,136.32,4.93,3718.2,42.18,-0.368,0.1612,0.0385,-0.0232,-0.2378,2059
Nucleus Soft.,531209,NUCLEUS,IT - Software,0.0559,-0.2048,0.1096,0.0404,0.2048,0.2508,0.7238,0.8359,0.01,15.72,0.77,8,10.63,-0.3129,0.308,0.1682,-0.0722,-0.0366,LOW LIQUIDITY
Nupur Recyclers,,NRL,Metals & Minerals Trading,-0.0473,-0.187,0.0701,0.0819,-0.1247,0.1176,0.144,-0.7992,0.12,35.1,-2.81,24,20.74,-0.4651,0.218,0.142,0.0508,0.2667,LOW LIQUIDITY
Nuvama Wealth,543988,NUVAMA,Capital Markets,0.0775,-0.0136,0.5229,0.0599,0.0405,0.5169,0.2267,-0.1735,2.37,25.95,6.4,25.3,9.06,-0.137,0.6078,0.3087,0.0657,0.2682,99
Nuvoco Vistas,543334,NUVOCO,Cement & Cement Products,0.0833,1.4277,0.1493,0.0411,11.552,0.0787,0.029,2.5519,0.63,47.56,0.04,50.6,10.82,-0.2365,0.27,0.0024,-0.0137,-11.5496,2132
O N G C,500312,ONGC,Oil,-0.0089,0.0519,0.168,0.0749,0.01,0.1116,0.1242,1.3563,0.48,8.55,8.58,1071.5,4,-0.0896,0.2146,0.1063,-0.0557,0.0963,1674
Oberoi Realty,533273,OBEROIRLTY,Realty,0.3479,0.2898,0.5735,0.0079,0.0304,0.5984,0.1519,0.6903,0.18,27.82,9.14,134.9,19.26,-0.2728,0.1866,0.1467,0.0118,0.1163,614
OBSC Perfection,,OBSCP,Auto Components,0.3105,0.4457,0.1801,0.1509,0.1955,0.1653,0.1863,0.3733,0.37,40.61,2.08,17.3,25.89,-0.0774,1.7203,0.2496,-0.2578,0.0541,
OCCL,544278,OCCLLTD,Chemicals & Petrochemicals,0.1609,0.1571,0.1607,0.4554,0.6665,0.1217,0.0968,2.0433,0.18,14.85,0.22,6.5,7.3,-0.3353,0.6715,0.1084,0.1084,-0.5581,LOW LIQUIDITY
Oil Country,500313,OILCOUNTUB,Oil,-0.5505,-0.6391,-0.2299,-0.1037,0.2329,-0.3216,-0.1178,-1.2925,0.11,,0,7.7,8.33,-0.3808,0.1668,-0.1495,0.1653,-0.3824,LOW LIQUIDITY
Oil India,533106,OIL,Oil,0.1583,-0.2913,0.2744,0.0557,-0.0815,0.2903,0.1224,1.0856,0.64,11.89,-1.46,205.5,8.02,-0.1742,0.356,0.1326,-0.0475,0.2141,LOW LIQUIDITY
Ola Electric,544225,OLAELEC,Automobiles,-0.4316,0.1556,-0.2942,-0.2969,0.0124,-0.5866,-0.3742,1.2678,0.72,,0,1880.4,-15.36,-0.5907,0.0599,-1.0752,-1.0752,-1.0876,2262
Olectra Greentec,532439,OLECTRA,Automobiles,0.2539,0.0418,0.1351,0.0923,0.0206,0.1268,0.168,0.5847,0.33,79.69,38.61,83.3,40.22,-0.1906,0.4249,0.1427,0.055,0.1221,398
Om Freight Forwa,544564,OMFREIGHT,Transport Services,-0.124,-0.074,0.0687,0,0,0.0647,0.1679,0,0.15,15.41,,,7.79,-0.0908,0.2044,0,0,0,LOW LIQUIDITY
Om Infra,531092,OMINFRAL,Construction,-0.4808,0.6031,0.0542,-0.2523,0.009,0.045,0.0405,0.1526,0.15,42.39,47.26,13.5,37.64,-0.4143,0.1589,0.0334,-0.0302,0.0244,LOW LIQUIDITY
Omaxe,532880,OMAXE,Realty,-0.1757,0.3048,-0.527,-0.0818,-0.0641,-0.3799,30.3055,-1.7408,,,0,-43.2,-3.47,-0.4353,0.0468,-5.0555,-4.4707,-4.9914,LOW LIQUIDITY
One 97,543396,PAYTM,Financial Technology (Fintech),0.2423,1.4974,0.0679,0.1185,-1.0744,0.0204,0.0116,0.0835,0.01,755.6,-7.03,341.4,91.54,-0.0526,0.9687,-0.1028,-0.0121,0.9716,1273
One Global Serv,514330,,Healthcare Services,5.9541,7.7181,0.1934,1.121,1.4083,0.188,0.713,0.5905,0,21.63,0.15,18.3,15.82,0,1.9975,0.4231,-0.2325,-0.9852,
One Mobikwik,544305,MOBIKWIK,Financial Technology (Fintech),-0.0734,-4.2062,-0.0558,-0.0791,0.3303,-0.1204,-0.445,0.6885,0.69,,0,28.9,-13.61,-0.6374,0.157,-0.3134,-0.3654,-0.6437,2250
One Point One,,ONEPOINT,Commercial Services & Supplies,0.1343,0.1754,0.2403,0.0634,0.3186,0.1988,0.1677,0.6577,0.13,39.85,1.25,89.8,18.2,-0.2105,0.3475,0.1015,-0.115,-0.2171,2082
Onesource Indus.,530805,,Commercial Services & Supplies,1.1105,1.7308,0.061,0.4602,1.5575,0.0384,0.6959,0.1699,0,139.36,0.89,3356.3,102.2,-0.5207,5.6239,0.3266,0.3127,-1.2309,
OneSource Speci.,544292,ONESOURCE,Pharmaceuticals & Biotechnology,0.1249,1.2755,0.2834,0.0531,0.3146,0.1725,0.0207,-0.3226,0.22,141.47,4.5,37.9,38.43,-0.2428,0.4646,0.0334,0.4896,-0.2812,1382
Onix Solar,513119,,Non - Ferrous Metals,172.8462,24.25,0.0274,1.5291,0.6759,0.0382,0.5296,11.3421,0,245.55,3.63,21.8,209.52,-0.4403,1.6183,0.3092,0.4648,-0.3667,
OnMobile Global,532944,ONMOBILE,Media,-0.0088,1.6611,0.0658,0.0012,-1.3715,0.0495,0.0535,1.5327,0.12,55.84,-0.41,10.6,9.76,-0.2471,0.534,-0.0494,-0.0727,1.3221,LOW LIQUIDITY
Onward Technolog,517536,ONWARDTEC,IT - Services,0.1295,2.3729,0.143,0.0641,0.5196,0.1059,0.2079,0.8189,0.17,15.77,0.3,6.3,8.94,-0.2595,0.384,0.1254,-0.0515,-0.3942,LOW LIQUIDITY
Optiemus Infra.,530135,OPTIEMUS,Telecom - Equipment & Accessories,-0.1224,0.2221,0.0801,-0.0612,0.0869,0.0626,0.1128,-0.1176,0.35,74.59,8.58,63.3,39.75,-0.2842,0.5405,0.1159,-0.0244,0.029,1565
Oracle Fin.Serv.,532466,OFSS,IT - Software,0.0686,-0.0547,0.4222,0.033,-0.0026,0.4669,0.524,0.6641,0,30.55,-118.58,85.5,20.08,-0.3697,0.184,0.2934,0.0036,0.296,191
Orbit Exports,512626,ORBTEXP,Textiles & Apparels,-0.0314,-0.3719,0.2037,0.0565,0.1499,0.2257,0.2326,0.7202,0.04,14.23,0.95,4.8,8.38,-0.3295,0.4823,0.1313,-0.0201,-0.0186,LOW LIQUIDITY
Orchid Pharma,524372,ORCHPHARMA,Pharmaceuticals & Biotechnology,-0.131,-1.21,-0.0076,-0.1092,-0.4773,0.0812,0.042,0.1735,0.22,82.51,-1.73,17.2,43.72,-0.5745,0.4081,0.0821,-0.0173,0.5594,901
Oriana Power Ltd,,ORIANA,Electrical Equipment,1.1727,1.4988,0.231,0.4271,0.4595,0.2441,0.3985,1.2257,0.5,23.51,0.51,17.4,15.66,-0.126,1.6779,0.4835,-0.127,0.024,
Oricon Enterpris,513121,ORICONENT,Industrial Products,-0.4634,1.6798,-1.0889,-0.326,-0.8227,0.2726,0.041,-6.6561,0.01,37.89,-0.46,11.3,23.89,-0.0779,1.1781,0.1119,0.0987,0.9346,LOW LIQUIDITY
Orient Bell,530365,ORIENTBELL,Consumer Durables,0.0296,2.2887,0.0562,-0.0007,1.3028,0.0185,0.0191,3.9054,0.12,62.5,0.48,1.9,12.07,-0.2049,0.2932,0.009,0.0056,-1.2938,LOW LIQUIDITY
Orient Cement,535754,ORIENTCEM,Cement & Cement Products,0.1825,20.1595,0.2571,0.0995,2.3763,0.1073,0.172,1.2263,0.04,12.2,0.05,37.3,7.12,-0.4974,0.0114,0.0512,-0.0534,-2.3251,2156
Orient Ceratech,504879,ORIENTCER,Industrial Products,0.6145,3.0486,0.1119,0.1333,0.7131,0.077,0.0701,0.9849,0.16,30.57,0.43,21.2,12.99,-0.2463,0.5117,0.0354,-0.0238,-0.6777,LOW LIQUIDITY
Orient Electric,541301,ORIENTELEC,Consumer Durables,0.0643,0.1552,0.054,0.0183,0.0529,0.045,0.1706,0.6391,0.17,45.9,8.68,121.6,18.64,-0.2775,0.0685,0.1254,0.0224,0.0725,LOW LIQUIDITY
Orient Green,533263,GREENPOWER,Power,0.0799,0.0776,0.7623,0.1173,0.5574,0.4232,0.036,1.6039,0.41,28.06,0.5,154.2,9.07,-0.3124,0.2318,0.0384,0.0067,-0.519,LOW LIQUIDITY
Orient Paper,502420,ORIENTPPR,"Paper, Forest & Jute Products",-0.0403,-0.5565,-0.162,-0.0093,-0.481,-0.0864,-0.0159,0.2435,0.16,,0,7,-33.84,-0.4579,0.161,-0.0308,-0.0329,0.4502,LOW LIQUIDITY
Orient Tech.,544235,ORIENTTECH,IT - Services,0.2226,-0.0591,0.0757,0.135,-0.0028,0.0752,0.2058,-0.1609,0.05,30.33,-109.27,17.8,18.15,-0.4571,0.2452,0.1998,-0.0728,0.2026,978
Oriental Aromat.,500078,OAL,Chemicals & Petrochemicals,0.146,-0.9499,0.0635,0.0405,-0.7152,0.053,0.0268,-0.469,0.6,116.86,-1.63,5.8,19.08,-0.403,0.3483,0.0531,0.0386,0.7683,LOW LIQUIDITY
Oriental Hotels,500314,ORIENTHOT,Leisure Services,0.0695,0.394,0.2382,0.0747,0.269,0.2058,0.1627,1.2518,0.27,43.48,1.62,55.5,17.58,-0.4042,0.0199,0.0599,-0.025,-0.2091,LOW LIQUIDITY
Oriental Rail,531859,,Industrial Products,-0.2834,0.0201,0.1625,-0.0961,0.0072,0.126,0.1024,-0.3503,0.58,36.94,51.4,18.4,15.64,-0.5612,0.2571,0.0923,-0.0598,0.0851,
Orissa Minerals,590086,ORISSAMINE,Minerals & Mining,0.3965,-0.3413,0.0459,0.085,0.0305,-0.3838,0.4283,-6.6776,,,0,-35.7,-136.32,-0.3618,0.1869,0,0,-0.0305,1862
Orkla India,544595,ORKLAINDIA,Food Products,0.0492,-0.0727,0.1634,0,0,0.1524,0.1307,1.0735,0.02,38.44,,,22.83,-0.0695,0.0956,0.098,0.0114,0.098,959
OSEL Devices,,OSELDEVICE,Healthcare Equipment & Supplies,0.6813,0.8964,0.1679,0.3191,0.3581,0.1772,0.2559,-1.1782,0.56,49.53,1.38,13.5,31.63,-0.0074,3.0921,0.3008,-0.3731,-0.0573,
Osia Hyper Reta.,,OSIAHYPER,Retailing,0.0501,0.5549,0.0362,0.0138,0.1619,0.0428,0.0444,-3.456,0.4,14.52,0.9,12.6,6.75,-0.4762,0.7692,0.066,-0.0512,-0.0959,LOW LIQUIDITY
Oswal Agro Mills,500317,OSWALAGRO,Commercial Services & Supplies,-1,-0.1366,,0.1138,0.1187,0.8949,0.6698,0.3835,0,6.92,0.58,12.2,4.32,-0.4126,0.1318,0.1262,0.1207,0.0075,LOW LIQUIDITY
Oswal Green Tech,539290,OSWALGREEN,Finance,0.1517,0.3959,0.1109,-0.216,0.4145,0.2099,0.0095,10.1896,0,75.72,1.83,9.3,26.99,-0.3791,0.1814,0.0034,0.0008,-0.4111,LOW LIQUIDITY
Oswal Pumps,544418,OSWALPUMPS,Industrial Products,0.739,0.4824,0.2372,0.2571,0.1987,0.2672,0.2933,-0.3675,0.08,21.42,1.08,54.9,13.88,-0.2889,0.0904,0.875,0.1048,0.6763,29
Owais Metal,,OWAIS,Ferrous Metals,0.1664,0.0198,0.2929,0.0821,0.0127,0.2854,0.4362,0.2442,0.21,14.04,11.1,9.4,10.77,-0.6935,0.0366,0.5532,0.1041,0.5405,
P & G Health Ltd,500126,PGHL,Pharmaceuticals & Biotechnology,0.0367,0.0754,0.3702,0.3749,0.3083,0.3181,0.7655,0.5404,0.01,31.88,1.03,26.2,22.04,-0.1256,0.2016,0.3642,0.0293,0.0559,250
P & G Hygiene,500459,PGHH,Personal Products,0.0132,-0.0096,0.2476,0.2821,0.2982,0.2633,1.9238,0.6766,0,50.68,1.7,146,34.89,-0.2058,0.066,0.7567,-0.0496,0.4585,313
P I Industries,523642,PIIND,Fertilizers & Agrochemicals,-0.157,-0.1946,0.2891,-0.0648,-0.0904,0.2638,0.171,0.6418,0.02,34.51,-3.82,73.1,21.18,-0.2056,0.1656,0.1761,-0.0352,0.2665,741
P N Gadgil Jewe.,544256,PNGJL,Consumer Durables,0.0881,1.2712,0.0492,0.0435,0.3547,0.0579,0.2264,-2.0037,0.76,29.28,0.83,69.3,18.38,-0.2289,0.3508,0.2097,-0.1574,-0.145,1761
Pace Digitek,544550,PACEDIGITK,Telecom - Services,-0.3696,-0.327,0.1764,0,0,0.2059,0.4105,-0.3502,0.12,19.79,,,9.25,-0.0641,0.0747,0.3138,-0.199,0.3138,754
Page Industries,532827,PAGEIND,Textiles & Apparels,0.0358,-0.0026,0.2165,0.0169,0.0482,0.214,0.6529,1.1743,0.19,56.64,11.76,34.3,36.47,-0.2329,0.0018,0.4854,0.1019,0.4372,49
Paisalo Digital,532900,PAISALO,Finance,0.1977,0.0325,0.7542,0.0992,0.0358,0.7584,2.7469,-1.4117,2.26,15.01,4.2,169.5,10.57,-0.4644,0.162,0.1394,-0.0039,0.1036,970
Pakka,516030,PAKKA,"Paper, Forest & Jute Products",-0.313,-1.125,0.0227,-0.1221,-0.7847,0.07,0.0257,0.1826,0.66,61.79,-0.79,5.2,19.21,-0.6808,0.0529,0.112,-0.0674,0.8967,LOW LIQUIDITY
Panacea Biotec,531349,PANACEABIO,Pharmaceuticals & Biotechnology,-0.0422,-9.0595,-0.1261,0.0801,0.112,-0.0791,-0.0514,0.6998,0.03,,0,16.8,-162.36,-0.3636,0.3175,-0.0492,-0.0217,-0.1612,LOW LIQUIDITY
Panache Digilife,,PANACHE,IT - Services,0.6654,-0.0327,0.0651,0.288,0.1365,0.0747,0.1184,-1.2185,0.38,93.33,6.84,13.1,52.57,-0.1354,1.3753,0.1094,0.0056,-0.0271,LOW LIQUIDITY
Panama Petrochem,524820,PANAMAPET,Petroleum Products,0.1063,0.2019,0.0888,0.0346,0.0073,0.0855,0.1725,0.6576,0.02,9.62,13.23,8.2,6.43,-0.2805,0.13,0.1586,-0.0283,0.1513,LOW LIQUIDITY
Panchmahal Steel,513511,,Industrial Products,-0.0648,-0.691,0.0343,-0.0444,-1.5225,0.0086,-0.0095,-0.497,0.31,,0,7.6,58.54,-0.115,1.3552,0.021,0.0019,1.5435,
Panorama Studios,539469,,Entertainment,-0.0521,-0.6606,0.032,0.2649,-0.0594,0.131,0.1975,-0.4216,0.4,32.38,-5.45,44.7,20.7,-0.2973,0.128,0.2566,-0.1334,0.316,
Pansari Develop.,,PANSARI,Realty,1.325,3.4043,0.3179,0,0,0.3598,0.0801,-1.1464,0.75,55.65,,7.7,39.72,-0.0331,1.3981,0.0573,0.0162,0.0573,LOW LIQUIDITY
Paradeep Phosph.,543530,PARADEEP,Fertilizers & Agrochemicals,0.4878,0.3392,0.0956,0.373,0.8099,0.0933,0.1749,1.2616,0.87,13.31,0.16,165,8.91,-0.32,0.9145,0.1414,0.1086,-0.6685,1018
Parag Milk Foods,539889,PARAGMILK,Food Products,0.1568,0.5628,0.0707,0.0671,0.1344,0.0658,0.1004,0.9364,0.45,33.18,2.47,46.7,16.24,-0.0472,1.6603,0.1234,0.016,-0.011,1050
Paramount Comm.,530555,PARACABLES,Industrial Products,0.2026,-0.3483,0.0145,0.1297,-0.1478,0.0648,0.1395,0.8632,0.14,16.91,-1.14,50.3,10.12,-0.5502,0.0334,0.1277,-0.0562,0.2755,LOW LIQUIDITY
Paras Defence,543367,PARAS,Aerospace & Defense,0.2139,0.4892,0.2808,0.0775,0.1243,0.2457,0.1629,0.4909,0.08,82.69,6.65,69.7,51.44,-0.2586,0.798,0.1153,0.0406,-0.009,911
Parin Enterpris.,,PARIN,Consumer Durables,1.9294,1.363,0.0847,0.4269,0.2124,0.0824,0.1278,-0.814,1.47,78.21,3.68,11,30.35,-0.0132,0.8935,0.1137,0.0736,-0.0987,
Parsvnath Devl.,532780,PARSVNATH,Realty,-0.2813,-0.2221,0.0849,-0.0975,0.0426,-0.0918,-0.642,-17.5285,,,0,-13.7,134.68,-0.4639,0.1958,0,0,-0.0426,LOW LIQUIDITY
Parth Electrical,,PARTH,,0.1502,0.4806,0.1211,0,0,0.0993,0.1282,0.0173,0.13,27.84,,4.2,14.59,-0.197,0.4559,0.3667,-0.016,0.3667,
Pashupati Cotsp.,544448,PASHUPATI,Textiles & Apparels,-0.12,-0.2488,0.0364,0.0051,-0.034,0.0474,0.0794,0.9534,0.51,94.24,-27.7,12.7,34.82,-0.0281,0.7205,0.1034,0.0312,0.1374,LOW LIQUIDITY
Pasupati Acrylon,500456,PASUPTAC,Chemicals & Petrochemicals,1.2521,4.9341,0.0969,0.3493,0.1122,0.0733,0.0984,0.1336,0.29,12.67,1.13,11.6,7.93,-0.0666,0.4897,0.1021,0.0612,-0.0101,LOW LIQUIDITY
Patanjali Foods,500368,PATANJALI,Agricultural Food & other Products,0.2095,0.6723,0.0563,0.0943,0.0966,0.0484,0.1522,0.1086,0.24,44.45,4.6,569.5,30.99,-0.1309,0.1138,0.1206,0.0443,0.024,776
Patel Engineerin,531120,PATELENG,Construction,0.0291,0.1513,0.1313,0.0326,0.0784,0.1543,0.1362,0.4502,0.4,7.63,0.97,63.7,4.29,-0.4099,0.0443,0.104,0.029,0.0256,949
Patel Retail,544487,PATELRMART,Retailing,0.1388,0.7333,0.0744,0,0,0.0633,0.0968,0.5339,0.34,24.73,,6.6,12.31,-0.283,0.0354,0.2206,-0.0504,0.2206,LOW LIQUIDITY
Patil Automation,,PATILAUTOM,Industrial Manufacturing,0.2178,0.2304,0.1473,0.1077,0.1747,0.1458,0.4136,0.0391,0.43,28.1,1.61,,17,-0.3723,0.0968,0.2602,-0.0162,0.0855,
Paushak,532742,,Chemicals & Petrochemicals,0.0256,-0.3937,0.2518,0.0253,0.0668,0.2615,0.1219,0.7464,0.12,31.12,4.66,7.3,20.33,-0.4206,0.2265,0.0976,-0.0287,0.0308,
Pavna Industries,543915,PAVNAIND,Auto Components,-0.1144,-0.5365,0.094,-0.0851,-0.4398,0.0534,0.0307,0.2947,0.35,117.48,-2.67,31.8,18.22,-0.4515,0.1081,0.0506,-0.106,0.4904,LOW LIQUIDITY
PB Fintech.,543390,POLICYBZR,Financial Technology (Fintech),0.3824,1.6615,0.0606,0.1575,0.464,0.0916,0.1661,-0.4816,0.05,185.22,3.99,580.2,129.15,-0.1793,0.4113,0.0513,0.0395,-0.4127,1614
PC Jeweller,534809,PCJEWELLER,Consumer Durables,0.6343,0.1714,0.2155,0.2872,0.0617,0.2562,0.0924,-1.2519,0.22,13.05,2.11,802.5,12.47,-0.4433,0.0715,0.1268,0.3167,0.0651,457
PCBL Chemical,506590,PCBL,Chemicals & Petrochemicals,0.0002,-0.5012,0.123,-0.0035,-0.1931,0.1061,0.0674,0.7346,1.36,37.75,-1.95,128.5,14.53,-0.3281,0.0121,0.1246,-0.0369,0.3177,1015
PDS,538730,PDSL,Textiles & Apparels,0.0341,-0.555,0.0301,0.0391,-0.3065,0.0268,0.1075,-0.0875,0.72,50.96,-1.66,45.9,12.09,-0.4083,0.3449,0.1107,-0.0194,0.4172,827
Pearl Global Ind,532808,PGIL,Textiles & Apparels,0.0924,0.1796,0.0922,0.0635,0.1066,0.0815,0.1946,0.4797,0.58,30.89,2.9,29,17.75,-0.1136,1.0193,0.2431,0.0166,0.1365,270
Pelatro,,PELATRO,Media,0.5801,0.6322,0.1918,0.26,0.2475,0.1886,0.1344,1.1778,0.46,23.91,0.97,4.1,15.34,-0.3927,0.2006,0.2641,0.2641,0.0166,
Peninsula Land,503031,PENINLAND,Realty,-0.3815,-3.0445,0.0889,-0.0531,0.2919,0.1193,-0.1026,-1.7156,2.19,,0,165.1,44.55,-0.4325,0.4806,-0.1226,-0.7962,-0.4145,LOW LIQUIDITY
Pennar Industrie,513228,PENIND,Industrial Manufacturing,0.2126,0.2022,0.0898,0.084,0.1071,0.0864,0.117,0.9281,0.93,23.05,2.15,37.9,10.16,-0.2051,0.6403,0.1255,0.0077,0.0184,1049
Permanent Magnet,504132,,Electrical Equipment,-0.1242,-0.6662,0.1221,-0.0377,-0.2274,0.0994,0.1158,1.6415,0.19,58.25,-2.56,4,22.5,-0.3303,0.3728,0.1149,0.1149,0.3423,
Persistent Systems,533179,PERSISTENT,IT - Software,0.2359,0.4507,0.1908,0.1072,0.2263,0.1686,0.3598,0.6313,0.06,59.84,2.64,218,38.24,-0.0697,0.5223,0.2408,0.0009,0.0145,634
Petro Carbon,,PCCL,Minerals & Mining,0.4758,-0.6461,0.0598,0.2836,-0.5412,0.0478,0.0111,0.9068,1.49,106.71,-1.97,6.3,29.99,-0.2764,0.1867,0.054,-0.6186,0.5952,
Petronet LNG,532522,PETRONET,Gas,-0.1547,-0.0463,0.1014,-0.0696,-0.07,0.1064,0.2153,0.8065,0.12,11.21,-1.6,292.5,5.49,-0.2153,0.0306,0.2116,-0.0099,0.2816,390
Pfizer,500680,PFIZER,Pharmaceuticals & Biotechnology,0.0913,0.1937,0.358,0.0412,0.1028,0.3999,0.2793,0.7732,0.01,32.38,3.15,27.2,20.03,-0.1654,0.3515,0.164,0.003,0.0612,772
PG Electroplast,533581,PGEL,Consumer Durables,-0.0237,-0.8572,0.0459,0.0343,-0.1158,0.0855,0.1079,-0.1689,0.2,64.92,-5.61,161.7,32.43,-0.4504,0.2469,0.1489,-0.04,0.2647,945
Phantom Digital,,PHANTOMFX,Entertainment,1.3911,1.5018,0.2977,0.4839,0.6149,0.2957,0.1181,-0.5733,0.1,12.89,0.21,1.9,8.08,-0.1948,0.6003,0.1305,0.1305,-0.4844,
Phoenix Mills,503100,PHOENIXLTD,Realty,0.2151,0.3938,0.5979,0.0665,0.1479,0.5235,0.076,1.0899,0.46,57.33,3.88,203.2,26.35,-0.0983,0.2229,0.0936,-0.0277,-0.0543,1870
Phoenix Township,537839,,Leisure Services,0.0621,88,0.2954,-0.0844,-0.386,0.2063,0.014,-7.1913,0.86,77.05,-2,1.7,74.23,-0.4977,0.1698,0.0238,0.0148,0.4098,
Physicswallah,544609,PWL,Other Consumer Services,0,0,,0,0,-0.0141,-0.0909,-12.4668,2.65,,,,130.86,-0.1158,0.0432,0,0,0,
Piccadily Agro,530305,PICCADIL,Beverages,0.1476,0.0832,0.2181,0.0837,0.0724,0.2123,0.1646,-0.1592,0.4,56.26,7.77,75.6,31.25,-0.3853,0.2967,0.2007,-0.1054,0.1283,1231
Pidilite Inds.,500331,PIDILITIND,Chemicals & Petrochemicals,0.0988,0.0836,0.2392,0.0515,0.0723,0.2251,0.3084,0.7895,0.05,66.95,9.26,1601,43.07,-0.0885,0.1272,0.2305,0.0023,0.1582,341
Pilani Invest.,539883,PILANIINVS,Finance,0.0541,-0.4246,0.8361,-0.0277,-0.7058,0.8919,-5.8495,2.219,0.13,200.33,-2.84,0.4,30.29,-0.1985,0.5982,0.0064,-0.0065,0.7122,LOW LIQUIDITY
Pine Labs,544606,PINELABS,Financial Technology (Fintech),0,0,,0,0,-0.0094,-0.0294,-2.3266,0.3,,,,84.17,-0.1483,0.0334,-0.0331,0.0884,-0.0331,1513
Piramal Finance.,544597,PIRAMALFIN,Finance,0.2142,1.5022,0.6788,-0.0116,0.2785,0.5899,0.0699,-1.6487,2.61,58.46,2.1,30,16.65,-0.0661,0.296,0.0231,0.0231,-0.2554,1738
Piramal Pharma,543635,PPLPHARMA,Pharmaceuticals & Biotechnology,-0.0883,-5.3922,0.0776,-0.0235,-1.3997,0.0637,0.0197,1.0806,0.6,,0,413.2,20.89,-0.335,0.0469,0.0111,0.0089,1.4108,677
Pitti Engg.,513519,PITTIENG,Industrial Manufacturing,0.0444,0.0449,0.1749,0.0261,-0.0058,0.1378,0.1344,1.2468,0.85,31.06,-53.27,13.7,13.01,-0.4142,0.0611,0.1593,-0.0658,0.1651,LOW LIQUIDITY
Pix Transmission,500333,PIXTRANS,Industrial Products,-0.1349,-0.4192,0.2476,-0.0452,-0.1467,0.2361,0.1884,0.6883,0.05,20.48,-1.4,4.2,12.23,-0.4833,0.1858,0.2073,0.0254,0.354,LOW LIQUIDITY
Plastiblends (I),523648,PLASTIBLEN,Chemicals & Petrochemicals,0.0392,0.1791,0.0564,0.0229,0.0336,0.0584,0.1021,0.203,0.05,13.43,4,2.6,7.59,-0.418,0.0162,0.0758,-0.0068,0.0422,LOW LIQUIDITY
Platinum Industr,544134,PLATIND,Chemicals & Petrochemicals,-0.0126,-0.1619,0.1381,0.0292,-0.147,0.1514,0.1428,-0.1119,0.07,35.24,-2.4,20.2,21.06,-0.4543,0.2438,0.14,-0.0813,0.287,LOW LIQUIDITY
PNB Gilts,532366,PNBGILTS,Finance,-0.1145,-1.4003,0.6581,0.0666,-0.228,0.8596,0.2373,-0.1214,15.13,8.74,-0.38,17.1,16.81,-0.3073,0.1796,0.161,0.1093,0.389,LOW LIQUIDITY
PNB Housing,540173,PNBHOUSING,Finance,0.1608,0.3282,0.9612,0.0697,0.1272,0.9357,2.6612,-1.1519,3.62,10.78,0.85,34.3,11.13,-0.2041,0.2181,0.1227,0.0047,-0.0045,1181
PNC Infratech,539150,PNCINFRA,Construction,-0.2098,0.1457,0.2244,-0.1543,-0.4643,0.2371,0.1393,-0.0283,0.77,16.17,-0.35,26,7.33,-0.267,0.1116,0.1389,-0.0493,0.6032,LOW LIQUIDITY
PNGS Gargi FJ,543709,,Consumer Durables,1.024,1.0177,0.2801,0.0503,0.001,0.295,0.2861,0.4707,0.06,41.43,397.87,9.9,28.22,-0.2477,0.4458,0.4476,0.1066,0.4466,
POCL Enterprises,539195,,Chemicals & Petrochemicals,-0.0278,0.0146,0.05,-0.0011,0.2052,0.0463,0.3059,0.659,0.97,15.88,0.77,10.4,10.57,-0.3322,0.4451,0.3751,0.0788,0.1699,
Pokarna,532486,POKARNA,Consumer Durables,-0.5286,-0.859,0.2008,-0.1615,-0.2318,0.3029,0.1874,0.6293,0.34,20.1,-0.87,11.1,10.82,-0.3565,0.3347,0.2737,0.1155,0.5055,64
Polo Queen Ind.,540717,,Commercial Services & Supplies,-0.111,0.0896,0.0556,-0.1357,0.1695,0.0763,0.0202,0.503,0.06,422.97,24.96,203.7,210.7,-0.8267,0.0293,0.0124,0.0046,-0.1571,
Poly Medicure,531768,POLYMED,Healthcare Equipment & Supplies,0.0568,0.0502,0.2584,0.0258,0.0837,0.2874,0.1548,0.5218,0.08,53.01,6.33,66.6,33.02,-0.3883,0.0395,0.1577,-0.0331,0.074,1276
Polycab India,542652,POLYCAB,Industrial Products,0.178,0.5585,0.1576,0.0976,0.2749,0.1415,0.3244,0.6574,0.02,47.01,1.71,164.5,30.05,-0.0272,0.6878,0.2144,-0.0173,-0.0605,1165
Polyplex Corpn,524051,POLYPLEX,Industrial Products,0.0317,-0.7187,0.0572,0.0157,-0.6478,0.0198,0.0211,0.8959,0.24,37.28,-0.58,2.1,6.04,-0.4121,0.0103,0.0572,0.0463,0.705,LOW LIQUIDITY
Polysil Irrigati,,POLYSIL,Industrial Products,0.7606,0.0288,0.1724,0.4805,-0.0216,0.0234,-0.0416,3.02,0.46,,0,27.1,591.71,-0.0481,19.9754,-0.0776,-0.1803,-0.056,
Pondy Oxides,532626,POCL,Diversified Metals,0.1084,1.046,0.0843,0.1092,0.4799,0.0606,0.2001,-0.8148,0.05,44,0.92,18.6,27.4,-0.0786,1.8339,0.1366,0.0077,-0.3433,1365
Poonawalla Fin,524000,POONAWALLA,Finance,0.5597,1.1575,0.4919,0.2124,-3.0844,0.4558,7.4917,-7.6952,3.64,174.77,-0.57,313.3,30.88,-0.1785,0.7537,-0.0128,-0.153,3.0716,1708
Popular Vehicles,544144,PVSL,Automobiles,0.0117,-1.0159,0.0296,0.0067,1.2302,0.0086,-0.0104,1.9798,1.76,,0,11.4,13.57,-0.2399,0.6373,-0.0225,-0.1662,-1.2527,LOW LIQUIDITY
Power Fin.Corpn.,532810,PFC,Finance,0.1232,0.0831,0.9476,0.0596,0.0764,0.963,1.6959,-0.8931,7.88,4.98,0.65,320.5,10.19,-0.2868,0.0459,0.2101,-0.0032,0.1337,LOW LIQUIDITY
Power Grid Corpn,532898,POWERGRID,Power,0.0176,-0.0598,0.789,0.0085,-0.0054,0.5892,0.0885,1.3053,1.37,16.83,-30.96,2405.8,9.58,-0.2034,0.1126,0.17,-0.0121,0.1754,692
Power Mech Proj.,539302,POWERMECH,Construction,0.1954,0.117,0.1182,0.0933,0.0006,0.1163,0.2332,0.0013,0.42,23.25,361.48,10.5,10.88,-0.2966,0.4141,0.1633,0.0047,0.1627,497
Powergrid Infra.,543290,PGINVIT,Power,-0.0104,1.7779,1.2932,-0.0044,0.1502,1.3366,0.1358,0.8632,0.14,6.46,0.43,103.9,4.56,-0.026,0.2799,0.1541,0.0318,0.0039,
PPAP Automotive,532934,PPAP,Auto Components,-0.0545,-1.0175,0.0929,-0.0251,-0.7452,0.0352,0.0112,2.0612,0.65,188.83,-2.53,1.6,9.43,-0.2209,0.5138,0.0237,0.0694,0.7689,LOW LIQUIDITY
Prabha Energy,544379,PRABHA,Oil,0.8247,-0.6667,-0.1751,0.2506,0.0345,-0.4332,-0.0025,3.2394,0.34,,0,87.8,-1763.74,-0.372,0.319,-0.0033,-0.0011,-0.0378,LOW LIQUIDITY
Pradeep Metals,513532,,Auto Components,0.1548,0.1422,0.1683,0.0561,0.0369,0.1288,0.2061,0.8148,0.46,15.89,4.3,5,9.19,-0.3174,0.1971,0.2048,-0.0079,0.1679,
Praj Industries,522205,PRAJIND,Industrial Manufacturing,0.0312,-0.6418,0.0664,-0.0104,-0.4355,0.055,0.1362,0.1587,0.16,59.46,-1.37,88.6,22.79,-0.6099,0.0535,0.1408,-0.0926,0.5763,971
Prakash Industri,506022,PRAKASH,Ferrous Metals,-0.3285,-0.3188,0.1496,-0.1204,-0.074,0.1053,0.091,0.3543,0.1,7.58,-1.02,13,4.88,-0.2746,0.0457,0.1115,0.0073,0.1855,705
Prakash Pipes,542684,PPL,Industrial Products,-0.096,-0.6148,0.085,-0.0264,-0.3598,0.1014,0.1546,0.6155,0.03,11.64,-0.32,3.2,4.32,-0.5502,0.012,0.205,-0.0471,0.5648,494
Prataap Snacks,540724,DIAMONDYD,Food Products,-0.0248,-0.9269,0.0438,-0.0061,0.5658,-0.0131,-0.0222,-2.4521,0.11,,0,8.7,55.09,-0.1922,0.2129,-0.0122,-0.0882,-0.578,2206
Praveg,531637,,Leisure Services,0.1927,-7.8099,0.0963,0.1319,-1.1595,0.0673,-0.0013,1.0898,0.24,,0,4.8,18.72,-0.599,0.0507,0.0444,-0.0193,1.2039,
Prec. Wires (I),523539,PRECWIRE,Industrial Products,0.1855,0.848,0.0569,0.0934,0.2421,0.0467,0.1976,1.0093,0.19,41.38,1.71,125.3,20.41,-0.079,1.1666,0.1654,0.0133,-0.0767,905
Precision Camshf,539636,PRECAM,Auto Components,-0.1195,-0.2429,0.0663,-0.1008,0.1067,0.0744,0.0696,2.6166,0.08,52.8,4.95,20.6,16.02,-0.5136,0.3253,0.0393,0.0007,-0.0674,LOW LIQUIDITY
Precot,,PRECOT,Textiles & Apparels,-0.1579,-0.3311,0.1181,-0.0098,0.3817,0.1027,0.0893,1.1708,0.81,12.18,0.32,1.4,8.16,-0.336,0.3848,0.0755,0.0322,-0.3062,LOW LIQUIDITY
Prem. Explosives,526247,PREMEXPLN,Chemicals & Petrochemicals,-0.2011,1.2336,0.0873,0.0965,0.7531,0.1541,0.2214,2.4382,0.12,61.25,0.81,59.8,37.59,-0.1664,0.8456,0.1225,-0.0129,-0.6306,1863
Premier Energies,544238,PREMIERENE,Electrical Equipment,0.2028,0.7161,0.3053,0.0726,0.2858,0.2501,0.3897,0.959,0.47,37.71,1.32,590.6,19.04,-0.2838,0.3157,0.5355,0.0989,0.2497,80
Premier Polyfilm,514354,PREMIERPOL,Industrial Products,0.044,0.0191,0.167,0.0362,0.0123,0.1336,0.2819,0.6468,0,15.26,12.37,31.8,9.61,-0.5526,0.0074,0.2445,0,0.2322,LOW LIQUIDITY
Prestige Estates,533274,PRESTIGE,Realty,0.0552,1.2388,0.3741,0.0779,0.6479,0.3265,0.0723,0.0628,0.92,96.63,1.49,201.3,24.87,-0.0962,0.6386,0.0348,-0.0423,-0.6131,2131
Prevest Denpro,543363,,Healthcare Equipment & Supplies,0.1476,0.1508,0.3591,0.0758,0.094,0.3922,0.2272,0.6109,0,28.03,2.98,5.8,17.2,-0.3222,0.1814,0.1874,-0.0124,0.0934,
Pricol Ltd,540293,PRICOLLTD,Auto Components,0.5054,0.4198,0.1172,0.2279,0.162,0.0843,0.2138,1.3151,0.15,42.35,2.61,86.7,21.04,-0.0142,0.7972,0.176,-0.0119,0.014,1091
Prime Focus,532748,PFOCUS,Entertainment,0.1827,-0.8922,0.2394,0.1038,-2.1309,0.1802,0.0715,0.5918,3.02,109.61,-0.51,588.5,14.74,-0.1649,1.0018,-0.167,1.5153,1.9639,405
Prime Fresh,540404,,Agricultural Food & other Products,0.2222,0.0618,0.0656,0.1053,0.0384,0.0599,0.1613,-0.8216,0.02,36.45,9.5,6,24.86,-0.2213,1.3761,0.1376,-0.0132,0.0992,
Prime Securities,500337,PRIMESECU,Finance,0.0469,-0.1994,0.1998,0.259,-0.0602,0.294,0.1463,0.6772,0.01,31.8,-5.28,15.5,30.11,-0.0471,0.5964,0.1946,0.0641,0.2548,LOW LIQUIDITY
Primo Chemicals,506852,PRIMO,Chemicals & Petrochemicals,0.0028,-0.6783,0.1136,0.0482,1.9333,0.0787,0.0356,1.7232,0.41,52.3,0.27,32.2,7.03,-0.5036,0.0706,0.0089,0.0736,-1.9244,LOW LIQUIDITY
Prince Pipes,542907,PRINCEPIPE,Industrial Products,-0.0442,-0.0054,0.0927,-0.0204,-0.4561,0.0191,0.0173,1.7514,0.15,140.95,-3.09,22.7,21.14,-0.3593,0.409,0.0273,-0.0868,0.4834,LOW LIQUIDITY
Prism Johnson,500338,PRSMJOHNSN,Cement & Cement Products,0.1309,1.0317,0.1004,0.0533,-2.3075,0.0261,0.0224,8.7211,1.16,97.37,-0.42,251.6,11.95,-0.3063,0.3778,-0.04,-0.0204,2.2675,1281
Privi Speci.,530117,PRIVISCL,Chemicals & Petrochemicals,0.2739,1.1028,0.2682,0.1146,0.4333,0.1907,0.2215,0.8131,0.86,47.05,1.09,39.6,23.24,-0.066,1.3764,0.1836,0.0784,-0.2497,657
Prizor Viztech,,PRIZOR,Industrial Manufacturing,0.3539,0.3808,0.2276,0.1562,0.1606,0.2165,0.2687,-0.9344,0.42,30.01,1.87,7.8,20.57,-0.0866,2.1461,0.4101,-1.0126,0.2495,
PropsharePlatina,544295,,,0,0,0.9455,,,0.7042,0.0243,,0,39.2,,0,14.32,-0.0448,0.0889,0,0,,
PropshareTitania,544462,,Realty,0,0,,0,0,0.7188,27.1818,1.4229,0,53.18,,0,14.26,-0.0009,0.023,0.1027,0.0383,0.1027,
Prostarm Info,544410,PROSTARM,Electrical Equipment,-0.3441,-0.3966,0.1754,-0.2219,-0.1923,0.1426,0.156,-0.1214,0.06,38.49,-2,20.1,23.31,-0.3642,0.5049,0.3,-0.0228,0.4923,256
Protean eGov,544021,PROTEAN,IT - Services,0.1402,-0.1491,0.1171,0.0536,0.0083,0.1383,0.2132,1.6333,0.07,37.33,44.94,13.6,21.27,-0.5965,0.1688,0.0938,-0.0153,0.0855,1466
Proventus Agro.,,PROV,Food Products,0.3278,0.3727,0.0228,0.1667,0.6386,0.0184,0.0757,-0.1966,0.19,50.84,0.8,1.2,34.98,-0.2366,0.6578,0.0443,0.0038,-0.5943,LOW LIQUIDITY
Prozone Realty,534675,PROZONER,Realty,-0.0546,2.1429,0.3784,0.0189,-0.224,0.2832,-0.0299,1.1378,0.9,,0,27.9,15.33,-0.2237,1.5389,-0.0785,-0.0862,0.1455,LOW LIQUIDITY
Prudent Corp.,543527,PRUDENT,Capital Markets,0.1178,0.0392,0.2257,0.0426,0.0495,0.2351,0.7296,0.6075,0.04,49.55,10.01,55.2,32.63,-0.228,0.5646,0.3404,0.0064,0.2909,172
PSP Projects,540544,PSPPROJECT,Construction,0.2,0.3354,0.0693,0.0067,-0.5443,0.0325,0.0462,0.4397,0.3,147.18,-2.7,12.4,25.85,-0.0596,0.61,0.054,-0.0904,0.5983,1477
PTC India,532524,PTC,Power,0.0645,0.2642,0.0505,-0.0263,-0.0198,0.0855,0.1595,1.8437,0.39,7.37,-3.72,24.6,2.37,-0.2077,0.2844,0.1228,0.0271,0.1426,556
PTC India Fin,533344,PFS,Finance,-0.1933,0.8619,1.343,-0.0869,0.613,1.1887,0.3201,1.9001,0.76,6.4,0.1,48.3,5.02,-0.2409,0.2816,0.082,0.0175,-0.531,LOW LIQUIDITY
PTC Industries,539006,PTCIL,Industrial Products,0.7221,0.0479,0.2065,0.3329,0.0185,0.2159,0.0554,0.1544,0.13,410.87,222.37,27.3,215.35,-0.0425,0.7661,0.0607,-0.0282,0.0422,1845
PTL Enterprises,509220,PTL,Commercial Services & Supplies,0,0.0625,0.9105,-0.0002,0.1336,0.9674,0.0985,0.4202,0.01,12.83,0.96,7.8,8.32,-0.1657,0.1486,0.0429,0.0124,-0.0907,LOW LIQUIDITY
Pudumjee Paper,539785,PDMJEPAPER,"Paper, Forest & Jute Products",-0.069,-0.4315,0.1358,-0.0269,0.0177,0.1601,0.1766,0.6632,0.02,10.63,6.02,14.6,6.96,-0.5584,0.1357,0.1674,-0.0417,0.1497,LOW LIQUIDITY
Pun. & Sind Bank,533295,PSB,Banks,0.0949,0.2293,0.6775,0.0451,0.1402,0.7988,0.1523,-0.2538,10.87,19.16,1.37,1155.4,17.16,-0.4444,0.2403,0.0703,0.0315,-0.0699,LOW LIQUIDITY
Pune e,544141,,Capital Markets,-0.3455,-0.2085,0.3653,-0.3327,-0.051,0.5434,0.117,-2.2022,0.36,20.68,-4.05,3.1,8.59,-0.0782,0.7072,0.1207,-0.0013,0.1717,
Punjab Chemicals,506618,PUNJABCHEM,Fertilizers & Agrochemicals,0.0538,0.4988,0.1028,0.1003,0.3113,0.0903,0.1526,0.335,0.31,30.3,0.97,5.1,15.19,-0.1876,1.0446,0.1202,-0.0532,-0.1911,LOW LIQUIDITY
Punjab Natl.Bank,532461,PNB,Banks,0.0678,0.0872,0.7448,0.0443,-0.078,0.8736,0.1374,0.2069,12.22,8.44,-1.08,1161.3,16.06,-0.0031,0.4634,0.1517,0.0663,0.2297,227
Puravankara,532891,PURVA,Realty,0.3,-1.4905,0.1613,0.0073,0.5879,0.1222,-0.4902,-1.5581,2.78,,0,85.9,33.53,-0.4667,0.206,-0.1005,-0.1224,-0.6884,LOW LIQUIDITY
Purple United,,PURPLEUTED,Textiles & Apparels,0.9911,0.535,0.2075,0.2931,0.1681,0.1717,0.221,-1.6392,0.85,44.51,2.65,8,22.54,-0.0367,3.7378,0.2689,-0.0365,0.1008,
PVP Ventures,517556,PVP,Realty,4.3742,-0.2137,0.1398,1.0518,0.6667,0.3279,-0.0092,10.7363,0.85,,0,113.9,53.06,-0.007,1.0192,-0.0065,0.0255,-0.6732,LOW LIQUIDITY
PVR Inox,532689,PVRINOX,Entertainment,0.1239,9.9576,0.3354,0.0829,-0.8756,0.1165,-0.0024,4.7507,1.05,,0,15.1,8.91,-0.3119,0.3501,-0.0418,-0.0347,0.8338,1501
Pyramid Technopl,543969,PYRAMID,Industrial Products,0.2079,0.0771,0.0742,0.0978,0.0437,0.0637,0.1058,0.9131,0.54,20.92,4.79,8.1,13.96,-0.3409,0.1654,0.1116,-0.0668,0.0679,LOW LIQUIDITY
Quadrant Future,544336,QUADFUTURE,Industrial Products,-0.132,-3.4635,-0.3747,-0.0109,0.842,-0.2426,-0.1266,4.0134,0.09,,0,18.8,-75.37,-0.5741,0.1026,-0.1143,-0.4198,-0.9563,2253
Qualitek Labs,544091,,Commercial Services & Supplies,0,0,0.2069,0,0,0.1798,0.0494,0.8314,0.51,74.45,,3.8,32.01,-0.1241,0.8693,0,0,0,
Quality Power El,544367,QPOWER,Electrical Equipment,1.1817,1.0351,0.1761,0.6735,0.2955,0.2691,0.1576,0.565,0.08,73.77,2.5,100.4,37.11,-0.2732,1.9365,0.2206,-0.0604,-0.0749,1505
Quess Corp,539978,QUESS,Commercial Services & Supplies,0.0342,0.0152,0.02,0.0128,0.193,0.0172,0.2659,1.5489,0.11,15.68,0.81,44.5,10.54,-0.4117,0.0739,0.0916,-0.0123,-0.1014,1782
Quest Capital,500069,,Capital Markets,-0.2468,-0.283,0.8793,0.0139,0.0031,0.9767,6.012,1.503,0,16.25,53.16,0.3,12.36,-0.4385,0.0299,0.017,-0.0073,0.0139,
Quick Heal Tech,539678,QUICKHEAL,IT - Software,0.1365,0.906,0.1105,-0.0108,-1.2691,-0.0194,-0.0039,20.8411,0,,0,20.7,215.17,-0.5551,0.2839,0.0063,-0.0467,1.2754,1411
R C F,524230,RCF,Fertilizers & Agrochemicals,0.2338,0.3342,0.0404,-0.0013,0.3175,0.0375,0.0803,4.096,0.56,26.7,0.84,92.7,10.85,-0.2066,0.3874,0.0503,0.0083,-0.2672,LOW LIQUIDITY
R K Swamy,544136,RKSWAMY,Media,0.1224,0.0385,0.0808,0.0585,0.0408,0.0937,0.1137,-0.3822,0.15,32.85,8.04,13.1,12.32,-0.5646,0.0436,0.0758,-0.1976,0.035,LOW LIQUIDITY
R M Drip & Sprin,544456,RMDRIP,Industrial Products,0.8087,2.2141,0.2772,0.2112,0.3134,0.2913,0.3553,-0.6601,0.41,63.67,2.03,576.7,41.45,-0.0739,1.6526,0.397,0.1943,0.0836,LOW LIQUIDITY
R R Kabel,543981,RRKABEL,Industrial Products,0.1954,1.3473,0.0812,0.0793,0.3325,0.0732,0.244,1.0797,0.17,38.12,1.15,74.4,23.16,-0.1268,0.8132,0.1522,-0.029,-0.1803,1671
R Systems Intl.,532735,RSYSTEMS,IT - Services,0.1228,-0.1123,0.1446,0.0634,0.439,0.1487,0.2712,1.1768,0.19,26.52,0.6,85.6,14.47,-0.1914,0.5436,0.2124,-0.0304,-0.2266,LOW LIQUIDITY
R&B Denims,538119,RNBDENIMS,Textiles & Apparels,0.2065,0.5366,0.1065,0.1187,0.5548,0.1286,0.2561,0.5391,0.45,35.15,0.63,53.7,18.19,-0.1784,0.7699,0.1233,-0.0296,-0.4315,LOW LIQUIDITY
RACL Geartech,520073,RACLGEAR,Auto Components,0.1554,1.4088,0.2066,0.0249,0.3271,0.1725,0.1083,0.9916,0.7,36.24,1.11,4.5,14.03,-0.2098,0.6428,0.1203,-0.0986,-0.2068,2022
Radhika Jeweltec,540125,RADHIKAJWE,Consumer Durables,0.0119,0.7401,0.1932,0.0119,0.1723,0.1699,0.2969,0.1887,0.13,14.01,0.81,36.1,9.96,-0.3447,0.1786,0.2046,-0.0017,0.0323,LOW LIQUIDITY
Radiant Cash,543732,RADIANTCMS,Commercial Services & Supplies,-0.0216,-0.3181,0.1126,-0.005,-0.1603,0.126,0.2376,0.4883,0.57,14.44,-0.9,23,7.31,-0.3519,0.0695,0.1767,0.1767,0.337,LOW LIQUIDITY
Radico Khaitan,532497,RADICO,Beverages,0.3383,0.6907,0.1591,0.156,0.345,0.1243,0.2115,0.672,0.21,93.13,2.7,198.4,52.1,-0.0565,0.7499,0.1362,0.0233,-0.2088,1128
Raghav Product.,539837,RPEL,Industrial Products,0.2946,0.5817,0.2936,0.1406,0.26,0.2576,0.2568,0.8155,0.03,106.53,4.1,103.4,73.86,-0.0049,1.3467,0.2051,0.0283,-0.0549,578
Raghuvir Synth,514316,,Textiles & Apparels,0.1856,-0.4439,0.0491,0.0692,0.2152,0.038,0.1662,2.0177,0.78,38.12,1.77,38.7,20.01,-0.6554,0.0159,0.2944,0.0757,0.0792,
Rail Vikas,542649,RVNL,Construction,0.0552,-0.1973,0.0423,0.0052,-0.1139,0.0971,0.2099,0.8578,0.52,58.79,-5.16,1456.2,35.3,-0.362,0.0843,0.1401,-0.0541,0.254,LOW LIQUIDITY
Railtel Corpn.,543265,RAILTEL,Telecom - Services,0.1279,0.054,0.1624,0.0844,0.0272,0.117,0.2005,0.597,0.03,34.78,12.81,170.9,17.41,-0.2681,0.3213,0.1646,0.0122,0.1374,462
Rain Industries,500339,RAIN,Chemicals & Petrochemicals,0.1376,1.5919,0.1401,0.0616,-0.7656,0.0738,0.0114,2.7203,1.39,,0,18.2,5.66,-0.4263,0.008,-0.0808,0.0387,0.6848,LOW LIQUIDITY
Rainbow Child.,543524,RAINBOW,Healthcare Services,0.0655,-0.0459,0.3347,0.033,0.0681,0.267,0.1551,0.9919,0.54,53.67,7.89,91.1,25.84,-0.2155,0.1124,0.1743,-0.008,0.1062,827
Rainbow Foundat.,531694,,Realty,0.0466,-0.2533,0.2736,0.1283,-0.015,0.2527,0.132,-2.0105,6.99,44.4,-29.64,21,20.55,-0.4926,2.346,0.1051,0.0601,0.1201,
Raj Rayon Inds.,530699,RAJRILTD,Textiles & Apparels,0.5064,2.8608,0.0488,0.1946,1.5836,0.0458,0.1219,1.6859,1.52,38.06,0.24,552,25.16,-0.2345,0.3574,0.1529,0.1216,-1.4307,LOW LIQUIDITY
Rajapalayam Mill,532503,,Textiles & Apparels,0.0535,4.2203,0.1723,-0.0191,2.3176,0.0415,0.0712,7.8082,0.5,14.26,0.06,0.3,17.16,-0.272,0.1161,0.0071,-0.0004,-2.3105,
Rajasthan Gases,526873,,Petroleum Products,0,0,,,-319.25,7.7628,0.7297,-14.25,0.26,6.92,0,34.9,5.83,-0.3984,0.4239,-0.0049,0.0223,319.2451,
Rajesh Exports,531500,RAJESHEXPO,Consumer Durables,1.6181,1.2838,0.001,0.4242,0.3911,0.0005,0.031,32.2869,0.05,42.25,1.08,9.9,10.49,-0.2792,0.2507,0.0061,-0.0163,-0.385,2101
Rajesh Power,544291,,Other Utilities,1.0374,1.1976,0.1316,0.3031,0.3596,0.1238,1.0042,-0.1603,0.26,19.71,0.55,13.4,13.46,-0.2143,1.0231,0.5083,0.1443,0.1487,
Rajoo Engineers,522257,RAJOOENG,Industrial Manufacturing,0.6238,0.7881,0.1985,0.2746,0.4239,0.2198,0.2512,1.4847,0.05,26.01,0.61,76.5,17.1,-0.7448,0.014,0.2612,0.0857,-0.1627,LOW LIQUIDITY
Rajratan Global,517522,RAJRATAN,Auto Components,0.1991,0.0787,0.136,0.0804,0.0003,0.1064,0.1012,0.5385,0.62,38.91,1139.28,19.2,19.52,-0.1398,0.796,0.1114,-0.0426,0.1111,1561
Rallis India,500355,RALLIS,Fertilizers & Agrochemicals,-0.0722,-0.0039,0.1789,0.0402,0.3758,0.0899,0.1202,1.4831,0.03,28.1,0.75,45.5,13.18,-0.3605,0.2592,0.0665,-0.0165,-0.3093,1977
Ram Ratna Wires,522281,RAMRAT,Electrical Equipment,0.2379,0.2656,0.0466,0.0855,0.0514,0.0428,0.1421,1.5308,1.24,40.01,7.78,26.2,17.32,-0.2237,0.3378,0.1489,0.006,0.0975,LOW LIQUIDITY
Rama Phosphates,524037,RAMAPHO,Fertilizers & Agrochemicals,0.1728,4.6104,0.1093,0.0979,2.0908,0.0928,0.1324,1.0228,0.26,15.04,0.07,5.6,8.67,-0.1739,1.2413,0.0377,0.1317,-2.0531,1645
Rama Steel Tubes,539309,RAMASTEEL,Industrial Products,0.2182,-0.6568,0.0153,0.1039,0.1796,0.0321,0.0529,1.5855,0.27,86.48,4.82,578.1,39.38,-0.3251,0.1974,0.0462,-0.0534,-0.1334,2100
Ramco Inds.,532369,RAMCOIND,Other Construction Materials,0.0349,1.4182,0.1434,-0.0024,0.2764,0.1092,0.2618,0.8323,0.04,11.78,0.43,5.4,12.87,-0.2128,0.4574,0.0437,0.017,-0.2327,LOW LIQUIDITY
Ramco Systems,532370,RAMCOSYS,IT - Software,0.2335,2.2926,0.2241,0.0974,-1.2543,0.0444,0.0494,-5.5837,0.15,269.81,-2.15,27,17.68,-0.061,1.3172,-0.1087,0.4641,1.1456,439
Ramkrishna Forg.,532527,RKFORGE,Auto Components,-0.1387,-1.1638,0.1297,-0.0224,-0.4538,0.0507,0.0484,0.1057,0.89,43.78,-0.96,57.7,24.46,-0.4716,0.0503,0.144,-0.003,0.5978,375
Ramky Infra,533262,RAMKY,Construction,-0.1058,-0.0382,0.1754,-0.1202,0.0244,0.2269,1.0277,0.8295,0.3,21.65,8.88,14.7,10.05,-0.1085,0.6823,0.1087,-0.0892,0.0843,1785
Rane (Madras),532661,RML,Auto Components,0.0827,0.204,0.086,0.0392,-0.0227,0.0497,0.0828,1.9431,1.16,40.31,-17.74,8.8,9.59,-0.2325,0.4077,0.1195,-0.4966,0.1422,1756
Rane Holdings,505800,RANEHOLDIN,Finance,0.5267,-0.0145,0.0694,0.2218,-0.0849,0.0459,0.0676,2.4019,0.94,28.12,-3.31,2.6,6.86,-0.2411,0.286,0.0802,-0.1271,0.1651,LOW LIQUIDITY
Rashi Peripheral,544119,RPTECH,IT - Hardware,0.1212,-0.161,0.0249,-0.0483,-0.0245,0.028,0.1445,-0.8598,0.52,10.96,-4.47,7.8,8.14,-0.2641,0.3645,0.1252,0.0065,0.1497,LOW LIQUIDITY
Rategain Travel,543417,RATEGAIN,IT - Software,0.0642,-0.023,0.1818,0.0285,0.0068,0.247,0.1582,0.4381,0.01,40.18,58.82,54.7,25.96,-0.0663,0.9511,0.1327,-0.0017,0.1259,916
Ratnabhumi Dev.,540796,,Realty,-0.8737,-0.5818,0.4548,-0.4346,-0.0613,0.1702,0.0482,4.1224,3.02,59.44,-9.7,10.1,21.18,-0.0828,1.6411,0.1502,0.1414,0.2115,
Ratnamani Metals,520111,RATNAMANI,Industrial Products,0.2269,0.3569,0.1773,0.0363,0.1177,0.1621,0.212,0.6932,0.06,27.33,2.32,30,16.93,-0.3597,0.0484,0.1601,-0.0562,0.0424,1501
Ratnaveer Precis,543978,RATNAVEER,Industrial Products,0.243,0.2565,0.099,0.1304,0.1194,0.0736,0.1205,1.2946,0.51,15.96,1.34,10.5,10.09,-0.4248,0.4559,0.1503,-0.023,0.0309,LOW LIQUIDITY
RattanIndia Ent,534597,RTNINDIA,Retailing,0.1795,-0.6436,-0.2054,0.1452,-5.9723,-0.0473,-0.1982,1.2446,1.07,,0,837.7,-20.32,-0.3899,0.2114,0.0959,-0.662,6.0682,1312
RattanIndia Pow.,533122,RTNPOWER,Power,-0.0421,-22.3704,0.0791,-0.0422,-0.6142,0.1844,0.0102,0.5851,0.85,63.73,-1.04,644.9,10.47,-0.4002,0.2038,0.0496,0.0496,0.6638,385
Ravinder Heights,543251,RVHL,Realty,391.9286,665.5,0.9516,-504.8182,-13.5556,0.8997,1.7963,2.2906,0,9.57,-0.01,6,6.84,-0.2944,0.5278,-0.0123,0.0061,13.5433,LOW LIQUIDITY
Ravindra Energy,504341,RELTD,Electrical Equipment,6.7234,20.9929,0.3096,0.9771,2.1334,0.2012,0.1047,1.6477,0.98,36.67,0.17,136.7,28.65,-0.1195,0.8136,0.1078,0.0018,-2.0256,LOW LIQUIDITY
Raymond,500330,RAYMOND,Realty,0.1143,68.0019,0.0815,0.0661,6.6414,0.0768,0.0888,2.0128,0.32,18.12,0.03,6.9,13.16,-0.3528,0.2065,0.0059,0.0052,-6.6355,2053
Raymond Lifestyl,544240,RAYMONDLSL,Textiles & Apparels,0.0727,-0.136,0.1233,0.0541,0.2281,0.0537,0.0123,1.2192,0.26,87.01,3.81,4.4,13.11,-0.5025,0.316,0.0067,0.0067,-0.2214,1904
Raymond Realty,544420,RAYMONDREL,Realty,2.0793,11.2317,0.1318,0,0,0.1079,0.006,-3.8787,0.42,47.69,,17.1,60.85,-0.5092,0.0246,0.7231,0.7231,0.7231,19
RBL Bank,540065,RBLBANK,Banks,-0.0066,-0.1977,0.3572,-0.0056,-0.3089,0.5841,0.0201,-0.1021,8.32,39.55,-1.28,73.4,17.17,-0.0675,1.1205,0.0457,-0.0366,0.3546,1420
RBM Infracon,,RBMINFRA,Commercial Services & Supplies,1.7473,1.7192,0.1341,0.5614,0.5775,0.1287,0.3244,-0.0828,0.21,10.41,0.18,2.9,7.73,-0.4849,0.9172,0.2475,0.0537,-0.33,
RBZ Jewellers Lt,544060,RBZJEWEL,Consumer Durables,0.2443,1.2999,0.1944,0.0408,0.2201,0.1352,0.2094,-0.2389,0.55,12.7,0.58,8.9,9.62,-0.4044,0.398,0.1715,0.0276,-0.0486,LOW LIQUIDITY
RDB Infrastruc.,533285,,Realty,-0.4304,0.7941,0.0411,0.2123,0.5632,0.1284,0.0625,-6.7845,0.11,120.52,2.14,91.7,63.4,-0.1833,0.4626,0.0609,-0.0137,-0.5023,
REC Ltd,532955,RECLTD,Finance,0.1075,0.0934,0.9686,0.0558,0.087,0.9671,1.5975,-0.7201,6.18,5.48,0.63,298.6,10.51,-0.373,0.0311,0.2151,-0.0069,0.1281,601
Redington,532805,REDINGTON,Commercial Services & Supplies,0.1679,0.3242,0.0203,0.0891,0.1668,0.0201,0.2116,0.1357,0.29,16.82,1.01,199.3,10.09,-0.1223,0.6613,0.1439,-0.0239,-0.0229,1497
Redtape,543957,REDTAPE,Consumer Durables,0.1842,0.0985,0.1478,0.0505,0.0676,0.1466,0.2118,0.0148,1.08,39.97,5.91,465.7,20.43,-0.4294,0.1244,0.2355,-0.0779,0.1679,LOW LIQUIDITY
Refex Industries,532884,REFEX,Chemicals & Petrochemicals,-0.0027,0.4107,0.1651,-0.1342,0.1049,0.1165,0.1735,-1.1643,0.14,26.77,2.55,48.1,16.09,-0.4033,0.0268,0.1891,-0.0516,0.0842,1214
Regaal Resources,544485,REGAAL,Agricultural Food & other Products,0.5647,0.2775,0.1095,0,0,0.1105,0.0772,-0.1107,1.09,17.35,,20,10.4,-0.4054,0.0437,0.2521,0.0732,0.2521,118
Rel. Indl. Infra,523445,RIIL,Transport Services,-0.0057,-0.0192,-0.1726,-0.0002,0.0109,0.2924,0.0425,-0.2225,0,107.99,99.43,4.2,82.09,-0.3131,0.1912,0.0257,-0.0038,0.0148,1770
Relaxo Footwear,530517,RELAXO,Consumer Durables,-0.0748,-0.0155,0.1291,-0.0518,0.0232,0.0968,0.1157,1.6019,0.1,59.07,25.41,121.5,25.3,-0.404,0.1019,0.0831,-0.0209,0.0599,LOW LIQUIDITY
Reliance Communi,532712,RCOM,Telecom - Services,-0.0114,-1.7419,-0.6207,-0.0391,-0.9771,-0.4738,0.0025,-0.2737,,,0,-1,-1002.83,-0.4774,0.114,0,0,0.9771,LOW LIQUIDITY
Reliance Industr,500325,RELIANCE,Petroleum Products,0.0997,0.0967,0.1802,0.0382,0.1151,0.1413,0.0655,1.3866,0.43,26.82,2.33,3170.6,11.82,-0.0207,0.3624,0.084,-0.0068,-0.0311,1669
Reliance Infra.,500390,RELINFRA,Power,-0.141,0.5047,0.1693,-0.1292,0.0888,0.4994,-1.4592,0.3988,0.34,1.55,0.17,17.7,0.84,-0.578,0.0953,0.3752,0.5422,0.2864,62
Reliance Power,532939,RPOWER,Power,0.1217,1.3849,0.3129,0.0142,-2.9781,0.2681,0.0122,1.0178,0.92,55.14,-0.19,413.6,10.38,-0.478,0.2769,-0.0108,0.1644,2.9673,392
Religare Enterp.,532915,RELIGARE,Finance,0.0576,-0.2435,0.0295,0.0316,-0.1604,0.0308,-0.0331,5.1397,0.11,81.52,-5.08,97.5,27.04,-0.1911,0.2786,0.0515,-0.0017,0.2119,1182
Remsons Ind,530919,REMSONSIND,Auto Components,0.2659,0.2971,0.1152,0.1259,0.1662,0.0879,0.128,0.7692,0.77,26.76,1.61,11.6,10.36,-0.265,0.2704,0.1219,-0.0549,-0.0443,1874
Remus Pharma.,,REMUS,Pharmaceuticals & Biotechnology,0.4677,0.2491,0.0672,0.2057,0.1575,0.0729,0.3299,0.1438,0.05,25.67,1.63,3.3,15.24,-0.473,0.1587,0.14,0.14,-0.0175,
Renaiss. Global,532923,RGL,Consumer Durables,0.3274,0.7261,0.0744,0.1058,0.099,0.0632,0.0614,-0.0237,0.49,16.59,1.68,10.3,11.34,-0.3743,0.271,0.0602,-0.0049,-0.0388,LOW LIQUIDITY
Repco Home Fin,535322,REPCOHOME,Finance,0.0439,-0.0475,0.8845,0.0158,-0.006,0.8975,3.1974,-0.3961,3.18,5.68,-9.39,4.5,8.72,-0.2053,0.3514,0.1439,-0.0043,0.1499,812
Repro India,532687,REPRO,Printing & Publication,0.0298,0.5438,0.07,0.0157,0.2487,0.0141,-0.0042,7.0323,0.35,,0,2.8,20.81,-0.2946,0.2741,-0.0051,-0.0407,-0.2538,LOW LIQUIDITY
Responsive Ind,505509,RESPONIND,Consumer Durables,-0.1023,0.0808,0.2441,-0.012,0.0275,0.1706,0.1373,0.3226,0.14,26.14,9.5,96.8,17.85,-0.308,0.2858,0.1602,0.0065,0.1327,LOW LIQUIDITY
Restaurant Brand,543248,RBA,Leisure Services,0.1123,0.0261,0.1009,0.0478,-0.0417,-0.0172,-0.0841,-4.8713,2.23,,0,265.1,16.21,-0.2982,0.0577,-0.2817,0.0182,-0.24,1943
Rhetan TMT Ltd,543590,RHETAN,Industrial Products,-0.0384,0.2643,0.2311,-0.3899,0.7742,0.3127,0.0522,1,0.42,334.54,4.32,1495.9,251.38,-0.0874,0.9004,0.0339,-0.0105,-0.7403,2075
RHI Magnesita,534076,RHIM,Industrial Products,0.1941,-0.1647,0.1057,0.068,-0.2269,0.0616,0.0497,1.2135,0.1,63.14,-2.78,51,23.36,-0.1705,0.2779,0.0519,-0.0438,0.2788,LOW LIQUIDITY
Rico Auto Inds,520008,RICOAUTO,Auto Components,0.0896,1.6411,0.0972,0.025,0.7328,0.054,0.0351,1.8116,0.92,35.9,0.49,28.2,10.22,-0.0158,1.3463,0.0348,-0.0219,-0.698,2107
Riddhi Siddhi Gl,524480,,Commercial Services & Supplies,-0.3436,-0.0121,0.0486,0.9117,-3.7194,0.3024,0.0562,-0.3458,0.14,9.68,-0.03,0.2,7.05,-0.2379,0.1426,-0.0095,-0.0394,3.7099,
RIR Power Electr,517035,,Electrical Equipment,0.3624,1.3427,0.17,0.0785,0.1966,0.1466,0.0712,0.1053,0.1,204.68,10.41,107.3,123.75,-0.3949,0.6603,0.086,-0.0607,-0.1106,
Rishabh Instrum.,543977,RISHABH,Electrical Equipment,0.0766,4.3632,0.17,0.0485,1.4991,0.1028,0.0998,1.7932,0.15,30.57,0.2,9.7,14.82,-0.0817,1.2436,0.0387,-0.0438,-1.4604,LOW LIQUIDITY
Ritco Logistics,542383,RITCO,Transport Services,0.2913,-0.0443,0.0718,0.1571,0.0083,0.0601,0.1403,-0.2017,1.07,19.1,23.09,6.7,11.2,-0.3589,0.3063,0.1672,-0.0314,0.1589,LOW LIQUIDITY
Rites,541556,RITES,Construction,0.0146,0.3457,0.2362,0.0053,0.0686,0.2741,0.2142,1.0641,0,29.19,4.25,218.9,13.18,-0.2102,0.2984,0.1466,-0.0281,0.078,1283
RMC Switchgears,540358,,Electrical Equipment,0.8607,0.9005,0.1699,0.2851,0.2939,0.1582,0.4214,0.3005,0.59,14.39,0.49,4.9,9.6,-0.5425,0.0723,0.3754,0.0676,0.0815,
RNFI Services,,RNFI,Finance,0.0291,0.5525,0.0534,0.0146,0.2601,0.0393,0.2337,1.0332,0.27,38.89,1.5,16.4,15.93,-0.1196,1.752,0.2518,-0.1618,-0.0083,
RNIT AI Solution,517286,,Auto Components,0.9216,1.0312,0.4001,0.2557,0.2386,0.2659,0.1202,-0.9069,0.13,45.91,1.92,36.5,28.95,-0.228,0.2875,0.251,0.251,0.0124,
Roadstar Infra,544374,ROADSTAR,Transport Infrastructure,0.6794,-2.2956,0.3595,0.2536,-18.6484,0.2722,-0.0116,2.1074,0.88,,0,30.8,8.98,-0.25,0.2,0.0014,0.0029,18.6498,
Robust Hotels,543901,RHL,Leisure Services,0.0585,1.5502,0.334,0.0402,0.0826,0.3381,0.0279,1.2249,0.21,16.35,1.98,0.9,7.78,-0.3673,0.1638,0.0295,0.0218,-0.0531,LOW LIQUIDITY
Rolex Rings,543325,ROLEXRINGS,Auto Components,-0.0962,-0.0999,0.2021,-0.0416,-0.0427,0.2023,0.1794,0.9948,0,16.09,-3.76,67.5,10.58,-0.5141,0.0084,0.1905,-0.0275,0.2332,662
Rossari Biotech,543213,ROSSARI,Chemicals & Petrochemicals,0.1761,0.0439,0.1227,0.0682,0.0014,0.0937,0.1467,0.6768,0.28,25.23,181.16,15.2,13.35,-0.2965,0.0956,0.1222,-0.0096,0.1208,LOW LIQUIDITY
Rossell Techsys,544294,ROSSTECH,Aerospace & Defense,1.4495,57.7,0.1202,0.4482,1.6574,0.1252,0.1738,-1.5474,1.87,128.12,0.77,71.6,49.74,-0.1413,2.0906,0.0608,0.0608,-1.5966,1626
Roto Pumps,517500,ROTO,Industrial Products,-0.2344,-0.4781,0.1802,-0.0524,-0.1238,0.1532,0.1726,0.7364,0.13,37.43,-3.02,89.6,17.93,-0.4731,0.0128,0.1597,-0.0581,0.2835,LOW LIQUIDITY
Route Mobile,543228,ROUTE,Telecom - Services,0.0054,-0.1282,0.1214,-0.0102,-0.1153,0.0995,0.156,1.239,0.01,14.61,-1.27,10.7,6.03,-0.5479,0.0309,0.1448,-0.0374,0.2601,955
Royal Orch.Hotel,532699,ROHLTD,Leisure Services,0.1247,-0.4293,0.1667,0.0455,-0.0229,0.232,0.0787,0.3247,2.82,24.93,-10.9,13.1,17.86,-0.2936,0.3759,0.2241,-0.0425,0.247,LOW LIQUIDITY
RPG LifeScience.,532983,RPGLIFE,Pharmaceuticals & Biotechnology,0.055,0.3823,0.2148,0.0198,-0.0356,0.2192,0.2934,0.5245,0,33.42,-9.38,11.1,21.48,-0.1735,0.2709,0.2553,0.0007,0.2909,LOW LIQUIDITY
RPP Infra Proj.,533284,RPPINFRA,Construction,-0.1965,-0.2532,0.0643,-0.0519,-0.1627,0.0613,0.1617,0.0786,0.18,9.83,-0.6,4.9,6.53,-0.569,0.0134,0.1388,-0.0053,0.3015,LOW LIQUIDITY
RPSG Ventures,542333,RPSGVENT,Commercial Services & Supplies,0.232,0.4292,0.1146,0.0997,-1.1168,0.1143,0.0234,0.9977,2.41,425.95,-3.81,3.4,4.81,-0.3713,0.191,-0.0202,-0.0034,1.0966,LOW LIQUIDITY
RRP Defense,530929,,Commercial Services & Supplies,74.7143,158,0.2981,0.3512,1.193,0.2068,0.2995,-0.2468,0,529.49,4.44,119.6,453.14,-0.0198,53.9487,0.8702,0.8281,-0.3228,
RRPSemiconductor,504346,,Finance,-2.2049,-4.9286,1.0161,-0.5568,-1.292,0.0729,0.0221,-1.6065,1.56,,0,2293.8,15439.47,-0.0296,107.0141,2.0863,2.0863,3.3783,
RSWM Ltd,500350,RSWM,Textiles & Apparels,-0.0129,1.4234,0.0629,-0.0109,-1.195,0.0315,0.0043,5.3001,1.16,94.81,-0.79,2.7,7.45,-0.2692,0.2969,-0.0319,0.0428,1.1631,LOW LIQUIDITY
Rubfila Intl.,500367,RUBFILA,Industrial Products,0.1201,0.5565,0.0744,0.056,0.1108,0.0744,0.1345,0.683,0,15.94,1.44,8.6,8.93,-0.1328,0.31,0.093,0.0226,-0.0178,LOW LIQUIDITY
Rubicon Research,544578,RUBICON,Pharmaceuticals & Biotechnology,0.3919,0.5618,0.2289,0,0,0.1801,0.228,0.6882,0.88,74.49,,,44.3,-0.2172,0.2178,0.2902,0.0191,0.2902,142
Ruby Mills,503169,RUBYMILLS,Textiles & Apparels,0.6668,2.925,0.188,0.2398,0.5347,0.2455,0.196,-0.7201,0.61,14.45,0.27,4,13.7,-0.2849,0.3527,0.0566,-0.0186,-0.4781,LOW LIQUIDITY
Ruchira Papers,532785,RUCHIRA,"Paper, Forest & Jute Products",0.0075,-0.1171,0.1482,0.0084,0.0019,0.1407,0.1648,0.9725,0.38,5.79,29.99,2.3,5.24,-0.2434,0.2267,0.1529,0.0291,0.151,LOW LIQUIDITY
Rudra Ecovation,514010,,Textiles & Apparels,0.3315,0.503,-0.055,0.0884,-0.0669,-0.0612,-0.3449,-7.3775,0.01,,0,37.4,-576.12,-0.6091,0.0492,-0.0573,-0.0168,0.0096,
Rupa & Co,533552,RUPA,Textiles & Apparels,0.0776,-0.2137,0.0697,-0.0027,-0.0884,0.1,0.0992,0.4385,0.25,19.88,-2.25,11.8,10.96,-0.3527,0.0883,0.0839,0.0063,0.1723,LOW LIQUIDITY
Rushil Decor,533470,RUSHIL,Consumer Durables,0.0202,-0.4853,0.0989,-0.0465,-0.679,0.0574,0.0239,1.2319,0.44,47.48,-0.7,32.8,12.21,-0.3589,0.2989,0.0796,-0.0155,0.7586,LOW LIQUIDITY
S & S Power Swit,517273,S&SPOWER,Electrical Equipment,0.1049,-0.2145,-0.0467,0.1558,-1.1818,-0.0069,0.0224,5.5817,0.46,626.21,-5.3,5.1,329.77,-0.4718,0.1763,-0.0899,-0.0899,1.0919,LOW LIQUIDITY
S A I L,500113,SAIL,Ferrous Metals,0.0822,-0.2904,0.0947,0.0386,0.0577,0.0589,0.0508,1.5488,0.58,20.77,3.6,409.8,7.48,-0.0405,0.4119,0.0454,-0.019,-0.0123,1907
S C I,523598,SCI,Transport Services,-0.0771,-0.3509,0.3036,-0.0553,-0.037,0.1918,0.088,0.8247,0.33,14.43,-3.9,63.3,6.77,-0.1123,0.8011,0.1053,0.0178,0.1423,735
S Chand & Compan,540497,SCHAND,Printing & Publication,0.3178,-0.0201,-1.2188,0.0054,-0.1672,0.1188,0.0957,0.9721,0.15,11.7,-0.7,2.3,5.33,-0.3406,0.0839,0.0637,0.0034,0.2309,LOW LIQUIDITY
S H Kelkar & Co.,539450,SHK,Chemicals & Petrochemicals,0.021,-0.7803,0.0946,0.0573,0.0422,0.0733,0.0946,0.0767,0.67,24.47,5.79,25.4,12.16,-0.3957,0.2454,0.077,-0.031,0.0348,1824
S J Logistics (I,,SJLOGISTIC,Transport Services,0.2652,0.4245,0.1809,0.1154,0.1703,0.1611,0.3035,-0.699,0.32,10.38,0.61,3.8,7.57,-0.4239,0.3855,0.3186,0.0264,0.1483,
S P Apparels,540048,SPAL,Textiles & Apparels,0.0921,0.5813,0.1452,0.1392,0.1694,0.1192,0.1725,0.2846,0.45,18.09,1.07,5.6,10.01,-0.1978,0.3084,0.1169,0.0026,-0.0525,LOW LIQUIDITY
S P I C,590030,SPIC,Fertilizers & Agrochemicals,0.076,0.7407,0.0941,0.0272,0.1802,0.1059,0.3188,-0.1296,0.35,9.7,0.54,28.3,5.09,-0.309,0.3377,0.1385,0.0015,-0.0417,1187
S T C,512531,STCINDIA,Commercial Services & Supplies,0,-0.6417,,,-0.1137,,-0.0102,-0.287,,21.8,-1.92,-1,45.9,-0.3147,0.2129,0,0,0.1137,LOW LIQUIDITY
S.A.L Steel,532604,SALSTEEL,Ferrous Metals,-0.4679,61.1667,0.1973,-0.0734,3.2291,0.0174,-0.0573,-1.5584,6.05,,0,112.6,32.29,-0.0425,1.9019,-0.0562,-0.0674,-3.2853,LOW LIQUIDITY
Saakshi Medtech,,SAAKSHI,Electrical Equipment,0.3115,0.9217,0.1826,0.1498,0.6752,0.1044,0.092,0.4364,0.23,40.17,0.59,5.3,22.5,-0.2961,0.5212,0.0492,-0.1176,-0.626,
Saatvik Green,544526,SAATVIKGL,Electrical Equipment,0.6159,0.3601,0.1411,0,0,0.1504,0.2464,0.1312,0.52,23.65,,59.4,15.64,-0.2377,0.0525,0.9406,-0.4844,0.9406,458
Sacheerome,,SACHEEROME,Chemicals & Petrochemicals,0.5172,1.1191,0.254,0,0,0.2026,0.1668,1.0317,0,30.44,,12,28.46,-0.0398,1.3107,0.2959,0.0351,0.2959,
Safari Inds.,523025,SAFARI,Consumer Durables,0.1655,0.5826,0.1388,0.0867,0.1843,0.1164,0.1994,0.2998,0.11,67.47,3.66,52.6,38.43,-0.1935,0.3701,0.1579,-0.1217,-0.0264,1819
Safe Enterprises,,SAFEENTP,Consumer Durables,0.9456,0.9605,0.3714,0,0,0.3619,0.3283,0.6203,0,24.41,,27.7,24.86,-0.0892,0.9242,0.7755,0.7755,0.7755,
Sagar Cements,502090,SAGCEM,Cement & Cement Products,0.2668,0.2385,0.0853,0.1049,-0.2539,0.0147,-0.0501,-3.1884,0.98,,0,22.2,16.38,-0.2704,0.4117,-0.1029,-0.0582,0.151,LOW LIQUIDITY
Sagility,544282,SAGILITY,IT - Services,0.2517,1.1376,0.2503,0.1165,0.4656,0.1895,0.1137,1.3543,0.14,29.53,0.63,1241.5,14.84,-0.1297,0.8152,0.0738,0.0378,-0.3918,1525
Sahaj Solar,,SAHAJSOLAR,Electrical Equipment,0.0794,0.1448,0.1006,0.0245,0.0252,0.1302,0.3039,-1.3517,0.8,13.81,5.48,7.3,10.29,-0.4863,0.108,0.3778,-0.1429,0.3526,
Sahana Systems,,SAHANA,IT - Services,1.1687,0.9555,0.3316,0.3674,0.7801,0.332,0.4002,-0.852,0.07,15.05,0.19,4.2,11.54,-0.4964,0.1797,0.3052,-0.2387,-0.4749,
Sahasra Electro.,,SAHASRA,Industrial Products,0.3099,0.0217,0.1746,0.1498,-0.7345,0.0809,0.008,-0.9081,0.25,1091.29,-14.86,8.8,51.09,-0.6524,0.4011,0,0,0.7345,
Sai Life,544306,SAILIFE,Pharmaceuticals & Biotechnology,0.3588,1.0198,0.2713,0.2116,0.6703,0.2138,0.1459,1.0201,0.18,63.48,0.95,168.1,31.11,-0.0827,0.3616,0.1105,0.0216,-0.5598,1466
Sai Silks,543989,KALAMANDIR,Retailing,0.2793,0.6862,0.1621,0.1428,0.5193,0.1383,0.1381,0.5635,0.25,20.14,0.39,33.7,9.18,-0.2367,0.533,0.0778,-0.0603,-0.4415,2102
Saint-Gob. Sekur,515043,,Auto Components,0.1699,0.3023,0.21,0.0658,0.3861,0.2498,0.2462,0.6727,0.01,24.4,0.63,42.3,17.19,-0.2953,0.1666,0.1447,0.0001,-0.2414,
Sakar Healthcare,,SAKAR,Pharmaceuticals & Biotechnology,0.3455,-0.0542,0.1974,0.1487,0.1008,0.1553,0.056,1.1172,0.24,45.27,4.49,6.5,17.84,-0.0345,0.8924,0.0648,0.012,-0.036,LOW LIQUIDITY
Saksoft,590051,SAKSOFT,IT - Software,0.2007,0.375,0.1959,0.1034,0.1772,0.1822,0.2262,0.753,0.07,22.67,1.28,53.6,14.22,-0.1564,0.7933,0.1894,-0.0218,0.0122,1149
Sakuma Exports,532713,SAKUMA,Commercial Services & Supplies,-0.2505,-0.4113,-0.0097,-0.1965,-0.0961,0.0087,0.0182,-7.0899,0.06,37.17,-3.87,82.5,19.13,-0.4296,0.0385,0.0191,-0.0562,0.1152,LOW LIQUIDITY
Salasar Techno,540642,SALASAR,Industrial Manufacturing,0.5175,0.6438,0.0981,0.0956,0.0825,0.0737,0.0631,-0.0524,0.43,66.15,8.02,386,15.41,-0.3821,0.5065,0.041,-0.0834,-0.0415,2106
Salzer Electron.,517059,SALZERELEC,Electrical Equipment,0.215,-0.5046,0.0848,0.114,0.0245,0.0765,0.1231,-0.1538,0.86,24.25,9.9,4.2,12.47,-0.5515,0.0926,0.1057,0.0069,0.0812,1044
Sambhv Steel,544430,SAMBHV,Industrial Products,0.8344,4.459,0.1039,0.3254,0.5722,0.0896,0.1227,1.0056,0.22,34.71,0.61,95.4,14.92,-0.2812,0.1167,0.1241,-0.1302,-0.4481,2079
Samhi Hotels,543984,SAMHI,Leisure Services,0.1177,1.0995,0.3657,0.044,0.3105,0.2872,0.0404,1.156,0.97,30.05,0.97,51.2,12.65,-0.2662,0.5523,0.0962,1.4946,-0.2143,1012
Sammaan Capital,535789,SAMMAANCAP,Finance,-0.071,1.1117,0.7653,0.0114,-1.7043,0.7398,0.1724,3.6231,2.04,10.41,-0.06,48.9,8.26,-0.1731,0.6346,-0.0866,-0.1522,1.6177,1771
Samvardh. Mothe.,517334,MOTHERSON,Auto Components,0.0849,-0.0325,0.0865,0.0326,-0.0977,0.0559,0.1108,0.8978,0.53,35.35,-3.62,3364.9,11.6,-0.0363,0.5687,0.1216,0.0036,0.2193,638
Sanathan Textile,544314,SANATHAN,Textiles & Apparels,0.1022,-0.3821,0.0772,0.0133,-0.116,0.0736,0.0611,1.2027,0.78,29.94,-2.58,18.9,19.66,-0.1297,0.7106,0.1015,-0.0072,0.2175,LOW LIQUIDITY
Sandesh,526725,SANDESH,Media,0.1065,-0.887,0.0672,0.0415,-0.3377,0.1725,0.0724,0.6856,0,17.13,-0.51,0.5,14.06,-0.3836,0.1557,0.0591,-0.1042,0.3968,LOW LIQUIDITY
Sandhar Tech,541163,SANDHAR,Auto Components,0.2908,0.8336,0.093,0.1194,0.2529,0.0667,0.1451,1.0493,0.78,18.89,0.75,15.9,8.86,-0.1037,0.7157,0.1275,0.0139,-0.1254,1197
Sandur Manganese,504918,SANDUMA,Consumable Fuels,3.7352,3.3099,0.2213,0.4803,0.3469,0.2128,0.1975,1.1883,0.64,16.78,0.48,168.4,9.99,-0.1308,0.8395,0.1864,0.0748,-0.1605,597
Sangam India,514234,SANGAMIND,Textiles & Apparels,0.1493,2.868,0.0969,0.0668,0.3785,0.0559,0.0283,3.2193,1.2,54.35,1.44,10,12.91,-0.1222,0.5361,0.0304,-0.0128,-0.3481,LOW LIQUIDITY
Sanghi Industrie,526521,SANGHIIND,Cement & Cement Products,0.8807,-0.5648,0.0873,0.1609,0.1233,-0.1583,-0.1593,2.0119,5.93,,0,101.2,29.86,-0.2459,0.2733,-0.4607,-0.1194,-0.584,LOW LIQUIDITY
Sanghvi Movers,530073,SANGHVIMOV,Commercial Services & Supplies,0.3444,0.2455,0.3849,0.2257,0.3165,0.2774,0.1565,0.7763,0.41,17.19,0.54,21.3,8.7,-0.166,0.6798,0,0,-0.3165,1983
Sanofi Consumer,544250,SANOFICONR,Pharmaceuticals & Biotechnology,0.4628,0.3713,0.3634,0.1016,0.067,0.3644,1.0556,1.5729,0.11,50.28,7.5,96.8,35.38,-0.212,0.076,0.8381,0.8381,0.7711,LOW LIQUIDITY
Sanofi India,500674,SANOFI,Pharmaceuticals & Biotechnology,-0.0927,0.1554,0.2823,-0.0401,-0.165,0.2612,0.7305,0.9811,0.03,28.5,-1.73,31,18.88,-0.3196,0.1024,0.4715,-0.0428,0.6365,268
Sansera Enginee.,543358,SANSERA,Auto Components,0.081,0.4164,0.1722,0.0279,0.1565,0.1221,0.1056,1.0368,0.15,39.41,2.52,21.2,17.43,-0.0743,0.6576,0.105,-0.0424,-0.0515,1893
Sanstar,544217,SANSTAR,Agricultural Food & other Products,0.0056,-0.9161,0.0069,-0.1487,-0.5432,0.0333,0.033,0.6174,0.03,82.73,-1.52,45.9,42.13,-0.3385,0.161,0.0963,-0.2514,0.6395,LOW LIQUIDITY
Sapphire Foods,543397,SAPPHIRE,Leisure Services,0.0672,-6.3169,0.1375,0.0365,-0.9224,0.0403,0.0045,3.3973,0.99,3915.9,-42.45,195.2,19.77,-0.2977,0.0883,0.0203,-0.0208,0.9427,1141
Sar Auto Prod.,538992,,Auto Components,-0.446,-0.5625,0.1743,-0.2484,-0.8571,0.0467,0.0294,0.407,1.09,16835.33,-196.41,27.4,390.11,-0.0472,0.4671,0.0246,-0.0422,0.8817,
Sar Televenture,,SARTELE,Telecom - Services,1.066,1.2677,0.1882,0,0,0.1475,0.0849,-3.5563,0,12.91,,4.6,13.88,-0.457,0.133,0.1009,-0.2735,0.1009,
Saraswati Commer,512020,,Finance,-0.0644,-0.0478,0.9889,-0.5541,-0.5971,0.8602,0.2593,0.124,0.05,64.75,-1.08,0.1,46.93,-0.4589,0.3798,0.0647,-0.1202,0.6618,
Saraswati Saree,544230,SSDL,Textiles & Apparels,0.2649,0.0982,0.0675,0.1128,0.0389,0.0646,0.2371,0.0571,0.05,10.39,2.67,6.9,6.13,-0.4581,0.0421,0.2519,-0.337,0.213,LOW LIQUIDITY
Sarda Energy,504614,SARDAEN,Ferrous Metals,0.3186,0.6539,0.335,0.2318,0.5555,0.2853,0.1127,0.7936,0.38,16.7,0.3,89.4,10.12,-0.2125,0.2707,0.1344,-0.0067,-0.4211,1665
Saregama India,532163,SAREGAMA,Entertainment,-0.0488,-0.0254,0.299,-0.0088,0.0436,0.2407,0.1576,1.2556,0,37.62,8.63,87,20.4,-0.357,0.0274,0.1251,-0.0058,0.0815,1154
Sarla Performanc,526885,SARLAPOLY,Textiles & Apparels,-0.0597,-0.014,0.2151,-0.0309,0.0653,0.2206,0.2787,0.6768,0.33,10.98,1.68,12.1,7.79,-0.3256,0.3126,0.1388,0.0589,0.0735,LOW LIQUIDITY
Sarveshwar Foods,543688,SARVESHWAR,Agricultural Food & other Products,0.2342,0.0074,0.0519,0.116,0.1488,0.0599,0.0884,0.2171,0.57,18.74,1.26,153.5,9.5,-0.5817,0.0043,0.1005,0.021,-0.0483,LOW LIQUIDITY
Sasken Technol.,532663,SASKEN,IT - Services,0.8921,-0.1909,0.0587,0.4913,-0.1547,0.0652,0.1159,-0.9516,0.03,53.71,-3.47,4,26.16,-0.4194,0.0919,0.0597,-0.0425,0.2144,LOW LIQUIDITY
Sastasundar Ven.,533259,SASTASUNDR,Healthcare Services,0.1016,-1.5127,-0.075,0.0071,-1.035,-0.0257,0.0171,1.3926,0.01,,0,4.7,-40.25,-0.1664,0.5596,0.0463,0.0347,1.0813,LOW LIQUIDITY
Sathlokhar Sys.,,SSEGL,Construction,0.7551,0.7009,0.1517,0.2682,0.27,0.1463,0.3751,-1.5315,0.18,24.01,0.89,15.7,17.49,-0.0683,0.4928,0.4017,-0.5507,0.1317,
Satia Industries,539201,SATIA,"Paper, Forest & Jute Products",-0.0852,-2.9886,0.0211,-0.0334,-0.4708,0.0447,0.0646,2.1768,0.28,11.24,-0.24,6.6,4.38,-0.357,0.0873,0.1189,-0.1346,0.5897,LOW LIQUIDITY
Satin Creditcare,539404,SATIN,Finance,0.1923,0.2483,0.5376,0.0737,-0.2294,0.4773,0.0865,-0.2182,2.92,10.09,-0.44,6.4,6.38,-0.1344,0.1594,0.0786,-0.1062,0.308,LOW LIQUIDITY
Saurashtra Cem.,502175,SAURASHCEM,Cement & Cement Products,0.3016,0.6507,-0.0252,0.0827,12.1644,0.0363,0.0326,1.5518,0.07,37.23,0.03,12.5,9.05,-0.2533,0.3123,0.0023,-0.0746,-12.1621,LOW LIQUIDITY
Savita Oil Tech,524667,SOTL,Petroleum Products,0.1859,0.3725,0.0477,0.0533,0.512,0.0549,0.1338,0.3838,0,17.24,0.34,10.4,10.3,-0.3814,0.2883,0.061,-0.0632,-0.451,LOW LIQUIDITY
Savy Infra,,SAVY,Construction,0,0,0.1194,0.4156,0.3706,0.1286,0.354,-0.4875,0.31,9.9,0.27,4.8,7.05,-0.1189,0.2864,0.761,-1.0078,0.3904,
Sayaji Hotels,523710,,Leisure Services,0.1258,-6.5769,-0.0647,0.0803,-7.1923,0.0077,-0.0569,1.8184,1.12,,0,6.2,30.28,-0.2388,0.221,0.0131,-0.0573,7.2054,
SBC Exports,542725,SBC,Textiles & Apparels,0.2837,1.1173,0.1213,0.0903,0.8451,0.0933,0.2503,-2.8324,2.82,54.62,0.65,830.8,44.25,-0.0081,1.358,0.2445,0.0085,-0.6006,LOW LIQUIDITY
SBFC Finance,543959,SBFC,Finance,0.3087,0.2996,0.6809,0.1439,0.1359,0.6718,0.8013,-1.6086,1.8,30.6,2.25,382.4,17.31,-0.1088,0.3834,0.1158,0.0105,-0.0201,1163
SBI,500112,SBIN,Banks,0.0578,-0.0425,0.4356,0.0295,0.0132,0.8294,0.6651,0.119,11.08,11.54,8.75,1470.8,16.55,-0.0018,0.446,0.172,-0.0014,0.1588,584
SBI Cards,543066,SBICARD,Finance,0.1221,0.0998,0.2458,0.0585,0.0009,0.3022,-5.072,-0.3717,3.33,42.85,474.67,528.8,21.71,-0.1592,0.3026,0.1482,-0.0716,0.1473,1352
SBI Life Insuran,540719,SBILIFE,Insurance,-0.4264,-0.0658,0.0223,-0.1099,0.0166,0.0258,1.4986,9.4877,0,81.94,49.45,1101.5,74.3,-0.0069,0.4606,0.1513,0.0157,0.1347,504
Schaeffler India,505790,SCHAEFFLER,Auto Components,0.1386,0.2408,0.1978,0.0939,0.1434,0.1708,0.2949,0.6693,0.01,57.46,4.01,182.3,34.46,-0.0647,0.4555,0.1917,-0.0084,0.0483,901
Schneider Elect.,534139,SCHNEIDER,Electrical Equipment,0.0841,-0.0359,0.1289,0.03,-0.0365,0.1379,0.2835,0.805,0.8,76.19,-20.85,679.3,47.17,-0.2586,0.5138,0.7396,-0.5228,0.7761,485
Scoda Tubes,544411,SCODATUBES,Industrial Products,0.0426,0.3446,0.1538,0.0237,0.1853,0.1457,0.1279,0.2884,0.55,26.87,1.45,16.2,12.7,-0.269,0.249,0.2966,-0.0394,0.1113,LOW LIQUIDITY
Sealmatic India,543782,,Industrial Products,0.2208,0.0062,0.1706,0.0961,0.0019,0.1954,0.2047,-0.1296,0.04,25.12,133.39,3.4,15.62,-0.3463,0.2463,0.1673,0.0493,0.1654,
SEAMEC Ltd,526807,SEAMECLTD,Transport Services,0.1087,-250.818,0.0805,0.0084,0.1545,0.1841,0.1055,2.8038,0.38,25.43,1.65,5.3,9.63,-0.3238,0.168,0.0793,-0.0592,-0.0752,LOW LIQUIDITY
Sejal Glass,532993,SEJALLTD,Industrial Products,0.689,2.3182,0.1618,0.2741,0.7896,0.1286,0.0936,-0.2041,4.1,45.69,0.58,16.3,22.03,-0.1475,1.8222,0.3253,0.1722,-0.4643,LOW LIQUIDITY
Senco Gold,543936,SENCO,Consumer Durables,0.0656,2.1533,0.0697,0.0807,0.5237,0.0728,0.1508,-0.5542,1.13,21.01,0.4,40.7,12.8,-0.4598,0.4206,0.0983,-0.0649,-0.4254,2081
Senores Pharma.,544319,SENORES,Pharmaceuticals & Biotechnology,0.6075,1.5218,0.3061,0.2981,0.4877,0.2534,0.1234,-0.4985,0.3,41.81,0.86,20.6,23.83,-0.0493,0.8172,0.1182,-0.1339,-0.3695,2083
SEPC,532945,SEPC,Construction,0.3885,2.6245,0.0445,0.1554,0.5025,0.1485,0.0355,-1.2329,0.19,32.1,0.64,172.3,18.36,-0.5686,0.0324,0.0255,0.0057,-0.477,LOW LIQUIDITY
Sequent Scien.,512529,SEQUENT,Pharmaceuticals & Biotechnology,0.1501,5.04,0.1313,0.0687,0.983,0.0835,0.0788,0.8025,0.61,147.37,1.5,198.3,33.61,-0.0319,1.2703,0.0321,0.0722,-0.9509,1683
Servotech Renew,,SERVOTECH,Electrical Equipment,-0.4406,-0.8005,0.0864,-0.0922,-0.1882,0.0848,0.134,-0.9623,0.63,80.47,-4.28,204.1,41.84,-0.4896,0.0174,0.1895,0.0856,0.3777,118
Seshaasai Tech.,544533,STYL,Financial Technology (Fintech),-0.1098,-0.1091,0.2685,0,0,0.225,0.2464,0.6141,0.26,24.14,,65.6,13.34,-0.2664,0.0187,0.4145,-0.053,0.4145,370
Seshasayee Paper,502450,SESHAPAPER,"Paper, Forest & Jute Products",-0.1309,-0.2129,0.0759,-0.0507,-0.2531,0.0643,0.0568,-0.4349,0.04,19.1,-0.75,4.9,7.16,-0.3121,0.0039,0.056,-0.0967,0.3091,LOW LIQUIDITY
SG Finserve,539199,SGFIN,Finance,1.4189,1.0113,0.9226,0.3969,0.2397,0.8805,0.1267,-3.442,1.72,22.61,0.94,11.8,19.19,-0.1538,0.3185,0.0889,-0.025,-0.1508,1921
SG Mart,512329,SGMART,Metals & Minerals Trading,-0.0494,0.6639,0.0164,-0.0134,0.1605,0.035,0.1016,-2.1578,0.17,36.76,2.29,36.4,17.29,-0.1969,0.2074,0.0901,0.0901,-0.0704,1054
Sh. Digvijay Cem,502180,SHREDIGCEM,Cement & Cement Products,0.1115,24.575,0.1204,0.0487,0.4895,0.0704,0.1141,3.6167,0.39,35.55,0.73,54,18.39,-0.1618,0.4796,0.0677,-0.1809,-0.4218,LOW LIQUIDITY
Sh. Jagdamba Pol,512453,,Industrial Products,-0.1095,-0.0986,0.148,0.0108,0.0092,0.1422,0.2182,-0.4951,0.16,13.93,15.09,1.9,8.59,-0.4022,0.326,0,0,-0.0092,
Sh. Rama Multi.,532310,SHREERAMA,Industrial Products,0.1746,0.3554,0.1693,0.1039,0.0912,0.1454,0.3459,0.8428,0.13,13.37,1.47,60.1,17.43,-0.164,0.8471,0.4038,0.2617,0.3126,LOW LIQUIDITY
Sh.Pushkar Chem.,539334,SHREEPUSHK,Chemicals & Petrochemicals,0.4525,0.3664,0.1029,0.1734,0.2357,0.096,0.139,0.5265,0.27,18.54,0.79,7.4,12.83,-0.1385,0.8621,0.1145,0.0339,-0.1212,LOW LIQUIDITY
Sh.Renuka Sugar,532670,RENUKA,Agricultural Food & other Products,-0.0559,-15.5291,-0.0752,-0.1082,1.5448,-0.0127,-0.7777,2.084,,,0,-551.3,75,-0.3642,0.1425,0,0,-1.5448,2068
Shaily Engineer.,501423,SHAILY,Industrial Products,0.3367,1.338,0.3091,0.1677,0.5703,0.2261,0.285,0.803,0.3,81.65,1.43,86.3,47.83,-0.0725,1.4182,0.1849,0.0518,-0.3854,786
Shakti Pumps,531431,SHAKTIPUMP,Industrial Products,0.05,-0.1056,0.204,0.0345,-0.0168,0.2269,0.3324,0.0341,0.38,21.55,-12.82,65.7,14.46,-0.498,0.0189,0.4264,0.1849,0.4432,43
Shalby,540797,SHALBY,Healthcare Services,0.0669,1.4749,0.1458,0.0326,-0.2715,0.0835,0.0513,-0.0496,0.53,532.65,-19.62,25.7,18.12,-0.1957,0.2468,0.0062,-0.076,0.2777,LOW LIQUIDITY
Shalibhadra Fin.,511754,,Finance,0.1531,0.3768,0.7503,0.0488,0.1538,0.7209,2.9772,-1.0365,0.25,18,1.17,6.3,13.23,-0.4396,0.0549,0.1275,-0.0093,-0.0263,
Shalimar Paints,509874,SHALPAINTS,Consumer Durables,-0.0755,0.2793,-0.0468,0.0255,-0.1965,-0.0675,-0.2142,0.9361,0.67,,0,17.3,-30.19,-0.5133,0.028,-0.2264,-0.0247,-0.0299,LOW LIQUIDITY
Shankar Lal Ram.,542232,SRD,Chemicals & Petrochemicals,0.1936,-0.0632,0.0336,0.1041,0.0527,0.0403,0.142,-0.77,0.15,35.48,6.74,23.4,24.59,-0.3138,0.279,0.1094,0.0413,0.0567,LOW LIQUIDITY
Shanthi Gears,522034,SHANTIGEAR,Industrial Manufacturing,-0.1494,-0.1607,0.201,-0.0448,-0.0317,0.2184,0.3275,0.6959,0,38.81,-12.25,64.1,25.01,-0.2425,0.218,0.2565,0.0066,0.2882,LOW LIQUIDITY
Shanti Educat.,539921,,Other Consumer Services,0.1689,0.048,0.1664,0.1183,-0.0071,0.1486,0.2702,-0.3046,0.09,379.27,-534.77,561.3,232.27,-0.1755,1.6112,0.1048,0.0459,0.1119,
Shanti Gold,544459,SHANTIGOLD,Consumer Durables,0.6164,3.7373,0.1409,0,0,0.0832,0.1321,-0.1662,0.34,18.04,,21.7,17.97,-0.1746,0.1578,0.4485,0.1245,0.4485,47
Sharat Industrie,519397,,Food Products,0.4922,0.5389,0.0797,0.1964,0.4337,0.0704,0.1262,-1.0086,0.79,37.26,0.86,13.8,17.29,-0.0953,1.5769,0.0902,0.018,-0.3435,
Sharda Cropchem,538666,SHARDACROP,Fertilizers & Agrochemicals,0.1959,0.7522,0.143,0.0815,0.5112,0.1196,0.2014,1.5355,0,15.3,0.3,23.3,7.84,-0.3511,0.7414,0.1262,0.112,-0.385,1025
Sharda Motor,535602,SHARDAMOTR,Auto Components,0.1067,-0.0448,0.1283,0.0517,0.1267,0.1421,0.3674,0.7177,0.04,17.69,1.4,27.6,11.43,-0.2294,0.551,0.2654,-0.0346,0.1387,732
Shardul Sec.,512393,,Capital Markets,-1.9801,-2.3391,1.1287,-2.003,-3.3574,1.2982,-1.0881,-0.7717,0.25,,0,3.7,-5.5,-0.6142,0.0921,0.048,-0.1263,3.4054,
Share India Sec.,540725,SHAREINDIA,Capital Markets,-0.2469,-0.2513,0.4668,-0.1275,-0.1447,0.381,0.1789,0.0113,0.22,13.3,-0.92,32.2,3.14,-0.4934,0.3239,0.1592,-0.1501,0.3039,1146
Sheela Foam,540203,SFL,Consumer Durables,0.0766,-0.2782,0.0996,0.0215,0.0176,0.0516,0.0301,1.5885,0.41,109.46,62.11,23.7,21.3,-0.4179,0.0093,0.0202,-0.0407,0.0026,2033
Shemaroo Entert.,538685,SHEMAROO,Entertainment,-0.1153,-0.7262,-0.3819,-0.049,0.5601,-0.2232,-0.4328,-0.9712,0.78,,0,2.2,-4.29,-0.4056,0.2902,-0.1658,-0.0948,-0.7259,LOW LIQUIDITY
Shera Energy,,SHERA,Industrial Products,0.2981,0.5899,0.0505,0.1404,0.2492,0.0455,0.1137,-0.0539,1.24,15.15,0.61,4.9,7.2,-0.3826,0.14,0.1369,0.03,-0.1123,
Shilchar Tech.,531201,,Electrical Equipment,0.3119,0.4036,0.3129,0.1484,0.2058,0.334,0.5694,0.1994,0,27.6,1.34,13.3,20.04,-0.3007,0.5275,0.5293,-0.026,0.3235,
Shilpa Medicare,530549,SHILPAMED,Pharmaceuticals & Biotechnology,0.0761,1.4565,0.2924,0.0475,0.756,0.1936,0.0788,0.5945,0.24,45.84,0.61,56.9,20.38,-0.2772,0.3668,0.0421,0.025,-0.7139,1813
Shipping Land,544142,SCILAL,Finance,0.5363,-0.6742,-2.4258,0.2388,0.0334,2.4905,-0.0563,-0.7586,0,,0,35.4,38.34,-0.342,0.1403,-0.0609,-0.0758,-0.0943,LOW LIQUIDITY
Shish Industries,540693,,Industrial Products,0.3149,0.1685,0.179,0.1479,0.0466,0.0887,0.0917,-1.6952,0.45,38.58,8.28,123.7,22.96,-0.4536,0.2597,0.1036,-0.0652,0.057,
Shiv Aum Steels,,SHIVAUM,Commercial Services & Supplies,-0.1114,-0.6525,0.0296,-0.0505,-0.5078,0.0282,0.0522,0.3077,0.63,80.63,-1.59,4.4,29.66,-0.0955,0.1882,0.0873,-0.0133,0.5951,
Shiv Texchem,544272,,Chemicals & Petrochemicals,0.4583,1.0819,0.0486,0.2146,0.4641,0.0478,0.1731,-1.3026,1.15,6,0.13,2.6,4.72,-0.5624,0.2943,0.183,-0.0074,-0.2811,
Shiva Cement,532323,,Cement & Cement Products,0.625,0.0262,0.0488,0.1304,0.0939,-0.1203,-0.136,1.3598,39.62,,0,518.1,-885.14,-0.477,0.0067,0,0,-0.0939,
Shivalik Bimetal,513097,SBCL,Industrial Products,0.0849,0.2462,0.2261,0.042,0.1294,0.2257,0.2593,0.8802,0.11,30.3,2.34,34.1,19.52,-0.2853,0.337,0.206,-0.0706,0.0766,LOW LIQUIDITY
Shivalik Rasayan,539148,SHIVALIK,Fertilizers & Agrochemicals,0.1383,-0.2394,0.1283,0.0837,-0.1587,0.0984,0.0383,-0.2752,0.17,46.42,-2.93,1.8,14,-0.529,0.0249,0.032,0.0046,0.1907,LOW LIQUIDITY
Shivam Autotech,532776,SHIVAMAUTO,Auto Components,-0.0598,-0.1199,0.0907,-0.0648,0.1785,0.0092,-0.8165,5.6613,192.05,,0,2767.5,18.75,-0.523,0.1583,-1.1051,-0.4766,-1.2836,LOW LIQUIDITY
Shoppers Stop,532638,SHOPERSTOP,Retailing,0.1271,-0.0823,0.1356,0.0505,0.5455,0.0615,0.006,2.0493,11.56,303.31,5.56,189.5,10.1,-0.3472,0.0188,0.0339,-0.2871,-0.5116,LOW LIQUIDITY
Shraddha Prime,531771,,Realty,2.5726,0.1989,0.0884,0.8315,0.3588,0.1793,0.1732,-2.1274,2.28,27.83,0.78,39.3,22.27,-0.1093,1.7123,0.369,0.1361,0.0102,
Shradha Infrapr.,,SHRADHA,Realty,0.5296,0.6519,0.2324,0.0344,0.2688,0.3466,0.1152,-0.7558,1.15,17.96,0.67,17.9,11.63,-0.509,0.0442,0.1273,-0.0592,-0.1415,LOW LIQUIDITY
Shree Cement,500387,SHREECEM,Cement & Cement Products,0.1744,3.036,0.2046,0.0448,0.538,0.1228,0.1171,3.2595,0.1,55.65,1.03,15.4,18.09,-0.1845,0.1129,0.0529,-0.0695,-0.4851,2137
Shree Ganesh Rem,540737,,Pharmaceuticals & Biotechnology,-0.0622,-0.2274,0.3173,-0.0196,-0.1007,0.2905,0.1538,0.9328,0.24,29.22,-2.9,5,15.1,-0.5102,0.0341,0.1701,-0.0974,0.2708,
Shree Karni,,SHREEKARNI,Textiles & Apparels,0.397,0.2669,0.1308,0.1833,0.086,0.1367,0.1864,-0.2676,0.79,23.93,2.78,2.6,13.65,-0.3631,0.1317,0.1877,0.1877,0.1017,
Shree Rama News.,500356,RAMANEWS,"Paper, Forest & Jute Products",-0.2411,-0.0352,0.0322,-0.099,0.0363,0.1688,-0.0946,1.221,,,0,-188.3,75.14,-0.339,1.0786,-0.7331,-0.4502,-0.7694,LOW LIQUIDITY
Shree Refrigerat,544458,,Industrial Manufacturing,-0.0112,-0.8219,0.1123,0,0,0.2355,0.1012,-1.068,0.13,112.68,,13.9,28.83,-0.2965,0.4324,0.1503,-0.1123,0.1503,
Shree Tirupati,,TIRUPATI,Industrial Products,-0.1038,-0.7362,0.0647,-0.052,-0.3633,0.1068,0.124,-0.311,1.03,96.32,-2.65,9.5,40.69,-0.1274,0.9207,0.1694,-0.0311,0.5327,
Shree TirupatiBa,544249,BALAJEE,Industrial Products,-0.083,-0.7052,0.0433,-0.0536,-0.2503,0.1004,0.0821,-0.6132,0.72,17.63,-0.7,9.1,8.73,-0.5047,0.0861,0.1088,-0.0978,0.3591,LOW LIQUIDITY
Shree Vasu Logis,,SVLL,Transport Services,0.6176,25.4,0.243,0.257,1.0963,0.1107,0.05,1.1674,2.37,193.76,1.77,27.4,19.86,-0.0997,1.7712,0.0658,-0.0378,-1.0305,LOW LIQUIDITY
Shreeji Ship. Gl,544490,SHREEJISPG,Transport Services,0.113,0.3219,0.3275,0,0,0.2973,0.2323,0.7682,0.3,37.5,,115.8,24.36,-0.0353,0.406,0.3795,-0.0565,0.3795,426
Shrem InvIT,,SHREMINVIT,Construction,0.1655,-0.2486,0.5529,0.0287,-0.1126,0.6056,0.2345,0.2405,1.27,6.6,-0.59,61.2,8.97,-0.1186,0.0292,0.1729,-0.0066,0.2855,
Shri Ahimsa,,SHRIAHIMSA,Food Products,0.4862,0.5273,0.2976,0.2067,0.2237,0.3231,0.2597,1.4078,0,23.16,1.04,8.6,15.12,-0.0403,1.1249,0.1855,-0.0684,-0.0382,
Shri Keshav,530977,,Cement & Cement Products,0.4465,1.1651,0.2364,0.1746,-1.0016,0.1608,0.0024,1.7541,2.41,37031,-369.71,6.5,16.89,-0.2626,0.7011,-0.0621,-0.2094,0.9395,
Shri Venkatesh,543373,,Agricultural Food & other Products,0.8029,0.9972,0.0508,0.3528,0.3946,0.05,0.1623,0.0316,2.11,25.91,0.66,13.2,17.96,-0.1134,0.9211,0.207,0.0008,-0.1876,
Shringar House,544512,SHRINGARMS,Consumer Durables,0.2709,0.4246,0.0616,0,0,0.063,0.1334,-0.0787,0.3,32.08,,34.4,25.46,-0.0484,0.2734,0.3618,0.1053,0.3618,66
Shriram AMC,531359,,Capital Markets,0.5469,-0.2121,-1.468,0.3492,0.0612,-1.9284,44.9231,0.7651,0,,0,7.2,-40.35,-0.4161,0.2224,-0.2349,-0.1441,-0.2961,
Shriram Finance,511218,SHRIRAMFIN,Finance,0.1807,0.1222,0.739,0.0378,0.0672,0.7116,0.8449,-1.4875,3.87,17.57,2.62,477.7,11.41,-0.0246,0.6582,0.1557,0.0035,0.0885,738
Shriram Pistons,544344,SHRIPISTON,Auto Components,0.1597,0.121,0.2039,0.075,0.0776,0.2016,0.2628,0.6132,0.2,22.25,2.87,20.1,12.94,-0.0223,0.753,0.232,-0.0223,0.1544,643
Shriram Properti,543419,SHRIRAMPPS,Realty,0.4607,9.6566,-0.0245,0.1859,0.175,0.1972,0.0627,0.8006,0.51,17.08,0.98,18.9,10.28,-0.2496,0.4252,0.0581,-0.0027,-0.1169,1839
Shukra Pharma.,524632,,Pharmaceuticals & Biotechnology,0.0576,3.4074,-0.0697,0.0776,0.2484,0.4046,0.2212,0.5686,0.06,155.86,6.27,1242.7,106.27,-0.0393,6.4035,0.159,-0.2881,-0.0894,
Shyam Metalics,543299,SHYAMMETL,Industrial Products,0.2265,0.2147,0.121,0.1077,0.0686,0.0877,0.1195,1.418,0.1,24.07,3.51,59.2,10.53,-0.1641,0.3318,0.0899,-0.0324,0.0213,1774
Sical Logistics,520086,SICALLOG,Transport Services,0.8359,1.7463,0.2015,0.4349,-0.9664,0.2102,-0.0072,-2.2184,238.91,,0,1499.7,11.04,-0.4436,0.1412,-3.9557,-2.3047,-2.9893,LOW LIQUIDITY
Siemens,500550,SIEMENS,Electrical Equipment,0.1602,-0.0714,0.1193,0,0,0.1323,0.1886,0.7268,0.01,67.78,,307.9,41.84,-0.3031,0.3108,0.1181,-0.0584,0.1181,1594
Siemens Ener.Ind,544390,ENRIN,Electrical Equipment,0.2024,0.8018,0.1907,0,0,0.21,0.1325,0.1847,0.03,224.59,,1089.8,199.56,-0.0855,0.3213,0,0,0,1786
Sigachi Indust.,543389,SIGACHI,Pharmaceuticals & Biotechnology,-0.1155,-0.7094,0.0681,0.0371,-0.1265,0.1693,0.1311,0.2572,0.29,22.28,-1.76,101.8,13.63,-0.4056,0.1609,0.135,-0.0288,0.2615,947
Sigma Solve,543917,SIGMA,IT - Services,0.5009,0.618,0.2982,0.1733,0.2068,0.3483,1.339,0.6951,0.05,22.39,1.08,84.9,15.92,-0.2392,1.3722,0.4761,0.0086,0.2693,LOW LIQUIDITY
SignatureGlobal,543990,SIGNATURE,Realty,-0.5483,-12.4015,-0.2197,0.0217,-0.2191,0.0534,0.0571,3.2487,3.56,200.88,-9.17,302,99.5,-0.2169,0.1255,0.1472,0.038,0.3663,214
Signpost India,544117,SIGNPOST,Media,0.0333,-0.0158,0.2571,0.0916,0.1037,0.1254,0.2021,0.5542,0.83,32.35,3.12,25.9,13.37,-0.4362,0.2657,0.1666,-0.0941,0.0629,LOW LIQUIDITY
Sika Interplant,523606,,Aerospace & Defense,0.5517,0.4443,0.2063,0.3788,0.3729,0.2191,0.4775,0.2308,0,63.63,1.71,33.6,47.14,-0.3655,1.5778,0.2204,0.0265,-0.1525,
SIL Investments,521194,SILINV,Finance,0.158,0.1966,0.911,0.1702,0.2473,0.8045,0.3667,0.2356,0,15.9,0.64,0.2,10.76,-0.2506,0.3526,0.0116,-0.0035,-0.2357,LOW LIQUIDITY
Silver Touch,543525,SILVERTUC,IT - Software,0.1426,0.6955,0.1614,0.0707,0.1968,0.13,0.2458,-0.0791,0.33,39.97,2.03,9.1,22.37,-0.0697,0.3419,0.176,0.0242,-0.0208,LOW LIQUIDITY
Simplex Castings,513472,,Industrial Products,0.886,0.533,0.174,0.2545,0.3351,0.161,0.2072,0.3178,0.81,20.98,0.63,4.1,12.71,-0.0379,1.871,0.3369,0.2907,0.0018,
Simplex Infra,523838,SIMPLEXINF,Construction,-0.0749,1.7693,0.0644,-0.0681,-3.0716,0.0644,0.0212,-75.865,1.97,68.87,-0.22,20,39.34,-0.1487,0.3689,-0.044,0.2199,3.0276,LOW LIQUIDITY
Sinclairs Hotels,523023,SINCLAIR,Leisure Services,0.1114,-1.9107,-0.0334,0.0009,-0.3449,0.2476,0.0835,0.5441,0.3,48.99,-1.42,19.6,24.57,-0.3803,0.1857,0.1236,-0.0366,0.4685,LOW LIQUIDITY
Sindhu Trade,532029,SINDHUTRAD,Transport Services,-0.6636,-0.9072,-0.0163,-0.3658,-7.7721,0.0418,-0.0516,-0.3275,0.27,,0,340.5,47.03,-0.4042,0.8147,0.0035,-0.0261,7.7756,LOW LIQUIDITY
Singer India,505729,,Consumer Durables,0.3039,2.0157,0.0309,0.0592,-0.0526,0.0216,0.0587,-2.3589,0.01,66.93,-12.73,17.9,31.51,-0.2026,0.5573,0.0489,0.02,0.1015,
Sintercom India,,SINTERCOM,Auto Components,0.1234,1.25,0.1852,0.0622,0.4925,0.0771,0.0089,-0.4114,0.47,319.32,6.48,8.6,22.66,-0.3763,0.0546,0.0066,-0.0049,-0.4859,LOW LIQUIDITY
Sirca Paints,543686,SIRCA,Consumer Durables,0.2438,0.363,0.2089,0.1689,0.1779,0.1836,0.1605,0.8253,0.1,52.21,2.93,38.8,34.08,-0.0119,1.3087,0.1494,-0.0293,-0.0285,1530
SIS,540673,SIS,Other Consumer Services,0.1498,0.1732,0.0448,0.0689,29.5892,0.0412,0.1223,3.342,0.67,13.96,0,25.8,7.07,-0.1889,0.1322,0.0045,-0.0745,-29.5847,LOW LIQUIDITY
Siyaram Silk,503811,SIYSIL,Textiles & Apparels,0.1613,0.2716,0.1524,0.0811,0.0562,0.1303,0.1951,0.8748,0.3,16.44,2.92,11.5,9.99,-0.3528,0.3699,0.1636,0.001,0.1074,672
SJS Enterprises,543387,SJS,Auto Components,0.254,0.4838,0.2828,0.092,0.1942,0.2215,0.2531,1.0422,0.05,40.54,2.09,23.4,24.19,-0.0307,1.1757,0.189,0.0192,-0.0052,622
SJVN,533206,SJVN,Power,0.006,-0.302,0.833,0.0173,-0.3217,0.5773,0.0195,1.3369,2.03,57.88,-1.8,868.6,23.06,-0.341,0.0193,0.0581,-0.0009,0.3798,905
SKF India,500472,SKFINDIA,Industrial Products,0.0521,0.3188,0.1266,0.0288,-0.0189,0.1481,0.3112,0.2658,0,17.59,-9.33,17.5,10.7,-0.187,0.1962,0.2143,-0.0051,0.2332,383
Skipper,538562,SKIPPER,Electrical Equipment,0.137,0.3123,0.1036,0.0679,0.1524,0.0895,0.1268,0.3731,0.63,32.82,2.15,49.5,12.31,-0.2591,0.4425,0.1418,0.0516,-0.0106,685
SKM Egg Prod.,532143,SKMEGGPROD,Food Products,0.5843,1.8646,0.1851,0.2658,0.6037,0.139,0.1819,1.1402,0.51,19.82,0.33,8.5,11.01,-0.1111,1.7374,0.118,-0.2412,-0.4857,LOW LIQUIDITY
SKP Bearing,,SKP,Industrial Products,0.1596,2.3168,0.1787,0.0782,0.7912,0.1585,0.1129,0.6398,0.68,65.64,0.83,11.4,24.35,-0.2061,0.057,0.0586,0.0586,-0.7326,LOW LIQUIDITY
Sky Gold & Diam.,541967,SKYGOLD,Consumer Durables,0.9308,0.8248,0.0673,0.3167,0.5685,0.065,0.242,-1.364,0.78,29.64,0.52,82,19.23,-0.2748,0.4418,0.2546,0.0221,-0.3139,703
Smartworks Cowor,544447,SMARTWORKS,Commercial Services & Supplies,0.2124,0.8016,0.636,0,0,0.1858,-0.0162,3.6364,8.6,,,145.3,11.87,-0.0844,0.4432,-0.8199,0.4055,-0.8199,1841
SMC Global Sec.,543263,SMCGLOBAL,Capital Markets,-0.0234,-0.5439,0.1917,-0.0203,-0.3316,0.1947,0.0788,0.0588,1.59,13.19,-0.4,21.5,2.66,-0.2534,0.244,0.1265,-0.0581,0.4581,LOW LIQUIDITY
SML Mahindra,505192,SMLMAH,"Agricultural, Commercial & Construction Vehicles",0.0098,-0.0344,0.0755,0.0436,0.164,0.0854,0.3191,0.9239,0.57,29.18,1.78,13.5,16.49,-0.3986,1.7748,0.3638,-0.097,0.1998,LOW LIQUIDITY
SMS Lifesciences,540679,SMSLIFE,Pharmaceuticals & Biotechnology,0.0371,0.3062,0.1669,-0.0207,-0.0692,0.1007,0.1082,0.9751,0.34,20.85,-3.01,0.6,9.29,-0.2325,0.3487,0.1076,0.055,0.1768,LOW LIQUIDITY
SMS Pharma.,532815,SMSPHARMA,Pharmaceuticals & Biotechnology,0.2322,0.763,0.1996,0.0987,0.1868,0.1516,0.1219,0.7306,0.43,32.66,1.75,32.6,17.17,-0.14,0.6169,0.11,0.0173,-0.0768,1229
Snowman Logistic,538635,SNOWMAN,Transport Services,0.085,-5.7705,0.1284,0.0628,-0.4681,0.0469,0.0095,2.1836,0.8,262.88,-5.62,31.5,11.86,-0.4312,0.0691,0.0133,-0.0136,0.4814,LOW LIQUIDITY
Sobha,532784,SOBHA,Realty,0.5077,1.78,0.068,0.1698,0.5702,0.0759,0.0913,0.6086,0.23,112.86,1.98,38.9,35.06,-0.0941,0.4595,0.0268,0.0071,-0.5434,1930
Sobhagya Mercant,512014,,Commercial Services & Supplies,0.8565,1.2275,0.1351,0.3253,0.3876,0.1533,0.3527,-0.696,0.07,35.88,0.93,7.2,24.08,0,3.9749,0.2443,-0.0355,-0.1433,
Softsol India,532344,,Realty,0.1042,-0.1733,0.6401,0.04,0.2962,0.9374,0.1785,-0.333,0,33.6,1.13,4.3,23.86,-0.3605,0.2305,0.0733,-0.0057,-0.2229,
Softtech Enginee,543470,SOFTTECH,IT - Software,0.1682,-0.6087,0.2604,0.1167,0.0465,0.0821,0.0329,3.4098,0.27,337.49,72.56,3.7,16.68,-0.4622,0.112,0.0088,-0.0213,-0.0377,LOW LIQUIDITY
Solar Industries,532725,SOLARINDS,Chemicals & Petrochemicals,0.2135,0.2067,0.265,0.1109,0.0521,0.2401,0.2976,1.2843,0.17,94.61,18.15,221,56.39,-0.2251,0.6286,0.3264,0.0174,0.2743,144
Solara Active,541540,SOLARA,Pharmaceuticals & Biotechnology,-0.0963,-2.2609,0.1108,-0.0606,10.8704,0.0886,0.0046,1.845,0.51,391.67,0.36,7.2,15.48,-0.357,0.2915,0.0005,0.3358,-10.8699,1742
Solarium Green,544354,,Construction,0.426,0.2244,0.115,0.1536,0.088,0.1143,0.1564,-2.3551,0.77,29.82,3.39,8.3,20.5,-0.4006,0.4361,0.2301,-1.0156,0.1421,
Solarworld Ene.,544532,SOLARWORLD,Construction,-0.0286,-0.5828,0.1093,0,0,0.2068,0.14,0.4783,0.27,41.28,,30.5,19.7,-0.217,0.1014,0.4021,-0.6801,0.4021,662
Solex Energy,,SOLEX,Electrical Equipment,0.4563,0.9703,0.1348,0.189,0.323,0.1121,0.1979,-0.7727,1.63,37.67,1.17,11.8,22.12,0,1.8954,0.3874,0.1792,0.0644,
Som Distilleries,507514,SDBL,Beverages,-0.0695,0.0428,0.1487,-0.0034,-0.0223,0.1131,0.1743,0.2696,0.24,23,-10.32,56,13.25,-0.2961,0.2748,0.1617,-0.0228,0.184,861
Soma Textiles,521034,SOMATEX,Textiles & Apparels,-1,-3.7556,,-0.314,0.4118,-0.4178,-0.0172,2.7339,0,,0,9.4,-193.97,-0.1533,3.0214,-0.011,-0.0297,-0.4228,LOW LIQUIDITY
Somany Ceramics,531548,SOMANYCERA,Consumer Durables,0.0283,-0.1265,0.0781,0.0168,-0.0636,0.0461,0.0807,1.0157,0.42,31.76,-4.99,9.5,9.06,-0.4003,0.1182,0.0817,-0.0472,0.1453,LOW LIQUIDITY
Sona BLW Precis.,543300,SONACOMS,Auto Components,0.2343,0.1434,0.2493,0.0504,0.0712,0.2285,0.1325,0.9602,0.04,50.27,7.06,343,28.16,-0.2771,0.3348,0.1437,-0.0654,0.0725,1571
Sonata Software,532221,SONATSOFTW,IT - Software,-0.0233,0.1287,0.0815,0.0381,0.0403,0.0616,0.2999,1.0079,0.42,23.47,5.82,164.2,14.37,-0.4616,0.2921,0.2731,-0.0303,0.2328,502
South Ind.Bank,532218,SOUTHBANK,Banks,0.0222,0.0822,0.6459,0.0107,0.0404,0.8369,0.1519,-0.3061,11.5,7.92,1.96,264.5,16.09,-0.0101,0.8571,0.1378,-0.0003,0.0974,943
South West Pinn.,543986,SOUTHWEST,Commercial Services & Supplies,1.2823,23.5161,0.2328,0.2515,0.6682,0.1706,0.1508,0.9676,0.52,26.08,0.39,9.5,13.51,-0.0563,1.037,0.0902,0.0325,-0.578,1512
Spacenet Enterpr,,SPCENET,Commercial Services & Supplies,0.0746,0.4181,0.0725,0.1421,0.2237,0.0893,0.1412,1.3084,0.01,34.2,1.53,171,27.35,-0.6477,0.8389,0.0929,-0.0391,-0.1308,LOW LIQUIDITY
Spandana Sphoort,542759,SPANDANA,Finance,-0.6867,-0.0693,-0.9021,-0.3832,0.4122,-0.8625,-1.2569,-9.5854,1.35,,0,8.7,-3.75,-0.4323,0.5285,-0.3097,-0.4515,-0.7219,2252
SPARC,532872,SPARC,Pharmaceuticals & Biotechnology,-0.3888,0.2945,-8.383,-0.1696,-0.2218,-4.1562,0.8478,1.0775,,,0,-394.6,-19.63,-0.4576,0.1971,0,1.2192,0.2218,640
Speciality Rest.,534425,SPECIALITY,Leisure Services,0.1207,0.8889,0.1746,0.043,0.2684,0.1015,0.0691,1.9723,0.43,28.47,1.06,9.1,8.14,-0.2102,0.147,0.0548,-0.0206,-0.2136,LOW LIQUIDITY
Spectrum Electr.,544386,SPECTRUM,Industrial Manufacturing,0.4138,0.8188,0.1272,0.1145,0.2673,0.1301,0.2072,-0.3779,0.76,71.1,2.66,16,34.84,-0.4199,0.243,0.137,-0.0122,-0.1303,LOW LIQUIDITY
Spel Semiconduct,517166,,Electrical Equipment,-0.0939,-0.3207,-0.285,-0.0254,0.0915,-0.6906,-0.1632,0.2935,2.4,,0,274.9,-217.59,-0.3649,0.6682,-0.3613,-0.1959,-0.4528,
Spencer's Retail,542337,SPENCERS,Retailing,-0.1407,0.2683,-0.0079,-0.1029,-0.0964,-0.044,6.1849,-0.3639,,,0,-4.8,106.8,-0.5223,0.0426,0,0,0.0964,LOW LIQUIDITY
Spice LoungeFood,539895,,Leisure Services,3.4545,0.2,0.3265,-0.1638,-0.108,0.1026,0.0297,0.2748,1.03,863.24,-79.96,2736.3,371.66,0,10.7312,0,0,0.108,
SpiceJet,500285,SPICEJET,Transport Services,-0.1425,-0.4348,-0.5812,-0.1361,-9.7958,-0.0629,0.2173,-4.7598,,,0,-3914.5,25.12,-0.4191,0.3093,0,0,9.7958,
SPML Infra,500402,SPMLINFRA,Construction,-0.0043,0.1516,0.0469,-0.067,0.0257,0.123,0.1048,-0.8803,0.44,30.31,11.8,13.3,18.8,-0.3629,0.5117,0.0778,0.0899,0.0521,LOW LIQUIDITY
Sportking India,539221,SPORTKING,Textiles & Apparels,-0.0372,-0.0548,0.1043,-0.0285,0.0598,0.0837,0.118,2.0448,0.48,11.05,1.85,15.3,5.92,-0.2871,0.4277,0.1235,0.038,0.0637,LOW LIQUIDITY
Spunweb Nonwoven,,SPUNWEB,Textiles & Apparels,0.332,2.1221,0.1765,0.1511,0.6766,0.1341,0.1681,0.1261,0.9,19.55,0.29,7.7,10.14,-0.1547,0.1241,0.3047,0.0687,-0.3719,
Sr.Rayala.Hypo,532842,SRHHYPOLTD,Chemicals & Petrochemicals,0.0714,-0.0609,0.1481,0.0373,0.0508,0.2032,0.189,0.6771,0.01,9.16,1.8,1.6,3.67,-0.3872,0.1495,0.1103,-0.0037,0.0595,LOW LIQUIDITY
Sreeleathers,535601,SREEL,Consumer Durables,0.1923,0.3349,0.1563,0.0758,0.0208,0.1352,0.2028,0.8427,0,23.37,11.23,2.6,16.16,-0.2342,0.1014,0.0514,-0.0166,0.0306,LOW LIQUIDITY
SRF,503806,SRF,Chemicals & Petrochemicals,0.063,0.9272,0.2127,0.0388,0.2945,0.1641,0.1374,1.197,0.35,51.06,1.73,184.6,26.28,-0.162,0.3101,0.1037,-0.0185,-0.1908,1861
SRG Housing,534680,SRGHFL,Finance,0.3258,0.25,0.6126,0.1079,0.1049,0.5898,0.8482,-1.4278,2.45,15.77,1.5,2.4,10.14,-0.3468,0.0285,0.1152,-0.0286,0.0103,LOW LIQUIDITY
Sri Adhik. Bros.,530943,SABTNL,Entertainment,-0.9725,-38.2,-23.6667,-0.1735,-4.2444,0.002,0.0883,11.62,0.12,,0,-660.9,16784.18,-0.4884,2.2528,3.9113,3.9113,8.1557,LOW LIQUIDITY
Sri Lotus,544469,LOTUSDEV,Realty,0.4348,-0.084,0.2864,0,0,0.5606,0.1701,-0.0635,0.08,37.04,,231.2,23.96,-0.2259,0.0039,0.4127,-0.681,0.4127,646
SRM Contractors,544158,SRM,Construction,1.0107,1.1843,0.1484,0.3516,0.3813,0.1388,0.2594,0.0145,0.2,20.56,0.54,10.9,12.03,-0.0485,1.162,0.2563,0.0215,-0.125,LOW LIQUIDITY
Stallion India,544342,STALLION,Chemicals & Petrochemicals,0.5625,12.4353,0.1476,0.1995,0.3869,0.1405,0.1899,-0.2765,0,36.25,0.94,40.6,23.83,-0.517,2.4201,0.1517,-0.0062,-0.2352,1482
Standard Glass,544333,SGLTL,Industrial Manufacturing,0.1053,0.0359,0.1566,0.0793,0.1058,0.1693,0.1309,0.0483,0.18,46.66,4.41,88.6,27.34,-0.2217,0.3431,0.1155,-0.0919,0.0097,LOW LIQUIDITY
Stanley Lifesty.,544202,STANLEY,Consumer Durables,0.0233,-0.0968,0.2353,0.0244,0.1304,0.1397,0.0752,1.1961,0.71,41,3.14,16.4,14.78,-0.4936,0.008,0.0811,-0.0449,-0.0493,LOW LIQUIDITY
Star Cement,540575,STARCEMENT,Cement & Cement Products,0.264,11.5348,0.2345,0.1044,0.7895,0.1276,0.1269,1.1516,0.21,30.63,0.39,124.5,12.24,-0.2576,0.3369,0.0605,-0.0549,-0.729,2127
Star Health Insu,543412,STARHEALTH,Insurance,0.0787,-0.5067,0.017,0.0457,-0.154,0.0425,-0.0652,1.6,0.06,56.04,-3.64,235.9,42.04,-0.0492,0.5513,0.0937,-0.0478,0.2477,1390
Steel Exchange,534748,STEELXIND,Industrial Products,-0.1122,-0.2243,0.1185,0.0094,0.982,0.1112,0.0354,0.9324,0.48,34.06,0.35,186.5,9.5,-0.2208,0.2748,0.0243,0.0058,-0.9577,LOW LIQUIDITY
Steel Str. Wheel,513262,SSWL,Auto Components,0.0963,-0.2326,0.0932,0.0603,-0.0383,0.0825,0.1354,1.296,0.55,15.76,-4.12,30.6,8.17,-0.2764,0.2103,0.1454,-0.0313,0.1837,LOW LIQUIDITY
Steelcast,513517,STEELCAS,Industrial Products,0.4154,0.7464,0.2834,0.157,0.2343,0.2762,0.3444,0.7518,0,25.62,1.09,64.2,17.07,-0.1185,0.5868,0.2424,-0.0651,0.0081,LOW LIQUIDITY
STEL Holdings,533316,STEL,Finance,0.1658,0.1626,0.9791,0.0625,0.0756,0.9875,5.3287,2.0358,0,52.53,6.95,0.9,37.68,-0.0884,0.5669,0.0097,-0.0017,-0.0659,1911
Sterling & Wils.,542760,SWSOLAR,Construction,0.6969,13.4016,0.0022,0.2483,1.5165,0.0516,0.343,0.1312,2.61,26.17,0.17,264.8,14.62,-0.5661,0.0565,0.0819,0.6517,-1.4346,1345
Sterling Tools,530759,STERTOOLS,Auto Components,-0.2679,-0.4064,0.1136,-0.1614,-0.2813,0.0771,0.1122,1.4334,0.32,25.29,-0.9,7.2,10.53,-0.6078,0.1011,0.1228,-0.0061,0.4041,LOW LIQUIDITY
Sterlite Tech.,532374,STLTECH,Telecom - Equipment & Accessories,-0.0372,1.2353,0.1248,0.0273,-1.0317,0.0541,0.0195,2.6165,0.94,1373.65,-13.31,130.5,13.09,-0.1981,1.1548,-0.0628,-0.0289,0.9689,1448
STL Networks,544395,STLNETWORK,Telecom - Services,-0.3527,-4.8198,0.0279,0,0,0.0558,-0.023,0,0.96,,,65.9,24.38,-0.324,0.1759,0,0,0,LOW LIQUIDITY
Stove Kraft,543260,STOVEKRAFT,Consumer Durables,0.1341,0.2775,0.1197,0.0579,0.1471,0.0564,0.1103,1.5663,0.4,44.95,3.06,13.7,13.67,-0.3692,0.1743,0.0869,0.0037,-0.0602,1522
Stovec Inds.,504959,,Industrial Manufacturing,-0.2877,-0.6117,0.0455,-0.1358,-0.3668,0.0561,0.0929,0.9197,0,51.53,-1.4,0.7,22.54,-0.4072,0.0195,0.0986,0.0409,0.4654,
Strides Pharma,532531,STAR,Pharmaceuticals & Biotechnology,0.0462,0.7967,0.1888,0.0261,-0.8767,0.1576,0.1776,1.0301,0.67,20.44,-0.23,29.7,11.32,-0.0602,0.8776,1.5067,1.4636,2.3834,LOW LIQUIDITY
String Metaverse,534535,,IT - Services,1.6478,2.1733,0.1078,0.7206,0.7806,0.0904,0.2511,1.3931,0,49.04,0.63,140.2,40.35,-0.1887,12.7415,0.2585,0.101,-0.5221,
Studds Accessor.,544599,STUDDS,Auto Components,0,0,0.1788,0,0,0.1653,0.1942,0.6554,0.02,32.42,,,18.76,-0.0423,0.0778,0.1667,0.0074,0.1667,445
Stylam Industrie,526951,STYLAMIND,Consumer Durables,0.1131,0.0947,0.1935,0.0684,0.0282,0.1652,0.2424,0.6373,0,27.82,9.86,8.1,16.99,-0.2294,0.4235,0.2036,-0.067,0.1754,996
Styrenix Perfor.,506222,STYRENIX,Chemicals & Petrochemicals,0.2231,-0.362,0.107,0.1309,-0.139,0.0797,0.1594,0.177,0.26,17.99,-1.29,5.1,11.04,-0.418,0.0172,0.2464,0.2464,0.3854,73
Suba Hotels,,SUBAHOTELS,Leisure Services,0.4884,0.5783,0.2003,0.1052,-0.3083,0.171,0.1763,0.1855,1.07,38.43,-1.25,,25.08,-0.1693,0.1151,0.379,0.0578,0.6873,
Subam Papers,544267,,Industrial Products,0.102,-0.2539,0.0931,0.0514,-0.1662,0.0796,0.0569,0.5685,0.68,22.46,-1.35,3.5,11.03,0,2.0415,0.1028,-0.0581,0.269,
Subex,532348,SUBEXLTD,IT - Software,-0.0708,3.3252,0.0911,-0.0245,-0.8558,0.0263,0.008,-0.4414,0.09,,0,128.8,30.8,-0.5148,0.2408,-0.1126,0.0091,0.7432,LOW LIQUIDITY
Subros,517168,SUBROS,Industrial Products,0.0622,0.1186,0.0778,0.0356,0.083,0.0653,0.1865,0.8248,0.02,35.57,4.29,32.2,15.96,-0.2781,0.747,0.1448,0.0391,0.0618,557
Sudarshan Chem.,506655,SUDARSCHEM,Chemicals & Petrochemicals,2.4297,-0.6646,0.0554,1.0655,0.4576,0.0491,0.0402,0.1531,0.72,79.37,1.73,18.2,15.43,-0.3536,0.303,0.0307,-0.0823,-0.4269,2167
Sudarshan Pharma,543828,,Chemicals & Petrochemicals,0.3133,-0.3807,0.0545,0.1709,0.0954,0.0767,0.1771,0.8757,1.56,28.9,3.03,98.1,16.24,-0.5566,0.0622,0.1483,0.0405,0.0529,
Sudeep Pharma,,,,0,0,,0,0,0.3781,0.3462,0.2568,0.28,48.27,,,33.86,0,0,0.3277,0.3277,0.3277,
Sukhjit Starch,524542,SUKHJITS,Agricultural Food & other Products,-0.1446,-0.6574,0.0579,-0.0529,-0.3727,0.042,0.039,0.8538,0.74,21.07,-0.57,2.7,9.11,-0.5237,0.0158,0.0698,-0.0246,0.4425,LOW LIQUIDITY
Sula Vineyards,543711,SULA,Beverages,-0.011,-0.5843,0.1945,-0.022,-0.2982,0.1636,0.0987,0.4963,0.71,42.22,-1.42,30.9,18.99,-0.4623,0.0132,0.123,-0.0486,0.4212,1010
Sumeet Industrie,514211,SUMEETINDS,Textiles & Apparels,0.1133,6.1895,0.0539,0.0091,-4.9197,0.0258,0.126,-67.223,0.48,77.43,-0.16,450.5,39.37,-0.1852,2.1377,0,0,4.9197,LOW LIQUIDITY
Sumit Woods,,SUMIT,Realty,-0.7196,-0.8711,0.1256,-0.1634,-0.0182,0.2074,0.085,0.8844,0.38,32.28,-17.69,10.1,15.8,-0.4834,0.0712,0.0979,-0.028,0.1161,LOW LIQUIDITY
Sumitomo Chemi.,542920,SUMICHEM,Fertilizers & Agrochemicals,-0.0586,-0.0678,0.2372,0.0516,0.0767,0.2247,0.2486,0.6753,0.02,42.31,5.52,357.3,28.77,-0.3111,0.0267,0.1881,0.0348,0.1114,317
Summit Securitie,533306,SUMMITSEC,Finance,0.1219,0.2064,0.9901,0.3276,0.2691,0.8482,-110.7069,0.6505,0,22.68,0.84,0.2,17.13,-0.4341,0.5479,0.0085,-0.0022,-0.2606,1994
Sun Pharma.Inds.,524715,SUNPHARMA,Pharmaceuticals & Biotechnology,0.0893,0.0256,0.3127,0.0454,0.0079,0.2882,0.2113,0.9587,0.07,37.08,47.19,1319.8,22.68,-0.0659,0.1531,0.1686,0.0017,0.1607,505
Sun TV Network,532733,SUNTV,Entertainment,0.3892,-0.1342,0.5803,0.0858,-0.0468,0.5052,0.2158,0.7294,0.01,13.3,-2.84,70.4,7.48,-0.2855,0.1062,0.1569,-0.0365,0.2037,978
Sundaram Clayton,544066,SUNCLAY,Auto Components,-0.1206,-0.2532,0.03,-0.0605,0.2178,-0.0314,-0.0705,0.1807,1.87,,0,7,35.23,-0.5693,0.0257,-0.194,-0.0207,-0.4118,LOW LIQUIDITY
Sundaram Finance,590071,SUNDARMFIN,Finance,0.1444,0.1192,0.7843,0.0788,0.0636,0.7754,1.0336,-1.3534,4.35,26.56,4.18,38.5,15.83,-0.1302,0.2009,0.1527,0.0111,0.0891,642
Sundram Fasten.,500403,SUNDRMFAST,Auto Components,0.0235,0.0589,0.166,0.0119,0.0264,0.1276,0.1808,0.5648,0.18,36.41,13.81,104.6,20.81,-0.1993,0.1551,0.1493,-0.0129,0.1229,985
Sundrop Brands,500215,SUNDROP,Agricultural Food & other Products,0.8601,-42.8,0.0102,0.4102,0.0418,0.0028,0.0261,38.8986,0.01,74.62,17.85,7.4,80.49,-0.2645,0.0947,0.0375,0.0202,-0.0043,LOW LIQUIDITY
Sunflag Iron,500404,SUNFLAG,Industrial Products,0.1239,0.1162,0.1038,0.0667,0.2436,0.0909,0.1189,0.6212,0.07,22.24,0.91,9.5,10.86,-0.2278,0.3216,0.0233,-0.0104,-0.2203,LOW LIQUIDITY
Sunita Tools Ltd,544001,,Industrial Manufacturing,-0.0046,-0.1085,0.2811,-0.0024,-0.0288,0.2281,0.1232,-1.1425,0.14,107.99,-37.49,6.2,65.52,-0.2371,0.5397,0.1333,-0.2028,0.1621,
Sunrakshakk Inds,539300,,Textiles & Apparels,3.546,2.7166,0.0965,1.0843,1.01,0.0811,0.141,0.0091,0.27,31.69,0.31,13.3,17.47,-0.2173,1.5033,0.2425,0.2425,-0.7675,
Sunrise Efficie.,543515,,Commercial Services & Supplies,0.2791,0.2346,0.0969,0.0865,0.1307,0.0967,0.1609,-0.7555,0.05,58.16,4.45,11.1,41.56,-0.1486,2.1478,0.1673,-0.0533,0.0366,
Sunshield Chem.,530845,,Chemicals & Petrochemicals,0.3174,1.2665,0.1145,0.1788,0.4691,0.0877,0.2139,1.7672,0.81,45.8,0.98,8,22.17,-0.0812,0.9125,0.1639,-0.0905,-0.3052,
Sunteck Realty,512179,SUNTECK,Realty,0.4929,0.4141,0.3084,-0.052,0.1659,0.3454,0.0648,0.846,0.16,36.48,2.2,28.1,23.46,-0.2004,0.2582,0.0471,0.0233,-0.1188,1567
Supershakti Met.,541701,,Industrial Products,0,0,0.0215,-0.0252,0.4078,0.0343,0.1747,2.4521,0,17.14,0.42,1.3,10.1,-0.4254,0.2736,0,0,-0.4078,
Suprajit Engg.,532509,SUPRAJIT,Auto Components,0.1289,105.1458,0.1058,0.0719,0.8584,0.0933,0.1649,0.8083,0.68,40.42,0.47,65.6,15.63,-0.1007,0.33,0.065,-0.0455,-0.7934,2122
Supreme Holdings,530677,SUPREME,Realty,-0.9957,-0.9317,-6.2,-0.6965,-0.7119,0.1985,0.0072,-0.7903,0.01,108.99,-1.53,2.2,74.77,-0.281,0.2866,0.0185,0.0071,0.7304,LOW LIQUIDITY
Supreme Inds.,509930,SUPREMEIND,Industrial Products,0.0532,-0.2026,0.1242,0.009,-0.081,0.1053,0.2223,0.8355,0.06,53.79,-6.64,101.3,30.63,-0.3036,0.1891,0.1714,-0.0459,0.2524,873
Supreme Petroch.,500405,SPLPETRO,Chemicals & Petrochemicals,-0.2693,-0.4665,0.0705,-0.0983,-0.1669,0.0783,0.172,0.6679,0.06,38.32,-2.3,99.8,23.33,-0.3619,0.2091,0.1736,0.0056,0.3405,LOW LIQUIDITY
Supreme Power,,SUPREMEPWR,Electrical Equipment,0.4711,0.3198,0.1552,0.1784,0.1226,0.1688,0.2422,1.4271,0.28,26.49,2.16,12.9,19.72,-0.1384,1.2135,0.2236,-0.0809,0.101,
Supriya Lifesci.,543434,SUPRIYA,Pharmaceuticals & Biotechnology,0.2031,0.0927,0.3636,0.0261,-0.0297,0.3417,0.223,0.6579,0,33.81,-11.37,45.9,22.61,-0.0902,0.3774,0.2075,0.0502,0.2372,166
Suraj,531638,SURAJLTD,Industrial Products,-0.1139,-0.8717,0.0731,-0.0464,-0.6315,0.0561,0.0585,-0.4008,0.32,110.48,-1.75,7,23.63,-0.4658,0.0688,0.1,-0.0869,0.7315,LOW LIQUIDITY
Suraj Estate,544054,SURAJEST,Realty,0.3251,0.0399,0.4478,0.0624,-0.0657,0.326,0.0863,-1.5287,0.57,14.29,-2.18,6.6,9.47,-0.6206,0.0526,0.1398,-0.0899,0.2055,1330
Suraj Products,518075,,Industrial Products,-0.2245,-0.5069,0.0998,-0.0886,-0.2509,0.0747,0.1387,1.0003,0.08,20.54,-0.82,2.4,11.03,-0.4788,0.1192,0.1529,-0.0949,0.4038,
Suraksha Diagno.,544293,SURAKSHA,Healthcare Services,0.1795,-0.1306,0.3064,0.0945,-0.0025,0.1859,0.1336,1.249,0.51,49.92,-199.74,36,18.85,-0.3184,0.3249,0.1646,0.01,0.1671,LOW LIQUIDITY
Suratwwala Busi.,543218,SBGLP,Realty,10.5982,36.0909,0.4257,0.8687,0.9066,0.4096,0.1975,-0.3174,0.79,28.45,0.31,121.5,22.5,-0.763,0.3287,0.1675,-0.6368,-0.7391,LOW LIQUIDITY
Surya Roshni,500336,SURYAROSNI,Industrial Products,0.2069,1.0557,0.0641,0.0037,-0.0485,0.0623,0.1771,0.8154,0.05,17.65,-3.64,50.2,9.17,-0.2599,0.2942,0.1488,-0.0129,0.1973,807
Suryoday Small,543279,SURYODAY,Banks,0.0246,-0.33,0.4251,0.01,-0.4326,0.523,0.04,1.3314,7.11,22.64,-0.52,7.9,13.88,-0.1396,0.5437,0.0616,-0.0658,0.4942,1393
Sustainable Ener,,SEITINVIT,Power,0.0135,-0.449,0.7978,-0.0045,-0.0566,0.5278,0.0195,1.6451,1.11,27.2,-4.81,38.6,10.11,-0.0531,0.0185,0.0435,0.0435,0.1001,
Sutlej Textiles,532782,SUTLEJTEX,Textiles & Apparels,-0.0552,0.0339,0.0221,-0.0343,0.1784,-0.0237,-0.0693,-1.517,0.97,,0,10.9,28.62,-0.5563,0.0717,-0.0704,0.0418,-0.2488,LOW LIQUIDITY
Suven Life Scie.,530239,SUVEN,Healthcare Services,-0.642,-0.5574,-86.7065,-0.1186,0.2785,-36.0954,-0.7491,0.9308,0,,0,331.1,-19.8,-0.4058,0.7564,-0.8722,-0.5093,-1.1507,LOW LIQUIDITY
Suyog Telematics,537259,SUYOG,Telecom - Services,0.0945,-0.1815,0.7598,0.0527,-0.0875,0.3578,0.0901,0.9792,0.54,20.44,-2.33,1.9,7.84,-0.6568,0.0143,0.1161,-0.1216,0.2036,LOW LIQUIDITY
Suzlon Energy,532667,SUZLON,Electrical Equipment,0.8403,5.3908,0.1862,0.2642,0.5273,0.1693,0.5025,0.6396,0.05,24.23,0.46,13302.6,29.06,-0.2392,0.2289,0.4144,0.1267,-0.1129,267
Swan Corp,503310,SWANCORP,Chemicals & Petrochemicals,0.1028,-1.0745,0.0044,0.036,-2.91,0.2423,0.107,3.1562,0.34,25.35,-0.09,62.4,11.53,-0.4196,0.2976,-0.0447,-0.1148,2.8653,1699
Swan Defence,533107,SWANDEF,Industrial Manufacturing,40.2188,0.628,-0.1943,5.5519,-0.3055,-2.4881,-0.0483,0.6113,10.67,,0,117.4,-151.03,-0.048,27.7872,-0.4631,-0.2275,-0.1576,LOW LIQUIDITY
Swaraj Engines,500407,SWARAJENG,Industrial Products,0.0857,0.0938,0.135,0.063,0.0716,0.1333,0.671,0.7947,0,25.95,3.62,14.2,17.15,-0.1998,0.5025,0.4194,0.0336,0.3478,92
Swaraj Suiting,,SWARAJ,Textiles & Apparels,0.2641,0.8091,0.256,0.1024,0.2379,0.1844,0.1334,0.6427,1.94,12.36,0.52,6.6,8.31,-0.1193,0.6765,0.2565,0.0434,0.0186,
Swelect Energy,532051,SWELECTES,Electrical Equipment,-0.2974,0.8433,0.2935,0.0074,5.854,0.2008,0.0313,1.7563,0.75,32.7,0.06,1.9,9.07,-0.3673,0.5852,0.0058,-0.0303,-5.8482,LOW LIQUIDITY
Swiggy,544285,SWIGGY,Retailing,0.5443,-0.7528,-0.1437,0.2429,0.3428,-0.2127,-0.3792,0.7215,0.25,,0,2519.7,-32.45,-0.3569,0.3367,-2.5495,-2.5495,-2.8923,2269
Swiss Military,523558,,Consumer Durables,0.2098,0.1667,0.0493,0.0952,-0.0235,0.0577,0.1041,-0.2549,0.13,56.95,-24.26,93.6,37.21,-0.4336,0.0489,0.0945,-0.0253,0.118,
Symphony,517385,SYMPHONY,Consumer Durables,-0.4825,-0.5536,0.1472,-0.3419,-0.2883,0.2093,0.4485,0.7724,0.01,34.44,-1.19,52.7,25.96,-0.4033,0.0068,0.3236,0.1432,0.6119,46
Syncom Formul.,524470,SYNCOMF,Pharmaceuticals & Biotechnology,0.1966,0.5379,0.1542,0.115,0.2939,0.1621,0.2192,0.3571,0,24.09,0.82,378.4,17.09,-0.3278,0.1418,0.155,0.0699,-0.1389,LOW LIQUIDITY
Synergy Green,541929,SGIL,Industrial Products,-0.1902,-0.4327,0.1294,-0.0335,-0.0805,0.1172,0.1014,-0.4029,1.79,54.71,-6.79,11.8,18.16,-0.1368,0.5984,0.2188,-0.0624,0.2993,LOW LIQUIDITY
Syngene Intl.,539268,SYNGENE,Healthcare Services,0.022,-0.3676,0.2191,0.0287,-0.0106,0.1764,0.1226,1.7073,0.12,54.64,-51.71,217.7,23.18,-0.3391,0.0606,0.1053,-0.027,0.1159,1451
Syrma SGS Tech.,543573,SYRMA,Industrial Manufacturing,0.376,0.7677,0.1006,0.0257,0.4456,0.0964,0.1039,0.6306,0.12,73.57,1.65,115.8,36.22,-0.037,1.468,0.0945,0.0264,-0.3511,1454
Systango Tech,,SYSTANGO,IT - Software,0.5806,0.8866,0.4221,0.2489,0.5308,0.4686,0.3854,0.4765,0,16.25,0.31,6.4,12.21,-0.0217,0.8624,0.2338,0.0052,-0.297,
Systematic Inds.,544541,,Industrial Products,0.5404,0.3647,0.0707,0.1993,0.1127,0.0677,0.1218,0.2303,0.53,23.93,2.12,,11.13,-0.1116,0.1833,0.2578,0.0362,0.1451,
Systematix Corp.,526506,SYSTMTXC,Capital Markets,0.5195,-0.3451,0.3701,-0.0089,0.0143,0.3908,0.236,-0.3255,0.06,44.1,30.86,87.2,26.47,-0.5496,0.6021,0.2043,-0.2201,0.19,LOW LIQUIDITY
T B Z,534369,TBZ,Consumer Durables,0.213,1.6341,0.0933,0.0567,0.3641,0.069,0.1649,-0.1678,1.18,13.19,0.36,11.8,8.94,-0.3678,0.1883,0.1088,0.0155,-0.2553,1425
T N Merc. Bank,543596,TMB,Banks,0.0568,0.0473,0.7363,0.0342,0.0273,0.8744,0.5392,0.416,6,6.56,2.4,13.4,12.93,-0.0458,0.254,0.1397,-0.0047,0.1124,LOW LIQUIDITY
T N Newsprint,531426,TNPL,"Paper, Forest & Jute Products",0.215,2.1274,0.1109,0.0494,6.021,0.0365,-0.0098,2.7136,0.9,,0,3.4,5.95,-0.3257,0.2716,-0.0014,-0.1057,-6.0224,LOW LIQUIDITY
T N Petro Prod.,500777,TNPETRO,Chemicals & Petrochemicals,0.017,4.7659,0.0903,0.0047,1.2146,0.0771,0.1109,3.079,0.33,9.78,0.08,9,6.08,-0.1627,0.7087,0.051,-0.0169,-1.1636,2088
T R I L,532928,TARIL,Electrical Equipment,-0.0033,-0.2506,0.112,0.1033,0.1692,0.1696,0.2781,0.4716,0.27,36.76,2.17,203.1,22.79,-0.5335,0.0748,0.2345,0.1411,0.0653,217
T.V. Today Netw.,532515,TVTODAY,Entertainment,-0.093,-0.7715,0.0186,-0.127,-0.6479,0.0463,0.0484,1.0774,0.02,31.91,-0.49,5.6,10.61,-0.3842,0.0144,0.0844,0.0179,0.7323,LOW LIQUIDITY
TAAL Enterprises,539956,,Transport Services,-0.0059,-0.0179,0.3103,-0.0134,0.1548,0.3845,0.3119,0.6648,0.01,18.7,1.21,1.3,12.29,-0.2891,0.4706,0.2434,0.0094,0.0886,
TAC Infosec,,TAC,IT - Software,1.3782,0.7887,0.6226,0.5603,0.3669,0.5739,0.3109,1.2066,0.01,90.48,2.47,55,59.4,-0.0614,1.2745,0.4127,0.4127,0.0458,152
TajGVK Hotels,532390,TAJGVK,Leisure Services,0.0191,0.1964,0.3139,0.0347,0.2883,0.3588,0.2496,0.845,0.12,20.79,0.72,23.6,14.14,-0.2497,0.2942,0.1622,0.0143,-0.1261,978
Take Solutions,532890,TAKE,Healthcare Services,0,0.5333,,,-0.8937,,0.3268,-5.9745,0,109.41,-1.22,252.3,79.49,-0.045,3.533,6.4412,8.0469,7.3349,LOW LIQUIDITY
Talbros Auto.,505160,TALBROAUTO,Auto Components,-0.0104,-0.0132,0.1492,0.0002,0.027,0.1612,0.258,0.6083,0.13,18.17,6.72,15.8,10.71,-0.2014,0.4079,0.1593,-0.0125,0.1323,LOW LIQUIDITY
Talbros Engg.,538987,,Auto Components,0.2736,0.3653,0.111,0.1044,0.1367,0.0887,0.135,0.8876,0.78,14.12,1.03,1,8.13,-0.1023,0.3061,0.1382,-0.001,0.0015,
Taneja Aerospace,522229,,Aerospace & Defense,-0.0425,-0.0562,0.5965,-0.0261,-0.0088,0.6089,0.1816,1.0587,0,48.07,-54.32,14.7,30.48,-0.3298,0.5456,0.1326,0.0399,0.1414,
Tanfac Inds.,506854,,Chemicals & Petrochemicals,0.5128,-0.1103,0.1593,0.2475,0.0821,0.1862,0.3579,0.2694,0.09,42.18,5.14,11.7,27.55,-0.2146,0.9279,0.3205,0.0786,0.2384,
Tankup Engi.,,TANKUP,Industrial Products,2.2089,2.9231,0.1205,0.7345,1,0.1318,0.6155,-2.3293,1.42,110.25,1.1,,71.02,0,3.1495,0.2966,-0.7587,-0.7034,
Tanla Platforms,532790,TANLA,IT - Software,0.0777,-0.0396,0.1646,0.0289,-0.0552,0.1451,0.2801,1.0114,0.03,16.88,-3.06,47.4,10.33,-0.2321,0.4902,0.241,-0.0761,0.2962,709
Tara Chand Infra,,TARACHAND,Commercial Services & Supplies,0.1693,0.036,0.3789,0.1005,0.2768,0.1619,0.0906,1.5727,0.96,23.05,0.83,36.2,7.56,-0.2376,0.6998,0.1958,0.0144,-0.081,LOW LIQUIDITY
TARC Ltd,543249,TARC,Realty,0.594,0.766,-5.1878,2.0849,-0.5903,-0.0933,-0.0268,-0.3141,1.81,,0,109.9,-45073.4,-0.4129,0.3224,-0.1995,-0.145,0.3908,1940
Tarsons Products,543399,TARSONS,Healthcare Equipment & Supplies,0.031,-0.6774,0.2682,0.0246,-0.3038,0.1311,0.0392,1.7858,0.63,57.9,-1.91,10.1,11.73,-0.5188,0.0086,0.0475,0.0475,0.3513,LOW LIQUIDITY
Tasty Bite Eat.,519091,TASTYBITE,Food Products,-0.1521,-0.6409,0.0658,0.0216,0.2093,0.0842,0.1137,0.9646,0.21,69.29,3.31,1.7,27.79,-0.2993,0.146,0.0858,-0.0758,-0.1235,LOW LIQUIDITY
Tata Capital,544574,TATACAP,Finance,0.0769,0.0201,0.724,0,0,0.704,1.0833,-1.4981,5.88,36.94,,,17,-0.0487,0.0072,0.1292,-0.0248,0.1292,1214
Tata Chemicals,500770,TATACHEM,Chemicals & Petrochemicals,-0.0305,-0.4938,0.1385,-0.0129,0.2378,0.0862,0.0182,1.526,0.34,64.07,2.69,23.8,11.61,-0.2848,0.0839,0.012,-0.011,-0.2258,2041
Tata Comm,500483,TATACOMM,Telecom - Services,0.0649,-0.1824,0.1924,0.032,-0.2475,0.0862,0.2044,1.3847,4.68,53.56,-2.16,534.9,14.11,-0.0641,0.4527,0.5518,-0.1003,0.7993,355
Tata Consumer,500800,TATACONSUM,Agricultural Food & other Products,0.1783,0.0448,0.1353,0.0669,0.0547,0.1089,0.0706,1.0047,0.13,86.31,15.78,560.2,43.68,-0.0338,0.3162,0.0701,-0.0131,0.0154,1713
Tata Elxsi,500408,TATAELXSI,IT - Software,-0.0387,-0.3252,0.2106,-0.0191,-0.1461,0.2478,0.4069,0.7739,0.06,49.67,-3.4,76.8,32.06,-0.2845,0.1622,0.2927,-0.052,0.4388,435
Tata Inv.Corpn.,501301,TATAINVEST,Finance,0.0807,0.1978,0.9327,0.0496,0.1272,1.2267,1.5701,0.5594,0,109.64,8.62,61.4,97.53,-0.3565,0.4817,0.0102,-0.0053,-0.117,1959
Tata Motors,544569,TMCV,"Agricultural, Commercial & Construction Vehicles",0.0865,0.4083,0.1232,,0,,0,0,0.57,442.93,,,-1563866,-0.0619,0.0631,0,0,0,LOW LIQUIDITY
Tata Motors PVeh,500570,TMPV,Automobiles,-0.1352,-2.1483,-0.0194,-0.1082,-0.5215,0.0555,0.1079,1.601,0.61,9.84,-0.19,441.8,4.09,-0.2733,0.1149,0.2808,-0.2131,0.8023,566
Tata Power Co.,500400,TATAPOWER,Power,-0.0097,-0.0803,0.2124,0.009,0.0807,0.1713,0.0569,1.1877,1.86,30.77,3.81,1054.1,11.71,-0.1309,0.1926,0.1097,-0.0032,0.029,1348
Tata Steel,500470,TATASTEEL,Ferrous Metals,0.0888,3.1038,0.1516,0.0146,1.0618,0.0877,0.064,1.4568,1.01,29.41,0.28,2842.9,10.02,-0.0737,0.4128,0.0389,-0.0266,-1.0229,2118
Tata Technolog.,544028,TATATECH,IT - Services,0.0207,0.0514,0.157,0.0004,0.0241,0.1861,0.3293,0.7431,0.07,39.93,16.54,314.9,25.28,-0.2994,0.1466,0.1991,-0.0197,0.175,666
Tata Tele. Mah.,532371,TTML,Telecom - Services,-0.167,0.029,0.4886,-0.0739,-0.014,0.3607,0.1235,1.2245,,,0,-100.5,51.37,-0.416,0.0382,0,0,0.014,1759
Tatva Chintan,543321,TATVA,Chemicals & Petrochemicals,0.4795,16.0303,0.1799,0.1344,2.0906,0.0606,0.0309,2.7021,0.11,202.2,0.97,11.1,62.44,-0.0476,1.5138,0.0078,-0.0408,-2.0828,2174
TBO Tek,544174,TBOTEK,Leisure Services,0.2592,0.1241,0.1552,0.1207,0.0382,0.1469,0.1282,1.0003,0.52,78.63,20.56,137,47.43,-0.1275,0.6336,0.2462,-0.2179,0.208,1042
TCC Concept,512038,,Commercial Services & Supplies,0.6001,0.1273,0.7857,0.2453,0.1228,0.6481,0.0889,0.4083,0.05,40.54,3.3,9.3,22.28,-0.2193,0.5987,0.0928,-0.1195,-0.03,
TCI Express,540212,TCIEXP,Transport Services,-0.0095,-0.0445,0.1147,-0.0076,-0.0068,0.0976,0.1448,0.9967,0.01,27.2,-39.96,11.2,16.97,-0.3263,0.0683,0.1196,-0.082,0.1264,LOW LIQUIDITY
TCPL Packaging,523301,TCPLPACK,Industrial Products,-0.0018,-0.2089,0.1531,0.0106,-0.1135,0.1337,0.1781,0.6144,0.97,23.54,-2.07,4,11.71,-0.3436,0.0815,0.2384,0.0323,0.3519,LOW LIQUIDITY
TCS,532540,TCS,IT - Software,0.024,0.0854,0.2732,0.0093,0.0365,0.2644,0.6342,0.7401,0.1,22.65,6.21,3872.1,15.41,-0.2997,0.0981,0.5238,0.0087,0.4873,101
TD Power Systems,533553,TDPOWERSYS,Electrical Equipment,0.4765,0.4584,0.1826,0.1909,0.1923,0.1846,0.2987,0.1651,0.04,57.19,2.97,193.4,38.95,-0.1033,1.6027,0.2231,0.0423,0.0308,336
Team Lease Serv.,539658,TEAMLEASE,Commercial Services & Supplies,0.0841,0.1196,0.0126,0.049,0.1315,0.0119,0.2136,0.8422,0.13,24.34,1.85,5,13.86,-0.4506,0.0387,0.1218,-0.0086,-0.0097,LOW LIQUIDITY
Tech Mahindra,532755,TECHM,IT - Software,0.0512,-0.0445,0.1547,0.0194,0.1353,0.1177,0.2522,1.0479,0.07,31.32,2.31,500.3,16.84,-0.2068,0.1856,0.1462,0.0599,0.0109,593
TechD Cybersec.,,TECHD,IT - Services,0.4115,0.4883,0.4895,0,0,0.3973,0.1759,-0.201,0,47.11,,5.8,36.35,-0.2168,0.8017,0.6236,-0.3953,0.6236,
Techera Enginee.,,TECHERA,Aerospace & Defense,0.383,2.1301,0.1959,0.136,0.7987,0.188,0.1279,0.6851,0.48,71.89,0.9,13.3,33.07,-0.2358,1.1531,0.0968,-0.276,-0.7019,
Techno Elec.Engg,542141,TECHNOE,Construction,0.9107,0.1037,0.1319,0.2436,0.1784,0.2108,0.1325,0.9219,0.02,30.86,1.73,41.1,22.66,-0.3125,0.5061,0.1281,-0.0031,-0.0503,1386
Technocraf.Inds.,532804,TIIL,Industrial Products,0.1964,0.1082,0.1647,0.0524,0.054,0.1524,0.2108,0.6941,0.44,21.09,3.91,6.8,11.58,-0.2889,0.1767,0.1446,-0.0298,0.0906,LOW LIQUIDITY
Technvision Ven.,501421,,IT - Software,0.293,1.2752,0.0323,0.0893,10.5455,0.0188,0.1273,5.4352,0.87,3085.95,2.93,220.4,520.48,-0.2199,1.8188,0.015,0.015,-10.5305,
Tega Inds.,543413,TEGA,Industrial Manufacturing,0.1473,5.2244,0.1707,0.0416,0.1811,0.1893,0.2137,0.6791,0.21,53.83,2.97,57.4,30.67,-0.102,0.5939,0.1547,-0.0181,-0.0264,1378
Tejas Cargo,,TEJASCARGO,Transport Services,0.1937,0.4359,0.1437,0.0977,0.1998,0.0852,0.1258,1.4834,0.97,32.15,1.61,9.5,8.58,-0.1511,1.1882,0.1672,-0.2164,-0.0326,
Tejas Networks,540595,TEJASNET,Telecom - Equipment & Accessories,-0.9069,-2.1161,-1.1218,-0.4382,-1.9113,-0.062,-0.1013,-0.5171,1.29,,0,48.3,131.59,-0.6354,0.0212,0.1277,0.1071,2.039,130
Tembo Global,,TEMBO,Industrial Products,0.4978,0.3772,0.1352,0.254,0.3747,0.1368,0.3643,-2.188,1.06,17.71,0.47,7.6,11.55,-0.1135,1.0784,0.3674,0.0993,-0.0073,230
Tenneco Clean,544612,TENNIND,Auto Components,0,0,,0,0,0.154,0.9369,0.7467,0.01,35.88,,,22.82,-0.0507,0.023,0.4263,0.0451,0.4263,
Tera Software,533982,TERASOFT,IT - Services,1.8189,3.2597,0.1352,0.5015,0.7291,0.1693,0.1673,0.4188,0.22,39.79,0.55,6.1,24.28,-0.1318,2.2573,0.0804,0.0374,-0.6487,LOW LIQUIDITY
Texmaco Infrast.,505400,TEXINFRA,Commercial Services & Supplies,0.0921,1.2624,-0.0517,0.0447,-0.8779,1.0133,0.0017,24.2592,0.02,,0,10.9,65.53,-0.3958,0.1291,-0.0051,-0.0101,0.8728,LOW LIQUIDITY
Texmaco Rail,533326,TEXRAIL,Industrial Manufacturing,-0.0652,-0.113,0.0989,-0.052,-0.1288,0.0904,0.0828,-0.0985,0.32,25.47,-1.98,75,12.68,-0.4487,0.1484,0.0909,0.0337,0.2197,544
TGV Sraac,507753,,Chemicals & Petrochemicals,0.1679,0.1246,0.1859,0.1051,0.3342,0.0996,0.1144,1.2663,0.24,9.78,0.29,10.1,4.34,-0.2197,0.2657,0.0801,0.0524,-0.2541,
Thangamayil Jew.,533158,THANGAMAYL,Consumer Durables,0.4486,4.353,0.0618,0.1774,0.5484,0.0523,0.2016,-2.1095,0.96,53.83,0.98,26.3,32.41,-0.0825,1.0902,0.1488,-0.1307,-0.3996,2010
The Anup Enginee,542460,ANUP,Industrial Manufacturing,0.2027,-0.0148,0.2216,0.093,0.0384,0.1983,0.2344,-0.0492,0.25,39.99,10.41,15.1,26.8,-0.3789,0.0871,0,0,-0.0384,LOW LIQUIDITY
The Byke Hospi.,531373,BYKE,Leisure Services,0.2016,1.7083,0.4614,0.0795,0.2284,0.1661,0.029,0.7249,0.45,60.84,2.66,7.3,9.09,-0.4268,0.0952,0.0201,-0.0112,-0.2083,LOW LIQUIDITY
The Hi-Tech Gear,522073,HITECHGEAR,Auto Components,-0.0229,-0.37,0.1155,-0.0547,-0.2832,0.0716,0.0747,1.7862,0.36,48.98,-1.73,5.3,12.11,-0.1764,0.4474,0.084,-0.0384,0.3672,LOW LIQUIDITY
The Invest.Trust,530023,THEINVEST,Finance,-0.289,-0.8572,0.2093,-0.1145,-0.487,0.2672,0.0741,1.2096,0.73,29.95,-0.62,4.7,9.5,-0.4261,0.1255,0.0622,0.0336,0.5492,LOW LIQUIDITY
The Ramco Cement,500260,RAMCOCEM,Cement & Cement Products,0.0952,2.0093,0.1733,0.0206,0.8157,0.0799,0.0154,2.4134,0.62,123.58,1.52,73.2,19.72,-0.18,0.2578,0.0142,-0.0365,-0.8015,2151
Thejo Engg.,,THEJO,Industrial Manufacturing,0.1474,0.2678,0.1376,0.0464,0.0582,0.1361,0.2017,0.9886,0.12,34.03,5.85,6,18.62,-0.3324,0.1476,0.1824,-0.0637,0.1242,LOW LIQUIDITY
Themis Medicare,530199,THEMISMED,Pharmaceuticals & Biotechnology,-0.3335,-1.2533,-0.0397,-0.1589,-1.9045,-0.0484,-0.0953,0.6982,0.25,,0,24.9,-176.02,-0.6387,0.1415,0.0765,-0.0449,1.981,1056
Thermax,500411,THERMAX,Electrical Equipment,-0.0542,-0.3927,0.0695,-0.0158,-0.0669,0.0943,0.157,1.0388,0.36,58.65,-8.77,82.1,30.86,-0.416,0.0099,0.1357,-0.0063,0.2026,790
Thirumalai Chem.,500412,TIRUMALCHM,Chemicals & Petrochemicals,-0.1519,-7.8262,-0.0082,-0.09,2.1397,-0.0512,-0.0457,-9.674,1.36,,0,23.5,-276.8,-0.3524,0.2709,-0.0413,-0.0081,-2.181,2136
Thomas Cook (I),500413,THOMASCOOK,Leisure Services,0.035,-0.2145,0.0522,0.0457,-0.0609,0.0539,0.1243,1.4898,0.22,30.51,-5.01,147,11.34,-0.3051,0.3266,0.1193,-0.0183,0.1802,1093
Thomas Scott,533941,THOMASCOTT,Textiles & Apparels,0.3998,0.6678,0.1488,0.4138,0.1964,0.122,0.1797,-2.1919,0.21,38.38,1.95,6.8,22.84,-0.2111,1.18,0.1638,-0.1443,-0.0326,LOW LIQUIDITY
Thyrocare Tech.,539871,THYROCARE,Healthcare Services,0.2209,0.7994,0.3295,0.1095,0.4734,0.2502,0.3646,1.3526,0.05,64.96,1.37,82.3,33.74,-0.0309,1.3769,0.1615,0.0269,-0.3119,1006
Tierra Agrotech,543531,,Agricultural Food & other Products,0.6821,0.3497,-0.3986,0.0926,-0.1952,-0.1608,-0.1184,1.8823,0.17,,0,20.1,-33,-0.3438,0.3846,-0.1345,0.1503,0.0607,
Tiger Logistics,536264,TIGERLOGS,Transport Services,0.0534,0.1432,0.066,0.0185,0.0437,0.0762,0.4542,-0.4782,0.32,14.87,3.4,29.1,10.82,-0.5072,0.0164,0.2168,0.0925,0.1731,LOW LIQUIDITY
TIL,505196,TIL,"Agricultural, Commercial & Construction Vehicles",0.1572,-2.6121,0.001,0.0208,-16.1731,0.0782,-0.0528,-4.1377,3.79,,0,147.6,66.93,-0.3204,0.6805,0.0091,0.0091,16.1822,LOW LIQUIDITY
Tilaknagar Inds.,507205,TI,Beverages,0.0623,-0.0953,0.1512,0.0833,0.1977,0.1819,0.1402,0.7439,0.02,37.28,1.89,106.2,29.09,-0.1128,1.4455,0.2962,0.0504,0.0985,200
Time Technoplast,532856,TIMETECHNO,Industrial Products,0.1026,0.1736,0.1474,0.0482,0.0868,0.1154,0.1658,0.6949,0.22,24.23,2.79,152,12.76,-0.1957,0.3472,0.1422,0.0168,0.0554,744
Timex Group,500414,,Consumer Durables,0.3998,0.6974,0.1746,0.2413,0.782,0.1217,0.4814,-0.0677,0.11,65.77,0.84,312,43.66,-0.1322,1.4871,1.9663,1.9663,1.1843,
Timken India,522113,TIMKEN,Industrial Products,0.0267,-0.0053,0.1791,0.0144,0.02,0.1737,0.1939,0.6976,0.01,51,25.52,63,35.68,-0.1375,0.4018,0.1695,-0.0061,0.1495,683
Tinna Rubber,530475,TINNARUBR,Industrial Products,0.0161,-0.0297,0.1794,-0.0076,-0.0723,0.1402,0.2183,0.4856,0.38,34.21,-4.73,10,19.79,-0.4414,0.0607,0.312,-0.0485,0.3843,LOW LIQUIDITY
Tips Music,532375,TIPSMUSIC,Entertainment,0.1068,0.1044,0.7603,0.0733,0.0785,0.7014,0.9333,0.5558,0.01,36.41,4.64,314.5,26.76,-0.4565,0.0253,0.8288,0.0347,0.7503,54
Tirupati Forge,,TIRUPATIFL,Industrial Products,0.2289,-0.4924,0.0814,0.0925,-0.3163,0.0741,0.0496,0.4819,0.21,77.7,-2.46,42.6,27.93,-0.5327,0.2074,0.0999,-0.0503,0.4162,LOW LIQUIDITY
Titagarh Rail,532966,TITAGARH,Industrial Manufacturing,-0.244,-0.5439,0.092,-0.1245,-0.287,0.1073,0.1201,-0.2142,0.25,59.61,-2.08,62.3,30.11,-0.3637,0.3318,0.1175,-0.0638,0.4045,1130
Titan Biotech,524717,,Chemicals & Petrochemicals,0.3625,0.1582,0.1717,0.1141,0.0711,0.1613,0.2581,0.7994,0.05,34.79,4.9,4,24.85,-0.3158,1.5984,0.1501,-0.0541,0.079,
Titan Company,500114,TITAN,Consumer Durables,0.2884,0.5909,0.1001,0.1232,0.2376,0.0979,0.4129,-0.0986,0.97,84.57,3.56,2421.3,48.9,-0.0019,0.3446,0.3175,-0.0116,0.0799,LOW LIQUIDITY
Tolins Tyres,544254,TOLINS,Auto Components,-0.1402,-0.276,0.1352,0.0091,-0.0584,0.1637,0.1349,-1.1088,0.05,17.57,-3.01,7.4,11.85,-0.3753,0.5032,0.182,0.182,0.2404,146
Torrent Pharma.,500420,TORNTPHARM,Pharmaceuticals & Biotechnology,0.143,0.3249,0.328,0.0636,0.131,0.2563,0.2912,0.8819,0.33,58.29,4.45,505.8,32.56,-0.0388,0.2927,0.2652,0.0229,0.1342,231
Torrent Power,532779,TORNTPOWER,Power,0.0976,0.5045,0.1912,-0.0146,0.0588,0.1445,0.1243,1.1744,0.55,21.92,3.73,175.6,13.28,-0.2437,0.0949,0.1903,0.0382,0.1315,275
Tour. Fin. Corp.,526650,TFCILTD,Finance,0.029,0.1364,0.9044,0.0116,0.1456,0.9166,1.9518,0.318,0.82,26.83,1.84,111.6,16.98,-0.1418,1.6676,0.0851,-0.0014,-0.0605,1638
TPL Plastech,526582,TPLPLASTEH,Industrial Products,0.2015,0.278,0.1111,0.0892,0.1051,0.1018,0.2056,0.4642,0.14,21.08,2.01,28.2,12.79,-0.3899,0.1743,0.1698,0.0113,0.0647,LOW LIQUIDITY
Tracxn Technolo.,543638,TRACXN,Commercial Services & Supplies,-0.0065,-0.1931,-0.0268,0.006,0.4601,0.0554,-0.177,2.6426,0,,0,99.7,103.17,-0.4493,0.0388,-0.1062,-0.201,-0.5663,LOW LIQUIDITY
TransIndia Real,543955,TREL,Transport Services,0.006,0.2985,0.4364,0.0229,0.7471,0.5474,0.046,2.7501,0,19.99,0.27,13.1,10.45,-0.4041,0.1047,0.0156,-0.0236,-0.7315,LOW LIQUIDITY
Transpek Inds.,506687,,Chemicals & Petrochemicals,-0.0149,0.3236,0.1665,-0.0001,0.0565,0.1335,0.1426,1.6474,0.05,12.86,2.27,0.5,5.05,-0.2921,0.2162,0.0775,0.0167,0.021,
Transport Corp.,532349,TCI,Transport Services,0.075,0.0583,0.1052,0.0397,0.0551,0.1082,0.204,0.7505,0.11,20.29,3.68,28.8,14.4,-0.1377,0.2898,0.1979,0.0074,0.1428,LOW LIQUIDITY
Transrail Light,544317,TRANSRAILL,Electrical Equipment,0.4342,0.6509,0.1178,0.2292,0.2799,0.1215,0.2842,0.3752,0.39,20.37,0.73,55,10.34,-0.2615,0.6852,0.2155,-0.0254,-0.0644,1243
Transworld Shipp,520151,TRANSWORLD,Transport Services,-0.2135,-1.6034,0.1596,-0.0575,-0.9258,0.0752,0.0049,2.144,0.38,148.12,-1.6,1.4,6.01,-0.5458,0.0087,0.0571,0.1699,0.9829,LOW LIQUIDITY
Travel Food,544443,TRAVELFOOD,Leisure Services,-0.2888,-0.1062,0.3799,0,0,0.3253,0.4357,0.9375,0.24,49.59,,193.6,26.13,-0.0785,0.3112,0.391,0.0174,0.391,106
Trejhara Solutio,542233,TREJHARA,IT - Software,0.3161,1.7674,0.0645,-0.2868,0.2995,0.1082,0.0547,0.8785,0.04,63.25,2.11,2.1,27.16,-0.1998,0.5473,0.0185,-0.0194,-0.281,LOW LIQUIDITY
Trent,500251,TRENT,Retailing,0.159,0.1125,0.1694,0.084,0.1198,0.1216,0.3878,0.791,0.38,95.54,7.97,902.8,46.29,-0.4183,0.0226,0.304,0.0296,0.1842,170
TRF,505854,TRF,Industrial Manufacturing,-0.3168,-0.2608,0.2269,-0.2033,0.1478,0.4345,0.1538,2.4027,1.44,15.49,1.05,4.6,6.27,-0.3686,0.1238,0,0,-0.1478,LOW LIQUIDITY
Trident,521064,TRIDENT,Textiles & Apparels,0.0433,0.093,0.1199,0.0055,0.2064,0.0966,0.1137,1.5692,0.35,32.79,1.59,1606.4,15.04,-0.2896,0.2358,0.0823,0.0007,-0.1241,1630
Trident Lifeline,543616,,Pharmaceuticals & Biotechnology,0.8243,0.4861,0.2253,0.1848,0.2996,0.2167,0.2028,-0.5766,0.73,23.69,0.79,5.2,14.84,-0.0399,0.4054,0.2002,0.0717,-0.0994,
Trident Techlabs,,TECHLABS,IT - Software,2.0138,2.289,0.2652,0.5541,0.6902,0.2418,0.442,0.8644,0.22,38.66,0.56,22.3,25.08,-0.7399,0.0833,0.2196,-0.0907,-0.4706,
Trident Texofab,540726,,Textiles & Apparels,0.158,0.13,0.081,0.0537,2.5542,0.0594,0.0603,-2.0478,0.56,176.64,0.69,13.7,59.56,-0.0831,2.2431,0.0261,-0.0286,-2.5281,
Triton Valves,505978,,Auto Components,0.1111,-0.0102,0.0676,0.086,-0.0156,0.0414,0.0725,-0.6197,1.09,68.42,-43.79,0.3,13.64,-0.4825,0.1389,0.0483,0.0161,0.0639,
Triven.Engg.Ind.,532356,TRIVENI,Agricultural Food & other Products,0.1443,2.349,0.0387,0.0901,0.0695,0.0717,0.1004,-0.2598,0.25,30.52,4.39,56.6,14.86,-0.3201,0.1949,0.0813,-0.0608,0.0118,1949
Triveni Turbine,533655,TRITURBINE,Electrical Equipment,0.0102,0.0033,0.2264,-0.0433,0.0276,0.2453,0.3723,0.4062,0.03,50.82,18.4,425,34.41,-0.3823,0.2011,0.3059,0.0206,0.2783,140
TruAlt Bioenergy,544545,TRUALT,Agricultural Food & other Products,-0.7041,-1.0332,-0.0396,0,0,0.1589,0.0597,1.0864,1.1,30.55,,,13.91,-0.175,0.1294,0.2837,0.1577,0.2837,88
True Colors,544531,,Industrial Manufacturing,0.632,4.75,0.1497,0.2494,0.4739,0.1809,0.2022,0.147,0.37,16.69,0.35,7.6,9.82,0,0.4169,0.7047,-0.0818,0.2308,
Tsf Investments,,TSFINV,Finance,7.3744,0.1305,0.2019,2.3032,0.1447,0.3898,0.747,1.5926,0.05,24.95,1.72,44.2,57.59,-0.2445,1.2083,0.0793,-0.0482,-0.0654,1985
TTK Healthcare,507747,TTKHLTCARE,Diversified,0.0256,0.1855,0.0262,0.0295,-0.0081,0.1121,0.084,-0.0407,0.02,22.6,-27.74,2.1,10.1,-0.2918,0.1398,0.0689,0.0046,0.077,LOW LIQUIDITY
TTK Prestige,517506,TTKPRESTIG,Consumer Durables,0.1115,0.2151,0.1157,0.0387,0.0981,0.0922,0.1129,0.6298,0.1,56.74,5.79,66.8,26.4,-0.2835,0.1348,0.0742,-0.0349,-0.0239,1924
Tube Investments,540762,TIINDIA,Auto Components,0.1215,-0.0973,0.0985,0.0683,-0.0769,0.0836,0.1053,0.694,0.09,93.65,-12.19,151.1,25.18,-0.2075,0.2638,0.1277,-0.1371,0.2046,1491
Tuticorin Alkali,506808,,Chemicals & Petrochemicals,0.0748,-0.3107,0.2025,0.0304,-0.2875,0.2059,0.1089,-0.1231,0.59,25.19,-0.88,60.4,12.03,-0.3939,0.0198,0.4021,-1.2546,0.6896,
TVS Elec.,532513,TVSELECT,IT - Hardware,0.2188,2.1742,0.0374,0.0193,-0.4015,-0.0014,-0.0368,-2.1822,0.69,,0,23.8,76.69,-0.1577,1.2988,-0.0561,-0.0553,0.3454,1836
TVS Holdings,520056,TVSHLTD,Finance,0.2592,0.5915,0.1554,0.1213,0.2671,0.1343,0.3451,0.6124,6.25,21.02,0.79,11.1,7.43,-0.082,0.9291,0.302,0.0447,0.0349,255
TVS Infra. Trust,,TVSINVIT,Commercial Services & Supplies,0,0,0.7684,0,0,0.5703,0.0061,0,0.52,130.89,,21.9,20.02,-0.0012,0.079,0,0,0,
TVS Motor Co.,532343,TVSMOTOR,Automobiles,0.2433,0.4193,0.1502,0.1077,0.2007,0.1287,0.3262,0.6377,2.08,63.41,3.16,967.2,23.74,-0.0651,0.6026,0.2839,0.0184,0.0832,290
TVS Srichakra,509243,TVSSRICHAK,Auto Components,0.1007,0.227,0.0711,0.0348,-0.0977,0.0284,0.0291,1.8315,0.69,143.18,-14.65,2.3,18.24,-0.0352,0.8751,0.0235,-0.0832,0.1212,1981
TVS Supply,543965,TVSSCS,Transport Services,0.0596,0.6763,0.0682,0.0203,-10.0873,0.0357,0.0715,3.4908,1.14,43.34,-0.04,116.4,7.27,-0.4079,0.0856,-0.0072,0.0751,10.0801,LOW LIQUIDITY
Twamev Constr.,532738,TICL,Construction,0.0024,10.5,0.2813,0.0477,0.0075,1.2176,0.4246,-0.0423,1.14,4.75,6.35,24.1,7.47,-0.478,0.5979,0.3637,0.4197,0.3562,LOW LIQUIDITY
U P Hotels,509960,,Leisure Services,-0.0697,-2.6864,-0.0781,0.0373,0.0374,0.2575,0.2577,0.9245,0,27.58,7.38,2.5,15.78,-0.2607,0.2092,0.1768,-0.0534,0.1394,
UCO Bank,532505,UCOBANK,Banks,0.0755,0.0282,0.6341,0.0347,0.0302,0.7683,0.1109,0.0992,10.08,15.86,5.26,1542.6,17.93,-0.3875,0.188,0.0838,0.0216,0.0536,1081
Uday Jewellery,539518,,Consumer Durables,1.1781,1.1822,0.0568,0.5041,0.7663,0.0636,0.1954,-1.0909,0.2,19.47,0.25,6.8,13.52,-0.1329,0.2446,0.1185,-0.0018,-0.6478,
Uflex,500148,UFLEX,Industrial Products,-0.0004,5.8399,0.1008,0.0163,0.3189,0.0741,0.0352,0.979,1.21,11.72,0.37,3.5,6.4,-0.2492,0.1762,0.0329,-0.0157,-0.286,LOW LIQUIDITY
UFO Moviez,539141,UFO,Entertainment,0.1464,9.5455,0.1921,0.0633,2.2255,0.1193,0.0923,1.8066,0.3,10.62,0.05,3.7,3.19,-0.351,0.3108,0.03,-0.0328,-2.1955,LOW LIQUIDITY
Ugar Sugar Works,530363,UGARSUGAR,Agricultural Food & other Products,0.7364,0.4641,-0.0217,0.1636,-1.5452,0.037,0.0403,0.8603,2.56,47.13,-0.31,30,10.33,-0.4864,0.0455,-0.079,-0.1715,1.4662,LOW LIQUIDITY
Ugro Capital,511742,UGROCAP,Finance,0.3793,0.2193,0.6324,0.1775,0.0804,0.6034,0.1065,-2.9776,3.28,16.33,2.03,12,8.64,-0.2936,0.2634,0.0826,-0.0159,0.0022,1704
Ujaas Energy,533644,UEL,Power,0.034,-0.875,0.1091,-0.1295,-0.1929,0.3979,0.0883,0.2565,0.27,615.22,-31.89,1589.3,429.64,-0.0555,0.7414,0.0968,-0.4579,0.2897,LOW LIQUIDITY
Ujjivan Small,542904,UJJIVANSFB,Banks,0.0431,-0.4777,0.395,0.0175,-0.4261,0.5358,0.171,0.5541,6.77,25.15,-0.59,326,14.51,-0.0205,0.754,0.1242,-0.1424,0.5503,1169
Ultramarine Pig.,506685,,Chemicals & Petrochemicals,0.2187,0.0392,0.1614,0.085,0.0609,0.1491,0.1834,0.8434,0.08,16.93,2.78,3.7,9.9,-0.2498,0.1544,0.0799,0.0099,0.019,
UltraTech Cem.,532538,ULTRACEMCO,Cement & Cement Products,0.2033,0.7523,0.1575,0.076,0.2054,0.1386,0.0966,1.1557,0.35,46.87,2.28,140.6,23.42,-0.1096,0.161,0.0929,-0.0292,-0.1125,1915
Uni Abex Alloy,504605,,Industrial Products,0.197,0.3349,0.2639,0.0227,0.0368,0.2404,0.3928,0.7572,0.12,18.89,5.14,0.9,12.39,-0.1696,0.8228,0.2626,-0.1014,0.2258,
Unichem Labs.,506690,UNICHEMLAB,Pharmaceuticals & Biotechnology,0.1411,0.8392,0.1143,0.0544,0.0656,0.0831,0.0706,-0.0402,0.21,23.31,3.55,9.8,12,-0.4689,0.0997,0.0559,0.0738,-0.0097,LOW LIQUIDITY
Unicommerce,544227,UNIECOM,IT - Software,0.753,0.2931,0.1779,0.2933,0.1249,0.1545,0.1456,1.1554,0.06,74.19,5.94,90.3,37.55,-0.3473,0.3431,0.2478,0.2478,0.1229,LOW LIQUIDITY
Unified Data,544406,,IT - Services,0.4079,-0.2139,0.1262,0.196,-0.0044,0.149,0.4286,1.2767,0,28.32,-64.26,14.5,20.9,-0.1637,0.5191,0.3649,-0.1194,0.3693,
Unifinz Capital,541358,,Finance,4.4368,3.9182,0.3239,1.4157,1.7109,0.3013,-2.4534,-0.9085,1.13,10.02,0.06,4.1,7.44,-0.0882,0.8215,0.4938,0.762,-1.2171,
Unihealth Hosp,,UNIHEALTH,Healthcare Services,0.5408,1.9512,0.4756,1.2031,0.5931,0.4057,0.128,-0.1729,0.14,17.07,0.29,5.1,7.36,0,1.2138,0.1603,-0.0222,-0.4328,
Unimech Aero.,544322,UNIMECH,Aerospace & Defense,0.0086,-0.1319,0.2991,0.0177,0.0278,0.4114,0.1285,0.8216,0.16,62.01,22.33,35.5,41.2,-0.3634,0.1412,0.1991,-0.5384,0.1713,
Union Bank (I),532477,UNIONBANK,Banks,-0.0082,-0.0684,0.6604,0.0067,0.0257,0.868,0.1897,0.1856,10.38,6.38,2.48,715,14.39,-0.0263,0.5333,0.1705,0.0141,0.1448,407
Uniparts India,543689,UNIPARTS,Auto Components,0.1467,0.8624,0.2097,0.0497,0.3212,0.1552,0.1529,1.4904,0.13,19.03,0.59,10.8,11.44,-0.1024,0.8779,0.0999,-0.0468,-0.2213,1998
Uniphos Enter.,500429,UNIENTER,Chemicals & Petrochemicals,-1,5,,-0.248,66.7857,0.2397,0.0937,-1.7548,0,55.91,0.01,2.6,50.34,-0.2081,0.2396,0.0001,-0.0147,-66.7856,LOW LIQUIDITY
Unitech,507878,UNITECH,Realty,0.8678,0.093,0.0226,0.2919,-0.2092,1.3735,0.1808,0.2154,,,0,-55.1,15.15,-0.4621,0.1792,0,0,0.2092,LOW LIQUIDITY
United Breweries,532478,UBL,Beverages,-0.0302,-0.648,0.0632,0.0365,-0.1734,0.0614,0.1538,0.3652,0.18,121.6,-7.01,281.4,57.45,-0.2399,0.0064,0.1077,0.0071,0.2811,596
United Drilling,522014,UNIDT,Industrial Manufacturing,0.0717,0.3951,0.1541,-0.1104,0.0168,0.1541,0.0847,0.3749,0.11,27.08,16.14,3.1,16.02,-0.3147,0.0956,0.0579,0.0211,0.0411,LOW LIQUIDITY
United Foodbrands,543283,UFBL,Leisure Services,-0.0031,-2.0776,0.1238,-0.0078,0.955,0.0239,-0.0557,3.8136,2.52,,0,8.6,7,-0.6533,0.0085,-0.0736,-0.0398,-1.0286,LOW LIQUIDITY
United Polyfab,,UNITEDPOLY,Textiles & Apparels,0.1672,0.5292,0.0684,0.0581,0.2708,0.0635,0.1818,0.6121,0.9,40.8,1.51,173,18.97,-0.2189,2.358,0.1999,0.1169,-0.0709,LOW LIQUIDITY
United Spirits,532432,UNITDSPR,Beverages,0.1157,0.4256,0.2077,0.0488,0.141,0.1926,0.3603,0.9201,0.05,59.89,4.25,888.2,37.38,-0.1696,0.1111,0.1974,-0.0124,0.0564,908
Universal Cables,504212,UNIVCABLES,Industrial Products,0.2761,1.6083,0.0905,0.12,0.6292,0.11,0.1939,0.7922,0.54,21.81,0.35,5.9,12.78,-0.0069,1.255,0.0506,-0.0153,-0.5786,2055
Uno Minda,532539,UNOMINDA,Auto Components,0.1341,0.2714,0.1146,0.074,0.1702,0.0927,0.1949,0.7315,0.46,68.84,4.04,697,33.47,-0.0556,0.7002,0.175,-0.0127,0.0048,1122
Updater Services,543996,UDS,Commercial Services & Supplies,0.0726,-0.2927,0.0433,0.0356,-0.0391,0.0491,0.1562,0.3289,0.05,11.55,-2.95,8.7,6.47,-0.5433,0.0329,0.1317,0.021,0.1708,LOW LIQUIDITY
UPL,512070,UPL,Fertilizers & Agrochemicals,0.0838,2.0991,0.162,0.0231,1.6685,0.1253,0.0545,2.1135,0.94,26.75,0.16,167.8,10.07,-0.0301,0.5267,0.0329,0.0757,-1.6356,1707
Urban Company,544515,URBANCO,Retailing,0.339,-5.869,-0.1231,-0.0261,-1.1897,-0.0357,-0.0272,1.389,0.06,,0,1329.4,-1956.48,-0.2794,0.1055,0.1552,0.2257,1.3449,95
Urja Global,526987,URJA,Electrical Equipment,-0.2047,0.3125,0.0432,0.069,0.2047,0.0459,0.0094,-2.4474,0.05,421.05,20.57,192.3,173.76,-0.371,0.1447,0.0073,-0.0045,-0.1974,LOW LIQUIDITY
Usha Martin,517146,USHAMART,Industrial Products,0.0184,0.162,0.1906,0.0222,0.0392,0.1618,0.1773,0.7603,0.09,32.42,8.28,140.6,19.95,-0.0977,0.6116,0.1583,-0.0338,0.1191,1163
UTI AMC,543238,UTIAMC,Capital Markets,-0.2226,-0.5275,0.4235,-0.0498,-0.1964,0.4995,1.4274,0.5035,0,25.07,-1.28,43.1,15.46,-0.2314,0.2696,0.1628,-0.0229,0.3592,589
Utkarsh Small F.,543942,UTKARSHBNK,Banks,-0.1489,-7.7807,-0.0867,-0.0616,-32.9076,0.2487,-0.2846,0.4948,9.98,,0,226.7,28.59,-0.4981,0.0981,0.0079,-0.1922,32.9155,1617
Utssav CZ Gold,,UTSSAV,Consumer Durables,0.6709,1.9807,0.0925,0.2953,0.748,0.0813,0.3413,-2.2393,0.88,13.98,0.19,8.8,10.63,-0.1692,0.8056,0.315,-0.1104,-0.433,
Uttam Sug.Mills,532729,UTTAMSUGAR,Agricultural Food & other Products,0.4511,1.0681,0.0394,0.1927,0.2755,0.0946,0.1468,0.5837,0.35,7.94,0.29,4.3,4.49,-0.2913,0.3782,0.119,0.119,-0.1565,LOW LIQUIDITY
UVS Hospitality,531652,,Finance,0.1722,-0.0031,0.2369,0.1605,-0.0196,0.1538,0.0985,1.4784,0.02,29.43,-15.01,9.9,19.03,-0.4518,0.4212,0.2121,0.2121,0.2317,
V I P Inds.,507880,VIPIND,Consumer Durables,-0.2534,-3.0246,-0.2618,-0.0989,1.6284,-0.0764,-0.3132,-13.3716,1.68,,0,168.9,-249.79,-0.2591,0.5633,-0.121,-0.1735,-1.7494,2249
V-Guard Industri,532953,VGUARD,Consumer Durables,0.0363,0.03,0.0815,0.0064,-0.0628,0.0704,0.1704,1.1003,0.07,52.33,-8.33,302.7,30.59,-0.2258,0.1613,0.1585,0.0084,0.2213,388
V-Marc India,,VMARCIND,Industrial Products,1.0032,2.2049,0.1132,0.3964,0.6982,0.096,0.2625,0.2789,1.07,29.13,0.42,19.3,14.03,-0.0937,2.6423,0.2434,-0.0449,-0.4548,
V-Mart Retail,534976,VMART,Retailing,0.2207,0.843,0.0886,0.0753,3.2014,0.0552,0.0882,2.203,0.95,64.88,0.2,61.4,16.28,-0.2071,0.2189,0.0308,0.1492,-3.1706,1672
V2 Retail,532867,V2RETAIL,Retailing,0.8648,9.9275,0.1206,0.2896,0.3767,0.0918,0.0997,1.3241,3.39,84.96,2.26,75.6,28.1,-0.0984,1.0612,0.2328,0.1269,-0.1439,413
Va Tech Wabag,533269,WABAG,Other Utilities,0.1916,0.2011,0.107,0.0734,0.1083,0.1413,0.2091,0.7807,0.1,27.3,2.52,23.4,16.19,-0.278,0.2652,0.146,0.0078,0.0377,865
Vadilal Enterp.,519152,,Food Products,0.0748,1.7911,0.0758,0.0197,-0.0993,0.0108,0.0749,2.7601,1.1,231.18,-23.29,1.4,29.5,-0.316,1.193,0.2048,-0.2561,0.3041,
Vadilal Inds.,519156,VADILALIND,Food Products,0.155,-0.1426,0.1502,0.0706,-0.0954,0.1443,0.2065,0.6166,0.26,28.37,-2.97,3.5,16.8,-0.2837,0.5537,0.24,-0.0697,0.3354,LOW LIQUIDITY
Vaibhav Global,532156,VAIBHAVGBL,Consumer Durables,0.1016,0.7104,0.0884,0.041,0.1985,0.0694,0.1763,0.7692,0.16,22.93,1.16,48.4,12.42,-0.2574,0.4124,0.1172,0.0086,-0.0813,1290
Vakrangee,511431,VAKRANGEE,IT - Services,0.0587,3.0081,0.1052,0.0548,0.455,0.0574,0.0638,-1.8005,0.02,91.03,2,456.8,24.27,-0.7869,0.0201,0.0365,0.0089,-0.4185,LOW LIQUIDITY
Valiant Commun.,526775,,Telecom - Equipment & Accessories,0.5857,0.8821,0.3436,0.2383,0.4951,0.2914,0.2514,0.0637,0.03,63.96,1.29,13.9,40.31,-0.0605,2.5617,0.1614,0.0175,-0.3337,
Valiant Laborato,543998,VALIANTLAB,Pharmaceuticals & Biotechnology,1.1508,1.0422,0.0017,0.3948,-2.5089,0.0302,0.0158,-0.4119,0.17,82.68,-0.33,7.2,58.83,-0.3926,0.1051,-0.0143,0.0028,2.4946,LOW LIQUIDITY
Valiant Organics,540145,VALIANTORG,Chemicals & Petrochemicals,-0.0185,1.5018,0.1345,0.0466,-8.2876,0.068,0.0313,2.2488,0.29,35.79,-0.04,3.2,10.98,-0.4521,0.2378,-0.0045,0.0069,8.2831,LOW LIQUIDITY
Valor Estate,533160,DBREALTY,Leisure Services,38.3247,1.1002,0.3092,0.6272,-0.9765,0.0422,-0.0038,-5.5216,0.25,,0,101.1,91.7,-0.3577,0.4098,-0.0254,-0.3731,0.9511,1867
Vardhman Acrylic,,VARDHACRLC,Textiles & Apparels,0.2659,0.6026,0.0019,0.1105,-0.1299,0.0414,0.0486,1.6202,0,31.59,-2.43,11.2,18.34,-0.3309,0.0953,0.0486,-0.0237,0.1785,LOW LIQUIDITY
Vardhman Hold.,500439,VHL,Finance,-0.6284,-0.066,0.8691,-0.3446,-0.0535,17.2425,50.3124,-0.0201,0,4.94,-0.92,0.1,4.68,-0.2894,0.3256,0.0755,0.0177,0.129,957
Vardhman Polytex,514175,VARDMNPOLY,Textiles & Apparels,-0.0416,9.254,0.1743,-0.0239,451.8571,0.1681,0.6629,-6.9309,,9.86,0,-65,6.64,-0.5575,0.0381,0,0,-451.8571,LOW LIQUIDITY
Vardhman Special,534392,VSSL,Industrial Products,-0.1264,0.3385,0.1047,-0.0247,0.039,0.0829,0.1093,0.8919,0.06,28.03,7.19,21.4,14.21,-0.1431,0.5598,0.1214,-0.0108,0.0824,1246
Vardhman Textile,502986,VTL,Textiles & Apparels,-0.0089,-0.0499,0.1348,0.0056,-0.0089,0.1195,0.0992,1.3686,0.15,15.82,-17.78,37.9,9.17,-0.1832,0.2757,0.0895,0.0186,0.0984,938
Varroc Engineer,541578,VARROC,Auto Components,0.0608,0.0946,0.092,0.0313,0.7174,0.0589,0.1065,1.5331,0.54,50.55,0.7,88.9,12.69,-0.0496,0.7567,0.0737,-0.3454,-0.6437,2178
Varun Beverages,540180,VBL,Beverages,0.0191,0.1962,0.234,0.0581,0.1215,0.1954,0.1909,0.8481,0.12,51.76,4.26,2831.1,29.09,-0.3151,0.0838,0.2249,-0.1271,0.1034,1256
Varvee Global,514274,VGL,Textiles & Apparels,0.7978,0.2346,0.4977,-0.0408,-1.2159,0.1881,0.4476,-0.3466,0.27,20.1,-0.17,10,34.57,-0.2128,1.2806,-3.479,-2.3103,-2.2631,LOW LIQUIDITY
Vasa Denticity,,DENTALKART,Healthcare Equipment & Supplies,0.2244,-0.0708,0.0835,0.0771,-0.0538,0.0816,0.1324,-0.1962,0,64.6,-12,10.6,44.23,-0.2827,0.1304,0.1701,-0.1822,0.2239,
Vascon Engineers,533156,VASCONEQ,Realty,0.1293,0.4359,0.0694,0.0476,0.2,0.1001,0.1202,0.0503,0.24,14.3,0.71,23.5,10.33,-0.3057,0.6198,0.0659,-0.0045,-0.1341,1851
Vashu Bhagnani,532011,,Entertainment,0.7184,6.2,0.8475,-0.4484,-0.5634,0.1156,0.0101,-11.0864,0.12,169.6,-3.01,17.6,448.36,-0.5037,0.0806,0.0584,-0.0755,0.6218,
Vedant Fashions,543463,MANYAVAR,Retailing,-0.0179,-0.1617,0.421,0.0264,0.0222,0.4002,0.3113,0.6946,0.27,38.93,17.52,211.8,21.19,-0.5916,0.0117,0.2226,-0.0446,0.2004,766
Vedanta,500295,VEDL,Diversified Metals,0.0594,-0.2244,0.2858,0.0281,-0.0777,0.226,0.153,1.1391,2.12,15.68,-2.02,1949.5,5.84,-0.0444,0.413,0.3848,0.2799,0.4625,39
Veedol Corporat,590005,VEEDOL,Petroleum Products,0.0693,0.1832,0.1042,0.034,0.1275,0.1149,0.2428,0.142,0.02,15.29,1.2,5.3,10.91,-0.164,0.3343,0.1975,0.0178,0.07,LOW LIQUIDITY
Veefin Solutions,543931,,IT - Services,4.7643,1.0369,0.183,1.1571,0.2941,0.1824,0.0282,0.0426,0.22,50.97,1.73,4.1,22.1,-0.5255,0.3895,0.0458,-0.0421,-0.2483,
Veljan Denison,505232,,Auto Components,0.0518,0.1942,0.2732,0.0468,0.14,0.2397,0.1566,0.5247,0.03,19.54,1.4,1,11.44,-0.345,0.2318,0.1071,0.0006,-0.0329,
Venky's (India),523261,VENKEYS,Food Products,0.0344,-4.4188,-0.0389,0.0255,-0.8032,0.0163,0.0235,0.37,0.13,82.99,-1.03,1.9,20.38,-0.332,0.0261,0.0821,0.0228,0.8853,342
Ventive Hospital,544321,VENTIVE,Leisure Services,0.8974,1.9344,0.3875,0.3889,0.8971,0.3421,0.0397,1.2216,0.52,73.65,0.82,80,17.21,-0.1358,0.3968,0.0475,0.0475,-0.8496,LOW LIQUIDITY
Venus Pipes,543528,VENUSPIPES,Industrial Products,0.2734,0.1027,0.163,0.1031,-0.0019,0.1543,0.2175,0.4305,0.36,28.33,-145.92,10.1,15.23,-0.2591,0.3063,0.1978,-0.0378,0.1997,LOW LIQUIDITY
Venus Remedies,526953,VENUSREM,Pharmaceuticals & Biotechnology,0.1332,4.735,0.1606,0.0964,0.6869,0.1213,0.1451,1.4323,0.02,13.6,0.2,1.9,7.75,-0.0326,1.3861,0.0716,0.0122,-0.6153,LOW LIQUIDITY
Veranda Learning,543514,VERANDA,Other Consumer Services,0.1972,1.5452,0.3644,-0.0535,-0.2786,-0.1413,-0.1436,-0.2603,0.42,,0,23.6,19.92,-0.2116,0.1865,-0.78,-0.5435,-0.5014,2248
Veritas (India),512229,,Commercial Services & Supplies,0.0993,-0.9836,0.0155,-0.019,-0.5282,0.0203,0.0175,0.1872,0.09,11.94,-0.23,0.6,7.1,-0.7676,0,0.0439,-0.0337,0.5721,
Vertis Infra.,,VERTIS,Transport Infrastructure,0.9566,0.7733,0.7508,0.4007,0.3719,0.4555,0.0563,1.2897,1.6,27.66,0.74,358.2,11.52,0,0.1202,0.0864,-0.0711,-0.2855,
Vertoz,,VERTOZ,Media,0.1353,0.0335,0.1443,0.0775,0.123,0.1222,0.137,0.2983,0.08,21.86,1.78,22.3,12.91,-0.5925,0.1116,0.1399,0.0189,0.0169,LOW LIQUIDITY
Vesuvius India,520113,VESUVIUS,Industrial Products,0.2316,-0.1011,0.1689,0.1036,-0.0375,0.1574,0.2101,0.7647,0.01,40.06,-10.68,130.2,24.43,-0.2568,0.3512,0.193,-0.0013,0.2305,LOW LIQUIDITY
Viceroy Hotels,523796,VHLTD,Leisure Services,-0.0467,-0.9266,0.2519,-0.0245,-0.7836,0.1788,0.0656,0.5933,0.2,50.01,-0.64,22.5,23.66,-0.1082,0.3034,0.4168,0.4168,1.2004,LOW LIQUIDITY
Vidhi Specialty,531717,VIDHIING,Chemicals & Petrochemicals,-0.1786,0.0298,0.2359,-0.0297,0.1051,0.1914,0.2157,-0.0728,0.19,38.78,3.69,30,23.9,-0.3464,0.1923,0.1494,0.0118,0.0443,LOW LIQUIDITY
Vijaya Diagnost.,543350,VIJAYA,Healthcare Services,0.1017,0.0275,0.406,0.074,0.1045,0.3206,0.1643,1.0537,0.42,67.7,6.48,122.5,33.84,-0.2132,0.3576,0.19,0.0117,0.0855,480
Vikas Lifecare,542655,VIKASLIFE,Commercial Services & Supplies,0.0031,-0.4043,-0.0456,0.0006,1.8413,-0.0244,-0.0596,-162.1898,0.14,,0,127.3,-90.45,-0.5865,0.0155,-0.0079,-0.0368,-1.8492,LOW LIQUIDITY
Vikram Solar,544488,VIKRAMSOLR,Electrical Equipment,0.9372,16.4579,0.2117,0,0,0.1087,0.0579,0.8027,0.09,41.59,,133.1,17.69,-0.2645,0.0169,0.1657,-0.0523,0.1657,1109
Vikram Thermo,530477,,Chemicals & Petrochemicals,0.0291,0.0174,0.4472,-0.0124,3.3233,0.3697,0.4385,0.5365,0.02,16.04,0.05,12.2,10.85,-0.2164,0.337,0.0653,-0.1839,-3.258,
Vikran Engg.,544496,VIKRAN,Construction,0.1071,3.3942,0.1443,0,0,0.1805,0.1052,-0.781,0.27,32.94,,62.1,15.08,-0.0719,0.1816,0.2049,-0.1491,0.2049,1097
Vilas Transcore,,VILAS,Industrial Products,0.4084,0.7439,0.136,0.1879,0.3274,0.1495,0.194,-0.7053,0.03,23.5,0.72,8.2,14.78,-0.3593,0.4833,0.1514,0.0003,-0.176,
Vimta Labs,524394,VIMTALABS,Healthcare Services,0.2019,0.1704,0.336,0.1157,0.1089,0.2663,0.2251,1.0412,0.02,37.39,3.43,29.9,19.41,-0.3074,0.7291,0.1943,0.0577,0.0854,289
Vinati Organics,524200,VINATIORGA,Chemicals & Petrochemicals,-0.0127,0.2159,0.327,0.0047,0.1197,0.276,0.247,0.8988,0,36.93,3.09,59.9,24.28,-0.188,0.1727,0.1575,0.0192,0.0378,669
Vindhya Telelink,517015,VINDHYATEL,Telecom - Services,0.0075,1.4269,0.0753,0.02,0.316,0.1171,0.2006,-1.5899,0.33,7.01,0.22,0.5,6.4,-0.3098,0.3661,0.0503,-0.0261,-0.2657,2051
Vinsys IT Serv.,,VINSYS,Other Consumer Services,0.3028,-0.192,0.1064,0.1321,-0.0699,0.1517,0.2153,0.3366,0.32,20.34,-2.91,6,14.5,-0.1852,0.2902,0.2588,-0.1063,0.3287,
Vintage Coffee,538920,VINCOFE,Commercial Services & Supplies,0.8951,1.3742,0.1647,0.3954,0.504,0.1685,0.1211,-0.4508,0.17,35.4,0.7,52.7,25.77,-0.0623,1.1831,0.1705,0.0833,-0.3335,747
Vinyas Innovativ,,VINYAS,Industrial Manufacturing,0.4176,0.3305,0.1011,0.1574,0.12,0.0965,0.131,0.2268,0.6,70.24,5.85,8.9,31.8,-0.1569,1.1084,0.1412,-0.0352,0.0212,
Vinyl Chemicals,524129,VINYLINDIA,Chemicals & Petrochemicals,0.0103,-0.4386,0.0176,-0.0046,0.0348,0.0429,0.2226,0.9186,0,24.83,7.13,7.4,17.86,-0.3113,0.2345,0.1557,-0.0092,0.1209,LOW LIQUIDITY
VIP Clothing,532613,VIPCLOTHNG,Textiles & Apparels,0.1155,1.7654,0.0929,0.0936,0.6264,0.0816,0.0469,-2.4791,0.4,34.16,0.55,14.5,15.46,-0.3673,0.2021,0.0338,0.1213,-0.5926,LOW LIQUIDITY
Vipul Organics,530627,,Chemicals & Petrochemicals,0.0048,0.7075,0.1096,-0.0017,0.285,0.0596,0.085,0.0723,0.7,65.92,2.31,7.3,24.62,-0.2064,0.7034,0.0678,0.0142,-0.2172,
Virat Industries,530521,,Textiles & Apparels,-0.3753,3.6667,0.1022,-0.055,2.3333,0.1352,0.0317,-0.6406,0,288.05,1.23,9.8,156.23,-0.3263,1.133,0.0346,0.0077,-2.2987,
Virtual Galaxy,,VGINFOTECH,IT - Software,0.2028,0.1511,0.4461,0.1209,0.0897,0.3857,0.2301,0.9021,0.24,12.51,1.4,5.5,6.92,-0.1536,0.2058,0.4774,-0.0165,0.3877,
Virtuoso Optoel.,543597,,Consumer Durables,-0.0139,-0.6595,0.1002,-0.0118,-0.4287,0.0719,0.0251,0.6056,0.59,167.63,-3.91,11.7,24.22,-0.3682,0.216,0.0573,0.0573,0.486,
Visa Steel,532721,VISASTEEL,Ferrous Metals,-0.4964,-0.7341,-0.1132,-0.068,-0.0569,-0.0237,0.033,-1.5526,,,0,-5.2,81.05,-0.2765,0.9039,0,0,0.0569,LOW LIQUIDITY
Visaka Industrie,509055,VISAKAIND,Cement & Cement Products,0.0541,0.4904,0.0374,0.0425,144.7143,0.0405,0.0345,2.6144,0.53,30.5,0,6.8,8,-0.3271,0.3089,0.0002,-0.0031,-144.7141,LOW LIQUIDITY
Vishal Fabrics,538598,VISHAL,Textiles & Apparels,0.1256,0.6462,0.0684,0.0695,0.269,0.0556,0.0904,1.1993,0.41,18.91,0.7,28.3,7.55,-0.303,0.3354,0,0,-0.269,
Vishal Mega Mart,544307,VMM,Retailing,0.2238,0.4647,0.1323,0.1016,0.209,0.0975,0.1288,1.4019,0.27,87.08,4.17,4340.6,36.63,-0.13,0.4298,0.1013,0.0172,-0.1077,1321
Vishnu Chemicals,516072,VISHNU,Chemicals & Petrochemicals,0.1667,0.4396,0.1451,0.0452,0.0941,0.1481,0.1412,0.4369,0.42,23.44,2.49,21.8,13.3,-0.1913,0.4345,0.1554,-0.0258,0.0613,LOW LIQUIDITY
Vishnu Prakash R,543974,VPRPL,Construction,-0.117,-0.8462,0.0823,-0.0156,-0.4752,0.0971,0.0629,-1.3937,0.91,35.39,-0.74,17.2,12.79,-0.7475,0.0262,0.0781,-0.1578,0.5533,1475
Vishnusurya Pro.,,VISHNUINFR,Other Construction Materials,0.2085,0.0587,0.2248,0.1072,0.0432,0.1643,0.2661,0.1761,0.42,12.93,3,5.5,8.17,-0.4732,0.1117,0,0,-0.0432,
Vision Infra,,VIESL,Commercial Services & Supplies,0.454,0.4701,0.2555,0.1985,0.3182,0.1609,0.1604,0.2525,1.61,16.66,0.52,9.1,6.49,-0.0347,1.4748,0.3312,0.3312,0.013,
Viviana Power,,VIVIANA,Construction,0.4067,0.4091,0.1905,0.1941,0.221,0.1645,0.6314,-0.431,1.02,41.77,1.89,14.5,24.83,-0.1434,1.6643,0.4653,0.1611,0.2443,
VLS Finance,511333,VLSFINANCE,Finance,-0.867,-0.8611,0.4701,-0.9741,-1.4302,-10.8664,-0.1165,3.4181,0,,0,1.2,-30.9,-0.3554,0.3691,0.017,-0.1004,1.4472,LOW LIQUIDITY
VMS TMT,544521,VMSTMT,Industrial Products,0,0,0.066,0,0,0.0539,0.0545,-0.4321,1.29,21.23,,6.7,9.84,-0.3991,0.0046,0.2464,-0.1018,0.2464,LOW LIQUIDITY
Vodafone Idea,532822,IDEA,Telecom - Services,0.024,0.2249,0.4185,0.0178,-0.0559,-0.0645,-0.2017,-3.1803,,,0,-15219.3,17.85,-0.0352,0.7467,0,0,0.0559,LOW LIQUIDITY
Voith Paper,522122,,Textiles & Apparels,0.0354,0.1206,0.2658,0.0499,0.0887,0.2933,0.1412,0.588,0,18.95,2.14,0.9,8.22,-0.1792,0.4101,0.1089,-0.0005,0.0202,
Volt.Transform.,532757,VOLTAMP,Electrical Equipment,0.2133,0.0411,0.1939,0.0415,0.0308,0.2194,0.6996,0.5111,0,26.21,8.52,5.3,18.83,-0.2628,0.443,0.2168,-0.026,0.186,645
Voltas,500575,VOLTAS,Consumer Durables,-0.1038,-0.7441,0.0144,-0.0814,-0.3403,0.0609,0.2143,-0.1811,0.28,84.66,-2.49,241,50.8,-0.2462,0.2351,0.1347,0.09,0.475,173
Vraj Iron,544204,VRAJ,Ferrous Metals,0.5189,-0.2468,0.1008,0.1456,-0.2381,0.0852,0.128,0.2241,0.06,13.41,-0.56,3.6,7.17,-0.4664,0.0347,0.1476,-0.187,0.3857,LOW LIQUIDITY
VRL Logistics,539118,VRLLOG,Transport Services,-0.0032,0.3928,0.1897,0.0046,0.3192,0.1322,0.1498,1.6518,1.01,20.64,0.65,77,8.66,-0.1533,0.2746,0.1744,0.0844,-0.1448,617
VST Industries,509966,VSTIND,Cigarettes & Tobacco Products,-0.0664,0.245,0.2339,-0.0339,0.0488,0.2122,0.2854,0.7206,0,19.36,3.97,57.6,12.83,-0.321,0.0765,0.1646,-0.0817,0.1158,1384
VST Till. Tract.,531266,VSTTILLERS,"Agricultural, Commercial & Construction Vehicles",0.1119,-0.434,0.1298,0.1243,0.0517,0.1176,0.1212,0.6332,0,47.87,9.26,3.8,29.36,-0.1365,0.8621,0.0954,-0.0399,0.0437,1751
VTM,532893,,Textiles & Apparels,0.2284,-0.7625,0.0556,0.0858,-0.1435,0.1381,0.19,-0.6275,0.12,24.74,-1.72,30.1,15.4,-0.2521,1.7301,0.1529,0.0974,0.2964,
VVIP Infratech,544219,,Other Utilities,0.1306,0.0439,0.2074,0.061,0.0219,0.1942,0.1782,-0.8162,0.72,9.13,4.17,3.9,5.85,-0.4691,0.3221,0.2334,0.0292,0.2115,
W S Inds.,504220,WSI,Construction,-0.6125,-0.8941,0.1006,-0.3501,0.3258,0.0315,-0.0287,-6.2758,0.44,,0,15.9,86.35,-0.4254,0.2827,-0.1058,-0.5751,-0.4316,LOW LIQUIDITY
Waaree Energies,544277,WAAREEENER,Electrical Equipment,0.697,1.3297,0.2319,0.2429,0.4526,0.2195,0.2703,1.1667,0.26,33.79,0.75,228.7,18.78,-0.1787,0.7551,0.2742,-0.0592,-0.1784,1496
Waaree Renewab.,534618,WAAREERTL,Electrical Equipment,0.4773,1.1722,0.2039,0.3863,0.5349,0.2185,0.6733,0.9563,0.12,32.67,0.61,182.8,23.24,-0.2718,0.5121,0.6556,-0.2204,0.1207,1035
Walchan. Inds.,507410,WALCHANNAG,Industrial Manufacturing,-0.237,0.2145,-0.0585,-0.1768,0.0303,-0.2559,-0.267,-0.3211,0.56,,0,20.9,-26.61,-0.4788,0.1095,-0.2526,-0.0988,-0.2829,LOW LIQUIDITY
Wanbury,524212,WANBURY,Pharmaceuticals & Biotechnology,0.2446,11.9712,0.1498,0.0506,0.2883,0.1255,0.2174,0.3726,3.02,18.55,0.64,44.1,10.4,-0.3073,0.4843,0.7652,0.7652,0.4769,LOW LIQUIDITY
Wardwizard Inno.,538970,,Automobiles,-0.4254,1.0285,0.1514,-0.1366,0.7113,0.1502,0.1377,-2.2374,1.32,26.38,0.37,86.6,9.73,-0.7849,0.0415,0.065,-0.0829,-0.6463,
Wealth First Por,544536,WEALTH,Finance,0.0543,-0.2698,0.737,-0.0246,-0.0606,0.7737,0.4432,0.2232,0,34.1,-5.62,8,24.74,-0.3831,0.3243,0.286,-0.1519,0.3466,LOW LIQUIDITY
Websol Energy,517498,WEBELSOLAR,Electrical Equipment,0.1719,0.1034,0.4297,0.2291,0.3149,0.3994,0.4147,0.7812,0.41,24.71,0.78,557.5,15.65,-0.3882,0.4423,0.8017,0.8657,0.4868,23
Welspun Corp,532144,WELCORP,Industrial Products,0.3246,0.4867,0.1352,0.1063,0.4633,0.1591,0.268,0.8572,0.19,13.33,0.29,76,8.68,-0.0984,0.3793,0.1859,-0.0121,-0.2774,1398
Welspun Enterp,532553,WELENT,Construction,-0.0385,0.267,0.2196,-0.0096,0.1351,0.2059,0.2747,-0.4036,0.72,20.27,1.5,38.3,11.66,-0.193,0.3398,0.1326,0.007,-0.0025,1077
Welspun Investme,533252,WELINV,Finance,0.0041,-0.0332,0.9327,-0.0133,-0.0919,0.8555,-22.35,-0.3096,0,125.54,-13.66,0.2,94.98,-0.1884,0.9341,0.0062,-0.0024,0.0981,LOW LIQUIDITY
Welspun Living,514162,WELSPUNLIV,Textiles & Apparels,-0.1504,-0.9354,0.0628,-0.0671,-0.4463,0.0691,0.0708,0.6395,0.56,37.59,-0.84,267.3,14.87,-0.2725,0.3036,0.1366,-0.0215,0.5829,615
Welspun Special.,500365,,Industrial Products,0.428,2.5197,0.0605,0.1532,-2.9955,0.0562,0.0218,1.4581,0.08,288,-0.96,380.9,40.85,-0.2303,0.5043,-0.0168,-1.0332,2.9787,
Wendt India,505412,WENDT,Industrial Products,0.0165,-0.7474,0.1181,0.0172,-0.1987,0.1588,0.1503,0.7433,0,61.5,-3.1,1.4,33.31,-0.5295,0.0536,0.1511,-0.0337,0.3498,776
West Coast Paper,500444,WSTCSTPAPR,"Paper, Forest & Jute Products",-0.0017,-0.8037,0.0652,-0.0018,-0.4364,0.0725,0.0633,0.2009,0.13,15.73,-0.36,5.3,6.26,-0.3288,0.1221,0.0949,-0.1433,0.5313,LOW LIQUIDITY
Western Carriers,544258,WCIL,Transport Services,0.019,-0.528,0.0428,0.0008,-0.2781,0.0471,0.0764,-0.0245,0.23,25.86,-0.93,14.6,11.64,-0.1904,0.8318,0.1062,-0.1178,0.3843,LOW LIQUIDITY
Westlife Food,505533,WESTLIFE,Leisure Services,0.0386,-40.7778,0.1046,0.0262,-1.5884,0.0513,0.0371,2.3339,2.67,,0,219.3,29.91,-0.3711,0.0577,0.013,-0.115,1.6014,1588
Wework India,544570,WEWORK,Commercial Services & Supplies,0.2226,-0.9638,0.6644,0,0,0.2518,0.0484,2.6439,22.73,48.27,,,10.14,-0.0431,0.0625,0,0,0,1786
Wheels India,590073,WHEELS,Auto Components,0.0822,0.2669,0.0718,0.0429,0.0654,0.0574,0.1246,1.5968,0.79,18.91,2.89,5.7,7.9,-0.1089,0.6053,0.1271,0.0366,0.0617,678
Whirlpool India,500238,WHIRLPOOL,Consumer Durables,-0.0384,-0.3222,0.0351,-0.0164,-0.0417,0.0648,0.1037,1.0829,0.02,44.99,-10.78,47.4,17.76,-0.3932,0.3372,0.0926,0.029,0.1343,757
Wim Plast,526586,,Consumer Durables,0.0783,-0.339,0.1539,0.0154,0.0328,0.2154,0.1513,0.7315,0,9.6,2.93,1.2,6.33,-0.2668,0.0874,0.1136,0.0002,0.0808,
Windlas Biotech,543329,WINDLAS,Pharmaceuticals & Biotechnology,0.1893,0.1367,0.1284,0.0926,0.104,0.1119,0.1641,0.8106,0.06,25.5,2.45,6.8,14.06,-0.3091,0.2246,0.1276,-0.009,0.0236,LOW LIQUIDITY
Windsor Machines,522029,WINDMACHIN,Industrial Manufacturing,1.2999,1.1107,0.0622,0.2976,-1.2324,0.0401,0.0282,-5.237,0.02,913.92,-7.42,29.4,66.91,-0.3405,0.2608,-0.0238,0.0056,1.2086,LOW LIQUIDITY
Wipro,507685,WIPRO,IT - Software,0.0177,0.0117,0.1926,0.0064,0.0313,0.2147,0.2015,0.8959,0.19,19.11,6.1,3160.1,11.85,-0.2419,0.0934,0.1659,0.0232,0.1346,387
Wise Travel,,WTICAB,Transport Services,0.5579,0.3699,0.1151,0.2478,0.183,0.068,0.1411,0.0056,0.74,14.08,0.77,4.9,5.44,-0.213,0.3937,0.1431,-0.0873,-0.0399,
Wockhardt,532300,WOCKPHARMA,Pharmaceuticals & Biotechnology,-0.0334,4.5455,0.2276,-0.0093,-2.1674,0.0968,0.0106,-0.0924,0.54,394.07,-1.82,76.9,47.12,-0.2884,0.1992,-0.0122,0.1088,2.1552,437
Wonder Electric.,543449,WEL,Consumer Durables,-0.2651,-0.4902,0.0453,-0.124,-0.0489,0.0399,0.1953,-0.6724,0.92,126.13,-25.8,304.2,60.89,-0.1563,0.3956,0.2516,0.0923,0.3005,97
Wonderla Holiday,538268,WONDERLA,Leisure Services,0.1895,-1.1189,0.0933,0.0177,-0.2238,0.2384,0.0628,1.1071,0,44.15,-1.97,13.1,19.53,-0.3969,0.1029,0.0751,-0.0719,0.2989,LOW LIQUIDITY
Workmates Core2,544610,,IT - Software,0,0,,0,0,0.1743,0.5971,0.2697,0.38,32.45,,,23.29,-0.1362,0,0.8747,0.0235,0.8747,
Worth Investment,538451,,Finance,-0.0611,0,0.9431,-0.0195,0.0053,0.8466,0.0461,-0.9907,0.4,215.83,410.08,358.5,100.73,-0.6661,0.121,0.0504,-0.0299,0.0451,
WPIL,505872,,Industrial Manufacturing,-0.1321,-0.3192,0.1886,-0.027,-0.2688,0.1532,0.1439,-0.4909,0.39,40.47,-1.51,25.7,12.76,-0.4816,0.1521,0.1004,-0.3613,0.3692,
Xchanging Sol.,532616,XCHANGING,IT - Software,0.1878,0.6558,0.3221,0.0772,0.1937,0.3989,0.1725,0.6703,0.24,16.39,0.85,29.4,9.49,-0.2894,0.099,0.1391,0.1125,-0.0546,675
XPRO India,590013,XPROINDIA,Industrial Products,-0.105,-0.5,0.0611,-0.0102,-0.6476,0.0557,0.0241,0.2174,0.46,177.46,-2.74,8.2,59.83,-0.39,0.0814,0.0656,-0.0486,0.7132,LOW LIQUIDITY
XT Global Infot.,531225,XTGLOBAL,IT - Software,0.937,0.0111,0.073,0.3787,0.0863,0.0573,0.0605,1.0121,0.27,51.09,5.92,35.3,20.78,-0.274,0.3271,0.0521,-0.0198,-0.0342,LOW LIQUIDITY
Yamuna Syndicate,540980,,Commercial Services & Supplies,-0.0211,-0.5177,0.0128,-0.0051,-0.2412,1.3695,2.4805,-0.0655,0,12.67,-0.53,0,12.27,-0.25,0.3478,0.0931,-0.004,0.3343,
Yash Highvoltage,544310,,Electrical Equipment,0.7553,1.1941,0.2124,0,0,0.2085,0.1941,0,0.17,48.31,,25.1,40.33,-0.2036,2.3886,0,0,0,
Yasho Industries,541167,YASHO,Chemicals & Petrochemicals,0.0971,0.1147,0.1807,0.0705,1.1801,0.1088,0.0104,-0.6191,1.37,156.69,1.33,5.6,19.64,-0.2953,0.138,0.0163,-0.2012,-1.1638,LOW LIQUIDITY
Yatharth Hospit.,543950,YATHARTH,Healthcare Services,0.2831,0.3325,0.2309,0.1489,0.1795,0.2082,0.1331,0.8199,0.02,48.5,2.7,42.2,26.61,-0.0903,1.2224,0.1043,-0.1123,-0.0752,2027
Yatra Online,543992,YATRA,Leisure Services,0.4842,0.9562,0.0681,0.2824,0.5212,0.0665,0.0752,-1.9578,0.07,51.49,0.99,55.1,27.32,-0.0983,1.7805,0.0477,0.0577,-0.4735,1596
Yes Bank,532648,YESBANK,Banks,-0.045,0.1725,0.5765,-0.0152,0.1542,0.8246,0.0507,0.2531,7.29,25.36,1.64,4582.4,16.57,-0.0564,0.4313,0.0546,0.0235,-0.0996,1505
Yogi Ltd,511702,,Finance,0,0,0.0945,2.0247,10.863,0.0702,0.154,-35.8614,1.15,40.37,0.04,22.6,34.39,-0.2212,2.6652,0.0173,0.0173,-10.8457,
Yuken India,522108,YUKEN,Industrial Products,-0.0271,-0.2707,0.1192,-0.0192,-0.127,0.0883,0.066,1.172,0.33,57.17,-4.5,4.5,21.63,-0.2697,0.2703,0.0849,0.0067,0.2119,LOW LIQUIDITY
Z F Steering,505163,,Auto Components,0.0845,-1.2267,0.1025,0.0288,-0.2888,0.0455,0.0738,1.2665,0.23,71.18,-2.46,1.4,12.29,-0.4917,0.0013,0.0322,-0.0615,0.321,
Z-Tech (India),,ZTECH,Other Utilities,0.812,1.02,0.2035,0.2088,0.1937,0.2923,0.1823,-3.3069,0.02,34.57,1.79,6.4,23.71,-0.2292,0.5166,0.2023,-0.2965,0.0086,
Zaggle Prepaid,543985,ZAGGLE,IT - Services,0.4244,0.7909,0.102,0.1595,0.2727,0.1018,0.1262,0.1587,0.01,46.4,1.7,53,25.85,-0.3564,0.2865,0.096,-0.0451,-0.1767,1990
Zee Entertainmen,505537,ZEEL,Entertainment,-0.0157,-0.6213,0.0807,-0.0407,-0.1498,0.1122,0.0732,1.1221,0.02,14.88,-0.99,78.9,7.67,-0.3473,0.1089,0.0671,0.0462,0.2169,609
Zee Media,532794,ZEEMEDIA,Entertainment,0.3674,0.6885,0.0957,0.0875,-0.3748,-0.101,-0.5311,-0.5042,0.55,,0,187.4,15.56,-0.5814,0.0151,-0.4547,-0.172,-0.0799,LOW LIQUIDITY
Zelio E-Mobility,544563,,Automobiles,0.771,0.6766,0.1145,0,0,0.1236,0.4351,-0.4501,0.7,41.26,,,39,0,1.6168,0.8575,0.0178,0.8575,
Zen Technologies,533339,ZENTEC,Aerospace & Defense,-0.2823,-0.0629,0.3724,-0.1691,-0.1177,0.475,0.2411,-0.3438,0.01,51.19,-4.35,63.6,29.25,-0.4666,0.4827,0.2608,-0.0693,0.3785,562
Zenotech Lab.,532039,,Pharmaceuticals & Biotechnology,0.1494,-2.2414,0.2039,0.0276,-0.363,0.1856,0.0378,1.0821,0,106.72,-2.94,19.4,17.93,-0.3588,0.0419,0.0481,-0.0483,0.4111,
Zensar Tech.,504067,ZENSARTECH,IT - Software,0.0866,0.1702,0.1548,0.0398,0.1169,0.1706,0.2431,0.6686,0.03,23.03,1.97,85.7,14.94,-0.2797,0.3241,0.1643,-0.0353,0.0474,1313
ZF Commercial,533023,ZFCVINDIA,Auto Components,-0.0054,-0.0262,0.1465,0.0053,0.0535,0.1666,0.1878,0.4528,0.02,51.55,9.63,13.7,30.32,-0.1444,0.3558,0.1509,-0.0031,0.0974,903
Zim Laboratories,541400,ZIMLAB,Pharmaceuticals & Biotechnology,-0.0372,-1.1765,0.0649,-0.0356,-0.4585,0.0633,0.0365,1.3997,0.48,54.43,-1.19,7,11.09,-0.425,0.1323,0.0496,-0.029,0.5081,LOW LIQUIDITY
Zodiac Energy,543416,ZODIAC,Construction,0.834,0.0763,0.1062,0.1538,0.0364,0.0917,0.1138,-1.3567,1.76,26.79,7.37,8.2,14.18,-0.3872,0.1422,0.2747,0.0142,0.2383,LOW LIQUIDITY
Zota Health Care,,ZOTA,Pharmaceuticals & Biotechnology,0.9166,-0.3182,0.049,0.377,0.0966,-0.1198,-0.152,1.0662,0.57,,0,48,484.17,-0.0152,2.053,-0.3596,-0.1911,-0.4562,2231
Zuari Agro Chem.,534742,ZUARI,Fertilizers & Agrochemicals,0.2665,1.1229,0.1221,0.1011,1.15,0.1336,-5.5488,1.1017,0.24,3.5,0.03,2,2.33,-0.2705,0.8568,0.0906,0.0562,-1.0594,1484
Zuari Industries,500780,ZUARIIND,Agricultural Food & other Products,0.0164,40.4685,0.0449,0.0367,-2.6891,0.3799,12.4131,-0.0066,0.5,7.74,-0.03,0.6,6.83,-0.2117,0.5455,-0.0169,0.0057,2.6722,849
Zydus Lifesci.,532321,ZYDUSLIFE,Pharmaceuticals & Biotechnology,0.1692,0.4092,0.3292,0.0539,0.083,0.2863,0.2014,1.0626,0.38,18.61,2.24,372.2,12.53,-0.1217,0.1701,0.2121,0.0054,0.1291,409
Zydus Wellness,531335,ZYDUSWELL,Food Products,0.3197,-2.5682,0.0354,0.0655,-0.1519,0.1171,0.0323,1.0692,0.53,51.49,-3.39,80.8,44.39,-0.1416,0.5261,0.0602,0.007,0.2121,945
PropsharePlatina,544295,BOM:544295,,0,0,0.9455,,,0.7042,0.0243,,0,39.8,,0,14.55,-0.03,0.1057,0,0,,LOW LIQUIDITY
PropsharePlatina,544295,BOM:544295,,0,0,0.9455,,,0.7042,0.0243,,0,38.5,,0,14.06,-0.0619,0.0694,0,0,,LOW LIQUIDITY
Billionbrains,,BOM:,,0,0,,0,0,0.6238,0.9506,-0.3953,0.13,34.86,,,23.63,0,0,0.4845,0.2251,0.4845,
Billionbrains,,BOM:,,0,0,,0,0,0.6238,0.9506,-0.3953,0.13,34.86,,,23.63,0,0,0.4845,0.2251,0.4845,
Parth Electrical,,PARTH,,0.1502,0.4806,0.1211,0,0,0.0993,0.1282,0.0173,0.13,29.18,,4.4,15.44,-0.1583,0.526,0.3667,-0.016,0.3667,
Parth Electrical,,PARTH,,0.1502,0.4806,0.1211,0,0,0.0993,0.1282,0.0173,0.13,30.2,,4.6,16.09,-0.1288,0.5796,0.3667,-0.016,0.3667,
Studds Accessor.,,BOM:,,0,0,0.1788,0,0,0.1653,0.1942,0.6554,0.02,33.01,,,19.11,0,0,0.1667,0.0074,0.1667,
Studds Accessor.,,BOM:,,0,0,0.1788,0,0,0.1653,0.1942,0.6554,0.02,33.01,,,19.11,0,0,0.1667,0.0074,0.1667,
Orkla India,,BOM:,,0,0,,0,0,0.1524,0.15,1.0735,0.02,38.76,,,23.12,0,0,0.098,0.0114,0.098,
Orkla India,544595,ORKLAINDIA,,0,0,,0,0,0.1524,0.15,1.0735,0.02,38.08,,,22.71,0,0,0.098,0.0114,0.098,959
Lenskart Solut.,,BOM:,,0,0,,0,0,0.0699,0.0491,2.6466,0.46,282.64,,,56.77,0,0,0.0432,0.0441,0.0432,
Lenskart Solut.,,BOM:,,0,0,,0,0,0.0699,0.0491,2.6466,0.46,282.64,,,56.77,0,0,0.0432,0.0441,0.0432,
Pine Labs,,BOM:,,0,0,,0,0,-0.0336,-0.0269,0.8896,0.14,,,,108.67,0,0,-0.0283,-0.0126,-0.0283,