Name,BSE Code,NSE Code,Industry Group,YoY Q/SALES GROWTH,YoY Q/PAT GROWTH,OERATING PROFIT MARGIN (Q),TTM SALES GROWTH,TTM PAT GROWTH,TTM OPM,ROCE,CFO/EBITDA,D/E Ratio,TTM PE,TTM PEG,TTM P/B,TTM EV/EBITDA,Price Down from 52w high,Price Up from 52w low,CURRENT ROE,ROE UP/DOWN wrt Previous Year,CURRENT FCF POTENTIAL,FOLIOMAX LT RANK (out of 2274 stock)
Bharat Electron,500049,BEL,Aerospace & Defense,0.2578,0.1788,0.2939,0.0582,0.0738,0.3033,0.3575,0.0828,0,52.84,7.16,10205.2,36.06,-0.0554,0.715,0.2922,0.0295,0.2184,161
Garden Reach Sh.,542011,GRSE,Aerospace & Defense,0.4549,0.573,0.0931,0.1625,0.1903,0.1435,0.3804,0.0222,0.01,47.96,2.52,147.5,29.65,-0.2706,1.1871,0.276,0.0542,0.0857,247
Hind.Aeronautics,541154,HAL,Aerospace & Defense,0.1085,-0.0371,0.2661,0.0152,-0.0062,0.3542,0.1932,1.2539,0,37.46,-60.2,594.5,21.8,-0.0999,0.5266,0.2607,-0.0283,0.2669,416
Avantel,532406,AVANTEL,Aerospace & Defense,-0.2842,-0.8135,0.2043,-0.0877,-0.4036,0.2298,0.1517,0.6048,0.09,128.59,-3.19,354.5,63.96,-0.2402,0.8084,0.2812,-0.1058,0.6848,466
Zen Technologies,533339,ZENTEC,Aerospace & Defense,-0.2823,-0.0629,0.3724,-0.1691,-0.1177,0.475,0.2411,-0.3438,0.01,49.9,-4.24,62,28.47,-0.4799,0.4458,0.2608,-0.0693,0.3785,518
NIBE,535136,NIBE,Aerospace & Defense,-0.2504,-0.7598,0.0909,-0.0543,-0.2245,0.0791,0.1323,0.5301,0.33,82,-3.65,10.5,31.16,-0.4143,0.5563,0.1361,-0.0059,0.3606,522
Data Pattern,543428,DATAPATTNS,Aerospace & Defense,-0.0456,-0.2223,0.323,-0.0067,-0.0024,0.4238,0.2498,-0.3012,0,68.66,-289.49,54.7,46.46,-0.195,0.9484,0.1518,0.0092,0.1542,557
AXISCADES Tech.,532395,AXISCADES,Aerospace & Defense,0.0904,0.2156,0.1398,0.0196,0.0453,0.1206,0.1411,0.7038,0.4,76.67,16.94,41,38.69,-0.171,2.5044,0.1267,0.0556,0.0814,658
Paras Defence,543367,PARAS,Aerospace & Defense,0.1151,0.0013,0.2348,0.0264,0.0158,0.2391,0.1438,0.4909,0.04,85.56,54.02,68.4,51.03,-0.3069,0.6809,0.1153,0.0406,0.0995,734
Sika Interplant,523606,BOM:523606,Aerospace & Defense,0.5517,0.4443,0.2063,0.3788,0.3729,0.2191,0.4775,0.2308,0,68.38,1.83,36.1,50.75,-0.3176,1.7724,0.2204,0.0265,-0.1525,742
Jaykay Enter.,500306,BOM:500306,Aerospace & Defense,2.2351,3.4342,0.1241,0.4751,-369,0.2636,0.0728,-0.0944,0.08,134.21,0,79,73.15,-0.0676,1.1065,-0.0002,0.0032,368.9998,815
MTAR Technologie,543270,MTARTECH,Aerospace & Defense,-0.287,-0.7556,0.1254,-0.0388,-0.1233,0.1327,0.0703,1.0911,0.24,157.65,-12.78,30.8,61.63,-0.0766,1.0616,0.0751,-0.0086,0.1984,1197
Astra Microwave,532493,ASTRAMICRO,Aerospace & Defense,0.2871,1.2597,0.205,0.0424,0.0917,0.2526,0.188,-0.3533,0.39,61.07,6.66,85.8,32.77,-0.1257,0.7898,0.1443,-0.0062,0.0526,1204
Mishra Dhatu Nig,541195,MIDHANI,Aerospace & Defense,0.0431,1.5049,0.2004,0.0066,0.0703,0.1802,0.0724,1.1639,0.25,59.55,8.48,92.9,28.21,-0.2018,0.7247,0.0805,0.0105,0.0102,1406
Rossell Techsys,544294,ROSSTECH,Aerospace & Defense,0.9425,1.825,0.1259,0.163,0.9279,0.1269,0.1308,-1.5474,1.8,152.65,1.65,65.7,51.57,-0.2578,1.6714,0.0608,0.0608,-0.8671,1599
DCX Systems,543650,DCXINDIA,Aerospace & Defense,0.6089,0.381,0.0012,0.0776,0.0285,0.0617,0.0486,6.959,0,59.99,21.01,19.4,16.24,-0.4519,0.077,0.0311,-0.0584,0.0026,2083
Ideaforge Tech,543932,IDEAFORGE,Aerospace & Defense,0.0987,-0.429,-0.2767,-0.4327,0.4252,-0.9727,-0.1881,1.2193,0.03,,0,14.3,-36.48,-0.2942,0.5505,-0.1027,-0.1911,-0.5279,2236
Taneja Aerospace,522229,BOM:522229,Aerospace & Defense,-0.0678,0.0231,0.6549,-0.0155,0.0039,0.6189,0.2029,1.0587,0,50.31,129.94,16.4,31.83,-0.2897,0.6381,0.1326,0.0399,0.1287,LOW LIQUIDITY
CFF Fluid,543920,BOM:543920,Aerospace & Defense,0.3822,0.402,0.2721,0,0,0.242,0.2168,-0.0914,0.14,60.42,,19,35.29,-0.1019,0.7527,0.1742,-0.0523,0.1742,LOW LIQUIDITY
Bharat Dynamics,541143,BDL,Aerospace & Defense,0.2969,1.5416,-0.183,0.017,0.0202,0.2244,0.106,0.2223,0,94.09,46.51,482.5,58.1,-0.3134,0.6175,0.1438,-0.0352,0.1236,LOW LIQUIDITY
Krishna Defence,,KRISHNADEF,Aerospace & Defense,0.416,0.581,0.1604,0,0,0.1605,0.2488,-0.3647,0.07,54.33,,12.8,34.79,-0.2234,0.5865,0.1844,0.052,0.1844,
C2C Advanced,,C2C,Aerospace & Defense,0,0,0.3856,0,0,0.3655,0.191,-2.7392,0.23,39.22,,9.5,26.85,-0.2874,1.7178,0.2105,-0.1005,0.2105,
Unimech Aero.,544322,UNIMECH,Aerospace & Defense,0.0638,-0.0732,0.3143,0.0156,0.0585,0.4292,0.2904,0.8216,0.13,60.81,10.39,37.9,40.87,-0.3568,0.1529,0.1991,-0.5384,0.1406,
Apollo Micro Sys,540879,APOLLO,Aerospace & Defense,0.4017,1.0825,0.2629,0.1902,0.4781,0.2447,0.1051,0.0998,0.29,108.18,2.26,285.5,52.32,-0.2254,2.0443,0.1023,0.0319,-0.3758,
Techera Enginee.,,TECHERA,Aerospace & Defense,0.307,-0.1392,0.2552,0,0,0.1315,0.1091,0.6851,0.41,142.61,,15.1,53.27,-0.1572,1.3746,0.0968,-0.276,0.0968,
TruAlt Bioenergy,544545,TRUALT,Agricultural Food & other Products,0.5395,1.2199,0.1367,0,0,0.1589,0.0797,1.0864,2.02,20.03,,,13.17,-0.2655,0.0042,0.2837,0.1577,0.2837,90
Marico,531642,MARICO,Agricultural Food & other Products,0.2331,0.0862,0.201,0.0569,0.0342,0.1933,0.5367,0.6342,0.14,55.52,16.23,3020.2,38.6,-0.0624,0.2354,0.4134,0.0283,0.3792,99
Regaal Resources,544485,REGAAL,Agricultural Food & other Products,0.2652,-0.012,0.0992,0,0,0.1105,0.1087,-0.1107,2.1,18.96,,,11.82,-0.3966,0.0592,0.2521,0.0732,0.2521,126
Gokul Agro,539725,GOKULAGRO,Agricultural Food & other Products,0.1478,0.3542,0.0272,0.0324,0.0763,0.0262,0.2471,0.9202,0.53,19.18,2.51,144.4,8.98,-0.1913,0.7901,0.2695,0.0806,0.1932,146
AWL Agri Busine.,543458,AWL,Agricultural Food & other Products,0.2174,-0.2132,0.0391,0.0952,-0.1197,0.0306,0.156,0.9229,0.21,32.97,-2.75,492.6,13.86,-0.2095,0.1868,0.1386,0.1194,0.2583,211
CCL Products,519600,CCL,Agricultural Food & other Products,0.5263,0.3639,0.175,0.216,0.0898,0.1404,0.1422,0.6229,0.78,39.3,4.37,85.1,22.26,-0.0059,1.0958,0.1705,0.0128,0.0807,649
Patanjali Foods,500368,PATANJALI,Agricultural Food & other Products,0.2095,0.6723,0.0563,0.0943,0.0966,0.0484,0.1522,0.1086,0.24,43.74,4.53,560.8,30.53,-0.1441,0.0968,0.1206,0.0443,0.024,904
Zuari Industries,500780,ZUARIIND,Agricultural Food & other Products,0.1407,1.0015,0.098,0.0327,-0.448,0.2218,-0.1059,-0.0066,0.51,,0,0.6,11.25,-0.2415,0.487,-0.0169,0.0057,0.4311,993
Mangalam Global,544273,MGEL,Agricultural Food & other Products,0.2545,0.1208,0.0163,0.141,0.0532,0.024,0.113,-0.6091,1.03,17.8,3.34,67.7,10.4,-0.2378,0.3327,0.1457,-0.0068,0.0925,1089
L T Foods,532783,LTFOODS,Agricultural Food & other Products,0.3122,0.1042,0.1119,0.1211,0.0544,0.1003,0.2207,0.51,0.33,21.94,4.03,125.9,12.7,-0.2243,0.3955,0.167,-0.0263,0.1126,1120
GRM Overseas,531449,GRMOVER,Agricultural Food & other Products,-0.117,0.0594,0.0734,-0.0311,0.0281,0.0808,0.2037,0.6082,0.86,41.85,14.92,36.8,26.87,-0.0199,1.4159,0.1603,-0.0374,0.1322,1175
Kaveri Seed Co.,532899,KSCL,Agricultural Food & other Products,0.0688,0.1264,0.3939,0.0481,0.2223,0.2659,0.3876,0.716,0,16.54,0.74,18.1,13.76,-0.3614,0.2622,0.1904,-0.0125,-0.0319,1221
Sarveshwar Foods,543688,SARVESHWAR,Agricultural Food & other Products,0.2931,1.2718,0.0556,0.0601,0.1465,0.0657,0.1314,0.2171,1,20.29,1.38,252.2,11.56,-0.548,0.0139,0.1005,0.021,-0.046,1285
Sanstar,544217,SANSTAR,Agricultural Food & other Products,-0.4421,-1.02,-0.0103,-0.1499,-0.3867,0.0459,0.0452,0.6174,0.04,64.16,-1.66,47.8,32.24,-0.3112,0.2089,0.0963,-0.2514,0.483,1393
Triven.Engg.Ind.,532356,TRIVENI,Agricultural Food & other Products,0.2288,-0.859,0.0334,0.0523,-0.115,0.0636,0.0811,-0.2598,0.64,36.14,-3.14,55,18.99,-0.3334,0.1715,0.0813,-0.0608,0.1963,1582
Balrampur Chini,500038,BALRAMCHIN,Agricultural Food & other Products,0.0849,-0.2649,0.087,0.0223,0.0605,0.1127,0.1407,0.7073,0.69,21.73,3.59,48.4,14.69,-0.2824,0.0751,0.1096,-0.0281,0.0491,1662
Guj. Ambuja Exp,524226,GAEL,Agricultural Food & other Products,0.1841,-0.1525,0.0746,0.0435,-0.041,0.0717,0.149,0.9579,0.08,20.49,-5,74.4,10.7,-0.2662,0.076,0.0859,-0.0466,0.1269,1696
AVT Natural Prod,519105,AVTNPL,Agricultural Food & other Products,0.2669,1.0336,0.1201,0.0502,0.1273,0.1373,0.1864,-0.4474,0.22,20.01,1.57,32.8,12.45,-0.1617,0.402,0.0989,-0.0195,-0.0284,1774
Tata Consumer,500800,TATACONSUM,Agricultural Food & other Products,0.1783,0.0448,0.1353,0.0669,0.0547,0.1089,0.0706,1.0047,0.13,87.3,15.96,566.4,44.16,-0.0232,0.3308,0.0701,-0.0131,0.0154,1784
KRBL,530813,KRBL,Agricultural Food & other Products,0.3212,0.7396,0.1216,0.0689,0.1353,0.1236,0.1449,1.4689,0.08,15.8,1.17,37.3,10.32,-0.2463,0.6531,0.0942,-0.0306,-0.0411,1898
Sh.Renuka Sugar,532670,RENUKA,Agricultural Food & other Products,-0.3417,-0.5891,-0.0428,-0.095,0.3597,0.0267,-0.2414,2.084,,,0,-778.9,21.84,-0.3514,0.1655,0,0,-0.3597,2015
Bajaj Hindusthan,500032,BAJAJHIND,Agricultural Food & other Products,-0.0991,-2.1168,-0.0215,-0.0246,4.6678,0.0067,-0.0282,3.0293,0.85,,0,82.5,24.72,-0.4008,0.2939,-0.0054,0.0136,-4.6732,2031
CIAN Agro,519477,BOM:519477,Agricultural Food & other Products,28.2387,521.1,0.224,0.4794,1.266,0.1463,0.0345,2.3499,0.66,50.64,0.4,6.7,20.85,-0.5355,4.9879,0.0401,-0.0168,-1.2259,2091
Mcleod Russel,532654,MCLEODRUSS,Agricultural Food & other Products,0.0966,-0.0919,0.0332,0.016,0.0161,-0.0348,0.1252,-1.9141,33.57,,0,120.9,132.98,-0.0874,1.2725,-1.4163,-0.6429,-1.4324,2265
Modi Naturals,519003,BOM:519003,Agricultural Food & other Products,0.05,0.4062,0.1138,0.0117,0.098,0.0809,0.2071,0.9857,1.22,17.11,1.75,6.3,11.73,-0.333,0.3914,0.2923,0.3083,0.1943,LOW LIQUIDITY
Mawana Sugars,523371,MAWANASUG,Agricultural Food & other Products,0.0358,-1.9628,-0.0015,0.0096,-0.1815,0.057,0.1098,1.1655,0.85,7.26,-0.4,2.7,6.35,-0.2191,0.1132,0.1275,0.0738,0.309,LOW LIQUIDITY
Dalmia Bharat,500097,DALMIASUG,Agricultural Food & other Products,0.0743,-0.5629,0.0569,0.0115,-0.144,0.0983,0.0995,1.0997,0.17,8.09,-0.56,6.7,4.96,-0.3141,0.1266,0.1244,0.0392,0.2684,LOW LIQUIDITY
Shri Venkatesh,543373,BOM:543373,Agricultural Food & other Products,0.366,0.4246,0.0525,0,0,0.05,0.1401,0.0316,1.91,31.56,,13.2,20.58,-0.2256,0.7407,0.207,0.0008,0.207,LOW LIQUIDITY
Goodricke Group,500166,BOM:500166,Agricultural Food & other Products,-0.1161,-0.7446,0.0167,-0.0247,-0.2377,0.0101,0.0181,3.7326,0.28,72.79,-3.06,3.2,16.63,-0.4738,0.1608,0.0286,0.279,0.2663,LOW LIQUIDITY
Bombay Super Hyb,,BSHSL,Agricultural Food & other Products,-0.0244,0.1034,0.1004,-0.0084,0.0459,0.1011,0.2801,-0.9105,0.88,46.43,10.11,128.2,36.89,-0.3225,0.0529,0.2881,-0.0421,0.2422,LOW LIQUIDITY
DCM Shriram Inds,523369,DCMSRIND,Agricultural Food & other Products,-0.0117,-1.1362,0.0182,-0.03,-0.3953,0.0652,0.0948,0.7964,0.33,22.45,-0.57,13,9.42,-0.265,0.1069,0.1176,-0.0318,0.5129,LOW LIQUIDITY
Kriti Nutrients,533210,KRITINUT,Agricultural Food & other Products,0.2195,-0.3546,0.0496,0.0561,-0.119,0.056,0.3542,0.6474,0.01,13.78,-1.16,10.4,8.77,-0.4332,0.0476,0.1869,-0.1062,0.3059,LOW LIQUIDITY
Magadh Sugar,540650,MAGADSUGAR,Agricultural Food & other Products,-0.0733,-0.9808,0.0573,-0.0199,-0.0987,0.131,0.1189,0.7504,0.85,7.78,-0.79,1.3,7.43,-0.3387,0.2339,0.138,-0.0305,0.2367,LOW LIQUIDITY
Prime Fresh,540404,BOM:540404,Agricultural Food & other Products,0.1405,-0.1934,0.0734,0,0,0.0647,0.1803,-0.797,0.06,47.36,,7.6,30.27,-0.1217,1.6798,0.1351,-0.0133,0.1351,LOW LIQUIDITY
Dhampur Bio,543593,DBOL,Agricultural Food & other Products,0.1253,-184.333,0.0026,0.0314,-1.3602,0.0268,-0.0013,1.5379,1.15,,0,3.4,15.2,-0.442,0.3498,0.0156,-0.0211,1.3758,LOW LIQUIDITY
Chamanlal Setia,530307,CLSEL,Agricultural Food & other Products,-0.1532,-0.0433,0.0958,-0.0372,-0.0074,0.1004,0.1705,0.4983,0.17,13.06,-17.64,9,9.47,-0.4007,0.1049,0.1419,-0.0324,0.1493,LOW LIQUIDITY
Sukhjit Starch,524542,SUKHJITS,Agricultural Food & other Products,-0.0658,-0.6375,0.0516,-0.0174,-0.1466,0.0485,0.0585,0.8538,0.55,16.25,-1.11,2.9,7.33,-0.5002,0.0147,0.0698,-0.0246,0.2164,LOW LIQUIDITY
Avadh Sugar,540649,AVADHSUGAR,Agricultural Food & other Products,0.0122,-1.9678,0.0394,0.0033,-0.1927,0.0726,0.0658,0.6954,1.25,11.77,-0.61,1.5,8.77,-0.354,0.1747,0.0824,-0.0511,0.2751,LOW LIQUIDITY
KCP Sugar &Inds.,533192,KCPSUGIND,Agricultural Food & other Products,-0.3304,-0.6462,-0.0044,-0.0944,-3.718,-0.0135,-0.0886,1.8171,0.22,,0,8.7,173.48,-0.4357,0.0113,0.0199,-0.1203,3.7379,LOW LIQUIDITY
Dwarikesh Sugar,532610,DWARKESH,Agricultural Food & other Products,-0.0005,-0.3592,-0.1677,0.0472,-0.3542,0.0386,0.0278,0.8553,0.23,51.38,-1.45,19,6.39,-0.3802,0.2654,0.0286,-0.0784,0.3828,LOW LIQUIDITY
Nath Bio-Genes,537291,NATHBIOGEN,Agricultural Food & other Products,0.1488,0.0667,0.1388,0.5025,0.0765,0.1469,0.085,0.4928,0.17,7.1,0.93,1,5.59,-0.2817,0.2465,0.0677,0.0054,-0.0088,LOW LIQUIDITY
Gokul Refoils,532980,GOKUL,Agricultural Food & other Products,0.1756,0.582,0.0149,0.0395,0.1669,0.0154,0.0716,0.3283,0.81,24.69,1.48,11.5,9.19,-0.4317,0.0482,0.0412,0.0344,-0.1257,LOW LIQUIDITY
Sundrop Brands,500215,SUNDROP,Agricultural Food & other Products,1.06,20.55,0.0367,0.213,0.1007,0.0072,0.0276,38.8986,0.01,73.29,7.28,7.7,78.76,-0.3246,0.1359,0.0375,0.0202,-0.0632,LOW LIQUIDITY
Tierra Agrotech,543531,BOM:543531,Agricultural Food & other Products,0.0392,0.0822,0.1487,0.0299,-0.0294,-0.2185,-0.1524,1.8823,0.01,,0,24.2,-28.32,-0.2231,0.6392,-0.1345,0.1503,-0.1051,LOW LIQUIDITY
Gulshan Polyols,532457,GULPOLY,Agricultural Food & other Products,0.3051,0.3563,0.0617,0.0687,0.1964,0.0341,0.0364,0.6815,0.64,34.23,1.74,9.8,11.99,-0.3088,0.1421,0.0392,0.0214,-0.1572,LOW LIQUIDITY
Uttam Sug.Mills,532729,UTTAMSUGAR,Agricultural Food & other Products,0.3326,1.4821,0.084,0.0842,0.1048,0.0982,0.1439,0.6369,1,9.14,0.87,4.5,7.17,-0.2702,0.4193,0.1241,-0.0837,0.0193,LOW LIQUIDITY
Bannari Amm.Sug.,500041,BANARISUG,Agricultural Food & other Products,0.0363,1.3717,0.0873,0.0082,0.0845,0.1035,0.0743,2.4131,0.08,39.78,4.71,3.2,18.89,-0.2299,0.1999,0.0604,-0.0332,-0.0241,LOW LIQUIDITY
Dhampur Sugar,500119,DHAMPURSUG,Agricultural Food & other Products,0.0338,-0.4551,0.0438,0.0087,0.0306,0.063,0.0462,1.6428,0.81,16.61,5.42,4.9,8.92,-0.3504,0.2228,0.0444,-0.0709,0.0138,LOW LIQUIDITY
Ugar Sugar Works,530363,UGARSUGAR,Agricultural Food & other Products,0.1284,-0.1606,0.0149,0.0305,0.0191,0.0173,-0.0621,0.8603,2.83,,0,24.7,20.89,-0.4955,0.0853,-0.079,-0.1715,-0.0981,LOW LIQUIDITY
Aelea Commoditi.,544213,BOM:544213,Agricultural Food & other Products,0.9796,0.5591,0.087,0.4719,1.3976,0.0481,0.0727,1.2235,0.01,59.28,0.42,6.6,24.99,-0.4849,0.1953,0.0334,-0.2416,-1.3642,LOW LIQUIDITY
Andrew Yule & Co,526173,ANDREWYU,Agricultural Food & other Products,0.011,8.898,-0.4927,0.0045,-1.7351,0.0529,0.1445,0.3603,0.31,63.2,-0.36,181,34.39,-0.4216,0.1325,-0.0796,0.0701,1.6555,
KN Agri Resource,,KNAGRI,Agricultural Food & other Products,-0.0865,0.1965,0.0366,0,0,0.0356,0.1547,-0.0435,0.15,15.98,,4.2,9.83,-0.2365,0.3714,0.1113,0.0071,0.1113,
M.V.K. Agro,,MVKAGRO,Agricultural Food & other Products,0.1491,0.2841,0.0832,0,0,0.1401,0.067,2.4387,1.18,86.39,,14,35.94,-0.0931,15.4119,0.1107,-0.0771,0.1107,
Jinkushal Indus.,544547,JKIPL,"Agricultural, Commercial & Construction Vehicles",0.0419,1.6788,0.0965,0,0,0.0729,0.1142,-0.4053,0.37,20.99,,,13.5,-0.1,0.0899,0.2831,0.2831,0.2831,84
Ashok Leyland,500477,ASHOKLEY,"Agricultural, Commercial & Construction Vehicles",0.0918,0.2067,0.1856,0.1704,0.0436,0.1786,0.3925,0.0152,4.08,26.1,5.98,4002.8,12.64,-0.0176,0.4911,0.2882,0.0047,0.2446,209
Action Const.Eq.,532762,ACE,"Agricultural, Commercial & Construction Vehicles",-0.1119,0.1608,0.1424,-0.0247,0.0376,0.1832,0.9294,0.716,0.01,30.41,8.08,94.8,20.53,-0.3256,0.1765,0.2865,-0.0193,0.2489,355
Ajax Engineering,544356,AJAXENGG,"Agricultural, Commercial & Construction Vehicles",-0.0053,-0.2106,0.1316,-0.0012,-0.0544,0.1597,0.6722,0.122,0,27.01,-4.97,65.7,19.25,-0.2322,0.0582,0.2507,-0.026,0.3051,376
Escorts Kubota,500495,ESCORTS,"Agricultural, Commercial & Construction Vehicles",0.2258,0.0599,0.1289,0.043,-0.0576,0.1486,0.1554,0.727,0.01,35.03,-6.09,39.3,21.72,-0.1077,0.3435,0.128,0.0063,0.1856,639
SML ISUZU,505192,SMLISUZU,"Agricultural, Commercial & Construction Vehicles",0.0098,-0.0344,0.0755,0.0436,0.164,0.0854,0.3191,0.9239,0.57,32.17,1.96,14.8,18.09,-0.3372,2.058,0.3638,-0.097,0.1998,766
BEML Ltd,500048,BEML,"Agricultural, Commercial & Construction Vehicles",-0.0241,-0.0588,0.0872,-0.0052,0.0181,0.1134,0.1073,0.4021,0.24,56.92,31.45,50.1,32.9,-0.1709,0.7225,0.1046,-0.006,0.0865,1350
Atul Auto,531795,ATULAUTO,"Agricultural, Commercial & Construction Vehicles",0.1299,1.2348,0.0655,0.0247,0.0829,0.0525,0.0727,0.9153,0.25,54.9,6.63,8,24.01,-0.3366,0.1303,0.0499,0.0282,-0.033,1479
Indo Farm Equip.,544328,INDOFARM,"Agricultural, Commercial & Construction Vehicles",0.2842,1.2163,0.1368,0.1101,0.1252,0.1272,0.0545,1.0579,0.33,40.59,3.24,9.7,18.04,-0.2358,0.6897,0.0556,0.0049,-0.0696,1722
VST Till. Tract.,531266,VSTTILLERS,"Agricultural, Commercial & Construction Vehicles",0.482,0.9501,0.1328,0.0924,0.2638,0.1403,0.2781,0.6332,0,45.38,1.72,4.5,29.18,-0.0168,1.1202,0.0954,-0.0399,-0.1684,1988
TIL,505196,TIL,"Agricultural, Commercial & Construction Vehicles",-0.0608,-4.8679,-0.1073,-0.0129,-5.4231,0.0939,-0.0104,-4.1377,3.45,,0,158.9,61.84,-0.2785,0.7842,0.0091,0.0091,5.4322,LOW LIQUIDITY
Automotive Stamp,520119,ASAL,Auto Components,0.0744,0.0257,0.0594,-0.0054,-0.0265,0.0393,0.2447,-0.2185,7.18,54.37,-20.53,84.5,18.87,-0.3541,0.3384,23.3235,23.3235,23.35,1
Banco Products,500039,BANCOINDIA,Auto Components,0.2068,0.5949,0.1875,0.0517,0.142,0.1822,0.3598,0.3031,0.44,27.09,1.91,128.7,17.03,-0.0687,1.7971,0.3218,0.0532,0.1798,157
Tolins Tyres,544254,TOLINS,Auto Components,0.1761,0.0438,0.1498,0.046,0.0101,0.1774,0.1546,-1.1088,0.05,18.82,18.67,9,12.11,-0.2805,0.7313,0.182,0.182,0.1719,194
ASK Automotive,544022,ASKAUTOLTD,Auto Components,0.082,0.1861,0.1301,0.0303,0.0879,0.1056,0.2154,0.9977,0.53,34.43,3.92,157.6,20,-0.1874,0.4104,0.2663,0.0282,0.1784,199
Carraro India,544320,CARRARO,Auto Components,0.0407,0.0417,0.0952,0.0107,0.0212,0.0768,0.1935,0.6873,0.4,33.34,15.75,35.1,16.61,-0.2608,1.0231,0.1997,0.0348,0.1785,234
Lumax Industries,517206,LUMAXIND,Auto Components,0.2047,0.0588,0.0887,0.0438,0.0159,0.0716,0.1807,0.8464,1.15,32.62,20.53,5.6,14.77,-0.0761,1.5255,0.1932,0.0169,0.1773,301
Fiem Industries,532768,FIEMIND,Auto Components,0.1405,0.1765,0.1358,0.0335,0.0431,0.114,0.2674,0.851,0.02,26.24,6.09,14,14.92,-0.0776,0.8162,0.2099,0.0089,0.1668,331
Lumax Auto Tech.,532796,LUMAXTECH,Auto Components,0.3578,0.3066,0.1217,0.0744,0.074,0.1046,0.2006,0.7601,0.97,42.07,5.68,57.6,15.96,-0.1345,1.579,0.2025,0.0238,0.1285,339
Motherson Wiring,543498,MSUMI,Auto Components,0.1876,0.0872,0.1013,0.0801,0.0125,0.0834,0.4347,0.4395,0.14,52.23,41.63,11514.8,31.06,-0.0449,0.5723,0.359,-0.0655,0.3465,444
Gabriel India,505714,GABRIEL,Auto Components,0.1392,0.0882,0.0889,0.033,0.0331,0.0781,0.2661,0.513,0.01,82.7,24.99,222.1,49.45,-0.1027,2.2181,0.1935,0.0008,0.1604,463
Ramkrishna Forg.,532527,RKFORGE,Auto Components,0.0581,-0.7769,0.1398,0.0138,-0.1656,0.081,0.0915,0.1057,0.7,27.89,-1.68,56.7,18.73,-0.4854,0.0227,0.144,-0.003,0.3096,475
Balkrishna Inds,502355,BALKRISIND,Auto Components,-0.0109,-0.2126,0.2136,0.0018,-0.0913,0.1878,0.2366,0.8263,0.31,32.17,-3.53,82.6,17.63,-0.2167,0.0664,0.1578,-0.0018,0.2491,489
Samvardh. Mothe.,517334,MOTHERSON,Auto Components,0.0466,-0.4281,0.0814,0.0118,-0.09,0.0581,0.1286,0.8978,0.49,32.45,-3.6,3321.2,10.64,-0.1783,0.4545,0.1216,0.0036,0.2116,647
Asahi India Glas,515030,ASAHIINDIA,Auto Components,-0.0056,-0.4077,0.1634,0.0196,-0.1608,0.1202,0.0661,1.2,0.77,79.79,-4.96,157.6,31.1,-0.0657,0.5563,0.1361,-0.0126,0.2969,651
Shriram Pistons,544344,SHRIPISTON,Auto Components,0.1597,0.121,0.2039,0.075,0.0776,0.2016,0.2628,0.6132,0.2,20.91,2.7,18.9,12.12,-0.0815,0.647,0.232,-0.0223,0.1544,675
JBM Auto,532605,JBMA,Auto Components,0.064,0.0565,0.1098,0.035,0.0285,0.0988,0.1507,0.7564,1.95,72.73,25.55,265.1,23.86,-0.2879,0.3083,0.1607,0.0015,0.1322,680
Rolex Rings,543325,ROLEXRINGS,Auto Components,-0.0617,-0.015,0.2112,-0.0166,-0.0165,0.2024,0.2656,0.9948,0.01,17.01,-10.3,79.6,11.42,-0.5004,0,0.1905,-0.0275,0.207,709
Bharat Seats,523229,BHARATSE,Auto Components,0.5777,0.3944,0.0494,0.2298,0.1675,0.0384,0.1633,1.8253,0.64,33.66,2.01,38.9,15.42,-0.1482,2.3396,0.1804,0.0214,0.0129,711
SJS Enterprises,543387,SJS,Auto Components,0.254,0.4838,0.2828,0.092,0.1942,0.2215,0.3134,1.0422,0.05,39.47,2.03,25.3,23.59,-0.0415,1.1188,0.189,0.0192,-0.0052,730
Sandhar Tech,541163,SANDHAR,Auto Components,0.1945,-0.0361,0.0756,0.0457,0.0101,0.0593,0.1402,1.0493,0.81,23.13,22.87,17,9.62,-0.116,0.6922,0.1275,0.0139,0.1174,784
Wheels India,590073,WHEELS,Auto Components,0.0822,0.2669,0.0718,0.0429,0.0654,0.0574,0.1246,1.5968,0.79,20.11,3.08,6.1,8.28,-0.0516,0.7085,0.1271,0.0366,0.0617,784
Sharda Motor,535602,SHARDAMOTR,Auto Components,0.1033,0.0732,0.1302,0.025,0.1394,0.1469,1.2432,0.7177,0.05,21.11,1.51,35.7,13.5,-0.071,0.8698,0.2654,-0.0346,0.126,819
Pricol Ltd,540293,PRICOLLTD,Auto Components,0.4443,0.095,0.1105,0.1023,0.0465,0.0843,0.2068,1.3151,0.13,37.8,8.13,77.7,18.69,-0.1131,0.4439,0.176,-0.0119,0.1295,840
Munjal Auto Inds,520059,MUNJALAU,Auto Components,-0.0371,-0.5319,0.0578,-0.0091,-0.1659,0.0422,0.1117,0.2943,0.84,25.24,-1.52,21,8.24,-0.372,0.4535,0.1014,-0.0079,0.2673,862
Jamna Auto Inds.,520051,JAMNAAUTO,Auto Components,0.0291,-0.0136,0.133,0.0071,-0.0157,0.1134,0.2687,1.0939,0.36,20.28,-12.94,146.2,12.48,-0.2023,0.3311,0.1925,-0.0523,0.2082,881
Endurance Tech.,540153,ENDURANCE,Auto Components,0.1746,0.1103,0.1337,0.0427,0.0857,0.0967,0.2025,1.4306,0.17,47.34,5.53,98.9,23.06,-0.0722,0.8369,0.1463,0.0099,0.0606,885
India Nipp.Elec.,532240,INDNIPPON,Auto Components,0.2045,0.2795,0.1012,0.0452,0.0616,0.125,0.4086,0.4797,0,24.59,3.99,6.8,16.19,-0.1371,0.7409,0.1233,0.0231,0.0617,910
Talbros Auto.,505160,TALBROAUTO,Auto Components,0.0118,0.0771,0.1502,0.0029,0.0304,0.1623,0.2782,0.6083,0.15,18.38,6.05,17.2,10.79,-0.1901,0.4279,0.1593,-0.0125,0.1289,952
ZF Commercial,533023,ZFCVINDIA,Auto Components,-0.0054,-0.0262,0.1465,0.0053,0.0535,0.1666,0.1878,0.4528,0.02,50.92,9.51,13.5,29.93,-0.1626,0.3391,0.1509,-0.0031,0.0974,986
Schaeffler India,505790,SCHAEFFLER,Auto Components,0.1386,0.2408,0.1978,0.0939,0.1434,0.1708,0.2949,0.6693,0.01,58.2,4.06,184.7,34.92,-0.0526,0.4743,0.1917,-0.0084,0.0483,1005
Sundram Fasten.,500403,SUNDRMFAST,Auto Components,0.0235,0.0589,0.166,0.0119,0.0264,0.1276,0.1808,0.5648,0.18,36.27,13.76,104.2,20.73,-0.2946,0.1508,0.1493,-0.0129,0.1229,1041
Uno Minda,532539,UNOMINDA,Auto Components,0.1759,0.4647,0.121,0.04,0.1009,0.0916,0.2084,0.7315,0.43,69.41,6.88,716.1,33.05,-0.1038,0.6135,0.175,-0.0127,0.0741,1053
Belrise Industri,544405,BELRISE,Auto Components,0.2702,0.5606,0.124,0.058,0.1144,0.0919,0.123,0.9362,1.1,33.42,2.92,,14.02,-0.0978,0.6657,0.1409,0.0042,0.0265,1101
Bosch,500530,BOSCHLTD,Auto Components,0.1093,0.4404,0.1335,0.0261,0.102,0.1604,0.4623,0.8636,0.01,49.28,4.83,23.3,32.49,-0.1165,0.4296,0.1555,-0.0042,0.0535,1110
L G Balakrishnan,500250,LGBBROSLTD,Auto Components,0.1908,0.24,0.1735,0.0822,0.0659,0.1446,0.2659,0.7594,0.08,18.86,2.86,9.6,10.77,-0.0318,0.6593,0.1606,-0.0165,0.0947,1117
Amara Raja Ener.,500008,ARE&M,Auto Components,0.0699,-0.2067,0.1154,0.0176,-0.0425,0.0922,0.2048,1.1279,0.04,21.49,-5.06,44.6,10.85,-0.2771,0.2212,0.1234,-0.025,0.1659,1167
Minda Corp,538962,MINDACORP,Auto Components,0.1623,0.0173,0.1128,0.0383,0.0148,0.0785,0.2651,1.359,0.73,54.97,37.15,153.3,24.91,-0.085,0.3247,0.1211,-0.0068,0.1063,1209
Steel Str. Wheel,513262,SSWL,Auto Components,0.1575,0.081,0.1028,0.0365,0.0173,0.0873,0.1443,1.296,0.54,16.42,9.48,35.6,8.53,-0.2034,0.3324,0.1454,-0.0313,0.1281,1235
Alicon Cast.,531147,ALICON,Auto Components,-0.0501,-0.4259,0.1175,-0.0128,-0.1761,0.0564,0.0784,1.9146,0.62,41.16,-2.34,4.3,10.11,-0.2996,0.7671,0.0802,-0.0375,0.2563,1303
MRF,500290,MRF,Auto Components,0.0666,-0.1236,0.1396,0.017,-0.0373,0.0964,0.1526,0.6564,0.2,37.31,-10,1.5,15.85,-0.033,0.5741,0.1062,-0.0268,0.1435,1378
NRB Bearings,530367,NRBBEARING,Auto Components,0.0718,0.2872,0.1658,0.0173,0.1922,0.1541,0.1964,0.4839,0.2,19.38,1.01,27.6,11.59,-0.1414,0.4113,0.1274,0.0006,-0.0648,1397
CIE Automotive,532756,CIEINDIA,Auto Components,0.1111,0.0949,0.15,0.0178,-0.0303,0.1201,0.1466,0.759,0.07,20.26,-6.69,88.9,11.44,-0.1787,0.1997,0.1315,-0.0716,0.1618,1435
Tube Investments,540762,TIINDIA,Auto Components,0.1215,-0.0973,0.0985,0.0683,-0.0769,0.0836,0.1053,0.694,0.09,93.68,-12.19,151.1,25.19,-0.2696,0.2645,0.1277,-0.1371,0.2046,1467
Bharat Forge,500493,BHARATFORG,Auto Components,-0.0481,-0.024,0.1713,-0.0131,0.078,0.1306,0.1896,0.9503,0.72,61.43,7.88,325.5,24.17,-0.1144,0.4336,0.1158,-0.017,0.0378,1549
Rajratan Global,517522,RAJRATAN,Auto Components,0.1991,0.0787,0.136,0.0804,0.0003,0.1064,0.1012,0.5385,0.62,38.39,1124.06,19,19.3,-0.1943,0.7724,0.1114,-0.0426,0.1111,1590
Kross Ltd,544253,KROSS,Auto Components,-0.048,0.3969,0.116,-0.0113,0.064,0.1314,0.1745,-0.4026,0.08,22.46,3.51,17,12.48,-0.2786,0.3565,0.1651,-0.1955,0.1011,1614
Sona BLW Precis.,543300,SONACOMS,Auto Components,0.2343,0.1434,0.2493,0.0504,0.0712,0.2285,0.1614,0.9602,0.04,47.9,6.73,339.8,25.81,-0.33,0.2717,0.1437,-0.0654,0.0725,1624
JTEKT India,520057,JTEKTINDIA,Auto Components,0.0237,-0.2728,0.0545,0.0055,-0.0428,0.0449,0.1029,1.7571,0.18,62.99,-14.71,140.4,23.91,-0.1508,0.5468,0.0868,-0.0476,0.1296,1690
Sansera Enginee.,543358,SANSERA,Auto Components,0.0301,0.2551,0.171,0.0074,0.0585,0.1215,0.0983,1.0368,0.15,41.59,7.1,21.3,17.17,-0.1059,0.601,0.105,-0.0424,0.0465,1786
Rane (Madras),532661,RML,Auto Components,0.0827,0.204,0.086,0.0392,-0.0227,0.0497,0.0828,1.9431,1.16,41.57,-18.3,9.1,9.81,-0.2084,0.4518,0.1195,-0.4966,0.1422,1792
CEAT,500878,CEATLTD,Auto Components,0.1417,0.5254,0.1334,0.0609,0.059,0.0726,0.11,1.1474,0.49,30.93,5.24,15,11.18,-0.0967,0.7264,0.1177,-0.0656,0.0587,1799
Apollo Tyres,500877,APOLLOTYRE,Auto Components,0.0357,0.0005,0.1323,0.0086,0.0018,0.0797,0.0782,0.8391,0.3,26.4,143.53,140.4,10.02,-0.0774,0.3967,0.0861,-0.0461,0.0843,1810
Remsons Ind,530919,REMSONSIND,Auto Components,0.3024,0.7843,0.1063,0.0614,0.1018,0.0821,0.1187,0.7692,0.69,30.75,3.02,13.6,12.4,-0.2369,0.3789,0.1219,-0.0549,0.0201,1816
RACL Geartech,520073,RACLGEAR,Auto Components,-0.051,0.3243,0.1878,-0.0129,0.0578,0.1631,0.1001,0.9916,1.34,45.54,7.87,5.9,15.9,-0.2085,0.6456,0.1203,-0.0986,0.0625,1831
TVS Srichakra,509243,TVSSRICHAK,Auto Components,0.0359,-0.7773,0.0589,0.0087,-0.1844,0.0284,0.0245,1.8315,0.75,145.01,-7.86,2.1,17.97,-0.0175,0.7167,0.0235,-0.0832,0.2079,1840
Precision Camshf,539636,PRECAM,Auto Components,-0.2363,0.6196,0.0747,-0.0697,0.1741,0.0853,0.1284,2.6166,0.15,47.59,2.73,20.3,13.89,-0.535,0.2669,0.0393,0.0007,-0.1348,1873
JK Tyre & Indust,530007,JKTYRE,Auto Components,0.1076,0.5899,0.13,0.0422,0.0558,0.0795,0.0897,0.5864,1.01,22.81,4.09,70.3,9.91,-0.0342,0.959,0.1107,-0.0955,0.0549,1894
Exide Inds.,500086,EXIDEIND,Auto Components,0.0585,0.2405,0.1147,0.015,0.1022,0.08,0.1464,0.9817,0.14,37.83,3.7,196.1,17.07,-0.2011,0.1515,0.0574,-0.0131,-0.0448,1903
Uniparts India,543689,UNIPARTS,Auto Components,0.0477,0.3845,0.1911,0.0129,0.1132,0.1372,0.1779,1.4904,0.14,23.18,2.05,11.5,13.13,-0.0802,0.9244,0.0999,-0.0468,-0.0133,1920
Craftsman Auto,543276,CRAFTSMAN,Auto Components,0.5497,0.4208,0.1485,0.1112,0.0875,0.087,0.0749,0.5534,0.83,69.86,7.98,13.5,19.83,-0.0767,0.8279,0.0941,-0.1061,0.0066,2012
Rico Auto Inds,520008,RICOAUTO,Auto Components,0.007,1.9301,0.0991,0.0017,0.3005,0.0507,0.0302,1.8116,0.96,33.4,1.11,20.3,8.4,-0.2846,0.6372,0.0348,-0.0219,-0.2657,2072
Suprajit Engg.,532509,SUPRAJIT,Auto Components,0.1743,0.2609,0.0947,0.0391,0.271,0.0803,0.1617,0.8083,0.64,55.97,2.07,66.2,16.8,-0.1752,0.2593,0.065,-0.0455,-0.206,2081
Varroc Engineer,541578,VARROC,Auto Components,0.0678,0.8634,0.096,0.0158,0.6707,0.061,0.1368,1.5331,0.71,49.82,0.74,91.7,12.46,-0.077,0.6841,0.0737,-0.3454,-0.597,2166
RNIT AI Solution,517286,BOM:517286,Auto Components,0.3617,0.0933,0.3584,0.0515,0.0097,0.2361,0.0883,-0.9069,0.15,58.72,60.48,41.6,38.59,-0.0003,0.3427,0.251,0.251,0.2413,LOW LIQUIDITY
Frontier Springs,522195,BOM:522195,Auto Components,0.4845,1.1117,0.2712,0.1063,0.2239,0.2234,0.5462,0.4742,0.05,41.06,1.83,5.5,28.44,-0.192,1.6733,0.325,0.17,0.1011,LOW LIQUIDITY
NDR Auto Compon.,543214,NDRAUTO,Auto Components,0.0812,0.1795,0.1073,0.0195,0.0442,0.1015,0.2935,1.1842,0.11,44.52,10.08,19.4,26.81,-0.1516,0.8818,0.1906,0.0266,0.1464,LOW LIQUIDITY
Autoline Industr,532797,AUTOIND,Auto Components,0.0056,-0.9963,0.0894,0.0013,-0.2466,0.0784,0.1711,1.2086,1.88,18.57,-0.75,8.5,7.9,-0.4419,0.0751,0.1494,-0.0144,0.396,LOW LIQUIDITY
PPAP Automotive,532934,PPAP,Auto Components,-0.0493,-23.7,0.0797,-0.0109,-0.3141,0.0415,0.0237,2.0612,0.61,77.94,-2.48,1.8,9.35,-0.1344,0.6819,0.0237,0.0694,0.3378,LOW LIQUIDITY
Pradeep Metals,513532,BOM:513532,Auto Components,0.1548,0.1422,0.1683,0.0561,0.0369,0.1288,0.2061,0.8148,0.46,15.55,4.21,4.9,9.02,-0.3324,0.1707,0.2048,-0.0079,0.1679,LOW LIQUIDITY
Igarashi Motors,517380,IGARASHI,Auto Components,-0.0782,-0.6924,0.0958,-0.0207,-0.2338,0.0464,0.0533,2.0194,0.33,83.82,-3.59,10.5,18.66,-0.419,0.2299,0.053,0.0314,0.2868,LOW LIQUIDITY
Federal-Mogul Go,505744,FMGOETZE,Auto Components,0.0878,0.2187,0.1459,0.0217,0.0163,0.1361,0.1838,0.8861,0,17.13,10.48,12.8,6.81,-0.1587,0.699,0.1405,0.0167,0.1242,648
Sterling Tools,530759,STERTOOLS,Auto Components,-0.3181,-0.5117,0.1147,-0.0873,-0.1592,0.0801,0.1226,1.4334,0.31,21.95,-1.38,7.8,9.63,-0.6016,0.1182,0.1228,-0.0061,0.282,LOW LIQUIDITY
Kinetic Engg.,500240,BOM:500240,Auto Components,-0.1067,0.2308,-0.0574,-0.0246,-2.5951,0.0846,0.0422,-35.9333,0.6,109.6,-0.42,16.3,40.59,-0.2048,1.1409,-0.0576,0.0214,2.5375,LOW LIQUIDITY
Auto.Corp.of Goa,505036,BOM:505036,Auto Components,0.5891,0.9946,0.0826,0.1961,0.2674,0.1004,0.2721,0.1553,0.34,18.98,0.71,2.4,13.14,-0.2545,0.9671,0.1972,0.0112,-0.0702,LOW LIQUIDITY
M M Forgings,522241,MMFL,Auto Components,-0.0535,-0.3111,0.1793,-0.0134,-0.0741,0.1588,0.1154,0.7836,1.27,11.7,-1.58,7.6,7.71,-0.4755,0.1069,0.1558,-0.0366,0.2299,LOW LIQUIDITY
GNA Axles,540124,GNA,Auto Components,-0.1022,0.0932,0.1757,-0.0617,-0.016,0.1079,0.1407,0.5917,0.22,12.79,-7.98,6.1,6.86,-0.3106,0.1601,0.1254,-0.0065,0.1414,LOW LIQUIDITY
CLN Energy,544347,BOM:544347,Auto Components,0,0,0.1005,0,0,0.0883,0.2243,-3.4514,0.17,45.12,,6.4,22.54,-0.1806,1.3478,0.2342,-0.9184,0.2342,LOW LIQUIDITY
Talbros Engg.,538987,BOM:538987,Auto Components,0.1787,0.1822,0.1051,0.0415,0.0494,0.0883,0.1318,0.8876,0.86,15.24,3.08,1.1,8.59,-0.1052,0.3019,0.1382,-0.001,0.0888,LOW LIQUIDITY
Automotive Axles,505010,AUTOAXLES,Auto Components,-0.0665,-0.0006,0.1046,-0.0173,0.0204,0.1049,0.2179,0.6063,0.01,16.06,7.88,3.8,10.13,-0.1591,0.0987,0.1658,-0.0366,0.1454,LOW LIQUIDITY
Menon Bearings,523828,MENONBE,Auto Components,0.0525,0.0134,0.1566,0.0388,0.1021,0.1605,0.1928,0.7236,0.33,23.91,2.34,23,13.9,-0.2015,0.5959,0.1633,-0.0082,0.0612,LOW LIQUIDITY
Menon Pistons,531727,BOM:531727,Auto Components,0.1569,0.099,0.1684,0.0429,0.0294,0.1396,0.2032,1.0809,0.11,13.05,4.45,10.4,6.89,-0.2112,0.4602,0.1611,-0.0448,0.1317,LOW LIQUIDITY
The Hi-Tech Gear,522073,HITECHGEAR,Auto Components,-0.173,-0.5787,0.1213,-0.0486,-0.1947,0.0801,0.0828,1.7862,0.42,45.33,-2.33,5.7,12.03,-0.151,0.5049,0.084,-0.0384,0.2787,LOW LIQUIDITY
Enkei Wheels,533477,BOM:533477,Auto Components,0.111,2.7412,0.1131,0.0912,-1.8193,0.0193,0.0025,1.2373,1.1,,0,7.6,16.4,-0.2537,0.1581,0.0106,-0.0409,1.8299,LOW LIQUIDITY
Sundaram Brake,590072,SUNDRMBRAK,Auto Components,0.0992,-1.3557,0.0173,0.0236,-0.3907,0.0223,0.0375,0.0114,0.56,99.06,-2.54,1.2,26.11,-0.4507,0.1847,0.0532,-0.0585,0.4439,LOW LIQUIDITY
Triton Valves,505978,BOM:505978,Auto Components,0.2725,-0.0375,0.0629,0.0591,-0.0117,0.0416,0.0781,-0.6197,1.21,72.39,-61.77,0.4,14.71,-0.4503,0.2098,0.0483,0.0161,0.06,LOW LIQUIDITY
Veljan Denison,505232,BOM:505232,Auto Components,0.1443,0.4192,0.2684,0.0344,0.092,0.2324,0.1573,0.5247,0.04,22.12,2.4,1.1,12.95,-0.2896,0.336,0.1071,0.0006,0.0151,LOW LIQUIDITY
Sar Auto Prod.,538992,BOM:538992,Auto Components,-0.4026,-0.6,0.1674,-0.1095,-0.4286,0.0539,0.0316,0.407,1.05,4207.58,-98.18,27.8,364.06,-0.0475,0.4667,0.0246,-0.0422,0.4532,LOW LIQUIDITY
Saint-Gob. Sekur,515043,BOM:515043,Auto Components,0.1699,0.3023,0.21,0.0658,0.3861,0.2498,0.2462,0.6727,0.01,25.02,0.65,43.4,17.63,-0.2772,0.1964,0.1447,0.0001,-0.2414,LOW LIQUIDITY
Indag Rubber,509162,BOM:509162,Auto Components,-0.19,-0.0946,0.0058,-0.0462,-0.0123,0.0308,0.0721,0.4659,0.04,51.53,-41.74,3.8,25.04,-0.4017,0.0926,0.0286,0.0286,0.0409,LOW LIQUIDITY
Modi Rubber,500890,MODIRUBBER,Auto Components,0.3296,-0.2813,-0.7169,0.0603,-0.0438,0.6715,0.0677,-1.2718,0.03,16.55,-3.78,1.1,12.85,-0.2514,0.4063,0.0289,0.0092,0.0727,LOW LIQUIDITY
Hind.Composites,509635,HINDCOMPOS,Auto Components,0.1287,-0.1396,0.158,0.0305,-0.0079,0.1711,0.3027,0.5397,0,16.99,-21.62,1,10.67,-0.2377,0.2295,0.0417,0.0031,0.0496,LOW LIQUIDITY
IST,508807,BOM:508807,Auto Components,0.0212,0.3718,0.7217,0.0053,0.1366,1.7689,0.4988,0.2262,0,6.32,0.46,0.8,4.79,-0.2346,0.2831,0.1008,-0.0035,-0.0358,LOW LIQUIDITY
Pavna Industries,543915,PAVNAIND,Auto Components,-0.2339,-0.9148,0.0834,-0.0538,-0.2264,0.0622,0.0375,0.2947,0.18,92.28,-4.08,34.3,16.72,-0.4542,0.2018,0.0506,-0.106,0.277,LOW LIQUIDITY
Z F Steering,505163,BOM:505163,Auto Components,0.0377,-0.2179,0.1365,0.0098,-0.1471,0.0569,0.0786,1.2665,0.22,71.01,-4.83,1.8,13.71,-0.4475,0.1045,0.0322,-0.0615,0.1793,LOW LIQUIDITY
India Motor Part,590065,IMPAL,Auto Components,0.0436,0.1283,0.0734,0.009,0.1696,0.1383,0.3676,0.1885,0,15.06,0.89,0.6,11.49,-0.1992,0.2758,0.035,-0.0022,-0.1346,LOW LIQUIDITY
Jay Ushin,513252,BOM:513252,Auto Components,0.0938,0.7683,0.0429,0.0215,0.2213,0.0394,0.1246,0.598,1.17,43.05,1.95,2,14.64,-0.0086,1.9959,0.1017,-0.0363,-0.1196,LOW LIQUIDITY
Jay Bharat Maru.,520066,JAYBARMARU,Auto Components,0.044,3.3041,0.1182,0.0102,0.6122,0.0479,0.0697,2.4397,0.97,19.48,0.32,18.7,7.7,-0.208,0.6106,0.0561,-0.0036,-0.5561,LOW LIQUIDITY
Sintercom India,,SINTERCOM,Auto Components,0.1442,2.25,0.1695,0.0336,0.2687,0.0738,0.0077,-0.4114,0.48,379.4,14.12,8.7,24.24,-0.3702,0.0651,0.0066,-0.0049,-0.2621,LOW LIQUIDITY
Divgi Torq,543812,DIVGIITTS,Auto Components,0.3218,0.4983,0.1953,0.0797,0.1227,0.1583,0.0597,1.0485,0,68.75,5.6,9.6,25.05,-0.1451,0.5001,0.0414,-0.0288,-0.0813,LOW LIQUIDITY
Sundaram Clayton,544066,SUNCLAY,Auto Components,-0.1185,-0.0342,0.0316,-0.0304,0.1325,-0.0257,-0.0618,0.1807,1.54,,0,7.7,38.86,-0.4775,0.0414,-0.194,-0.0207,-0.3265,LOW LIQUIDITY
Munjal Showa,520043,MUNJALSHOW,Auto Components,-0.0795,-0.3054,0.0055,-0.0198,4.3795,0.0258,0.1299,20.5674,0,20.29,0.05,3,11.18,-0.2384,0.2279,0.007,-0.0368,-4.3725,LOW LIQUIDITY
Shivam Autotech,532776,SHIVAMAUTO,Auto Components,-0.1969,-0.7096,0.0586,-0.049,0.1509,0.0141,-0.4434,5.6613,10.76,,0,159.8,18.21,-0.4935,0.2299,-1.1051,-0.4766,-1.256,LOW LIQUIDITY
OBSC Perfection,,OBSCP,Auto Components,0.2709,0.5111,0.1776,0,0,0.1666,0.1732,0.3733,0.26,47.79,,18.8,29.18,-0.0795,1.6781,0.2496,-0.2578,0.2496,
Maxvolt Energy,,MAXVOLT,Auto Components,1.4424,0.3383,0.1274,0,0,0.1419,0.2901,-2.9187,0.14,36.11,,5.8,23.61,-0.0144,1.3102,0.2525,-0.6023,0.2525,
Goodyear India,500168,GOODYEAR,Auto Components,-0.0509,-0.4363,0.043,-0.0135,-0.1981,0.0253,0.1004,1.6532,0.05,51.4,-2.59,8.7,17.75,-0.0911,0.2223,0.0931,-0.0667,0.2912,
Zelio E-Mobility,544563,BOM:544563,Automobiles,0,0,,0,0,0.1236,0.5994,-0.4501,1.15,46.6,,,34.25,-0.0686,1.2773,0.8575,0.0178,0.8575,77
Hyundai Motor I,544274,HYUNDAI,Automobiles,0.011,0.1738,0.1397,-0.0113,0.0215,0.1146,0.4455,0.5652,0.05,34.25,15.96,919.4,19.19,-0.1813,0.5348,0.4218,0.026,0.4003,95
Eicher Motors,505200,EICHERMOT,Automobiles,0.1477,0.0942,0.2386,0.0344,0.0206,0.3147,1.0319,0.6639,0.02,38.97,18.93,242.9,27.37,-0.0344,0.5164,0.241,-0.0013,0.2204,308
TVS Motor Co.,532343,TVSMOTOR,Automobiles,0.2433,0.4193,0.1502,0.1077,0.2007,0.1287,0.3262,0.6377,2.08,63,3.14,961.5,23.61,-0.0706,0.5932,0.2839,0.0184,0.0832,350
Force Motors,500033,FORCEMOT,Automobiles,0.2188,0.524,0.1406,0.0511,0.0982,0.1127,0.3474,1.1102,0.01,40.61,4.13,10.7,19.43,-0.1533,2.0411,0.2082,0.0199,0.11,393
Olectra Greentec,532439,OLECTRA,Automobiles,0.106,0.0846,0.1378,0.0185,0.0064,0.1326,0.1739,0.5847,0.24,87.09,135.49,96,43.85,-0.1279,0.5355,0.1427,0.055,0.1363,407
Hero Motocorp,500182,HEROMOTOCO,Automobiles,-0.0473,0.6305,0.1452,-0.0118,0.1818,0.1663,1.0636,0.7349,0.04,21.12,1.16,110.6,14.13,-0.0683,0.6031,0.2306,0.0109,0.0488,563
Tata Motors PVeh,500570,TMPV,Automobiles,-0.0252,-0.2984,0.0979,-0.0039,-0.2341,0.0828,0.1823,1.601,0.62,6.89,-0.29,474.7,3.1,-0.2013,0.2566,0.2808,-0.2131,0.5149,598
Bajaj Auto,532977,BAJAJ-AUTO,Automobiles,0.1007,0.1384,0.2127,0.0236,0.0396,0.2143,1.8455,-0.1328,0.27,32.12,8.11,193.6,21.55,-0.1428,0.2323,0.2277,-0.0371,0.1881,716
M & M,500520,M&M,Automobiles,0.2157,0.1585,0.1937,0.1036,0.1008,0.1762,0.2541,0.1128,1.53,31.7,3.14,676.8,14.73,-0.0263,0.5361,0.1805,-0.0034,0.0797,887
Maruti Suzuki,532500,MARUTI,Automobiles,0.1307,0.0795,0.1201,0.0505,0.0227,0.1191,0.4603,0.8169,0,32.74,14.43,152.5,19.12,-0.077,0.4349,0.1589,-0.0242,0.1362,1049
Landmark Cars,543714,LANDMARK,Automobiles,0.2761,1.0316,0.0575,0.0571,0.0906,0.0267,0.0458,1.4643,1.57,135.37,14.94,18.6,13.22,-0.1439,0.9665,0.0309,-0.086,-0.0597,2120
Ather Energy,544397,ATHERENERG,Automobiles,0.7881,0.0257,-0.2083,0,0,-0.3112,-1.1935,1.0271,1.26,,,,-45.44,-0.2063,1.1826,-1.565,-0.0372,-1.565,2190
Ola Electric,544225,OLAELEC,Automobiles,-0.4964,-0.321,-0.2862,-0.1808,0.0466,-0.5311,-0.3386,1.2678,0.69,,0,1868.7,-16.06,-0.518,0.2481,-1.0752,-1.0752,-1.1218,2263
Wardwizard Inno.,538970,BOM:538970,Automobiles,-0.3404,-0.5372,0.1249,-0.0547,-0.1915,0.1108,0.0926,-2.2374,1.87,61.71,-3.22,97.1,13.77,-0.7623,0.1372,0.065,-0.0829,0.2565,LOW LIQUIDITY
Mercury EV-Tech,531357,BOM:531357,Automobiles,4.832,3.0408,0.0939,0.2085,0.1896,0.1145,0.0404,-4.0508,0.02,86.07,4.54,55.6,57.17,-0.6225,0.0878,0.0442,0.0137,-0.1454,LOW LIQUIDITY
Popular Vehicles,544144,PVSL,Automobiles,0.0151,-2.6073,0.0253,0.0035,0.7002,0.0108,-0.0107,1.9798,1.44,,0,11.9,12.13,-0.1946,0.7349,-0.0225,-0.1662,-0.7227,LOW LIQUIDITY
Eraaya Lifespace,531035,BOM:531035,Automobiles,368.2606,-21.8229,0.0571,0.3842,0.0299,-0.0006,-0.3385,-36.8325,17.75,,0,144.5,9.96,-0.8715,0.0741,-8.0866,-8.0866,-8.1165,LOW LIQUIDITY
Hindustan Motors,500500,HINDMOTORS,Automobiles,-1,-0.4851,,-0.3867,11.0103,10.7536,0.4577,-20.2556,0.56,33.63,0.03,256.3,26.14,-0.4756,0.0427,0.0402,-0.1272,-10.9701,
Punjab Natl.Bank,532461,PNB,Banks,0.0678,0.0872,0.7448,0.0443,-0.078,0.8736,1.8009,0.2069,12.22,8.24,-1.06,1130.1,16.02,-0.0225,0.4241,0.1517,0.0663,0.2297,229
Bandhan Bank,541153,BANDHANBNK,Banks,-0.0265,-0.8807,0.4439,-0.0094,-0.5526,0.5732,1.367,0.1955,6.76,20.11,-0.36,162.2,14.89,-0.2017,0.199,0.1188,0.0106,0.6714,299
Kotak Mah. Bank,500247,KOTAKBANK,Banks,0.047,-0.1142,0.3252,0.0332,-0.1592,0.792,8.7015,0.2956,3.62,22.35,-1.4,491.9,18.35,-0.0925,0.2441,0.1537,0.0031,0.3129,338
Union Bank (I),532477,UNIONBANK,Banks,-0.0082,-0.0684,0.6604,0.0067,0.0257,0.868,2.3258,0.1856,10.38,6.25,2.43,697.3,14.36,-0.0504,0.4953,0.1705,0.0141,0.1448,445
Indian Bank,532814,INDIANB,Banks,0.0819,0.1101,0.6928,0.0404,0.0467,0.8514,1.8396,0.3366,10.65,9.93,2.13,205.3,16.46,-0.0202,0.8355,0.1709,0.0174,0.1242,480
Bank of Maha,532525,MAHABANK,Banks,0.1846,0.252,0.6809,0.0918,0.0984,0.7768,2.2316,0.4053,10.66,7.35,0.75,1096.2,17.12,-0.0526,0.5261,0.2281,-0.0002,0.1297,524
SBI,500112,SBIN,Banks,0.0578,-0.0425,0.4356,0.0295,0.0132,0.8294,1.9627,0.119,11.08,11.3,8.56,1440.3,16.51,-0.0089,0.4159,0.172,-0.0014,0.1588,610
Bank of Baroda,532134,BANKBARODA,Banks,0.0444,-0.0414,0.6534,0.0284,-0.0697,0.8104,2.1182,0.3297,10.53,7.72,-1.11,482.4,16.6,-0.0225,0.5031,0.1553,-0.0116,0.225,660
Axis Bank,532215,AXISBANK,Banks,0.0224,-0.2531,0.5573,0.0149,-0.0739,0.8273,5.2105,0.4118,7.28,14.69,-1.99,596.5,16.45,-0.0375,0.3158,0.163,-0.021,0.2369,696
Karur Vysya Bank,590003,KARURVYSYA,Banks,0.1766,0.2119,0.633,0.0726,0.0853,0.8324,0.3766,0.5605,8.66,11.38,1.33,194.1,13.95,-0.0406,0.6138,0.1765,0.0048,0.0912,698
Fino Payments,543386,FINOPB,Banks,0.2588,-0.2742,-4.8428,0.1434,-0.1328,0.948,0.3132,0.3647,3.93,29.1,-2.19,25.8,24.54,-0.2922,0.5537,0.1331,-0.0111,0.2659,708
J & K Bank,532209,J&KBANK,Banks,0.0542,-0.1047,0.7091,0.0354,0.0043,0.7663,0.1372,0.2813,10.62,5.42,12.7,88.4,15.64,-0.1164,0.2633,0.1577,-0.0026,0.1534,728
AU Small Finance,540611,AUBANK,Banks,0.1536,-0.0181,0.5283,0.0753,0.0309,0.6852,2.1691,0.5037,7.87,30.25,9.78,270.7,17.16,-0.0084,0.844,0.1419,0.0114,0.111,743
ICICI Bank,532174,ICICIBANK,Banks,0.04,0.0316,0.2722,0.0341,0.0451,0.8667,0.4192,0.7588,5.93,17.8,3.94,2154.6,16.15,-0.114,0.1206,0.1789,-0.0091,0.1338,778
Canara Bank,532483,CANBK,Banks,0.0626,0.1581,0.5868,0.0349,0.0914,0.889,2.4386,0.574,14.05,6.62,0.72,993.4,14.98,-0.0166,0.7702,0.1775,-0.0019,0.0861,849
Bank of India,532149,BANKINDIA,Banks,0.0604,0.0642,0.7382,0.0347,0.0722,0.8493,1.1261,0.3133,11.67,6.4,0.89,348.7,15.98,-0.0194,0.5617,0.1235,0.0237,0.0513,931
South Ind.Bank,532218,SOUTHBANK,Banks,0.0222,0.0822,0.6459,0.0107,0.0404,0.8369,1.7851,-0.3061,11.5,7.1,1.76,237.2,15.95,-0.0859,0.6655,0.1378,-0.0003,0.0974,1031
Federal Bank,500469,FEDERALBNK,Banks,0.03,-0.0952,0.6509,0.0225,-0.051,0.8124,3.499,0.3791,8.71,14.72,-2.89,393.5,15.35,-0.0129,0.3663,0.1286,-0.0198,0.1796,1032
Ujjivan Small,542904,UJJIVANSFB,Banks,0.0431,-0.4777,0.395,0.0175,-0.4261,0.5358,1.0766,0.5541,6.77,23.78,-0.56,308.4,14.35,-0.0618,0.6593,0.1242,-0.1424,0.5503,1123
Central Bank,532885,CENTRALBK,Banks,0.0657,0.3334,0.6208,0.0236,0.1431,0.7741,1.1872,-0.0986,11.87,7.65,0.53,815.4,17.57,-0.3805,0.171,0.1143,0.0272,-0.0288,1133
IDBI Bank,500116,IDBI,Banks,-0.0451,0.7356,0.7678,0.0007,0.2163,0.931,0.9994,1.032,4.81,11.38,0.53,1669.9,15.33,-0.0803,0.4934,0.1355,0.0183,-0.0808,1146
Karnataka Bank,532652,KTKBANK,Banks,-0.0073,-0.2696,0.665,-0.0019,-0.0849,0.8128,0.0853,0.0285,8.83,5.75,-0.68,20.9,14.57,-0.234,0.0919,0.111,-0.026,0.1959,1172
UCO Bank,532505,UCOBANK,Banks,0.0755,0.0282,0.6341,0.0347,0.0302,0.7683,1.0195,0.0992,10.08,16.06,5.33,1559.1,17.95,-0.381,0.2007,0.0838,0.0216,0.0536,1176
Jana Small Finan,544118,JSFB,Banks,0.119,-0.2247,0.3938,0.0475,-0.1802,0.594,2.2692,1.4598,8.49,12.17,-0.68,12.3,13.31,-0.1408,0.3058,0.1303,-0.132,0.3105,1219
HDFC Bank,500180,HDFCBANK,Banks,0.0481,0.1001,0.4809,0.0292,0.0238,0.8244,6.0714,0.4545,6.3,20.81,8.74,4298.4,16.72,-0.0388,0.2079,0.1445,-0.0269,0.1207,1224
CSB Bank,542867,CSBBANK,Banks,0.2825,0.1584,0.4977,0.126,0.0455,0.8238,1.245,-1.7994,9.36,11.77,2.59,26.9,14.64,-0.0558,0.5815,0.1431,-0.0187,0.0976,1228
DCB Bank,532772,DCBBANK,Banks,0.1622,0.1829,0.7043,0.0894,0.0886,0.8042,1.0042,-0.0849,11.85,7.66,0.86,27,12.97,-0.0307,0.5733,0.1143,0.0031,0.0257,1276
RBL Bank,540065,RBLBANK,Banks,-0.0066,-0.1977,0.3572,-0.0056,-0.3089,0.5841,0.6863,-0.1021,8.32,41.66,-1.35,77.4,17.3,-0.0172,1.2349,0.0457,-0.0366,0.3546,1331
Suryoday Small,543279,SURYODAY,Banks,0.0144,-0.4964,0.3761,0.0036,-0.3022,0.5093,0.3426,1.3314,6.97,19.65,-0.65,8.6,14.05,-0.0916,0.6467,0.0616,-0.0658,0.3638,1410
IndusInd Bank,532187,INDUSINDBK,Banks,-0.0849,-1.3282,0.4276,-0.028,-1.295,0.6141,-0.0137,0.5512,7.17,,0,73.8,16.4,-0.276,0.3023,0.0402,-0.1117,1.3352,1457
Equitas Sma. Fin,543243,EQUITASBNK,Banks,0.0402,0.8742,0.4008,0.0333,-1.6222,0.4897,-0.1704,0.5944,8.12,,0,131.4,15.24,-0.2166,0.183,0.0243,-0.1193,1.6465,1525
Yes Bank,532648,YESBANK,Banks,-0.045,0.1725,0.5765,-0.0152,0.1542,0.8246,1.2026,0.2531,7.29,25.17,1.63,4546.4,16.55,-0.0638,0.4201,0.0546,0.0235,-0.0996,1567
Utkarsh Small F.,543942,UTKARSHBNK,Banks,-0.088,-2.7429,0.0255,-0.0226,-15.9648,0.3671,-0.1539,0.4948,8.04,,0,190.1,18.16,-0.5104,0.087,0.0079,-0.1922,15.9727,1605
IDFC First Bank,539437,IDFCFIRSTB,Banks,0.1094,0.641,0.3378,0.0502,-0.0304,0.528,0.6626,0.7589,6.85,45.49,-14.94,1035.5,18.31,-0.0302,0.5288,0.0421,-0.0589,0.0725,1993
T N Merc. Bank,543596,TMB,Banks,0.0568,0.0473,0.7363,0.0342,0.0273,0.8744,5.9383,0.416,6,6.48,2.37,13.2,12.91,-0.0319,0.2398,0.1397,-0.0047,0.1124,LOW LIQUIDITY
City Union Bank,532210,CUB,Banks,0.1529,0.1522,0.6902,0.0747,0.0755,0.8467,3.9137,0.2286,7.22,15.92,2.11,143.7,16.21,-0.0146,0.8176,0.1258,-0.0023,0.0503,LOW LIQUIDITY
Pun. & Sind Bank,533295,PSB,Banks,0.0949,0.2293,0.6775,0.0451,0.1402,0.7988,0.848,-0.2538,10.87,18.64,1.33,1125.1,17.1,-0.459,0.2078,0.0703,0.0315,-0.0699,LOW LIQUIDITY
I O B,532388,IOB,Banks,0.1457,0.5781,0.6564,0.0657,0.2786,0.8104,1.2093,0.1362,11.07,17.59,0.63,4143,18.12,-0.3507,0.179,0.1102,0.0104,-0.1684,LOW LIQUIDITY
Capital Small,544120,CAPITALSFB,Banks,0.147,0.0465,0.6553,0.0677,0.027,0.7401,1.9779,0.415,7.11,8.89,3.3,3.9,14.69,-0.196,0.0634,0.1038,-0.0195,0.0768,LOW LIQUIDITY
Dhanlaxmi Bank,532180,DHANBANK,Banks,0.1666,-0.1011,0.6003,0.0884,0.2678,0.679,0.2955,-0.0053,12.39,12.21,0.46,28.6,18.25,-0.2886,0.1818,0.0548,-0.0031,-0.213,LOW LIQUIDITY
ESAF Small Fin,544020,ESAFSFB,Banks,-0.1899,-2.2939,0.1763,-0.0506,0.1647,0.2721,-0.3469,2.842,12.66,,0,37.9,24.95,-0.3972,0.1419,-0.2349,-0.4372,-0.3996,LOW LIQUIDITY
Tilaknagar Inds.,507205,TI,Beverages,0.3065,1.2078,0.2309,0.067,0.2221,0.1889,0.3292,0.7439,0.05,37.32,1.68,227.8,32.33,-0.0937,1.4981,0.2962,0.0504,0.0741,263
Assoc.Alcohols,507526,ASALCBR,Beverages,0.0592,0.3352,0.1392,0.0144,0.0729,0.113,0.2287,0.641,0.2,25.36,3.48,7.7,16.19,-0.2195,0.3993,0.1727,0.0439,0.0998,408
Allied Blenders,544203,ABDL,Beverages,0.1411,0.3522,0.1267,0.0817,0.3205,0.1205,0.2223,-1.7352,0.68,70.64,2.2,325.9,36.7,-0.0985,1.327,0.1996,0.1937,-0.1209,524
United Breweries,532478,UBL,Beverages,-0.0302,-0.648,0.0632,0.0365,-0.1734,0.0614,0.1458,0.3652,0.14,125.33,-7.23,288.6,58.83,-0.2165,0.0365,0.1077,0.0071,0.2811,553
Som Distilleries,507514,SDBL,Beverages,0.0298,0.0372,0.1331,0.0106,-0.0299,0.1092,0.1677,0.2696,0.23,24.13,-8.08,64.8,14,-0.2665,0.3283,0.1617,-0.0228,0.1916,825
India Glycols,500201,INDIAGLYCO,Beverages,0.0741,0.2132,0.1438,0.0191,0.0236,0.1251,0.076,0.7773,0.84,25.63,10.88,17.2,13.39,-0.0563,1.0088,0.1106,0.0199,0.087,939
United Spirits,532432,UNITDSPR,Beverages,0.1157,0.4256,0.2077,0.0488,0.141,0.1926,0.3603,0.9201,0.05,60.63,4.3,899.6,37.86,-0.159,0.1253,0.1974,-0.0124,0.0564,999
Sula Vineyards,543711,SULA,Beverages,-0.0934,-0.8674,0.1669,-0.0195,-0.1771,0.1787,0.111,0.4963,0.54,36.59,-2.07,30.3,17.55,-0.4535,0.0274,0.123,-0.0486,0.3001,1058
Radico Khaitan,532497,RADICO,Beverages,0.3383,0.6907,0.1591,0.156,0.345,0.1243,0.2115,0.672,0.21,93.22,2.7,198.6,52.14,-0.0557,0.7514,0.1362,0.0233,-0.2088,1195
Piccadily Agro,530305,PICCADIL,Beverages,0.0931,0.4101,0.1773,0.0494,0.0524,0.215,0.1984,-0.1592,0.45,60.91,11.63,91,34.12,-0.3469,0.3777,0.2007,-0.1054,0.1483,1198
Varun Beverages,540180,VBL,Beverages,0.0191,0.1962,0.234,0.0581,0.1215,0.1954,0.1909,0.8481,0.12,53.82,4.43,2944.1,30.25,-0.2878,0.1271,0.2249,-0.1271,0.1034,1328
G M Breweries,507488,GMBREW,Beverages,0.2115,0.6101,0.2482,0.0659,0.1158,0.2644,0.5263,1.0127,0,19.87,1.72,6.6,14.87,-0.0552,1.1488,0.1457,-0.0507,0.0299,1651
IFB Agro Inds.,507438,IFBAGRO,Beverages,0.5067,9.8612,0.0928,0.1536,1.3318,0.0667,0.155,1.8685,0.01,24.46,0.18,1.9,10.42,-0.1168,2.0919,0.0382,0.0533,-1.2936,1735
Globus Spirits,533104,GLOBUSSPR,Beverages,0.0886,0.1299,0.0826,0.0224,0.0857,0.034,0.0288,0.8491,0.53,119.13,13.9,9.4,21.45,-0.1449,0.4847,0.0254,-0.0787,-0.0603,2123
Monika Alcobev,544451,BOM:544451,Beverages,0,0,,0,0,0.2009,0.2558,-0.5464,1.81,28.13,,,15.8,-0.1598,0.0863,0.2863,-0.1526,0.2863,LOW LIQUIDITY
BCL Industries,524332,BCLIND,Beverages,0.2459,0.3541,0.0675,0.0555,0.0906,0.0564,0.1186,0.379,0.67,11.18,1.23,42.3,7.74,-0.3542,0.18,0.1299,-0.0302,0.0393,LOW LIQUIDITY
Cupid Breweries,512361,BOM:512361,Beverages,-1,-0.1053,,-0.1897,0.46,-1.5319,-0.646,3.3878,,,0,-30.3,-755.29,-0.353,3.2249,0,0,-0.46,LOW LIQUIDITY
FratelliVineyard,541741,BOM:541741,Beverages,-0.7569,-3.1962,-0.0813,-0.3179,0.6116,-0.0904,-0.1217,0.7865,0.77,,0,17,-78.87,-0.6365,0.3824,-0.156,-0.156,-0.7676,LOW LIQUIDITY
Jagatjit Inds.,507155,BOM:507155,Beverages,-0.2493,-1.3091,-0.0701,-0.061,0.2542,-0.0011,-0.0606,-0.9871,7.51,,0,79.7,147.56,-0.2545,0.3135,-0.3537,-0.4457,-0.6079,LOW LIQUIDITY
Cams Services,543232,CAMS,Capital Markets,0.0351,-0.0371,0.4552,0.0288,0.0432,0.4319,1.0879,0.7788,0.07,42.06,9.74,88.3,27.51,-0.3038,0.2333,0.4394,0.0347,0.3962,85
Anand Rathi Wea.,543415,ANANDRATHI,Capital Markets,0.2264,0.3053,0.4623,0.0515,0.1454,0.466,0.6891,0.5862,0.1,75.24,5.17,265.3,50.67,-0.0636,0.9625,0.4533,0.0505,0.3079,88
BSE,,BSE,Capital Markets,0.5924,1.0043,0.6531,0.072,0.1394,0.6109,1.3501,0.2215,0,62.99,4.52,917.2,42.68,-0.1892,1.0016,0.3604,0.1825,0.221,102
Indian Energy Ex,540750,IEX,Capital Markets,0.1042,0.1388,0.867,0.0609,0.0915,1.0761,-1.2003,0.7533,0.01,25.95,2.84,954.7,18.98,-0.3668,0.0471,0.4071,0.0285,0.3156,105
Nuvama Wealth,543988,NUVAMA,Capital Markets,0.0775,-0.0136,0.5229,0.0599,0.0405,0.5169,0.2267,-0.1735,2.37,25.88,6.38,25.2,9.02,-0.1372,0.6074,0.3087,0.0657,0.2682,106
C D S L,,CDSL,Capital Markets,-0.0105,-0.1346,0.5529,-0.0018,-0.1025,0.5828,0.5357,0.7803,0,67.52,-6.59,383,46.29,-0.232,0.4589,0.327,0.0139,0.4295,123
Nippon Life Ind.,540767,NAM-INDIA,Capital Markets,0.152,-0.0429,0.6527,-0.0393,0.0376,0.7259,1.5998,0.7052,0.02,41.42,11.02,833.1,30.79,-0.1203,0.9046,0.3139,0.0185,0.2763,150
HDFC AMC,541729,HDFCAMC,Capital Markets,0.1565,0.2447,0.7803,-0.0544,0.1159,0.9265,30.6059,0.6301,0,41.91,3.62,318,31.83,-0.0946,0.5242,0.3235,0.0284,0.2076,166
Prudent Corp.,543527,PRUDENT,Capital Markets,0.1178,0.0392,0.2257,0.0426,0.0495,0.2351,0.7296,0.6075,0.04,51.46,10.4,57.3,33.9,-0.1984,0.6246,0.3404,0.0064,0.2909,168
IIFL Capital,542773,IIFLCAPS,Capital Markets,-0.0352,-0.0376,0.3581,-0.0545,0.0405,0.4537,0.4415,0.8193,0.37,14.74,3.64,128.6,6.43,-0.197,0.9694,0.3158,-0.0074,0.2753,246
Canara Robeco,544580,CRAMC,Capital Markets,0.0303,-0.0268,0.6315,0,0,0.6422,0.3549,0.6072,0.03,33.07,,,23.73,-0.1117,0.1206,0.3617,-0.0272,0.3617,277
Aditya AMC,543374,ABSLAMC,Capital Markets,0.0875,-0.0042,0.6125,-0.1007,0.0434,0.7283,11.6277,0.5666,0.02,23.01,5.3,181.1,16.65,-0.1509,0.3916,0.2699,-0.0046,0.2265,295
5paisa Capital,540776,5PAISA,Capital Markets,-0.2343,-0.5688,0.2974,-0.1342,-0.3082,0.2858,0.1198,0.8513,0.46,20.22,-0.66,4.7,-0.38,-0.4131,0,0.1189,0.016,0.4271,308
KFin Technolog.,543720,KFINTECH,Capital Markets,0.1025,0.0447,0.4387,0.0598,0.0868,0.409,0.4254,0.9214,0.03,52.73,6.07,222.8,33.41,-0.3554,0.3497,0.2497,0.005,0.1629,317
CARE Ratings,534804,CARERATING,Capital Markets,0.1899,0.2436,0.2954,0.0373,0.0367,0.483,0.2732,0.6325,0.03,33.75,9.19,17.8,22.11,-0.1857,0.5209,0.1802,0.0355,0.1435,320
Dam Capital Advi,544316,DAMCAPITAL,Capital Markets,-0.3058,-0.9896,0.1955,0,0,0.5576,0.5208,0.6862,0.01,21.63,,47.5,10.46,-0.4513,0.282,0.4867,-0.0607,0.4867,322
Anand Rathi Shar,544530,ARSSBL,Capital Markets,-0.0129,-0.1368,0.4106,0,0,0.3407,0.1029,2.3449,0.93,33.59,,16,3.6,-0.0353,0.2352,0.2304,-0.007,0.2304,360
Master Trust,511768,MASTERTR,Capital Markets,-0.1789,-0.2176,0.3935,-0.0491,-0.0574,0.4126,0.23,-0.1549,0.4,12.72,-2.22,27.6,1.54,-0.3546,0.2285,0.2297,-0.019,0.2871,379
N S D L,544467,BOM:544467,Capital Markets,-0.0749,0.1516,0.3037,0,0,0.3081,-8.2705,1.2749,0.01,63.35,,,44.74,-0.2447,0.2231,0.1778,0.0095,0.1778,382
Geojit Fin. Ser.,532285,GEOJITFSL,Capital Markets,-0.2227,-0.6007,0.2294,-0.1032,-0.3012,0.2571,0.2419,0.6536,0.11,17.1,-0.57,47.8,6.42,-0.4798,0.1803,0.1683,-0.0178,0.4695,400
Motil.Oswal.Fin.,532892,MOTILALOFS,Capital Markets,-0.3491,-0.6764,0.4542,-0.0683,-0.1908,0.4962,0.5411,0.2684,1.22,29.04,-1.52,274.4,16.83,-0.1071,1.0079,0.2525,-0.0734,0.4433,505
UTI AMC,543238,UTIAMC,Capital Markets,-0.2226,-0.5275,0.4235,-0.0498,-0.1964,0.4995,1.4274,0.5035,0,26.34,-1.34,45.2,16.25,-0.1933,0.3327,0.1628,-0.0229,0.3592,546
Angel One,543235,ANGELONE,Capital Markets,-0.2066,-0.4999,0.3457,-0.1105,-0.3326,0.305,0.2544,-0.9852,0.77,29.15,-0.88,35.6,10.59,-0.2837,0.2927,0.2707,-0.1622,0.6033,561
ICRA,532835,ICRA,Capital Markets,0.0829,0.302,0.3553,0.0404,0.1061,0.4967,0.8796,0.6068,0.01,32.63,3.08,5.6,21.38,-0.1181,0.2675,0.1675,0.0111,0.0614,732
360 ONE,542772,360ONE,Capital Markets,0.2887,0.2851,0.6403,-0.0209,0.0415,0.6635,0.6261,-1.0385,1.58,38.44,9.26,240.8,21.33,-0.1891,0.3952,0.2057,-0.039,0.1642,860
Arihant Capital,511605,ARIHANTCAP,Capital Markets,-0.3027,-0.3248,0.3998,-0.0891,-0.1082,0.3717,0.2187,0.3137,0.25,20.8,-1.92,28.2,8.43,-0.1687,0.7768,0.159,-0.0845,0.2672,1023
Share India Sec.,540725,SHAREINDIA,Capital Markets,-0.2469,-0.2513,0.4668,-0.1275,-0.1447,0.381,0.1789,0.0113,0.22,14.35,-0.99,34.8,3.74,-0.4523,0.4314,0.1592,-0.1501,0.3039,1082
Gretex Corporate,543324,GCSL,Capital Markets,-0.4451,-0.8466,0.0783,-0.0799,-3.2692,-0.0083,-0.0113,-5.5249,0.06,,0,6.4,615.66,-0.4742,0.1361,0.0086,-0.3656,3.2778,1674
Indo Thai Sec.,533676,INDOTHAI,Capital Markets,1.544,2.181,0.8423,0.837,1.5891,0.6003,0.1945,-1.8647,0.02,219.18,1.38,262.7,150.98,-0.1809,2.8036,0.0654,-0.1776,-1.5237,2175
Emk.Global Fin.,532737,EMKAY,Capital Markets,-0.3326,-0.9823,0.0196,-0.186,-0.6077,0.0904,0.0823,-0.0309,0.27,35.03,-0.58,6.6,3.32,-0.2557,0.8886,0.209,0.0753,0.8167,LOW LIQUIDITY
Dolat Algotech,505526,DOLATALGO,Capital Markets,-0.2711,-0.4586,0.5875,-0.0776,-0.1526,0.6155,0.4404,-0.0777,0.07,7.42,-0.49,23.8,4.65,-0.4764,0.1324,0.24,0.0202,0.3926,LOW LIQUIDITY
Adit.Birla Money,532974,BIRLAMONEY,Capital Markets,-0.1619,-0.6197,0.437,-0.0634,-0.2363,0.4862,0.1802,-0.5523,6.58,15.82,-0.67,18.9,8.49,-0.4778,0.2116,0.3721,-0.0178,0.6084,LOW LIQUIDITY
Pune e,544141,BOM:544141,Capital Markets,-0.3455,-0.2085,0.3653,-0.3327,-0.051,0.5434,0.117,-2.2022,0.36,20.85,-4.09,3.1,8.68,-0.071,0.7204,0.1207,-0.0013,0.1717,LOW LIQUIDITY
Monarch Networth,511551,MONARCH,Capital Markets,0.1541,0.1287,0.6388,0.0376,0.033,0.6318,0.605,0.1412,0.01,15.97,4.83,24.3,8.24,-0.3714,0.1101,0.2617,-0.1725,0.2287,LOW LIQUIDITY
SMC Global Sec.,543263,SMCGLOBAL,Capital Markets,-0.0234,-0.5439,0.1917,-0.0203,-0.3316,0.1947,0.0788,0.0588,1.59,14.21,-0.43,11.6,2.93,-0.1961,0.3394,0.1265,-0.0581,0.4581,LOW LIQUIDITY
Shardul Sec.,512393,BOM:512393,Capital Markets,-0.3284,-0.382,0.95,-0.735,-1.3189,-0.0795,-0.0149,-0.7717,0.03,,0,5.1,-485.42,-0.5412,0.3221,0.048,-0.1263,1.3669,LOW LIQUIDITY
Systematix Corp.,526506,SYSTMTXC,Capital Markets,0.3378,5.0115,0.3965,-0.1221,0.1797,0.4929,0.2768,-0.3255,0.07,40.92,2.28,101.5,26.07,-0.5141,0.7283,0.2043,-0.2201,0.0246,LOW LIQUIDITY
Almondz Global,531400,ALMONDZ,Capital Markets,0.0668,0.133,0.1793,0.0128,0.0468,0.1663,0.1209,-0.3995,0.22,16.85,3.6,21.8,11.24,-0.495,0.0596,0.0751,-0.0123,0.0283,LOW LIQUIDITY
Quest Capital,500069,BOM:500069,Capital Markets,0.5069,0.3162,0.9401,0.0287,0.0183,0.9778,1.1292,1.503,0,17,9.27,0.3,12.21,-0.4039,0.0933,0.017,-0.0073,-0.0013,LOW LIQUIDITY
Shriram AMC,531359,BOM:531359,Capital Markets,0.6071,-0.0952,-0.7528,0.1932,0.0145,-2.0872,-3.1076,0.7651,0,,0,13.6,-40.86,-0.4387,0.1751,-0.2349,-0.1441,-0.2494,LOW LIQUIDITY
Multi Comm. Exc.,534091,MCX,Capital Markets,0.5924,0.8319,0.6462,0.1248,0.1648,0.6536,0.7012,1.3577,0,72.47,4.4,127.9,51.21,-0.0375,1.102,0.3433,0.2851,0.1785,
Prism Johnson,500338,PRSMJOHNSN,Cement & Cement Products,0.09,1.2844,0.0876,0.0301,-0.7151,0.0116,-0.0225,8.7211,1.34,,0,240.8,14.4,-0.3285,0.3338,-0.04,-0.0204,0.6751,1324
India Cements,530005,INDIACEM,Cement & Cement Products,0.0932,1.1161,0.0726,0.0316,-0.6234,-0.0539,-0.0182,0.4767,0.13,,0,37.2,279.46,-0.0936,0.6335,-0.0883,-0.0401,0.5351,1558
J K Cements,532644,JKCEMENT,Cement & Cement Products,0.1793,2.7556,0.1479,0.0845,0.3028,0.1541,0.1184,1.208,0.99,42.86,1.42,56.3,18.93,-0.241,0.4756,0.1387,-0.0209,-0.1641,1709
Ambuja Cements,500425,AMBUJACEM,Cement & Cement Products,0.2148,2.3364,0.1919,0.1064,0.3871,0.1708,0.0688,0.367,0.02,24.11,0.62,609,14.29,-0.103,0.2379,0.0873,-0.005,-0.2998,1846
K C P,590066,KCP,Cement & Cement Products,-0.021,0.9228,0.1642,-0.0057,0.1877,0.1408,0.087,0.5184,0.35,13.08,0.7,21.1,4.71,-0.2706,0.167,0.1097,-0.0335,-0.078,1884
UltraTech Cem.,532538,ULTRACEMCO,Cement & Cement Products,0.2033,0.7523,0.1575,0.076,0.2054,0.1386,0.0966,1.1557,0.35,47.57,2.32,142.7,23.75,-0.0964,0.1783,0.0929,-0.0292,-0.1125,1939
Mangalam Cement,502157,MANGLMCEM,Cement & Cement Products,0.187,0.891,0.1664,0.0423,0.2718,0.0926,0.0817,1.3119,0.74,34.7,1.28,6.7,10.52,-0.2574,0.188,0.057,-0.0193,-0.2148,2002
Birla Corpn.,500335,BIRLACORPN,Cement & Cement Products,0.1205,2.6655,0.1413,0.0286,0.2562,0.0909,0.0541,2.236,0.5,22.14,0.86,10,8.8,-0.2297,0.3129,0.0479,-0.018,-0.2083,2021
Dalmia BharatLtd,542216,DALBHARAT,Cement & Cement Products,0.1069,4.1304,0.2037,0.0247,0.5868,0.1261,0.0597,1.7059,0.33,34.59,0.59,41.6,14.08,-0.1777,0.2822,0.0415,-0.0063,-0.5453,2026
Grasim Inds,500300,GRASIM,Cement & Cement Products,0.1659,0.6824,0.1923,0.0753,0.1758,0.1669,0.0492,-0.7384,2.06,42.88,2.44,126.8,11.33,-0.0845,0.1981,0.0395,-0.0295,-0.1363,2065
JK Lakshmi Cem.,500380,JKLAKSHMI,Cement & Cement Products,0.1132,0.8485,0.1787,0.0286,0.2447,0.11,0.0729,1.2951,0.74,28.14,1.15,34.6,12.78,-0.1765,0.2733,0.0872,-0.0678,-0.1575,2067
Nuvoco Vistas,543334,NUVOCO,Cement & Cement Products,0.0833,1.4277,0.1493,0.0411,11.552,0.0787,0.029,2.5519,0.63,51.03,0.04,54.4,11.38,-0.1806,0.363,0.0024,-0.0137,-11.5496,2124
Star Cement,540575,STARCEMENT,Cement & Cement Products,0.264,11.5348,0.2345,0.1044,0.7895,0.1276,0.1269,1.1516,0.21,33.47,0.42,136.1,13.32,-0.1887,0.4611,0.0605,-0.0549,-0.729,2126
Shree Cement,500387,SHREECEM,Cement & Cement Products,0.1744,3.036,0.2046,0.0448,0.538,0.1228,0.1171,3.2595,0.1,57.81,1.07,16,18.78,-0.1527,0.1721,0.0529,-0.0695,-0.4851,2137
The Ramco Cement,500260,RAMCOCEM,Cement & Cement Products,0.0952,2.0093,0.1733,0.0206,0.8157,0.0799,0.0154,2.4134,0.62,127.13,1.56,75.3,20.2,-0.1565,0.2939,0.0142,-0.0365,-0.8015,2141
Orient Cement,535754,ORIENTCEM,Cement & Cement Products,0.1825,20.1595,0.2571,0.0995,2.3763,0.1073,0.172,1.2263,0.04,13.95,0.06,42.6,8.11,-0.426,0.0024,0.0512,-0.0534,-2.3251,2144
Sh. Digvijay Cem,502180,SHREDIGCEM,Cement & Cement Products,0.1115,24.575,0.1204,0.0487,0.4895,0.0704,0.1141,3.6167,0.39,35.55,0.73,54.1,18.4,-0.1614,0.4804,0.0677,-0.1809,-0.4218,2154
JSW Cement,544480,JSWCEMENT,Cement & Cement Products,0.0778,3.3106,0.2069,0,0,0.0705,-0.0093,1.8062,2.79,,,,33.78,-0.1942,0,-0.0481,-0.0861,-0.0481,2159
Deccan Cements,502137,DECCANCE,Cement & Cement Products,-0.1254,4.4626,0.1852,-0.041,2.7098,0.0794,0.0221,-1.8392,0.99,70.79,0.26,2.8,29.33,-0.1433,0.8449,0.0075,-0.0633,-2.7023,2185
Andhra Cements,532141,ACL,Cement & Cement Products,0.4191,-0.2018,-0.0575,0.2158,0.0522,-0.2363,-0.2004,-0.6041,12.22,,0,79.4,-190.15,-0.3522,0.4798,-0.6844,-0.4148,-0.7366,2256
BIGBLOC Const.,540061,BIGBLOC,Cement & Cement Products,0.0929,-1.7267,0.0231,0.0222,-0.7823,0.0446,0.0245,0.6641,1.39,345.47,-4.42,75.5,35.3,-0.6092,0.0402,0.0802,-0.2644,0.8625,LOW LIQUIDITY
Shiva Cement,532323,BOM:532323,Cement & Cement Products,0.625,0.0262,0.0488,0.1304,0.0939,-0.1203,-0.136,1.3598,39.62,,0,542.6,-898.13,-0.4522,0.0452,0,0,-0.0939,LOW LIQUIDITY
Sagar Cements,502090,SAGCEM,Cement & Cement Products,0.2668,0.2385,0.0853,0.1049,-0.2539,0.0147,-0.0501,-3.1884,0.98,,0,22.7,16.62,-0.2542,0.4431,-0.1029,-0.0582,0.151,LOW LIQUIDITY
Heidelberg Cem.,500292,HEIDELBERG,Cement & Cement Products,0.1089,1.2239,0.1124,0.0538,0.2028,0.0882,0.1265,1.5072,0.06,33.84,1.67,75.4,13.09,-0.2081,0.0619,0.0748,-0.0395,-0.128,LOW LIQUIDITY
Shri Keshav,530977,BOM:530977,Cement & Cement Products,0.3374,0.736,0.2557,0.0846,-0.2123,0.1377,-0.0151,1.7541,2.43,,0,7.3,20.65,-0.1981,0.85,-0.0621,-0.2094,0.1502,LOW LIQUIDITY
Visaka Industrie,509055,VISAKAIND,Cement & Cement Products,0.1069,1.1792,0.1017,0.0317,88.4286,0.0362,0.0244,2.6144,0.64,56.81,0.01,8.2,9.69,-0.2307,0.4963,0.0002,-0.0031,-88.4284,LOW LIQUIDITY
NCL Industries,502168,NCLIND,Cement & Cement Products,-0.0463,0.5618,0.1498,-0.2256,0.3099,0.064,0.0536,1.3138,0.29,23.26,0.75,4.7,7.7,-0.1748,0.1023,0.0341,-0.0791,-0.2758,LOW LIQUIDITY
Saurashtra Cem.,502175,SAURASHCEM,Cement & Cement Products,0.0979,0.7089,0.0822,0.0246,2.8265,0.019,0.0142,1.5518,0.14,132.63,0.47,13,13.92,-0.2268,0.359,0.0023,-0.0746,-2.8242,LOW LIQUIDITY
Anjani Portland,518091,APCL,Cement & Cement Products,0.2051,0.8212,0.0892,0.0552,-0.1944,-0.1021,-0.0926,-0.1524,2.17,,0,5.1,-236.09,-0.3196,0.325,-0.3185,-0.1937,-0.1241,LOW LIQUIDITY
Sanghi Industrie,526521,SANGHIIND,Cement & Cement Products,0.8807,-0.5648,0.0873,0.1609,0.1233,-0.1583,-0.1593,2.0119,5.93,,0,102.7,30.03,-0.2847,0.2914,-0.4607,-0.1194,-0.584,LOW LIQUIDITY
ACC,500410,ACC,Cement & Cement Products,0.2799,4.0144,0.1426,0.1056,0.4004,0.1518,0.1828,0.55,0.02,10.65,0.27,32.4,7.34,-0.2257,0.0317,0.1323,-0.0092,-0.2681,
Styrenix Perfor.,506222,STYRENIX,Chemicals & Petrochemicals,0.3503,-0.1516,0.1022,0.0821,-0.0301,0.0935,0.1938,0.177,0.34,18.39,-6.12,6.3,12.01,-0.3303,0.0717,0.2464,0.2464,0.2765,103
Tanfac Inds.,506854,BOM:506854,Chemicals & Petrochemicals,0.5128,-0.1103,0.1593,0.2475,0.0821,0.1862,0.3579,0.2694,0.09,42.89,5.22,11.9,28.01,-0.2013,1.0428,0.3205,0.0786,0.2384,113
Solar Industries,532725,SOLARINDS,Chemicals & Petrochemicals,0.2788,0.1824,0.2483,0.0623,0.0051,0.2407,0.3489,1.2843,0.22,96.98,192.02,252.4,57.69,-0.2413,0.5945,0.3264,0.0174,0.3213,132
Ellen.Indl.Gas,544421,ELLEN,Chemicals & Petrochemicals,0.2428,0.1557,0.3671,0,0,0.3875,0.2775,0.0353,0.5,78.34,,172.1,47.43,-0.2787,0.0689,0.1776,0.0687,0.1776,227
Supreme Petroch.,500405,SPLPETRO,Chemicals & Petrochemicals,-0.2693,-0.4665,0.0705,-0.0983,-0.1669,0.0783,0.172,0.6679,0.06,41.12,-2.46,107,25.06,-0.3155,0.2971,0.1736,0.0056,0.3405,248
GHCL,500171,GHCL,Chemicals & Petrochemicals,-0.0902,-0.3109,0.218,-0.0333,-0.0518,0.2559,0.2017,0.776,0.03,10.26,-1.98,15.5,6.28,-0.2187,0.1915,0.1857,0.013,0.2375,262
Pidilite Inds.,500331,PIDILITIND,Chemicals & Petrochemicals,0.0988,0.0836,0.2392,0.0515,0.0723,0.2251,0.3084,0.7895,0.05,65.9,9.12,1576.1,42.4,-0.1027,0.1096,0.2305,0.0023,0.1582,369
Kiri Industries,532967,KIRIINDUS,Chemicals & Petrochemicals,0.1022,-0.89,-0.0802,0.0253,-0.2919,0.0264,0.1884,-0.8931,0.35,17.3,-0.59,5.4,65.42,-0.3014,0.36,0.0856,0.0247,0.3775,414
Deepak Fertilis.,500645,DEEPAKFERT,Chemicals & Petrochemicals,0.0943,0.0148,0.1542,0.062,0.0738,0.1501,0.1278,1.1913,0.68,18.51,2.51,35.3,10.89,-0.1896,0.6227,0.1556,0.0779,0.0818,456
J.G.Chemicals,544138,JGCHEM,Chemicals & Petrochemicals,0.0764,0.0375,0.0908,0.019,0.0288,0.1055,0.2055,-0.1253,0,25.26,8.76,13.8,15.82,-0.2543,0.4848,0.1455,0.0418,0.1167,514
Alkyl Amines,506767,ALKYLAMINE,Chemicals & Petrochemicals,-0.0614,-0.0952,0.1803,-0.0125,-0.0223,0.1578,0.1527,1.0528,0,51.05,-22.92,33,28.86,-0.2575,0.2057,0.1396,0.0167,0.1619,542
A-1,542012,BOM:542012,Chemicals & Petrochemicals,-0.0851,-0.2857,0.0288,-0.0154,-0.105,0.02,0.1109,-1.5283,0.43,531.74,-50.65,42,184.37,-0.1426,3.6374,0.0782,0.057,0.1832,600
Gem Aromatics,544491,GEMAROMA,Chemicals & Petrochemicals,-0.0544,-0.071,0.1696,0,0,0.1641,0.2197,-0.3013,0.79,21.51,,,15.04,-0.38,0,0.2073,-0.037,0.2073,720
Privi Speci.,530117,PRIVISCL,Chemicals & Petrochemicals,0.2739,1.1028,0.2682,0.1146,0.4333,0.1907,0.2215,0.8131,0.86,47.63,1.1,40.1,23.51,-0.0139,1.4067,0.1836,0.0784,-0.2497,732
Vinati Organics,524200,VINATIORGA,Chemicals & Petrochemicals,-0.0127,0.2159,0.327,0.0047,0.1197,0.276,0.247,0.8988,0,36.88,3.08,59.8,24.24,-0.1894,0.1708,0.1575,0.0192,0.0378,788
DDev Plastiks,543547,DDEVPLSTIK,Chemicals & Petrochemicals,0.2299,0.2285,0.0948,0.0552,0.0494,0.1041,0.3306,0.5033,0.06,15.59,3.16,37.7,10.1,-0.1833,0.3832,0.2489,-0.0659,0.1995,804
Fine Organic,541557,FINEORG,Chemicals & Petrochemicals,0.0704,-0.0119,0.2088,0.017,-0.0033,0.241,0.2788,0.366,0,32.86,-99.92,18,20.54,-0.202,0.3067,0.1947,-0.0433,0.198,842
PCBL Chemical,506590,PCBL,Chemicals & Petrochemicals,0.0002,-0.5012,0.123,-0.0035,-0.1931,0.1061,0.0674,0.7346,1.36,39.21,-2.03,133.5,14.94,-0.3019,0.0515,0.1246,-0.0369,0.3177,936
NOCIL,500730,NOCIL,Chemicals & Petrochemicals,-0.1162,-0.7123,0.0696,-0.0561,-0.3868,0.0671,0.0514,0.2205,0.01,47.21,-1.22,28.2,20.72,-0.3931,0.1503,0.0594,-0.0127,0.4462,957
Himadri Special,500184,HSCL,Chemicals & Petrochemicals,-0.058,0.3051,0.2173,-0.0321,0.1808,0.2148,0.2376,0.5252,0.21,34.59,1.91,276,22.49,-0.2424,0.3078,0.1642,0.0102,-0.0166,959
Deepak Nitrite,506401,DEEPAKNTR,Chemicals & Petrochemicals,-0.1278,-0.446,0.1003,-0.0334,-0.1081,0.1078,0.1344,0.6503,0.24,38.94,-3.6,59.8,23.06,-0.4043,0.0057,0.1336,-0.0302,0.2417,970
BASF India,500042,BASF,Chemicals & Petrochemicals,-0.0542,-0.301,0.0591,-0.0142,-0.1284,0.0379,0.1753,0.6002,0.04,46.49,-3.62,22.7,25.15,-0.4758,0.0876,0.1373,-0.0525,0.2657,1047
G N F C,500670,GNFC,Chemicals & Petrochemicals,-0.2078,-0.2966,0.0194,-0.0533,-0.0597,0.0998,0.1101,0.7442,0.01,12.89,-2.16,12.4,4.81,-0.2589,0.0956,0.0708,0.0138,0.1305,1072
Linde India,523457,LINDEINDIA,Chemicals & Petrochemicals,-0.1258,-0.058,0.345,-0.033,-0.0076,0.2549,0.2188,0.9494,0.01,114.29,-149.5,113.9,60.59,-0.2604,0.1372,0.1233,-0.0055,0.1309,1075
Vishnu Chemicals,516072,VISHNU,Chemicals & Petrochemicals,0.0238,0.0574,0.1606,0.0056,0.0148,0.142,0.1457,0.4369,0.37,26.04,17.62,24.3,14.66,-0.1669,0.4777,0.1554,-0.0258,0.1406,1078
Laxmi Organic,543277,LXCHEM,Chemicals & Petrochemicals,-0.0927,-0.6077,0.053,-0.0324,-0.2398,0.0381,0.0458,0.6142,0.14,64.86,-2.7,78.7,25.51,-0.312,0.2197,0.0593,-0.0138,0.2991,1106
Sh.Pushkar Chem.,539334,SHREEPUSHK,Chemicals & Petrochemicals,0.3106,0.6324,0.1144,0.0748,0.1515,0.0963,0.1671,0.5265,0.19,18.77,1.24,7.5,12.51,-0.1871,0.7571,0.1145,0.0339,-0.037,1108
Aarti Industries,524208,AARTIIND,Chemicals & Petrochemicals,-0.0951,-0.6861,0.1266,-0.0242,-0.2851,0.0667,0.0304,2.1412,0.69,59.05,-2.07,89.8,18.97,-0.2717,0.112,0.0603,-0.0219,0.3454,1140
Rossari Biotech,543213,ROSSARI,Chemicals & Petrochemicals,0.1761,0.0439,0.1227,0.0682,0.0014,0.0937,0.1467,0.6768,0.28,25.85,185.62,15.6,13.66,-0.279,0.123,0.1222,-0.0096,0.1208,1189
Platinum Industr,544134,PLATIND,Chemicals & Petrochemicals,0.1239,-0.274,0.1314,0.0325,-0.1009,0.1605,0.1664,-0.1119,0.05,32.64,-3.24,21,19.21,-0.467,0.215,0.14,-0.0813,0.2409,1203
Atul,500027,ATUL,Chemicals & Petrochemicals,0.1142,0.3101,0.1724,0.0564,0.1128,0.1308,0.1332,0.8361,0.03,31.62,2.8,8.5,15.72,-0.2809,0.2256,0.091,0.0246,-0.0218,1283
Refex Industries,532884,REFEX,Chemicals & Petrochemicals,-0.0027,0.4107,0.1651,-0.1342,0.1049,0.1165,0.1735,-1.1643,0.14,28.49,2.71,51.2,17.17,-0.3649,0.0928,0.1891,-0.0516,0.0842,1292
Aether Industri.,543534,AETHER,Chemicals & Petrochemicals,0.1906,0.2947,0.3204,0.0435,0.0598,0.2926,0.0976,0.5184,0.06,58.33,9.76,59.3,34.4,-0.2005,0.0355,0.0749,0.0156,0.0151,1378
Jubilant Ingrev.,543271,JUBLINGREA,Chemicals & Petrochemicals,0.0722,0.1775,0.1208,0.0213,0.1457,0.1034,0.1055,1.2718,0.26,37.48,2.57,58.8,19.03,-0.2341,0.2665,0.0888,0.0195,-0.0569,1395
Neogen Chemicals,542665,NEOGEN,Chemicals & Petrochemicals,0.0377,-0.1055,0.1687,0.0087,-0.0665,0.1455,0.0753,1.7383,0.76,95.03,-14.29,12.8,31.48,-0.398,0.048,0.0559,-0.0015,0.1224,1437
Camlin Fine,532834,CAMLINFINE,Chemicals & Petrochemicals,0.1121,0.778,0.045,0.0291,-1.2861,0.0827,0.0763,0.1565,0.76,96.05,-0.75,75.7,19.59,-0.4226,0.8442,-0.1497,-0.0397,1.1364,1512
Navin Fluo.Intl.,532504,NAVINFLUOR,Chemicals & Petrochemicals,0.4626,1.5224,0.3246,0.188,0.5389,0.2497,0.1258,1.2463,0.33,70.01,1.3,44.2,38.63,-0.0103,0.9082,0.1152,0.0131,-0.4237,1515
Stallion India,544342,STALLION,Chemicals & Petrochemicals,0.5625,12.4353,0.1476,0.1995,0.3869,0.1405,0.1899,-0.2765,0,41.63,1.08,46.6,27.55,-0.4453,2.9276,0.1517,-0.0062,-0.2352,1522
Gujarat Fluoroch,542812,FLUOROCHEM,Chemicals & Petrochemicals,0.0893,0.7037,0.2685,0.0221,0.138,0.1964,0.1145,0.6335,0.29,64.32,4.66,60.6,31.93,-0.197,0.1747,0.0829,0.006,-0.0551,1563
Chemcon Special.,543233,CHEMCON,Chemicals & Petrochemicals,0.1757,0.1899,0.1452,0.0386,0.043,0.1721,0.0758,1.1068,0.05,34.07,7.93,6.4,15.73,-0.1967,0.4853,0.05,0.0089,0.007,1578
Balaji Amines,530999,BALAMINES,Chemicals & Petrochemicals,-0.0686,-0.1222,0.1526,-0.013,-0.0333,0.1489,0.1006,1.1779,0.01,30.56,-9.17,8.2,16.91,-0.333,0.2909,0.0883,-0.0366,0.1216,1635
Bhageria Indust.,530803,BHAGERIA,Chemicals & Petrochemicals,0.5831,0.8,0.1131,0.2022,0.4856,0.1013,0.123,1.0474,0.13,17.96,0.37,7,9.35,-0.1461,0.5898,0.0635,0.0274,-0.4221,1662
Swan Corp,503310,SWANCORP,Chemicals & Petrochemicals,0.0626,-0.8623,0.022,0.0145,-3.0911,0.2676,0.1207,3.1562,0.38,21.75,-0.07,59.1,10.13,-0.4547,0.2192,-0.0447,-0.1148,3.0464,1678
Manali Petrochem,500268,MANALIPETC,Chemicals & Petrochemicals,-0.0239,0.1014,0.0973,-0.0064,0.0429,0.0654,0.0413,-0.3411,0.12,36.82,8.58,19,11.61,-0.1338,0.4293,0.0292,0.0067,-0.0137,1725
Prem. Explosives,526247,PREMEXPLN,Chemicals & Petrochemicals,0.7155,1.5302,0.1469,0.1421,0.3905,0.123,0.1917,2.4382,0.18,79.4,2.03,69,44.1,-0.1426,0.8982,0.1225,-0.0129,-0.268,1771
SRF,503806,SRF,Chemicals & Petrochemicals,0.063,0.9272,0.2127,0.0388,0.2945,0.1641,0.1374,1.197,0.35,53.34,1.81,192.8,27.39,-0.1246,0.3685,0.1037,-0.0185,-0.1908,1874
DCW,500117,DCW,Chemicals & Petrochemicals,0.1033,12.048,0.1076,0.0132,0.665,0.0702,0.0471,1.6416,0.36,39.18,0.59,54.7,8.73,-0.4126,0.0686,0.0291,0.0128,-0.6359,1908
Paushak,532742,BOM:532742,Chemicals & Petrochemicals,0.0744,0.1668,0.3194,0.0183,0.1979,0.2891,0.1684,0.7464,0.05,36.24,1.83,9.8,24.25,-0.2421,0.6043,0.0976,-0.0287,-0.1003,1915
Chemplast Sanmar,543336,CHEMPLASTS,Chemicals & Petrochemicals,-0.0393,-3.6894,0.0155,-0.0104,0.7763,-0.0119,-0.0552,2.6241,0.89,,0,46.1,45.75,-0.2806,0.0739,-0.0593,0.0399,-0.8356,1935
Archean Chemical,543657,ACI,Chemicals & Petrochemicals,0.3746,-0.1041,0.2671,0.0765,0.091,0.2438,0.1496,0.706,0.13,41.66,4.58,52.6,22.75,-0.1195,0.575,0.098,-0.0947,0.007,1989
S H Kelkar & Co.,539450,SHK,Chemicals & Petrochemicals,0.2346,0.4697,0.1257,0.052,0.3668,0.0967,0.1268,0.0767,0.65,23.04,0.63,32.8,11.95,-0.3197,0.5385,0.077,-0.031,-0.2898,2039
Tata Chemicals,500770,TATACHEM,Chemicals & Petrochemicals,-0.0305,-0.4938,0.1385,-0.0129,0.2378,0.0862,0.0182,1.526,0.34,69.25,2.91,25.7,12.31,-0.2359,0.1716,0.012,-0.011,-0.2258,2056
T N Petro Prod.,500777,TNPETRO,Chemicals & Petrochemicals,0.0021,3.1173,0.1021,0.0005,0.5841,0.0559,0.0883,3.079,0.15,14.79,0.25,10.4,6.5,-0.0946,0.8476,0.051,-0.0169,-0.5331,2059
Anupam Rasayan,543275,ANURAS,Chemicals & Petrochemicals,1.4881,1.6629,0.1857,0.4666,0.621,0.1997,0.0622,-0.0972,0.38,80.04,1.29,43.1,23.71,-0.1119,0.7689,0.0332,-0.0159,-0.5878,2086
Thirumalai Chem.,500412,TIRUMALCHM,Chemicals & Petrochemicals,-0.1886,-12.78,-0.0594,-0.051,1.3356,-0.0298,-0.0374,-9.674,1.55,,0,24.9,390.15,-0.3046,0.3648,-0.0413,-0.0081,-1.3769,2125
Tatva Chintan,543321,TATVA,Chemicals & Petrochemicals,0.4795,16.0303,0.1799,0.1344,2.0906,0.0606,0.0317,2.7021,0.05,196.54,0.94,11,59.98,-0.0584,1.4434,0.0078,-0.0408,-2.0828,2158
Sudarshan Chem.,506655,SUDARSCHEM,Chemicals & Petrochemicals,2.9565,0.6038,0.0767,0.5599,0.7867,0.0631,0.0439,0.1531,0.69,71.09,0.9,20.4,17.57,-0.2905,0.4302,0.0307,-0.0823,-0.756,2170
POCL Enterprises,539195,BOM:539195,Chemicals & Petrochemicals,0.024,0.8535,0.0525,0.006,0.2007,0.0461,0.4705,0.659,1.1,18.4,0.92,19.6,11.02,-0.2288,0.669,0.3751,0.0788,0.1744,LOW LIQUIDITY
Chembond Chemic.,544450,CHEMBONDCH,Chemicals & Petrochemicals,-0.0265,0.0492,0.1461,0,0,0.1445,0.2446,0.2304,0,13.31,,6,8.26,-0.3766,0.0253,0.1923,0.0648,0.1923,LOW LIQUIDITY
Amal,506597,BOM:506597,Chemicals & Petrochemicals,0.7964,0.0958,0.1593,0.375,0.3097,0.2318,0.366,1.4199,0,23.09,0.75,9.8,17.07,-0.3693,0.7976,0.3503,0.3261,0.0406,LOW LIQUIDITY
Pasupati Acrylon,500456,PASUPTAC,Chemicals & Petrochemicals,0.3957,-0.8444,0.0279,0.0986,-0.2685,0.0591,0.0824,0.1336,0.3,17.73,-0.66,11.2,11.07,-0.1375,0.3715,0.1021,0.0612,0.3706,LOW LIQUIDITY
Bhansali Engg.,500052,BEPL,Chemicals & Petrochemicals,-0.114,-0.1269,0.151,-0.0529,-0.0737,0.1719,0.2199,0.4459,0,14.45,-1.96,57.6,9.75,-0.3869,0.0741,0.187,0.0068,0.2607,LOW LIQUIDITY
I G Petrochems,500199,IGPL,Chemicals & Petrochemicals,-0.2018,-1.0764,0.0434,-0.1055,-0.6924,0.039,0.0299,1.4875,0.31,38.67,-0.56,3,10.37,-0.3814,0.1312,0.0817,0.0515,0.7741,LOW LIQUIDITY
Keltech Energies,506528,BOM:506528,Chemicals & Petrochemicals,0.1148,0.2163,0.0847,0.0302,0.0594,0.0776,0.3976,-0.4716,0.31,17.43,2.93,0.4,10.29,-0.1146,0.8512,0.2223,0.0093,0.1629,LOW LIQUIDITY
Jubilant Agri,544355,JUBLCPL,Chemicals & Petrochemicals,0.2601,0.6926,0.1246,0.1359,0.4014,0.0993,0.367,0.9714,0.1,31.68,0.79,14.2,20.76,-0.1463,1.5376,0.3149,0.3149,-0.0865,LOW LIQUIDITY
Agarwal Indl.,531921,AGARIND,Chemicals & Petrochemicals,-0.1612,-0.6659,0.0609,-0.0476,-0.2154,0.0605,0.1415,0.6109,0.69,13.96,-0.65,3,8.65,-0.395,0.0912,0.2009,-0.035,0.4163,LOW LIQUIDITY
Epigral,543332,EPIGRAL,Chemicals & Petrochemicals,-0.0686,0.865,0.2694,-0.0175,0.2243,0.2307,0.2119,0.7512,0.31,16.7,0.74,16.3,10.81,-0.2557,0.111,0.223,0.0544,-0.0013,LOW LIQUIDITY
Kronox Lab,544187,KRONOX,Chemicals & Petrochemicals,-0.0357,0.0211,0.3281,-0.009,0.0051,0.3464,0.4147,0.8958,0,21.11,41.36,22.3,14.85,-0.3634,0.1203,0.3257,-0.0588,0.3206,LOW LIQUIDITY
Nikhil Adhesives,526159,BOM:526159,Chemicals & Petrochemicals,-0.2339,-0.2917,0.0678,-0.0645,-0.0595,0.0529,0.1247,0.2264,0.46,32.83,-5.52,18.4,15.75,-0.124,0.4304,0.138,0.0151,0.1975,LOW LIQUIDITY
Oriental Aromat.,500078,OAL,Chemicals & Petrochemicals,0.0452,-0.9545,0.0801,0.0035,-0.3072,0.069,0.047,-0.469,0.53,46.88,-1.53,5.7,15.99,-0.4867,0.3158,0.0531,0.0386,0.3603,LOW LIQUIDITY
Jyoti Resins,514448,BOM:514448,Chemicals & Petrochemicals,0.0856,-0.0736,0.2748,0.0209,-0.0181,0.3347,0.4304,0.1492,0,20.22,-11.14,7.7,13.3,-0.2216,0.2092,0.3735,-0.1195,0.3916,LOW LIQUIDITY
Asahi Songwon,532853,ASAHISONG,Chemicals & Petrochemicals,0.1162,-0.3888,0.0703,0.0277,-0.1126,0.0671,0.0775,1.384,0.66,18.27,-1.62,1.5,8.41,-0.441,0.07,0.0815,0.0918,0.1941,LOW LIQUIDITY
Tuticorin Alkali,506808,BOM:506808,Chemicals & Petrochemicals,0.053,-0.2571,0.245,0.0124,-0.1903,0.2076,0.1201,-0.1231,0.69,23.47,-1.23,72.7,12.91,-0.3826,0.0803,0.4021,-1.2546,0.5924,LOW LIQUIDITY
GOCL Corpn.,506480,GOCLCORP,Chemicals & Petrochemicals,-0.1172,-0.003,-1.7729,-0.5131,-0.1621,0.761,0.0661,0.0842,0.71,18.2,-1.12,5.3,12.88,-0.2347,0.4006,0.0745,0.0415,0.2366,LOW LIQUIDITY
Shiv Texchem,544272,BOM:544272,Chemicals & Petrochemicals,0.2696,0.4756,0.0435,0,0,0.0405,0.1541,-1.3026,1.23,8.61,,2.9,6.47,-0.5715,0.2674,0.183,-0.0074,0.183,LOW LIQUIDITY
Alufluoride,524634,BOM:524634,Chemicals & Petrochemicals,0.0306,0.1877,0.2544,0.062,0.0427,0.1602,0.2093,0.4239,0.29,17.85,4.18,2.5,9.56,-0.1403,0.2463,0.2079,-0.0142,0.1652,LOW LIQUIDITY
Kothari Petroche,,KOTHARIPET,Chemicals & Petrochemicals,0.1091,-0.0919,0.1424,0.0833,-0.0272,0.1376,0.3111,0.7053,0.01,13.25,-4.87,16.3,8.84,-0.3432,0.0914,0.2382,-0.0533,0.2654,LOW LIQUIDITY
DIC India,500089,DICIND,Chemicals & Petrochemicals,-0.0668,-0.2979,0.0413,-0.0052,-0.178,0.0269,0.0472,0.6101,0.01,30.08,-1.69,1,10.28,-0.3811,0.0515,0.0466,0.0508,0.2246,LOW LIQUIDITY
Sudarshan Pharma,543828,BOM:543828,Chemicals & Petrochemicals,0.3133,-0.3807,0.0545,0.1709,0.0954,0.0767,0.1771,0.8757,1.56,33.61,3.52,114.1,18.16,-0.4843,0.2356,0.1483,0.0405,0.0529,LOW LIQUIDITY
Indo Amines,524648,INDOAMIN,Chemicals & Petrochemicals,0.0855,0.4935,0.1089,0.0209,0.1902,0.1,0.2153,0.3567,0.9,14.78,0.78,22.3,9.7,-0.3647,0.4095,0.1901,0.0226,-0.0001,LOW LIQUIDITY
Foseco India,500150,FOSECOIND,Chemicals & Petrochemicals,0.2579,0.1638,0.1727,0.1109,0.1157,0.1896,0.3023,0.426,0,44.4,3.84,6.3,27.76,-0.1687,0.7757,0.233,-0.0102,0.1173,LOW LIQUIDITY
Indo Borax & Ch.,524342,INDOBORAX,Chemicals & Petrochemicals,0.0766,-0.2719,0.2279,0.0217,-0.0899,0.3016,0.2225,-1.2235,0,20.49,-2.28,7.6,13.22,-0.1815,0.7476,0.1352,-0.0045,0.2251,LOW LIQUIDITY
Gujarat Alkalies,530001,GUJALKALI,Chemicals & Petrochemicals,0.1308,0.6905,0.086,0.0314,-0.4821,0.0049,-0.0067,-17.3975,0.1,,0,5.3,10.9,-0.3704,0.1624,-0.0113,0.0275,0.4708,LOW LIQUIDITY
Amines & Plast.,506248,AMNPLST,Chemicals & Petrochemicals,0.0204,-0.142,0.0926,0.0042,-0.0288,0.0943,0.1923,0.4507,0.3,29.6,-10.27,25,17.74,-0.3884,0.1546,0.1711,-0.0267,0.1999,LOW LIQUIDITY
Valiant Organics,540145,VALIANTORG,Chemicals & Petrochemicals,0.2173,18.2273,0.1215,0.0508,-2.6823,0.0466,0.0073,2.2488,0.32,165.91,-0.62,3.5,14.5,-0.4137,0.3244,-0.0045,0.0069,2.6778,LOW LIQUIDITY
Vidhi Specialty,531717,VIDHIING,Chemicals & Petrochemicals,0.0594,0.5035,0.2337,0.0129,0.098,0.1781,0.2155,-0.0728,0.22,34.44,3.51,27.2,21.96,-0.4235,0.0053,0.1494,0.0118,0.0514,LOW LIQUIDITY
Elantas Beck,500123,BOM:500123,Chemicals & Petrochemicals,0.1797,0.167,0.2179,0.1083,-0.0097,0.2245,0.1847,0.3435,0,58.53,-60.04,6.9,38.81,-0.2859,0.2515,0.1745,-0.0317,0.1842,LOW LIQUIDITY
Black Rose Indus,514183,BOM:514183,Chemicals & Petrochemicals,-0.391,-0.1123,0.0969,-0.0982,-0.0246,0.0825,0.1768,-0.4212,0.07,28.95,-11.75,19.9,18.47,-0.1597,0.3425,0.1417,-0.0145,0.1663,LOW LIQUIDITY
Shankar Lal Ram.,542232,SRD,Chemicals & Petrochemicals,0.2384,0.2184,0.0464,0.0586,0.0667,0.0406,0.15,-0.77,0.16,34.87,5.23,24.7,25.39,-0.3168,0.2735,0.1094,0.0413,0.0427,LOW LIQUIDITY
Vinyl Chemicals,524129,VINYLINDIA,Chemicals & Petrochemicals,0.0103,-0.4386,0.0176,-0.0046,0.0348,0.0429,0.2226,0.9186,0,25.64,7.36,7.6,18.45,-0.2889,0.2748,0.1557,-0.0092,0.1209,LOW LIQUIDITY
Nitta Gelatin,506532,BOM:506532,Chemicals & Petrochemicals,0.0433,-0.0568,0.1864,0.0149,-0.0055,0.1865,0.2542,0.7426,0.07,10.14,-18.57,1.6,5.65,-0.1702,0.303,0.1962,-0.0756,0.2017,LOW LIQUIDITY
Beezaasan Exp.,544369,BOM:544369,Chemicals & Petrochemicals,0.1636,0.7977,0.0677,0,0,0.0863,0.1693,0.2101,0.23,28.11,,4.3,15.31,-0.1446,0.6958,0.1894,-0.0749,0.1894,LOW LIQUIDITY
Fineotex Chem,533333,FCL,Chemicals & Petrochemicals,-0.034,-0.137,0.1838,-0.009,-0.0365,0.2575,0.3314,0.4872,0,28.32,-7.76,462.4,19.96,-0.33,0.3404,0.1837,-0.1174,0.2202,LOW LIQUIDITY
Galaxy Surfact.,540935,GALAXYSURF,Chemicals & Petrochemicals,0.312,-0.0029,0.0969,0.0726,-0.0033,0.0889,0.1808,1.0495,0.09,26.3,-79.6,12,15.53,-0.2745,0.1185,0.1346,-0.0144,0.1379,LOW LIQUIDITY
Uniphos Enter.,500429,UNIENTER,Chemicals & Petrochemicals,0.934,-3.9333,-0.1433,0.0254,-2.1429,0.0082,-0.0019,-1.7548,0,,0,2.6,611.42,-0.2215,0.2185,0.0001,-0.0147,2.143,LOW LIQUIDITY
Rain Industries,500339,RAIN,Chemicals & Petrochemicals,0.075,1.7794,0.143,0.0263,-0.2608,0.0571,-0.0062,2.7203,1.39,,0,21.6,7.18,-0.3203,0.1439,-0.0808,0.0387,0.18,LOW LIQUIDITY
Transpek Inds.,506687,BOM:506687,Chemicals & Petrochemicals,0.0156,0.6771,0.1559,0.0037,0.0004,0.1259,0.1353,1.6474,0.13,14.29,393.05,0.6,5.9,-0.255,0.28,0.0775,0.0167,0.0771,LOW LIQUIDITY
Heubach Colorant,506390,HEUBACHIND,Chemicals & Petrochemicals,-0.1615,-0.0945,0.0971,0.0025,0.1928,0.1113,0.1593,1.391,0.04,16.76,0.87,4.8,8.67,-0.1926,0.0025,0.1162,0.0253,-0.0766,LOW LIQUIDITY
DMCC Speciality,506405,DMCC,Chemicals & Petrochemicals,0.4887,4.5755,0.1329,0.0967,0.2828,0.1054,0.1344,0.9056,0.32,26.28,0.93,8.1,12.01,-0.3503,0.2186,0.0997,0.0708,-0.1831,LOW LIQUIDITY
OCCL,544278,OCCLLTD,Chemicals & Petrochemicals,0.1609,0.1571,0.1607,0.4554,0.6665,0.1217,0.0968,2.0433,0.18,15.85,0.24,6.9,7.74,-0.2906,0.7837,0.1084,0.1084,-0.5581,LOW LIQUIDITY
Jayant Agro Org.,524330,JAYAGROGN,Chemicals & Petrochemicals,-0.0616,0.0386,0.0452,-0.0175,0.0107,0.037,0.1207,1.2888,0.19,12.42,11.56,3.6,7.07,-0.2918,0.1423,0.0982,0.0004,0.0875,LOW LIQUIDITY
Fairchem Organic,543252,FAIRCHEMOR,Chemicals & Petrochemicals,-0.2054,-0.9155,0.0399,-0.063,-0.5819,0.0333,0.0336,-0.4944,0.21,105.38,-1.81,4.2,37.89,-0.4252,0.016,0.0751,-0.0723,0.657,LOW LIQUIDITY
Dynemic Products,532707,DYNPRO,Chemicals & Petrochemicals,0.1796,0.7302,0.1352,0.0392,0.1338,0.0905,0.0783,0.8912,0.43,22,1.64,2.1,9.18,-0.3872,0.2498,0.0704,0.0515,-0.0634,LOW LIQUIDITY
Chemfab Alka.,541269,CHEMFAB,Chemicals & Petrochemicals,-0.0652,-2.7925,0.0713,0.0289,-0.857,0.046,0.013,2.76,0.22,665.42,-7.76,3.2,18.98,-0.5034,0.0497,0.0233,-0.0465,0.8803,LOW LIQUIDITY
Titan Biotech,524717,BOM:524717,Chemicals & Petrochemicals,0.0786,0.0719,0.188,0.0217,0.0218,0.1605,0.2335,0.7994,0.02,37.27,17.07,4.4,27.3,-0.3007,1.6556,0.1501,-0.0541,0.1283,LOW LIQUIDITY
Ultramarine Pig.,506685,BOM:506685,Chemicals & Petrochemicals,0.1485,0.2207,0.1724,0.0343,0.0512,0.1542,0.1903,0.8434,0.1,16.52,3.23,3.9,9.82,-0.2752,0.1153,0.0799,0.0099,0.0287,LOW LIQUIDITY
TGV Sraac,507753,BOM:507753,Chemicals & Petrochemicals,0.2951,1.819,0.1926,0.064,0.289,0.1,0.1133,1.2663,0.3,10.62,0.37,11.3,5.14,-0.1807,0.329,0.0801,0.0524,-0.2089,LOW LIQUIDITY
HP Adhesives,543433,HPAL,Chemicals & Petrochemicals,0.0927,-0.2504,0.1,0.0225,-0.052,0.0921,0.1282,0.3932,0.04,27.66,-5.32,22.7,15.95,-0.4297,0.1587,0.0982,-0.0275,0.1502,LOW LIQUIDITY
Sr.Rayala.Hypo,532842,SRHHYPOLTD,Chemicals & Petrochemicals,0.069,0.3109,0.1581,0.0182,0.0674,0.2136,0.2117,0.6771,0.02,9.1,1.35,1.7,3.92,-0.381,0.1612,0.1103,-0.0037,0.0429,LOW LIQUIDITY
Excel Industries,500650,EXCELINDUS,Chemicals & Petrochemicals,0.1684,0.0883,0.1364,0.0456,0.1201,0.1164,0.1781,0.5742,0.01,15.71,1.31,1.1,8.96,-0.3744,0.3788,0.0521,0.0421,-0.068,LOW LIQUIDITY
Indokem,504092,BOM:504092,Chemicals & Petrochemicals,0.1241,1.5072,0.0431,0.0258,0.672,0.0449,0.068,0.8227,0.36,407.45,6.06,96.5,205.5,-0.0052,9.5793,0.0521,0.1555,-0.6199,LOW LIQUIDITY
Vipul Organics,530627,BOM:530627,Chemicals & Petrochemicals,-0.0121,0.114,0.1005,-0.0028,0.1039,0.0565,0.1077,0.0723,0.73,70.9,6.83,9,23.97,-0.2669,0.5737,0.0678,0.0142,-0.0361,LOW LIQUIDITY
Blue Pearl Agri,514440,BOM:514440,Chemicals & Petrochemicals,0.914,0.08,0.0297,0.1594,0.0313,0.0195,0.0132,-76.9103,0,7946.49,2542.88,5244.7,6555.44,-0.2406,7.0369,0.0212,0.0212,-0.0101,LOW LIQUIDITY
Plastiblends (I),523648,PLASTIBLEN,Chemicals & Petrochemicals,0.0392,0.1791,0.0564,0.0229,0.0336,0.0584,0.1021,0.203,0.05,13.99,4.17,2.7,7.89,-0.3937,0.0418,0.0758,-0.0068,0.0422,LOW LIQUIDITY
Bhatia Colour,543497,BOM:543497,Chemicals & Petrochemicals,0.0788,-0.1558,0.0588,0,0,0.0574,0.0612,-0.9705,0.26,157.59,,8.8,77.12,-0.0384,1.7949,0.0517,-0.0053,0.0517,LOW LIQUIDITY
Bodal Chemicals,524370,BODALCHEM,Chemicals & Petrochemicals,0.0764,9.0763,0.1048,0.0185,0.0936,0.0655,0.0201,1.032,0.82,25.18,2.69,8.6,8.8,-0.2627,0.2115,0.0251,0.0138,-0.0685,LOW LIQUIDITY
Lords Chloro,500284,LORDSCHLO,Chemicals & Petrochemicals,0.5406,4.359,0.2037,0.1301,1.6075,0.0913,0.0561,0.6963,0.73,37.04,0.23,7.5,16.1,-0.1182,0.7842,0.0325,0.061,-1.575,LOW LIQUIDITY
Mangalam Organic,514418,MANORG,Chemicals & Petrochemicals,0.2421,6.3234,0.1475,0.0539,0.8381,0.094,0.0768,-0.2057,0.93,18.73,0.22,1.3,9.59,-0.2254,0.4944,0.0439,0.028,-0.7942,LOW LIQUIDITY
Primo Chemicals,506852,PRIMO,Chemicals & Petrochemicals,0.1641,1.3627,0.1437,0.0475,4.4754,0.073,0.054,1.7232,0.43,29.55,0.07,34.6,7.66,-0.4787,0.1294,0.0089,0.0736,-4.4665,LOW LIQUIDITY
Vikas Ecotech,530961,VIKASECO,Chemicals & Petrochemicals,0.0247,-0.7717,0.0452,0.0108,0.1115,0.0403,0.0646,-4.5963,0.07,36.68,3.29,148.2,16.93,-0.4904,0.1772,0.021,-0.0005,-0.0905,LOW LIQUIDITY
Sunshield Chem.,530845,BOM:530845,Chemicals & Petrochemicals,0.3174,1.2665,0.1145,0.1788,0.4691,0.0877,0.2139,1.7672,0.81,42.1,0.9,7.4,20.52,-0.0989,0.7575,0.1639,-0.0905,-0.3052,LOW LIQUIDITY
Aarti Surfactant,543210,AARTISURF,Chemicals & Petrochemicals,0.5055,0.3243,0.0539,0.11,0.0863,0.0403,0.0596,0.3971,0.47,30.6,3.55,1.4,10.53,-0.3937,0.173,0.0514,-0.0591,-0.0349,LOW LIQUIDITY
Evexia Lifecare,524444,BOM:524444,Chemicals & Petrochemicals,0.0405,1.625,0.0489,-0.1482,0.8817,0.0305,0.0242,0.1151,0.84,192.02,2.18,137.2,190.57,-0.5932,0.0848,0.0032,-0.0094,-0.8785,LOW LIQUIDITY
Andhra Sugars,590062,ANDHRSUGAR,Chemicals & Petrochemicals,0.1307,5.8782,0.0922,0.0935,1.0015,0.0542,0.0596,2.1138,0,13.76,0.14,9.1,5.31,-0.2415,0.2519,0.0251,-0.0219,-0.9764,LOW LIQUIDITY
Vikram Thermo,530477,BOM:530477,Chemicals & Petrochemicals,-0.0819,0.3785,0.3955,-0.0201,3.2647,0.3556,0.504,0.5365,0.05,16.85,0.05,14.3,11.97,-0.1869,0.3875,0.0653,-0.1839,-3.1994,LOW LIQUIDITY
National Perox.,544205,BOM:544205,Chemicals & Petrochemicals,-0.1133,-0.4265,0.0659,-0.056,3.8417,-0.0233,-0.0182,24.5658,0.04,,0,,22.53,-0.3745,0.0652,-0.0039,-0.0511,-3.8456,LOW LIQUIDITY
Yasho Industries,541167,YASHO,Chemicals & Petrochemicals,0.1386,2.4797,0.1686,0.0415,1.0943,0.1104,0.0161,-0.6191,1.39,161.79,1.48,5.7,19.7,-0.301,0.0571,0.0163,-0.2012,-1.078,LOW LIQUIDITY
Andhra Petrochem,500012,BOM:500012,Chemicals & Petrochemicals,0.6074,1.5895,0.0055,0.1498,1.2525,-0.06,-0.0734,5.8125,0.15,,0,7.4,-14.34,-0.3862,0.1158,-0.0275,-0.1469,-1.28,LOW LIQUIDITY
Sacheerome,,SACHEEROME,Chemicals & Petrochemicals,0,0,,0,0,0.2026,0.3578,1.0317,0.06,30.95,,,21.06,-0.1053,0.573,0.2959,0.0351,0.2959,
Clean Science,543318,CLEAN,Chemicals & Petrochemicals,0.012,0.0611,0.4577,0.0028,0.0151,0.4292,0.6797,0.7141,0,35.07,23.25,75.8,23.52,-0.3886,0,0.2188,-0.0006,0.2037,
Neptune Pet.,,NEPTUNE,Chemicals & Petrochemicals,0,0,,0,0,0.036,0.5106,1.6554,0.16,15.25,,,8.88,-0.0914,0.3381,0.5083,-0.4582,0.5083,
Grauer & Weil,505710,GRAUWEIL,Chemicals & Petrochemicals,-0.041,-0.14,0.2076,-0.0095,-0.0214,0.1822,0.2334,0.6922,0.01,25.08,-11.73,181.6,14.52,-0.2707,0.0641,0.1758,-0.0204,0.1972,
Ducol Organics,,DUCOL,Chemicals & Petrochemicals,0.0248,-0.7726,0.0428,0,0,0.1116,0.0723,2.1495,0.31,68.95,,5.7,26.28,-0.0439,1.0963,0.0598,-0.0005,0.0598,
Godfrey Phillips,500163,GODFRYPHLP,Cigarettes & Tobacco Products,-0.0524,0.1871,0.2438,0.0582,0.3471,0.2744,0.4974,0.0814,0.03,36.71,1.06,125,26.64,-0.2417,1.1833,0.1993,0.009,-0.1478,968
VST Industries,509966,VSTIND,Cigarettes & Tobacco Products,-0.0664,0.245,0.2339,-0.0339,0.0488,0.2122,0.2854,0.7206,0,19.64,4.02,58.4,13.01,-0.3113,0.092,0.1646,-0.0817,0.1158,1445
Elitecon Inter.,539533,BOM:539533,Cigarettes & Tobacco Products,0,0,0.1398,0,0,0.1272,0.4351,-0.0004,0.02,392.2,,27318.4,381.49,-0.5956,32.5098,0,0,0,1850
AWFIS Space,544181,AWFIS,Commercial Services & Supplies,0.2986,2.5771,0.378,0.0637,0.0491,0.1598,0.037,1.9669,3.08,84.44,17.19,65.2,10.86,-0.2715,0.0817,0.2607,0.2607,0.2116,121
MSTC,542597,MSTCLTD,Commercial Services & Supplies,0.1215,0.0785,0.564,0.0269,0.1059,0.7948,0.7269,1.0619,0.2,17.23,1.63,35.8,9.83,-0.3418,0.2975,0.2837,0.0534,0.1778,167
Updater Services,543996,UDS,Commercial Services & Supplies,0.0726,-0.2927,0.0433,0.0356,-0.0391,0.0491,0.1562,0.3289,0.05,11.91,-3.05,9,6.7,-0.5367,0.0195,0.1317,0.021,0.1708,518
EFC (I),512008,EFCIL,Commercial Services & Supplies,1.1521,1.2743,0.4652,0.179,0.1708,0.3827,0.1957,0.5445,1.62,21.4,1.25,51.7,8.87,-0.2415,0.6542,0.2327,0.0005,0.0619,646
Vintage Coffee,538920,VINCOFE,Commercial Services & Supplies,0.8951,1.3742,0.1647,0.3954,0.504,0.1685,0.1211,-0.4508,0.17,35.63,0.71,53,25.94,-0.0419,1.1973,0.1705,0.0833,-0.3335,805
CMS Info Systems,543441,CMSINFO,Commercial Services & Supplies,-0.0255,-0.1932,0.2258,0.005,-0.0048,0.2024,0.2252,0.9678,0.1,15.69,-32.41,39.5,8.4,-0.3875,0.0242,0.1706,-0.0229,0.1754,814
Tara Chand Infra,,TARACHAND,Commercial Services & Supplies,0.1693,0.036,0.3789,0.1005,0.2768,0.1619,0.0906,1.5727,0.96,24.02,0.87,37.8,7.84,-0.2054,0.7716,0.1958,0.0144,-0.081,855
NESCO,505355,NESCO,Commercial Services & Supplies,0.3678,0.3786,0.571,0.071,0.0307,0.6701,0.3146,0.6704,0,22.29,7.26,24,15.55,-0.225,0.5085,0.1582,-0.0127,0.1275,970
eClerx Services,532927,ECLERX,Commercial Services & Supplies,0.208,0.3062,0.2698,0.0968,0.183,0.2317,0.285,0.9034,0.15,37.22,2.03,42.7,22.17,-0.0424,1.203,0.228,-0.0261,0.045,1093
South West Pinn.,543986,SOUTHWEST,Commercial Services & Supplies,1.2822,19.9,0.2311,0.2502,0.6707,0.1814,0.1833,0.9464,0.38,21.44,0.32,9.3,11,-0.0322,0.8719,0.1021,0.0326,-0.5686,1466
Redington,532805,REDINGTON,Commercial Services & Supplies,0.1679,0.3242,0.0203,0.0891,0.1668,0.0201,0.2116,0.1357,0.29,15.92,0.95,188.7,9.58,-0.1692,0.5726,0.1439,-0.0239,-0.0229,1564
Arunis Abode,526935,BOM:526935,Commercial Services & Supplies,0,60.1111,0.4206,,-44.8333,0.4375,0.9968,2.0263,0.13,92.11,-0.02,390.7,80.34,-0.0262,35.3985,-0.0188,-0.081,44.8145,1571
Chandrima Mercan,540829,BOM:540829,Commercial Services & Supplies,-0.2944,-0.3438,0.0975,-0.063,-0.3014,0.0091,0.0087,-54.6571,0.03,667.66,-22.15,111.6,1374.36,0,3.3489,0.0098,-0.0625,0.3112,1656
Smartworks Cowor,544447,SMARTWORKS,Commercial Services & Supplies,0.2099,0.8176,0.6356,0,0,0.1858,-0.0218,3.6364,34.64,,,,11.79,-0.0322,0.5255,-0.8199,0.4055,-0.8199,1821
Quess Corp,539978,QUESS,Commercial Services & Supplies,0.0342,0.0152,0.02,0.0128,0.193,0.0172,0.2667,1.5489,0.1,15.73,0.82,45.8,10.58,-0.4093,0,0.0916,-0.0123,-0.1014,1826
Wework India,544570,WEWORK,Commercial Services & Supplies,0,0,,0,0,0.2518,0.0523,2.6439,1.48,47.3,,,6.58,-0.0627,0.0391,0,0,0,1850
Hemisphere Prop,543242,HEMIPROP,Commercial Services & Supplies,0.0435,-0.7745,-10.5,0.0549,0.2819,-5.1354,-0.0204,5.2853,0.2,,0,250.5,-823.9,-0.289,0.2415,-0.0199,0.0073,-0.3018,1992
Sanghvi Movers,530073,SANGHVIMOV,Commercial Services & Supplies,0.815,0.2413,0.3642,0.1569,0.2623,0.2835,0.1796,0.7763,0.38,19.87,0.76,25,9.61,-0.1095,0.862,0,0,-0.2623,1996
One Point One,,ONEPOINT,Commercial Services & Supplies,0.1285,0.2421,0.2185,0.0307,0.2655,0.1964,0.177,0.6577,0.12,36.64,1.38,83.1,16.78,-0.3029,0.1897,0.1015,-0.115,-0.164,2084
Indiabulls Enter,543715,IEL,Commercial Services & Supplies,-0.1156,-0.7211,-0.1079,-0.0146,0.0616,-2.5312,0.6893,-0.2628,1.02,,0,-39.1,-5.47,-0.2912,0.4698,-4.8314,-4.7699,-4.893,2271
RRP Defense,530929,BOM:530929,Commercial Services & Supplies,-1,-11,,-0.1493,-0.193,0.1507,0.6321,-0.2468,0.56,1438.91,-74.56,97.5,987.66,0,53.9516,0.8702,0.8281,1.0632,LOW LIQUIDITY
Nirlon,500307,BOM:500307,Commercial Services & Supplies,0.0415,0.1722,0.784,0.0102,0.0374,0.7251,0.1667,1.0528,3.21,19.95,5.33,114.2,10.53,-0.1836,0.2586,0.5988,0.0682,0.5614,LOW LIQUIDITY
IIRM Holdings,526530,BOM:526530,Commercial Services & Supplies,0.2377,-0.3083,0.228,0.0621,-0.1813,0.1401,0.1825,0.1769,0.22,28.89,-1.59,27.4,11.47,-0.47,0.1171,0.1862,0.1862,0.3675,LOW LIQUIDITY
Radiant Cash,543732,RADIANTCMS,Commercial Services & Supplies,0.0018,-0.3235,0.0966,0.0004,-0.0749,0.1419,0.2357,0.4883,0.43,12.91,-1.72,21.7,5.93,-0.3619,0.0531,0.1767,0.1767,0.2516,LOW LIQUIDITY
Alldigi Tech,532633,ALLDIGI,Commercial Services & Supplies,0.1217,0.497,0.2444,0.056,0.048,0.1771,0.4587,1.2328,0.24,18.54,3.87,7.9,8.63,-0.2103,0.0706,0.2734,0.0136,0.2254,LOW LIQUIDITY
Kapston Services,,KAPSTON,Commercial Services & Supplies,0.2389,0.8373,0.0478,0.0533,0.1579,0.0421,0.1737,-0.288,1.9,28.21,1.79,13.3,21.17,-0.1019,0.5079,0.2219,0.0289,0.064,LOW LIQUIDITY
Banganga Paper,512025,BOM:512025,Commercial Services & Supplies,0,0,0.0742,0.3643,0.3511,0.0589,0.1609,-0.6762,0.64,183.98,5.24,359.4,73.66,-0.5679,0.0003,0.2366,0.2366,-0.1145,LOW LIQUIDITY
Onesource Indus.,530805,BOM:530805,Commercial Services & Supplies,3.6605,7.9091,0.0659,0.2256,0.7611,0.0315,0.8333,0.1699,0.01,260.36,3.42,6476.4,191.2,-0.3834,7.5214,0.3266,0.3127,-0.4345,LOW LIQUIDITY
EKI Energy,543284,BOM:543284,Commercial Services & Supplies,-0.9162,-1.5496,-0.2537,-0.4018,-0.9587,-0.0056,-0.0012,12.9939,0,,0,2.2,9.6,-0.691,0.3711,-0.0364,0.2452,0.9223,LOW LIQUIDITY
Monarch Surve.,544453,BOM:544453,Commercial Services & Supplies,0,0,,0,0,0.3161,0.7317,0.4907,0.13,10.59,,,7.17,-0.4011,0.2707,0.3811,-0.1285,0.3811,LOW LIQUIDITY
International Ge,544311,IGIL,Commercial Services & Supplies,0.2143,0.1842,0.58,0.1151,0.1955,0.5986,0.5577,0.6621,0.11,30.33,1.55,541.6,20.86,-0.4412,0.2727,0.5437,-0.2223,0.3482,LOW LIQUIDITY
Hinduja Global,532859,HGS,Commercial Services & Supplies,-0.0327,0.2439,0.0272,-0.0081,-1.6939,0.0705,-0.0059,1.5546,0.25,,0,1.4,4.17,-0.3597,0.1673,0.016,0.0031,1.7099,LOW LIQUIDITY
Oswal Agro Mills,500317,OSWALAGRO,Commercial Services & Supplies,-1,-0.1366,,0.1138,0.1187,0.8949,0.6698,0.3835,0,7.19,0.61,12.6,4.52,-0.3912,0.173,0.1262,0.1207,0.0075,LOW LIQUIDITY
Balgopal Commer.,539834,BOM:539834,Commercial Services & Supplies,-1,-0.567,,-0.0893,-0.2338,9.7059,0.4202,-1.5737,0,105.6,-4.52,14.6,88.06,-0.1596,3.3447,0.1265,-0.0444,0.3603,LOW LIQUIDITY
Mehai Technology,540730,BOM:540730,Commercial Services & Supplies,8.2111,5.6,0.1451,0.1368,0.1123,0.1107,0.2123,-1.6908,0.39,37.05,3.3,197.6,22.19,-0.784,0,0.1063,0.0856,-0.006,LOW LIQUIDITY
Firstsour.Solu.,532809,FSL,Commercial Services & Supplies,0.2009,0.2879,0.1626,0.1019,0.1289,0.1134,0.1647,0.767,0.54,38.14,2.96,408.3,19.83,-0.1566,0.3207,0.1503,0.0048,0.0214,LOW LIQUIDITY
Krystal Integrat,544149,KRYSTAL,Commercial Services & Supplies,0.1705,-0.019,0.0661,0.0433,-0.0042,0.0722,0.2025,-0.4057,0.21,13.53,-32.57,2.6,8.97,-0.2989,0.4303,0.1498,-0.0308,0.154,LOW LIQUIDITY
Sunrise Efficie.,543515,BOM:543515,Commercial Services & Supplies,0.2151,0.0571,0.0919,0,0,0.0951,0.1823,-0.7555,0,53.5,,10.8,36.68,-0.1527,2.3161,0.1673,-0.0533,0.1673,LOW LIQUIDITY
RPSG Ventures,542333,RPSGVENT,Commercial Services & Supplies,0.1809,-0.1846,0.202,0.0474,-0.4975,0.1125,0.02,0.9977,2.31,,0,3.4,5.2,-0.3545,0.2228,-0.0202,-0.0034,0.4773,LOW LIQUIDITY
Sobhagya Mercant,512014,BOM:512014,Commercial Services & Supplies,0.9826,1.5545,0.1489,0.1848,0.2209,0.1565,0.343,-0.696,0.1,40.79,1.85,7.6,26.34,0,4.8229,0.2443,-0.0355,0.0234,LOW LIQUIDITY
Yamuna Syndicate,540980,BOM:540980,Commercial Services & Supplies,-0.0005,-0.1939,0.0238,-0.0002,-0.0508,1.7013,2.2859,-0.0655,0,10.13,-2,0,9.73,-0.25,0.3478,0.0931,-0.004,0.1439,LOW LIQUIDITY
ITCONS E-Soluti.,543806,BOM:543806,Commercial Services & Supplies,1.4459,0.7193,0.0619,0,0,0.087,0.3272,-4.7002,0.1,105.56,,5.2,64.82,-0.1775,0.3843,0.1281,-0.0183,0.1281,LOW LIQUIDITY
Ekansh Concept,531364,BOM:531364,Commercial Services & Supplies,-0.2492,0.7,0.1622,-0.0572,-3.4719,0.161,0.0859,7.1534,0.23,167.56,-0.48,11.5,60.81,-0.2088,1.528,-0.0188,-0.0213,3.4531,LOW LIQUIDITY
Texmaco Infrast.,505400,TEXINFRA,Commercial Services & Supplies,0.0686,8.3611,-0.1111,0.017,-0.4175,0.7385,0.3409,24.2592,0.02,,0,12.4,91.75,-0.3649,0.1869,-0.0051,-0.0101,0.4124,LOW LIQUIDITY
Riddhi Siddhi Gl,524480,BOM:524480,Commercial Services & Supplies,9.8422,-0.6281,-0.0016,1.0357,-3.7317,0.2984,0.0556,-0.3458,0.06,10.11,-0.03,0.2,5.56,-0.2003,0.1989,-0.0095,-0.0394,3.7222,LOW LIQUIDITY
BN Agrochem,526125,BOM:526125,Commercial Services & Supplies,0,11.4583,0.1171,0.679,1.2131,0.1094,0.6392,-1.03,0.21,81.6,0.67,89.2,65.93,-0.1184,2.5096,0.0855,0.1743,-1.1276,LOW LIQUIDITY
Alankit,531082,ALANKIT,Commercial Services & Supplies,0.4658,-0.3041,-0.0501,0.0958,-0.0859,0.1224,0.1586,1.2999,0.04,15.86,-1.85,28.7,5.67,-0.5471,0.1028,0.0756,-0.0191,0.1615,LOW LIQUIDITY
Veritas (India),512229,BOM:512229,Commercial Services & Supplies,-0.2235,-0.4976,0.0611,-0.0412,-0.2106,0.0325,0.0312,0.1872,0.1,8.39,-0.4,0.8,5.8,-0.7274,0.0057,0.0439,-0.0337,0.2545,LOW LIQUIDITY
Team Lease Serv.,539658,TEAMLEASE,Commercial Services & Supplies,0.0841,0.1196,0.0126,0.049,0.1315,0.0119,0.2136,0.8422,0.13,24.7,1.88,5.1,14.08,-0.4424,0.0542,0.1218,-0.0086,-0.0097,LOW LIQUIDITY
Mizzen Ventures,531537,BOM:531537,Commercial Services & Supplies,0,3.75,0.5,0,0,1.04,0.0155,-10.5577,0,481.48,,19.6,716.44,-0.3603,2.5162,0.0199,0.0199,0.0199,LOW LIQUIDITY
Dev Accele.,544513,DEVX,Commercial Services & Supplies,1.2332,1.0218,0.4744,0,0,0.2974,0.0139,1.9841,7.6,50.47,,,7.86,-0.3184,0.0837,0.0455,0.0009,0.0455,LOW LIQUIDITY
S T C,512531,STCINDIA,Commercial Services & Supplies,0,-0.6417,,,-0.1137,,-0.0102,-0.287,,22.86,-2.01,-1,46.52,-0.2814,0.2718,0,0,0.1137,LOW LIQUIDITY
Mercantile Vent.,538942,BOM:538942,Commercial Services & Supplies,0.3178,0.7407,0.0234,0.1385,0.0965,0.0475,0.0963,-6.214,0,28.93,3,11.2,67.96,-0.1933,0.5616,0.0315,0.0246,-0.065,LOW LIQUIDITY
Creative Newtech,,CREATIVE,Commercial Services & Supplies,0.3055,0.1199,0.0277,0.0471,0.1729,0.0398,0.2029,0.3048,0.24,19.47,1.13,5.4,14.21,-0.346,0.182,0.1813,-0.0832,0.0084,LOW LIQUIDITY
Pro Fin Capital,511557,BOM:511557,Commercial Services & Supplies,5.1133,4.435,0.4208,1.2296,4.1507,0.4168,0.0577,-0.6302,4.24,20.78,0.05,131.3,21.31,-0.1971,2.9219,0.0588,0.0697,-4.0919,LOW LIQUIDITY
PTL Enterprises,509220,PTL,Commercial Services & Supplies,0,0.7629,0.9086,-0.0002,0.1096,0.9812,0.0994,0.4202,0.02,13.19,1.2,8.3,8.32,-0.1611,0.155,0.0429,0.0124,-0.0667,LOW LIQUIDITY
Qualitek Labs,544091,BOM:544091,Commercial Services & Supplies,0,0,,0,0,0.1798,0.076,0.8314,0.58,79.26,,5.7,32.22,-0.0674,0.9902,0,0,0,LOW LIQUIDITY
Polo Queen Ind.,540717,BOM:540717,Commercial Services & Supplies,-0.3318,0.0909,0.0703,-0.1035,0.1441,0.0742,0.02,0.503,0.06,481.21,33.4,228.8,232.66,-0.8071,0.1057,0.0124,0.0046,-0.1317,LOW LIQUIDITY
Spacenet Enterpr,,SPCENET,Commercial Services & Supplies,0.5502,0.4729,0.083,0.1207,0.1034,0.0803,0.1392,1.3084,0.01,42.21,4.08,207.6,34.96,-0.6232,1.0481,0.0929,-0.0391,-0.0105,LOW LIQUIDITY
Sakuma Exports,532713,SAKUMA,Commercial Services & Supplies,-0.4927,-0.71,0.006,-0.1594,-0.0511,0.0093,0.0212,-7.0899,0.15,40.36,-7.89,96.3,24.89,-0.3844,0.1838,0.0191,-0.0562,0.0702,LOW LIQUIDITY
TCC Concept,512038,BOM:512038,Commercial Services & Supplies,0.8721,0.7348,0.8105,0.1239,0.0948,0.6841,0.0918,0.4083,0.06,42.17,4.45,9.7,25,-0.2078,0.622,0.0928,-0.1195,-0.002,LOW LIQUIDITY
Bluspring Enter.,544414,BLUSPRING,Commercial Services & Supplies,0,0,0.0146,0,0,0.0107,-0.0115,-0.5935,0.2,,,,14.22,-0.2169,0.178,-0.0512,-0.0512,-0.0512,LOW LIQUIDITY
Majestic Auto,500267,BOM:500267,Commercial Services & Supplies,-0.0417,0.3019,0.5796,-0.0103,0.4549,0.559,0.0315,3.1809,0.23,35.9,0.79,0.6,9.83,-0.2609,0.2548,0.0111,-0.0511,-0.4438,LOW LIQUIDITY
Vikas Lifecare,542655,VIKASLIFE,Commercial Services & Supplies,0.0031,-0.4043,-0.0456,0.0006,1.8413,-0.0244,-0.0596,-162.1898,0.14,,0,130.6,-92.38,-0.5759,0.005,-0.0079,-0.0368,-1.8492,LOW LIQUIDITY
Kothari Products,530299,KOTHARIPRO,Commercial Services & Supplies,0.0031,3.0323,0.0009,0.0008,0.0322,-0.0673,-0.1043,-1.606,0.24,,0,2.9,-11.44,-0.1885,0.4842,-0.066,-0.0913,-0.0982,LOW LIQUIDITY
Tracxn Technolo.,543638,TRACXN,Commercial Services & Supplies,-0.0065,-0.1931,-0.0268,0.006,0.4601,0.0554,-0.177,2.6426,0,,0,105.4,109.1,-0.4237,0.0465,-0.1062,-0.201,-0.5663,LOW LIQUIDITY
Indiqube Spaces,544454,INDIQUBE,Commercial Services & Supplies,0.2766,0.1256,0.6082,0,0,0.1633,-0.038,3.536,23.53,,,,12.81,-0.1468,0.065,-2.341,-2.341,-2.341,LOW LIQUIDITY
Vision Infra,,VIESL,Commercial Services & Supplies,2.5911,2.3965,0.2681,0,0,0.1606,0.1363,0.5606,1.69,17.94,,8.3,6.57,-0.0946,1.021,0.3312,0.3312,0.3312,
RBM Infracon,,RBMINFRA,Commercial Services & Supplies,1.6748,2.1544,0.1226,0,0,0.1291,0.2817,-0.0828,0.08,15.03,,3.2,10.26,-0.5287,0.7543,0.2475,0.0537,0.2475,
HP Telecom,,HPTL,Commercial Services & Supplies,0.5785,0.3468,0.0168,0,0,0.0173,0.3771,-1.7243,1.76,28.55,,5.7,16.48,-0.0793,1.9832,0.2406,-0.1055,0.2406,
MMTC,513377,MMTC,Commercial Services & Supplies,1.0923,-0.3317,-16.9853,1.906,-0.2745,29.4559,0.078,-2.699,0,140.56,-5.12,876.7,82.31,-0.2478,0.5591,0.0587,-0.041,0.3332,
NDR INVIT Trust,,NDRINVIT,Commercial Services & Supplies,0.3509,-0.0257,0.865,0.0814,0.0087,0.7259,0.0298,1.2312,0.38,35.94,41.28,48,19.25,-0.0161,0.1619,0.0346,0.0254,0.0259,
Infollion Resea.,,INFOLLION,Commercial Services & Supplies,0.4518,0.2088,0.1658,0.2058,0.2447,0.2008,0.3036,0.4143,0,28.17,1.15,6.1,18.51,-0.3113,0.1613,0.2296,-0.0655,-0.0151,
Ashoka Buildcon,533271,ASHOKA,Construction,-0.2346,0.4461,0.3172,-0.0576,0.048,0.3041,1.2424,0.6013,0.51,3.2,0.67,40.3,2.33,-0.3723,0.267,0.5478,0.3211,0.4998,26
GK Energy,544525,GKENERGY,Construction,0.9451,1.1832,0.1917,0,0,0.1851,0.8639,-0.4866,1.04,27.11,,,21.14,-0.1444,0.3212,1.0052,0.0533,1.0052,38
Atlantaa,532759,ATLANTAA,Construction,-0.0565,-1.1287,0.5502,-0.0129,-0.351,0.0602,0.1246,2.5343,1.49,13.3,-0.38,14.2,10.72,-0.3862,0.6526,0.231,0.231,0.582,73
M & B Engineer.,544470,MBEL,Construction,0.6948,1.5865,0.124,0,0,0.1233,0.2767,0.2919,0.62,28.33,,,19.28,-0.1192,0.1953,0.2849,0.0642,0.2849,109
KNR Construct.,532942,KNRCON,Construction,-0.3779,-0.2849,0.2986,-0.0783,-0.0601,0.3538,0.4455,-0.3556,0.41,4.77,-0.79,30.5,3.49,-0.5118,0.0003,0.2724,0.0279,0.3325,129
Engineers India,532178,ENGINERSIN,Construction,0.3952,-0.286,0.0828,0.0798,-0.028,0.1952,0.8574,0.1757,0.01,19.86,-7.09,231.4,14.01,-0.2347,0.3753,0.2317,0.0232,0.2597,172
NBCC,534309,NBCC,Construction,0.1161,0.263,0.0461,0.0217,0.0595,0.0722,0.3671,0.7792,0,47.85,8.04,3317.6,27.56,-0.137,0.5932,0.2554,0.0069,0.1959,249
Power Mech Proj.,539302,POWERMECH,Construction,0.2839,-0.1266,0.1315,0.0546,-0.0234,0.117,0.2467,0.0013,0.34,23.99,-10.25,11.2,11.04,-0.2919,0.4236,0.1633,0.0047,0.1867,468
Capacit'e Infra.,540710,CAPACITE,Construction,0.0344,-0.1445,0.1724,0.0083,-0.0417,0.1491,0.1505,0.1433,0.25,12.08,-2.9,11.6,5.96,-0.4019,0.049,0.1257,0.0313,0.1674,484
Larsen & Toubro,500510,LT,Construction,0.1044,0.1563,0.1252,0.0586,0.0558,0.129,0.2271,0.271,1.32,33.64,6.02,733.5,16.75,-0.0326,0.3254,0.1655,0.0266,0.1097,500
Solarworld Ene.,544532,SOLARWORLD,Construction,2.0235,3.8717,0.1265,0,0,0.2068,0.3277,0.4783,0.37,30.06,,,23.09,-0.2229,0.0247,0.4021,-0.6801,0.4021,613
Dilip Buildcon,540047,DBL,Construction,-0.1639,-0.0358,0.1986,-0.0454,-0.0251,0.2026,0.0806,0.0672,1.88,17.53,-6.98,23.2,6.49,-0.1589,0.3617,0.0997,0.086,0.1248,622
Cemindia Project,509496,CEMPRO,Construction,0.0927,0.4944,0.0935,0.038,0.2294,0.0846,0.303,0.2827,0.48,33.2,1.45,124.1,15.35,-0.0885,0.8055,0.2178,0.0202,-0.0116,636
GPT Infraproject,533761,GPTINFRA,Construction,0.2933,0.3985,0.1184,0.0597,0.0728,0.106,0.2353,0.2321,0.25,15.55,2.14,32.6,9.52,-0.3034,0.2654,0.1958,-0.0029,0.123,664
H.G. Infra Engg.,541019,HGINFRA,Construction,-0.03,-0.3921,0.175,-0.0091,-0.127,0.1744,0.1697,-0.9446,1.41,13.59,-1.07,12.9,9.64,-0.4255,0.0041,0.1828,-0.058,0.3098,741
PNC Infratech,539150,PNCINFRA,Construction,-0.3436,-0.7163,0.2582,-0.11,-0.48,0.241,0.2122,-0.0283,1.56,17.58,-0.37,30.4,9.05,-0.2263,0.1733,0.1389,-0.0493,0.6189,769
IRB Infra.Devl.,532947,IRB,Construction,0.1328,0.4465,0.4535,0.0323,-0.159,0.3728,0.0363,0.6925,1.04,32.26,-2.03,820.4,11.07,-0.2805,0.101,0.0591,0.0154,0.2181,822
SPML Infra,500402,SPMLINFRA,Construction,-0.2459,-0.0626,0.0462,-0.066,-0.0157,0.1303,0.1129,-0.8803,0.48,34.2,-21.83,15,18.76,-0.3101,0.6368,0.0778,0.0899,0.0935,836
Man Infra,533169,MANINFRA,Construction,-0.4646,-0.283,0.2219,-0.1432,-0.0759,0.4016,0.2291,0.3207,0.02,21.6,-2.85,119.8,13.44,-0.4694,0.0326,0.1749,-0.0535,0.2508,855
J Kumar Infra,532940,JKIL,Construction,0.1539,0.1887,0.1462,0.0346,0.0418,0.1224,0.1879,0.5434,0.22,11.74,2.81,12,5.16,-0.2369,0.116,0.1383,0.0064,0.0965,899
K E C Intl.,532714,KEC,Construction,0.1133,0.4227,0.0697,0.0234,0.0711,0.0641,0.1754,0.2684,0.74,34.4,4.84,104.2,14.98,-0.4015,0.299,0.1202,0.0322,0.0491,904
Ceigall India,544223,CEIGALL,Construction,0.0192,-0.3302,0.1302,0.0046,-0.0565,0.1419,0.2295,-1.0283,0.76,16.04,-2.84,40.8,9.26,-0.356,0.0771,0.2087,-0.1928,0.2652,958
Patel Engineerin,531120,PATELENG,Construction,0.1196,0.5132,0.134,0.0259,0.0532,0.1552,0.1239,0.4502,0.43,8.02,1.51,67.9,4.67,-0.3951,0.0704,0.104,0.029,0.0508,1007
Welspun Enterp,532553,WELENT,Construction,-0.0913,-0.0166,0.2145,-0.0083,0.0775,0.1937,0.3696,-0.4036,0.59,22.4,2.89,42.4,11.63,-0.1541,0.4044,0.1326,0.007,0.0551,1030
Interarch Build.,544232,INTERARCH,Construction,0.2549,0.3994,0.0831,0.0532,0.076,0.1017,0.243,0.3512,0.03,32.55,4.28,8.4,21.35,-0.0659,0.7811,0.1802,-0.024,0.1042,1060
Vikran Engg.,544496,VIKRAN,Construction,0.1698,0.317,0.1423,0,0,0.1805,0.256,-0.781,0.59,31.11,,,15.88,-0.1815,0.042,0.2049,-0.1491,0.2049,1084
NCC,500294,NCC,Construction,-0.0631,-0.0847,0.0881,-0.0157,0.007,0.0844,0.1726,0.4045,0.22,15.97,22.84,109.6,6.21,-0.3765,0.198,0.1141,0,0.1071,1098
Rites,541556,RITES,Construction,0.0082,0.0137,0.2331,0.0018,0.003,0.2601,0.2002,1.0641,0,30.46,100.16,214,13.09,-0.2263,0.272,0.1466,-0.0281,0.1436,1133
Sterling & Wils.,542760,SWSOLAR,Construction,0.6969,13.4016,0.0022,0.2483,1.5165,0.0516,0.343,0.1312,2.61,26.11,0.17,263.9,14.58,-0.617,0.053,0.0819,0.6517,-1.4346,1351
PSP Projects,540544,PSPPROJECT,Construction,0.2,0.3354,0.0693,0.0067,-0.5443,0.0325,0.0462,0.4397,0.3,142.94,-2.63,12.1,25.14,-0.0547,0.5637,0.054,-0.0904,0.5983,1418
Techno Elec.Engg,542141,TECHNOE,Construction,0.4012,1.0828,0.1757,0.0664,0.1525,0.2297,0.4358,0.9219,0.01,34.06,2.23,46.2,26.17,-0.2577,0.6261,0.1281,-0.0031,-0.0244,1431
Ircon Intl.,541956,IRCON,Construction,-0.219,-0.2654,0.1119,-0.0465,-0.0335,0.1087,0.1205,-0.9996,0.68,23.21,-6.92,230.4,12.09,-0.3067,0.2277,0.1133,-0.0504,0.1468,1493
ISGEC Heavy,533033,ISGEC,Construction,-0.129,-0.1206,0.0896,-0.0306,0.0601,0.0744,0.1583,0.2194,0.31,24.44,4.06,17.2,12.29,-0.4818,0.0322,0.0937,-0.0061,0.0336,1558
G R Infraproject,543317,GRINFRA,Construction,-0.0209,0.3091,0.2003,-0.0057,0.099,0.2531,0.3327,-1.1703,0.59,10.23,1.03,12.5,7.2,-0.3246,0.2609,0.1215,-0.0344,0.0225,1700
Vishnu Prakash R,543974,VPRPL,Construction,0.0774,-0.5251,0.1154,0.016,-0.1326,0.1145,0.0957,-1.3937,0.91,21.85,-1.65,17.7,10.89,-0.7426,0.0116,0.0781,-0.1578,0.2107,1733
Afcons Infrastr.,544280,AFCONS,Construction,0.0685,0.5002,0.1292,0.0172,0.087,0.1098,0.1395,-0.0983,0.45,30.38,3.49,113.1,9.34,-0.2281,0.1506,0.1106,-0.0343,0.0236,1754
Ahluwalia Contr.,532811,AHLUCONT,Construction,0.093,0.6757,0.0859,0.0209,0.1025,0.0851,0.1478,1.0871,0.04,27.09,2.64,22.4,11.98,-0.2349,0.45,0.1187,-0.0449,0.0162,1789
Kalpataru Proj.,522287,KPIL,Construction,0.3243,0.9127,0.086,0.1426,0.4152,0.0647,0.1566,0.5757,0.69,27.24,0.66,54.9,12.13,-0.0316,0.7013,0.0996,-0.0041,-0.3156,1807
Ramky Infra,533262,RAMKY,Construction,-0.3336,0.1009,0.2,-0.0929,0.0396,0.2344,14.4424,0.8295,0.3,20.62,5.21,15.3,9.49,-0.138,0.6266,0.1087,-0.0892,0.0691,1875
Garuda Cons,544271,GARUDA,Construction,1.4911,1.6478,0.2956,0.7099,0.7281,0.303,0.3654,-1.6313,0,24.63,0.34,51,18.02,-0.0504,1.9979,0.2209,-0.1406,-0.5072,1883
SEPC,532945,SEPC,Construction,0.1505,1.0483,0.1396,0.0443,0.329,0.1556,0.0421,-1.2329,0.24,38.26,1.16,226.8,20.26,-0.5849,0.0156,0.0255,0.0057,-0.3035,1919
BGR Energy Sys.,532930,BGRENERGY,Construction,-0.4902,-1.3367,-1.1881,-0.1883,0.1556,-1.2605,0.9017,5.0223,,,0,-12.8,-13.86,-0.1967,10.2966,0,0,-0.1556,1970
W S Inds.,504220,WSI,Construction,-0.6367,-0.6757,0.1267,-0.191,0.1311,0.0455,-0.0118,-6.2758,0.44,,0,16.2,51.57,-0.4522,0.2688,-0.1058,-0.5751,-0.2369,2231
Twamev Constr.,532738,TICL,Construction,0.5207,0.1111,0.0639,0.0474,-0.0219,1.1844,0.4117,-0.0423,1.12,4.73,-2.16,23.6,7.42,-0.4955,0.5442,0.3637,0.4197,0.3856,LOW LIQUIDITY
Goel Construct.,544504,BOM:544504,Construction,-0.0984,-0.0006,0.1134,0,0,0.0932,0.2527,0.6993,0.1,12.86,,3.2,6.21,-0.1021,0.1588,0.3425,0.0661,0.3425,LOW LIQUIDITY
Globe Civil,544424,GLOBECIVIL,Construction,0,0,0.171,0,0,0.1405,0.329,-0.2025,1.39,18.28,,,10.2,-0.2232,0.1015,0.262,0.0408,0.262,LOW LIQUIDITY
Zodiac Energy,543416,ZODIAC,Construction,0.2358,0.1545,0.0987,0.0459,0.0268,0.0939,0.1228,-1.3567,1.81,29.66,11.08,9.4,17.08,-0.3468,0.2542,0.2747,0.0142,0.2479,LOW LIQUIDITY
GHV Infra,505504,BOM:505504,Construction,174.019,39.0714,0.1212,1.4235,0.9172,0.1232,0.2034,-2.2332,2.43,72.61,0.79,177.2,46.77,-0.0861,45.7137,0.8212,0.8212,-0.096,LOW LIQUIDITY
SRM Contractors,544158,SRM,Construction,1.6391,1.7906,0.1438,0.1688,0.1711,0.1395,0.2846,0.0145,0.15,22.59,1.32,11.4,12.82,-0.0468,1.2217,0.2563,0.0215,0.0852,LOW LIQUIDITY
Simplex Infra,523838,SIMPLEXINF,Construction,-0.1799,1.4701,0.0315,-0.0495,-1.9235,0.0366,0.0119,-75.865,4.15,156.74,-0.81,30.9,53.59,-0.1362,0.389,-0.044,0.2199,1.8795,LOW LIQUIDITY
Likhitha Infra.,543240,LIKHITHA,Construction,-0.021,-0.1851,0.1571,-0.0051,-0.0457,0.1765,0.2436,0.0147,0,13.84,-3.03,9.7,8.71,-0.4256,0.075,0.2029,-0.0327,0.2486,LOW LIQUIDITY
RPP Infra Proj.,533284,RPPINFRA,Construction,0.0323,-0.3434,0.0551,0.0019,-0.0905,0.0631,0.2162,0.0786,0.08,9.45,-1.04,5.3,5.91,-0.5495,0.0591,0.1388,-0.0053,0.2293,LOW LIQUIDITY
Dugar Housing,511634,BOM:511634,Construction,-1,-1.1786,,-1,-4.1667,,-0.0369,1.25,0.12,,0,21.9,-817.05,0,20.1524,0,0,4.1667,LOW LIQUIDITY
GVK Power Infra.,532708,GVKPIL,Construction,-0.6404,-17.1866,-3.5158,-0.1788,-2.7597,0.1048,-0.0757,1.1695,,,0,-132.1,12.38,-0.3989,0.0792,0,0,2.7597,LOW LIQUIDITY
Markolines Pavem,543364,MARKOLINES,Construction,0.444,1.1908,0.0835,0,0,0.1259,0.1726,-0.8801,0.36,14.74,,4.5,9.17,-0.2162,0.5383,0.162,-0.0251,0.162,LOW LIQUIDITY
Solarium Green,544354,BOM:544354,Construction,0,0,0.0962,0,0,0.1145,0.1657,-2.3551,0.48,36.69,,10.1,24.81,-0.3221,0.6243,0.2301,-1.0156,0.2301,LOW LIQUIDITY
Rail Vikas,542649,RVNL,Construction,-0.0405,-0.3992,0.0135,-0.0083,-0.0698,0.1029,0.2219,0.8578,0.57,56.28,-8.07,1460.4,33.21,-0.3593,0.0889,0.1401,-0.0541,0.2099,LOW LIQUIDITY
Refex Renewables,531260,BOM:531260,Construction,-0.0705,0.1187,0.5191,-0.0046,-0.0478,0.3116,-0.0833,1.3652,30.86,,0,-3.1,19.72,-0.4159,0.2564,0,0.5453,0.0478,LOW LIQUIDITY
Deepak Builders,544276,DBEIL,Construction,0.0142,0.0549,0.2468,0.0072,0.0137,0.1793,0.1693,-1.201,0.33,11.73,8.53,7.6,7.18,-0.3229,0.1281,0.1981,-0.2664,0.1844,LOW LIQUIDITY
B.R.Goyal Infra.,544335,BOM:544335,Construction,-0.1582,0.0699,0.097,0,0,0.0842,0.1374,-0.8712,0.3,12.43,,3.2,6.6,-0.2655,0.3684,0.1408,-0.0447,0.1408,LOW LIQUIDITY
Brahmaputra Inf.,535693,BOM:535693,Construction,0.1607,1.2183,0.2415,0.0516,0.279,0.2354,0.2624,1.2512,0.58,8.28,0.3,3.2,7.2,-0.0154,1.9948,0.1096,0.0265,-0.1694,LOW LIQUIDITY
Mold-Tek Technol,526263,MOLDTECH,Construction,-0.1527,-0.8687,0.0141,-0.0411,-0.257,0.0785,0.1479,1.671,0.06,71.86,-2.8,13.4,31.35,-0.1733,0.7396,0.0861,-0.161,0.3431,LOW LIQUIDITY
A B Infrabuild,544281,ABINFRA,Construction,3.2799,8.5926,0.1587,0.2242,0.2795,0.1435,0.2577,-0.8027,0.78,58.23,2.08,714.8,30.78,-0.1546,2.1378,0.173,-0.0274,-0.1065,LOW LIQUIDITY
Om Infra,531092,OMINFRAL,Construction,-0.3844,-1.0782,-0.0072,-0.0914,-0.0876,0.0565,0.0321,0.1526,0.1,47.33,-5.4,13.7,25.02,-0.4086,0.1702,0.0334,-0.0302,0.121,LOW LIQUIDITY
JP Associates,532532,JPASSOCIAT,Construction,-0.5975,-2.4729,-0.0279,-0.1958,-0.0154,-0.0786,-0.1072,-2.1266,,,0,-35.5,81.87,-0.593,0.2227,0,0,0.0154,LOW LIQUIDITY
IL&FS Engg.,532907,IL&FSENGG,Construction,-0.518,-2.0967,-0.6514,-0.1378,0.1515,-0.1278,0.0103,1.6407,,,0,-1.5,-95.22,-0.3994,0.1123,0,0,-0.1515,LOW LIQUIDITY
Hind.Construct.,500185,HCC,Construction,-0.399,21.622,0.1645,-0.1293,18.6977,0.1288,-0.0504,0.2291,1.85,,0,983.5,7.54,-0.4374,0.2597,-0.007,-0.007,-18.7047,LOW LIQUIDITY
B.L.Kashyap,532719,BLKASHYAP,Construction,-0.0397,-0.3163,0.0771,-0.012,0.5873,0.0641,0.0437,1.1495,0.6,81.08,1.38,56.5,18.54,-0.3148,0.3629,0.02,-0.0886,-0.5673,LOW LIQUIDITY
MBL Infrast,533152,MBLINFRA,Construction,-0.1796,0.1521,-0.7876,-0.0472,-0.0202,-0.3313,-0.7039,0.4439,1.01,,0,8,88.7,-0.417,0.255,-0.1285,-0.0772,-0.1083,LOW LIQUIDITY
Viviana Power,,VIVIANA,Construction,4.0932,6.2667,0.2039,0.0744,0.1098,0.158,5.5518,-0.431,0.84,43.65,3.98,9.9,26.78,-0.1863,1.5308,0.4653,0.1611,0.3555,
Ganesh Infra.,,GANESHIN,Construction,0.3347,0.4552,0.1122,0.0842,0.1488,0.1062,0.4181,-1.4926,0.21,21.45,1.44,22.8,15.41,-0.1994,1.1082,0.3618,0.3618,0.213,
AVP Infracon,,AVPINFRA,Construction,1.0098,0.8457,0.1868,0,0,0.203,0.3585,-0.1701,1.13,11.93,,7.8,8.66,-0.4018,0.3347,0.302,-0.0079,0.302,
Shrem InvIT,,SHREMINVIT,Construction,0.1655,-0.2486,0.5529,0.0287,-0.1126,0.6056,0.2817,0.2405,1.29,6.6,-0.59,59.5,9.14,-0.1186,0.0292,0.1729,-0.0066,0.2855,
Giriraj Civil,,GIRIRAJ,Construction,1.3974,0.757,0.0908,0,0,0.0937,0.211,-0.2357,0.13,22.75,,7.4,14.33,-0.5841,0,0.1463,0.0388,0.1463,
Savy Infra,,SAVY,Construction,0,0,0.1276,0,0,0.1268,0.651,-0.4875,0.86,14.38,,,10.8,-0.0234,0.3636,0.761,-1.0078,0.761,
Sathlokhar Sys.,,SSEGL,Construction,0.2838,0.1829,0.135,0,0,0.1485,0.3471,-1.5315,0.05,29.96,,17.9,20.87,-0.0813,0.4669,0.4017,-0.5507,0.4017,
Pratham EPC,,PRATHAM,Construction,0.6373,0.0964,0.1228,0,0,0.1634,0.2312,-0.4709,0.16,23.03,,7.4,14.84,-0.3518,0.2786,0.1986,-0.049,0.1986,
Atmastco Ltd,,ATMASTCO,Construction,0.0191,-0.4675,0.1158,0,0,0.1431,0.1359,-0.8031,0.56,25.58,,9.8,11.76,-0.3175,0.2657,0.1678,-0.0345,0.1678,
Ganesh Green,,GGBL,Construction,0.6168,0.3072,0.1455,0,0,0.1457,0.2278,-0.6199,0.23,33.65,,12.3,19.72,-0.3543,0.4529,0.2303,-0.2001,0.2303,
Capital Infra,544338,CAPINVIT,Construction,0,0,-0.4274,0,0,0.056,-0.0247,31.9293,1.03,,,25.6,476.61,-0.2927,0.0731,0,0,0,
Sandur Manganese,504918,SANDUMA,Consumable Fuels,0.887,0.1532,0.2636,0.1702,0.1076,0.2191,0.1766,1.1883,0.72,20.59,1.91,189,12.48,-0.1216,0.859,0.1864,0.0748,0.0788,357
Coal India,533278,COALINDIA,Consumable Fuels,-0.0319,-0.3076,0.2225,-0.0185,-0.1174,0.3092,0.2728,0.6102,0.13,7.39,-0.63,1349.5,3.94,-0.1498,0.0722,0.3889,-0.1319,0.5063,456
Timex Group,500414,BOM:500414,Consumer Durables,0.3998,0.6974,0.1746,0.2413,0.782,0.1217,0.4814,-0.0677,0.11,69.87,0.89,331.5,46.38,-0.078,1.6423,1.9663,1.9663,1.1843,10
Euro Pratik Sale,544519,EUROPRATIK,Consumer Durables,0.101,-0.1359,0.3189,0,0,0.3692,0.3765,-0.2925,0.08,43.14,,120.7,28.78,-0.0645,0.3729,0.3936,0.3936,0.3936,39
Shanti Gold,544459,SHANTIGOLD,Consumer Durables,0,0,0.1409,0,0,0.0832,0.1321,-0.1662,0.34,29.27,,21.8,18.02,-0.1722,0.1611,0.4485,0.1245,0.4485,45
Symphony,517385,SYMPHONY,Consumer Durables,-0.3613,-0.5705,0.1036,-0.2454,-0.1614,0.2195,0.892,0.7724,0.19,30.69,-1.9,57,23.07,-0.4456,0.0531,0.3236,0.1432,0.485,59
LG Electronics,544576,LGEINDIA,Consumer Durables,0,0,,0,0,0.1229,0.4946,0.5522,0.07,49.41,,,31.22,-0.0843,0.0072,0.4518,0.0802,0.4518,61
Shringar House,544512,SHRINGARMS,Consumer Durables,0.227,0.6771,0.1239,0,0,0.063,0.4011,-0.0787,0.61,29.98,,,24.78,-0.0493,0.2723,0.3618,0.1053,0.3618,74
Pokarna,532486,POKARNA,Consumer Durables,-0.1122,-0.1438,0.3213,-0.018,-0.0263,0.3236,0.2322,0.6293,0.47,14.86,-5.65,10.8,8.74,-0.3964,0.2519,0.2737,0.1155,0.3,92
Wonder Electric.,543449,WEL,Consumer Durables,-0.3312,-0.3764,0.033,-0.0855,-0.0358,0.0377,0.2082,-0.6724,1.43,110.34,-30.86,325.8,56.18,-0.2517,0.2484,0.2516,0.0923,0.2874,107
Laxmi Goldorna,,LGHL,Consumer Durables,0.8088,1.1538,0.1817,0,0,0.2563,0.1214,-1.9809,1.57,105.16,,95.3,58.91,-0.3822,1.0614,0.1912,0.1912,0.1912,171
Akzo Nobel,500710,AKZOINDIA,Consumer Durables,-0.0398,-0.2059,0.1352,-0.0101,-0.0544,0.1353,0.4888,0.5367,0.05,36.13,-6.64,50.1,22.71,-0.2511,0.0629,0.3223,-0.001,0.3767,181
Voltas,500575,VOLTAS,Consumer Durables,-0.1996,-0.5798,0.0388,-0.0637,-0.2203,0.0698,0.2714,-0.1811,0.14,69.12,-3.14,227.3,41.84,-0.2727,0.1916,0.1347,0.09,0.355,191
Crompton Gr. Con,539876,CROMPTON,Consumer Durables,-0.0652,-0.194,0.0959,-0.0177,-0.053,0.0985,0.2179,0.917,0.14,34.45,-6.51,344.7,19.95,-0.3279,0.014,0.174,0.0185,0.227,264
Campus Activewe.,543523,CAMPUS,Consumer Durables,0.0121,-0.1253,0.1435,0.0026,-0.0265,0.1129,0.1856,1.2869,0.31,70.01,-26.44,333.6,32.63,-0.1988,0.2881,0.1722,0.0234,0.1987,284
D.P. Abhushan,544161,DPABHUSHAN,Consumer Durables,-0.0369,1.0478,0.0783,0.0007,0.3343,0.0659,0.386,-0.1126,0.42,22.78,0.68,15.4,15.78,-0.2085,0.2396,0.3506,0.0559,0.0163,297
Blue Star,500067,BLUESTARCO,Consumer Durables,0.0643,0.0293,0.0753,0.022,-0.0826,0.0631,0.2385,0.8332,0.33,74.44,-9.02,264.1,44.09,-0.1966,0.2782,0.2062,-0.0058,0.2888,321
Havells India,517354,HAVELLS,Consumer Durables,0.0529,0.1893,0.0917,-0.0051,-0.0139,0.0926,0.2336,0.7293,0.03,62.9,-45.38,665.4,37.37,-0.1771,0.0786,0.1881,0.0086,0.202,326
V-Guard Industri,532953,VGUARD,Consumer Durables,0.0363,0.03,0.0815,0.0064,-0.0628,0.0704,0.1704,1.1003,0.07,56.24,-8.95,325.2,32.85,-0.1676,0.2487,0.1585,0.0084,0.2213,387
PC Jeweller,534809,PCJEWELLER,Consumer Durables,0.8071,0.0376,0.1756,0.1445,0.0087,0.2424,0.1071,-1.2519,0.35,13.33,15.3,798,15.36,-0.3985,0.1577,0.1268,0.3167,0.1181,414
Dixon Technolog.,540699,DIXON,Consumer Durables,0.2879,1.8468,0.0378,0.2464,0.6726,0.0425,0.3602,0.9062,0.34,71,1.06,136.6,38.42,-0.2083,0.2425,0.3285,0.0812,-0.3441,482
Goldiam Intl.,526729,GOLDIAM,Consumer Durables,0.3856,0.5286,0.1792,0.0819,0.0964,0.2198,0.2766,-0.0742,0.04,31.45,3.26,58.4,20.27,-0.3699,0.4265,0.1713,0.022,0.0749,583
Berger Paints,509480,BERGEPAINT,Consumer Durables,0.0191,-0.235,0.1246,0.0141,-0.0538,0.1317,0.2264,0.7854,0.11,58.07,-10.79,1192.1,33.74,-0.0898,0.258,0.2026,-0.0328,0.2564,590
Cera Sanitary.,532443,CERA,Consumer Durables,0.0538,-0.0094,0.1265,0.0112,0.0035,0.1618,0.4138,0.3693,0.05,32.35,91.6,7.7,22.8,-0.2325,0.2157,0.183,-0.0075,0.1795,599
Sky Gold & Diam.,541967,SKYGOLD,Consumer Durables,0.5646,1.0532,0.0631,0.1151,0.3122,0.0643,0.3947,-1.364,0.92,35.11,1.12,116.6,22.1,-0.2821,0.4271,0.2546,0.0221,-0.0576,606
Interiors & More,,INM,Consumer Durables,0.5372,0.441,0.284,0,0,0.2838,0.2002,-0.9473,0.45,36.52,,4.6,26.13,-0.0929,1.1968,0.1956,-0.0247,0.1956,690
Midwest,544587,MIDWESTLTD,Consumer Durables,0,0,,0,0,0.2597,0.2162,0.5369,0.39,37.93,,,22.19,-0.0819,0.042,0.1869,-0.0204,0.1869,700
Bata India,500043,BATAINDIA,Consumer Durables,-0.0428,-0.6366,0.1809,-0.0111,-0.2306,0.1122,0.1079,1.6509,0.9,72.58,-3.15,113.8,18.1,-0.2896,0.025,0.1559,-0.0417,0.3865,703
All Time Plastic,544479,ALLTIME,Consumer Durables,0.2147,0.0517,0.182,0,0,0.1414,0.1655,0.6549,0.9,40.69,,,21.13,-0.1108,0.1608,0.21,-0.0391,0.21,717
Epack Durable,544095,EPACK,Consumer Durables,-0.4345,-1.6207,-0.0052,-0.1267,-0.2592,0.0627,0.0531,0.2435,0.76,69.84,-2.69,28.7,20.86,-0.5597,0,0.0598,0.0013,0.319,805
Whirlpool India,500238,WHIRLPOOL,Consumer Durables,-0.0384,-0.3222,0.0351,-0.0164,-0.0417,0.0648,0.1037,1.0829,0.02,51.05,-12.24,53.8,20.63,-0.3577,0.5167,0.0926,0.029,0.1343,805
IFB Industries,505726,IFBIND,Consumer Durables,0.1239,0.617,0.0715,0.0433,0.1914,0.0376,0.2273,0.6851,0.3,58.19,3.04,35.5,22.69,-0.1044,0.7288,0.1366,0.075,-0.0548,849
Asian Granito,532888,ASIANTILES,Consumer Durables,0.0782,4.9734,0.0641,0.0424,-0.2014,0.0235,0.0231,2.3566,0.2,69.58,-3.45,16.5,19.14,-0.1585,0.6922,0.021,0.0302,0.2224,870
Kalyan Jewellers,543278,KALYANKJIL,Consumer Durables,0.3149,0.4855,0.0699,0.0698,0.1169,0.0542,0.2037,0.8729,1.03,66.73,5.71,1147.3,31.55,-0.3494,0.2962,0.1595,0.0071,0.0426,908
Redtape,543957,REDTAPE,Consumer Durables,0.0507,0.2598,0.1659,0.0126,0.053,0.1452,0.2168,0.0148,0.92,41.75,7.88,521.2,21.29,-0.4412,0.1579,0.2355,-0.0779,0.1825,925
Stylam Industrie,526951,STYLAMIND,Consumer Durables,0.1665,-0.0032,0.187,0.0394,0.0016,0.1681,0.2725,0.6373,0.05,28.29,171.92,8.9,17,-0.2365,0.4103,0.2036,-0.067,0.202,928
Asian Paints,500820,ASIANPAINT,Consumer Durables,-0.0035,-0.06,0.1818,-0.0009,-0.019,0.1649,0.3232,0.7775,0.12,65.04,-34.17,1238.4,37.68,-0.1103,0.2289,0.2059,-0.1085,0.2249,965
Amber Enterp.,540902,AMBER,Consumer Durables,0.4364,0.4353,0.0724,0.1051,0.121,0.0581,0.1208,1.2226,0.9,101.86,8.42,41.5,33.53,-0.076,0.5224,0.1128,0.0454,-0.0082,1011
PG Electroplast,533581,PGEL,Consumer Durables,0.1387,-0.1998,0.0806,0.0376,-0.0582,0.0896,0.1134,-0.1689,0.14,58.76,-10.1,159.4,29.26,-0.4691,0.2045,0.1489,-0.04,0.2071,1025
Bajaj Electrical,500031,BAJAJELEC,Consumer Durables,-0.01,-0.2357,0.0516,-0.0206,-0.1804,0.0394,0.0857,1.6486,0.13,62.17,-3.45,38.7,17.25,-0.4628,0.0213,0.0712,-0.0058,0.2516,1032
Cello World,544012,CELLO,Consumer Durables,0.0566,-0.1158,0.2061,0.0133,-0.0282,0.2215,0.2494,0.5312,0,42.51,-15.05,142.5,25.46,-0.2724,0.3049,0.2043,-0.2378,0.2325,1075
Metro Brands,543426,METROBRAND,Consumer Durables,0.1122,-0.0267,0.2622,0.047,0.0468,0.232,0.1789,1.2063,0.79,85.84,18.32,457.6,35.72,-0.1682,0.2591,0.1901,-0.0519,0.1433,1089
Nitco,532722,NITCO,Consumer Durables,1.1393,2.0921,0.3303,0.2545,-0.3288,-0.3611,-0.4023,0.7036,1.18,,0,209.5,59.45,-0.3988,0.0602,0,0,0.3288,1095
Indigo Paints,543258,INDIGOPNTS,Consumer Durables,0.0031,-0.0038,0.1479,0.0007,0.0001,0.1525,0.2273,1.0508,0.02,33.29,4788.1,21.8,19.22,-0.3903,0.1172,0.1465,-0.0287,0.1464,1132
Ethos Ltd,543532,ETHOSLTD,Consumer Durables,0.2674,-0.1658,0.13,0.0584,-0.0432,0.1103,0.1114,-0.1283,0.29,84.82,-19.62,21.4,37,-0.0886,0.5457,0.1036,-0.0058,0.1468,1144
Greenpanel Inds.,542857,GREENPANEL,Consumer Durables,-0.1007,-3.2037,-0.0482,-0.0256,-0.6981,0.0111,0.0053,1.019,0.3,157.68,-2.26,30.4,37.62,-0.3315,0.3804,0.0534,-0.0532,0.7515,1249
Vaibhav Global,532156,VAIBHAVGBL,Consumer Durables,0.1016,0.7104,0.0884,0.041,0.1985,0.0694,0.1763,0.7692,0.16,24.44,1.23,51.6,13.22,-0.2087,0.5051,0.1172,0.0086,-0.0813,1360
Sirca Paints,543686,SIRCA,Consumer Durables,0.4527,0.3908,0.1974,0.0999,0.0796,0.1759,0.1853,0.8251,0.02,54.07,6.8,45,35.33,-0.0424,1.1893,0.1493,-0.0294,0.0697,1389
Rajesh Exports,531500,RAJESHEXPO,Consumer Durables,1.1795,-1.8035,0.0003,0.1682,-0.2255,0.0005,0.0177,32.2869,0.06,71.76,-3.18,9.9,15.47,-0.3387,0.1825,0.0061,-0.0163,0.2316,1493
Carysil,524091,CARYSIL,Consumer Durables,0.1282,0.4388,0.1932,0.0316,0.1047,0.14,0.1578,-0.0602,0.53,37.99,3.63,14.5,18.74,-0.057,0.9587,0.1454,-0.0304,0.0407,1503
P N Gadgil Jewe.,544256,PNGJL,Consumer Durables,0.0278,0.9632,0.0641,0.0203,0.152,0.0501,0.2243,-2.0037,0.6,34.96,2.3,77,21.57,-0.2167,0.3721,0.2097,-0.1574,0.0577,1537
Kansai Nerolac,500165,KANSAINER,Consumer Durables,0.0136,-0.043,0.1402,0.0037,0.0222,0.1105,0.2127,0.8208,0.05,31.21,14.05,251.1,18.58,-0.1387,0.1308,0.1041,-0.0256,0.0819,1580
Stove Kraft,543260,STOVEKRAFT,Consumer Durables,0.1341,0.2775,0.1197,0.0579,0.1471,0.0564,0.1103,1.5663,0.4,50.31,3.42,15.3,15.16,-0.2937,0.3148,0.0869,0.0037,-0.0602,1585
Safari Inds.,523025,SAFARI,Consumer Durables,0.1729,0.1369,0.1502,0.0439,0.0612,0.1093,0.1905,0.2998,0.13,68.39,11.18,52.2,38.12,-0.2676,0.2442,0.1579,-0.1217,0.0967,1605
Eureka Forbes,543482,EUREKAFORB,Consumer Durables,0.0994,0.241,0.1008,0.0225,0.0543,0.0919,0.0435,1.035,0.01,60.93,11.23,44.9,34.58,-0.1977,0.1652,0.0369,0.0124,-0.0174,1635
Relaxo Footwear,530517,RELAXO,Consumer Durables,-0.1252,0.1021,0.152,-0.0336,0.0266,0.0951,0.1237,1.6019,0.1,61.03,22.95,126.6,26.1,-0.4521,0.1421,0.0831,-0.0209,0.0565,1705
Bluestone Jewel,544484,BLUESTONE,Consumer Durables,0.3743,0.4186,0.0833,0,0,-0.0066,-0.0997,15.5103,1.12,,,89,82.03,-0.1769,0.2847,-0.3476,0.7249,-0.3476,1728
Bhartiya Intl.,526666,BIL,Consumer Durables,0.2213,2.0295,0.0923,0.0493,0.6944,0.0779,0.0796,0.5458,1.07,42.75,0.62,3.3,14.04,-0.1397,0.9152,0.0375,0.0369,-0.6569,1758
Hindware Home In,542905,HINDWAREAP,Consumer Durables,-0.1146,6.1375,0.0918,-0.0272,-0.5392,0.026,-0.0076,3.1887,1.14,,0,33.3,21.29,-0.0578,1.0854,-0.0646,-0.1084,0.4746,1793
TTK Prestige,517506,TTKPRESTIG,Consumer Durables,0.1115,0.2151,0.1157,0.0387,0.0981,0.0922,0.1129,0.6298,0.1,57.01,5.81,67.1,26.52,-0.2802,0.14,0.0742,-0.0349,-0.0239,1957
Century Plyboard,532548,CENTURYPLY,Consumer Durables,0.1631,0.2742,0.1096,0.0362,0.0454,0.0782,0.1055,-0.0076,0.67,82.58,18.18,157.3,36.03,-0.1601,0.196,0.0847,-0.0734,0.0393,1969
Kajaria Ceramics,500233,KAJARIACER,Consumer Durables,0.0057,0.5845,0.18,0.0067,0.3341,0.1248,0.1854,0.9754,0.1,45.38,1.36,105.7,23.84,-0.1353,0.5344,0.1122,-0.0563,-0.2219,1999
Thangamayil Jew.,533158,THANGAMAYL,Consumer Durables,0.4486,4.353,0.0618,0.1774,0.5484,0.0523,0.2016,-2.1095,0.96,51.15,0.93,25,30.92,-0.0323,0.9854,0.1488,-0.1307,-0.3996,2024
Senco Gold,543936,SENCO,Consumer Durables,0.2895,0.9408,0.0999,0.0654,0.3044,0.0655,0.1387,-0.5542,1.03,24.87,0.82,44.2,13.56,-0.4578,0.4382,0.0983,-0.0649,-0.2061,2055
Sheela Foam,540203,SFL,Consumer Durables,0.0766,-0.2782,0.0996,0.0215,0.0176,0.0516,0.0301,1.5885,0.41,121.32,68.84,26.2,23.25,-0.3548,0.1131,0.0202,-0.0407,0.0026,2061
Global Surfaces,543829,GSLSU,Consumer Durables,0.3036,0.6475,0.1066,0.0836,-0.0341,-0.0415,-0.0702,3.2296,0.66,,0,6.9,74.23,-0.4191,0.3688,-0.0908,-0.1539,-0.0567,2186
V I P Inds.,507880,VIPIND,Consumer Durables,-0.1212,-4.6856,0.0439,-0.0356,0.2136,-0.024,-0.1198,-13.3716,1.22,,0,131,89.79,-0.2366,0.6106,-0.121,-0.1735,-0.3346,2224
Forbes & Co,502865,BOM:502865,Consumer Durables,-0.3727,-0.0795,0.0512,-0.0663,-0.7563,0.21,1.0366,-0.3839,0.02,17.33,-0.23,2.8,11.04,-0.4235,0.3887,0.6238,0.7142,1.3801,LOW LIQUIDITY
PNGS Gargi FJ,543709,BOM:543709,Consumer Durables,1.024,1.0177,0.2801,0.0503,0.001,0.295,0.2861,0.4707,0.06,36.02,345.91,8.6,24.34,-0.346,0.257,0.4476,0.1066,0.4466,LOW LIQUIDITY
Johnson Con. Hit,523398,JCHAC,Consumer Durables,-0.1439,-0.5126,0.0427,-0.052,-0.3389,0.0243,0.0667,0.9163,0.07,118.04,-3.48,20.2,35.31,-0.1623,0.0931,0.0996,0.1777,0.4385,LOW LIQUIDITY
RBZ Jewellers Lt,544060,RBZJEWEL,Consumer Durables,-0.0833,-0.2159,0.1717,-0.013,-0.0503,0.1156,0.1998,-0.2389,0.37,16.95,-3.37,10.2,11.19,-0.3815,0.4519,0.1715,0.0276,0.2218,LOW LIQUIDITY
Hawkins Cookers,508486,BOM:508486,Consumer Durables,0.0697,-0.0619,0.1391,0.0288,-0.0108,0.1365,0.3926,0.6459,0.16,40.45,-37.41,6.5,26.5,-0.1237,0.2218,0.32,-0.0404,0.3308,LOW LIQUIDITY
Greenply Industr,526797,GREENPLY,Consumer Durables,0.0751,-0.0925,0.0739,0.0261,-0.1031,0.065,0.1058,1.3702,0.64,44.32,-4.3,53.5,18.34,-0.2224,0.2714,0.1203,0.0359,0.2234,LOW LIQUIDITY
Radhika Jeweltec,540125,RADHIKAJWE,Consumer Durables,0.0577,0.3911,0.2553,0.0092,0.0421,0.1591,0.2759,0.1887,0.13,16.26,3.86,37.2,10.96,-0.3244,0.2151,0.2046,-0.0017,0.1625,LOW LIQUIDITY
Singer India,505729,BOM:505729,Consumer Durables,-0.0668,-5.2143,-0.0406,-0.0153,-0.3976,0.0149,0.0419,-2.3589,0.01,101.18,-2.54,17.5,44.56,-0.2333,0.4973,0.0489,0.02,0.4465,LOW LIQUIDITY
Responsive Ind,505509,RESPONIND,Consumer Durables,0.0588,0.0308,0.2143,0.0133,0.0075,0.1633,0.1477,0.3226,0.19,26.6,35.5,105.6,18.26,-0.3098,0.2824,0.1602,0.0065,0.1527,LOW LIQUIDITY
Titan Company,500114,TITAN,Consumer Durables,0.2884,0.5909,0.1001,0.1232,0.2376,0.0979,0.4129,-0.0986,0.97,81.49,3.43,2333.9,47.19,-0.0115,0.2961,0.3175,-0.0116,0.0799,LOW LIQUIDITY
Mayur Uniquoters,522249,MAYURUNIQ,Consumer Durables,0.0599,0.1872,0.2104,0.0142,0.0567,0.2419,0.2861,0.8365,0.01,15.98,2.82,11,10.05,-0.1863,0.234,0.1539,0.008,0.0972,LOW LIQUIDITY
Rushil Decor,533470,RUSHIL,Consumer Durables,-0.2068,-2.1113,-0.0113,-0.0517,-0.5586,0.067,0.0326,1.2319,0.42,36.44,-0.65,34.1,11.62,-0.3236,0.3706,0.0796,-0.0155,0.6382,LOW LIQUIDITY
Orient Electric,541301,ORIENTELEC,Consumer Durables,0.0643,0.1552,0.054,0.0183,0.0529,0.045,0.1706,0.6391,0.17,50.97,9.64,135,20.65,-0.1978,0.1864,0.1254,0.0224,0.0725,LOW LIQUIDITY
Manoj Vaibhav,543995,MVGJL,Consumer Durables,0.0183,-0.0542,0.0681,0.0048,-0.0118,0.0699,0.1709,-0.3899,0.56,9.9,-8.43,6.7,7.67,-0.3646,0.1952,0.1503,-0.0179,0.1621,LOW LIQUIDITY
Universus Photo,542933,UNIVPHOTO,Consumer Durables,-0.461,-0.4219,-5.328,-0.1728,0.0854,4.4344,7.632,2.2257,0,3.71,0.43,0.4,3.37,-0.3637,0.5974,0.0869,0.2982,0.0015,LOW LIQUIDITY
Liberty Shoes,526596,LIBERTSHOE,Consumer Durables,0.0141,-0.2344,0.087,0.0286,-0.1422,0.0499,0.0602,2.0283,0.73,40.2,-2.83,4,9.96,-0.4462,0.1397,0.072,-0.0001,0.2142,LOW LIQUIDITY
Khazanchi Jewell,543953,BOM:543953,Consumer Durables,0.0595,0.6467,0.0522,0.0128,0.132,0.0403,0.2733,0.0017,0.23,33.57,2.54,17.1,24.29,-0.0391,0.3134,0.2143,-0.0296,0.0823,LOW LIQUIDITY
T B Z,534369,TBZ,Consumer Durables,0.0466,0.3196,0.0852,0.0106,0.0784,0.0616,0.1403,-0.1678,1.2,16.74,2.13,12.5,10.16,-0.3659,0.1918,0.1088,0.0155,0.0304,LOW LIQUIDITY
Anka India,531673,BOM:531673,Consumer Durables,0,-3.5,,,-1.2174,,0.0066,-0.7576,0,,0,32.5,5138.17,-0.1581,3.5877,0.0191,-0.029,1.2365,LOW LIQUIDITY
Butterfly Gan Ap,517421,BUTTERFLY,Consumer Durables,0.1369,0.3407,0.0948,0.0474,0.3143,0.0643,0.1624,0.7061,0.03,34.3,1.09,7.2,17.39,-0.1855,0.4215,0.1005,0.073,-0.2138,LOW LIQUIDITY
Mini Diamonds(I),523373,BOM:523373,Consumer Durables,0.1271,-0.0109,0.0254,0.0279,-0.2383,0.0148,0.1038,-5.2703,0.04,99.47,-4.17,12.8,51.68,-0.3805,0.4805,0.1257,-0.1613,0.364,LOW LIQUIDITY
Greenlam Industr,538979,GREENLAM,Consumer Durables,0.1142,-1.7578,0.0654,0.0269,-0.491,0.054,0.0429,1.2258,1.06,199.14,-4.06,153.5,29.95,-0.1823,0.4211,0.0607,-0.0744,0.5517,LOW LIQUIDITY
CWD,543378,BOM:543378,Consumer Durables,0.7093,0.1831,0.2699,0,0,0.1562,0.0898,0.535,0.15,283.72,,4.6,86.26,-0.0821,1.7464,0.0578,0.013,0.0578,LOW LIQUIDITY
Swiss Military,523558,BOM:523558,Consumer Durables,0.1979,-0.212,0.0508,0.0422,-0.0576,0.057,0.1025,-0.2549,0.13,59.29,-10.29,97.2,40.08,-0.4943,0.0496,0.0945,-0.0253,0.1521,LOW LIQUIDITY
Lehar Footwears,532829,BOM:532829,Consumer Durables,1.25,2.0546,0.0892,0.285,0.4499,0.0789,0.1701,0.9438,0.58,26.93,0.6,6.7,14.53,-0.2551,0.2435,0.1021,0.0326,-0.3478,LOW LIQUIDITY
Wim Plast,526586,BOM:526586,Consumer Durables,-0.0051,0.164,0.149,-0.0013,0.1422,0.2378,0.3721,0.7315,0,9.11,0.64,1.3,5.89,-0.2742,0.1416,0.1136,0.0002,-0.0286,LOW LIQUIDITY
Motisons Jewel,544053,MOTISONS,Consumer Durables,-0.0187,0.2686,0.1466,-0.0036,0.0399,0.1496,0.1472,-0.3368,0.18,35.88,9,383.7,23.67,-0.5157,0.063,0.1164,-0.023,0.0765,LOW LIQUIDITY
Mirza Internatio,526642,MIRZAINT,Consumer Durables,0.0314,0.7206,0.0882,0.0075,-0.5237,0.0116,0.0013,6.6916,0.09,,0,15.2,14.8,-0.1711,0.4782,-0.0108,-0.0399,0.5129,LOW LIQUIDITY
IKIO Tech,543923,IKIO,Consumer Durables,-0.0543,-0.8289,0.0941,-0.0142,-0.3317,0.082,0.0645,0.6887,0.09,76.26,-2.3,21.7,23.01,-0.3296,0.2318,0.0555,-0.1191,0.3872,LOW LIQUIDITY
Nilkamal Ltd,523385,NILKAMAL,Consumer Durables,0.1891,-0.1663,0.0657,0.0424,-0.0245,0.0519,0.0758,1.3478,0.36,21.76,-8.87,2.3,8.69,-0.2536,0.0091,0.0732,-0.0138,0.0977,LOW LIQUIDITY
Renaiss. Global,532923,RGL,Consumer Durables,0.1922,-0.0191,0.0683,0.0411,-0.0072,0.0637,0.0632,-0.0237,0.48,18.46,-25.64,10.8,11.31,-0.3713,0.2772,0.0602,-0.0049,0.0674,LOW LIQUIDITY
Sreeleathers,535601,SREEL,Consumer Durables,0.0228,-0.3644,0.0797,0.0189,-0.0748,0.1354,0.1866,0.8427,0.01,24.92,-3.33,2.6,16.54,-0.2598,0.0646,0.0514,-0.0166,0.1262,LOW LIQUIDITY
Uday Jewellery,539518,BOM:539518,Consumer Durables,1.7211,1.9618,0.0965,0.2486,0.4738,0.0653,0.2015,-1.0909,0.23,24.39,0.51,8.4,17.06,-0.0939,0.3006,0.1185,-0.0018,-0.3553,LOW LIQUIDITY
Virtuoso Optoel.,543597,BOM:543597,Consumer Durables,0,0,0.0966,0,0,0.0723,0.064,0.6298,0.61,104.45,,15.4,27.15,-0.2957,0.3556,0.0575,-0.0093,0.0575,LOW LIQUIDITY
BPL,500074,BPL,Consumer Durables,0.0046,-0.796,0.172,0.0013,-3.6934,0.74,-1.1123,0.4519,0.04,6.56,-0.02,7,6.08,-0.4902,0.1685,-0.0815,-0.1374,3.6119,LOW LIQUIDITY
KDDL Ltd,532054,KDDL,Consumer Durables,0.2919,0.183,0.1472,0.0638,0.0306,0.13,0.0872,-0.0185,0.5,34.12,11.16,4.6,10.15,-0.2063,0.2983,0.1151,-0.0569,0.0845,LOW LIQUIDITY
Somany Ceramics,531548,SOMANYCERA,Consumer Durables,0.0447,-0.1555,0.0797,0.0097,-0.0281,0.0491,0.0816,1.0157,0.47,30.57,-10.9,9.6,9.15,-0.4006,0.1176,0.0817,-0.0472,0.1098,LOW LIQUIDITY
La Opala RG,526947,LAOPALA,Consumer Durables,-0.104,0.0714,0.3697,-0.0229,0.0726,0.4261,0.4623,0.8574,0.01,25.67,3.54,34,16.17,-0.3852,0.2134,0.1093,-0.0436,0.0367,LOW LIQUIDITY
MIRC Electronics,500279,MIRCELECTR,Consumer Durables,-0.3817,-5.6779,-0.0571,-0.1164,6.5913,-0.0041,-0.1608,2.5163,0.81,,0,218.3,285.59,-0.1309,1.5809,-0.0181,0.3912,-6.6094,LOW LIQUIDITY
Elin Electronics,543725,ELIN,Consumer Durables,0.0065,0.5861,0.0594,0.0016,0.4439,0.043,0.0849,0.4472,0.05,30.75,0.69,9.4,13.23,-0.1482,0.8755,0.0438,0.0163,-0.4001,LOW LIQUIDITY
Hardwyn India,541276,HARDWYN,Consumer Durables,0.0491,1.709,0.1325,0.0135,0.2039,0.1089,0.0482,0.0915,0.03,52.93,2.6,88.9,32.76,-0.491,0.3628,0.0289,0.0018,-0.175,LOW LIQUIDITY
Borosil,543212,BOROLTD,Consumer Durables,0.0732,0.8741,0.1605,0.0266,0.2736,0.1107,0.1302,-0.1882,0.12,49.69,1.82,60.5,20.15,-0.3177,0.2325,0.0932,-0.0274,-0.1804,LOW LIQUIDITY
Orient Bell,530365,ORIENTBELL,Consumer Durables,-0.0353,0.8021,0.0348,-0.0078,0.5211,0.0145,0.012,3.9054,0.15,99.69,1.91,2,13.86,-0.1727,0.3625,0.009,0.0056,-0.5121,LOW LIQUIDITY
Asian Star Co.,531847,BOM:531847,Consumer Durables,-0.0562,0.0471,0.0303,-0.0144,0.0372,0.0307,0.0385,2.5259,0.34,24.98,6.71,1.2,13.67,-0.1852,0.1381,0.0289,-0.0215,-0.0083,LOW LIQUIDITY
Stanley Lifesty.,544202,STANLEY,Consumer Durables,0.0794,1.0789,0.207,0.0188,0.1512,0.1354,0.0901,1.1961,0.41,46.41,3.07,18.9,15.24,-0.4541,0.0427,0.0811,-0.0449,-0.0701,LOW LIQUIDITY
Khadim India,540775,KHADIM,Consumer Durables,-0.0807,-0.8174,0.1288,0.1012,1.7852,0.0959,0.0486,1.2992,1.17,29.43,0.16,3.2,9.62,-0.3088,0.1482,0.022,-0.0064,-1.7632,LOW LIQUIDITY
Exxaro Tiles,543327,EXXARO,Consumer Durables,0.0842,1.191,0.0941,0.02,18,0.0644,0.0187,1.6264,0.33,95.86,0.05,70.6,17.8,-0.1578,0.8716,0.0009,-0.0062,-17.9991,LOW LIQUIDITY
Shalimar Paints,509874,SHALPAINTS,Consumer Durables,0.1958,0.3835,-0.0491,0.0419,-0.1294,-0.0785,-0.2113,0.9361,0.52,,0,17.2,-23.5,-0.4644,0.1072,-0.2264,-0.0247,-0.097,LOW LIQUIDITY
BirlaNu Ltd,509675,BIRLANU,Consumer Durables,-0.0491,-1.1046,0.0377,-0.015,0.3339,-0.0205,-0.0566,-1.5123,0.79,,0,0.9,32.06,-0.3152,0.184,-0.0725,-0.0989,-0.4064,LOW LIQUIDITY
Safe Enterprises,,SAFEENTP,Consumer Durables,0,0,,0,0,0.3619,1.0635,0.6203,0,24.59,,,18.41,-0.1705,0.3692,0.7755,0.7755,0.7755,
Foce India,,FOCE,Consumer Durables,0.2906,-0.2966,0.1376,0,0,0.1784,0.2298,0.8199,0.38,65.92,,5.9,51.94,-0.0251,0.5824,0.2011,-0.0805,0.2011,
Parin Enterpris.,,PARIN,Consumer Durables,1.9294,1.363,0.0847,0.4269,0.2124,0.0824,0.1278,-0.814,1.47,71.57,3.37,10.1,28.1,-0.0469,0.7327,0.1137,0.0736,-0.0987,
Cellecor Gadgets,,CELLECOR,Consumer Durables,0.5069,0.3358,0.053,0.2103,0.1589,0.0499,0.3119,-0.6289,0.77,19.41,1.22,96.9,12.6,-0.6135,0.2233,0.2513,-0.0591,0.0924,
Focus Lighting,,FOCUS,Consumer Durables,-0.2457,-0.7624,0.1033,-0.0734,-0.4569,0.0765,0.0847,1.5452,0.12,66.38,-1.45,26.3,25.53,-0.4338,0.2783,0.1131,-0.2453,0.57,
Goldkart Jewels,,GOLDKART,Consumer Durables,0.3467,0.5683,0.1037,0.1452,0.3102,0.0807,0.2007,0.5537,0.23,98.4,3.17,10.3,57.69,-0.0485,0.3702,0.0772,0.0442,-0.233,
Essen Speciality,,ESFL,Consumer Durables,0.1913,-0.3358,0.0855,0.0383,-0.1268,0.0903,0.0982,-0.692,0.11,48.45,-3.82,8,21.94,-0.7332,0.0008,0.0788,-0.0483,0.2056,
Yash Optics,,YASHOPTICS,Consumer Durables,0.0571,0.0655,0.2805,0,0,0.3194,0.1319,0.4116,0.16,34.11,,8.7,19.96,-0.1674,0.7603,0.1544,-0.2147,0.1544,
Utssav CZ Gold,,UTSSAV,Consumer Durables,0.6709,1.9807,0.0925,0.2953,0.748,0.0813,0.4292,-2.2393,1.03,13.42,0.18,11.2,9.68,-0.2032,0.7318,0.315,-0.1104,-0.433,
Godrej Industrie,500164,GODREJIND,Diversified,0.0499,0.0829,0.089,0.0108,0.1527,0.2335,0.0934,-1.2701,3.75,36.21,2.37,121.1,13.34,-0.221,0.418,0.0964,0.0899,-0.0563,1087
3M India,523395,3MINDIA,Diversified,0.1402,0.4303,0.202,0.0686,0.1639,0.1848,0.5415,0.4526,0.06,73.83,4.5,28.6,43.15,-0.0149,0.4117,0.2385,-0.0462,0.0746,1148
DCM Shriram,523367,DCMSHRIRAM,Diversified,0.1063,1.5118,0.0945,0.0579,0.2158,0.0973,0.0975,1.0898,0.3,26.88,1.25,41.3,11.8,-0.1823,0.361,0.0866,0.0206,-0.1292,1470
Dhunseri Vent.,523736,DVL,Diversified,0.0756,0.0183,0.4812,0.1284,0.0089,0.4336,0.1823,-1.6686,0.12,7.91,8.91,1.3,4.4,-0.3015,0.134,0.0469,-0.0078,0.038,1786
Balmer Lawrie,523319,BALMLAWRIE,Diversified,0.0666,0.0799,0.1222,0.0214,0.024,0.1246,0.215,0.5197,0.05,12.6,5.25,29.7,8.08,-0.1884,0.3619,0.1397,0.0029,0.1157,LOW LIQUIDITY
Empire Inds.,509525,BOM:509525,Diversified,0.0998,-0.0072,0.0927,0.0223,0.0053,0.0964,0.0929,1.3793,0.48,18.57,35.29,1.2,7.83,-0.3343,0.1544,0.1114,-0.0143,0.1061,LOW LIQUIDITY
TTK Healthcare,507747,TTKHLTCARE,Diversified,0.0256,0.1855,0.0262,0.0295,-0.0081,0.1121,0.084,-0.0407,0.02,23.06,-28.31,2.1,10.42,-0.2777,0.1625,0.0689,0.0046,0.077,LOW LIQUIDITY
Hind. Unilever,500696,HINDUNILVR,Diversified FMCG,0.0198,-0.0214,0.2294,0.0178,0.0148,0.2216,0.2266,0.8194,0.04,54.44,36.73,2777.5,36.64,-0.1183,0.1475,0.2072,0.0048,0.1924,333
Godavari Bioref.,544279,GODAVARIB,Diversified FMCG,0.0205,0.3864,0.0108,0.0057,-0.4519,0.0454,-0.0125,0.0875,0.63,,0,8.8,13.23,-0.3572,0.8114,-0.0379,-0.0629,0.414,1694
Hindustan Foods,519126,HNDFDS,Diversified FMCG,0.1459,0.1644,0.0804,0.0355,0.0627,0.0635,0.1002,0.5025,1,55.1,8.79,82.9,22.48,-0.1388,0.2483,0.1397,-0.0426,0.077,LOW LIQUIDITY
Davangere Sugar,543267,DAVANGERE,Diversified FMCG,-0.4718,0.383,0.4732,-0.1,0.0348,0.2217,0.0296,-0.1114,0.77,47.11,13.54,217.1,14.33,-0.7091,0.2277,0.0317,-0.0058,-0.0031,LOW LIQUIDITY
ITC,500875,ITC,Diversified FMCG,-0.0244,0.0291,0.3433,0.0429,0.0217,0.3494,0.7391,0.6569,0,25.4,11.72,9164.2,17.48,-0.1318,0.0492,0.2732,-0.0033,0.2515,
Vedanta,500295,VEDL,Diversified Metals,0.0594,-0.2244,0.2858,0.0281,-0.0777,0.226,0.153,1.1391,2.12,15.52,-2,1927.6,5.79,-0.0398,0.3972,0.3848,0.2799,0.4625,37
Jain Resource,544537,JAINREC,Diversified Metals,0.5296,0.8053,0.076,0,0,0.0606,0.2062,0.0751,0.9,49.58,,,32.42,-0.1209,0.4699,0.3898,-0.1817,0.3898,551
Pondy Oxides,532626,POCL,Diversified Metals,0.1084,1.046,0.0843,0.1092,0.4799,0.0606,0.2001,-0.8148,0.05,40.83,0.85,17.3,25.4,-0.1449,1.6299,0.1366,0.0077,-0.3433,1418
Indosolar,533257,WAAREEINDO,Electrical Equipment,6.2082,3.8882,0.3491,1.1396,2.9007,0.2512,1.2121,1.2418,0.02,11.3,0.04,49.3,11.41,-0.2003,2.5124,4.202,4.202,1.3013,8
Websol Energy,517498,WEBELSOLAR,Electrical Equipment,0.1719,0.1034,0.4297,0.2291,0.3149,0.3994,0.4147,0.7812,0.41,25.46,0.81,57.4,16.12,-0.3694,0.4866,0.8017,0.8657,0.4868,20
Atlanta Electric,544527,ATLANTAELE,Electrical Equipment,0.0506,0.2526,0.1548,0,0,0.1556,0.3706,0.4464,0.4,61.88,,,39.04,-0.0598,0.2861,0.408,0.0912,0.408,66
Premier Energies,544238,PREMIERENE,Electrical Equipment,0.2028,0.7161,0.3053,0.0726,0.2858,0.2501,0.3897,0.959,0.47,38.63,1.35,604.9,19.5,-0.2664,0.3477,0.5355,0.0989,0.2497,86
A B B,500002,ABB,Electrical Equipment,0.1217,-0.2046,0.1304,0.0348,-0.0413,0.1926,0.3488,0.5252,0.01,61.9,-14.97,327.9,41.37,-0.34,0.1445,0.2882,0.059,0.3295,101
Triveni Turbine,533655,TRITURBINE,Electrical Equipment,-0.1986,-0.1938,0.198,-0.0459,0.0267,0.246,0.5179,0.4062,0.03,49.16,18.4,439.1,33.13,-0.4027,0.1615,0.3059,0.0206,0.2792,145
Siemens,500550,SIEMENS,Electrical Equipment,0.1553,-0.0316,0.12,-0.2513,-0.313,0.141,0.2198,0.4891,0.01,64.11,-2.05,319.5,39.96,-0.3262,0.2673,0.1765,0.0193,0.4895,170
KP Green Engg.,544150,BOM:544150,Electrical Equipment,0.7635,0.9351,0.158,0,0,0.1593,0.3102,0.1727,0.31,39.56,,45.2,25.89,-0.1342,0.7234,0.2508,0.015,0.2508,187
Shilchar Tech.,531201,BOM:531201,Electrical Equipment,0.3119,0.4036,0.3129,0.1484,0.2058,0.334,0.5694,0.1994,0,28.5,1.39,13.8,20.7,-0.278,0.5772,0.5293,-0.026,0.3235,253
Servotech Renew,,SERVOTECH,Electrical Equipment,0.2189,0.1696,0.0761,0.0369,0.0232,0.076,0.1935,-1.0641,0.32,77.95,33.58,248,43.89,-0.413,0.1853,0.173,0.0718,0.1498,260
GE Vernova T&D,522275,GVT&D,Electrical Equipment,0.3888,1.0708,0.2577,0.187,0.5119,0.2457,0.8262,1.0676,0.01,85.17,1.66,961.2,59.69,-0.0798,1.4413,0.4035,0.2469,-0.1084,297
Prostarm Info,544410,PROSTARM,Electrical Equipment,0,0,0.0671,0,0,0.136,0.4588,-0.1214,0.57,31.03,,,20.44,-0.3653,0.5023,0.3,-0.0228,0.3,314
Suzlon Energy,532667,SUZLON,Electrical Equipment,0.8403,5.3908,0.1862,0.2642,0.5273,0.1693,0.5025,0.6396,0.05,25.64,0.49,14070.1,30.74,-0.1952,0.3,0.4144,0.1267,-0.1129,325
T R I L,532928,TARIL,Electrical Equipment,0.6439,2.3524,0.1666,0.104,0.2227,0.1768,0.5079,0.4716,0.23,46.83,2.1,290.7,29.04,-0.3787,0.1375,0.2345,0.1411,0.0118,330
TD Power Systems,533553,TDPOWERSYS,Electrical Equipment,0.4765,0.4584,0.1826,0.1909,0.1923,0.1846,0.2987,0.1651,0.04,60.41,3.14,204.3,41.16,-0.053,1.7488,0.2231,0.0423,0.0308,421
Saatvik Green,544526,SAATVIKGL,Electrical Equipment,2.7228,4.5889,0.1933,0,0,0.1504,0.587,0.1312,1.49,21.77,,,20.55,-0.0753,0.2766,0.9406,-0.4844,0.9406,441
Schneider Elect.,534139,SCHNEIDER,Electrical Equipment,0.0484,-0.1493,0.1115,0.0109,-0.0289,0.1389,0.3077,0.805,1.27,84.1,-29.11,1042.5,53.34,-0.1751,0.6843,0.7396,-0.5228,0.7685,471
Volt.Transform.,532757,VOLTAMP,Electrical Equipment,-0.0107,0.0014,0.1715,-0.0024,0.021,0.2286,0.7803,0.5111,0,22.45,10.68,4.7,15.97,-0.3752,0.2229,0.2168,-0.026,0.1958,630
Skipper,538562,SKIPPER,Electrical Equipment,0.1485,0.4137,0.1014,0.0351,0.0803,0.0892,0.1417,0.3731,0.6,36.21,4.51,54.9,12.85,-0.2335,0.4923,0.1418,0.0516,0.0615,633
Genus Power,530343,GENUSPOWER,Electrical Equipment,1.2755,2.1593,0.2117,0.2163,0.2836,0.2197,0.259,-0.8607,0.74,28.18,0.99,177.5,16.46,-0.2701,0.4978,0.1749,0.1157,-0.1087,634
Elecon Engg.Co,505700,ELECON,Electrical Equipment,0.1377,0,0.2173,0.0755,0.086,0.2473,0.2562,0.7882,0.11,27.6,3.21,123.9,18.22,-0.2296,0.586,0.2296,-0.0151,0.1436,642
Jyoti Structures,513250,JYOTISTRUC,Electrical Equipment,0.7687,1.1925,0.0442,0.1363,0.1691,0.0717,0.0166,-4.9384,3.55,34.14,2.02,300.7,57.93,-0.6406,0.0267,0.1327,0.1327,-0.0364,776
Inox Wind,539083,INOXWIND,Electrical Equipment,0.2919,10.151,0.2223,0.0527,0.1124,0.2112,0.1172,0.1918,0.3,51.22,4.56,718.8,28.03,-0.3246,0.1788,0.1169,0.1285,0.0045,802
Waaree Renewab.,534618,WAAREERTL,Electrical Equipment,0.4773,1.1722,0.2039,0.3863,0.5349,0.2185,0.6733,0.9563,0.12,35.11,0.66,196.5,25,-0.3439,0.6257,0.6556,-0.2204,0.1207,1095
Transrail Light,544317,TRANSRAILL,Electrical Equipment,0.8125,1.0452,0.1198,0.1402,0.1697,0.1223,0.306,0.3752,0.35,24.57,1.45,66.8,11.77,-0.1857,0.858,0.2155,-0.0254,0.0458,1115
Vikram Solar,544488,VIKRAMSOLR,Electrical Equipment,0.9372,16.4579,0.2117,0,0,0.1087,0.0579,0.8027,0.09,44.01,,140.9,18.9,-0.2211,0.0168,0.1657,-0.0523,0.1657,1120
Quality Power El,544367,QPOWER,Electrical Equipment,1.8772,-0.2248,0.1754,0.3425,0.1014,0.2669,0.1495,0.565,0.02,105.44,10.4,135,56.41,-0.117,2.5678,0.2206,-0.0604,0.1192,1126
Salzer Electron.,517059,SALZERELEC,Electrical Equipment,0.215,-0.5046,0.0848,0.114,0.0245,0.0765,0.1231,-0.1538,0.86,24.44,9.98,4.2,12.53,-0.5482,0,0.1057,0.0069,0.0812,1136
CG Power & Ind,500093,CGPOWER,Electrical Equipment,0.2114,0.2976,0.1289,0.1171,0.126,0.1336,0.2687,0.7083,0.02,108.88,8.64,2455.4,70.85,-0.0895,0.427,0.2766,-0.3012,0.1506,1155
Thermax,500411,THERMAX,Electrical Equipment,-0.0157,0.3158,0.1046,-0.0033,0.0547,0.1018,0.2821,1.0388,0.35,57.7,10.54,93.4,32.04,-0.3934,0.1087,0.1357,-0.0063,0.081,1187
Avalon Tech,543896,AVALON,Electrical Equipment,0.3907,0.4291,0.101,0.2106,0.4579,0.1014,0.1737,0.2538,0.25,84.94,1.85,76.2,45.06,-0.1554,0.8615,0.1035,0.0593,-0.3544,1286
Hitachi Energy,543187,POWERINDIA,Electrical Equipment,0.1794,4.0557,0.1632,0.0674,0.8657,0.1446,0.2157,2.615,0.02,125.98,1.46,87.9,79.25,-0.07,1.3203,0.1379,0.0105,-0.7278,1460
Apar Inds.,532259,APARINDS,Electrical Equipment,0.2306,0.2982,0.0806,0.1165,0.1497,0.0812,0.2582,0.8361,0.14,35.97,2.4,28,18.65,-0.2864,0.9716,0.195,-0.0733,0.0453,1478
RIR Power Electr,517035,BOM:517035,Electrical Equipment,-0.0019,-0.3852,0.1376,-0.0006,-0.1316,0.1344,0.0861,0.3186,0.13,277.25,-21.06,131,157.85,-0.3545,0.7709,0.0913,-0.0708,0.2229,1508
Waaree Energies,544277,WAAREEENER,Electrical Equipment,0.697,1.3297,0.2319,0.2429,0.4526,0.2195,0.2703,1.1667,0.26,36.04,0.8,244,20.11,-0.1235,0.873,0.2742,-0.0592,-0.1784,1534
B H E L,500103,BHEL,Electrical Equipment,0.1409,2.5317,0.0773,0.0328,0.0738,0.0525,0.0324,1.3427,0.45,164.58,22.29,1311.7,51.51,-0.03,0.4997,0.0212,0.0099,-0.0526,1759
Bharat Bijlee,503960,BBL,Electrical Equipment,0.2014,0.5024,0.0735,0.0891,0.1037,0.1011,0.3028,0.8992,0.09,22.76,2.2,1.7,14.23,-0.3853,0.2605,0.07,-0.0099,-0.0337,1828
Siemens Ener.Ind,544390,ENRIN,Electrical Equipment,0.2024,0.8018,0.1907,0,0,0.21,0.1325,0.1847,0.03,214.32,,1040.2,190.48,-0.1272,0.2612,0,0,0,1850
Yash Highvoltage,544310,BOM:544310,Electrical Equipment,0.7553,1.1941,0.2124,0,0,0.2085,,0,,48.16,,,,-0.2058,2.3793,0,0,0,1850
Diamond Power,522163,DIACABS,Electrical Equipment,0.3483,0.2078,0.1024,0.0699,0.1026,0.0433,0.0284,1.6434,,211.82,20.64,-483.3,114.4,-0.174,0.8877,0,0,-0.1026,1950
Azad Engineering,544061,AZAD,Electrical Equipment,0.2806,0.5662,0.3602,0.1487,0.2799,0.3513,0.1044,0.4369,0.2,93.03,3.32,46,47.88,-0.1543,0.4463,0.0858,-0.045,-0.1941,2046
Swelect Energy,532051,SWELECTES,Electrical Equipment,0.5567,2.2707,0.2354,0.102,4.4462,0.1748,0.0333,1.7563,0.73,43.14,0.1,2,9.71,-0.3783,0.6622,0.0058,-0.0303,-4.4404,2152
Kirl. Electric,533193,KECL,Electrical Equipment,-0.0092,-0.7824,0.052,-0.0023,0.2803,0.0306,-0.0433,1.9488,1.01,,0,44.2,40.03,-0.4296,0.0942,-0.0612,-0.2225,-0.3415,2226
GE Power,532309,GVPIL,Electrical Equipment,0.1642,2.457,-0.0425,0.0386,-1.0045,0.0482,0.1168,18.1929,0.09,,0,42,23.34,-0.3568,0.4997,1.0532,1.96,2.0577,LOW LIQUIDITY
Mangal Electrica,544492,MEIL,Electrical Equipment,-0.2157,-0.3156,0.1112,0,0,0.1437,0.4009,-0.3815,0.92,27.43,,,16.69,-0.2117,0.0326,0.3413,0.1412,0.3413,LOW LIQUIDITY
Australian Prem,,APS,Electrical Equipment,0.8388,1.1441,0.1399,0.318,0.3849,0.1317,0.4266,0.449,0.23,17.71,0.46,14.4,11.96,-0.2693,0.3851,0.5782,0.382,0.1933,LOW LIQUIDITY
Marsons,517467,BOM:517467,Electrical Equipment,0.574,0.5324,0.1554,0.1019,0.2379,0.1674,0.3624,-1.3967,0.02,95.17,4,412.5,93.4,-0.5124,0.4839,0.3647,0.2916,0.1268,LOW LIQUIDITY
Kaycee Inds.,504084,BOM:504084,Electrical Equipment,0.1177,-0.026,0.1489,0.0583,-0.0238,0.1443,0.3002,0.7112,0.11,59.42,-24.96,3.5,36.96,-0.6115,0.3438,0.2225,0.017,0.2463,LOW LIQUIDITY
RMC Switchgears,540358,BOM:540358,Electrical Equipment,0.8607,0.9005,0.1699,0.2851,0.2939,0.1582,0.4991,0.3005,0.55,17.19,0.58,6.9,11.03,-0.453,0.2819,0.3754,0.0676,0.0815,LOW LIQUIDITY
Indo Tech.Trans.,532717,INDOTECH,Electrical Equipment,0.9955,2.2437,0.1464,0.1337,0.2076,0.1511,0.3794,0.5771,0.03,22.63,1.09,6.6,15.18,-0.5668,0.0775,0.2566,0.0151,0.049,LOW LIQUIDITY
Ram Ratna Wires,522281,RAMRAT,Electrical Equipment,0.102,-0.0681,0.0436,0.0247,-0.0146,0.0412,0.1439,1.5308,0.63,43.56,-29.79,26.5,17.68,-0.2079,0.3651,0.1489,0.006,0.1635,LOW LIQUIDITY
Delton Cables,504240,BOM:504240,Electrical Equipment,0.0896,0.0199,0.0851,0.0181,0.0716,0.0657,0.1588,-0.3142,2.04,45.79,6.39,6.1,15.63,-0.4581,0.3199,0.1622,0.0104,0.0906,LOW LIQUIDITY
Modison,506261,MODISONLTD,Electrical Equipment,0.1516,0.2838,0.0638,0.036,0.0655,0.0855,0.1654,-0.3966,0.34,17.01,2.6,6.9,10.26,-0.3256,0.3139,0.1213,0.0323,0.0558,LOW LIQUIDITY
Bajel Projects,544042,BAJEL,Electrical Equipment,0.1868,-0.3986,0.0272,0.0368,-0.1406,0.0301,0.0875,0.8233,0.24,160.05,-11.38,42,20.71,-0.4047,0.2638,0.0268,0.0177,0.1674,LOW LIQUIDITY
Artemis Electri.,542670,BOM:542670,Electrical Equipment,0.5953,2.425,0.1119,0.1017,0.1352,0.1493,0.1242,3.9006,0.03,65.25,4.82,164.6,43.76,-0.3227,0.3752,0.0926,0.0398,-0.0426,LOW LIQUIDITY
S & S Power Swit,517273,S&SPOWER,Electrical Equipment,0.6411,1.7344,0.0512,0.125,-1.4615,0.0299,0.0355,5.5817,0.42,336.03,-2.3,7.9,49.91,-0.2806,0.6023,-0.0899,-0.0899,1.3716,LOW LIQUIDITY
Ravindra Energy,504341,RELTD,Electrical Equipment,6.7234,20.9929,0.3096,0.9771,2.1334,0.2012,0.1047,1.6477,0.98,36.16,0.17,134.8,28.29,-0.1318,0.7884,0.1078,0.0018,-2.0256,LOW LIQUIDITY
Permanent Magnet,504132,BOM:504132,Electrical Equipment,-0.0214,0.2661,0.2097,-0.0058,0.1022,0.1239,0.149,1.5695,0.1,47.13,4.61,4.6,22.83,-0.2552,0.5267,0.1089,-0.0779,0.0067,LOW LIQUIDITY
Modern Insulator,515008,BOM:515008,Electrical Equipment,0.3619,1.2219,0.0912,0.0747,0.2523,0.0923,0.135,0.9573,0.05,17.85,0.71,7.3,12.54,-0.0892,0.9765,0.0726,-0.0154,-0.1797,LOW LIQUIDITY
Urja Global,526987,URJA,Electrical Equipment,-0.2047,0.3125,0.0432,0.069,0.2047,0.0459,0.0094,-2.4474,0.05,433.46,21.17,197.9,178.78,-0.3658,0.1783,0.0073,-0.0045,-0.1974,LOW LIQUIDITY
Rishabh Instrum.,543977,RISHABH,Electrical Equipment,0.1239,4.4121,0.1492,0.0291,0.7039,0.0745,0.0785,1.7932,0.16,38.43,0.55,9.3,16.45,-0.2127,0.9237,0.0387,-0.0438,-0.6652,LOW LIQUIDITY
Hind.Urban Infra,539984,BOM:539984,Electrical Equipment,-0.2098,-1.5974,0.0059,-0.056,0.4059,-0.1025,-0.0894,0.2882,1.34,,0,0.2,-25.66,-0.2626,0.3262,-0.1153,-0.0444,-0.5212,LOW LIQUIDITY
GEE,504028,BOM:504028,Electrical Equipment,-0.0354,-0.6288,0.0573,-0.0087,0.1784,-0.0152,-0.0609,-4.4821,0.42,,0,11.7,-588.57,-0.1459,0.5135,-0.0465,-0.1115,-0.2249,LOW LIQUIDITY
Spel Semiconduct,517166,BOM:517166,Electrical Equipment,-0.0939,-0.3207,-0.285,-0.0254,0.0915,-0.6906,-0.1632,0.2935,2.4,,0,302.6,-238.65,-0.301,0.8361,-0.3613,-0.1959,-0.4528,LOW LIQUIDITY
Exicom Tele-Sys.,544133,EXICOM,Electrical Equipment,-0.1855,-4.8997,-0.1879,-0.0539,0.8124,-0.1757,-0.1843,2.7275,1.15,,0,41.9,-34.11,-0.6315,0.0599,-0.1648,-0.3,-0.9772,LOW LIQUIDITY
Solex Energy,,SOLEX,Electrical Equipment,0.418,2.3109,0.1151,0,0,0.0958,0.2306,-0.7727,0.93,46.01,,12.4,27.05,-0.0764,1.6738,0.3874,0.1792,0.3874,
Alpex Solar,,ALPEXSOLAR,Electrical Equipment,1.7756,1.2332,0.149,0.8179,0.8444,0.1569,0.4082,0.5716,0.37,19.81,0.23,15.8,13.03,-0.1412,1.5151,0.4772,0.1891,-0.3672,
Oriana Power Ltd,,ORIANA,Electrical Equipment,0.9686,1.2635,0.2535,0,0,0.2401,0.3565,1.2257,0.53,36.72,,23.2,24.53,-0.0619,1.865,0.4835,-0.127,0.4835,
Sahaj Solar,,SAHAJSOLAR,Electrical Equipment,0.7129,1.0122,0.1465,0,0,0.1262,0.4669,-1.3517,0.54,17.97,,9.7,12.8,-0.3479,0.4067,0.3778,-0.1429,0.3778,
Supreme Power,,SUPREMEPWR,Electrical Equipment,0.5022,0.3088,0.1444,0,0,0.1791,0.2823,1.4271,0.18,25.76,,13.7,19.62,-0.2118,1.025,0.2236,-0.0809,0.2236,
GP Eco Solutions,,GPECO,Electrical Equipment,0,0,0.0524,0,0,0.0697,0.4311,1.6338,0.55,60.48,,12.4,36.89,-0.15,1.2783,0.2568,-0.2168,0.2568,
Danish Power,,DANISH,Electrical Equipment,0.2918,0.4139,0.1725,0.1122,0.1473,0.2002,0.3171,-0.2403,0.01,23.91,1.62,9.8,14.96,-0.3822,0.2508,0.2894,-0.3063,0.1421,
Saakshi Medtech,,SAAKSHI,Electrical Equipment,-0.208,-0.79,0.0794,0,0,0.0749,0.0605,0.4364,0.18,65.1,,5.5,29.71,-0.319,0.4716,0.0492,-0.1176,0.0492,
Knowledge Marine,543273,KMEW,Engineering Services,0.1236,0.0942,0.4114,0.0266,0.0308,0.3661,0.2612,0.8033,0.61,66.76,21.65,17,39.94,-0.0232,1.2092,0.2577,0.0549,0.2269,144
Dredging Corpn.,523618,DREDGECORP,Engineering Services,0.6064,0.257,0.1937,0.0801,-0.1839,0.0336,-0.0188,-18.5348,0.76,,0,5.8,17.47,-0.1621,0.8375,-0.0367,-0.064,0.1472,2002
Tips Music,532375,TIPSMUSIC,Entertainment,0.1068,0.1044,0.7603,0.0733,0.0785,0.7014,0.9333,0.5558,0.01,37.9,4.83,327.4,27.86,-0.4573,0.0313,0.8288,0.0347,0.7503,68
Prime Focus,532748,PFOCUS,Entertainment,0.2578,1.5182,0.2388,0.0583,-2.4108,0.2082,0.0732,0.5918,6.43,91.91,-0.38,545.6,14,-0.1264,1.0941,-0.167,1.5153,2.2438,398
Zee Entertainmen,505537,ZEEL,Entertainment,-0.0157,-0.6213,0.0807,-0.0407,-0.1498,0.1122,0.0732,1.1221,0.02,15.06,-1.01,79.8,7.77,-0.3392,0.1227,0.0671,0.0462,0.2169,602
Sun TV Network,532733,SUNTV,Entertainment,-0.0177,-0.054,0.4779,-0.0052,-0.0153,0.5581,0.7192,0.7294,0.01,12.69,-8.32,73.6,7.77,-0.2953,0.091,0.1569,-0.0365,0.1722,1037
Netwrk.18 Media,532798,NETWORK18,Entertainment,-0.7273,1.4245,-0.001,-0.5808,-1.0267,0.105,-0.0094,-14.1372,0.65,818.65,-7.97,228.6,23.08,-0.4565,0.1987,-0.0334,-0.008,0.9933,1156
Saregama India,532163,SAREGAMA,Entertainment,-0.0488,-0.0254,0.299,-0.0088,0.0436,0.2407,0.1576,1.2556,0,41.03,9.41,95,22.36,-0.2985,0.015,0.1251,-0.0058,0.0815,1237
PVR Inox,532689,PVRINOX,Entertainment,0.1239,9.9576,0.3354,0.0829,-0.8756,0.1165,-0.0024,4.7507,1.1,,0,15.8,9.32,-0.2889,0.3953,-0.0418,-0.0347,0.8338,1451
Nazara Technolo.,543280,NAZARA,Entertainment,0.9944,1.3624,0.0465,0.1531,0.7575,0.0523,0.0848,0.9008,0.08,79.09,1.04,119.8,37.31,-0.2724,0.2166,0.029,-0.0052,-0.7285,2053
Sri Adhik. Bros.,530943,SABTNL,Entertainment,-0.9725,-38.2,-23.6667,-0.1735,-4.2444,0.002,0.0883,11.62,0.12,,0,-446.1,11275.24,-0.6547,1.1956,3.9113,3.9113,8.1557,LOW LIQUIDITY
Balaji Telefilms,532382,BALAJITELE,Entertainment,-0.5118,-7.3623,-0.1348,-0.1685,-0.0464,-0.0476,0.3173,-6.5481,0.01,18.96,-4.09,28.3,-145.4,-0.0815,1.6479,0.158,0.1114,0.2044,LOW LIQUIDITY
T.V. Today Netw.,532515,TVTODAY,Entertainment,-0.3623,-0.8639,0.0382,-0.1089,-0.5614,0.0527,0.0583,1.0774,0.02,26.44,-0.47,5.8,7.51,-0.3647,0.0306,0.0844,0.0179,0.6458,LOW LIQUIDITY
Panorama Studios,539469,BOM:539469,Entertainment,2.8311,0.4,0.0556,0.2767,0.0353,0.1381,0.2187,-0.4216,0.41,30.08,8.52,48.2,20.21,-0.2868,0.2105,0.2566,-0.1334,0.2213,LOW LIQUIDITY
Vashu Bhagnani,532011,BOM:532011,Entertainment,-0.8442,-0.8333,0.6438,-0.4947,-0.7624,0.0012,0.0013,-11.0864,0.1,341.62,-4.48,20.8,10363.4,-0.4727,0.1844,0.0584,-0.0755,0.8208,LOW LIQUIDITY
Den Networks,533137,DEN,Entertainment,-0.0307,-0.3245,0.0745,-0.0138,0.2653,0.2392,0.0639,0.0966,0.01,8.14,0.31,20.1,-0.25,-0.3421,0.162,0.0431,0.0285,-0.2222,LOW LIQUIDITY
GTPL Hathway,540602,GTPL,Entertainment,0.121,-0.2793,0.1087,0.0471,-0.1521,0.0225,0.033,4.8129,0.33,29.55,-1.94,11.8,3.26,-0.3234,0.1878,0.0413,-0.0531,0.1934,LOW LIQUIDITY
Hathway Cable,533162,HATHWAY,Entertainment,0.0467,-0.2904,0.1507,0.0254,0.0224,0.0613,0.0297,2.2007,0,23.99,10.73,94.2,4.72,-0.335,0.1156,0.0222,0.0064,-0.0002,LOW LIQUIDITY
Madhuveer Com,531910,BOM:531910,Entertainment,43.75,0.7536,-0.0838,0.4018,-0.9337,0.0277,-0.0058,27.5319,0.15,,0,23.3,402.01,-0.4652,0.3007,-0.0449,-0.1673,0.8888,LOW LIQUIDITY
Media Matrix,512267,BOM:512267,Entertainment,0.0102,0.0278,0.0202,0.003,0.0086,0.0115,0.0348,-1.1958,1.57,413.63,482.57,1553.3,70.54,-0.4128,0.6938,0.0188,-0.0065,0.0102,LOW LIQUIDITY
Dish TV India,532839,DISHTV,Entertainment,-0.2766,-59.5962,0.2212,-0.0803,0.6066,0.0163,0.0696,3.5346,,,0,-46.4,1.49,-0.6611,0.0936,0,0,-0.6066,LOW LIQUIDITY
UFO Moviez,539141,UFO,Entertainment,0.1464,9.5455,0.1921,0.0633,2.2255,0.1193,0.0923,1.8066,0.3,10.82,0.05,3.8,3.25,-0.3389,0.3353,0.03,-0.0328,-2.1955,LOW LIQUIDITY
Ent.Network,532700,ENIL,Entertainment,0.2431,0.0168,0.0806,0.0571,0.8441,0.0477,0.022,1.0378,0.23,54.39,0.64,4,7.01,-0.332,0.1124,0.0082,-0.035,-0.8359,LOW LIQUIDITY
Shemaroo Entert.,538685,SHEMAROO,Entertainment,-0.1153,-0.7262,-0.3819,-0.049,0.5601,-0.2232,-0.4328,-0.9712,0.78,,0,2.2,-4.22,-0.4245,0.2493,-0.1658,-0.0948,-0.7259,LOW LIQUIDITY
Zee Media,532794,ZEEMEDIA,Entertainment,0.0364,0.5122,0.1085,0.0103,-0.0787,-0.1894,-0.5263,-0.5042,0.79,,0,176.8,-256.94,-0.556,0.0561,-0.4547,-0.172,-0.376,LOW LIQUIDITY
NDTV,532529,NDTV,Entertainment,0.0984,-0.4044,-0.4651,0.0531,0.2419,-0.4653,-1.3566,0.757,5.76,,0,195.7,-6.93,-0.3988,0.1373,-1.3261,-1.2526,-1.568,LOW LIQUIDITY
Connplex Cinemas,,CONNPLEX,Entertainment,0,0,0.3156,0,0,0.2637,0.8827,0.1111,0.03,22.28,,,15.37,-0.1322,0.2203,1.2394,0.037,1.2394,
Basilic Fly Stud,,BASILIC,Entertainment,3.4667,0.6284,0.2077,0,0,0.1991,0.1917,0.159,0.25,23.85,,11.1,14.54,-0.2529,0.7067,0.2479,-0.2242,0.2479,
Phantom Digital,,PHANTOMFX,Entertainment,0.3193,-0.1378,0.3474,0,0,0.3329,0.1691,-0.5634,0.25,20.16,,3.4,10.69,-0.2617,0.5515,0.1306,-0.1246,0.1306,
Maithan Alloys,590078,MAITHANALL,Ferrous Metals,0.6858,0.1744,0.1034,0.1447,-0.0629,0.4873,0.8578,0.0474,0.16,4.41,-0.7,2.4,3.56,-0.1502,0.2889,0.2199,0.1293,0.2828,117
Indian Metals,533047,IMFA,Ferrous Metals,0.0386,-0.2203,0.1925,0.0023,-0.1278,0.1856,0.179,1.0789,0.17,19.26,-1.51,13.7,12.66,-0.0758,1.1431,0.1701,-0.0027,0.2979,370
Jai Balaji Inds.,532976,JAIBALAJI,Ferrous Metals,-0.2102,-0.6621,0.0936,-0.0569,-0.2478,0.1085,0.1945,0.3703,0.26,19.74,-0.8,355.7,11.59,-0.5872,0.0062,0.3074,-0.5658,0.5552,618
Prakash Industri,506022,PRAKASH,Ferrous Metals,-0.1112,0.0101,0.133,-0.0323,0.0075,0.1034,0.1016,0.3543,0.13,8.1,10.85,15.6,5.53,-0.1545,0.2189,0.1115,0.0073,0.104,1007
Jindal Stain.,532508,JSL,Ferrous Metals,0.0824,0.102,0.127,0.0198,0.0279,0.1008,0.1729,1.1937,0.38,23.47,8.42,298.3,12.87,-0.1127,0.4758,0.1615,-0.0388,0.1336,1173
Sarda Energy,504614,SARDAEN,Ferrous Metals,0.7632,1.1853,0.3779,0.1523,0.3686,0.2736,0.1127,0.7936,0.46,19.86,0.54,104.2,11.77,-0.176,0.3297,0.1344,-0.0067,-0.2342,1626
NMDC Steel,543768,NSLNISP,Ferrous Metals,1.2268,0.8072,0.0611,0.3775,-0.4438,-0.1082,-0.0817,-0.7363,0.41,,0,289.1,-68.59,-0.1377,0.5467,-0.166,-0.0701,0.2778,1878
S A I L,500113,SAIL,Ferrous Metals,0.0822,-0.2904,0.0947,0.0386,0.0577,0.0589,0.0508,1.5488,0.58,20.46,3.54,403.7,7.41,-0.0375,0.3908,0.0454,-0.019,-0.0123,1941
Jindal Steel,532286,JINDALSTEL,Ferrous Metals,0.0421,-0.2586,0.1781,-0.0242,0.0235,0.1395,0.0741,1.5965,0.39,30.29,12.89,223.8,12.86,-0.0279,0.4752,0.0768,-0.0644,0.0533,1952
Tata Steel,500470,TATASTEEL,Ferrous Metals,-0.0291,0.9711,0.1397,-0.0073,0.3418,0.079,0.0496,1.4568,1.04,46.41,1.36,3041.8,10.99,-0.0484,0.4515,0.0389,-0.0266,-0.3029,2087
JSW Steel,500228,JSWSTEEL,Ferrous Metals,0.1378,1.6616,0.1556,0.0336,0.5749,0.0992,0.0564,1.4811,1.24,46.85,0.81,881.3,13.66,-0.0428,0.3319,0.0494,-0.0685,-0.5255,2140
KIOCL,540680,KIOCL,Ferrous Metals,-0.3829,0.2549,-0.4588,-0.0956,-0.0634,-0.334,-0.1008,-1.8091,0.11,,0,884.8,-178.36,-0.354,1.1788,-0.1127,-0.0695,-0.0493,2156
Vraj Iron,544204,VRAJ,Ferrous Metals,0.2069,-0.5116,0.0956,0.0499,-0.1805,0.0995,0.1423,0.2241,0.01,13.14,-0.73,3.9,7.11,-0.4374,0.0909,0.1476,-0.187,0.3281,LOW LIQUIDITY
Visa Steel,532721,VISASTEEL,Ferrous Metals,0.2691,1.6243,0.1039,0.064,-0.2381,-0.0078,0.027,-1.5526,,,0,-6.5,56.37,-0.1044,1.5919,0,0,0.2381,LOW LIQUIDITY
Mukand,500460,MUKANDLTD,Ferrous Metals,-0.1028,0.1932,0.0419,-0.0264,0.1095,0.0538,0.0836,0.7413,1.64,24.09,2.2,29.5,11.22,-0.1704,0.5924,0.0784,-0.0385,-0.0311,LOW LIQUIDITY
Manaksia Steels,539044,MANAKSTEEL,Ferrous Metals,0.2858,1.7253,0.0499,0.0765,0.3933,0.0423,0.1083,0.647,0.67,23.54,0.6,7.9,17.2,-0.2532,0.3129,0.0367,-0.0581,-0.3566,LOW LIQUIDITY
S.A.L Steel,532604,SALSTEEL,Ferrous Metals,0.1533,-61.4375,-0.0417,0.0328,4.8414,0.0033,-0.0747,-1.5584,4.58,,0,90.4,47.21,-0.021,1.753,-0.0562,-0.0674,-4.8976,LOW LIQUIDITY
Owais Metal,,OWAIS,Ferrous Metals,1.1721,1.9055,0.2846,0,0,0.305,0.5952,0.2442,0.23,17.65,,14.3,13.4,-0.6653,0.2091,0.5532,0.1041,0.5532,
Jainam Ferro,,JAINAM,Ferrous Metals,0.1852,3.7551,0.0288,0,0,0.0738,0.1702,-0.1236,0.01,30.56,,2.6,14.41,-0.1327,0.9993,0.0896,0.0268,0.0896,
Kirl. Ferrous,500245,KIRLFER,Ferrous Metals,0.0845,0.2673,0.1269,0.02,0.0503,0.0901,0.1119,1.1344,0.37,24.75,4.92,39.6,11.23,-0.276,0.1976,0.0958,-0.0192,0.0455,
Chaman Metallics,,CMNL,Ferrous Metals,-0.165,0.014,0.0701,0,0,0.0858,0.0362,-3.5112,3.6,39.69,,9.4,43.52,-0.1051,0.5429,0.1029,-0.0493,0.1029,
Advance Agrolife,544562,ADVANCE,Fertilizers & Agrochemicals,0,0,,0,0,0.0853,0.3093,0.1351,0.8,32.21,,,18.13,-0.1659,0.2832,0.2911,0.2911,0.2911,82
Dhanuka Agritech,507717,DHANUKA,Fertilizers & Agrochemicals,-0.0856,-0.2004,0.2285,-0.0105,-0.0404,0.1865,0.2462,0.6729,0.02,21.07,-5.21,17.4,13.53,-0.3452,0.1847,0.2195,0.0144,0.2599,202
Sumitomo Chemi.,542920,SUMICHEM,Fertilizers & Agrochemicals,-0.0586,-0.0678,0.2372,0.0516,0.0767,0.2247,0.2486,0.6753,0.02,45.69,5.96,386.1,31.09,-0.2556,0.1094,0.1881,0.0348,0.1114,373
Krishana Phosch.,,KRISHANA,Fertilizers & Agrochemicals,1.0224,0.9815,0.1204,0.3137,0.3536,0.1243,0.2469,0.9483,0.93,26.12,0.74,41.7,13.6,-0.1839,1.8841,0.2529,0.1091,-0.1007,424
Chambal Fert.,500085,CHAMBLFERT,Fertilizers & Agrochemicals,0.4755,0.2095,0.1313,0.1701,0.1768,0.1312,0.2408,0.5806,0.01,10.48,0.59,79.4,6.61,-0.3444,0.0766,0.1978,0.028,0.021,580
P I Industries,523642,PIIND,Fertilizers & Agrochemicals,-0.0814,-0.1087,0.2731,-0.0211,-0.0309,0.2704,0.2309,0.6418,0.02,35.28,-11.43,84.9,22.02,-0.2051,0.27,0.1761,-0.0352,0.207,824
S P I C,590030,SPIC,Fertilizers & Agrochemicals,0.0349,0.0665,0.1195,0.0085,0.0149,0.0963,0.3102,-0.1296,0.6,11.29,7.6,30.7,7.33,-0.3079,0.3399,0.1385,0.0015,0.1236,853
M B Agro Prod.,,MBAPL,Fertilizers & Agrochemicals,0.6176,1.2009,0.1374,0.3619,0.5803,0.1191,0.1883,0.7841,0.68,40.02,0.69,69.5,18.95,-0.1167,1.0238,0.1523,0.0792,-0.428,965
Paradeep Phosph.,543530,PARADEEP,Fertilizers & Agrochemicals,0.579,46.5558,0.124,0.0996,0.4854,0.0947,0.233,1.2616,1.07,16.95,0.35,272.4,10.08,-0.2882,1.0042,0.1414,0.1086,-0.344,965
Bayer Crop Sci.,506285,BAYERCROP,Fertilizers & Agrochemicals,0.1736,0.0964,0.182,0.0516,0.0414,0.1293,0.2647,0.3611,0.04,36.26,8.76,33.9,24.79,-0.2897,0.1335,0.1996,-0.0674,0.1582,1068
Sharda Cropchem,538666,SHARDACROP,Fertilizers & Agrochemicals,0.1959,0.7522,0.143,0.0815,0.5112,0.1196,0.2014,1.5355,0,15.96,0.31,24.3,8.16,-0.3249,0.8117,0.1262,0.112,-0.385,1080
Bharat Rasayan,590021,BHARATRAS,Fertilizers & Agrochemicals,0.3373,1.0302,0.1939,0.0833,0.3186,0.1657,0.2349,1.0649,0.08,29.8,0.94,1.7,19.31,-0.1275,0.2445,0.1109,0.0286,-0.2077,1299
India Pesticides,543311,IPL,Fertilizers & Agrochemicals,0.2488,0.7921,0.1643,0.0661,0.2024,0.1565,0.1467,0.0235,0.07,21.3,1.05,26.9,13.09,-0.2584,0.5227,0.0952,0.02,-0.1072,1406
Mangalore Chem.,530011,MANGCHEFER,Fertilizers & Agrochemicals,0.0591,0.4036,0.1287,0.0144,0.0804,0.0855,0.1635,0.9337,0.7,22.67,2.82,40.7,11.71,-0.1726,1.4651,0.1491,-0.0328,0.0687,1422
Zuari Agro Chem.,534742,ZUARI,Fertilizers & Agrochemicals,0.1362,9.8068,0.1129,0.0337,0.5829,0.1212,-0.3585,1.1017,0.39,3.99,0.07,2.3,2.31,-0.3917,0.5482,0.0906,0.0562,-0.4923,1423
Coromandel Inter,506395,COROMANDEL,Fertilizers & Agrochemicals,0.2988,0.2128,0.1188,0.1883,0.2284,0.1088,0.2356,0.9678,0.12,29.77,1.3,153.4,18.18,-0.2103,0.3508,0.1689,-0.0202,-0.0595,1450
Rama Phosphates,524037,RAMAPHO,Fertilizers & Agrochemicals,0.1728,4.6104,0.1093,0.0979,2.0908,0.0928,0.1324,1.0228,0.26,15.76,0.08,5.8,9.03,-0.1074,1.3473,0.0377,0.1317,-2.0531,1645
UPL,512070,UPL,Fertilizers & Agrochemicals,0.0164,0.7567,0.1515,0.0032,0.6286,0.1108,0.0336,2.1135,0.86,42.07,0.67,176.1,9.56,-0.025,0.4934,0.0329,0.0757,-0.5957,1664
G S F C,500690,GSFC,Fertilizers & Agrochemicals,0.0101,0.5869,0.0883,0.0023,0.0822,0.0883,0.1029,0.1085,0,11.73,1.43,24.7,5.43,-0.1832,0.208,0.0477,0.0021,-0.0345,1742
Khaitan Chemical,507794,KHAICHEM,Fertilizers & Agrochemicals,0.338,7.9967,0.1008,0.253,44.7643,0.0839,0.2291,3.3056,1.07,15.05,0,35.2,14.45,-0.2684,1.3048,0.0063,0.2804,-44.758,1747
Punjab Chemicals,506618,PUNJABCHEM,Fertilizers & Agrochemicals,0.0538,0.4988,0.1028,0.1003,0.3113,0.0903,0.1567,0.335,0.46,28.67,0.92,5.3,14.86,-0.2317,0.9335,0.1202,-0.0532,-0.1911,1968
Rallis India,500355,RALLIS,Fertilizers & Agrochemicals,-0.0722,-0.0039,0.1789,0.0402,0.3758,0.0899,0.1202,1.4831,0.03,28.83,0.77,46.6,13.5,-0.3445,0.2906,0.0665,-0.0165,-0.3093,1994
NACL Industries,524709,NACLIND,Fertilizers & Agrochemicals,0.0378,0.0805,0.0979,0.1134,-0.285,-0.0318,-0.1775,-5.6551,1.13,,0,178.2,-327.69,-0.4255,3.0123,-0.2575,-0.1491,0.0275,2160
Astec Lifescienc,533138,ASTEC,Fertilizers & Agrochemicals,-0.252,0.3664,-0.0907,-0.0082,-0.1669,-0.1546,-0.2298,0.079,2.36,,0,13.9,-148.23,-0.4782,0.0392,-0.4529,-0.3342,-0.286,2238
Meghmani Organi.,543331,MOL,Fertilizers & Agrochemicals,0.4826,1.7566,0.109,0.096,-2.5532,0.0618,0.0185,0.8295,0.55,100.96,-0.4,31.9,10.57,-0.3044,0.3327,-0.008,0.0591,2.5452,LOW LIQUIDITY
Insecticid.India,532851,INSECTICID,Fertilizers & Agrochemicals,0.0524,0.177,0.1224,0.0174,0.0635,0.1047,0.1925,0.4687,0.1,13.47,2.12,5.5,8.59,-0.3637,0.3143,0.1353,0.0309,0.0718,LOW LIQUIDITY
Dharmaj Crop,543687,DHARMAJ,Fertilizers & Agrochemicals,0.4391,1.1626,0.1381,0,0,0.0619,0.0897,0.6572,0.29,16.07,,7.2,12.4,-0.3617,0.5127,0.0928,0.0928,0.0928,LOW LIQUIDITY
Aries Agro,532935,ARIES,Fertilizers & Agrochemicals,0.1902,0.3796,0.1354,0.0494,0.0917,0.1051,0.1696,1.6842,0.17,12.87,1.4,2.1,6.22,-0.2079,0.6897,0.1226,0.0454,0.0309,LOW LIQUIDITY
Natl.Fertilizer,523630,NFL,Fertilizers & Agrochemicals,-0.3059,-3.5386,0.023,-0.0788,-0.1023,0.0199,0.0442,6.0278,0.74,30,-2.93,83,8.86,-0.2776,0.3208,0.0649,0.009,0.1672,LOW LIQUIDITY
Indogulf Cropsci,544432,IGCL,Fertilizers & Agrochemicals,0.4332,6.5686,0.0524,0,0,0.0978,0.1822,-0.2556,0.69,18.83,,,11.63,-0.1725,0.1087,0.1319,-0.0098,0.1319,LOW LIQUIDITY
Heranba Inds,543266,HERANBA,Fertilizers & Agrochemicals,0.5272,-0.6363,0.069,0.1108,-3.4708,0.0277,0.0082,2.0839,0.41,,0,5.5,13.51,-0.482,0.4186,0.0037,-0.0385,3.4745,LOW LIQUIDITY
Shivalik Rasayan,539148,SHIVALIK,Fertilizers & Agrochemicals,0.1967,-0.5455,0.1229,0.0471,-0.1012,0.101,0.0435,-0.2752,0.18,47.17,-4.66,2.1,15.45,-0.4886,0.1127,0.032,0.0046,0.1332,LOW LIQUIDITY
Nova Agritech,544100,NOVAAGRI,Fertilizers & Agrochemicals,0.1155,-0.2407,0.1149,0.0165,-0.0376,0.1415,0.1634,-0.4253,0.25,16.03,-4.27,17.8,10.14,-0.3988,0.1309,0.1328,-0.0875,0.1704,LOW LIQUIDITY
Bhagiradha Chem.,531719,BHAGCHEM,Fertilizers & Agrochemicals,0.1112,-0.303,0.0726,0.0281,-0.1248,0.0598,0.0281,-1.6316,0.13,258.7,-20.73,59.6,76.87,-0.3364,0.0609,0.0253,-0.0248,0.1501,LOW LIQUIDITY
R C F,524230,RCF,Fertilizers & Agrochemicals,-0.2333,4.0398,0.0468,-0.0606,0.2052,0.0391,0.0833,4.096,0.58,28.95,1.41,95.4,11.14,-0.2128,0.3767,0.0503,0.0083,-0.1549,LOW LIQUIDITY
Best Agrolife,539660,BESTAGRO,Fertilizers & Agrochemicals,-0.2658,-0.0635,0.1202,-0.0761,-0.0195,0.0918,0.1267,1.4088,0.63,10.92,-5.61,2.3,5.71,-0.5282,0.2947,0.0995,-0.0814,0.119,LOW LIQUIDITY
Madras Fertilize,590134,MADRASFERT,Fertilizers & Agrochemicals,0.0263,0.0884,0.0966,0.0068,0.0556,0.0618,-0.2018,0.7296,,19.06,3.43,-646.3,13.07,-0.2619,0.2094,0,0,-0.0556,LOW LIQUIDITY
F A C T,590024,FACT,Fertilizers & Agrochemicals,0.1247,0.8642,0.0242,0.154,3.1213,0.0771,0.0701,0.5104,1.32,632.02,2.02,2706.8,140.96,-0.2032,0.5681,0.0161,-0.2662,-3.1052,LOW LIQUIDITY
Kothari Indl,509732,BOM:509732,Fertilizers & Agrochemicals,1.9145,-8.1111,-0.012,0.2976,0.1361,-0.1445,-0.1085,9.9296,0.03,,0,272.7,-384.41,-0.2051,10.0009,-0.1717,-0.1717,-0.3078,LOW LIQUIDITY
PNB Gilts,532366,PNBGILTS,Finance,-0.1145,-1.4003,0.6581,0.0666,-0.228,0.8596,0.2373,-0.1214,15.13,8.99,-0.39,17.6,16.84,-0.2897,0.2095,0.161,0.1093,0.389,140
TVS Holdings,520056,TVSHLTD,Finance,0.2592,0.5915,0.1554,0.1213,0.2671,0.1343,0.3451,0.6124,6.25,21.17,0.79,11.2,7.45,-0.0559,0,0.302,0.0447,0.0349,324
Laxmi India Fin.,544465,LAXMIINDIA,Finance,0.3706,0.4751,0.6609,0,0,0.6592,0.2124,-1.9216,4.41,19.56,,,10.3,-0.1904,0.262,0.1566,0.0305,0.1566,381
Five-Star Bus.Fi,543663,FIVESTAR,Finance,0.1387,0.0679,0.7054,0.0765,0.0307,0.7134,0.6562,-0.497,1.23,16.7,5.45,80.1,11.1,-0.2609,0.2547,0.1865,0.0112,0.1558,391
Indian Renewable,544026,IREDA,Finance,0.2622,0.4159,0.9329,0.1263,0.014,0.8855,-2.8027,-2.3155,5.41,24.29,17.32,911.4,16.36,-0.3633,0.0891,0.1805,0.0076,0.1665,405
Colab Platforms,542866,BOM:542866,Finance,0.9473,1.6667,-0.0028,0,0,0.0548,0.7389,0.9792,0,1018.81,,3410.2,1059.25,0,31.096,0.1236,0.1236,0.1236,464
Dhani Services,532960,DHANI,Finance,-0.1997,1.0746,0.263,-0.0594,-1.597,0.3424,0.0337,1.8741,0.18,97.81,-0.61,70.6,20.89,-0.5353,0.0243,-0.0181,0.0837,1.5789,466
H U D C O,540530,HUDCO,Finance,0.3422,0.13,0.9629,0.0692,0.0269,1.0008,3.1996,-3.0435,5.97,16.43,6.11,508.8,13.8,-0.1358,0.4359,0.1567,0.025,0.1298,478
Authum Invest,539177,AIIL,Finance,-0.143,-0.1386,0.954,-0.0453,-0.0356,0.9244,5.5222,0.4099,0.06,11.62,-3.26,55.4,11.97,-0.1546,1.1166,0.3414,-0.0991,0.377,512
Chola Financial,504973,CHOLAHLDNG,Finance,0.218,0.055,0.5545,0.048,0.0136,0.5665,-0.7002,-1.81,13.93,17.32,12.77,57.3,10.14,-0.1154,0.4982,0.1911,-0.007,0.1775,570
Cholaman.Inv.&Fn,511243,CHOLAFIN,Finance,0.2502,0.2013,0.6854,0.0563,0.0447,0.7021,0.6722,-1.7772,7.4,32.86,7.35,520.3,16.06,-0.0259,0.4866,0.1971,-0.0045,0.1524,582
Jindal Poly Inve,536773,JPOLYINVST,Finance,0.0233,0.1217,0.9904,0.006,0.023,8.7431,-97.9515,0.0048,0.02,3.37,1.46,0.7,3.76,-0.1433,0.8001,0.1417,0.0237,0.1187,607
Aptus Value Hou.,543335,APTUS,Finance,0.2911,0.245,0.8323,0.1417,0.1226,0.8579,2.2187,-0.9265,1.59,17.28,1.41,168.7,12.17,-0.2024,0.0868,0.1858,0.0136,0.0632,630
REC Ltd,532955,RECLTD,Finance,0.1075,0.0934,0.9686,0.0558,0.087,0.9671,1.5975,-0.7201,6.18,5.58,0.64,304.1,10.54,-0.3614,0.0502,0.2151,-0.0069,0.1281,644
Muthoot Finance,533398,MUTHOOTFIN,Finance,0.4417,0.7321,0.7765,0.0978,0.1541,0.7412,1.3494,-1.8011,3.38,20.93,1.36,176.1,13.27,-0.0501,0.832,0.1958,0.0109,0.0417,679
Jindal Photo,532624,JINDALPHOT,Finance,-0.1429,0.1046,0.8333,-0.0366,0.022,99.5021,6.3462,0.0003,0.06,6.11,2.78,1.5,6.24,-0.139,1.5878,0.1399,0.015,0.1179,704
LIC Housing Fin.,500253,LICHSGFIN,Finance,0.0348,0.0162,0.9373,0.0247,0.0146,0.9348,-4.1116,-0.629,7.08,5.65,3.88,44.4,11.2,-0.1291,0.1689,0.1605,-0.0019,0.1459,730
Sundaram Finance,590071,SUNDARMFIN,Finance,0.1444,0.1192,0.7843,0.0788,0.0636,0.7754,1.0336,-1.3534,4.35,26.96,4.24,39,15.93,-0.1177,0.2181,0.1527,0.0111,0.0891,748
Mufin Green,542774,MUFIN,Finance,0.3229,-0.2215,0.6224,0.0621,-0.0505,0.6169,0.1421,-1.313,2.65,110.67,-21.92,125,21.47,-0.0887,0.888,0.0764,0.0764,0.1269,761
CRISIL,500092,CRISIL,Finance,0.1224,0.1256,0.2889,0.0677,0.1335,0.2954,0.4521,0.8508,0.11,46.47,3.48,90.4,30.51,-0.3157,0.2223,0.2781,-0.0449,0.1446,808
Can Fin Homes,511196,CANFINHOME,Finance,0.0904,0.1889,0.9282,0.0453,0.0748,0.9161,4.4122,0.2617,6.61,12.4,1.66,27.9,12.67,-0.0329,0.5375,0.1822,-0.0057,0.1074,815
Shriram Finance,511218,SHRIRAMFIN,Finance,0.1807,0.1222,0.739,0.0378,0.0672,0.7116,0.4866,-1.4875,4.15,17.07,2.54,498.3,10.94,-0.023,0.6123,0.1557,0.0035,0.0885,835
AAVAS Financiers,541988,AAVAS,Finance,0.157,0.1041,0.7321,0.0362,0.0235,0.7355,0.3863,-0.9543,3.19,21.73,9.24,23.1,13.71,-0.2807,0.0614,0.1411,0.0018,0.1176,858
Bajaj Finance,500034,BAJFINANCE,Finance,0.2127,0.2013,0.6931,0.0487,0.0457,0.6728,1.3791,-1.4468,3.74,37.23,8.15,4172.4,19.89,-0.0537,0.6173,0.1922,-0.0285,0.1465,894
Repco Home Fin,535322,REPCOHOME,Finance,0.0679,0.0232,0.9022,-0.0021,0.0058,0.9168,2.8569,-0.3961,3.25,6,10.33,5.1,8.6,-0.1521,0.4418,0.1439,-0.0043,0.1381,907
Aadhar Hsg. Fin.,544176,AADHARHFC,Finance,0.1894,0.1856,0.7558,0.0435,0.0405,0.7555,0.7105,-1.2894,2.56,22.85,5.64,146.6,14.64,-0.0872,0.4686,0.1686,-0.0155,0.1281,935
Home First Finan,543259,HOMEFIRST,Finance,0.28,0.4296,0.7933,0.138,0.1851,0.7897,0.41,-1.8015,2.4,25,1.35,29.3,14.06,-0.2795,0.305,0.1646,0.0094,-0.0205,973
Paisalo Digital,532900,PAISALO,Finance,0.1724,0.1369,0.7319,0.0508,0.0276,0.7655,2.118,-1.4117,2.32,16.26,5.88,196.4,10.93,-0.4187,0.2611,0.1394,-0.0039,0.1118,1028
INDIA SHELTE FIN,544044,INDIASHLTR,Finance,0.3069,0.3556,0.7334,0.1686,0.1796,0.7245,1.9743,-1.7012,1.89,21.11,1.18,35,14.75,-0.1427,0.4379,0.1507,0.0111,-0.0289,1043
Vardhman Hold.,500439,VHL,Finance,-0.4833,-0.1443,0.9062,-0.1405,-0.0409,13.3825,24.652,-0.0201,0,4.51,-1.1,0.1,4.25,-0.3924,0.2281,0.0755,0.0177,0.1164,1077
L&T Finance Ltd,533519,LTF,Finance,0.0787,0.0564,0.6167,0.0497,0.0206,0.5983,0.4767,-1.7462,3.72,25.69,12.47,657.7,15.66,-0.0255,1.1463,0.1079,0.0047,0.0873,1136
Pilani Invest.,539883,PILANIINVS,Finance,-0.1953,-1.1237,0.9284,-0.0494,-0.3708,0.9615,28.0952,2.219,0.12,92.93,-2.51,0.4,27.49,-0.247,0.5856,0.0064,-0.0065,0.3772,1163
Manappuram Fin.,531213,MANAPPURAM,Finance,-0.1328,-0.6147,0.5497,-0.0574,-0.6305,0.4306,0.2195,-0.0896,3.02,51.1,-0.81,152.9,13.52,-0.0896,0.8372,0.1014,-0.1051,0.7319,1170
Edelweiss.Fin.,532922,EDELWEISS,Finance,-0.0208,0.1338,0.3547,-0.0215,0.0198,0.3614,-0.1164,0.6145,4.07,25.58,12.95,222.4,6.66,-0.2339,0.4952,0.0868,0.0137,0.067,1199
Choice Intl.,531358,CHOICEIN,Finance,0.1093,0.2012,0.3254,0.0538,0.1146,0.3443,0.2178,-1.0245,0.4,91.35,7.97,278.4,48.17,-0.0421,0.8393,0.1961,-0.04,0.0815,1204
HDB FINANC SER,544429,HDBFS,Finance,0.1344,-0.0162,0.5563,0.0687,-0.0108,0.5504,-1.911,-1.4557,4.68,27.92,-25.87,257.6,15.24,-0.1883,0.0026,0.1472,-0.0482,0.158,1230
M & M Fin. Serv.,532720,M&MFIN,Finance,0.1256,0.4495,0.5992,0.0637,0.0923,0.6181,0.5548,-1.364,4.9,17.88,1.94,247.4,12.71,-0.0379,0.3692,0.109,0.0088,0.0167,1246
Tata Capital,544574,TATACAP,Finance,0.0769,0.0201,0.724,0,0,0.704,1.0833,-1.4981,5.88,37.56,,,17.1,-0.0336,0.0197,0.1292,-0.0248,0.1292,1251
SBFC Finance,543959,SBFC,Finance,0.3087,0.2996,0.6809,0.1439,0.1359,0.6718,0.8013,-1.6086,1.8,31.63,2.33,395.5,17.71,-0.076,0.4343,0.1158,0.0105,-0.0201,1252
I R F C,543257,IRFC,Finance,-0.0765,0.1019,0.9923,-0.0139,0.0512,0.9933,0.0153,0.3048,7.25,23.08,4.5,3671.3,20.53,-0.2762,0.1181,0.1277,-0.0078,0.0765,1266
Capri Global,531595,CGCL,Finance,0.4918,1.4335,0.6631,0.2019,0.4976,0.6254,0.6937,-2.2608,3.62,25.93,0.52,356,12.81,-0.1666,0.283,0.1176,0.0422,-0.38,1279
PNB Housing,540173,PNBHOUSING,Finance,0.1608,0.3282,0.9612,0.0697,0.1272,0.9357,2.6612,-1.1519,3.62,10.86,0.85,34.6,11.16,-0.1972,0.2287,0.1227,0.0047,-0.0045,1282
Bajaj Housing,544252,BAJAJHFL,Finance,0.1843,0.2086,0.9065,0.0425,0.0455,0.91,-40.5316,-1.9505,4.11,40.02,8.79,3781.7,18.91,-0.264,0.0553,0.1346,-0.0177,0.0891,1296
Aditya Birla Cap,540691,ABCAPITAL,Finance,0.0264,-0.1409,0.3777,0.0261,-0.0069,0.3694,-0.0508,-1.9253,4.61,26.25,-37.81,734.6,14.01,-0.025,1.2034,0.1149,-0.023,0.1218,1360
CreditAcc. Gram.,541770,CREDITACC,Finance,0.0379,-0.3238,0.4401,0.001,-0.7484,0.3624,0.1385,0.4224,2.81,161.72,-2.16,48.2,18.98,-0.0926,0.8026,0.0786,-0.1691,0.827,1364
SBI Cards,543066,SBICARD,Finance,0.1221,0.0998,0.2458,0.0585,0.0009,0.3022,-5.072,-0.3717,3.33,43.46,481.43,536.4,21.91,-0.1472,0.3212,0.1482,-0.0716,0.1473,1372
Bajaj Finserv,532978,BAJAJFINSV,Finance,0.1258,0.3047,0.4039,0.0296,0.0718,0.3666,-0.1396,-1.2841,4.92,34.55,4.81,725.3,12.93,-0.0623,0.3265,0.1339,-0.0189,0.0621,1391
Northern ARC,544260,NORTHARC,Finance,0.0721,-0.061,0.5306,0.0287,-0.0604,0.4946,0.792,-0.8594,2.87,15.08,-2.49,20.2,11.15,-0.0803,0.8852,0.1075,-0.0427,0.1679,1413
JM Financial,523405,JMFINANCIL,Finance,0.0318,1.6585,0.765,0.0004,0.3456,0.5734,0.231,2.4201,1.18,14.03,0.41,152.2,8.67,-0.1892,1.0769,0.0901,0.0367,-0.2555,1433
Arman Financial,531179,ARMANFIN,Finance,-0.1813,-1.4658,0.2748,-0.0458,-0.8811,0.349,0.0621,1.5949,1.41,273.5,-3.1,2,10.3,-0.1295,0.4508,0.0617,-0.2335,0.9428,1474
Religare Enterp.,532915,RELIGARE,Finance,0.0888,-0.4294,0.0082,0.0164,-0.061,0.033,-0.0305,5.1397,0.09,72.11,-11.82,111.3,24.87,-0.1998,0.2648,0.0515,-0.0017,0.1125,1483
JSW Holdings,532642,JSWHL,Finance,0.1043,-0.357,0.8763,0.0114,-0.0958,0.9419,10.0984,0.7222,0,105.87,-11.05,0.7,79.3,-0.3916,0.5355,0.0069,0,0.1027,1625
Tour. Fin. Corp.,526650,TFCILTD,Finance,0.0309,0.2031,0.9063,0.0042,0.11,0.9153,0.8403,0.318,0.71,29.31,2.66,121.5,16.81,-0.0922,1.8219,0.0851,-0.0014,-0.0249,1654
Kalyani Invest.,533302,KICL,Finance,0.2017,-1.7626,-0.699,0.0124,-0.1026,1.1094,0.3427,-0.1656,0,34.73,-3.38,0.1,22.55,-0.3334,0.48,0.0084,-0.0015,0.111,1661
Ugro Capital,511742,UGROCAP,Finance,0.4205,0.1242,0.6244,0.0878,0.0263,0.5963,0.2284,-2.9776,3.37,16.49,6.28,14,9.21,-0.316,0.2234,0.0826,-0.0159,0.0563,1675
Poonawalla Fin,524000,POONAWALLA,Finance,0.5597,1.1575,0.4919,0.2124,-3.0844,0.4558,7.4917,-7.6952,3.64,172.04,-0.56,308.5,30.63,-0.1911,0.7268,-0.0128,-0.153,3.0716,1693
Sammaan Capital,535789,SAMMAANCAP,Finance,-0.071,1.1117,0.7653,0.0114,-1.7043,0.7398,0.2754,3.6231,1.96,12.1,-0.07,58.2,8.11,-0.0399,0.8979,-0.0866,-0.1522,1.6177,1757
Bajaj Holdings,500490,BAJAJHLDNG,Finance,1.4272,0.2754,0.8742,0.1841,0.0814,8.3544,5.5369,-0.2936,0,19.76,2.43,24.4,18.71,-0.1694,0.2208,0.1101,-0.0376,0.0287,1767
Nalwa Sons Invst,532256,NSIL,Finance,-0.0646,-0.1156,0.8833,-0.021,-0.0721,0.4809,0.7928,0.9489,0,79.52,-11.02,0.1,57.73,-0.3278,0.4587,0.0032,-0.0023,0.0753,1778
Jio Financial,543940,JIOFIN,Finance,0.4151,0.0087,0.7015,0.236,-0.0026,0.8667,2.5964,-5.1589,0.08,118.57,-461.85,899.3,90.52,-0.1357,0.5116,0.0123,-0.0004,0.0149,1832
Fedbank Financi.,544027,FEDFINA,Finance,0.0437,0.2417,0.6234,0.0378,0.0894,0.568,0.3787,-0.8442,3.83,21.18,2.37,71.7,12.06,-0.1674,0.7381,0.0938,-0.0415,0.0044,1898
SG Finserve,539199,SGFIN,Finance,1.4189,1.0113,0.9226,0.3969,0.2397,0.8805,0.1267,-3.442,1.72,20.82,0.87,10.9,18.35,-0.2196,0.2159,0.0889,-0.025,-0.1508,1942
STEL Holdings,533316,STEL,Finance,0.1658,0.1626,0.9791,0.0625,0.0756,0.9875,5.3287,2.0358,0,43.3,5.73,0.7,30.85,-0.2485,0.2917,0.0097,-0.0017,-0.0659,1947
Tata Inv.Corpn.,501301,TATAINVEST,Finance,0.0807,0.1978,0.9327,0.0496,0.1272,1.2267,2.2594,0.5594,0,110.93,8.72,63.5,98.7,-0.349,0.499,0.0102,-0.0053,-0.117,1987
IFCI,500106,IFCI,Finance,0.05,1.3751,0.473,0.0088,0.8699,0.6969,0.1268,-0.7644,0.43,46.22,0.53,459.6,9.27,-0.2613,0.5428,0.026,0.0012,-0.8439,1996
Summit Securitie,533306,SUMMITSEC,Finance,0.1219,0.2064,0.9901,0.3276,0.2691,0.8482,-110.7069,0.6505,0,23.81,0.88,0.2,17.98,-0.4061,0.6247,0.0085,-0.0022,-0.2606,2016
Tsf Investments,,TSFINV,Finance,7.3744,0.1305,0.2019,2.3032,0.1447,0.3898,0.747,1.5926,0.05,28.25,1.95,50.1,65.07,-0.1446,1.5002,0.0793,-0.0482,-0.0654,2017
Mah. Scooters,500266,MAHSCOOTER,Finance,0.661,0.7668,0.9955,0.7005,0.7691,0.9806,9.1272,0.9247,0,53.79,0.7,0.6,53.53,-0.2138,0.6521,0.0061,-0.0026,-0.763,2075
Indostar Capital,541336,INDOSTAR,Finance,0.0134,-0.412,0.5176,0.0266,27.0668,0.2085,-0.6851,-1.463,1.43,,0,12.2,26.89,-0.2918,0.1979,-0.0045,-0.0123,-27.0713,2133
IIFL Finance,532636,IIFL,Finance,0.2931,0.2508,0.5996,0.1034,0.5208,0.5455,0.1462,-0.8708,4.53,26.11,0.5,73.4,11.89,-0.0584,0.8837,0.049,-0.1294,-0.4718,2161
Max India Ltd,543223,MAXIND,Finance,0.3859,-0.2314,-0.7614,-0.0424,0.0471,-0.7785,-0.5082,1.0834,0.29,,0,16,-10.95,-0.3201,0.3274,-0.3005,-0.1935,-0.3476,2232
Fusion Finance,543652,FUSION,Finance,-0.4204,0.9274,0.2065,-0.2348,-0.1848,-0.0621,-1.156,-5.0072,2.57,,0,19.1,-62.93,-0.211,0.348,-0.5453,-0.7408,-0.3605,2249
Spandana Sphoort,542759,SPANDANA,Finance,-0.6633,-0.1517,-0.9289,-0.3633,0.4335,-0.8571,-0.7767,-8.2891,2.15,,0,6.4,-4.53,-0.5166,0.3016,-0.3298,-0.4783,-0.7633,2257
RRPSemiconductor,504346,BOM:504346,Finance,-1,-1.1726,,-0.1618,-0.2317,0.3682,0.3283,-1.6065,0.76,2421.58,-104.52,1307.3,1615.52,0,125.5289,2.0863,2.0863,2.318,LOW LIQUIDITY
Aryaman Capital,538716,BOM:538716,Finance,6.3068,39.8519,0.5062,0,0,0.3954,0.4236,0.9117,0.36,19.37,,10.1,20.55,-0.277,1.5467,0.3869,0.2017,0.3869,LOW LIQUIDITY
UVS Hospitality,531652,BOM:531652,Finance,0.8928,-0.2095,0.1091,0.1119,-0.0184,0.1581,0.1071,1.4784,0.04,31.11,-16.89,11.7,20.35,-0.4081,0.5345,0.2121,0.2121,0.2305,LOW LIQUIDITY
Prime Securities,500337,PRIMESECU,Finance,0.0469,-0.1994,0.1998,0.259,-0.0602,0.294,0.1463,0.6772,0.01,30.68,-5.1,14.9,29.04,-0.1562,0.5398,0.1946,0.0641,0.2548,LOW LIQUIDITY
Aryaman Fin.Serv,530245,BOM:530245,Finance,1.6244,1.7357,0.5238,0.1065,0.2018,0.5039,0.4032,0.7956,0.22,26.08,1.29,9.4,13.91,-0.2655,1.0876,0.313,0.0393,0.1112,LOW LIQUIDITY
Unifinz Capital,541358,BOM:541358,Finance,4.5327,9.1265,0.3137,0.5522,0.7557,0.2916,-32.8387,-0.9085,0.42,12.69,0.17,5.1,8.34,-0.2517,0.649,0.4938,0.762,-0.2619,LOW LIQUIDITY
Cons. Finvest,,CONSOFINVT,Finance,0.032,-0.4486,0.9906,0.007,-0.0951,1.033,51.7211,0.1408,0,6.01,-0.63,1.9,8.63,-0.2695,0.1368,0.118,0.0581,0.2131,LOW LIQUIDITY
Algoquant Fin,505725,BOM:505725,Finance,-0.1696,-0.6752,0.1738,-0.0477,-0.4168,0.1416,0.2391,1.3561,0.33,98.09,-2.35,514.9,49.08,-0.2769,0.5174,0.3812,-0.0988,0.798,LOW LIQUIDITY
The Invest.Trust,530023,THEINVEST,Finance,-0.289,-0.8572,0.2093,-0.1145,-0.487,0.2672,0.0741,1.2096,0.73,31.48,-0.65,5,9.85,-0.4245,0.1831,0.0622,0.0336,0.5492,LOW LIQUIDITY
Power Fin.Corpn.,532810,PFC,Finance,0.1546,0.2387,0.9926,0.03,0.0572,0.9725,2.0238,-0.8931,8.25,5.33,0.93,362.6,10.17,-0.2518,0.0973,0.2101,-0.0032,0.1529,LOW LIQUIDITY
GIC Housing Fin,511676,GICHSGFIN,Finance,-0.0313,-0.8113,0.5848,-0.0082,-0.1966,0.7981,1.0181,-0.0193,4.45,6.81,-0.35,2.6,11.09,-0.2463,0.146,0.0898,0.0041,0.2864,LOW LIQUIDITY
Avonmore Capital,511589,AVONMORE,Finance,0.0351,0.3813,0.1551,0.0101,-0.0693,0.2581,0.1504,-0.1376,0.06,17.93,-2.59,36.5,9.11,-0.427,0.3417,0.0859,0.0431,0.1552,LOW LIQUIDITY
Nisus Finance,544296,BOM:544296,Finance,1.0913,0.9446,0.7518,0,0,0.6472,0.4002,-0.145,0.06,20.24,,12.1,16.83,-0.405,0.5148,0.3326,-0.8209,0.3326,LOW LIQUIDITY
Mangal Credit,505850,MANCREDIT,Finance,0.219,-0.2,0.7478,0.0524,-0.0579,0.733,0.495,-1.3369,1.42,30.76,-5.32,5.4,14.16,-0.1669,0.3634,0.0993,0.0111,0.1572,LOW LIQUIDITY
Integ. Industrie,531889,BOM:531889,Finance,0.7829,0.5169,0.1021,0.1433,0.1203,0.0928,0.3545,0.692,0.01,8.6,0.71,48.5,6.3,-0.4581,0.3706,0.2748,-0.0553,0.1545,LOW LIQUIDITY
Wealth First Por,544536,WEALTH,Finance,0.2199,0.1769,0.881,-0.0378,0.0694,0.8708,0.6047,0.1908,0,31.35,4.52,9.8,23.52,-0.3623,0.3689,0.2848,-0.153,0.2154,LOW LIQUIDITY
Akme Fintrade,544200,AFIL,Finance,0.4965,0.1161,0.7397,0.1057,0.0301,0.7479,0.4721,-2.2526,0.74,9.47,3.15,36.2,6.45,-0.3107,0.1928,0.1098,0.0254,0.0797,LOW LIQUIDITY
Muthoot Cap.Serv,511766,MUTHOOTCAP,Finance,0.4133,-0.8228,0.5499,0.186,-0.6244,0.5472,0.0877,-3.444,4.56,26.86,-0.43,1.2,10.07,-0.3017,0.204,0.0719,-0.0224,0.6963,LOW LIQUIDITY
Balmer Law. Inv.,532485,BOM:532485,Finance,0.0668,0.084,0.1255,0.0093,0.0254,0.1519,0.1452,0.4372,0.08,9.97,3.93,28.1,2.73,-0.1802,0.309,0.1315,0.0007,0.1061,LOW LIQUIDITY
Elcid Investment,503681,BOM:503681,Finance,-0.4819,-0.4805,0.9904,-0.4052,-0.4271,0.9607,4.4078,0.4567,0,28.74,-0.67,0,20.68,-0.6209,0,0.0147,-0.0006,0.4418,LOW LIQUIDITY
Landmarc Leisur.,532275,BOM:532275,Finance,0,-0.3571,-20,0,-0.16,0.1826,0.0299,-3.12,0.5,1549.33,-96.83,1016.8,1607.86,-0.1099,1.9123,0.0098,0.0391,0.1698,LOW LIQUIDITY
India Finsec,535667,BOM:535667,Finance,0.1187,0.3887,0.7551,0.0506,0.0825,0.711,0.6996,-0.5789,1.74,42.62,5.17,13.9,12.85,-0.115,0.4868,0.1291,0.0108,0.0466,LOW LIQUIDITY
Capital India,530879,CIFL,Finance,-0.1168,-0.7702,0.2213,-0.0227,-0.8324,0.1713,0.0108,0.1232,1.59,4314.44,-51.83,82.9,15.31,-0.2288,0.1839,0.003,-0.0114,0.8354,LOW LIQUIDITY
CSL Finance,530067,CSLFINANCE,Finance,0.1636,0.1531,0.7761,0.0368,0.0372,0.755,1.0753,-1.0628,1.29,7.99,2.15,2.5,7.13,-0.3506,0.1576,0.1421,-0.0092,0.1049,LOW LIQUIDITY
Niyogin Fintech,538772,BOM:538772,Finance,0.6223,0.7658,0.0163,0.1016,-0.3128,0.003,-0.0576,10.8999,0.3,,0,25.1,66.6,-0.2035,0.6478,-0.0526,0.008,0.2602,LOW LIQUIDITY
GKW,,GKWLIMITED,Finance,0.5026,5.1106,0.8606,0.1483,-0.6253,0.1541,-0.0016,22.0315,0,,0,0.2,86.22,-0.5843,0.2583,-0.0075,-0.0136,0.6178,LOW LIQUIDITY
Abans Financial,543712,AFSL,Finance,5.3956,0.3473,0.0271,0.4868,0.0758,0.041,0.1437,-0.6207,0.78,9.29,1.23,4.8,7.63,-0.5197,0.2146,0.1017,0.0087,0.0259,LOW LIQUIDITY
MAS FINANC SER,540749,MASFIN,Finance,0.2497,0.1775,0.7213,0.1232,0.0884,0.7224,0.2642,-0.9515,3.53,16.58,1.87,36.1,10.62,-0.1197,0.4019,0.1414,-0.0107,0.053,LOW LIQUIDITY
BF Investment,533303,BFINVEST,Finance,0.2215,-0.7895,0.8515,0.0159,-0.6486,1.7372,0.2502,0.0703,0,22.05,-0.34,0.9,11.88,-0.4478,0.1501,0.0339,-0.0457,0.6825,LOW LIQUIDITY
Shalibhadra Fin.,511754,BOM:511754,Finance,0.0569,0.3441,0.7328,0.0143,0.0725,0.7189,3.0137,-1.0365,0.24,19.86,2.74,6.8,14.03,-0.4253,0.0819,0.1275,-0.0093,0.055,LOW LIQUIDITY
Saraswati Commer,512020,BOM:512020,Finance,-0.5386,-0.5504,0.9425,-0.4873,-0.5403,0.858,1.4763,0.124,0.04,54.88,-1.02,0.2,41.2,-0.4857,0.3341,0.0647,-0.1202,0.605,LOW LIQUIDITY
Indl.& Prud.Inv.,501298,BOM:501298,Finance,-0.5379,-0.0829,0.887,-0.0629,0.028,8.9343,26.8421,0.1949,0,16.45,5.88,0.2,16.45,-0.2464,0.2044,0.0759,0.0047,0.0479,LOW LIQUIDITY
Moneyboxx Fin.,538446,MONEYBOXX,Finance,0.1113,-0.8621,0.4293,0.0947,-4.656,0.3275,0.0011,-3.3906,2.44,,0,6.4,13.09,-0.414,0.2123,0.0058,-0.0687,4.6618,LOW LIQUIDITY
Nahar Capital,532952,NAHARCAP,Finance,-0.1383,-0.0171,0.5238,-0.4551,-0.004,2.5808,0.8341,-0.0034,0,9.7,-24.16,0.5,7.33,-0.252,0.3561,0.0321,0.0244,0.0361,LOW LIQUIDITY
Bombay Oxygen,509470,BOM:509470,Finance,-1.2378,-1.2829,1.0737,-1.4735,-1.5123,1.1202,-1.0822,-0.1419,0,,0,0,-33.74,-0.3029,0.2122,0.0362,-0.1086,1.5485,LOW LIQUIDITY
Finkurve Fin.,508954,FINKURVE,Finance,0.4027,0.1595,0.3636,0.0815,0.0402,0.2993,1.5373,-3.3472,1.17,88.16,21.93,98.2,38.61,-0.2578,0.3818,0.0881,-0.0009,0.0479,LOW LIQUIDITY
Satin Creditcare,539404,SATIN,Finance,0.1923,0.2483,0.5376,0.0737,-0.2294,0.4773,0.0865,-0.2182,2.92,9.85,-0.43,6.2,6.35,-0.1528,0.1347,0.0786,-0.1062,0.308,LOW LIQUIDITY
Naperol Invest.,500298,BOM:500298,Finance,0.6994,-1.0075,0.0136,0.1783,-0.0882,0.4412,0.723,-0.2918,0,52.88,-6,0.2,48.53,-0.4701,0,0.0095,0.01,0.0977,LOW LIQUIDITY
A.K.Capital Serv,530499,BOM:530499,Finance,0.1695,0.0176,0.7134,0.0387,0.0047,0.6868,0.1659,-1.4329,3.24,9.37,19.85,0.5,11.06,-0.1429,0.3481,0.0897,-0.0145,0.085,LOW LIQUIDITY
SRG Housing,534680,SRGHFL,Finance,0.2351,0.157,0.6008,0.0319,0.0373,0.6009,0.5453,-1.4278,2.21,18.01,4.83,2.7,9.85,-0.2998,0.0844,0.1152,-0.0286,0.0779,LOW LIQUIDITY
VLS Finance,511333,VLSFINANCE,Finance,-0.2436,-0.2369,0.9485,-0.2948,-0.4785,0.4098,0.04,3.4181,0,31.26,-0.65,1.1,12.47,-0.4965,0.1584,0.017,-0.1004,0.4955,LOW LIQUIDITY
Fedders Holding,511628,BOM:511628,Finance,-0.455,-0.3933,0.1013,-0.1519,-0.2219,0.0973,0.0459,-5.4501,0.13,36.22,-1.63,33,26.85,-0.4765,0.2465,0.0703,-0.1545,0.2922,LOW LIQUIDITY
Dhunseri Invest.,533336,DHUNINV,Finance,0.0374,0.1357,0.5106,-0.0266,0.0699,0.4913,0.1207,0.2864,0.14,8.72,1.25,0.2,3.36,-0.4565,0.0381,0.0346,0.0144,-0.0353,LOW LIQUIDITY
PTC India Fin,533344,PFS,Finance,-0.1933,0.8619,1.343,-0.0869,0.613,1.1887,0.3201,1.9001,0.76,6.49,0.11,49,5.07,-0.2317,0.2993,0.082,0.0175,-0.531,LOW LIQUIDITY
Delphi World,533452,DELPHIFX,Finance,-0.2186,0.2633,0.191,-0.3041,-2.5982,0.3664,0.1082,-0.2397,0.12,23.03,-0.09,2.4,13.8,-0.3226,1.0072,-0.0402,-0.1147,2.558,LOW LIQUIDITY
Manba Finance,544262,MANBA,Finance,0.3671,0.8822,0.6524,0.0717,0.1209,0.6427,0.2157,-2.0485,2.94,16.76,1.39,9.7,8.77,-0.2985,0.1878,0.1327,-0.0369,0.0118,LOW LIQUIDITY
Welspun Investme,533252,WELINV,Finance,0.0041,-0.0332,0.9327,-0.0133,-0.0919,0.8555,-22.35,-0.3096,0,123.73,-13.46,0.2,93.61,-0.2001,0,0.0062,-0.0024,0.0981,LOW LIQUIDITY
Kiran Vyapar,537750,BOM:537750,Finance,-0.0391,-0.5121,0.6774,-0.0079,-0.2449,0.7364,0.434,-0.7296,0.14,12.87,-0.53,0.7,8.92,-0.2849,0.3235,0.0295,-0.0893,0.2744,LOW LIQUIDITY
GFL,500173,GFLLIMITED,Finance,0.1358,0.6923,-10.3587,-0.0603,-0.243,-8.1662,-1.6478,-0.0103,0,,0,2.9,-23.93,-0.4696,0.291,-0.0296,-0.0267,0.2134,LOW LIQUIDITY
MKVentures Cap.,514238,BOM:514238,Finance,-0.2118,-0.1751,0.9171,-0.1428,-0.097,0.6198,-0.7873,1.9723,0,60.94,-6.28,1.9,34.38,-0.4404,0.1668,0.0956,-0.2406,0.1926,LOW LIQUIDITY
Rane Holdings,505800,RANEHOLDIN,Finance,0.6138,1.9411,0.0761,0.1116,-0.0805,0.0477,0.0442,2.4019,0.96,29.49,-3.66,2.8,7.67,-0.2005,0.3549,0.0802,-0.1271,0.1607,LOW LIQUIDITY
Last Mile Enter.,526961,BOM:526961,Finance,163.4973,1.7858,0.0061,3.2006,0.9368,0.0243,0.1142,-8.7202,0.08,18.41,0.2,44.3,12.55,-0.7141,0.3521,0.0565,0.0158,-0.8803,LOW LIQUIDITY
NBI Indl. Fin.,,NBIFIN,Finance,-0.0667,-0.25,-0.6905,-0.0029,-0.0094,0.7827,72.0667,0.4576,0,86.22,-91.5,0.1,66.61,-0.4015,0.1971,0.0027,-0.0015,0.0121,LOW LIQUIDITY
Worth Investment,538451,BOM:538451,Finance,-0.0236,0.0125,0.9113,-0.0039,0.0053,0.8333,-3.7941,-0.9907,0.53,237.58,451.4,408.8,111.67,-0.6324,0,0.0504,-0.0299,0.0451,LOW LIQUIDITY
Yogi Ltd,511702,BOM:511702,Finance,0,0,0.0945,2.0247,10.863,0.0702,0.154,-35.8614,1.15,42.36,0.04,23.8,35.85,-0.1827,2.8462,0.0173,0.0173,-10.8457,LOW LIQUIDITY
SIL Investments,521194,SILINV,Finance,0.758,1.2759,0.8027,0.0989,0.1435,0.7933,0.2405,0.2356,0,18.27,1.27,0.2,11.26,-0.2103,0,0.0116,-0.0035,-0.1319,LOW LIQUIDITY
Kama Holdings,532468,BOM:532468,Finance,0.1017,0.7596,0.2217,0.024,0.152,0.1523,0.0644,1.2117,0.65,13.03,0.86,4.2,4.44,-0.0966,0,0.0911,-0.0504,-0.0609,LOW LIQUIDITY
Oswal Green Tech,539290,OSWALGREEN,Finance,0.1517,0.3959,0.1109,-0.216,0.4145,0.2099,0.0095,10.1896,0,78.66,1.9,9.7,28.91,-0.3551,0.2272,0.0034,0.0008,-0.4111,LOW LIQUIDITY
Bengal & Assam,533095,BOM:533095,Finance,0.0858,-0.0039,0.1759,-0.0064,0.0051,0.2119,0.8992,0.6906,0.06,12.03,23.77,1,17.34,-0.2594,0.2252,0.0764,-0.1463,0.0713,LOW LIQUIDITY
Naga Dhunseri,,NDGL,Finance,12.4544,0.5782,0.235,1.5594,0.2902,0.3045,0.0555,-0.4715,0.2,8.44,0.29,0,9.86,-0.3595,0.1632,0.0319,-0.011,-0.2583,LOW LIQUIDITY
Grand Oak Canyon,523862,BOM:523862,Finance,-1,0,,-1,0.008,,-252.5,1.0299,3.12,,0,181.1,-1111.86,-0.2692,2.0803,-0.0117,-0.0139,-0.0197,LOW LIQUIDITY
Hexa Tradex,534328,HEXATRADEX,Finance,0,-1.254,,0,-0.0689,1.261,-10.148,10.6588,0,,0,1.2,171.78,-0.4825,0.0335,-0.006,-0.0363,0.0629,LOW LIQUIDITY
NDL Ventures,500189,NDLVENTURE,Finance,0,0.3333,,-1,0.2373,,0.0174,-4.0481,0,414.89,17.48,17.3,294.85,-0.3027,0.838,0.0096,-0.0152,-0.2277,LOW LIQUIDITY
Haryana Fin. Co.,530927,BOM:530927,Finance,0,-1.1547,,-0.0238,209,-6.4878,-0.0333,-74.4286,0,,0,171.1,-685.37,0,2.3752,0,-0.0034,-209,LOW LIQUIDITY
LKP Finance,507912,BOM:507912,Finance,-1.5579,-3.044,1.6151,0,0,0.2354,0.1494,-31.9491,0.1,409.61,,6.8,451.34,-0.0477,5.0065,0.0107,-0.1711,0.0107,LOW LIQUIDITY
Shipping Land,544142,SCILAL,Finance,0.5363,-0.6742,-2.4258,0.2388,0.0334,2.4905,-0.0563,-0.7586,0,,0,35.6,38.57,-0.3382,0.1468,-0.0609,-0.0758,-0.0943,LOW LIQUIDITY
Indl. Inv. Trust,501295,IITL,Finance,0.333,0.4005,0.8654,0.2334,0.7307,0.4553,0.2204,-25.1504,0.01,60.38,0.83,2.1,32.83,-0.5822,0.215,0.0091,-0.1081,-0.7216,LOW LIQUIDITY
Capital Trade Lk,538476,BOM:538476,Finance,-0.0293,-0.0677,0.806,-0.0157,1.1195,0.6964,-1.374,1.1501,1.86,70.43,0.63,62.2,25.63,-0.1034,0.7068,0.0363,-0.1687,-1.0832,LOW LIQUIDITY
Centrum Capital,501150,CENTRUM,Finance,0.1819,0.8472,0.2423,0.0343,-0.4684,0.4208,0.048,1.8686,58.08,,0,229.1,9.92,-0.2017,0.4933,-0.576,-0.377,-0.1076,LOW LIQUIDITY
Ashika Credit,543766,BOM:543766,Finance,0,0,0.9465,0,0,-13.9458,-4.9358,6.599,0,,,9.9,-22.17,-0.6229,0.1847,-0.2026,-0.2026,-0.2026,LOW LIQUIDITY
Muthoot Microfin,544055,MUTHOOTMF,Finance,-0.1299,-0.5046,0.4483,-0.0747,0.6208,0.1714,-0.2085,2.1554,3.2,,0,17.5,22.04,-0.2213,0.3708,-0.0819,-0.2859,-0.7027,LOW LIQUIDITY
BEML Land Assets,543898,BLAL,Finance,0,0.3117,,,0.1013,,-0.4219,-0.3154,,,0,-1658.6,-284.64,-0.1985,0.1474,-1.2584,-0.7044,-1.3597,LOW LIQUIDITY
Crest Ventures,511413,CREST,Finance,-0.1842,-0.4844,0.6722,-0.0699,-0.2594,0.5681,0.164,-0.1156,0.14,16.45,-0.63,2.6,10.33,-0.2882,0.2446,0.077,0.0191,0.3364,
RNFI Services,,RNFI,Finance,0.1231,1.0395,0.0442,0,0,0.0316,0.1991,1.0332,0.16,52.67,,21.2,19.61,-0.0538,1.9574,0.2518,-0.1618,0.2518,
Seshaasai Tech.,544533,STYL,Financial Technology (Fintech),-0.1377,-0.0901,0.2297,0,0,0.2258,0.3998,0.5089,0.59,26.62,,,16.39,-0.175,0,0.4163,0.4163,0.4163,35
MOS Utility,,MOS,Financial Technology (Fintech),1.9913,0.3229,0.0435,0,0,0.0302,0.2027,1.9866,0.22,56.41,,181.9,27.82,-0.2402,0.2814,0.1382,-0.0003,0.1382,878
Infibeam Avenues,539807,INFIBEAM,Financial Technology (Fintech),0.7183,-0.1231,0.0555,0.134,-0.0708,0.0683,0.0859,0.2225,0.05,28.35,-4,567.6,15.54,-0.2941,0.479,0.0647,0.0165,0.1355,1062
One 97,543396,PAYTM,Financial Technology (Fintech),0.2423,1.4974,0.0679,0.1185,-1.0744,0.0204,0.0126,0.0835,0.01,771.95,-7.18,355.6,93.27,-0.0096,1.012,-0.1028,-0.0121,0.9716,1233
PB Fintech.,543390,POLICYBZR,Financial Technology (Fintech),0.3824,1.6615,0.0606,0.1575,0.464,0.0916,0.1704,-0.4816,0.05,179.4,3.87,591.3,124.46,-0.204,0.3689,0.0513,0.0395,-0.4127,1651
One Mobikwik,544305,MOBIKWIK,Financial Technology (Fintech),-0.0734,-4.2062,-0.0558,-0.0791,0.3303,-0.1204,-0.445,0.6885,0.69,,0,28,-13.09,-0.6484,0.1218,-0.3134,-0.3654,-0.6437,2250
Heritage Foods,519552,HERITGFOOD,Food Products,0.0912,-0.096,0.0694,0.0477,-0.0447,0.058,0.1888,0.811,0.21,25.9,-5.8,39.6,14.09,-0.1143,0.3624,0.2021,0.0693,0.2468,160
Bombay Burmah,501425,BBTC,Food Products,0.0873,0.0095,0.1537,0.0207,0.0023,0.1716,0.6259,0.7065,0.28,11.99,52.92,16.7,4.1,-0.3269,0.2722,0.2194,0.0665,0.2171,163
DSM Fresh,544568,BOM:544568,Food Products,0,0,,0,0,0.1186,0.3316,-1.0754,0.65,42.7,,,24.46,-0.1328,0.4454,0.208,0.0364,0.208,LOW LIQUIDITY
Dodla Dairy,543306,DODLA,Food Products,0.0213,0.0361,0.0911,0.0313,0.0308,0.0896,0.2256,1.487,0.04,27.94,9.06,28.6,16.99,-0.2102,0.252,0.1983,0.0435,0.1675,231
Britannia Inds.,500825,BRITANNIA,Food Products,0.0371,0.2312,0.1965,0.0304,0.0549,0.1758,1.1524,0.8031,0.59,63.08,11.49,943.3,41.35,-0.0421,0.3471,0.5294,-0.0435,0.4745,270
Godrej Agrovet,540743,GODREJAGRO,Food Products,0.0485,-0.1755,0.0831,0.0407,0.0058,0.0729,0.2866,1.4019,1.19,27.78,47.91,128.5,15.15,-0.2823,0.0038,0.1768,0.0277,0.171,291
Venky's (India),523261,VENKEYS,Food Products,0.0715,-0.7894,0.0272,0.0175,-0.5095,0.0298,0.0568,0.37,0.11,37.4,-0.73,2,15.46,-0.2497,0.092,0.0821,0.0228,0.5916,365
Ganesh Consumer,544528,GANESHCP,Food Products,0.0713,-0.2904,0.1049,0,0,0.0638,0.2141,0.8486,0.32,34.24,,,14.76,-0.1384,0.0013,0.1581,0.0311,0.1581,366
Nestle India,500790,NESTLEIND,Food Products,0.1057,-0.0188,0.2191,0.0407,-0.033,0.2008,0.6523,0.6844,0.1,81.46,-24.72,10303.1,50.34,-0.0358,0.1988,0.8302,-0.5231,0.8632,451
Avanti Feeds,512573,AVANTIFEED,Food Products,0.1879,0.3488,0.1204,0.0627,0.2259,0.1464,0.2447,0.8262,0,15.64,0.69,43.7,9.62,-0.2648,0.2606,0.1953,0.0444,-0.0306,596
Parag Milk Foods,539889,PARAGMILK,Food Products,0.1235,0.0103,0.068,0.0273,-0.0032,0.0649,0.0948,0.9364,0.64,33.78,-106.18,46.9,15.67,-0.0256,1.3786,0.1234,0.016,0.1266,763
Zydus Wellness,531335,ZYDUSWELL,Food Products,0.3197,-2.5682,0.0354,0.0655,-0.1519,0.1171,0.0323,1.0692,0.53,50.88,-3.35,79.9,43.95,-0.1519,0.5079,0.0602,0.007,0.2121,945
Hatsun Agro,531531,HATSUN,Food Products,0.1492,0.8685,0.1389,0.0541,0.2769,0.072,0.1744,2.5691,1.08,64.48,2.33,277.2,21.62,-0.1242,0.2712,0.1705,0.0003,-0.1064,1178
Mrs Bectors,543253,BECTORFOOD,Food Products,0.0764,-0.1284,0.1231,0.0179,-0.0299,0.1035,0.154,0.7886,0.16,57.71,-19.28,42.1,28.5,-0.3406,0.0853,0.1564,-0.0758,0.1863,1212
Bikaji Foods,543653,BIKAJI,Food Products,0.1418,0.0281,0.1475,0.0297,0.0049,0.1044,0.1815,0.6885,0.17,90,184.93,329.9,49.45,-0.181,0.3974,0.1548,-0.09,0.1499,1380
Gopal Snacks,544140,GOPAL,Food Products,-0.0907,-0.9004,0.0472,-0.0219,-0.024,0.035,0.1187,0.901,0.16,100.22,-41.74,136.7,53.9,-0.3108,0.4083,0.1142,-0.1781,0.1382,1764
EID Parry,500125,EIDPARRY,Food Products,0.293,1.6966,0.0923,0.0625,0.2558,0.083,0.1435,0.8167,0.34,20.66,0.81,41.5,5.23,-0.1637,0.6317,0.0954,-0.039,-0.1604,1984
Manorama Indust.,541974,MANORAMA,Food Products,0.6544,1.0684,0.2719,0.3685,0.5557,0.2589,0.4653,-0.3073,1.05,45.61,0.82,100.9,27.48,-0.2651,0.7711,0,0,-0.5557,2041
Prataap Snacks,540724,DIAMONDYD,Food Products,-0.0248,-0.9269,0.0438,-0.0061,0.5658,-0.0131,-0.0222,-2.4521,0.11,,0,9.1,58.06,-0.1476,0.2798,-0.0122,-0.0882,-0.578,2202
Lotus Chocolate,523475,BOM:523475,Food Products,0.2506,-0.7252,0.0221,0.0863,-0.4446,0.0411,0.175,-4.2957,3.08,129.48,-2.91,24.9,49.87,-0.3672,0.0875,0.3379,0.0561,0.7825,LOW LIQUIDITY
KSE,519421,BOM:519421,Food Products,-0.0358,1.0985,0.1192,-0.0093,0.2372,0.0917,0.7394,1.1736,0.08,7.48,0.32,8.8,5.07,-0.1021,0.4493,0.3398,0.2474,0.1026,LOW LIQUIDITY
Kings Infra,530215,BOM:530215,Food Products,0.2151,0.2381,0.2034,0.0488,0.054,0.1912,0.3649,-0.1768,0.84,27.6,5.11,13.2,16.79,-0.1236,0.4717,0.2037,0.0382,0.1497,LOW LIQUIDITY
Mishtann Foods,539594,BOM:539594,Food Products,0.0088,0.1593,0.2171,0.0049,0.037,0.2537,0.361,-0.1437,0.05,1.63,0.44,62.1,1.71,-0.6763,0.2009,0.441,-0.5463,0.404,LOW LIQUIDITY
Vadilal Inds.,519156,VADILALIND,Food Products,0.0897,-0.1348,0.1972,0.0336,-0.058,0.1557,0.2392,0.6166,0.31,27.4,-4.73,4,16.56,-0.2793,0.5633,0.24,-0.0697,0.298,LOW LIQUIDITY
Vadilal Enterp.,519152,BOM:519152,Food Products,0.0071,-0.3062,0.0626,0.0032,-1.7603,0.002,-0.1813,2.7601,2.13,,0,3.7,49.88,-0.2477,1.6814,0.2048,-0.2561,1.9651,LOW LIQUIDITY
Euro India Fresh,,EIFFL,Food Products,0.1034,-0.3265,0.0712,0.0202,-0.0286,0.0749,0.0886,0.7938,0.58,104.95,-36.73,19.6,44.22,-0.2118,0.3723,0.0805,0.0471,0.1091,LOW LIQUIDITY
Krishival Foods,544416,KRISHIVAL,Food Products,0.6959,0.2746,0.1092,0,0,0.1036,0.1517,2.2128,0.09,76.73,,18.3,43.76,-0.0204,1.3585,0.1053,0.0051,0.1053,LOW LIQUIDITY
Apis India,506166,BOM:506166,Food Products,-0.0025,-0.5199,0.0791,-0.0006,-0.0741,0.0952,0.2242,0.1814,0.38,24.28,-3.27,1.7,16.31,0,2.5517,0.1521,-0.0921,0.2262,LOW LIQUIDITY
ADF Foods,519183,ADFFOODS,Food Products,0.0926,0.0133,0.177,0.0191,0.0742,0.1592,0.1988,0.4215,0.12,33.66,4.54,52.7,20.58,-0.3927,0.0849,0.1398,-0.0264,0.0656,LOW LIQUIDITY
Sharat Industrie,519397,BOM:519397,Food Products,0.2821,0.7549,0.0976,0.0666,0.2319,0.0721,0.1192,-1.0086,0.83,43.14,1.86,14.5,18.09,-0.1,1.5636,0.0902,0.018,-0.1417,LOW LIQUIDITY
HMA Agro Inds.,543929,HMAAGRO,Food Products,0.5753,-0.391,0.0047,0.0799,-0.002,0.0269,0.202,0.8185,0.68,17.96,-91.31,98.2,10.88,-0.3606,0.122,0.1148,-0.0478,0.1168,LOW LIQUIDITY
Foods & Inns,507552,FOODSIN,Food Products,-0.045,0.0128,0.1032,-0.0005,0.0266,0.1054,0.0859,0.1385,0.82,14.53,5.45,8.3,8.29,-0.3581,0.1297,0.0873,-0.0155,0.0607,LOW LIQUIDITY
Mukka Proteins,544135,MUKKA,Food Products,-0.01,-0.6407,0.0826,-0.0017,-0.0644,0.097,0.1364,-1.1481,1.03,17.07,-2.65,50.5,10.37,-0.4841,0.0261,0.111,-0.1454,0.1754,LOW LIQUIDITY
Proventus Agro.,,PROV,Food Products,0.3278,0.3727,0.0228,0.1667,0.6386,0.0184,0.0757,-0.1966,0.19,47.97,0.75,1.1,33.09,-0.2797,0.5642,0.0443,0.0038,-0.5943,LOW LIQUIDITY
Tasty Bite Eat.,519091,TASTYBITE,Food Products,0.42,3.2195,0.1295,0.0646,0.461,0.0957,0.1369,0.9646,0.23,60.51,1.31,1.9,26.94,-0.2982,0.2092,0.0858,-0.0758,-0.3752,LOW LIQUIDITY
SKM Egg Prod.,532143,SKMEGGPROD,Food Products,0.5843,1.8646,0.1851,0.2658,0.6037,0.139,0.1819,1.1402,0.51,19.32,0.32,8.2,10.74,-0.1344,1.6656,0.118,-0.2412,-0.4857,LOW LIQUIDITY
Megastar Foods,541352,MEGASTAR,Food Products,0.8858,2.3617,0.0632,0.144,0.2937,0.0503,0.0307,-0.5766,1.42,67.93,2.31,4,17.21,-0.0574,0.6512,0.041,-0.0488,-0.2527,LOW LIQUIDITY
Apex Frozen Food,540692,APEX,Food Products,0.388,1.3947,0.0599,0.0887,1.4388,0.0247,0.0249,3.5306,0.15,80.45,0.56,4.7,21.71,-0.1628,0.3172,0.0076,-0.0216,-1.4312,LOW LIQUIDITY
Sampre Nutrition,530617,BOM:530617,Food Products,0.3755,6.4167,0.194,0.3623,-0.1683,-0.1236,-0.1768,-0.0169,0.17,,0,6.9,-152.68,-0.1648,5.7656,-0.127,-0.1412,0.0413,LOW LIQUIDITY
Freshara Agro,,FRESHARA,Food Products,0,0,0.1446,0,0,0.1765,0.2785,-0.0027,0.74,14.17,,7.4,10.19,-0.2251,0.5636,0.3687,0.3687,0.3687,
Goyal Salt,,GOYALSALT,Food Products,-0.1302,-0.4432,0.0869,0,0,0.0812,0.1922,1.1659,0.39,43.58,,10.7,29.44,-0.205,0.3099,0.1563,-0.0001,0.1563,
Jeyyam Global,,JEYYAM,Food Products,0.0286,0.8971,0.0508,0,0,0.0483,0.1619,0.0236,0.42,15.05,,9.4,9.59,-0.0604,1.2581,0.1784,-0.0292,0.1784,
Shri Ahimsa,,SHRIAHIMSA,Food Products,0,0,0.3035,0,0,0.3215,0.2003,1.4078,0,25.5,,,14.86,-0.084,0.913,0.1855,-0.0684,0.1855,
Annapurna Swadi.,,ANNAPURNA,Food Products,0.2245,0.2368,0.1272,0.1155,0.1561,0.0989,0.101,-0.4138,0.36,22.99,1.47,3.7,11.14,-0.4444,0.0746,0.0971,-0.0535,-0.059,
Petronet LNG,532522,PETRONET,Gas,-0.1144,-0.2384,0.0976,-0.0301,-0.0598,0.1034,0.2415,0.8065,0.13,11.29,-1.89,315.7,5.96,-0.2029,0.0481,0.2116,-0.0099,0.2714,359
Aegis Logistics,500003,AEGISLOG,Gas,0.0737,-0.0013,0.1395,0.0175,0.0018,0.1709,0.0927,0.4845,0.99,39.79,223.24,200,20.86,-0.2751,0.2327,0.1553,0.004,0.1535,614
GAIL (India),532155,GAIL,Gas,0.0486,-0.2677,0.0974,0.0157,-0.149,0.0865,0.1364,1.0883,0.25,13.09,-0.88,882.2,8.49,-0.1693,0.1949,0.1309,-0.0088,0.2799,668
Gujarat Gas,539336,GUJGASLTD,Gas,-0.1302,-0.0093,0.1343,-0.0351,-0.0084,0.0992,0.1661,1.1215,0.02,24.13,-28.73,224,13.07,-0.2742,0.1141,0.1425,-0.0072,0.1509,913
Indraprastha Gas,532514,IGL,Gas,0.113,-0.1084,0.1305,0.0261,0.004,0.1387,0.2633,1.0304,0.01,17.73,44.77,390,10.5,-0.0783,0.3803,0.1639,-0.0574,0.1599,1178
Guj.St.Petronet,532702,GSPL,Gas,-0.1312,-0.1608,0.1748,-0.0357,-0.0543,0.1305,0.1058,1.1964,0.01,16.19,-2.98,82.6,5.12,-0.2481,0.1551,0.0989,-0.0617,0.1532,1608
IRM Energy,544004,IRMENERGY,Gas,0.1649,-0.2556,0.0986,0.0381,-0.0661,0.0865,0.0554,1.0075,0.16,31.05,-4.7,5.5,8.5,-0.2713,0.2972,0.0468,-0.0854,0.1129,1972
Energy InfrTrust,542543,BOM:542543,Gas,-0.0153,2.2457,0.3863,0,0,0.1337,0.0008,2.2402,4.75,87.14,,274.3,7.96,-0.152,0.0949,0.0046,-0.3089,0.0046,2155
Adani Total Gas,542066,ATGL,Gas,0.1909,-0.1191,0.2035,0.0931,-0.0447,0.1724,0.1563,0.9873,0.45,108.69,-24.31,1659,59.65,-0.2827,0.1612,0.1682,-0.0364,0.2129,LOW LIQUIDITY
Mahanagar Gas,539957,MGL,Gas,0.1473,-0.3257,0.1649,0.1198,0.0133,0.1708,0.1987,1.0547,0.03,12.48,9.4,19.7,7.35,-0.2114,0.1641,0.1772,-0.1007,0.1639,LOW LIQUIDITY
Confidence Petro,526829,CONFIPET,Gas,0.4294,0.3431,0.0745,0.1062,0.0058,0.0587,0.0693,0.0502,0.58,14.7,25.2,33.7,5.15,-0.518,0.011,0.0724,-0.0335,0.0666,LOW LIQUIDITY
Poly Medicure,531768,POLYMED,Healthcare Equipment & Supplies,0.0479,0.2572,0.2632,0.0115,0.0706,0.2895,0.2702,0.5218,0.07,54.38,7.71,71.2,33.84,-0.3802,0.0533,0.1577,-0.0331,0.0871,1307
Fischer Medical,524743,FISCHER,Healthcare Equipment & Supplies,1.1762,29.2826,0.1884,0.5417,12.6599,0.1846,0.098,-31.8897,0.25,315.4,0.25,1197.1,182.13,-0.2169,0.6272,0.007,-0.0271,-12.6529,2148
Earkart,544549,BOM:544549,Healthcare Equipment & Supplies,0,0,,0,0,0.2213,0.505,0.0751,0.25,47.58,,,33.6,-0.1051,0.7565,0.4177,0.1048,0.4177,LOW LIQUIDITY
Prevest Denpro,543363,BOM:543363,Healthcare Equipment & Supplies,0.1784,0.2685,0.3518,0.0377,0.0538,0.3914,0.2498,0.6109,0,31.91,5.93,7,20.04,-0.2566,0.2957,0.1874,-0.0124,0.1336,LOW LIQUIDITY
Laxmi Dental,544339,LAXMIDENTL,Healthcare Equipment & Supplies,0.0994,-0.2783,0.1816,0.0249,-0.1172,0.1193,0.1457,1.4152,0.09,74.64,-6.37,45.5,36.8,-0.4623,0.0397,0.2188,-1.1203,0.336,LOW LIQUIDITY
Tarsons Products,543399,TARSONS,Healthcare Equipment & Supplies,0.0774,-0.5572,0.2704,0.0167,-0.0677,0.1545,0.0493,1.7858,0.54,54.88,-8.1,12.8,13.71,-0.3895,0.0139,0.0475,0.0475,0.1152,LOW LIQUIDITY
Hemant Surgical,543916,BOM:543916,Healthcare Equipment & Supplies,-0.0076,-0.1582,0.0963,0,0,0.1193,0.1348,0.7018,0.49,47.26,,6.3,28.27,-0.21,2.2898,0.1358,-0.1145,0.1358,LOW LIQUIDITY
Aprameya Enginee,,APRAMEYA,Healthcare Equipment & Supplies,0,0,0.2039,0,0,0.1835,0.3395,-0.4273,0.47,32.95,,15.7,22.41,-0.094,3.5626,0.3678,0.2067,0.3678,
OSEL Devices,,OSELDEVICE,Healthcare Equipment & Supplies,0.2155,0.5576,0.2015,0,0,0.174,0.2623,-1.1782,0.46,57.96,,17.4,35.87,-0.0657,2.5264,0.3008,-0.3731,0.3008,
Vasa Denticity,,DENTALKART,Healthcare Equipment & Supplies,0.121,-0.1608,0.0526,0.0193,-0.0316,0.089,0.1762,-0.1962,0,62.55,-19.8,13,42.61,-0.2892,0.1203,0.1701,-0.1822,0.2017,
Indrapr.Medical,532150,INDRAMEDCO,Healthcare Services,0.0892,0.1665,0.1872,0.0357,0.0829,0.1712,0.328,0.7026,0.05,32.79,3.96,79.8,18.81,-0.023,1.0337,0.3004,0.0092,0.2175,204
Dr Lal Pathlabs,539524,LALPATHLAB,Healthcare Services,0.1066,0.1641,0.3067,0.0562,0.0934,0.2678,0.3905,0.8762,0.07,48.87,5.23,100.5,30.17,-0.1199,0.3595,0.243,0.0394,0.1496,222
Vimta Labs,524394,VIMTALABS,Healthcare Services,0.2019,0.1704,0.336,0.1157,0.1089,0.2663,0.2251,1.0412,0.02,38.27,3.51,30.5,19.87,-0.29,1.2489,0.1943,0.0577,0.0854,351
Krishna Institu.,543308,KIMS,Healthcare Services,0.2661,-0.0924,0.221,0.0603,0.0065,0.1984,0.1175,0.9206,1.2,76.69,118.1,529.4,37.05,-0.1147,0.4911,0.1848,0.0085,0.1783,374
Apollo Hospitals,508869,APOLLOHOSP,Healthcare Services,0.1488,0.4181,0.1458,0.0347,0.1277,0.1172,0.1633,0.8804,0.96,71.08,5.57,195.8,34.43,-0.0399,0.2959,0.1842,0.0509,0.0565,449
Vijaya Diagnost.,543350,VIJAYA,Healthcare Services,0.1017,0.0275,0.406,0.074,0.1045,0.3206,0.1643,1.0537,0.42,68.54,6.56,124.1,34.25,-0.2033,0.3746,0.19,0.0117,0.0855,570
Fabtech Tech.,544558,FABTECH,Healthcare Services,1.0681,4.4902,0.2507,0,0,0.1368,0.2593,-0.8089,0.22,18.53,,,21.92,-0.1132,0.3456,0.2159,-0.0288,0.2159,605
Narayana Hrudaya,539551,NH,Healthcare Services,0.1539,-0.0226,0.2233,0.0427,0.0033,0.1926,0.1951,0.8989,0.67,47.05,144.3,209.6,27.79,-0.2326,0.4699,0.2422,-0.0721,0.2389,758
Artemis Medicare,542919,ARTEMISMED,Healthcare Services,0.1517,0.266,0.1637,0.036,0.0529,0.1555,0.1022,0.9946,0.33,38.6,7.3,55.5,17.24,-0.303,0.1745,0.1292,0.015,0.0763,900
Rainbow Child.,543524,RAINBOW,Healthcare Services,0.0688,0.3534,0.2936,0.015,0.0833,0.2732,0.228,0.9919,0.52,54.48,6.54,96.9,26.41,-0.1927,0.1447,0.1743,-0.008,0.091,953
Thyrocare Tech.,539871,THYROCARE,Healthcare Services,0.2209,0.7994,0.3295,0.1095,0.4734,0.2502,0.3646,1.3526,0.05,54.58,1.15,69.2,28.32,-0.1084,0.9973,0.1615,0.0269,-0.3119,1070
Indegene,544172,INDGN,Healthcare Services,0.1709,0.1134,0.1748,0.071,0.0704,0.1955,0.2033,0.7688,0.04,28.68,4.07,107.2,18.26,-0.2754,0.0977,0.2059,-0.0628,0.1355,1113
Global Health,543654,MEDANTA,Healthcare Services,0.1971,0.496,0.2392,0.046,0.1,0.213,0.186,0.8087,0.21,59.42,5.94,268.8,32.99,-0.1344,0.2671,0.1648,-0.0143,0.0648,1142
Fortis Health.,532843,FORTIS,Healthcare Services,0.1656,0.5131,0.2265,0.0396,0.0953,0.1759,0.1071,1.115,0.28,81.9,8.59,638.1,42.51,-0.0966,0.9158,0.1013,0.0228,0.006,1184
Krsnaa Diagnost.,543328,KRSNAA,Healthcare Services,0.0764,0.0759,0.2853,0.0183,0.0614,0.1987,0.1362,0.6899,0.23,29.31,4.77,8.9,11.51,-0.2711,0.2161,0.0929,0.0177,0.0315,1215
Max Healthcare,543220,MAXHEALTH,Healthcare Services,0.3141,0.3035,0.2579,0.069,0.06,0.2336,0.1273,0.8873,0.32,91.58,15.26,1138.4,52.38,-0.1403,0.2068,0.1272,-0.0065,0.0672,1269
Aster DM Health.,540975,ASTERDM,Healthcare Services,0.0759,0.0908,0.1871,0.0184,0.1836,0.1584,0.0942,0.6586,0.78,100.92,5.5,583.8,39.93,-0.0593,0.7836,0.0826,0.0513,-0.101,1288
Jupiter Life Lin,543980,JLHL,Healthcare Services,0.2046,-0.0142,0.2248,0.0455,0.0206,0.2099,0.1622,0.9672,0.29,52.43,25.44,48.8,29.08,-0.1297,0.2323,0.1495,-0.0807,0.1289,1468
Syngene Intl.,539268,SYNGENE,Healthcare Services,0.022,-0.3676,0.2191,0.0287,-0.0106,0.1764,0.1226,1.7073,0.12,53.81,-50.93,214.3,22.83,-0.3493,0.0443,0.1053,-0.027,0.1159,1489
Shalby,540797,SHALBY,Healthcare Services,0.0629,-0.4304,0.1401,0.0161,-1.0846,0.0796,0.0511,-0.0496,0.48,,0,28,19.56,-0.1345,0.3417,0.0062,-0.076,1.0908,1527
Metropolis Healt,542650,METROPOLIS,Healthcare Services,0.227,0.1322,0.2521,0.1143,0.1313,0.1555,0.1331,1.2641,0.14,66.94,5.1,38.3,30.64,-0.097,0.554,0.1153,-0.0067,-0.016,1543
Yatharth Hospit.,543950,YATHARTH,Healthcare Services,0.2172,0.3838,0.2502,0.0772,0.0999,0.2075,0.1262,0.8199,0.01,54.07,5.41,46.1,28.71,-0.0542,1.3107,0.1043,-0.1123,0.0044,1990
Dr Agarwal's Hea,544350,AGARWALEYE,Healthcare Services,0.1971,0.7907,0.273,0.097,0.5204,0.1651,0.0561,1.3787,0.51,137.23,2.64,260.7,29.89,-0.1134,0.5401,0.0476,-0.0218,-0.4728,2080
Take Solutions,532890,TAKE,Healthcare Services,0,0.5333,,,-0.8937,,0.3268,-5.9745,0,85.08,-0.95,196.2,61.81,-0.0975,2.5253,6.4412,8.0469,7.3349,LOW LIQUIDITY
3B Blackbio,532067,BOM:532067,Healthcare Services,0.1441,0.1312,0.5322,0.029,0.0287,0.6608,0.5295,0.6768,0,23.55,8.19,3.7,16.28,-0.4275,0.0417,0.194,0.0398,0.1653,LOW LIQUIDITY
Suraksha Diagno.,544293,SURAKSHA,Healthcare Services,0.1953,0.1839,0.327,0.047,0.0397,0.1978,0.1822,1.249,0.42,50.07,12.62,41.1,19.72,-0.2873,0.3853,0.1646,0.01,0.1249,LOW LIQUIDITY
GPT Healthcare,544131,GPTHEALTH,Healthcare Services,0.095,-0.2289,0.1622,0.0228,-0.0407,0.1682,0.2396,0.9302,0.14,25.2,-6.2,39.7,13.6,-0.238,0.1602,0.213,-0.0363,0.2537,LOW LIQUIDITY
Dr Agarwal's Eye,526783,BOM:526783,Healthcare Services,0.152,0.3654,0.3405,0.0817,0.1642,0.2239,0.1366,1.1139,1.06,40.69,2.48,3.9,20.88,-0.274,0.5143,0.295,-0.049,0.1308,LOW LIQUIDITY
Health.Global,539787,HCG,Healthcare Services,0.1666,-0.6068,0.1758,0.0416,-0.174,0.0936,0.0296,1.4917,1.99,286.91,-16.49,160.8,27.66,-0.0623,0.6617,0.0514,-0.0045,0.2254,LOW LIQUIDITY
Sastasundar Ven.,533259,SASTASUNDR,Healthcare Services,0.1041,-0.214,0.0203,-0.0169,0.0823,0.004,0.147,1.3926,0,25.71,3.12,4.4,91.93,-0.2428,0.4167,0.0463,0.0347,-0.036,LOW LIQUIDITY
One Global Serv,514330,BOM:514330,Healthcare Services,5.4771,4.5795,0.1507,0.3344,0.4468,0.1797,0.663,0.5905,0,28.9,0.65,7.6,20.56,-0.0517,1.7798,0.4231,-0.2325,-0.0237,LOW LIQUIDITY
KMC Speciality,524520,BOM:524520,Healthcare Services,0.254,0.3684,0.2472,0.0582,0.0948,0.1784,0.1339,1.3835,0.54,48.13,5.08,112,18.99,-0.1712,0.214,0.1391,-0.0974,0.0443,LOW LIQUIDITY
Suven Life Scie.,530239,SUVEN,Healthcare Services,0.8515,-0.8374,-27.139,0.1291,0.1116,-24.4947,-2.0615,0.9308,0,,0,875.6,-24.51,-0.3597,0.8927,-0.8722,-0.5093,-0.9838,LOW LIQUIDITY
Kovai Medical,523323,KOVAI,Healthcare Services,0.1867,0.2509,0.2829,0.0429,0.0516,0.2297,0.1953,1.1211,0.38,31.06,6.02,6.9,16.34,-0.0691,0.3014,0.2123,-0.0116,0.1607,
Chandan Healthca,,CHANDAN,Healthcare Services,0.3031,0.3629,0.1796,0,0,0.1593,0.2271,-0.7926,0.39,37.94,,16.8,20.35,-0.0311,1.4568,0.2708,-0.2048,0.2708,
Eveready Inds.,531508,EVEREADY,Household Products,0.0667,-0.4614,0.1269,0.0364,-0.0842,0.0945,0.1638,1.044,0.75,35.27,-4.19,41,18.73,-0.2286,0.3461,0.1945,0.0031,0.2787,266
Linc,531241,LINC,Household Products,0.0513,-0.1243,0.0947,0.0123,-0.0221,0.0972,0.2164,1.0663,0.09,20.3,-9.19,19.4,11.26,-0.3826,0.3495,0.1763,-0.0017,0.1984,510
Jyothy Labs,532926,JYOTHYLAB,Household Products,0.0106,0.0155,0.1678,0,0,0.1717,0.2807,0.6369,0.03,31.23,,205,20.84,-0.3814,0.1629,0.1897,-0.0225,0.1897,704
Doms Industries,544045,DOMS,Household Products,0.2635,0.1049,0.1756,0.0613,0.0258,0.1515,0.2416,0.6067,0.21,74.39,28.81,93.6,40.41,-0.1821,0.2178,0.2229,-0.0429,0.1971,753
Indo National,504058,NIPPOBATRY,Household Products,-0.0625,-0.4793,0.0331,-0.0207,-1.0795,-0.0218,-0.0296,-0.361,0.12,,0,0.5,134.3,-0.3203,0.0822,0.367,0.3259,1.4465,LOW LIQUIDITY
High Energy Bat.,504176,BOM:504176,Household Products,0.1572,0.1167,-0.0428,-0.0209,-0.1698,0.2491,0.1817,0.1672,0.22,38.13,-2.25,4.6,25.54,-0.3111,0.3617,0.173,-0.0492,0.3428,LOW LIQUIDITY
Flair Writing,544030,FLAIR,Household Products,0.0921,0.0569,0.1567,0.0215,0.0118,0.161,0.1967,0.3753,0.04,29.51,24.9,35.3,17.27,-0.1099,0.6376,0.1187,-0.061,0.1069,1660
Kokuyo Camlin,523207,KOKUYOCMLN,Household Products,0.0108,1.7394,0.0925,-0.0002,2.1026,0.0375,0.083,4.0732,0.04,55.75,0.27,31.6,20.09,-0.4333,0.1088,0.0195,-0.1255,-2.0831,LOW LIQUIDITY
Airfloa Rail,544516,BOM:544516,Industrial Manufacturing,0,0,,0,0,0.2389,0.3457,-0.0964,0.55,34.44,,,19.27,-0.1518,0.3774,0.3102,0.019,0.3102,135
Mazagon Dock,543237,MAZDOCK,Industrial Manufacturing,0.0625,0.281,0.2371,0.0386,-0.0327,0.2509,0.4137,0.6766,0,45.69,-13.96,482.7,30.27,-0.3003,0.3783,0.3402,-0.0117,0.3729,221
Hind Rectifiers,504036,HIRECT,Industrial Manufacturing,0.5847,0.8485,0.113,0.1209,0.1796,0.0984,0.357,0.5649,1.03,73.15,4.07,33.8,40.74,-0.129,1.2986,0.2572,0.1105,0.0776,239
Jash Engineering,544402,JASH,Industrial Manufacturing,0.114,-11.18,-0.0321,0.0178,-0.0629,0.1541,0.2549,0.4551,0.23,35.81,-5.69,42.6,21.95,-0.3296,0.0627,0.2235,-0.0029,0.2864,273
True Colors,544531,BOM:544531,Industrial Manufacturing,0,0,,0,0,0.1634,0.4084,0.147,0.86,20.18,,,12.94,-0.0277,0.1616,0.7047,-0.0818,0.7047,328
Mamata Machinery,544318,MAMATA,Industrial Manufacturing,0.3997,11.0455,0.0799,0.0446,0.0599,0.2236,0.3335,1.2914,0.03,25.06,4.19,15.6,16.24,-0.3219,0.5439,0.2689,-0.0053,0.209,332
Jyoti CNC Auto.,544081,JYOTICNC,Industrial Manufacturing,0.1336,0.4026,0.2443,0.0266,0.0424,0.2614,0.2495,-0.2249,0.29,62.72,14.79,284.8,40.7,-0.3828,0.2378,0.2116,0.0031,0.1692,370
Kilburn Engg.,522101,BOM:522101,Industrial Manufacturing,0.512,0.8387,0.2577,0.1031,0.156,0.2395,0.1806,-0.1007,0.19,39.15,2.51,28.4,23.85,-0.1127,0.68,0.1716,0.1716,0.0156,451
Eimco Elecon(I),523708,EIMCOELECO,Industrial Manufacturing,-0.5011,-0.5904,0.157,-0.1442,-0.1527,0.2552,0.2179,0.5097,0,23.98,-1.57,1.3,15.63,-0.4371,0.36,0.118,0.0105,0.2707,465
Rajoo Engineers,522257,RAJOOENG,Industrial Manufacturing,0.6238,0.7881,0.1985,0.2746,0.4239,0.2198,0.2512,1.4847,0.05,28.37,0.67,83.5,18.8,-0.7398,0.0705,0.2612,0.0857,-0.1627,474
Intl. Conveyors,509709,INTLCONV,Industrial Manufacturing,-0.1221,0.6338,0.1526,-0.0325,0.3372,1.0074,1.3909,0.1302,0.24,5.16,0.15,10.1,4.36,-0.206,0.4861,0.2637,0.0259,-0.0735,586
Texmaco Rail,533326,TEXRAIL,Industrial Manufacturing,-0.1632,-0.4987,0.0779,-0.0348,-0.0948,0.0907,0.1007,-0.0985,0.34,24.62,-2.6,77.1,12.51,-0.4463,0.1533,0.0909,0.0337,0.1857,626
HPL Electric,540136,HPL,Industrial Manufacturing,-0.0251,0.0828,0.1514,-0.0058,0.0087,0.1291,0.1366,0.6335,0.7,29.1,33.48,19.5,12.79,-0.3265,0.2722,0.1082,0.0539,0.0995,724
EPack PrefabTech,544540,EPACKPEB,Industrial Manufacturing,0.6189,1.0423,0.1152,0,0,0.0928,0.0985,0.5921,0.32,39.98,,,21.99,-0.0295,0.6524,0.2277,-0.0641,0.2277,772
Cochin Shipyard,540678,COCHINSHIP,Industrial Manufacturing,0.377,0.0388,0.239,0.0591,0.0085,0.2463,0.2037,-0.2275,0.09,53.17,62.76,212,33.35,-0.3254,0.456,0.1585,-0.0136,0.15,891
Tega Inds.,543413,TEGA,Industrial Manufacturing,0.0474,-0.0381,0.1561,0.0098,-0.0073,0.1699,0.2145,0.6791,0.24,64.26,-88.11,60.8,33.89,-0.1761,0.5989,0.1547,-0.0181,0.162,919
Praj Industries,522205,PRAJIND,Industrial Manufacturing,0.0312,-0.6418,0.0664,-0.0104,-0.4355,0.055,0.1362,0.1587,0.16,58.82,-1.35,87.7,22.55,-0.614,0.0294,0.1408,-0.0926,0.5763,925
Jupiter Wagons,533272,JWL,Industrial Manufacturing,-0.5409,-0.6317,0.1235,-0.1251,-0.1464,0.1413,0.2522,0.365,0.14,42.35,-2.89,206.8,26.21,-0.4628,0.1698,0.1696,-0.104,0.316,932
Honeywell Auto,517174,HONAUT,Industrial Manufacturing,0.1226,0.0382,0.1145,0.0831,-0.0146,0.1549,0.1733,0.5936,0.02,61.84,-42.39,6.7,37.65,-0.2088,0.1639,0.137,-0.0106,0.1516,983
Pennar Industrie,513228,PENIND,Industrial Manufacturing,0.153,0.2098,0.1014,0.0348,0.0609,0.0871,0.1213,0.9281,0.81,28.31,4.64,47.7,11.48,-0.0489,0.93,0.1255,0.0077,0.0646,1035
Aditya Infotech,544466,CPPLUS,Industrial Manufacturing,0.1635,0.4607,0.0823,0,0,0.0731,0.2008,0.1196,0.45,100.75,,,63.71,-0.064,0.3624,0.2087,-0.1513,0.2087,1058
Pitti Engg.,513519,PITTIENG,Industrial Manufacturing,0.0638,-0.0508,0.1765,0.015,-0.02,0.1387,0.144,1.2468,0.78,33.16,-16.59,15,13.66,-0.3832,0.1171,0.1593,-0.0658,0.1793,1181
Centum Electron,517544,CENTUM,Industrial Manufacturing,0.1136,1.9661,0.0831,0.0241,-2.9665,0.061,0.1198,-0.4785,0.46,188.94,-0.64,12.9,31.59,-0.2071,1.1181,-0.0314,-0.0168,2.9351,1201
Titagarh Rail,532966,TITAGARH,Industrial Manufacturing,-0.2478,-0.5309,0.0943,-0.0579,-0.1276,0.1142,0.1505,-0.2142,0.25,48.58,-3.81,63.5,26.36,-0.3653,0.3285,0.1175,-0.0638,0.2451,1269
HLE Glascoat,522215,HLEGLAS,Industrial Manufacturing,0.2505,3.3412,0.1324,0.0554,0.2049,0.1165,0.1111,1.1774,0.83,72.51,3.54,60.6,28.05,-0.0971,1.7439,0.1067,0.0205,-0.0982,1320
Syrma SGS Tech.,543573,SYRMA,Industrial Manufacturing,-0.1862,1.5772,0.0918,-0.057,0.2705,0.0942,0.1418,0.6306,0.38,76.61,2.83,157.4,38.16,-0.0821,1.2621,0.0945,0.0264,-0.176,1420
Shree Refrigerat,544458,BOM:544458,Industrial Manufacturing,0,0,,0,0,0.2355,0.1589,-1.068,0.36,59.76,,,31.35,-0.2589,0.5088,0.1503,-0.1123,0.1503,1452
Marine Electric.,,MARINE,Industrial Manufacturing,0.2072,0.2964,0.1165,0.0869,0.2347,0.094,0.1599,0.8463,0.13,69.97,2.98,104.8,33.73,-0.2892,0.7041,0.1155,0.0027,-0.1192,1493
Sunita Tools Ltd,544001,BOM:544001,Industrial Manufacturing,-0.0046,-0.1085,0.2811,-0.0024,-0.0288,0.2281,0.1573,-1.1425,0.09,112.06,-38.9,6.8,67.71,-0.2084,0.5976,0.1333,-0.2028,0.1621,1597
Kaynes Tech,543664,KAYNES,Industrial Manufacturing,0.584,1.0164,0.1633,0.185,0.3231,0.1793,0.122,-0.1758,0.19,115.8,3.58,62.8,68.43,-0.1642,0.7097,0.1074,0.0021,-0.2157,1608
John Cockerill,500147,BOM:500147,Industrial Manufacturing,0.2754,2.1893,0.1167,-0.1566,-2.6192,0.0415,0.0486,14.2721,0.02,332.04,-1.27,6.8,135.13,-0.1499,1.376,-0.0252,-0.1325,2.594,1692
Everest Kanto,532684,EKC,Industrial Manufacturing,0.1286,0.4841,0.1585,0.0294,0.1277,0.1073,0.1285,0.3951,0.12,13.55,1.06,14.6,7.88,-0.3948,0.4448,0.0892,-0.0069,-0.0385,1728
Salasar Techno,540642,SALASAR,Industrial Manufacturing,0.021,-0.1888,0.0997,-0.005,-0.1614,0.0726,0.0513,-0.0524,0.4,82.43,-5.11,384.9,16.59,-0.4765,0.4543,0.041,-0.0834,0.2024,1806
Emkay Tools,,ETL,Industrial Manufacturing,0,0,,0,0,0.5126,1.0057,0.5932,0.01,21.11,,,15.22,-0.2874,0.2204,0,0,0,1850
Lloyds Engineeri,539992,LLOYDSENGG,Industrial Manufacturing,0,0,0.1222,0,0,0.177,0.2064,1.0577,0.13,78.9,,1848.9,50.73,-0.3015,0.3791,0,0,0,1850
Dynamatic Tech.,505242,DYNAMATECH,Industrial Manufacturing,0.0712,-0.0544,0.1019,0.0176,-0.0144,0.0808,0.0592,1.2679,0.8,132.77,-92.17,5,33.12,-0.0737,0.5252,0.0621,-0.0398,0.0765,1878
The Anup Enginee,542460,ANUP,Industrial Manufacturing,0.2003,0.0933,0.2303,0.0396,0.0426,0.2003,0.2408,-0.0492,0.05,38.36,9.01,15.1,26.16,-0.4017,0.0472,0,0,-0.0426,1910
Standard Glass,544333,SGLTL,Industrial Manufacturing,0.1053,0.0359,0.1566,0.0793,0.1058,0.1693,0.1309,0.0483,0.18,48.14,4.55,91.4,28.17,-0.1953,0.3886,0.1155,-0.0919,0.0097,1934
Cyient DLM,543933,CYIENTDLM,Industrial Manufacturing,-0.2024,1.0809,0.1004,-0.0383,0.1992,0.0939,0.1037,-0.4826,0.21,43.63,2.19,28.7,19.38,-0.3967,0.2823,0.0733,-0.0373,-0.1259,2030
GMM Pfaudler,505255,GMMPFAUDLR,Industrial Manufacturing,0.0119,-0.5198,0.1271,0.0029,0.2813,0.0805,0.0786,1.5378,0.83,67.79,2.41,25.2,15.17,-0.1006,0.3382,0.0664,-0.132,-0.2149,2131
LMW,500252,LMW,Industrial Manufacturing,0.0688,0.6729,0.0536,0.0246,0.4457,0.0573,0.066,0.2368,0,140.78,3.16,6.4,52.67,-0.1316,0.1783,0.0304,-0.1097,-0.4153,2169
Walchan. Inds.,507410,WALCHANNAG,Industrial Manufacturing,-0.3756,-5.0058,-0.0479,-0.1147,0.0654,-0.2424,-0.2936,-0.3211,0.52,,0,20.4,-27.04,-0.5028,0.1664,-0.2526,-0.0988,-0.318,2208
Artson,522134,BOM:522134,Industrial Manufacturing,1.4664,0.2533,-0.0006,0.4261,0.4253,0.1042,0.2675,1.4019,18.53,121.63,2.86,849.7,33.9,-0.2465,0.2907,1.2429,1.2429,0.8176,LOW LIQUIDITY
Josts Engg. Co.,505750,BOM:505750,Industrial Manufacturing,-0.1411,-0.8421,0.0774,-0.0404,-0.4253,0.0851,0.1103,0.1681,0.18,36.65,-0.86,3.5,16.23,-0.5157,0.0697,0.264,0.0582,0.6893,LOW LIQUIDITY
Fluidomat,522017,BOM:522017,Industrial Manufacturing,-0.2053,-0.3679,0.2486,-0.0238,-0.0702,0.4019,0.6216,0.4789,0,20.72,-2.95,2.6,14.87,-0.3883,0.5528,0.3144,0.0775,0.3846,LOW LIQUIDITY
Captain Techno.,540652,BOM:540652,Industrial Manufacturing,0.4765,0.9383,0.1351,0,0,0.1277,0.3644,0.8437,0.11,45.58,,21.1,28.39,-0.5093,0.0395,0.2503,0.0754,0.2503,LOW LIQUIDITY
Disa India,500068,BOM:500068,Industrial Manufacturing,0.214,-0.0129,0.1406,0.0675,-0.0332,0.1733,0.2716,0.4643,0,37.75,-11.38,1.1,23.49,-0.2694,0.0457,0.2174,0.026,0.2506,LOW LIQUIDITY
Shanthi Gears,522034,SHANTIGEAR,Industrial Manufacturing,-0.1494,-0.1607,0.201,-0.0448,-0.0317,0.2184,0.3275,0.6959,0,39.28,-12.4,64.9,25.33,-0.2331,0.2332,0.2565,0.0066,0.2882,LOW LIQUIDITY
Fabtech Techn.,544332,BOM:544332,Industrial Manufacturing,0.5282,0.5558,0.0998,0,0,0.1088,0.2664,0.1538,0.01,30.94,,5.3,23.68,-0.2936,1.0557,0.1811,0.0665,0.1811,LOW LIQUIDITY
GTV Engineering,539479,BOM:539479,Industrial Manufacturing,0.0399,2.0522,0.1478,-0.1451,0.2332,0.2205,0.4413,0.1464,0.1,24.25,1.04,30.4,16.85,-0.2406,1.2785,0.2738,0.1389,0.0406,LOW LIQUIDITY
Bemco Hydraulics,522650,BOM:522650,Industrial Manufacturing,-0.1777,1.9388,0.1887,-0.0253,0.0835,0.2091,0.2665,0.6768,0.27,38,4.55,32.2,23.84,-0.377,1.0043,0.1989,0.0473,0.1154,LOW LIQUIDITY
Stovec Inds.,504959,BOM:504959,Industrial Manufacturing,-0.0727,-0.1755,0.0643,-0.0654,-0.2221,0.063,0.1137,0.9197,0,43.4,-1.95,0.7,20.32,-0.3865,0.055,0.0986,0.0409,0.3207,LOW LIQUIDITY
Aaron Industries,,AARON,Industrial Manufacturing,0.1193,-0.4332,0.1902,0.0262,-0.1005,0.1636,0.1608,0.6513,0.74,56.72,-5.64,20.5,29.29,-0.2202,0.4981,0.2095,-0.0153,0.31,LOW LIQUIDITY
Bajaj Steel Inds,507944,BOM:507944,Industrial Manufacturing,-0.2374,-0.5157,0.126,-0.0569,-0.1198,0.144,0.1813,0.5804,0.17,19.69,-1.64,6,11.58,-0.457,0.1884,0.1787,-0.0177,0.2985,LOW LIQUIDITY
Integra Engg.,505358,BOM:505358,Industrial Manufacturing,0.294,0.7279,0.1986,0.0626,0.1157,0.183,0.2584,0.9389,0.41,40.7,3.52,30.3,24.14,-0.129,0.2378,0.2148,0.0059,0.0991,LOW LIQUIDITY
ICE Make Refrig.,,ICEMAKE,Industrial Manufacturing,0.345,-1.361,0.0375,0.0608,-0.2273,0.0605,0.1501,0.8592,0.64,61.67,-2.71,13.6,28.78,-0.3544,0.2221,0.1965,-0.0784,0.4238,LOW LIQUIDITY
Kalyani Cast-Tec,544023,BOM:544023,Industrial Manufacturing,0.5252,0.6702,0.1252,0,0,0.1358,0.4111,0.4339,0.08,27.24,,4.2,18.73,-0.1535,0.5068,0.2425,-0.053,0.2425,LOW LIQUIDITY
Macpower CNC,,MACPOWER,Industrial Manufacturing,0.2153,0.1372,0.1298,0.0398,0.0185,0.1348,0.2411,0.1942,0.02,30.18,16.35,5.6,18.46,-0.5043,0.3283,0.1985,-0.0217,0.18,LOW LIQUIDITY
Spectrum Electr.,544386,SPECTRUM,Industrial Manufacturing,0.1329,1.6343,0.1372,0,0,0.1217,0.2407,-0.5375,0.52,78.46,,21,40.45,-0.3938,0.299,0.1509,0.0002,0.1509,LOW LIQUIDITY
Danlaw Tech.,532329,BOM:532329,Industrial Manufacturing,0.1579,0,0.1267,0.0365,-0.0068,0.1222,0.2896,0.3608,0.46,19.82,-29.04,2.4,11.46,-0.6214,0.0969,0.2831,-0.1915,0.2899,LOW LIQUIDITY
Batliboi,522004,BOM:522004,Industrial Manufacturing,-0.2615,-1.8836,-0.0234,-0.1297,-0.5115,0.0388,0.0467,0.098,0.39,107.21,-2.1,10.4,38.67,-0.1479,0.9313,0.0684,-0.0215,0.5799,LOW LIQUIDITY
United Drilling,522014,UNIDT,Industrial Manufacturing,-0.4176,-0.3248,0.1746,-0.132,-0.0919,0.1395,0.0786,0.3749,0.12,30.31,-3.3,3.2,17.93,-0.3152,0.0949,0.0579,0.0211,0.1498,LOW LIQUIDITY
Kabra Extrusion,524109,KABRAEXTRU,Industrial Manufacturing,-0.0253,-3.6719,-0.0262,-0.0046,-0.3654,0.0727,0.0687,1.0128,0.28,48.15,-1.32,6.3,17.24,-0.5919,0.0168,0.0602,-0.0156,0.4256,LOW LIQUIDITY
Indian Hume Pipe,504741,INDIANHUME,Industrial Manufacturing,-0.1557,-0.2965,0.1097,-0.038,-0.1543,0.115,0.1641,1.0785,0.33,22.25,-1.44,7.3,10.58,-0.2631,0.2848,0.0917,-0.0093,0.246,LOW LIQUIDITY
Thejo Engg.,,THEJO,Industrial Manufacturing,0.0385,-0.0188,0.1206,0.0108,-0.0056,0.1318,0.2117,0.9886,0.1,38.62,-68.95,7,20.28,-0.288,0.2241,0.1824,-0.0637,0.188,LOW LIQUIDITY
Guj Apollo Inds,522217,GUJAPOLLO,Industrial Manufacturing,0.2989,-0.7111,-0.2112,0.0634,-1.6364,0.1706,0.0068,-2.2697,0.1,,0,1.4,48.94,-0.1906,0.8282,0.0016,-0.0237,1.638,LOW LIQUIDITY
Cryogenic OGS,544440,BOM:544440,Industrial Manufacturing,0.5712,0.6475,0.2686,0.2332,0.2934,0.2618,0.2213,0.2337,0,39.28,1.34,8.9,25.43,-0.052,1.43,0.2353,-0.0198,-0.0581,LOW LIQUIDITY
Forbes Precision,544186,BOM:544186,Industrial Manufacturing,0.0996,0.1293,0.2304,0.0274,0.0014,0.1761,0.2355,1.2263,0.13,33.46,239.49,32.5,17.14,-0.4261,0.3049,0.1884,-0.2424,0.187,LOW LIQUIDITY
Honda India,522064,HONDAPOWER,Industrial Manufacturing,0.0745,-0.413,0.0545,0.0135,-0.0766,0.1231,0.1337,0.2057,0,35.5,-4.63,3.1,17,-0.3238,0.4133,0.0947,-0.0202,0.1713,LOW LIQUIDITY
Innovators,541353,BOM:541353,Industrial Manufacturing,-0.0648,-0.2488,0.1444,0,0,0.1392,0.1486,0.1019,0.38,25.22,,4.7,12.1,-0.2746,0.2478,0.1042,-0.0077,0.1042,LOW LIQUIDITY
Axtel Industries,523850,BOM:523850,Industrial Manufacturing,-0.3911,-0.5377,0.0558,-0.0979,-0.0705,0.1325,0.3243,1.3416,0,48.98,-6.95,10.2,29.59,-0.1478,0.295,0.1445,-0.1499,0.215,LOW LIQUIDITY
Gala Precis. Eng,544244,GALAPREC,Industrial Manufacturing,0.1864,0.0394,0.1527,0.0416,0.0092,0.1473,0.1306,0.0727,0.09,34.84,37.68,4.7,20.51,-0.4963,0.0471,0.1496,-0.1087,0.1404,LOW LIQUIDITY
Indef Manufactur,544364,BAJAJINDEF,Industrial Manufacturing,-0.0003,0.0227,0.101,-0.0001,0.0038,0.2399,0.5597,0.1226,0.02,34.58,91.08,15,24.9,-0.3606,0.8641,0.1452,-0.1031,0.1414,LOW LIQUIDITY
Lokesh Mach.,532740,LOKESHMACH,Industrial Manufacturing,-0.2316,-0.5534,0.1792,-0.0634,-1.0556,0.0747,-0.002,1.3012,0.63,,0,3.4,16.33,-0.5864,0.4484,0.0026,-0.0754,1.0582,LOW LIQUIDITY
Concord Control,543619,BOM:543619,Industrial Manufacturing,0.6392,0.9348,0.2513,0.2567,0.3422,0.2393,0.2856,-0.2254,0.13,63.25,1.85,14,48.67,-0.0428,2.1303,0.2739,-0.1052,-0.0683,LOW LIQUIDITY
DEE Development,544198,DEEDEV,Industrial Manufacturing,0.3916,-0.1977,0.1632,0.1387,0.1232,0.1166,0.0658,-0.5978,0.7,33.15,2.69,13.5,13.26,-0.344,0.4187,0.07,0.01,-0.0532,LOW LIQUIDITY
JNK,544167,JNKINDIA,Industrial Manufacturing,0.1249,-0.8206,0.0344,0.023,-0.1775,0.1096,0.0835,-1.1221,0.04,64.06,-3.61,17.6,23.82,-0.6004,0.0716,0.0863,-0.3029,0.2638,LOW LIQUIDITY
WPIL,505872,BOM:505872,Industrial Manufacturing,0.0443,-0.4213,0.13,0.0089,-0.1224,0.1598,0.188,-0.4909,0.34,39,-3.19,32,13.83,-0.401,0.3312,0.1004,-0.3613,0.2228,LOW LIQUIDITY
Prec. Electronic,517258,BOM:517258,Industrial Manufacturing,2.096,0.8444,0.0346,0.32,-2.6379,0.0767,0.0558,0.1812,3.44,338.22,-1.28,31.3,61.26,-0.1288,1.7135,-0.0398,-0.143,2.5981,LOW LIQUIDITY
Mahindra EPC,523754,MAHEPC,Industrial Manufacturing,-0.0088,1.1558,0.0272,0.0597,0.9431,0.0783,0.0958,-0.338,0.21,28.01,0.3,6.3,16.45,-0.2413,0.4554,0.0427,0.0305,-0.9004,LOW LIQUIDITY
Mazda,523792,MAZDA,Industrial Manufacturing,0.3721,0.6931,0.0651,0.0696,0.0813,0.1747,0.236,0.3301,0,20.27,2.49,4.7,13.35,-0.3658,0.3268,0.1124,-0.0462,0.0311,LOW LIQUIDITY
HMT,500191,HMT,Industrial Manufacturing,-0.2268,0.0404,-0.8566,-0.0506,-0.0261,-0.5288,0.0777,0.6576,,,0,-37.6,-43.94,-0.2932,0.2533,0,0,0.0261,LOW LIQUIDITY
Hercules Hoists,505720,HERCULES,Industrial Manufacturing,0,-1.0476,,,-0.0376,,4.5294,1.3386,0,105.53,-28.04,2.1,104.03,-0.4305,0.411,0.0071,-0.0052,0.0447,LOW LIQUIDITY
TRF,505854,TRF,Industrial Manufacturing,-0.3168,-0.2608,0.2269,-0.2033,0.1478,0.4345,0.1538,2.4027,1.44,15.62,1.06,4.6,6.33,-0.3634,0.1331,0,0,-0.1478,LOW LIQUIDITY
Kanoria Chem.,506525,KANORICHEM,Industrial Manufacturing,0.1813,0.5502,0.0361,0.0453,-0.256,-0.006,-0.0484,-0.564,1.14,,0,2.9,16.89,-0.4323,0.0653,-0.1182,-0.0519,0.1378,LOW LIQUIDITY
Windsor Machines,522029,WINDMACHIN,Industrial Manufacturing,0.4022,0.8382,0.0704,0.0881,0.8372,0.0336,0.0131,-5.237,0.05,,0,30.2,80.54,-0.3166,0.426,-0.0238,0.0056,-0.861,LOW LIQUIDITY
Birla Precision,522105,BOM:522105,Industrial Manufacturing,0.2539,2.8169,0.114,0.0569,0.3033,0.0782,0.0745,0.54,0.35,38.71,1.28,12.6,14.96,-0.3827,0.3788,0.0385,-0.0375,-0.2648,LOW LIQUIDITY
Swan Defence,533107,SWANDEF,Industrial Manufacturing,0,0.3942,-75.2857,0.0597,-0.1108,-19.6,-0.0631,0.6113,8.47,,0,84.1,-84.79,0,23.8777,-0.4631,-0.2275,-0.3523,LOW LIQUIDITY
Patil Automation,,PATILAUTOM,Industrial Manufacturing,0,0,,0,0,0.1366,0.349,0.0391,0.43,34.61,,,20.7,-0.3418,0.1501,0.2602,-0.0162,0.2602,
Aimtron,,AIMTRON,Industrial Manufacturing,1.1248,0.8148,0.2457,0.4078,0.3554,0.2081,0.2326,-0.5771,0,48.77,1.37,17.4,31.91,-0.0768,1.3184,0.248,0.248,-0.1074,
Prizor Viztech,,PRIZOR,Industrial Manufacturing,0.3497,0.2733,0.2137,0,0,0.2126,0.2855,-0.9344,0.18,35.24,,8.9,23.93,-0.0757,2.1836,0.4101,-1.0126,0.4101,
Kennametal India,505890,KENNAMET,Industrial Manufacturing,0.0947,0.256,0.178,0.022,0.1439,0.1256,0.2097,1.1104,0,43.58,3.03,14,23.42,-0.3516,0.113,0.1291,-0.0078,-0.0148,
Vinyas Innovativ,,VINYAS,Industrial Manufacturing,0.4176,0.3305,0.1011,0.1574,0.12,0.0965,0.131,0.2268,0.6,66.55,5.55,8.5,30.21,-0.2014,0.9973,0.1412,-0.0352,0.0212,
JD Cables,544524,BOM:544524,Industrial Products,0,0,,0,0,0.1328,0.9759,-0.5472,1.53,13.95,,,10.23,-0.1535,0.032,1.1716,0.155,1.1716,19
Oswal Pumps,544418,OSWALPUMPS,Industrial Products,0.3683,0.342,0.2739,0,0,0.2865,0.7754,-0.3675,0.72,25.58,,,19.21,-0.231,0.1793,0.875,0.1048,0.875,27
Arrow Greentech,516064,ARROWGREEN,Industrial Products,-0.3707,-0.4591,0.3425,-0.1007,-0.136,0.3354,0.5548,0.7913,0,16.67,-1.23,7.2,10.55,-0.4584,0.2231,0.3957,0.1334,0.5317,40
Shakti Pumps,531431,SHAKTIPUMP,Industrial Products,0.0968,0.045,0.2306,0.0218,0.0094,0.2355,0.4799,0.0341,0.15,23.74,25.27,101.5,15.64,-0.4318,0.1007,0.4264,0.1849,0.417,42
R M Drip & Sprin,544456,RMDRIP,Industrial Products,0.7919,2.1235,0.2881,0,0,0.2602,0.3395,-0.6601,0.32,71.62,,616.5,54.94,-0.0516,1.623,0.397,0.1943,0.397,48
Ingersoll-Rand,500210,INGERRAND,Industrial Products,-0.0076,-0.0466,0.2354,0.0037,-0.0115,0.2671,0.6023,0.7323,0.02,44.94,-39.19,61.7,31.24,-0.1978,0.2341,0.4501,0.0661,0.4616,67
Swaraj Engines,500407,SWARAJENG,Industrial Products,0.0857,0.0938,0.135,0.063,0.0716,0.1333,0.671,0.7947,0,26.83,3.75,14.7,17.75,-0.1726,0.5536,0.4194,0.0336,0.3478,100
Kirl.Pneumatic,505283,KIRLPNU,Industrial Products,-0.1221,-0.3609,0.1537,-0.0343,-0.1063,0.1594,0.2588,0.7518,0,36.85,-3.47,40,24.97,-0.4047,0.1357,0.2112,0.0502,0.3175,134
Ador Welding,517041,ADOR,Industrial Products,0.044,0.9463,0.1236,-0.0051,-0.1844,0.075,0.1878,1.3162,0,33,-1.79,6.5,17.35,-0.203,0.3525,0.1387,0.1387,0.3231,179
Tembo Global,,TEMBO,Industrial Products,0.9322,2.5092,0.1135,0.1442,0.2671,0.1346,0.77,-2.188,1.22,14.97,0.56,7.1,10.45,-0.3094,0.6192,0.3674,0.0993,0.1003,189
Systematic Inds.,544541,BOM:544541,Industrial Products,0.5404,0.3647,0.0707,0.1993,0.1127,0.0677,0.1218,0.2303,0.53,22.74,2.02,,10.56,-0.1552,0.1253,0.2578,0.0362,0.1451,220
Cummins India,500480,CUMMINSIND,Industrial Products,0.2553,0.2845,0.2145,0.0569,0.0684,0.2534,0.4432,0.6474,0,56.58,8.28,442,39.74,-0.012,0.686,0.2815,0.0033,0.2131,238
Kirl. Brothers,500241,KIRLOSBROS,Industrial Products,-0.0078,-0.2777,0.1055,-0.0134,-0.0387,0.1254,0.2907,0.6654,0.1,36.82,-9.52,52.5,22.3,-0.2581,0.2912,0.2162,-0.0006,0.2549,293
SKF India,500472,SKFINDIA,Industrial Products,0.0638,-0.2543,0.1308,0.0156,-0.0714,0.1421,0.3174,0.2659,0,19.78,-2.77,19.7,12.15,-0.1358,0.2717,0.2143,-0.0051,0.2857,303
Garware Hi Tech,500655,GRWRHITECH,Industrial Products,0.0432,-0.0603,0.2214,0.0097,-0.0161,0.2099,0.2441,0.7258,0,23.88,-14.84,7.6,15.71,-0.3762,0.4478,0.15,0.0457,0.1661,335
Balu Forge,531112,BALUFORGE,Industrial Products,0.3302,0.669,0.3099,0.0627,0.1122,0.2992,0.283,0.5596,0.04,30.67,2.73,72.3,23.17,-0.2964,0.4252,0.2538,0.0047,0.1416,358
Graphite India,509488,GRAPHITE,Industrial Products,-0.0865,-0.4346,0.0647,-0.0246,-0.2176,0.1938,0.2245,0.8363,0.03,32.87,-1.51,39.3,20.4,-0.0735,0.6511,0.08,0.0692,0.2976,367
Polyplex Corpn,524051,POLYPLEX,Industrial Products,0.0315,-1.3608,-0.0004,0.0077,-0.3445,0.0454,0.0349,0.8959,0.23,21.55,-0.63,2.5,4.9,-0.3674,0.0023,0.0572,0.0463,0.4017,405
Scoda Tubes,544411,SCODATUBES,Industrial Products,0.0606,0.4781,0.1457,0,0,0.1317,0.2572,0.2884,1.4,28.87,,,14.01,-0.2896,0.2139,0.2966,-0.0394,0.2966,410
Vesuvius India,520113,VESUVIUS,Industrial Products,0.1338,-0.0646,0.1742,0.0486,-0.0102,0.1693,0.2143,0.7647,0.01,39.9,-39.17,133.4,24.91,-0.2384,0.3846,0.193,-0.0013,0.2032,428
Dynamic Cables,540795,DYCL,Industrial Products,0.2025,0.4181,0.1095,0.0984,0.1904,0.101,0.2536,0.5576,0.19,24.41,1.28,22.3,15.43,-0.2895,0.7099,0.2207,0.028,0.0303,493
Jindal Saw,500378,JINDALSAW,Industrial Products,-0.2402,-0.696,0.1066,-0.1053,-0.2166,0.124,0.128,0.7793,0.43,7.89,-0.36,60.3,5.08,-0.509,0.0006,0.1631,-0.0235,0.3797,530
Prakash Pipes,542684,PPL,Industrial Products,-0.0068,-0.5941,0.0801,-0.0018,-0.1795,0.1263,0.2093,0.6155,0.09,10.1,-0.56,3.7,4.26,-0.4985,0.0058,0.205,-0.0471,0.3845,537
Elgi Equipments,522074,ELGIEQUIP,Industrial Products,0.0819,0.1758,0.1397,0.0187,0.0408,0.1478,0.2816,0.7605,0.31,41.96,10.28,258.7,24.71,-0.2878,0.2319,0.2006,-0.0056,0.1598,565
Inox India,544046,INOXINDIA,Industrial Products,0.1685,0.199,0.2175,0.0726,0.0824,0.2294,0.3198,0.406,0.1,45.26,5.5,100.1,31.09,-0.0761,0.3469,0.2899,-0.0372,0.2075,567
Surya Roshni,500336,SURYAROSNI,Industrial Products,-0.1525,-0.6364,0.0435,-0.0388,-0.159,0.0575,0.1621,0.8154,0.01,22.28,-1.4,57,11.55,-0.1785,0.445,0.1488,-0.0129,0.3078,577
Subros,517168,SUBROS,Industrial Products,0.0845,0.1669,0.0934,0.0203,0.0538,0.0647,0.2151,0.8248,0.04,42.89,7.96,40,19.03,-0.1529,1.0498,0.1448,0.0391,0.091,589
Prec. Wires (I),523539,PRECWIRE,Industrial Products,0.1679,0.2186,0.0528,0.0451,0.0596,0.0427,0.2206,1.0093,0.11,42.43,7.12,124.9,20.21,-0.0579,0.8962,0.1654,0.0133,0.1058,603
Shaily Engineer.,501423,SHAILY,Industrial Products,0.3752,1.3619,0.2769,0.0855,0.2552,0.1981,0.2566,0.803,0.34,92.02,3.61,90.2,51.34,-0.1237,1.2738,0.1849,0.0518,-0.0703,663
Apollo Pipes,531761,APOLLOPIPE,Industrial Products,-0.0588,-0.6124,0.0669,-0.0408,-0.1825,0.0398,0.0454,0.5122,0.12,53.31,-2.92,7.6,13.86,-0.4355,0.001,0.0461,0.0461,0.2286,669
Raghav Product.,539837,RPEL,Industrial Products,0.2946,0.5817,0.2936,0.1406,0.26,0.2576,0.3383,0.8155,0.04,90.55,3.48,97.6,62.81,-0.0452,0.9951,0.2051,0.0283,-0.0549,671
Wendt India,505412,WENDT,Industrial Products,0.0165,-0.7474,0.1181,0.0172,-0.1987,0.1588,0.1979,0.7433,0,61.62,-3.1,1.4,33.41,-0.5287,0.0414,0.1511,-0.0337,0.3498,712
Venus Pipes,543528,VENUSPIPES,Industrial Products,0.151,-0.1016,0.1621,0.0378,-0.0282,0.1594,0.2127,0.4305,0.36,29.01,-10.3,10.1,15.69,-0.3576,0.303,0.1978,-0.0378,0.226,715
Time Technoplast,532856,TIMETECHNO,Industrial Products,0.0997,0.1991,0.1441,0.0225,0.0427,0.1143,0.1683,0.6949,0.25,23.66,5.54,149.9,12.46,-0.1802,0.3731,0.1422,0.0168,0.0995,720
Timken India,522113,TIMKEN,Industrial Products,0.0267,-0.0053,0.1791,0.0144,0.02,0.1737,0.1939,0.6976,0.01,50.33,25.19,62.2,35.21,-0.1488,0.3835,0.1695,-0.0061,0.1495,725
AGI Greenpac,500187,AGI,Industrial Products,0.004,0.056,0.2488,0.0489,0.1081,0.2015,0.186,0.8481,0.21,14.8,1.37,15.2,8.02,-0.3837,0.3454,0.1624,0.0173,0.0543,726
Electrost.Cast.,500128,ELECTCAST,Industrial Products,-0.2258,-0.6059,0.1093,-0.0621,-0.2007,0.1207,0.1217,0.4682,0.37,9.54,-0.48,58.4,7.54,-0.4851,0.1052,0.1315,-0.0274,0.3322,786
Aeroflex,543972,AEROFLEX,Industrial Products,0.1672,0.0417,0.2334,0.0278,-0.0914,0.1672,0.1859,0.3739,0,48.61,-5.32,87.8,27.65,-0.339,0.2396,0.1657,-0.0393,0.2571,790
Godawari Power,532734,GPIL,Industrial Products,-0.0143,-0.2462,0.2449,-0.0025,-0.0856,0.1962,0.2124,0.782,0.06,24.66,-2.88,249.2,14.76,-0.0588,0.8753,0.1723,-0.0466,0.2579,800
Supreme Inds.,509930,SUPREMEIND,Industrial Products,0.0532,-0.2026,0.1242,0.009,-0.081,0.1053,0.2223,0.8355,0.06,57.72,-7.12,108.7,32.86,-0.2528,0.2758,0.1714,-0.0459,0.2524,811
Gallantt Ispat L,532726,GALLANTT,Industrial Products,0.0745,0.819,0.1299,0.0089,0.2324,0.1544,0.1978,0.9831,0.21,26.19,1.13,100.1,16.76,-0.3344,0.8407,0.1511,0.0548,-0.0813,833
Jindal Poly Film,500227,JINDALPOLY,Industrial Products,-0.1214,-0.6231,0.0033,-0.0281,-0.3721,0.0827,0.0261,0.4863,1.07,44.03,-1.18,2.6,10.31,-0.5217,0.0879,0.0215,0.0041,0.3936,880
Bharat Wire,539799,BHARATWIRE,Industrial Products,0.0613,-0.1352,0.2126,0.0132,-0.033,0.1722,0.0819,0.6666,1.45,19.53,-5.92,26.4,14.31,-0.1998,0.6281,0.2291,-0.1938,0.2621,916
Carborundum Uni.,513375,CARBORUNIV,Industrial Products,0.0604,-0.3569,0.1205,0.0195,-0.3075,0.0933,0.1166,0.515,0.06,67.64,-2.2,91.2,24.07,-0.4204,0.0967,0.1085,-0.0471,0.416,1015
Kirloskar Oil,533293,KIRLOSENG,Industrial Products,0.0808,-0.1061,0.1852,0.0193,0.0049,0.1722,0.346,-0.6891,1.89,32.67,66.19,68.5,15.35,-0.1903,0.8422,0.154,-0.0238,0.1491,1028
Usha Martin,517146,USHAMART,Industrial Products,0.0736,-0.0305,0.163,0.0175,-0.0046,0.1558,0.1811,0.7603,0.15,34.96,-75.52,156.6,21.78,-0.0499,0.6658,0.1583,-0.0338,0.1629,1040
SKP Bearing,,SKP,Industrial Products,0,0,0.118,0,0,0.1322,0.0866,0.6398,0.56,125.98,,12.1,34.26,-0.1493,0.1863,0.0586,0.0586,0.0586,1104
Happy Forgings,544057,HAPPYFORGE,Industrial Products,0.0361,0.0287,0.2859,0.0088,0.0065,0.261,0.229,0.7959,0.12,34.94,53.44,48,21.1,-0.1576,0.394,0.1546,-0.0323,0.1481,1115
Kalyani Steels,500235,KSL,Industrial Products,-0.0732,-0.0744,0.1873,-0.0276,0.0196,0.1873,0.2247,1.0611,0.22,13.78,7.03,7.9,8.26,-0.3651,0.2183,0.1404,-0.0147,0.1208,1129
Shivalik Bimetal,513097,SBCL,Industrial Products,0.0843,0.2783,0.234,0.0209,0.0656,0.2184,0.2671,0.8802,0.1,32.72,4.99,38.1,21.08,-0.3044,0.3626,0.206,-0.0706,0.1404,1129
Astral,532830,ASTRAL,Industrial Products,0.1511,0.2255,0.1628,0.0317,0.0051,0.1217,0.1751,0.8736,0.07,81.77,161.86,296.3,41.18,-0.1709,0.2584,0.1489,-0.0318,0.1438,1159
Cosmo First,508814,COSMOFIRST,Industrial Products,0.16,0.3851,0.1148,0.0381,0.1145,0.0961,0.0757,0.6427,0.98,15.75,1.38,4.1,9.38,-0.3332,0.6582,0.0926,0.0473,-0.0219,1159
Man Industries,513269,MANINDS,Industrial Products,-0.0088,0.4499,0.0662,-0.0019,0.073,0.0946,0.1433,0.2231,0.3,17.77,2.44,11.6,7.91,-0.1817,0.9052,0.1001,0.0194,0.0271,1167
Goodluck India,530655,GOODLUCK,Industrial Products,0.0769,0.1165,0.0938,0.0178,0.0197,0.0781,0.1445,0.5252,0.67,23.36,11.88,9.9,13.21,-0.1216,1.093,0.1364,-0.0156,0.1167,1186
Polycab India,542652,POLYCAB,Industrial Products,0.178,0.5585,0.1576,0.0976,0.2749,0.1415,0.4163,0.6574,0.02,46.53,1.69,175.4,29.83,-0.0369,0.6709,0.2144,-0.0173,-0.0605,1237
AIA Engineering,532683,AIAENG,Industrial Products,0.0186,0.1751,0.2949,0.0044,0.0563,0.3333,0.4461,0.8442,0.07,28.15,5,42.4,20.25,-0.1388,0.1007,0.1542,-0.0288,0.0979,1263
Vardhman Special,534392,VSSL,Industrial Products,-0.1264,0.3385,0.1047,-0.0247,0.039,0.0829,0.1093,0.8919,0.06,29.16,7.48,22.3,14.83,-0.1082,0.6233,0.1214,-0.0108,0.0824,1327
Grindwell Norton,506076,GRINDWELL,Industrial Products,0.1165,0.1112,0.1816,0.028,0.1015,0.1789,0.2415,0.9745,0.04,46.79,4.61,86.5,28.65,-0.3022,0.1871,0.1604,-0.0297,0.0589,1344
Finolex Cables,500144,FINCABLES,Industrial Products,0.1341,0.1331,0.0937,0.031,0.0278,0.1332,0.3894,0.2892,0,21.13,7.6,39.4,15.03,-0.4233,0.0758,0.1239,-0.0181,0.0961,1349
IFGL Refractori.,540774,IFGLEXPOR,Industrial Products,0.0952,-0.5615,0.0793,0.0239,-0.3215,0.0338,0.0423,0.3861,0.19,59.85,-1.86,11.4,14.34,-0.2873,0.4842,0.0394,-0.0388,0.3609,1366
Ratnamani Metals,520111,RATNAMANI,Industrial Products,-0.0271,0.2539,0.1634,-0.0062,0.0517,0.1576,0.2125,0.6932,0.04,29.81,5.77,32.8,18.31,-0.349,0.0759,0.1601,-0.0562,0.1084,1396
Ratnaveer Precis,543978,RATNAVEER,Industrial Products,0.243,0.2565,0.099,0.1304,0.1194,0.0736,0.1205,1.2946,0.51,15.04,1.26,9.9,9.6,-0.4576,0.3727,0.1503,-0.023,0.0309,1414
Welspun Corp,532144,WELCORP,Industrial Products,0.3246,0.4867,0.1352,0.1063,0.4633,0.1591,0.268,0.8572,0.19,13.55,0.29,77.4,8.83,-0.082,0.4043,0.1859,-0.0121,-0.2774,1449
JTL Industries,534600,JTLIND,Industrial Products,-0.0223,-0.4831,0.0413,-0.0051,-0.1398,0.0613,0.1014,-1.5979,0.04,28.39,-2.03,74.8,18.63,-0.4433,0.0454,0.098,-0.0902,0.2378,1487
Mah. Seamless,500265,MAHSEAMLES,Industrial Products,-0.1031,-0.4308,0.1027,-0.0264,0.007,0.1991,0.1553,0.6072,0,9.37,13.43,14.9,6.49,-0.3295,0.0093,0.129,-0.0522,0.122,1507
Finolex Inds.,500940,FINPIPE,Industrial Products,-0.0853,-0.4585,0.0897,-0.0235,-0.0505,0.127,0.3314,0.7186,0.04,31.05,-6.15,119.1,18.67,-0.3984,0.2843,0.0676,-0.0115,0.1181,1533
Prince Pipes,542907,PRINCEPIPE,Industrial Products,-0.0398,-0.8046,0.0682,-0.0095,-0.4542,0.018,0.0189,1.7514,0.18,150.02,-3.3,24.5,23.49,-0.3761,0.505,0.0273,-0.0868,0.4815,1546
Hariom Pipe,543517,HARIOMPIPE,Industrial Products,0.3432,0.3484,0.1249,-0.0806,0.102,0.0942,0.1342,0.6155,0.7,19.73,1.93,7.2,8.81,-0.3548,0.434,0.1187,-0.0165,0.0167,1567
HBL Engineering,517271,HBLENGINE,Industrial Products,0.157,0.8169,0.3188,0.0415,0.2334,0.2288,0.3918,0.6154,0.05,77.92,3.34,499.9,51.92,-0.0668,1.386,0.2058,-0.072,-0.0276,1576
APL Apollo Tubes,533758,APLAPOLLO,Industrial Products,0.0906,4.6038,0.0859,0.0303,0.4164,0.0687,0.2646,1.1315,0.16,47.4,1.14,299.5,29.54,-0.0756,0.4061,0.1895,-0.031,-0.2269,1585
KEI Industries,517569,KEI,Industrial Products,0.1938,0.3146,0.0988,0.0994,0.1361,0.105,0.1704,-0.0325,0.04,47.87,3.52,58.4,30.35,-0.1596,0.6315,0.1558,-0.0467,0.0197,1594
Mahamaya Steel,513554,MAHASTEEL,Industrial Products,-0.0189,0.5455,0.0236,-0.005,0.0815,0.016,0.0848,0.732,0.33,154.03,18.9,11.6,49.18,-0.0524,2.3352,0.0433,0.0126,-0.0382,1642
Hi-Tech Pipes,543411,HITECH,Industrial Products,-0.0872,0.159,0.0518,-0.0247,0.0402,0.0464,0.0817,0.4956,0.15,28.71,7.14,35.1,13.59,-0.4323,0.3131,0.0795,-0.0088,0.0393,1667
R R Kabel,543981,RRKABEL,Industrial Products,0.1954,1.3473,0.0812,0.0793,0.3325,0.0732,0.2758,1.0797,0.13,39.12,1.18,83,23.3,-0.1143,0.8613,0.1522,-0.029,-0.1803,1714
Sambhv Steel,544430,SAMBHV,Industrial Products,0.6888,0.3489,0.1302,0,0,0.0838,0.0864,1.0056,1.08,51.36,,,24.48,-0.2226,0.2078,0.1241,-0.1302,0.1241,1716
Shyam Metalics,543299,SHYAMMETL,Industrial Products,0.2235,0.058,0.1312,0.0533,0.0176,0.0885,0.1297,1.418,0.07,26.31,14.92,64.3,11.43,-0.1296,0.3868,0.0899,-0.0324,0.0723,1740
Mold-Tek Pack.,533080,MOLDTKPAC,Industrial Products,0.0965,0.0971,0.1865,0.0797,0.1117,0.1259,0.1161,1.1599,0.33,35.03,3.14,11.7,16.09,-0.2071,0.7268,0.0981,-0.0174,-0.0136,1753
Greaves Cotton,501455,GREAVESCOT,Industrial Products,0.1562,3.6475,0.0636,0.074,0.7677,0.0453,0.1262,-0.2564,0.13,47.05,0.61,82.4,19.95,-0.3454,0.3537,0.0411,0.0249,-0.7266,1808
PTC Industries,539006,PTCIL,Industrial Products,1.0728,0.0531,0.0904,0.1632,0.005,0.2491,0.0594,0.1544,0.04,413.84,823.68,27.7,220.23,-0.0482,0.7555,0.0607,-0.0282,0.0557,1845
Manaksia Coated,539046,MANAKCOAT,Industrial Products,0.2597,7.9299,0.1184,0.1298,1.4504,0.095,0.1276,0.5616,0.31,40.69,0.28,49.9,17.67,-0.1943,1.5842,0.0843,-0.0028,-1.3661,1932
Jai Corp,512237,JAICORPLTD,Industrial Products,0.0854,6.5876,0.0625,0.02,2.1765,0.3297,0.3362,0.7337,0.2,17.73,0.08,42.6,16.29,-0.6096,0.9263,0.041,0.0071,-2.1355,1954
Diffusion Eng,544264,DIFFNKG,Industrial Products,0.1349,0.6837,0.1312,0.0286,0.2322,0.1581,0.156,0.1894,0.06,34.04,1.47,14.1,21.4,-0.1124,0.601,0.1184,-0.0578,-0.1138,1957
Sunflag Iron,500404,SUNFLAG,Industrial Products,0.132,1.2449,0.108,0.0334,0.2143,0.0949,0.1174,0.6212,0.07,23.82,1.11,9.6,11.39,-0.1925,0.3819,0.0233,-0.0104,-0.191,2033
Borosil Renew.,502219,BORORENEW,Industrial Products,0.3194,0.5823,0.0411,0,0,-0.0406,-0.0672,-1.6654,0.25,,,123.6,125.65,-0.0384,0.5802,-0.089,-0.0031,-0.089,2049
Jain Irrigation,500219,JISLJALEQS,Industrial Products,0.2016,2.5469,0.1382,0.062,0.7616,0.0888,0.0112,1.7577,0.71,60.07,0.79,43.5,9.38,-0.4137,0.0843,0.0061,-0.0024,-0.7555,2073
MIC Electronics,532850,MICEL,Industrial Products,0.3798,0.0188,0.1006,0.1197,-0.0021,0.1748,0.0653,-2.7669,0.2,130.99,-628.75,132.4,60.92,-0.4609,0.1781,0.0557,-0.5374,0.0578,2094
Rama Steel Tubes,539309,RAMASTEEL,Industrial Products,0.2377,-0.1635,0.0059,0.0491,0.3443,0.0364,0.0794,1.5855,0.24,76.62,2.23,711,38.26,-0.3184,0.2093,0.0462,-0.0534,-0.2981,2117
HEG,509631,HEG,Industrial Products,0.0796,3.5499,0.1709,0.0221,0.71,0.1374,0.0853,1.4011,0.13,55.74,0.79,47.5,22.4,-0.0864,0.7155,0.0259,-0.0455,-0.6841,2143
Jayaswal Neco,522285,JAYNECOIND,Industrial Products,0.4479,4.0731,0.1836,0.1359,2.3433,0.1423,0.1521,2.0826,0.9,18.73,0.08,266.2,7.31,-0.1056,1.7882,0.0486,-0.0523,-2.2947,2145
Huhtamaki India,509820,HUHTAMAKI,Industrial Products,-0.0426,2.4364,0.0888,-0.0219,0.6394,0.0582,0.0886,1.4516,0.12,18.43,0.29,11.2,9.28,-0.2357,0.4175,0.0515,-0.0789,-0.5879,2149
Quadrant Future,544336,QUADFUTURE,Industrial Products,0.1262,-0.4579,-0.3519,0.0239,0.2154,-0.1499,-0.076,4.0134,0.29,,0,17.4,-467.26,-0.564,0.1287,-0.1143,-0.4198,-0.3297,2237
Sh. Rama Multi.,532310,SHREERAMA,Industrial Products,0.2878,0.75,0.2013,0.0595,0.0548,0.1325,0.3798,0.8428,0.25,13.19,2.41,62.7,19.2,-0.2022,0.7627,0.4038,0.2617,0.349,LOW LIQUIDITY
TCPL Packaging,523301,TCPLPACK,Industrial Products,0.0482,-0.2886,0.1742,0.0111,-0.0603,0.135,0.187,0.6144,0.95,22.47,-3.73,4.2,11.67,-0.336,0.0939,0.2384,0.0323,0.2987,LOW LIQUIDITY
Simplex Castings,513472,BOM:513472,Industrial Products,0.6442,1.9259,0.2024,0.1031,0.2069,0.1729,0.2236,0.3178,1.36,19.69,0.95,4.6,11.89,-0.0881,1.6308,0.3369,0.2907,0.13,LOW LIQUIDITY
Oricon Enterpris,513121,ORICONENT,Industrial Products,0.2168,3.7727,-0.2074,0.042,-0.8328,0.1778,0.0378,-6.6561,0.01,38.7,-0.46,11,21.15,-0.1117,1.0982,0.1119,0.0987,0.9447,LOW LIQUIDITY
Morganite Crucib,523160,BOM:523160,Industrial Products,-0.0084,-0.2696,0.2146,-0.0021,-0.0843,0.2143,0.2957,0.6342,0.01,34.28,-4.07,3.7,18.05,-0.2077,0.3299,0.2135,0.0111,0.2978,LOW LIQUIDITY
Magna Electrocas,517449,BOM:517449,Industrial Products,0.1509,-0.0089,0.2018,0.036,0.0013,0.1707,0.2247,1.2696,0.09,19.47,149.46,1.5,12.43,-0.228,0.5125,0.1938,0.0448,0.1925,LOW LIQUIDITY
Pix Transmission,500333,PIXTRANS,Industrial Products,-0.0644,0.0149,0.2268,-0.0109,0.0038,0.2657,0.2898,0.6883,0.06,17.35,45.54,4.5,10.83,-0.4849,0.1821,0.2073,0.0254,0.2035,LOW LIQUIDITY
GRP,509152,GRPLTD,Industrial Products,-0.0194,-0.5995,0.0802,-0.0045,-0.1011,0.0924,0.1558,0.8226,0.77,39.18,-3.87,3.1,18.58,-0.4163,0.058,0.1744,0.0183,0.2755,LOW LIQUIDITY
Bedmutha Indus.,533270,BEDMUTHA,Industrial Products,0.2804,-1.3287,0.0338,0.0653,-0.5203,0.043,0.0318,1.821,1.5,35.7,-0.69,9.1,8.96,-0.4645,0.0148,0.1801,-0.0054,0.7004,LOW LIQUIDITY
Premier Polyfilm,514354,PREMIERPOL,Industrial Products,0.0353,0.0204,0.1483,0.0244,0.0066,0.134,0.3193,0.6468,0.15,16.44,25.1,38.2,10.62,-0.5207,0.0425,0.2445,0,0.2379,LOW LIQUIDITY
Sealmatic India,543782,BOM:543782,Industrial Products,0.6776,1.9018,0.239,0,0,0.2162,0.2044,-0.1296,0.05,26.42,,3.7,16.4,-0.3139,0.308,0.1673,0.0493,0.1673,LOW LIQUIDITY
Esab India,500133,ESABINDIA,Industrial Products,0.068,-0.079,0.168,0.0163,-0.0156,0.1671,0.7252,0.8455,0.01,43.25,-27.67,31.7,29.55,-0.265,0.1696,0.5234,-0.0475,0.539,LOW LIQUIDITY
Kingfa Science,524019,KINGFA,Industrial Products,0.1092,0.0184,0.1254,0.0261,0.0047,0.1197,0.2892,0.2817,0.06,40.79,86.6,10.4,26.52,-0.073,0.8862,0.2321,-0.0002,0.2274,LOW LIQUIDITY
Kisan Mouldings,530145,BOM:530145,Industrial Products,-0.0781,-0.1915,-0.0278,-0.0395,-0.8728,0.0117,0.0026,-8.0643,0.16,839.02,-9.61,21.5,44.59,-0.5608,0.0237,0.0166,0.4283,0.8894,LOW LIQUIDITY
Sh. Jagdamba Pol,512453,BOM:512453,Industrial Products,0.1555,0.1364,0.1167,0.0393,0.0365,0.143,0.265,-0.2709,0.2,14.45,3.96,2.1,9.29,-0.3633,0.4125,0.1773,0.0369,0.1408,LOW LIQUIDITY
Tinna Rubber,530475,TINNARUBR,Industrial Products,-0.0422,-0.2837,0.1596,-0.0114,-0.0648,0.1402,0.2698,0.4856,0.76,37.84,-5.84,16.2,22.63,-0.4228,0.1834,0.312,-0.0485,0.3768,LOW LIQUIDITY
KRN Heat Exchan,544263,KRN,Industrial Products,0.6693,0.4639,0.199,0.1878,0.1165,0.1731,0.1599,0.2758,0.06,85.16,7.31,59.1,51.01,-0.2006,0.4541,0.1682,0.1682,0.0517,LOW LIQUIDITY
Sejal Glass,532993,SEJALLTD,Industrial Products,0.689,2.3182,0.1618,0.2741,0.7896,0.1286,0.0936,-0.2041,4.1,42.12,0.53,15,20.65,-0.2142,1.6013,0.3253,0.1722,-0.4643,LOW LIQUIDITY
KSB,500249,KSB,Industrial Products,0.032,0.0338,0.1371,0.0284,0.0396,0.1324,0.2347,0.5625,0,52.7,13.3,153.5,32.99,-0.1528,0.3355,0.1772,0.0066,0.1376,LOW LIQUIDITY
TPL Plastech,526582,TPLPLASTEH,Industrial Products,0.1716,0.221,0.1107,0.0379,0.0419,0.1009,0.1953,0.4642,0.31,22.05,5.26,28.7,13.83,-0.3983,0.1581,0.1698,0.0113,0.1279,LOW LIQUIDITY
Dhabriya Poly.,538715,BOM:538715,Industrial Products,0.0579,0.4065,0.1989,0.0153,0.1055,0.1352,0.2104,0.5802,0.53,20.9,1.98,4.5,11.21,-0.2154,0.3728,0.1977,0.0113,0.0922,LOW LIQUIDITY
Euro Panel,544461,EUROBOND,Industrial Products,0.0459,0.8101,0.1133,0,0,0.0858,0.1538,0.2593,0.87,24.07,,9.3,14.34,-0.1898,0.4235,0.1486,0.0131,0.1486,LOW LIQUIDITY
EPL Ltd,500135,EPL,Industrial Products,0.0998,0.5576,0.2047,0.0239,0.1007,0.1335,0.18,1.4757,0.34,16.05,1.59,86.7,7.56,-0.3118,0.1382,0.1627,0.0383,0.062,LOW LIQUIDITY
Geekay Wires,,GEEKAYWIRE,Industrial Products,-0.0558,-0.2832,0.0676,-0.0117,-0.0774,0.1138,0.2326,0.5601,0.69,10.43,-1.35,23.9,7.58,-0.4395,0.0541,0.2848,-0.1363,0.3622,LOW LIQUIDITY
Uni Abex Alloy,504605,BOM:504605,Industrial Products,-0.1091,-0.2342,0.1741,-0.0249,-0.0472,0.2325,0.5916,0.7572,0.09,20.31,-4.3,0.9,12.98,-0.1795,0.801,0.2626,-0.1014,0.3098,LOW LIQUIDITY
Borosil Scienti.,544184,BOROSCI,Industrial Products,-0.0789,-0.553,0.0506,-0.0108,-0.1038,0.0871,0.1095,2.8626,0.04,50.72,-4.89,26.8,21.66,-0.3005,0.2749,0.0687,0.0687,0.1725,LOW LIQUIDITY
Panchmahal Steel,513511,BOM:513511,Industrial Products,-0.0648,-0.691,0.0343,-0.0444,-1.5225,0.0086,-0.0095,-0.497,0.31,,0,6.8,53.42,-0.1325,1.1333,0.021,0.0019,1.5435,LOW LIQUIDITY
VMS TMT,544521,VMSTMT,Industrial Products,0,0,,0,0,0.0539,0.0899,-0.4321,3.77,22.98,,,12.5,-0.3494,0.0046,0.2464,-0.1018,0.2464,LOW LIQUIDITY
Indian Link Ch.,504746,BOM:504746,Industrial Products,0,-1.75,,,-0.3636,,-0.5,-1.0667,0,7373.54,-202.77,7.7,6450.25,-0.0719,11.3097,0.0336,0.0053,0.3972,LOW LIQUIDITY
Amic Forging,544037,BOM:544037,Industrial Products,-0.2275,0.9092,0.2798,0,0,0.2234,0.3527,0.2239,0,90.26,,16.9,61.83,-0.085,0.8836,0.218,-0.0716,0.218,LOW LIQUIDITY
Synergy Green,541929,SGIL,Industrial Products,0.0609,0.1458,0.1356,0.0132,0.0261,0.117,0.1629,-0.4029,1.45,47.34,18.17,11.8,16.37,-0.1663,0.5437,0.2188,-0.0624,0.1927,LOW LIQUIDITY
Kamdhenu,532741,KAMDHENU,Industrial Products,0.061,0.3873,0.1089,0.0151,0.0982,0.1175,0.75,0.8543,0,11.41,1.16,66.9,7.63,-0.4959,0.0785,0.2199,-0.0292,0.1217,LOW LIQUIDITY
Rubfila Intl.,500367,RUBFILA,Industrial Products,0.1127,0.0276,0.0704,0.0267,0.0069,0.07,0.1242,0.683,0,17.06,24.74,8.4,9.16,-0.1588,0.2708,0.093,0.0226,0.0861,LOW LIQUIDITY
Yuken India,522108,YUKEN,Industrial Products,-0.0513,-0.23,0.1196,-0.0124,-0.0499,0.0907,0.087,1.172,0.33,55.29,-11.08,5.6,23.55,-0.2314,0.337,0.0849,0.0067,0.1348,LOW LIQUIDITY
BMW Industries,542669,BOM:542669,Industrial Products,-0.1405,-0.3846,0.1814,-0.0383,-0.077,0.151,0.0984,1.279,0.18,16.7,-2.17,30.8,8.89,-0.3805,0.0719,0.0928,-0.004,0.1698,LOW LIQUIDITY
Bansal Wire Inds,544209,BANSALWIRE,Industrial Products,0.2786,-0.0343,0.0727,0.1004,0.0529,0.0668,0.1322,-0.6081,0.44,30.87,5.83,54.7,17.44,-0.4033,0.0023,0.1711,-0.0313,0.1182,LOW LIQUIDITY
Suraj Products,518075,BOM:518075,Industrial Products,-0.1289,-0.3159,0.0902,-0.0366,-0.0972,0.0843,0.168,1.0003,0.14,21.85,-2.25,3.2,12.47,-0.3854,0.4341,0.1529,-0.0949,0.2501,LOW LIQUIDITY
Kanpur Plastipa.,507779,KANPRPLA,Industrial Products,0.3577,6.906,0.0713,0.0787,0.3645,0.0797,0.1301,0.8135,0.71,16.98,0.47,5.2,9.14,-0.1737,1.0201,0.1072,0.1054,-0.2573,LOW LIQUIDITY
XPRO India,590013,XPROINDIA,Industrial Products,0.046,-1.3909,-0.0174,0.0162,-0.5181,0.0667,0.0351,0.2174,0.44,140.17,-2.71,9.5,54.68,-0.3411,0.168,0.0656,-0.0486,0.5837,LOW LIQUIDITY
Electrotherm(I),526608,ELECTHERM,Industrial Products,-0.2127,-0.745,0.0621,-0.0548,-0.2499,0.0655,1.95,0.9821,,5.42,-0.22,-10.5,8.42,-0.2955,0.5288,0,0,0.2499,LOW LIQUIDITY
Advait Energy,543230,BOM:543230,Industrial Products,0.9854,0.5386,0.1161,0.1435,0.0912,0.1356,0.3082,0.8355,0.36,55.34,6.07,10,28.35,-0.2919,0.6794,0.2249,-0.1408,0.1337,LOW LIQUIDITY
Technocraf.Inds.,532804,TIIL,Industrial Products,0.0201,-0.0131,0.1766,0.0048,0.024,0.1564,0.2244,0.6941,0.48,21.49,8.97,7.1,11.84,-0.2955,0.1659,0.1446,-0.0298,0.1206,LOW LIQUIDITY
Mallcom (India),539400,MALLCOM,Industrial Products,0.1958,0.1547,0.1442,0.0412,0.0282,0.1131,0.1902,0.0317,0.39,23.16,8.22,1.8,14.7,-0.2113,0.3814,0.1376,-0.0219,0.1094,LOW LIQUIDITY
Commerl. Synbags,539986,COMSYN,Industrial Products,0.1898,4.06,0.1134,0.0428,0.2783,0.0877,0.1616,0.3029,0.65,35.2,1.26,17.3,18.62,-0.0128,1.5565,0.1026,0.0417,-0.1757,LOW LIQUIDITY
Paramount Comm.,530555,PARACABLES,Industrial Products,0.4051,-0.2688,0.0336,0.0839,-0.0653,0.0728,0.1537,0.8632,0.05,16.18,-2.48,55.1,9.39,-0.5284,0.0121,0.1277,-0.0562,0.193,LOW LIQUIDITY
Tirupati Forge,,TIRUPATIFL,Industrial Products,0.1115,-0.4577,0.1139,0.0282,-0.1505,0.0925,0.0702,0.4819,0.24,69.97,-4.65,51.5,28.78,-0.4771,0.3509,0.0999,-0.0503,0.2504,LOW LIQUIDITY
Captain Polyplas,536974,BOM:536974,Industrial Products,0.0747,0.3438,0.1047,0.0181,0.0191,0.1172,0.1867,0.2639,0.45,25.01,13.1,18.5,14.88,-0.3734,0.3731,0.1541,-0.0578,0.135,LOW LIQUIDITY
Suraj,531638,SURAJLTD,Industrial Products,-0.0804,-0.5193,0.0961,-0.0188,-0.1901,0.0849,0.1232,-0.4008,0.48,51.11,-2.69,7.3,19.43,-0.4569,0.0588,0.1,-0.0869,0.2901,LOW LIQUIDITY
Harri. Malayalam,500467,HARRMALAYA,Industrial Products,0.1925,2.0624,0.0705,0.0406,0.8608,0.0746,0.1048,0.8553,0.67,13.42,0.16,4.3,9.68,-0.4375,0.1609,0.0954,0.0944,-0.7654,LOW LIQUIDITY
Roto Pumps,517500,ROTO,Industrial Products,0.1436,0.1372,0.206,0.0141,0.0407,0.1693,0.2111,0.7364,0.2,36.77,9.04,108.3,18.46,-0.3856,0.1532,0.1597,-0.0581,0.119,LOW LIQUIDITY
Gandhi Spl. Tube,513108,GANDHITUBE,Industrial Products,0.1783,0.5091,0.4317,0.0422,0.2845,0.4811,0.8058,0.6996,0,15.38,0.54,4.6,11.24,-0.1926,0.439,0.2103,-0.0281,-0.0742,LOW LIQUIDITY
Steelcast,513517,STEELCAS,Industrial Products,0.4154,0.7464,0.2834,0.157,0.2343,0.2762,0.3444,0.7518,0,23.99,1.02,60,15.97,-0.1751,0.4848,0.2424,-0.0651,0.0081,LOW LIQUIDITY
D P Wires,543962,DPWIRES,Industrial Products,-0.3124,-0.4993,0.0304,-0.0923,-0.1613,0.0475,0.2097,1.648,0.11,19.04,-1.18,2.2,12.44,-0.4678,0.2302,0.0936,-0.0803,0.2549,LOW LIQUIDITY
Nahar Poly,523391,NAHARPOLY,Industrial Products,0.1727,1.1923,0.1412,0.0435,0.2591,0.1092,0.2434,0.9625,0.12,13.38,0.52,2.3,7.82,-0.2014,0.7794,0.0569,0.0531,-0.2022,LOW LIQUIDITY
RHI Magnesita,534076,RHIM,Industrial Products,0.0928,-0.5161,0.1065,0.0222,-0.1898,0.0673,0.0528,1.2135,0.09,58.74,-3.1,50,22.07,-0.2178,0.2461,0.0519,-0.0438,0.2417,LOW LIQUIDITY
Harsha Engg Intl,543600,HARSHA,Industrial Products,0.0645,0.0521,0.1517,0.0157,0.0278,0.1223,0.1478,1.2116,0.16,32.49,11.67,25.8,17.03,-0.3036,0.182,0.0875,-0.0096,0.0597,LOW LIQUIDITY
Haldyn Glass,515147,BOM:515147,Industrial Products,0.3245,0.0588,0.1454,0.0738,0.0369,0.0949,0.0722,1.16,0.6,26.45,7.17,12.6,9.01,-0.4919,0.1189,0.0888,-0.0087,0.0519,LOW LIQUIDITY
Shree TirupatiBa,544249,BALAJEE,Industrial Products,-0.1262,-0.2092,0.0836,-0.0313,-0.0532,0.1137,0.1004,-0.6132,0.69,14.88,-2.8,9.9,7.69,-0.472,0.1577,0.1088,-0.0978,0.162,LOW LIQUIDITY
Ester Industries,500136,ESTER,Industrial Products,0.1819,0.5553,0.0601,0.0406,0.7061,0.08,0.0268,1.1902,0.85,47.8,0.68,13.2,9.54,-0.3665,0.0765,0.0178,0.1989,-0.6883,LOW LIQUIDITY
Cropster Agro,523105,BOM:523105,Industrial Products,0.2598,0.3737,0.0806,0.0542,0.0562,0.071,0.1632,-2.6677,0,115.46,20.55,1237.7,108.84,-0.4125,0.2359,0.1561,-0.2109,0.0999,LOW LIQUIDITY
Subam Papers,544267,BOM:544267,Industrial Products,0,0,0.0993,0,0,0.1053,0.0819,0.5685,0.51,13.03,,2.5,6.5,-0.1413,1.1174,0.1028,-0.0581,0.1028,LOW LIQUIDITY
MSP Steel & Pow.,532650,MSPL,Industrial Products,-0.0792,1.6313,0.0632,-0.021,-0.3898,0.0298,-0.0186,2.2603,0.31,,0,109.8,15.23,-0.3373,0.5063,-0.0378,-0.0641,0.352,LOW LIQUIDITY
Supershakti Met.,541701,BOM:541701,Industrial Products,0.0102,-0.0745,0.0233,0,0,0.0261,0.4444,2.5119,0.07,28.19,,1.5,14.99,-0.3531,0.434,0.0479,-0.007,0.0479,LOW LIQUIDITY
Pyramid Technopl,543969,PYRAMID,Industrial Products,0.2259,0.0449,0.0814,0.051,0.027,0.0644,0.1299,0.9131,0.22,21.66,8.03,8.6,13.1,-0.3857,0.1873,0.1116,-0.0668,0.0846,LOW LIQUIDITY
Shish Industries,540693,BOM:540693,Industrial Products,0.4356,-0.0267,0.087,0.0865,0.0105,0.0837,0.1095,-1.6952,0.32,37.34,35.6,116,22.73,-0.4861,0.1847,0.1036,-0.0652,0.0931,LOW LIQUIDITY
Welspun Special.,500365,BOM:500365,Industrial Products,0.428,2.5197,0.0605,0.1532,-2.9955,0.0562,0.0218,1.4581,0.08,285.9,-0.95,378.1,40.55,-0.2359,0.4934,-0.0168,-1.0332,2.9787,LOW LIQUIDITY
Inv.& Prec.Cast.,504786,BOM:504786,Industrial Products,0.0938,-0.0398,0.1425,0.0233,-0.0033,0.0874,0.079,1.2543,0.71,85.97,-257.91,5.6,25.18,-0.1092,0.8423,0.0678,-0.0272,0.0711,LOW LIQUIDITY
Apcotex Industri,523694,APCOTEXIND,Industrial Products,-0.0409,0.9416,0.1206,0.0178,0.2803,0.0798,0.1708,0.9106,0.23,28.09,1,17.3,12.86,-0.1611,0.2993,0.0999,-0.008,-0.1804,LOW LIQUIDITY
Aeroflex Enter.,511076,AEROENTER,Industrial Products,0.0968,-0.2257,0.1358,0.0209,-0.0288,0.183,0.098,1.2395,0.04,19.2,-6.66,15.6,6.3,-0.3333,0.2164,0.0766,-0.0514,0.1054,LOW LIQUIDITY
Oriental Rail,531859,BOM:531859,Industrial Products,-0.0419,0.0017,0.1237,-0.0086,0,0.115,0.105,-0.3503,0.81,37.99,,20.7,16.79,-0.5519,0.2838,0.0923,-0.0598,0.0923,LOW LIQUIDITY
Nelcast,532864,NELCAST,Industrial Products,-0.0959,-0.4413,0.0572,0.0001,0.0584,0.068,0.0712,1.2904,0.53,26.26,4.5,15.2,10.65,-0.3864,0.4231,0.0648,-0.0157,0.0064,LOW LIQUIDITY
Azad India,504731,BOM:504731,Industrial Products,0,1.4118,-0.0104,0,0,-0.0166,0.0007,340.2667,0.04,994.89,,54.7,-23018.3,-0.1495,0.9436,0.0008,0.0008,0.0008,LOW LIQUIDITY
Manaksia,532932,MANAKSIA,Industrial Products,0.6493,-0.2245,0.0573,0.0934,0.0734,0.0956,0.1297,-3.6526,0.05,9.63,1.31,5,2.57,-0.325,0.2128,0.0748,-0.0287,0.0014,LOW LIQUIDITY
Steel Exchange,534748,STEELXIND,Industrial Products,0.1362,2.9651,0.1047,0.0351,1.0186,0.1082,0.0376,0.9324,0.51,34.29,0.34,195.4,9.75,-0.2009,0.3074,0.0243,0.0058,-0.9943,LOW LIQUIDITY
Universal Cables,504212,UNIVCABLES,Industrial Products,0.2281,4.8873,0.0963,0.0468,0.3014,0.1019,0.1643,0.7922,0.48,21.46,0.71,4.9,11.7,-0.1678,0.7729,0.0506,-0.0153,-0.2508,LOW LIQUIDITY
Hitech Corp.,526217,HITECHCORP,Industrial Products,0.1562,0.4307,0.1242,0.0397,0.3522,0.054,0.0469,1.8103,0.43,31.38,0.89,2.1,6.55,-0.3274,0.2921,0,0,-0.3522,LOW LIQUIDITY
Uflex,500148,UFLEX,Industrial Products,0.0675,-0.0257,0.1163,0.0164,0.1839,0.0749,0.0363,0.979,1.13,13.55,0.74,3.8,5.96,-0.2211,0.2202,0.0329,-0.0157,-0.151,LOW LIQUIDITY
Cosmic CRF,543928,BOM:543928,Industrial Products,0.7974,0.8992,0.1243,0.3363,0.5029,0.1027,0.1082,-1.9268,0.19,30.6,0.61,2.6,16.28,-0.3745,0.1145,0,0,-0.5029,LOW LIQUIDITY
Orient Ceratech,504879,ORIENTCER,Industrial Products,0.0037,0.4777,0.0946,0.0011,0.1434,0.0666,0.049,0.9849,0.25,38.32,2.67,18.3,13.78,-0.3696,0.2644,0.0354,-0.0238,-0.108,LOW LIQUIDITY
Kirloskar Indus.,500243,KIRLOSIND,Industrial Products,0.094,0.503,0.1282,0.019,0.0851,0.0909,0.0502,1.0223,0.2,24.41,2.87,0.6,5.7,-0.3394,0.3742,0.026,-0.028,-0.0591,LOW LIQUIDITY
Rhetan TMT Ltd,543590,RHETAN,Industrial Products,-0.7395,-0.0617,0.121,-0.3848,0.5806,0.2874,0.0579,1,0.24,374.84,6.46,1556.6,263.34,-0.0634,0.8971,0.0339,-0.0105,-0.5467,LOW LIQUIDITY
Beekay Steel Ind,539018,BOM:539018,Industrial Products,0.1498,0.0146,0.0628,0.0342,0.4551,0.1132,0.1122,1.5649,0.3,9.8,0.22,1.7,7.31,-0.3782,0.0614,0.0633,-0.0459,-0.3918,LOW LIQUIDITY
DE Nora India,590031,DENORA,Industrial Products,0.2046,0.1799,0.1841,0.48,0.1991,0.039,0.0621,2.9528,0,157.7,7.92,1.7,69.41,-0.4602,0.1659,0.0184,-0.146,-0.1807,LOW LIQUIDITY
Aerpace Indus,534733,BOM:534733,Industrial Products,0,-1.4225,,,0.1553,,-0.1414,0.7243,0.31,,0,100.2,-53.75,-0.604,0.0724,-0.214,-0.0431,-0.3693,LOW LIQUIDITY
India Homes,513361,BOM:513361,Industrial Products,0,0.6652,-49,-1.75,-0.1872,-326.3333,-0.2678,0.5471,3.88,,0,762.4,-131.26,-0.1331,2.3176,-0.4734,-0.0784,-0.2862,LOW LIQUIDITY
B&B Triplewall,543668,BBTCL,Industrial Products,0.4331,-0.2761,0.1199,0.0936,0.1772,0.0231,-0.032,2.3316,2.15,,0,7.4,12.48,-0.2353,0.6312,-0.0479,-0.1985,-0.2251,LOW LIQUIDITY
Elgi Rubber Co,,ELGIRUBCO,Industrial Products,-0.1135,-1.2822,0.0186,-0.0285,0.2398,-0.0042,-0.1362,-3.6116,1.51,,0,9.1,32.78,-0.5799,0.3506,-0.1223,-0.132,-0.3621,LOW LIQUIDITY
Kriti Industries,526423,KRITI,Industrial Products,-0.1287,-0.4754,0.0674,-0.0459,1.541,0.0111,-0.0547,1.9286,0.5,,0,15.4,30.02,-0.4144,0.2723,-0.0242,-0.1798,-1.5652,LOW LIQUIDITY
Baheti Recycling,,BAHETI,Industrial Products,0.1999,1.5859,0.0905,0,0,0.0751,0.3173,-0.5772,2.68,33.01,,10.4,18.4,-0.1206,0.7418,0.3563,0.167,0.3563,
Munish Forge,,MUNISH,Industrial Products,0,0,,0,0,0.1381,0.3039,0.2283,0.9,22.09,,,13.45,-0.0818,0.2873,0.2652,0.2652,0.2652,
Cool Caps,,COOLCAPS,Industrial Products,0.9815,48.1429,0.0054,0,0,0.1178,0.1166,0.1994,2.68,145.7,,741.4,53.79,-0.2362,0.257,0.247,0.1473,0.247,
GSM Foils,,GSMFOILS,Industrial Products,0.8647,1.0708,0.1142,0.4333,0.4881,0.1153,0.3555,-1.1833,0.24,21.54,0.44,7,14.41,-0.1401,1.5736,0.4566,0.4566,-0.0315,
Monolithisch Ind,,MONOLITH,Industrial Products,0.3971,0.5722,0.2091,0.1683,0.2242,0.2069,0.3129,0.3035,0,64.35,2.87,21.1,44.03,-0.0705,1.3718,0.533,-0.0704,0.3088,
Shree Tirupati,,TIRUPATI,Industrial Products,-0.1038,-0.7362,0.0647,-0.052,-0.3633,0.1068,0.124,-0.311,1.03,85.86,-2.36,8.5,36.71,-0.2222,0.7121,0.1694,-0.0311,0.5327,
ANB Metal,,AMCL,Industrial Products,0,0,,0,0,0.103,0.3289,0.2389,1.01,33.54,,,20.75,-0.0748,0.7965,0.4592,-0.2066,0.4592,
Jay Bee Laminati,,JAYBEE,Industrial Products,0.428,-0.7439,0.0466,0.1784,-0.4235,0.0621,0.1447,-0.8328,0.29,22.09,-0.52,4.8,11.74,-0.6853,0.1038,0.2415,-0.1225,0.665,
V-Marc India,,VMARCIND,Industrial Products,0.4361,0.1578,0.1122,0,0,0.0902,0.1969,0.2789,0.92,40.41,,18.8,16.46,-0.054,1.9755,0.2434,-0.0449,0.2434,
Creative Graphic,,CGRAPHICS,Industrial Products,0.6527,2.264,0.1382,0,0,0.132,0.2256,-0.6709,0.61,24.44,,11.5,14.36,-0.1931,0.5551,0.2912,-0.1049,0.2912,
Vilas Transcore,,VILAS,Industrial Products,0.2666,0.6983,0.1395,0,0,0.1424,0.1756,-0.7053,0.04,29.67,,8.5,17.13,-0.3907,0.4107,0.1514,0.0003,0.1514,
Neetu Yoshi,544434,BOM:544434,Industrial Products,0.2539,0.4552,0.3214,0.1266,0.22,0.3281,0.2229,0.5589,0.11,22.62,1.03,14.2,14.84,-0.2149,0.1652,0.5101,-0.4824,0.2901,
Shera Energy,,SHERA,Industrial Products,0.3084,0.3728,0.0482,0.0706,0.0836,0.0419,0.1075,-0.0539,1.21,16.52,1.98,5.1,6.82,-0.4411,0.0781,0.1369,0.03,0.0533,
Tankup Engi.,,TANKUP,Industrial Products,0.1834,-0.3421,0.1203,0,0,0.1227,0.3086,-2.3293,1.42,199.94,,,116,-0.0004,2.7624,0.2966,-0.7587,0.2966,
Envirotech Sys.,,ENVIRO,Industrial Products,0.1369,0.2262,0.3552,0,0,0.3359,0.2423,-0.0641,0.13,27.56,,9,19.25,-0.0578,0.8101,0.2661,-0.6054,0.2661,
Megatherm Indu.,,MEGATHERM,Industrial Products,0.0827,-0.0861,0.1193,0,0,0.109,0.2096,0.4609,0.23,22.34,,6.3,11.78,-0.3468,0.0318,0.1627,-0.0797,0.1627,
Divine Power,,DPEL,Industrial Products,0.6547,0.1019,0.0518,0,0,0.0549,0.3251,-0.9883,1.02,81.61,,20.7,41.24,0,2.2564,0.1641,-0.119,0.1641,
Sahasra Electro.,,SAHASRA,Industrial Products,0,0,-0.0113,0,0,0.0681,0.0154,-0.9081,0.24,227.2,,7.1,52.2,-0.7532,0.0989,0,0,0,
Polysil Irrigati,,POLYSIL,Industrial Products,-0.8489,-4.7241,-0.435,0,0,0.0361,-0.0574,3.02,0.73,,,29.5,500.5,-0.0936,17.386,-0.0776,-0.1803,-0.0776,
Niva Bupa Health,544286,NIVABUPA,Insurance,0.1913,-3.7089,-0.0338,0.093,-0.5565,0.0158,-0.0209,7.9218,0.07,151.22,-2.72,679.5,152.96,-0.3066,0.2434,0.0818,0.0272,0.6383,343
Life Insurance,543526,LICI,Insurance,0.06,0.0391,0.0466,0.0143,0.0152,0.0597,0.3078,-0.1636,0,11.56,7.58,2809.2,9.19,-0.1135,0.249,0.4572,-0.1753,0.442,495
Medi Assist Ser.,544088,MEDIASSIST,Insurance,0.2864,-0.6212,0.1708,0.1032,-0.0754,0.151,0.1678,1.1675,0.53,46.79,-6.2,46.4,21.65,-0.1931,0.28,0.1737,-0.015,0.2491,557
ICICI Lombard,540716,ICICIGI,Insurance,0.1175,0.181,0.152,0.0633,0.1164,0.1452,-0.0928,0.3454,0,35.79,3.07,311.5,26.98,-0.0303,0.2476,0.188,0.0184,0.0716,563
SBI Life Insuran,540719,SBILIFE,Insurance,-0.4264,-0.0658,0.0223,-0.1099,0.0166,0.0258,1.4986,9.4877,0,81.07,48.92,1089.8,73.5,-0.0068,0.4453,0.1513,0.0157,0.1347,565
ICICI Pru Life,540133,ICICIPRULI,Insurance,-0.5256,0.1787,-0.0016,-0.1867,0.0929,0.0311,1.0018,-5.8992,0.2,66.86,7.19,994.4,50.27,-0.1662,0.1684,0.1043,0.0804,0.0114,930
Go Digit General,544179,GODIGIT,Insurance,0.1135,0.5156,0.0542,0.041,0.217,0.0544,-0.0328,3.8423,0.08,64.89,2.99,657.1,62.55,-0.0638,0.3494,0.1187,0.065,-0.0983,1038
Max Financial,500271,MFSL,Insurance,0.0867,-0.452,0.0092,0.022,-0.1813,0.009,-0.0018,16.6769,0.19,204.22,-11.27,363.1,129.06,-0.0422,0.6926,0.0726,-0.0199,0.2539,1191
Star Health Insu,543412,STARHEALTH,Insurance,0.0787,-0.5067,0.017,0.0457,-0.154,0.0425,-0.0652,1.6,0.06,52.98,-3.44,223.1,39.78,-0.0555,0.4681,0.0937,-0.0478,0.2477,1333
HDFC Life Insur.,540777,HDFCLIFE,Insurance,-0.2753,0.0301,0.0152,-0.0142,0.1378,0.0218,19.2793,13.6462,0.14,84.09,6.1,2023,80.69,-0.1002,0.2639,0.108,0.0066,-0.0298,1383
Canara HSBC,544583,CANHLIFE,Insurance,-0.2935,0.1069,0.0067,0,0,0.012,0.3975,9.4257,0,94.37,,,73.94,-0.0483,0.1317,0.0795,-0.0022,0.0795,1465
General Insuranc,540755,GICRE,Insurance,0.1348,0.8067,0.1781,0.035,0.335,0.2001,-0.1956,0.2541,0,7.68,0.23,187.4,3.93,-0.2873,0.0853,0.1099,-0.0034,-0.2251,1712
New India Assura,540769,NIACL,Insurance,0.1249,0.6729,0.0162,0.035,0.1495,0.0254,-0.0323,-3.2875,0,25.14,1.68,171.1,10.85,-0.1767,0.3525,0.0364,-0.005,-0.1131,1937
GNG Electronics,544455,EBGNG,IT - Hardware,0.2475,0.4163,0.1058,0,0,0.0827,0.1139,0.2102,0.32,49.46,,66.2,31.23,-0.153,0.1347,0.3533,-0.0267,0.3533,282
DC Infotech,543636,DCI,IT - Hardware,0.2496,0.3235,0.0438,0.0537,0.069,0.0482,0.2971,-0.1409,0.7,25.99,3.77,7.9,14.96,-0.4403,0.2506,0.2361,-0.0537,0.1671,871
Rashi Peripheral,544119,RPTECH,IT - Hardware,-0.2613,0.1107,0.0328,-0.081,0.03,0.0288,0.1576,-0.8598,0.52,10.33,3.45,8.3,8.07,-0.2671,0.3588,0.1252,0.0065,0.0952,978
Moschip Tech.,532407,MOSCHIP,IT - Hardware,0.1696,0.2487,0.1145,0.164,0.2826,0.0916,0.1072,2.4431,0.13,104.89,3.71,234.5,65.72,-0.1908,0.8627,0.1117,0.06,-0.1709,1148
NELCO,504112,NELCO,IT - Hardware,-0.0996,-0.6049,0.1005,-0.0246,-0.5531,0.0619,0.1821,0.7576,0.41,450.37,-8.14,34.5,49.11,-0.4366,0.1976,0.0763,-0.1308,0.6294,1371
TVS Elec.,532513,TVSELECT,IT - Hardware,-0.131,-1.8175,0.013,-0.0339,0.132,-0.0086,-0.0728,-2.1822,0.46,,0,22.7,92.25,-0.1818,1.233,-0.0561,-0.0553,-0.1881,2162
Control Print,522295,CONTROLPR,IT - Hardware,0.1376,-0.4297,0.167,0.0317,-0.0491,0.1547,0.3359,0.7094,0.02,12.03,-2.45,4.4,13.48,-0.219,0.3115,0.2686,0.0958,0.3177,LOW LIQUIDITY
Bharat Global,521238,BOM:521238,IT - Hardware,-0.6311,-0.437,0.0441,-0.051,-0.0692,0.0316,0.1078,-7.2417,0.46,126.9,-18.33,100.7,97.67,-0.8902,1.6319,0.11,0.0444,0.1792,LOW LIQUIDITY
HCL Infosystems,500179,HCL-INSYS,IT - Hardware,-0.0589,-0.0896,-1.441,-0.0179,0.0141,-1.1249,0.053,1.0726,,,0,-61,-27.29,-0.331,0.3913,0,0,-0.0141,LOW LIQUIDITY
D-Link India,533146,DLINKINDIA,IT - Hardware,0.1179,-0.0501,0.0875,0.0319,0.0685,0.0986,0.292,0.6881,0.02,14.78,2.16,11.5,10.07,-0.3314,0.2342,0.2131,-0.0041,0.1446,LOW LIQUIDITY
Black Box,500463,BBOX,IT - Services,-0.0257,0.1682,0.0756,-0.0061,0.0005,0.0715,0.1865,-0.2035,1.24,33.52,656.44,205,18.41,-0.2456,0.683,0.4423,0.0172,0.4418,104
Sigma Solve,543917,SIGMA,IT - Services,0.5009,0.618,0.2982,0.1733,0.2068,0.3483,1.339,0.6951,0.05,24.81,1.2,94.1,17.64,-0.1571,1.6283,0.4761,0.0086,0.2693,155
Dynacons Sys.,532365,DSSL,IT - Services,0.0241,0.1092,0.0965,0.0061,0.0268,0.0906,0.4917,0.5813,0.6,15.22,5.68,6.2,9.6,-0.45,0.0846,0.3728,-0.0389,0.346,334
Unified Data,544406,BOM:544406,IT - Services,0,0,0.1268,0,0,0.1757,-1.8012,1.2767,0,30.01,,,22.56,-0.1095,0.6176,0.3649,-0.1194,0.3649,537
Ivalue Infosolut,544523,IVALUE,IT - Services,0.1294,0.0485,0.046,0,0,0.1398,0.2599,0.286,0.15,17.8,,,10.56,-0.0902,0.1085,0.1988,-0.0148,0.1988,580
Kellton Tech,519602,KELLTONTEC,IT - Services,0.128,0.1359,0.1189,0.0306,0.034,0.1028,0.1625,0.0521,0.34,13.47,3.96,101,9.51,-0.4079,0.1063,0.1629,0.0061,0.1289,628
Cigniti Tech.,534758,CIGNITITEC,IT - Services,0.1364,0.5614,0.1696,0.0665,0.2919,0.1791,0.3437,0.5251,0.02,16.45,0.56,11.4,10.92,-0.1367,0.6549,0.2596,0.0101,-0.0323,664
Tata Technolog.,544028,TATATECH,IT - Services,0.0207,0.0514,0.157,0.0004,0.0241,0.1861,0.3969,0.7431,0.07,39.84,16.51,312.8,24.8,-0.3435,0.1433,0.1991,-0.0197,0.175,673
L&T Technology,540115,LTTS,IT - Services,0.158,0.0285,0.1647,0.076,0.0109,0.1578,0.2877,0.8258,0.1,33.79,30.93,74,19.79,-0.2782,0.0574,0.2216,-0.0425,0.2107,710
Genesys Intl.,506109,GENESYS,IT - Services,0.271,0.3234,0.4163,0.0486,0.0311,0.2967,0.1383,-0.5723,0.22,35.13,11.28,14.6,13.78,-0.5371,0.0728,0.1076,0.0599,0.0765,780
Digitide Solutio,544413,DIGITIDE,IT - Services,0,0,0.1114,0.1691,-0.7222,0.0629,0.0825,1.0166,0.51,68.37,-0.95,40.1,6.91,-0.4548,0,0,0,0.7222,918
Orient Tech.,544235,ORIENTTECH,IT - Services,0.428,0.0808,0.0725,0.0759,0.0149,0.0791,0.2297,-0.1609,0.02,36.85,24.78,23.8,22.77,-0.3286,0.5401,0.1998,-0.0728,0.1849,997
Inventurus Knowl,544309,IKS,IT - Services,0.2152,0.5993,0.3461,0.0895,0.2588,0.289,0.3677,0.457,0.34,46.59,1.8,217.5,30.38,-0.2444,0.3496,0.3287,-0.0442,0.0699,1009
Netweb Technol.,543945,NETWEB,IT - Services,0.2098,0.2005,0.1497,0.178,0.1825,0.1378,0.313,-0.0839,0.03,143.8,7.88,189.8,95.91,-0.2362,1.7342,0.2393,-0.0539,0.0568,1240
Cyient,532175,CYIENT,IT - Services,-0.0368,-0.3447,0.1202,-0.0043,-0.0798,0.1211,0.1396,0.8199,0.08,22.6,-2.83,25.4,10.09,-0.4576,0.0909,0.1281,-0.0603,0.2079,1264
Affle 3i,542752,AFFLE,IT - Services,0.1913,0.2013,0.2259,0.0905,0.098,0.2106,0.1712,0.8871,0.01,59.43,6.06,107.7,37.92,-0.1897,0.4512,0.1403,-0.0097,0.0423,1307
BLS E-Services,544107,BLSE,IT - Services,2.2381,0.2244,0.0727,0.3247,0.096,0.1249,0.3726,0.8759,0.01,32.31,3.37,33.6,18.43,-0.2104,0.499,0.1104,-0.0057,0.0144,1501
R Systems Intl.,532735,RSYSTEMS,IT - Services,0.0694,2.0486,0.1519,0.032,0.4731,0.151,0.294,1.1768,0.12,25.07,0.53,91.9,14.15,-0.2172,0.4943,0.2124,-0.0304,-0.2607,1529
Sagility,544282,SAGILITY,IT - Services,0.2517,1.1376,0.2503,0.1165,0.4656,0.1895,0.1137,1.3543,0.14,29.97,0.64,1259.3,15.05,-0.1173,0.8916,0.0738,0.0378,-0.3918,1557
Aurum Proptech,539289,AURUM,IT - Services,0.2899,0.3466,0.2576,0.0836,-0.1132,-0.0175,-0.0434,-1.8392,0.58,,0,18.3,16.52,-0.3476,0.1963,-0.1461,0.1252,-0.0329,1594
Protean eGov,544021,PROTEAN,IT - Services,0.0728,0.1309,0.0778,0.017,0.0546,0.1486,0.4759,1.6333,0.07,36.31,6.65,14,21.3,-0.5895,0.1892,0.0938,-0.0153,0.0392,1657
eMudhra,543533,EMUDHRA,IT - Services,0.2242,0.1528,0.2387,0.1666,0.1225,0.2014,0.1278,0.9361,0.02,55.77,4.55,54,34.97,-0.375,0.0237,0.1208,-0.023,-0.0017,1675
Vakrangee,511431,VAKRANGEE,IT - Services,0.0587,3.0081,0.1052,0.0548,0.455,0.0574,0.0638,-1.8005,0.02,93.72,2.06,470.3,25.07,-0.7806,0.0501,0.0365,0.0089,-0.4185,1889
Datamatics Glob.,532528,DATAMATICS,IT - Services,0.2052,0.4929,0.1812,0.0911,0.2588,0.1444,0.2025,1.0705,0.14,26.46,1.02,23.4,15.72,-0.186,0.77,0.1249,-0.0419,-0.1339,1895
Zaggle Prepaid,543985,ZAGGLE,IT - Services,0.3143,0.5478,0.0932,0.0609,0.1048,0.0983,0.113,0.1587,0.01,49.47,4.72,51.4,26.66,-0.4037,0.192,0.096,-0.0451,-0.0088,1923
Allied Digital,532875,ADSL,IT - Services,0.2227,0.3871,0.086,0.0494,0.1535,0.0827,0.0855,1.1831,0.16,26.66,1.74,9,8.44,-0.4189,0.1583,0.0531,-0.0212,-0.1004,1985
IZMO,532341,IZMO,IT - Services,0.1877,-0.005,0.1711,0.0398,1.1747,0.2455,0.1562,0.1633,0.03,25.68,0.22,5.4,17.49,-0.3633,2.825,0.0703,-0.0196,-1.1044,2057
Network People,544396,NPST,IT - Services,-0.4288,-0.5397,0.2924,-0.1458,-0.1927,0.3325,0.4557,0.4788,0.09,91.16,-4.73,62.2,58.15,-0.5042,0.1395,0.5601,-0.0634,0.7528,LOW LIQUIDITY
String Metaverse,534535,BOM:534535,IT - Services,2.9756,2.3643,0.1087,0.3654,0.3625,0.0869,0.3068,1.3931,0,71,1.96,407.5,59.07,-0.1011,17.4994,0.2585,0.101,-0.104,LOW LIQUIDITY
Inspirisys Sol.,532774,INSPIRISYS,IT - Services,-0.1877,1.4257,0.1012,-0.0504,-0.033,0.0941,0.5724,1.2764,1.44,12.2,-3.69,24.4,10.18,-0.2877,0.3674,0.696,-0.8681,0.729,LOW LIQUIDITY
Expleo Solutions,533121,EXPLEOSOL,IT - Services,0.0297,-0.1452,0.1145,0.0073,-0.0161,0.1356,0.272,1.2829,0.05,15.5,-9.64,3.8,7.59,-0.3642,0.4527,0.1626,0.0039,0.1787,LOW LIQUIDITY
DigiSpice Tech.,517214,DIGISPICE,IT - Services,0.1268,0.9537,0.0517,0.0311,-0.3339,0.0413,0.0546,0.7455,0.37,144.68,-4.33,65.6,11.47,-0.2817,0.4921,0.0271,0.0645,0.361,LOW LIQUIDITY
FCS Software,532666,FCSSOFT,IT - Services,-0.0948,-0.6838,0.059,-0.0238,-0.2493,0.2604,0.0139,0.9913,0,136.77,-5.49,150.2,26.49,-0.4602,0.0874,0.0086,-0.0105,0.2579,LOW LIQUIDITY
Tera Software,533982,TERASOFT,IT - Services,0.3175,0.86,0.2294,0.0733,0.1979,0.1748,0.1296,0.4188,0.16,58.81,2.97,6.8,33.07,-0.074,5.2234,0.0804,0.0374,-0.1175,LOW LIQUIDITY
Panache Digilife,,PANACHE,IT - Services,1.5162,7.7273,0.067,0.1535,0.1451,0.084,0.1225,-1.2185,0.3,101.1,6.97,14.7,56.44,-0.0564,1.5924,0.1094,0.0056,-0.0357,LOW LIQUIDITY
Brightcom Group,532368,BCG,IT - Services,0.2309,0.3219,0.261,0.0531,0.0723,0.2013,0.138,0.172,0,3.44,0.48,60.5,1.04,-0.4132,0.6788,0.0862,-0.0068,0.0139,LOW LIQUIDITY
Sasken Technol.,532663,SASKEN,IT - Services,1.2173,-0.4799,0.0536,0.2726,-0.1052,0.0831,0.3504,-0.9516,0.03,50,-4.75,4,26.36,-0.4279,0.076,0.0597,-0.0425,0.1649,LOW LIQUIDITY
E2E Networks,,E2E,IT - Services,-0.1263,-1.2801,0.2911,-0.0318,-0.2729,0.3602,0.0202,1.1645,0.05,174.18,-6.38,7.5,35.28,-0.4555,0.7473,0.0571,-0.3066,0.33,LOW LIQUIDITY
Veefin Solutions,543931,BOM:543931,IT - Services,2.7381,0.5358,0.3127,0,0,0.2655,0.0318,0.0426,0.03,67.7,,4.7,33.14,-0.5131,0.426,0.0458,-0.0421,0.0458,LOW LIQUIDITY
Onward Technolog,517536,ONWARDTEC,IT - Services,0.1295,2.3729,0.143,0.0641,0.5196,0.1059,0.2079,0.8189,0.17,16.39,0.32,6.6,9.3,-0.2304,0.4383,0.1254,-0.0515,-0.3942,LOW LIQUIDITY
Bartronics India,532694,ASMS,IT - Services,-0.3493,1.0455,-0.0929,-0.1184,0.84,-0.0204,-0.2689,-6.4615,0.01,864.06,10.29,427.4,-582.4,-0.4725,0.1088,0.0091,-0.0726,-0.8309,LOW LIQUIDITY
TechD Cybersec.,,TECHD,IT - Services,0,0,,0,0,0.3973,0.5063,-0.201,0.01,71.33,,,48.01,-0.0505,1.1843,0.6236,-0.3953,0.6236,
Sahana Systems,,SAHANA,IT - Services,1.5582,1.5909,0.3179,0,0,0.3389,0.312,-0.852,0.07,29,,5.2,17.44,-0.4548,0.2772,0.3052,-0.2387,0.3052,
Blue Cloud Soft.,539607,BOM:539607,IT - Software,-0.1089,0.3731,0.1029,-0.0316,0.0883,0.0885,0.3698,-0.1875,0.77,32.91,3.73,568.4,23.23,-0.5453,1.4314,0.4447,0.4447,0.3564,43
Accelya Solution,532268,ACCELYA,IT - Software,0.0714,-0.0878,0.3555,0.0171,-0.0099,0.3266,0.7347,0.8221,0.22,15.94,-16.12,10.8,9.7,-0.1797,0.106,0.4547,0.0329,0.4646,80
TCS,532540,TCS,IT - Software,0.024,0.0854,0.2732,0.0093,0.0365,0.2644,0.6342,0.7401,0.1,21.61,5.92,3695.2,14.71,-0.3317,0.0479,0.5238,0.0087,0.4873,110
KPIT Technologi.,542651,KPITTECH,IT - Software,0.1276,-0.158,0.1916,0.0298,-0.0384,0.1884,0.3736,1.1826,0.12,39.06,-10.17,297.1,22.38,-0.2636,0.128,0.332,0.0201,0.3704,122
HCL Technologies,532281,HCLTECH,IT - Software,0.1067,0,0.2049,0.0459,-0.0153,0.192,0.3021,0.9392,0.1,24.35,-15.96,1571.8,14.28,-0.2442,0.1673,0.25,0.017,0.2653,174
Oracle Fin.Serv.,532466,OFSS,IT - Software,0.0686,-0.0547,0.4222,0.033,-0.0026,0.4669,0.524,0.6641,0,30.32,-117.69,84.8,19.9,-0.3749,0.1741,0.2934,0.0036,0.296,185
TAC Infosec,,TAC,IT - Software,1.3782,0.7887,0.6226,0.5603,0.3669,0.5739,0.3109,1.2066,0.01,88.55,2.41,53.8,58.12,-0.0814,1.226,0.4127,0.4127,0.0458,196
Tata Elxsi,500408,TATAELXSI,IT - Software,-0.0387,-0.3252,0.2106,-0.0191,-0.1461,0.2478,0.4069,0.7739,0.06,48.94,-3.35,75.7,31.6,-0.2946,0.1458,0.2927,-0.052,0.4388,386
Sonata Software,532221,SONATSOFTW,IT - Software,0.1732,0.0351,0.0538,0.0431,0.0081,0.0599,0.4071,1.0079,0.3,23.81,29.5,167.8,13.71,-0.4704,0.2709,0.2731,-0.0303,0.265,423
Ramco Systems,532370,RAMCOSYS,IT - Software,0.2335,2.2926,0.2241,0.0974,-1.2543,0.0444,0.0494,-5.5837,0.15,275.15,-2.19,27.5,18.03,-0.0177,1.3648,-0.1087,0.4641,1.1456,428
Wipro,507685,WIPRO,IT - Software,0.0177,0.0117,0.1926,0.0064,0.0313,0.2147,0.2015,0.8959,0.19,18.56,5.92,3065.3,11.5,-0.2646,0.0607,0.1659,0.0232,0.1346,428
Newgen Software,540900,NEWGEN,IT - Software,0.1097,0.1622,0.2555,0.0306,0.0667,0.2757,0.2807,0.5409,0.03,41.55,6.23,121.6,29.09,-0.466,0.298,0.225,-0.0017,0.1583,448
Infosys,500209,INFY,IT - Software,0.0855,0.1319,0.2368,0.0397,0.0606,0.2344,0.4331,0.946,0.08,21.75,3.59,2460.4,13.22,-0.266,0.127,0.2883,-0.03,0.2277,469
Hexaware Tech.,544362,HEXT,IT - Software,0.1108,0.3799,0.124,0.0655,0.1394,0.1422,0.2933,0.957,0.1,31.58,2.27,440.3,19.23,-0.2342,0.1677,0.2334,0.0072,0.094,481
Cybertech Sys.,532173,CYBERTECH,IT - Software,0.0145,-0.0313,0.0786,0.0048,0.0198,0.1997,0.2436,0.8074,0.02,15.39,7.76,8.8,8.48,-0.3621,0.4799,0.1494,0.029,0.1296,492
Mastek,523704,MASTEK,IT - Software,0.0841,-0.1918,0.1547,0.0506,0.004,0.1458,0.1837,0.809,0.2,17.78,44.11,7.6,10.93,-0.3742,0.1217,0.1614,0.0021,0.1574,585
Tanla Platforms,532790,TANLA,IT - Software,0.0777,-0.0396,0.1646,0.0289,-0.0552,0.1451,0.2801,1.0114,0.03,16.86,-3.06,47.4,10.32,-0.2421,0.4885,0.241,-0.0761,0.2962,651
Tech Mahindra,532755,TECHM,IT - Software,0.0512,-0.0445,0.1547,0.0194,0.1353,0.1177,0.2522,1.0479,0.07,30.9,2.28,493.3,16.6,-0.2179,0.1691,0.1462,0.0599,0.0109,713
Mphasis,526299,MPHASIS,IT - Software,0.1034,0.108,0.1849,0.0475,0.0635,0.1715,0.33,0.7958,0.21,29.39,4.63,103.8,17.14,-0.1492,0.361,0.1822,-0.0022,0.1187,735
Persistent Systems,533179,PERSISTENT,IT - Software,0.2359,0.4507,0.1908,0.1072,0.2263,0.1686,0.3598,0.6313,0.06,55.33,2.44,201.6,35.34,-0.1397,0.4077,0.2408,0.0009,0.0145,749
ASM Technologies,526433,BOM:526433,IT - Software,1.336,4.0552,0.2088,0.2434,0.5254,0.1842,0.3732,-0.5178,0.52,139.74,2.66,39.6,73.07,-0.1787,2.6529,0.1685,0.2133,-0.3569,757
Ceinsys Tech,538734,BOM:538734,IT - Software,1.1208,1.6566,0.1932,0.198,0.3201,0.2202,0.3026,0.0606,0.12,29.86,0.93,10.5,19.71,-0.3404,0.2622,0.1946,0.0327,-0.1255,763
Xchanging Sol.,532616,XCHANGING,IT - Software,0.1878,0.6558,0.3221,0.0772,0.1937,0.3989,0.1772,0.6703,0.24,17.04,0.88,31.3,9.97,-0.2616,0.1419,0.1391,0.1125,-0.0546,774
LTIMindtree,540005,LTIM,IT - Software,0.1019,0.12,0.1857,0.0437,0.0588,0.1736,0.2902,0.7001,0.1,34.19,5.81,210.7,20.92,-0.1708,0.4761,0.2153,-0.035,0.1565,818
Magellanic Cloud,538891,MCLOUD,IT - Software,0.0454,0.1443,0.3276,0.0603,0.0443,0.2706,0.2136,0.855,0.47,32.23,7.27,349.5,17.01,-0.439,0.3919,0.2223,-0.0696,0.178,948
Saksoft,590051,SAKSOFT,IT - Software,0.2391,0.2642,0.184,0.0544,0.0851,0.1734,0.2151,0.753,0.12,22.58,2.65,55.8,14.25,-0.2259,0.6458,0.1894,-0.0218,0.1043,991
Rategain Travel,543417,RATEGAIN,IT - Software,0.0497,0.0342,0.182,0.012,0.0126,0.2538,0.2031,0.4381,0.01,38.16,30.28,56.4,24.78,-0.2034,0.8638,0.1327,-0.0017,0.1201,1001
Birlasoft Ltd,532400,BSOFT,IT - Software,-0.032,-0.2915,0.1236,-0.0079,-0.0696,0.128,0.3839,0.8287,0.04,21.54,-3.1,81.5,12.89,-0.4136,0.109,0.1559,-0.0689,0.2255,1088
Mindteck (India),517344,MINDTECK,IT - Software,-0.0633,0.1261,0.095,-0.0161,0.0336,0.0943,0.1678,0.6332,0.03,25.96,7.72,9.9,15.4,-0.2469,0.7887,0.125,-0.0074,0.0914,1236
InfoBeans Tech.,543644,INFOBEAN,IT - Software,0.2765,0.7859,0.2499,0.1065,0.6572,0.1972,0.3511,0.8855,0.06,22.74,0.35,10.7,12.81,-0.1708,1.2362,0.1237,0.0431,-0.5335,1268
Quick Heal Tech,539678,QUICKHEAL,IT - Software,0.1365,0.906,0.1105,-0.0108,-1.2691,-0.0194,-0.0068,20.8411,0,,0,20.6,210.72,-0.5603,0.2688,0.0063,-0.0467,1.2754,1380
Zensar Tech.,504067,ZENSARTECH,IT - Software,0.0866,0.1702,0.1548,0.0398,0.1169,0.1706,0.3837,0.6686,0.03,23.75,2.03,92.9,15.52,-0.257,0.3659,0.1643,-0.0353,0.0474,1403
Aurionpro Sol.,532668,AURIONPRO,IT - Software,0.2853,0.2059,0.2012,0.1318,0.0922,0.191,0.1559,0.6776,0.02,31.73,3.44,22.2,21.48,-0.3924,0.0793,0.153,-0.0442,0.0608,1487
C.E. Info System,543425,MAPMYINDIA,IT - Software,0.1982,0.2873,0.4465,0.0434,0.2325,0.4596,0.7266,0.6223,0.04,61.7,2.65,66.9,39.36,-0.1806,0.1734,0.1762,-0.0297,-0.0563,1500
Latent View,543398,LATENTVIEW,IT - Software,0.2325,0.1128,0.218,0.1247,0.1456,0.2644,0.2195,0.5785,0.02,50.2,3.45,121.6,32.48,-0.1096,0.3609,0.1158,-0.0064,-0.0298,1551
Intellect Design,538835,INTELLECT,IT - Software,0.3583,0.9366,0.2025,0.1181,0.2093,0.1938,0.2399,0.9559,0.03,40.04,1.91,75.8,21.96,-0.0786,1.0833,0.1273,-0.0155,-0.082,1665
Happiest Minds,543227,HAPPSTMNDS,IT - Software,0.0996,0.0909,0.172,0.067,0.0522,0.1741,0.1453,0.6444,0.78,37.4,7.16,71,16.82,-0.374,0.0238,0.1261,-0.0795,0.0739,1762
Coforge,532541,COFORGE,IT - Software,0.3173,0.7593,0.1838,0.1902,0.4249,0.1284,0.1849,0.8779,0.14,52.07,1.23,287.8,24.75,-0.1166,0.4876,0.1598,-0.0849,-0.2651,1927
63 Moons Tech.,526881,63MOONS,IT - Software,1.0981,-0.1915,-4.2259,0.6318,0.7211,-1.4753,-0.0323,1.8263,0,,0,4.9,-20.45,-0.3065,0.4237,-0.0147,-0.0836,-0.7358,2204
Ksolves India,543599,KSOLVES,IT - Software,0.1393,-0.0849,0.3043,0.0797,-0.0962,0.285,1.0297,0.7375,0.08,24.7,-2.57,54.7,16.64,-0.3983,0.0766,1.539,0.0616,1.6352,LOW LIQUIDITY
NINtec Systems,539843,NINSYS,IT - Software,0.181,0.3351,0.2171,0.0426,0.1193,0.2598,0.8748,0.7014,0.03,28.48,2.39,24.3,19.43,-0.344,0.0651,0.5237,0.5237,0.4044,LOW LIQUIDITY
Unicommerce,544227,UNIECOM,IT - Software,0.6356,0.1054,0.187,0.1295,0.0488,0.1648,0.3251,1.1554,0.11,77.62,15.9,206.3,39.75,-0.4281,0.31,0.2478,0.2478,0.199,LOW LIQUIDITY
Silver Touch,543525,SILVERTUC,IT - Software,0.1129,0.2169,0.1429,0.0337,0.0558,0.1203,0.2237,-0.0791,0.33,40.74,7.31,8.9,22.15,-0.1632,0.207,0.176,0.0242,0.1202,LOW LIQUIDITY
Technvision Ven.,501421,BOM:501421,IT - Software,0.0803,-0.9861,0.0228,0.0185,-19.3636,0.0045,-0.049,5.4352,2.97,,0,230.7,786.9,-0.4338,1.0461,0.015,0.015,19.3786,LOW LIQUIDITY
Subex,532348,SUBEXLTD,IT - Software,-0.0258,2.1427,0.0592,-0.0062,-0.742,0.0058,-0.0002,-0.4414,0.06,,0,131.6,40.34,-0.5448,0.1953,-0.1126,0.0091,0.6294,LOW LIQUIDITY
Innovana Think.,544302,INNOVANA,IT - Software,0.2775,0.2759,0.5011,0.0674,0.1107,0.563,0.5104,0.6134,0.22,21.6,1.95,10.1,14.86,-0.244,0.8152,0.2292,-0.0448,0.1185,LOW LIQUIDITY
Alphalogic Tech.,542770,BOM:542770,IT - Software,-0.5201,-0.0859,0.1469,-0.1591,-0.0462,0.1327,0.1433,0.2707,0.02,99.03,-21.44,62.6,52.94,-0.5296,0.0083,0.1149,-0.0076,0.1611,LOW LIQUIDITY
Ace Soft. Exp.,531525,BOM:531525,IT - Software,1.4953,0.7361,0.1155,0.2548,0.1778,0.1836,0.0775,-1.4482,0.06,71.74,4.03,5.8,42.44,-0.1647,0.5525,0.0806,0.0458,-0.0972,LOW LIQUIDITY
3i Infotech,532628,3IINFOLTD,IT - Software,-0.0512,1.8639,-0.0203,-0.0127,0.9103,0.0595,0.1344,1.527,0.21,7.5,0.08,24.1,5.29,-0.4824,0.0112,0.0828,0.2647,-0.8275,LOW LIQUIDITY
Avance Tech.,512149,BOM:512149,IT - Software,-0.2015,-0.2603,0.0179,-0.055,-0.1075,0.0386,-0.1896,-9.1861,0.15,74.17,-6.9,182.7,61.57,-0.4381,2.4038,0.014,0.0009,0.1215,LOW LIQUIDITY
ABM Knowledge,531161,BOM:531161,IT - Software,0.0752,0.157,0.1443,0.0173,0.0425,0.2493,0.1851,0.7484,0,35.89,8.44,4.9,25.79,-0.1071,1.3826,0.0678,-0.0011,0.0253,LOW LIQUIDITY
Nucleus Soft.,531209,NUCLEUS,IT - Software,0.1143,0.1656,0.1561,0.0268,0.2554,0.2671,2.5361,0.8359,0,16.55,0.65,9.1,10.96,-0.2467,0.434,0.1682,-0.0722,-0.0872,LOW LIQUIDITY
Lucent Industrie,539682,BOM:539682,IT - Software,0,0,0.2867,0,0,0.2544,0.0955,-1.3565,0,2133.13,,162.8,1424.9,-0.0798,1.1408,0,0,0,LOW LIQUIDITY
Trejhara Solutio,542233,TREJHARA,IT - Software,0.4298,-0.2637,0.2035,0.0916,-0.076,0.1627,0.0351,1.1823,0,116.46,-15.33,2.3,38.52,-0.187,0.572,0.0147,-0.0232,0.0907,LOW LIQUIDITY
XT Global Infot.,531225,XTGLOBAL,IT - Software,0.872,0.3502,0.071,0.1837,0.0831,0.0641,0.0657,1.0121,0.19,52.67,6.34,38.2,21.54,-0.2538,0.364,0.0521,-0.0198,-0.031,LOW LIQUIDITY
Softtech Enginee,543470,SOFTTECH,IT - Software,0.3676,0.4844,0.2732,0.0762,0.2636,0.0835,0.0314,3.4098,0.25,301.76,11.45,4,18.72,-0.4194,0.2005,0.0088,-0.0213,-0.2548,LOW LIQUIDITY
Aion-Tech Soluti,531439,GOLDTECH,IT - Software,0.0809,-10.2424,-0.1809,0.0162,1.2099,-0.0726,-0.0324,5.8246,0.07,,0,11.1,-107.58,-0.32,0.2787,-0.0398,-0.0078,-1.2497,LOW LIQUIDITY
GTT Data,530457,BOM:530457,IT - Software,7.341,-2.6916,-0.0531,1.3924,0.4623,-0.2029,-0.4396,2.1325,0.68,,0,45,-125.95,-0.1863,0.5494,-0.3035,-0.3035,-0.7658,LOW LIQUIDITY
All E Tech,,ALLETEC,IT - Software,0.0284,0.0243,0.1917,0.0069,0.0064,0.2795,0.276,0.5664,0,18.49,28.68,7.7,10.07,-0.5711,0.0858,0.2239,0.0451,0.2175,
Virtual Galaxy,,VGINFOTECH,IT - Software,0,0,0.5044,0,0,0.3987,0.3599,0.9021,0.43,12.64,,,7.98,-0.2144,0.1192,0.4774,-0.0165,0.4774,
Systango Tech,,SYSTANGO,IT - Software,0.2938,0.5979,0.3764,0,0,0.387,0.6311,0.4765,0,17.42,,5.3,13.09,-0.1678,0.3043,0.2338,0.0052,0.2338,
IRIS Business,540735,IRIS,IT - Software,0.0799,-0.9362,0.0003,0.0175,-0.2026,0.125,0.25,1.4364,0.06,69.74,-3.44,19.7,37.57,-0.3891,0.5457,0.2234,-0.0164,0.426,
Trident Techlabs,,TECHLABS,IT - Software,-0.1361,-0.3547,0.2272,0,0,0.238,0.2629,0.8644,0.22,65.58,,22.4,38.98,-0.7389,0.0873,0.2196,-0.0907,0.2196,
Kody Technolab,,KODYTECH,IT - Software,0,0,,0,0,0.3482,0.7548,-0.3021,0.17,51.01,,14.5,34.38,-0.6594,0.2678,0,0,0,
Travel Food,544443,TRAVELFOOD,Leisure Services,-0.0849,0.6559,0.3888,0,0,0.3253,2.8944,0.9375,0.32,42.99,,,25.82,-0.0927,0.291,0.391,0.0174,0.391,111
BLS Internat.,540073,BLS,Leisure Services,0.4423,0.4976,0.2874,0.0993,0.121,0.2917,0.3438,1.2806,0.21,23.48,1.94,315.4,16.33,-0.3835,0.1627,0.3431,0.0322,0.2221,148
I R C T C,542830,IRCTC,Leisure Services,0.0377,0.0798,0.3427,0.009,0.0207,0.3731,0.4918,0.4828,0.02,43.49,20.97,1241.6,30.27,-0.1736,0.0838,0.3716,-0.0329,0.3509,304
Devyani Intl.,543330,DEVYANI,Leisure Services,0.1105,-0.8711,0.1517,0.0273,-3.1286,0.0499,0.0011,3.1697,2.91,,0,2151.1,26.77,-0.2455,0.2168,0.0054,0.1077,3.134,363
Leela Palaces Hotels,544408,THELEELA,Leisure Services,0.1209,2.4602,0.4362,0,0,0.4317,0.0075,0.9847,0.28,80.88,,76.5,20.98,-0.1129,0.1016,0.1314,0.1314,0.1314,395
Indian Hotels Co,500850,INDHOTEL,Leisure Services,0.1176,-0.0912,0.2793,0.0847,0.0156,0.2949,0.1637,0.8988,0.28,60.26,38.66,1251.6,32.22,-0.2014,0.053,0.1612,0.0186,0.1456,453
EIH,500840,EIHOTEL,Leisure Services,0.0893,0.2748,0.2786,0.0171,0.023,0.3971,0.2357,0.7579,0.06,31.15,13.53,331.9,19.18,-0.1139,0.334,0.1795,0.0033,0.1565,501
Lemon Tree Hotel,541233,LEMONTREE,Leisure Services,0.1782,0.9349,0.4437,0.0371,0.0945,0.3924,0.0717,1.0675,1.85,61.06,6.46,894.4,22.96,-0.0821,0.5002,0.1845,0.0214,0.09,509
Royal Orch.Hotel,532699,ROHLTD,Leisure Services,0.0789,0.2432,0.2493,0.018,0.0453,0.2417,0.2246,0.3247,0.96,26.11,5.76,15.3,14.66,-0.209,0.5572,0.2241,-0.0425,0.1788,779
Easy Trip Plann.,543272,EASEMYTRIP,Leisure Services,-0.2543,-0.9594,0.0028,-0.0661,-0.2903,0.188,0.1576,0.7517,0.05,39,-1.34,1465.5,24.55,-0.5697,0.0487,0.1621,-0.1311,0.4524,915
Le Travenues,544192,IXIGO,Leisure Services,0.3694,-1.2544,-0.0184,0.2284,-0.0844,0.0625,0.1275,1.6573,0.06,243.74,-28.87,722.8,139.81,-0.2074,1.2974,0.0974,-0.0025,0.1818,1015
TBO Tek,544174,TBOTEK,Leisure Services,0.2592,0.1241,0.1552,0.1207,0.0382,0.1469,0.2262,1.0003,0.18,76.78,20.08,155.1,46.64,-0.1482,0.5949,0.2462,-0.2179,0.208,1018
TajGVK Hotels,532390,TAJGVK,Leisure Services,0.0191,0.1964,0.3139,0.0347,0.2883,0.3588,0.2496,0.845,0.12,20.97,0.73,23.8,14.26,-0.2434,0.3413,0.1622,0.0143,-0.1261,1068
Samhi Hotels,543984,SAMHI,Leisure Services,0.1177,1.0995,0.3657,0.044,0.3105,0.2872,0.0438,1.156,1.97,31.54,1.02,84,14.3,-0.2298,0.6294,0.0962,1.4946,-0.2143,1079
Sapphire Foods,543397,SAPPHIRE,Leisure Services,0.0672,-6.3169,0.1375,0.0365,-0.9224,0.0403,0.0045,3.3973,0.99,4141.35,-44.9,206.4,20.75,-0.2573,0.1493,0.0203,-0.0208,0.9427,1119
Ventive Hospital,544321,VENTIVE,Leisure Services,3.4168,0.0193,0.4094,0.2446,0.0052,0.3175,0.0257,1.2216,0.57,137.66,262.46,82,19.93,-0.1441,0.3833,0.0475,0.0475,0.0423,1240
Thomas Cook (I),500413,THOMASCOOK,Leisure Services,0.1434,-0.043,0.0525,0.0371,-0.0068,0.0574,0.1256,1.4898,0.21,29.01,-42.68,154.5,10.94,-0.3014,0.3336,0.1193,-0.0183,0.1261,1269
ITC Hotels,544325,ITCHOTELS,Leisure Services,0.0791,0.7431,0.2927,0.0481,0.1542,0.2766,0.0927,0.8596,0.01,59.83,3.88,832.3,29.6,-0.1904,0.3656,0.0666,0.0666,-0.0876,1316
Westlife Food,505533,WESTLIFE,Leisure Services,0.0386,-40.7778,0.1046,0.0262,-1.5884,0.0513,0.0664,2.3339,2.69,,0,231.7,30.26,-0.3562,0.0175,0.013,-0.115,1.6014,1548
Yatra Online,543992,YATRA,Leisure Services,1.0812,2.9604,0.11,0.1377,0.33,0.0645,0.0667,-1.9578,0.1,45.68,1.38,44.4,23.86,-0.2002,1.1569,0.0477,0.0577,-0.2823,1553
Jubilant Food.,533155,JUBLFOOD,Leisure Services,0.1696,0.6168,0.1937,0.0403,0.1901,0.1018,0.0689,1.9605,2.08,146.68,7.72,1212.4,25.13,-0.265,0.0183,0.1036,-0.0262,-0.0865,1872
Apeejay Surrend.,544111,PARKHOTELS,Leisure Services,0.142,8.2893,0.2943,0.0304,0.188,0.2573,0.0914,0.9572,0.13,31.48,1.67,52,14.02,-0.2968,0.1383,0.0674,-0.0114,-0.1206,1912
Restaurant Brand,543248,RBA,Leisure Services,0.1123,0.0261,0.1009,0.0478,-0.0417,-0.0172,-0.0821,-4.8713,2.02,,0,249.6,15.58,-0.2819,0.1266,-0.2817,0.0182,-0.24,1959
Delta Corp,532848,DELTACORP,Leisure Services,-0.0261,-0.0697,0.217,0.0094,0.6481,0.225,0.1131,0.245,0.01,13.75,0.21,23.8,9.2,-0.4236,0.0009,0.0345,-0.0513,-0.6136,2142
Chalet Hotels,542399,CHALET,Leisure Services,0.9502,2.1181,0.407,0.5191,3.093,0.3595,0.1222,1.6256,0.73,34.97,0.11,129.6,19.67,-0.1445,0.4598,0.0577,-0.1059,-3.0353,2165
Valor Estate,533160,DBREALTY,Leisure Services,122.7599,1.4168,-0.0356,0.5762,0.0127,-0.07,-0.0315,-5.5216,0.39,,0,85.4,-98.05,-0.3437,0.4406,-0.0254,-0.3731,-0.0381,2189
Viceroy Hotels,523796,VHLTD,Leisure Services,-0.1423,3.1157,0.2706,0,0,0.1809,0.3491,1.3012,0.21,11.53,,24.6,25.32,-0.0316,0.4154,0.4971,0.4971,0.4971,LOW LIQUIDITY
I T D C,532189,ITDC,Leisure Services,0.0334,-0.1591,0.1023,0.0254,-0.0111,0.176,0.3318,0.5334,0,63.79,-57.45,120.6,44.64,-0.1941,0.2768,0.2421,0.0416,0.2532,LOW LIQUIDITY
Advani Hotels.,523269,ADVANIHOTR,Leisure Services,-0.097,-0.349,0.1486,-0.0198,-0.0437,0.3214,0.4945,0.6012,0.01,21.36,-4.89,61,13.62,-0.2192,0.1606,0.3435,-0.0251,0.3872,LOW LIQUIDITY
Kamat Hotels,526668,KAMATHOTEL,Leisure Services,0.1205,5.4814,0.2189,0.0401,0.0926,0.2582,0.1467,0.7113,0.73,17.08,1.84,8.9,8.65,-0.227,0.5161,0.1861,0.0797,0.0935,LOW LIQUIDITY
Intl. Travel Hse,500213,BOM:500213,Leisure Services,-0.0256,-0.14,0.1583,-0.0013,-0.0278,0.1524,0.2162,1.0062,0.01,13.88,-5,1.7,8.1,-0.3797,0.1997,0.1756,0.0079,0.2034,LOW LIQUIDITY
Benares Hotels,509438,BOM:509438,Leisure Services,-0.0233,-0.1556,0.3448,0.0106,0.0005,0.4285,0.3215,0.7157,0.02,28.09,607.45,0.9,17.57,-0.252,0.1835,0.2829,-0.0283,0.2824,LOW LIQUIDITY
EIH Assoc.Hotels,523127,EIHAHOTELS,Leisure Services,0.0661,1,0.1306,0.0104,0.0287,0.3216,0.3587,0.8398,0.01,22.89,7.98,25.7,14.68,-0.1856,0.2376,0.1924,0.0048,0.1637,LOW LIQUIDITY
Nicco Parks,526721,BOM:526721,Leisure Services,0.0627,-0.6314,0.4226,0.0205,-0.2464,0.3934,0.5842,0.5662,0,27.11,-1.1,19.5,12.73,-0.3367,0.0087,0.2175,-0.0765,0.4639,LOW LIQUIDITY
Phoenix Township,537839,BOM:537839,Leisure Services,-0.3575,-0.9072,0.1882,-0.0949,-0.5365,0.1736,0.0109,-7.1913,0.84,112.98,-2.11,1.9,83.32,-0.444,0.2949,0.0238,0.0148,0.5603,LOW LIQUIDITY
Kaya Ltd,539276,KAYA,Leisure Services,0.0181,-1410,0.0705,0.0044,-1.5772,-0.071,-0.6006,-0.5042,,,0,-6.2,39.4,-0.1146,1.1132,0,0,1.5772,LOW LIQUIDITY
Imagica. Enter.,539056,IMAGICAA,Leisure Services,-0.195,-0.3346,0.4902,-0.0875,-0.2684,0.1461,0.043,1.5822,0.13,53.12,-1.98,134.2,20.79,-0.3398,0.0498,0.0767,-0.0058,0.3451,LOW LIQUIDITY
HLV,500193,HLVLTD,Leisure Services,-0.0515,-3.142,-0.042,-0.0109,-0.203,0.112,0.0471,1.2213,0.09,36.02,-1.77,102.6,16.17,-0.4788,0.1276,0.0557,0.0004,0.2587,LOW LIQUIDITY
Mahindra Holiday,533088,MHRIL,Leisure Services,0.0695,0.2963,0.2121,0.0342,0.0455,0.1302,0.0252,1.7763,4.75,49.6,10.89,182.9,13.23,-0.1719,0.3612,0.196,-0.0443,0.1505,LOW LIQUIDITY
Espire Hospi,532016,BOM:532016,Leisure Services,0.9068,46.6667,0.239,0.1194,0.1693,0.1652,0.0791,-1.3135,2.54,66.01,3.9,21.9,26.38,-0.31,1.3721,0.3533,-0.9078,0.184,LOW LIQUIDITY
Praveg,531637,BOM:531637,Leisure Services,0.6833,-9.0789,0.146,0.0956,-0.4946,0.1265,0.0196,1.0898,0.17,101.52,-2.05,4.8,16.49,-0.5803,0.0998,0.0444,-0.0193,0.539,LOW LIQUIDITY
Robust Hotels,543901,RHL,Leisure Services,0.1173,1.9632,0.2996,0.0256,-0.0869,0.3099,0.0242,1.2249,0.22,21.19,-2.44,1,9.01,-0.3084,0.2949,0.0295,0.0218,0.1164,LOW LIQUIDITY
Sinclairs Hotels,523023,SINCLAIR,Leisure Services,-0.052,-0.0978,0.3792,-0.0159,-0.0348,0.3527,0.2891,0.5441,0.18,34.48,-9.91,20.3,20.02,-0.3572,0.2298,0.1236,-0.0366,0.1584,LOW LIQUIDITY
Spice LoungeFood,539895,BOM:539895,Leisure Services,0,0,0.0396,0.305,-0.2088,0.0732,0.0356,0.2748,0.65,847.62,-40.59,2428.8,245.51,-0.0585,9.7199,0,0,0.2088,LOW LIQUIDITY
Sayaji Hotels,523710,BOM:523710,Leisure Services,0.2707,-5.0394,0.0999,0.0547,-3.0817,0.064,-0.0069,1.8184,0.94,,0,5.6,23.83,-0.275,0.2083,0.0131,-0.0573,3.0948,LOW LIQUIDITY
U P Hotels,509960,BOM:509960,Leisure Services,0.3575,5.5278,0.1767,0.0498,0.145,0.2809,0.3312,0.9245,0,25.71,1.77,2.6,14.84,-0.2393,0.3097,0.1768,-0.0534,0.0318,LOW LIQUIDITY
Juniper Hotels,544129,JUNIPER,Leisure Services,0.1054,0.5116,0.3617,0.0223,0.0885,0.2845,0.0194,1.1989,0.53,75.03,8.48,47.3,18.72,-0.3457,0.1614,0.0264,0.0108,-0.0621,LOW LIQUIDITY
Wonderla Holiday,538268,WONDERLA,Leisure Services,-0.027,-0.1687,0.4558,-0.0102,-0.0681,0.2231,0.0789,1.1071,0,36.51,-5.36,13.2,19.52,-0.4013,0.0271,0.0751,-0.0719,0.1432,LOW LIQUIDITY
Asian Hotels (N),500023,ASIANHOTNR,Leisure Services,0.1313,0.4636,0.2111,0.0256,0.2449,0.202,-0.2101,6.7622,2.1,,0,4.8,13.01,-0.2089,0.899,-0.4098,0.3276,-0.6547,LOW LIQUIDITY
Emerald Leisures,507265,BOM:507265,Leisure Services,0.0083,0.0968,0.3581,0.002,-0.025,0.181,1.0467,-7.224,,,0,-7.6,108.02,-0.2702,0.3771,0,0,0.025,LOW LIQUIDITY
Brigade Hotel,544457,BRIGHOTEL,Leisure Services,0.1642,0.6953,0.2955,0,0,0.2502,0.0182,1.2712,0.38,128.86,,127.7,18.68,-0.1146,0.0493,0,0,0,LOW LIQUIDITY
The Byke Hospi.,531373,BYKE,Leisure Services,0.1526,-0.0652,0.4392,0.0367,0.0373,0.1491,0.0249,0.7249,0.41,72.06,19.32,7.5,9.48,-0.4267,0.0816,0.0201,-0.0112,-0.0172,LOW LIQUIDITY
Speciality Rest.,534425,SPECIALITY,Leisure Services,0.0611,-0.2056,0.1748,0.0144,0.1405,0.0974,0.1117,1.9723,0.47,32.85,2.34,9.6,8.92,-0.2402,0.1899,0.0548,-0.0206,-0.0857,LOW LIQUIDITY
Oriental Hotels,500314,ORIENTHOT,Leisure Services,0.0695,0.394,0.2382,0.0747,0.269,0.2058,0.1627,1.2518,0.27,43.39,1.61,55.4,17.55,-0.4054,0.0118,0.0599,-0.025,-0.2091,LOW LIQUIDITY
Apollo Sindoori,,APOLSINHOT,Leisure Services,0.0829,1.651,0.036,0.0195,0.3587,0.0371,0.1059,1.0933,0.55,33.31,0.93,0.6,10.49,-0.3306,0.1253,0.0534,-0.0346,-0.3053,LOW LIQUIDITY
Coffee Day Enter,539436,COFFEEDAY,Leisure Services,0.0356,0.4061,0.1196,-0.0623,0.1408,0.0491,0.0384,4.4129,0.53,,0,6.8,11.38,-0.2329,0.8562,-0.0096,-0.0382,-0.1504,LOW LIQUIDITY
United Foodbrands,543283,UFBL,Leisure Services,-0.0285,-2.3765,0.155,-0.0071,0.4153,0.0332,-0.0412,3.8136,2.09,,0,8.3,6.81,-0.6715,0.0031,-0.0736,-0.0398,-0.4889,LOW LIQUIDITY
Mac Charles(I),507836,BOM:507836,Leisure Services,10.8478,0.0856,0.6083,2.0305,-0.0714,0.1067,-0.0987,7.1064,10.26,,0,11.4,191.62,-0.1223,0.3604,-0.805,-0.4794,-0.7336,LOW LIQUIDITY
Suba Hotels,,SUBAHOTELS,Leisure Services,0,0,,0,0,0.268,0.3628,0.1855,1.06,26.56,,,18.79,-0.17,0.0765,0.379,0.0578,0.379,
Grand Continent,,GCHOTELS,Leisure Services,1.6058,1.6727,0.2087,0,0,0.2527,0.1233,0.3368,0.1,46.61,,11.6,23.91,-0.2196,0.9529,0.1556,-0.1112,0.1556,
D B Corp,533151,DBCORP,Media,0.0992,0.1319,0.2248,0.0107,-0.0728,0.2074,0.2021,0.7899,0.13,13.59,-1.87,36.3,7.06,-0.2348,0.3914,0.1673,-0.0343,0.2401,782
OnMobile Global,532944,ONMOBILE,Media,-0.0088,1.6611,0.0658,0.0012,-1.3715,0.0495,0.0535,1.5327,0.12,62.81,-0.46,11.9,11.09,-0.1849,0.725,-0.0494,-0.0727,1.3221,1621
Adcounty Media.,544435,BOM:544435,Media,0.0512,0.2853,0.2985,0,0,0.27,0.5382,-0.0129,0.02,32.08,,,24.45,-0.2589,0.8496,0.4728,-0.0416,0.4728,LOW LIQUIDITY
Vertoz,,VERTOZ,Media,0.1715,0.1685,0.1417,0.0436,0.114,0.1191,0.1628,0.2983,0.11,21.9,1.92,26.6,13.5,-0.6222,0.0488,0.1399,0.0189,0.0259,LOW LIQUIDITY
Bright Outdoor,543831,BOM:543831,Media,0.0625,-0.1613,0.1917,0,0,0.2003,0.1659,0.1989,0,46.31,,11.8,31.52,-0.0335,0.5108,0.1231,-0.0076,0.1231,LOW LIQUIDITY
Hindustan Media,533217,HMVL,Media,0.1283,27.6571,-0.0491,0.0284,0.1713,0.1303,-1.8989,0.4503,0.03,6.5,0.38,2.7,5.08,-0.2613,0.0526,0.0491,0.0461,-0.1222,LOW LIQUIDITY
Signpost India,544117,SIGNPOST,Media,0.3701,0.3631,0.2307,0.082,0.111,0.1281,0.2472,0.5542,0.79,33.01,2.97,30.4,13.61,-0.4209,0.3,0.1666,-0.0941,0.0556,LOW LIQUIDITY
H T Media,532662,HTMEDIA,Media,0.0889,0.4773,-0.0717,0.0186,31.9821,0.0514,0.3464,0.7879,0.43,34.16,0.01,8.8,6.83,-0.0531,0.8691,0.0003,0.0194,-31.9818,LOW LIQUIDITY
Jagran Prakashan,532705,JAGRAN,Media,0.0359,0.6332,0.1387,0.0084,0.3052,0.1002,0.2152,1.6366,0.1,9.99,0.33,17.5,5.53,-0.2064,0.14,0.0621,-0.0247,-0.2431,LOW LIQUIDITY
R K Swamy,544136,RKSWAMY,Media,0.1346,0.3165,0.0788,0.0313,0.0398,0.0914,0.1017,-0.3822,0.13,33.4,8.4,13.1,12.76,-0.5578,0,0.0758,-0.1976,0.036,LOW LIQUIDITY
Sandesh,526725,SANDESH,Media,0.0688,0.1513,0.2534,0.016,0.0991,0.3569,0.5197,0.6856,0,10.45,1.05,0.5,7.53,-0.376,0.17,0.0591,-0.1042,-0.04,LOW LIQUIDITY
Pelatro,,PELATRO,Media,0.4561,0.5546,0.2173,0,0,0.2,0.1407,1.1778,0.49,27.86,,4.7,18.76,-0.3731,0.2394,0.2641,0.2641,0.2641,
Adani Enterp.,512599,ADANIENT,Metals & Minerals Trading,-0.0601,-0.6274,0.1556,-0.0498,-0.4335,0.1167,0.0426,0.3705,2.03,109.68,-2.53,582.5,23.69,-0.225,0.1673,0.0982,0.0009,0.5317,504
BMW Ventures,544543,BMWVENTLTD,Metals & Minerals Trading,0,0,,0,0,0.0404,0.1773,0.6034,2.04,17.57,,,11.21,-0.1688,0.1939,0.1654,-0.0091,0.1654,728
SG Mart,512329,SGMART,Metals & Minerals Trading,-0.0494,0.6639,0.0164,-0.0134,0.1605,0.035,0.1016,-2.1578,0.17,35.89,2.24,35.5,16.8,-0.2155,0.1795,0.0901,0.0901,-0.0704,1145
Lloyds Enterpris,512463,LLOYDSENT,Metals & Minerals Trading,0.0239,36.4153,0.0677,0.0053,4.6587,0.3123,0.3585,0.8535,0.24,35.02,0.08,611.9,21.42,-0.2289,0.9956,0.0248,-0.0229,-4.6339,2122
Mangalam World.,,MWL,Metals & Minerals Trading,0.3339,0.5239,0.0649,0.1196,0.2812,0.0549,0.1344,-1.6806,0.83,18.93,0.67,7.4,11.86,-0.1509,0.7045,0.1313,-0.0012,-0.1499,LOW LIQUIDITY
LS Industries,514446,BOM:514446,Metals & Minerals Trading,0,0.9897,,0,-1.068,-0.3448,0.1026,0.6289,0,2827.82,-26.48,9543.9,228894,-0.6057,1.0758,-0.4688,-0.4159,0.5992,LOW LIQUIDITY
Nupur Recyclers,,NRL,Metals & Minerals Trading,0.4319,-0.2098,0.079,0.0972,-0.0631,0.1277,0.17,-0.7992,0.11,34.61,-5.49,27.3,19.92,-0.4354,0.2856,0.142,0.0508,0.2051,
MOIL,533286,MOIL,Minerals & Mining,-0.2938,-0.6619,0.2264,-0.0897,-0.2506,0.2404,0.1488,0.9097,0,26.29,-1.05,57,12.99,-0.1052,0.3244,0.1472,0.0249,0.3978,216
Ashapura Minech.,527001,ASHAPURMIN,Minerals & Mining,0.8981,0.8442,0.1341,0.2342,0.1742,0.1329,0.2086,0.4716,0.94,17.63,1.01,46.9,13.18,-0.103,1.8208,0.2714,0.0216,0.0972,323
NMDC,526371,NMDC,Minerals & Mining,0.2967,0.4022,0.3125,0.1165,0.0757,0.3741,0.4198,0.2032,0.14,9.13,1.21,1904.6,5.6,-0.1165,0.2293,0.236,-0.0033,0.1603,446
Lloyds Metals,512455,LLOYDSME,Minerals & Mining,-0.0155,0.1383,0.3278,-0.0056,0.0539,0.2991,0.2876,0.6267,0.12,44.91,8.34,561,32.89,-0.1918,0.4361,0.3147,-0.2583,0.2608,796
G M D C,532181,GMDCLTD,Minerals & Mining,-0.1045,-0.1102,0.2309,-0.03,-0.0214,0.3153,0.2043,1.1918,0.02,27.35,-12.76,90.3,18.35,-0.1207,1.5323,0.1087,0.0083,0.1301,922
Gravita India,533282,GRAVITA,Minerals & Mining,0.1165,0.3332,0.0985,0.0621,0.1775,0.1127,0.1811,0.6978,0.2,35.14,1.98,41.6,26.08,-0.3026,0.251,0.2117,-0.1251,0.0342,1551
Orissa Minerals,590086,ORISSAMINE,Minerals & Mining,0.3965,-0.3413,0.0459,0.085,0.0305,-0.3838,0.4283,-6.6776,,,0,-35.9,-136.99,-0.3842,0.1929,0,0,-0.0305,1901
20 Microns,533022,20MICRONS,Minerals & Mining,0.072,-0.0549,0.1275,0.0182,-0.0233,0.1096,0.1847,0.3089,0.38,11.89,-5.1,6.1,7.15,-0.2603,0.3301,0.1634,-0.0141,0.1867,LOW LIQUIDITY
NILE,530129,BOM:530129,Minerals & Mining,-0.0004,0.8397,0.0906,-0.0001,0.186,0.0671,0.2136,-0.02,0.08,12.63,0.68,0.6,8.64,-0.2398,0.3932,0.1472,0.0022,-0.0388,LOW LIQUIDITY
Goa Carbon,509567,GOACARBON,Minerals & Mining,-0.1391,-1.1135,-0.0966,0.108,0.8433,-0.0447,-0.2807,4.381,2.08,,0,1.9,-26.46,-0.4701,0.1087,-0.1032,-0.4917,-0.9465,LOW LIQUIDITY
Petro Carbon,,PCCL,Minerals & Mining,0.4758,-0.6461,0.0598,0.2836,-0.5412,0.0478,0.0111,0.9068,1.49,108.39,-2,6.4,30.29,-0.2857,0.2053,0.054,-0.6186,0.5952,
Hindustan Zinc,500188,HINDZINC,Non - Ferrous Metals,0.0343,0.1158,0.5192,-0.0037,0.0127,0.4357,0.6739,0.965,0.82,18.87,14.84,6130.1,11.3,-0.1454,0.2361,0.7242,0.1723,0.7115,24
Natl. Aluminium,532234,NATIONALUM,Non - Ferrous Metals,0.3329,0.7836,0.3882,0.0566,0.0876,0.4371,0.4354,0.8136,0.01,7.33,0.84,432.8,4.33,-0.1317,0.6584,0.3272,0.205,0.2396,97
Hindustan Copper,513599,HINDCOPPER,Non - Ferrous Metals,0.0461,0.184,0.4106,0.011,0.0566,0.3172,0.2218,0.8585,0.06,63.98,11.31,1136.9,37.27,-0.1138,0.762,0.1872,0.0518,0.1306,286
Hindalco Inds.,500440,HINDALCO,Non - Ferrous Metals,0.1266,0.2195,0.1231,0.0303,0.074,0.11,0.1404,0.9419,0.52,10.08,1.36,316.4,6.47,-0.103,0.4188,0.1402,0.0407,0.0662,677
Maan Aluminium,532906,MAANALU,Non - Ferrous Metals,0.1946,-0.1947,0.0234,0.0425,-0.1709,0.0295,0.1051,0.0067,0.51,52.95,-3.1,23.8,28.26,-0.1519,0.9256,0.1049,-0.1184,0.2758,1431
Dec.Gold Mines,512068,BOM:512068,Non - Ferrous Metals,-0.8766,-1.647,-63.5263,0.0753,1.9162,-17.7451,-0.4526,0.6859,0.62,,0,130.3,-24.75,-0.2557,0.4877,-0.145,0.2032,-2.0612,1847
Bhagyanagar Ind,512296,BHAGYANGR,Non - Ferrous Metals,0.4224,2.0214,0.0434,0.1776,1.3981,0.0326,0.1126,-4.4616,1.63,16.04,0.11,6.2,11.54,-0.0765,1.183,0.057,-0.0066,-1.3411,2025
Onix Solar,513119,BOM:513119,Non - Ferrous Metals,172.8462,24.25,0.0274,1.5291,0.6759,0.0382,0.5296,11.3421,0,270.52,4,24,230.88,-0.3834,1.8844,0.3092,0.4648,-0.3667,LOW LIQUIDITY
MMP Industries,,MMP,Non - Ferrous Metals,0.1787,0.0485,0.0696,0.0402,0.0054,0.0787,0.1382,0.92,0.48,18.05,33.7,5.6,12.81,-0.2434,0.2842,0.128,0.012,0.1226,LOW LIQUIDITY
Arfin India,539151,ARFIN,Non - Ferrous Metals,-0.1809,-0.6412,0.0606,0,0,0.0555,0.0734,-0.6199,0.75,126.43,,98.3,26.77,-0.0459,1.3461,0.0723,0.0723,0.0723,LOW LIQUIDITY
Deep Industries,543288,DEEPINDS,Oil,0.6159,0.5872,0.409,0.132,-0.1553,0.3879,0.12,0.9147,0.11,17.56,-1.13,11,11.05,-0.2164,0.2844,0.1294,0.0421,0.2847,265
Jindal Drilling,511034,JINDRILL,Oil,0.3799,2.8445,0.3889,0.1795,0.5811,0.4532,,3.1035,,5.08,0.09,,2.96,-0.4066,0.1133,0.1441,0.1061,-0.437,986
Asian Energy,530355,ASIANENE,Oil,0.9168,1.6942,0.0993,0.1187,0.0831,0.1256,0.1628,-0.5513,0.06,32.9,3.96,16.9,17.35,-0.198,0.5604,0.1245,0.0109,0.0414,1073
Hind.Oil Explor.,500186,HINDOILEXP,Oil,-0.4223,-0.7142,0.4092,-0.1366,-0.2034,0.3675,0.0754,0.9339,0.09,16.9,-0.83,19.9,9.33,-0.3148,0.0341,0.118,-0.065,0.3214,1139
Aegis Vopak Term,544407,AEGISVOPAK,Oil,0.0648,0.851,0.7311,0,0,0.576,0.0254,1.3367,2.09,201.16,,,69.07,-0.1031,0.2311,0.0873,-0.0014,0.0873,1375
O N G C,500312,ONGC,Oil,-0.0347,-0.0159,0.1574,0.0756,-0.0042,0.1051,0.1245,1.3563,0.55,8.86,-21.24,1167.7,4.55,-0.0735,0.2361,0.1063,-0.0557,0.1105,1699
Antelopus Selan,530075,ANTELOPUS,Oil,-0.2022,-0.3707,0.5299,-0.0497,-0.1122,0.3596,0.1657,1.2678,0.01,28.99,-2.58,6.2,15.84,-0.4284,0.144,0.1718,0.0848,0.284,LOW LIQUIDITY
Dolphin Offshore,522261,DOLPHIN,Oil,0.4716,0.2082,0.894,0.2159,0.1473,0.7052,0.1105,0.2161,0.64,32.39,2.2,22.7,27.36,-0.3019,1.1425,0.1869,0.1547,0.0396,LOW LIQUIDITY
Guj.Nat.Resour.,513536,BOM:513536,Oil,-0.4774,1.4125,0.0806,-0.1526,-0.2793,0.0406,-0.0169,34.5795,0.08,,0,96.8,217.73,-0.0526,4.5487,-0.0287,0.0062,0.2506,LOW LIQUIDITY
Oil India,533106,OIL,Oil,-0.0236,0.0056,0.2965,0.0195,0.0088,0.3176,0.1526,1.0856,0.62,10.72,12.22,229.7,7.4,-0.1937,0.3411,0.1326,-0.0475,0.1238,LOW LIQUIDITY
Ganesh Benzopl.,500153,GANESHBE,Oil,0.0924,0.1449,0.3044,0.0216,0.192,0.2846,0.1851,0.5341,0.12,7.25,0.38,8.1,4.36,-0.4401,0.0034,0.1353,-0.007,-0.0567,LOW LIQUIDITY
Oil Country,500313,OILCOUNTUB,Oil,-0.5505,-0.6391,-0.2299,-0.1037,0.2329,-0.3216,-0.1178,-1.2925,0.11,,0,8,8.68,-0.355,0.277,-0.1495,0.1653,-0.3824,LOW LIQUIDITY
Prabha Energy,544379,PRABHA,Oil,0.8247,-0.6667,-0.1751,0.2506,0.0345,-0.4332,-0.0025,3.2394,0.34,,0,90.1,-1807.78,-0.3555,0.3536,-0.0033,-0.0011,-0.0378,LOW LIQUIDITY
Arisinfra Solu.,544419,ARISINFRA,Other Construction Materials,0.1139,-0.2052,0.0856,0,0,0.0796,0.0513,-0.3484,1.48,877.85,,,25.21,-0.2178,0.2043,0.0148,0.1662,0.0148,1281
Ramco Inds.,532369,RAMCOIND,Other Construction Materials,0.0349,1.4182,0.1434,-0.0024,0.2764,0.1092,0.2618,0.8323,0.04,12.57,0.45,5.8,13.73,-0.1588,0.5574,0.0437,0.017,-0.2327,1750
Nidhi Granites,512103,BOM:512103,Other Construction Materials,1.1347,1.9867,0.163,0.18,0.7436,0.0884,0.2867,0.5102,0.21,105.77,1.42,19.3,64.36,-0.065,4.2146,0.1401,0.0782,-0.6035,LOW LIQUIDITY
Marble City,531281,BOM:531281,Other Construction Materials,2.1965,1.7668,0.2977,0,0,0.2632,,0,,54.6,,,,-0.2099,0.3978,0,0,0,LOW LIQUIDITY
Midwest Gold,526570,BOM:526570,Other Construction Materials,0,0,-5.551,0,0,-5.6154,-0.0378,7.5982,1.19,,,35.6,-769.37,-0.0537,28.0591,0,0,0,LOW LIQUIDITY
Everest Inds.,508906,EVERESTIND,Other Construction Materials,-0.1875,-0.557,-0.0294,-0.0536,3.8965,-0.0097,-0.0479,-15.5569,0.54,,0,2.5,48.73,-0.4595,0.3668,-0.011,-0.0335,-3.9075,LOW LIQUIDITY
Vishnusurya Pro.,,VISHNUINFR,Other Construction Materials,0.0044,0.5381,0.1261,0,0,0.1615,0.2651,-0.0153,0.35,13.44,,6.1,8.85,-0.4771,0.0386,0.2023,-0.0918,0.2023,
Jaro Institute,544534,JARO,Other Consumer Services,0.0824,-0.1537,0.3301,0,0,0.2988,0.1623,-0.3113,0.13,28.5,,8.4,11.83,-0.2978,0.0501,0.3576,-0.063,0.3576,424
NIIT Learning,543952,NIITMTS,Other Consumer Services,0.1969,-0.1412,0.1949,0.074,-0.0716,0.1859,0.1882,0.7239,0.19,19.25,-2.69,43.2,10.4,-0.4093,0.01,0.2154,-0.0328,0.287,515
Shanti Educat.,539921,BOM:539921,Other Consumer Services,0.1689,0.048,0.1664,0.1183,-0.0071,0.1486,0.2702,-0.3046,0.09,254.62,-359.01,376.8,156.06,-0.4465,0.753,0.1048,0.0459,0.1119,738
SIS,540673,SIS,Other Consumer Services,0.1498,0.1732,0.0448,0.0689,29.5892,0.0412,0.1223,3.342,0.67,14.34,0,26.5,7.24,-0.1685,0.1633,0.0045,-0.0745,-29.5847,2200
Veranda Learning,543514,VERANDA,Other Consumer Services,0.1972,1.5452,0.3644,-0.0535,-0.2786,-0.1413,-0.1436,-0.2603,0.42,,0,24.6,20.65,-0.197,0.2367,-0.78,-0.5435,-0.5014,2251
Career Point Edu,544499,CPEDU,Other Consumer Services,0.0923,0.4947,0.6313,0,0,0.4704,0.4734,0.3008,0,27.54,,,23.45,-0.0887,0.451,0.3873,0.3873,0.3873,LOW LIQUIDITY
MPS,532440,MPSLTD,Other Consumer Services,0.0308,0.3785,0.27,0.0076,0.0793,0.2869,0.4326,0.5208,0.01,25.26,3.19,13.9,16.06,-0.2598,0.2992,0.3046,0.0399,0.2253,LOW LIQUIDITY
Exhicon Events,543895,BOM:543895,Other Consumer Services,0.9645,1.9779,0.2763,0,0,0.2504,0.3416,0.4768,0,27.18,,8.2,18.19,-0.0604,1.5817,0.2663,0.0081,0.2663,LOW LIQUIDITY
NIIT,500304,NIITLTD,Other Consumer Services,0.157,-0.8527,-0.0112,0.0444,-0.2437,0.1261,0.0412,0.4876,0.01,39.3,-1.61,17.5,18.19,-0.5699,0,0.0437,0.0057,0.2874,LOW LIQUIDITY
Aptech,532475,APTECHT,Other Consumer Services,0.0662,0.1294,0.0566,0.0531,0.1169,0.0789,0.1811,0.5484,0.06,28.6,2.45,15.2,13.17,-0.4702,0.0127,0.0763,-0.0551,-0.0406,LOW LIQUIDITY
CL Educate,540403,CLEDUCATE,Other Consumer Services,0.55,-1.6659,0.1202,0.1495,0.0587,0.0399,-0.0071,1.3258,0.97,,0,9.5,12.34,-0.3576,0.3037,-0.0241,-0.013,-0.0828,LOW LIQUIDITY
Global Education,,GLOBAL,Other Consumer Services,0.0556,-0.3719,0.3277,0.0276,-0.2154,0.3908,0.5296,0.6209,0,18.26,-0.85,16.4,11.49,-0.21,0.7341,0.2667,-0.1358,0.4821,
E Factor Experie,,EFACTOR,Other Consumer Services,0.205,0.3616,0.1706,0,0,0.1558,0.3836,-0.6549,0.21,21.95,,7.9,15.07,-0.0383,1.5486,0.3198,-0.1762,0.3198,
Vinsys IT Serv.,,VINSYS,Other Consumer Services,0.3102,0.2821,0.2063,0,0,0.1829,0.2711,0.3366,0.15,19.46,,6.5,13.88,-0.162,0.3268,0.2588,-0.1063,0.2588,
Arihant Academy,,ARIHANTACA,Other Consumer Services,0,0,0.1374,0,0,0.1404,0.6423,1.0387,0,68.02,,7.3,38.95,-0.0493,1.4995,0,0,0,
Rajesh Power,544291,BOM:544291,Other Utilities,0,0,0.1126,0,0,0.121,0.8691,-0.1603,0.22,29.7,,18.1,20.1,-0.1287,1.2435,0.5083,0.1443,0.5083,33
EMS,543983,EMSLIMITED,Other Utilities,0.1581,0.0205,0.2265,0.0224,0.0059,0.261,0.3327,0.1288,0.09,14.46,24.35,15.2,9.7,-0.5266,0.0916,0.2069,-0.022,0.201,614
ION Exchange,500214,IONEXCHANG,Other Utilities,0.1388,-0.0277,0.0933,0.0384,0.0121,0.106,0.176,0.1061,0.33,26.99,22.33,64.3,16.35,-0.4804,0.006,0.1866,-0.0249,0.1745,775
Va Tech Wabag,533269,WABAG,Other Utilities,0.1716,0.1964,0.1302,0.0326,0.0591,0.1413,0.214,0.7807,0.17,28.47,4.81,25.3,16.72,-0.2806,0.2607,0.146,0.0078,0.0869,830
Enviro Infra,544290,EIEL,Other Utilities,0.0673,0.4454,0.2856,0.0399,0.1741,0.2773,0.2609,-0.1679,0.26,20.2,1.16,64.6,12.8,-0.3915,0.4024,0.2739,-0.244,0.0998,1324
Race Eco,537785,RACE,Other Utilities,0.8132,2.1818,0.0186,0.1267,0.0643,0.0185,0.1266,-4.3289,0.86,89.16,13.87,8.9,34.4,-0.4624,0.0496,0.083,0.0096,0.0187,1386
Denta Water,544345,DENTA,Other Utilities,0.3595,0.4106,0.3338,0.0875,0.104,0.356,0.1937,-0.9947,0,17.61,1.69,6.7,10.44,-0.1987,0.5296,0.1843,-0.266,0.0803,1630
Eco Recyc.,530643,BOM:530643,Other Utilities,-0.1895,-0.0238,0.5476,-0.0491,-0.6472,0.7526,0.3809,0.5509,0.05,49.93,-0.77,25,35.05,-0.4354,0.1748,0.8405,0.5615,1.4877,LOW LIQUIDITY
VVIP Infratech,544219,BOM:544219,Other Utilities,0.2301,1.1042,0.1767,0,0,0.2129,0.2234,-0.8162,0.48,10.35,,4.7,5.14,-0.4385,0.4657,0.2334,0.0292,0.2334,LOW LIQUIDITY
JITF Infra Logis,540311,JITFINFRA,Other Utilities,0.1832,-71.1447,0.2362,0.0376,-2.4027,0.1685,-0.0145,0.4962,,,0,-3.9,8.17,-0.6954,0.184,0,0,2.4027,LOW LIQUIDITY
Antony Waste han,543254,AWHCL,Other Utilities,0.1646,0.129,0.1938,0.0608,-0.0127,0.1588,0.1151,1.2577,0.77,20.89,-16.41,6.2,7.71,-0.3928,0.1053,0.1134,-0.0494,0.1261,LOW LIQUIDITY
Concord Enviro,544315,CEWATER,Other Utilities,-0.0033,2.9922,-0.0116,-0.0006,0.2484,0.1544,0.1618,0.055,0.25,15.24,0.61,3.8,9.73,-0.4493,0.1578,0.1203,-0.0169,-0.1281,LOW LIQUIDITY
Effwa Infra,,EFFWA,Other Utilities,0.108,0.2231,0.1828,0,0,0.1609,0.2782,-1.0487,0.31,27.05,,13.3,18.24,-0.139,0.5927,0.3044,-0.1529,0.3044,
Z-Tech (India),,ZTECH,Other Utilities,0.5804,2.363,0.3675,0,0,0.2927,0.1681,-3.3069,0.01,40.56,,6.9,28.8,-0.2204,0.7463,0.2093,-0.3264,0.2093,
Namo eWaste,,NAMOEWASTE,Other Utilities,0.4242,-0.2679,0.0845,0,0,0.104,0.1471,-1.2498,0.02,49.75,,10.9,29.7,-0.3504,0.4528,0.1366,-0.0914,0.1366,
Hi-Green Carbon,,HIGREEN,Other Utilities,0.6478,0.1434,0.1982,0,0,0.1434,0.1314,0.8911,0.55,46.11,,13.4,25.32,-0.4566,0.0109,0.1238,-0.0806,0.1238,
JK Paper,532162,JKPAPER,"Paper, Forest & Jute Products",0.039,-0.4183,0.1281,0.0039,-0.1928,0.0886,0.0566,0.9497,0.39,21.39,-1.11,19.7,8.92,-0.2338,0.363,0.0704,-0.1632,0.2632,1679
A B Real Estate,500040,ABREL,"Paper, Forest & Jute Products",-0.6327,-54.1358,-0.7539,-0.3087,0.6136,-0.2177,-0.0136,104.3097,1.45,,0,60,-208.24,-0.3906,0.1623,-0.0245,-0.0373,-0.6381,2163
T N Newsprint,531426,TNPL,"Paper, Forest & Jute Products",0.215,2.1274,0.1109,0.0494,6.021,0.0365,-0.0098,2.7136,0.9,,0,3.5,6.04,-0.2996,0.3207,-0.0014,-0.1057,-6.0224,2219
Ruchira Papers,532785,RUCHIRA,"Paper, Forest & Jute Products",0.0262,0.1488,0.1628,0.0065,0.0327,0.1445,0.2073,0.9725,0.18,5.61,1.72,2.5,4.21,-0.2442,0.2254,0.1529,0.0291,0.1202,LOW LIQUIDITY
Ludlow Jute,526179,BOM:526179,"Paper, Forest & Jute Products",0.5156,1.6433,0.1,0.1278,-1.0852,0.044,0.0054,3.2679,0.88,474.48,-4.37,2.7,23.49,-0.2856,1.8321,-0.0634,0.0099,1.0218,LOW LIQUIDITY
Pakka,516030,PAKKA,"Paper, Forest & Jute Products",-0.1531,-1.1787,0.0723,-0.0365,-0.3003,0.1144,0.0667,0.1826,0.46,22.85,-0.76,6.2,12.42,-0.6167,0.022,0.112,-0.0674,0.4123,LOW LIQUIDITY
Kuantum Papers,532937,KUANTUM,"Paper, Forest & Jute Products",-0.206,-0.6842,0.1812,-0.0522,-0.2433,0.1538,0.0611,0.8896,0.54,10.03,-0.41,6.4,7,-0.3081,0.0753,0.1007,-0.0874,0.344,LOW LIQUIDITY
Satia Industries,539201,SATIA,"Paper, Forest & Jute Products",-0.0712,-0.3811,0.1705,-0.0141,-0.1578,0.0621,0.094,2.1768,0.23,7.61,-0.48,7.2,3.76,-0.3505,0.1724,0.1189,-0.1346,0.2767,LOW LIQUIDITY
Gloster Ltd,542351,GLOSTERLTD,"Paper, Forest & Jute Products",1.2489,1.355,0.0983,0.231,-0.868,0.053,0.0118,-4.3117,0.53,,0,0.7,12.69,-0.2202,0.2321,-0.0131,-0.0353,0.8549,LOW LIQUIDITY
Orient Paper,502420,ORIENTPPR,"Paper, Forest & Jute Products",0.0002,6.2944,0.0059,0.0001,-0.7064,-0.0715,-0.01,0.2435,0.26,,0,7.4,-82.65,-0.4375,0.2047,-0.0308,-0.0329,0.6756,LOW LIQUIDITY
West Coast Paper,500444,WSTCSTPAPR,"Paper, Forest & Jute Products",-0.0059,-0.5223,0.1157,-0.0014,-0.2122,0.1007,0.1204,0.2009,0.13,11.94,-0.56,5.7,5.45,-0.2878,0.1906,0.0949,-0.1433,0.3071,LOW LIQUIDITY
Pudumjee Paper,539785,PDMJEPAPER,"Paper, Forest & Jute Products",-0.0315,0.3145,0.1714,-0.0079,0.1603,0.1782,0.2694,0.6632,0.02,10.55,0.66,17.9,6.9,-0.5002,0.2852,0.1674,-0.0417,0.0071,LOW LIQUIDITY
Seshasayee Paper,502450,SESHAPAPER,"Paper, Forest & Jute Products",-0.1309,-0.2129,0.0759,-0.0507,-0.2531,0.0643,0.0568,-0.4349,0.04,20.07,-0.79,5.1,7.68,-0.2772,0.0536,0.056,-0.0967,0.3091,LOW LIQUIDITY
Emami Paper,533208,EMAMIPAP,"Paper, Forest & Jute Products",-0.0898,-0.1331,0.0805,-0.0459,-0.2596,0.05,0.024,0.4693,1.39,31.72,-1.22,6.1,9.61,-0.2423,0.2444,0.048,-0.1226,0.3076,LOW LIQUIDITY
Shreyans Inds.,516016,SHREYANIND,"Paper, Forest & Jute Products",0.1333,0.2362,0.1034,0.0293,0.0546,0.119,0.3131,0.6196,0.11,5.71,1.05,1,3.81,-0.175,0.3573,0.1263,-0.129,0.0717,LOW LIQUIDITY
Genus Paper & Bo,538961,GENUSPAPER,"Paper, Forest & Jute Products",0.2115,-0.0318,0.079,0.0517,-0.0307,0.0465,0.0041,0.9886,0.87,144.87,-47.16,21.5,11.33,-0.3574,0.0907,0.0061,-0.0013,0.0368,LOW LIQUIDITY
Cheviot Company,526817,CHEVIOT,"Paper, Forest & Jute Products",0.2639,0.0826,0.1661,0.0569,0.2112,0.1731,0.2122,0.4045,0.01,11.19,0.53,0.6,7.63,-0.2283,0.1447,0.0775,-0.0261,-0.1337,LOW LIQUIDITY
Andhra Paper,502330,ANDHRAPAP,"Paper, Forest & Jute Products",0.2454,-0.2301,0.0854,0.0503,0.4036,0.0813,0.0915,-0.581,0.15,18.63,0.46,15.8,8.06,-0.284,0.1877,0.0307,-0.1603,-0.3729,LOW LIQUIDITY
N R Agarwal Inds,516082,NRAIL,"Paper, Forest & Jute Products",0.3031,3.8676,0.0365,0.0634,0.7054,0.0471,0.0187,2.2727,0.83,25.5,0.36,1.7,9.56,-0.0744,1.244,0.0235,-0.1594,-0.6819,LOW LIQUIDITY
Shree Rama News.,500356,RAMANEWS,"Paper, Forest & Jute Products",-0.1935,-0.1079,0.1101,-0.0499,0.0269,0.1612,-0.106,1.221,3.95,,0,-439,71.55,-0.3678,0.9882,-0.7331,-0.4502,-0.76,LOW LIQUIDITY
Nikita Greentech Recycling,,NIKITA,"Paper, Forest & Jute Products",0.1085,0.3231,0.1232,0,0,0.1361,0.2122,-0.4034,2.14,13.19,,,8.79,-0.2058,0.5956,0.2486,-0.0064,0.2486,
Colgate-Palmoliv,500830,COLPAL,Personal Products,-0.0615,-0.171,0.3063,-0.0269,-0.077,0.3043,1.4871,0.7211,0.04,44.48,-5.78,1013.5,29.69,-0.304,0.0079,0.8119,0.0667,0.8889,34
Emami,531162,EMAMILTD,Personal Products,-0.0022,0.0761,0.2346,-0.0005,0.0546,0.2395,0.5956,1.0359,0.03,28.42,5.21,376.8,21.17,-0.2826,0.0498,0.3018,0.0023,0.2472,212
P & G Hygiene,500459,PGHH,Personal Products,0.0057,1.3694,0.2841,0.2777,0.3014,0.2647,3.1206,0.6766,0,51.95,1.72,189.6,36.01,-0.1838,0.0956,0.7567,-0.0496,0.4553,287
Gillette India,507815,GILLETTE,Personal Products,0.0371,0.08,0.2562,0.3292,0.371,0.2618,0.7552,0.5813,0,49.21,1.33,79.2,32.06,-0.2464,0.1698,0.4162,0.0313,0.0452,296
Godrej Consumer,532424,GODREJCP,Personal Products,0.0433,-0.0286,0.1917,0.034,0.0062,0.2012,0.2011,0.8428,0.34,61.79,100.18,978.1,36.75,-0.135,0.1604,0.1521,0.0467,0.1459,367
Dabur India,500096,DABUR,Personal Products,0.0537,0.0648,0.1842,0.0174,0.0276,0.1927,0.54,0.8237,0.09,50.82,18.44,1509.1,31.65,-0.1014,0.2344,0.1704,-0.0251,0.1428,970
Bajaj Consumer,533229,BAJAJCON,Personal Products,0.0844,0.0218,0.1518,0.0215,0.0171,0.1564,0.4405,0.4291,0.01,34.5,20.17,83,25.78,0,1.0162,0.157,-0.0314,0.1399,1127
Honasa Consumer,544014,HONASA,Personal Products,0.0737,0.016,0.0711,0.0689,0.1106,0.0526,0.2347,0.8271,0.09,126.69,11.45,244.2,62.39,-0.2977,0.4584,0.0551,0.0551,-0.0555,1360
Cupid,530843,CUPID,Personal Products,0.4707,0.8184,0.3309,0.2234,0.1487,0.2962,0.2599,-0.1932,0.06,138.17,9.29,516.6,91.73,-0.038,3.907,0.1289,-0.0412,-0.0198,1769
Anondita Medi.,,ANONDITA,Personal Products,0,0,,0,0,0.3234,0.4471,-0.4205,0.72,69.26,,,43.41,-0.0382,1.3114,0,0,0,
Castrol India,500870,CASTROLIND,Petroleum Products,0.0579,0.0982,0.2369,0.0504,0.0613,0.2361,1.1093,0.8304,0.04,19.27,3.14,1025.7,12.61,-0.2433,0.1728,0.4183,-0.0071,0.357,197
Gulf Oil Lubric.,538567,GULFOILLUB,Petroleum Products,0.1265,0.0319,0.1238,0.0615,0.0636,0.144,0.3438,0.8374,0.29,16.19,2.55,18,9.12,-0.0807,0.344,0.2546,0.0073,0.191,250
Reliance Industr,500325,RELIANCE,Petroleum Products,0.0997,0.0967,0.1802,0.0382,0.1151,0.1413,0.0655,1.3866,0.43,26.42,2.3,3119.1,11.65,-0.0366,0.3403,0.084,-0.0068,-0.0311,1733
B P C L,500547,BPCL,Petroleum Products,0.021,1.683,0.093,0.0037,0.5838,0.0729,0.2717,1.0706,0.56,7.48,0.13,743.4,5.02,-0.0211,0.5854,0.1731,-0.2452,-0.4107,1995
H P C L,500104,HINDPETRO,Petroleum Products,0.009,26.0505,0.0679,-0.005,1.0643,0.0506,0.2856,1.1491,1.38,7.25,0.07,420.1,6.07,-0.0342,0.6505,0.1376,-0.2662,-0.9267,2099
C P C L,500110,CHENNPETRO,Petroleum Products,0.3509,2.1349,0.0701,0.0395,4.4641,0.0287,0.1402,2.7416,0.22,12.99,0.03,25.6,7.14,0,1.3484,0.0251,-0.3338,-4.439,2218
M R P L,500109,MRPL,Petroleum Products,-0.0929,1.9002,0.0657,-0.0867,16.702,0.0302,0.0539,1.6463,0.81,29.7,0.02,405.3,10.14,-0.0255,0.7767,0.0045,-0.3148,-16.6975,2242
Veedol Corporat,590005,VEEDOL,Petroleum Products,0.0726,0.3385,0.1144,0.0173,0.0907,0.1125,0.2458,0.142,0.02,16.11,1.78,5.8,11.7,-0.154,0.3616,0.1975,0.0178,0.1068,LOW LIQUIDITY
Rajasthan Gases,526873,BOM:526873,Petroleum Products,0,138.1429,0.9837,,-105.25,0.984,-63.2143,-14.25,0,19.58,0,70,18.37,-0.4423,0.3199,-0.0049,0.0223,105.2451,LOW LIQUIDITY
Panama Petrochem,524820,PANAMAPET,Petroleum Products,0.0335,-0.1505,0.0791,0.008,-0.0403,0.0842,0.1716,0.6576,0.03,9.15,-2.27,7.9,5.97,-0.348,0.024,0.1586,-0.0283,0.1989,LOW LIQUIDITY
Gandhar Oil Ref.,544029,GANDHAR,Petroleum Products,-0.0923,-0.1492,0.0509,-0.0236,-0.0578,0.0381,0.0678,0.09,0.25,17.14,-2.96,10.2,8.41,-0.46,0.0292,0.0665,-0.0803,0.1243,LOW LIQUIDITY
Savita Oil Tech,524667,SOTL,Petroleum Products,0.1859,0.3725,0.0477,0.0533,0.512,0.0549,0.1338,0.3838,0,17.75,0.35,10.7,10.6,-0.3636,0.3254,0.061,-0.0632,-0.451,LOW LIQUIDITY
I O C L,530965,IOC,Petroleum Products,0.0209,13.8814,0.0909,0.0028,1.0245,0.0539,0.1353,1.4202,0.74,9.72,0.09,1694.7,6.58,-0.0156,0.5128,0.0651,-0.1915,-0.9594,LOW LIQUIDITY
Glaxosmi. Pharma,500660,GLAXO,Pharmaceuticals & Biotechnology,-0.0116,0.1244,0.312,-0.0025,0.0835,0.3439,1.8749,1.0854,0.01,46.76,5.6,384.4,31.72,-0.2565,0.3607,0.4687,0.0955,0.3852,64
Natco Pharma,524816,NATCOPHARM,Pharmaceuticals & Biotechnology,-0.0247,-0.2809,0.4297,-0.0076,-0.0991,0.4735,0.3041,0.7333,0.04,8.56,-0.86,34.2,5.43,-0.4606,0.2298,0.28,0.0208,0.3791,127
Abbott India,500488,ABBOTINDIA,Pharmaceuticals & Biotechnology,0.116,0.1154,0.2563,0.0282,0.0264,0.297,0.5256,0.5328,0.05,42.86,16.23,31.2,29.95,-0.2084,0.1595,0.3568,0.008,0.3304,152
Supriya Lifesci.,543434,SUPRIYA,Pharmaceuticals & Biotechnology,-0.0969,-0.2207,0.3564,-0.0223,-0.0525,0.3495,0.2413,0.6579,0.01,35.31,-6.72,50.8,23.88,-0.0723,0.4046,0.2075,0.0502,0.26,159
Torrent Pharma.,500420,TORNTPHARM,Pharmaceuticals & Biotechnology,0.1116,0.1991,0.3247,0.0277,0.0541,0.2545,0.2943,0.8819,0.42,59.5,10.99,535.8,32.22,-0.0631,0.2302,0.2652,0.0229,0.2111,183
Blue Jet Health,544009,BLUEJET,Pharmaceuticals & Biotechnology,-0.2054,-0.1064,0.3321,0.1447,0.178,0.4043,0.3876,0.1149,0.02,28,1.57,136.3,19.46,-0.4466,0.1573,0.3024,0.0781,0.1244,188
RPG LifeScience.,532983,RPGLIFE,Pharmaceuticals & Biotechnology,0.055,0.3823,0.2148,0.0198,-0.0356,0.2192,0.2934,0.5245,0,35.95,-10.09,12,23.16,-0.1274,0.3668,0.2553,0.0007,0.2909,210
Akums Drugs,544222,AKUMS,Pharmaceuticals & Biotechnology,0.0048,0.055,0.126,0.0012,0.0208,0.0925,0.1415,1.2942,0.03,21.98,10.57,37.4,12.56,-0.4355,0.1359,0.1719,0.2009,0.1511,224
Ajanta Pharma,532331,AJANTPHARM,Pharmaceuticals & Biotechnology,0.1408,0.2019,0.2422,0.0699,0.0625,0.2557,0.3015,0.9609,0.06,32.65,5.22,92.1,22.33,-0.1904,0.2592,0.2491,0.0168,0.1866,228
Glenmark Pharma.,532296,GLENMARK,Pharmaceuticals & Biotechnology,0.0062,-0.2349,0.1778,0.0015,0.0113,0.1465,0.1939,-0.4182,0.28,38.4,34.08,163.2,21.18,-0.2067,0.4227,0.1579,0.6744,0.1466,240
Beta Drugs Ltd,,BETA,Pharmaceuticals & Biotechnology,0.1787,0.2886,0.1966,0,0,0.1891,0.1915,0.5274,0.7,38.7,,9.1,21.75,-0.2078,0.2277,0.2586,-0.0017,0.2586,250
Sanofi India,500674,SANOFI,Pharmaceuticals & Biotechnology,-0.0927,0.1554,0.2823,-0.0401,-0.165,0.2612,0.7305,0.9811,0.03,29.38,-1.78,31.9,19.47,-0.299,0.1358,0.4715,-0.0428,0.6365,252
Anthem Bioscienc,544449,ANTHEM,Pharmaceuticals & Biotechnology,0.5955,0.6483,0.3545,0,0,0.362,0.3174,0.6265,0.05,76.99,,,51.09,-0.2074,0.0027,0.2083,0.0078,0.2083,278
Zydus Lifesci.,532321,ZYDUSLIFE,Pharmaceuticals & Biotechnology,0.059,0.033,0.3177,0.0158,0.0028,0.2747,0.331,1.0626,0.13,20.87,75.48,408.2,13.12,-0.0881,0.2148,0.2121,0.0054,0.2093,289
P & G Health Ltd,500126,PGHL,Pharmaceuticals & Biotechnology,0.0367,0.0754,0.3702,0.3749,0.3083,0.3181,0.7655,0.5404,0.01,32.08,1.04,26.4,22.19,-0.1201,0.2092,0.3642,0.0293,0.0559,304
Concord Biotech,543960,CONCORDBIO,Pharmaceuticals & Biotechnology,-0.0547,-0.2606,0.301,-0.0098,0.0029,0.399,0.3174,0.5163,0,41.97,144.69,86.3,28.04,-0.4173,0.0622,0.2127,0.0014,0.2098,314
Jeena Sikho,544476,JSLL,Pharmaceuticals & Biotechnology,0.7422,2.1791,0.4521,0,0,0.2552,0.4562,0.5734,0.04,79.28,,445.5,76.07,-0.0741,1.8109,0.3793,-0.0475,0.3793,342
Lupin,500257,LUPIN,Pharmaceuticals & Biotechnology,0.1193,0.5213,0.2755,0.0294,0.1391,0.2035,0.2905,0.7035,0.32,24.29,1.75,238.6,15.43,-0.1811,0.1094,0.2062,0.0648,0.0671,346
Marksans Pharma,524404,MARKSANS,Pharmaceuticals & Biotechnology,0.0497,-0.3429,0.1615,0.0112,-0.0788,0.1792,0.1712,0.4013,0.13,24.06,-3.05,154.8,14.33,-0.4816,0.1478,0.1677,0.0031,0.2465,364
Jubilant Pharmo,530019,JUBLPHARMA,Pharmaceuticals & Biotechnology,0.1222,0.0981,0.1736,0.053,-0.1094,0.1203,0.0652,1.2446,0.44,36.86,-3.37,44.3,15.75,-0.1222,0.4337,0.0955,0.0871,0.2049,420
Wockhardt,532300,WOCKPHARMA,Pharmaceuticals & Biotechnology,-0.0334,4.5455,0.2276,-0.0093,-2.1674,0.0968,0.0106,-0.0924,0.54,398.15,-1.84,77.7,47.56,-0.2811,0.2115,-0.0122,0.1088,2.1552,433
Aarti Pharma,543748,AARTIPHARM,Pharmaceuticals & Biotechnology,-0.3048,-0.1073,0.242,-0.08,-0.0218,0.196,0.1562,0.8555,0.21,28.68,-13.15,34.8,17.09,-0.1322,0.5322,0.1454,0.0148,0.1672,502
J B Chemicals &,506943,JBCHEPHARM,Pharmaceuticals & Biotechnology,0.0891,0.1445,0.275,0.0229,0.0713,0.2312,0.2984,1.0348,0.01,38.65,5.42,120,23.99,-0.1339,0.2975,0.2012,0.001,0.1299,530
Cipla,500087,CIPLA,Pharmaceuticals & Biotechnology,0.0764,0.0373,0.2497,0.0291,0.0574,0.2504,0.2342,0.7455,0.01,22.33,3.89,298.1,14.71,-0.101,0.1481,0.1777,0.0098,0.1203,545
Sun Pharma.Inds.,524715,SUNPHARMA,Pharmaceuticals & Biotechnology,0.0893,0.0256,0.3127,0.0454,0.0079,0.2882,0.2113,0.9587,0.07,34.72,44.19,1236,21.21,-0.1252,0.0799,0.1686,0.0017,0.1607,546
Divi's Lab.,532488,DIVISLAB,Pharmaceuticals & Biotechnology,0.1379,0.2674,0.3025,0.0312,0.0528,0.316,0.2065,0.5665,0,78.18,14.8,319.8,50.94,-0.0403,0.3745,0.1535,0.0318,0.1007,550
Hikal,524735,HIKAL,Pharmaceuticals & Biotechnology,-0.0649,-5.3922,0.066,-0.0142,-0.3,0.0867,0.0543,1.4126,0.61,46.63,-1.55,28.8,12.29,-0.485,0.0288,0.0738,0.0142,0.3738,552
Alkem Lab,539523,ALKEM,Pharmaceuticals & Biotechnology,0.1119,0.1992,0.2192,0.0262,0.0519,0.2096,0.301,0.7234,0.12,29.73,5.73,67.4,21.39,-0.0515,0.2588,0.1939,-0.0017,0.142,592
Morepen Labs.,500288,MOREPENLAB,Pharmaceuticals & Biotechnology,-0.0659,-0.7028,0.0568,-0.0165,-0.2153,0.075,0.1067,0.1961,0.09,28.03,-1.3,123.1,15.98,-0.4832,0.1375,0.1178,-0.0024,0.3331,594
Dishman Carbogen,540701,DCAL,Pharmaceuticals & Biotechnology,-0.1729,0.8881,0.2281,0.0177,-9.1778,0.1132,0.0228,1.9168,0.4,28.04,-0.03,10.3,9.76,-0.1693,0.511,-0.0032,0.0232,9.1746,607
OneSource Speci.,544292,ONESOURCE,Pharmaceuticals & Biotechnology,0.1197,2.6776,0.2704,0.0242,-0.1482,0.1596,0.0151,-0.3226,0.13,230.6,-15.56,40.1,41.38,-0.2001,0.5472,0.0334,0.4896,0.1816,629
Astrazeneca Phar,506820,ASTRAZEN,Pharmaceuticals & Biotechnology,0.3581,0.6014,0.1541,0.0809,0.2074,0.1552,0.4027,0.257,0.05,111.23,5.36,76.3,67.6,-0.1199,0.5127,0.2363,0.0071,0.0289,640
Piramal Pharma,543635,PPLPHARMA,Pharmaceuticals & Biotechnology,-0.0883,-5.3922,0.0776,-0.0235,-1.3997,0.0637,0.0197,1.0806,0.6,,0,450.4,22.49,-0.3211,0.1411,0.0111,0.0089,1.4108,687
Caplin Point Lab,524742,CAPLIPOINT,Pharmaceuticals & Biotechnology,0.1054,0.1808,0.3542,0.0527,0.0981,0.3628,0.2601,0.6384,0,26.29,2.68,37.2,18.35,-0.2294,0.3121,0.2266,-0.0157,0.1285,717
Granules India,532482,GRANULES,Pharmaceuticals & Biotechnology,0.0256,-0.0218,0.2039,0.0067,-0.0075,0.1592,0.1622,1.1788,0.39,28.48,-37.85,88.9,15.08,-0.1066,0.3616,0.1386,0.0043,0.1461,738
Pfizer,500680,PFIZER,Pharmaceuticals & Biotechnology,0.0714,0.2723,0.3483,0.0176,0.0549,0.3919,0.2592,0.7732,0.01,34.58,6.3,25.4,21.25,-0.1471,0.3811,0.164,0.003,0.1091,738
Emcure Pharma,544210,EMCURE,Pharmaceuticals & Biotechnology,0.1572,0.4528,0.1984,0.0361,0.0999,0.1482,0.2062,0.7393,0.23,34.64,3.47,111,16.8,-0.0986,0.5462,0.1851,0.0005,0.0852,744
Guj. Themis Bio.,506879,GUJTHEM,Pharmaceuticals & Biotechnology,-0.0762,-0.3157,0.3881,-0.0196,-0.0855,0.4067,0.2294,1.3813,0.12,109.91,-12.85,215.1,74.13,-0.0614,1.3395,0.2169,-0.1207,0.3024,791
Ipca Labs.,524494,IPCALAB,Pharmaceuticals & Biotechnology,0.1033,0.2131,0.1804,0.0291,0.0566,0.159,0.1658,0.9491,0.2,36.61,6.46,119.6,18.22,-0.2652,0.1055,0.1275,0.03,0.0709,794
Alivus Life,543322,ALIVUS,Pharmaceuticals & Biotechnology,0.0225,0.0902,0.2863,0.0055,0.0298,0.2792,0.2698,0.6016,0.02,22.26,7.46,48,15.02,-0.2862,0.0872,0.1869,-0.024,0.1571,819
Biocon,532523,BIOCON,Pharmaceuticals & Biotechnology,0.1483,-0.951,0.19,0.0334,-0.6333,0.1085,0.0141,1.484,0.85,141.35,-2.23,283.8,18.97,-0.0575,0.3159,0.0476,-0.0049,0.6809,839
Acutaas Chemical,543349,ACUTAAS,Pharmaceuticals & Biotechnology,0.241,0.9352,0.3113,0.0894,0.4112,0.2762,0.2236,0.5322,0.01,64.61,1.57,90.5,42.73,-0.054,0.9235,0.16,0.0663,-0.2512,884
Sigachi Indust.,543389,SIGACHI,Pharmaceuticals & Biotechnology,-0.1155,-0.7094,0.0681,0.0371,-0.1265,0.1693,0.1311,0.2572,0.29,22.51,-1.78,102.9,13.76,-0.3996,0.1727,0.135,-0.0288,0.2615,895
SPARC,532872,SPARC,Pharmaceuticals & Biotechnology,-0.4265,0.4627,-5.4284,-0.0999,-0.1299,-4.4248,1.5097,1.0775,0.45,,0,-642.6,-16.84,-0.4413,0.2331,0,1.2192,0.1299,928
Neuland Labs.,524558,NEULANDLAB,Pharmaceuticals & Biotechnology,-0.3341,-0.8311,0.1178,-0.0994,-0.3671,0.1417,0.1143,1.1115,0.1,169.54,-4.62,18.8,86.22,-0.0379,0.7311,0.1483,-0.1156,0.5154,943
FDC,531599,FDC,Pharmaceuticals & Biotechnology,-0.0794,-0.6062,0.0715,-0.0146,-0.1298,0.1477,0.1709,0.9038,0.01,29.56,-2.28,44.7,18.19,-0.24,0.1412,0.1183,-0.0234,0.2481,980
SMS Pharma.,532815,SMSPHARMA,Pharmaceuticals & Biotechnology,0.1922,0.1151,0.1982,0.0404,0.0276,0.1414,0.1123,0.7306,0.46,37.43,13.54,34.6,19.22,-0.1192,0.6046,0.11,0.0173,0.0824,981
Dr Reddy's Labs,500124,DRREDDY,Pharmaceuticals & Biotechnology,0.0983,0.0728,0.2277,0.051,0.0401,0.2288,0.2241,0.5944,0.16,17.29,4.31,231.1,10.61,-0.1502,0.1713,0.1796,-0.0343,0.1395,1020
Themis Medicare,530199,THEMISMED,Pharmaceuticals & Biotechnology,-0.2066,-1.5762,-0.1047,-0.0627,-1.3041,0.0116,-0.0222,0.6982,0.21,,0,25,80.43,-0.6246,0.2143,0.0765,-0.0449,1.3806,1051
Bajaj Healthcare,539872,BAJAJHCARE,Pharmaceuticals & Biotechnology,0.1114,0.4928,0.1822,0.0579,0.2856,0.1328,0.1151,0.2906,0.49,27.99,0.98,9.3,16.03,-0.3911,0.2608,0.1069,0.2292,-0.1787,1056
Orchid Pharma,524372,ORCHPHARMA,Pharmaceuticals & Biotechnology,-0.2925,-0.492,0.082,-0.0775,-0.1476,0.1123,0.069,0.1735,0.14,47.13,-3.19,16.1,30.78,-0.6039,0.3107,0.0821,-0.0173,0.2297,1165
Aurobindo Pharma,524804,AUROPHARMA,Pharmaceuticals & Biotechnology,0.0628,0.038,0.2025,0.0249,-0.0119,0.1674,0.1564,0.7149,0.22,19.37,-16.32,110.9,9.13,-0.1912,0.1385,0.1108,-0.0047,0.1227,1173
Sai Life,544306,SAILIFE,Pharmaceuticals & Biotechnology,0.7747,5.4785,0.2436,0.1279,0.4234,0.2061,0.1234,1.0201,0.17,78.93,1.86,188.7,35.53,-0.0267,0.4447,0.1105,0.0216,-0.3129,1423
Aarti Drugs,524348,AARTIDRUGS,Pharmaceuticals & Biotechnology,0.0633,0.6218,0.1255,0.0147,0.1229,0.1051,0.1269,0.9752,0.45,24.14,1.96,30.6,16.58,-0.1373,0.5897,0.1269,-0.0118,0.004,1504
Panacea Biotec,531349,PANACEABIO,Pharmaceuticals & Biotechnology,0.4405,0.7479,-0.0071,0.0912,-0.3403,-0.041,-0.0313,0.6998,0.03,,0,18.5,258.81,-0.2915,0.4667,-0.0492,-0.0217,0.2911,1550
Sequent Scien.,512529,SEQUENT,Pharmaceuticals & Biotechnology,0.1312,1.2707,0.1182,0.033,0.3838,0.0765,0.0759,0.8025,0.68,178.74,4.66,191.7,30.91,-0.0751,0.9306,0.0321,0.0722,-0.3517,1611
Advanced Enzyme,540025,ADVENZYMES,Pharmaceuticals & Biotechnology,0.2031,0.1693,0.3035,0.0493,0.0453,0.2948,0.1884,0.7431,0.03,25.24,5.57,27.2,14.43,-0.3941,0.1968,0.0954,-0.017,0.0501,1633
Mankind Pharma,543904,MANKIND,Pharmaceuticals & Biotechnology,0.245,-0.176,0.2372,0.0588,0.0872,0.2308,0.1263,0.919,0.59,51.05,5.85,277.9,28.05,-0.2344,0.1058,0.1468,-0.0685,0.0596,1644
ERIS Lifescience,540596,ERIS,Pharmaceuticals & Biotechnology,0.074,0.4163,0.358,0.0184,0.1051,0.2562,0.1017,1.4831,0.87,56,5.33,103.5,22.5,-0.1664,0.4511,0.1288,-0.034,0.0237,1649
Laurus Labs,540222,LAURUSLABS,Pharmaceuticals & Biotechnology,0.3512,8.8271,0.2439,0.1448,1.139,0.1797,0.1633,0.9353,0.46,77.79,0.68,597.6,34.67,-0.0091,1.0789,0.0745,0.0348,-1.0645,1651
Alembic Pharma,533573,APLLTD,Pharmaceuticals & Biotechnology,0.1591,0.288,0.1653,0.0616,0.1144,0.124,0.1393,0.1144,0.28,28.22,2.47,66.2,16.5,-0.2097,0.2561,0.1138,-0.0196,-0.0006,1677
Solara Active,541540,SOLARA,Pharmaceuticals & Biotechnology,-0.0963,-2.2609,0.1108,-0.0606,10.8704,0.0886,0.0046,1.845,0.51,391.4,0.36,7.2,15.47,-0.3645,0.2764,0.0005,0.3358,-10.8699,1748
Shilpa Medicare,530549,SHILPAMED,Pharmaceuticals & Biotechnology,0.099,2.335,0.2828,0.0271,0.4594,0.1839,0.0739,0.5945,0.25,55.84,1.22,59.2,21.7,-0.2681,0.3842,0.0421,0.025,-0.4173,1761
Senores Pharma.,544319,SENORES,Pharmaceuticals & Biotechnology,0.7165,0.8388,0.2476,0,0,0.2313,0.0776,-0.4985,0.4,54.56,,21.6,33.16,-0.0218,0.8378,0.1182,-0.1339,0.1182,1774
Cohance Life,543064,COHANCE,Pharmaceuticals & Biotechnology,0.1255,-0.2752,0.2039,0.6321,0.4817,0.2468,0.2048,0.9136,0.16,79.07,1.64,417.3,45.24,-0.4654,0.0028,0.1267,-0.0144,-0.355,1784
IOL Chemicals,524164,IOLCP,Pharmaceuticals & Biotechnology,0.0982,0.1442,0.1127,0.0237,0.041,0.0757,0.0761,1.1691,0.07,25.38,6.18,46.5,10.95,-0.2806,0.5847,0.0613,-0.0255,0.0203,1893
Bliss GVS Pharma,506197,BLISSGVS,Pharmaceuticals & Biotechnology,0.1298,1.0792,0.1992,0.0294,0.265,0.2048,0.146,0.7918,0.08,15.1,0.57,16.2,7.38,-0.2009,0.4526,0.0836,-0.0183,-0.1814,1931
Zota Health Care,,ZOTA,Pharmaceuticals & Biotechnology,0.9166,-0.3182,0.049,0.377,0.0966,-0.1198,-0.152,1.0662,0.57,,0,44.8,452.5,-0.0557,1.8729,-0.3596,-0.1911,-0.4562,2240
Strides Pharma,532531,STAR,Pharmaceuticals & Biotechnology,0.0462,0.7967,0.1888,0.0261,-0.8767,0.1576,0.1776,1.0301,0.67,20.3,-0.23,29.5,11.27,-0.0653,0.8674,1.5067,1.4636,2.3834,LOW LIQUIDITY
Sanofi Consumer,544250,SANOFICONR,Pharmaceuticals & Biotechnology,0.2821,0.2299,0.3178,-0.0006,-0.0175,0.3755,0.9733,1.5729,0.11,55.24,-31.51,98,38.45,-0.2027,0.0887,0.8381,0.8381,0.8556,LOW LIQUIDITY
Wanbury,524212,WANBURY,Pharmaceuticals & Biotechnology,0.2446,11.9712,0.1498,0.0506,0.2883,0.1255,0.2174,0.3726,3.02,20.95,0.73,49.7,11.5,-0.2182,0.6752,0.7652,0.7652,0.4769,LOW LIQUIDITY
Fermenta Biotec.,506414,BOM:506414,Pharmaceuticals & Biotechnology,0.744,4.7509,0.2073,0.1286,0.2896,0.2485,0.3325,0.3969,0.32,7.87,0.27,6.7,5.6,-0.3764,0.2785,0.2488,0.3047,-0.0408,LOW LIQUIDITY
SMS Lifesciences,540679,SMSLIFE,Pharmaceuticals & Biotechnology,-0.1086,-0.4057,0.1419,-0.0292,-0.1404,0.0919,0.1047,0.9751,0.44,21.09,-1.5,0.6,9.79,-0.2827,0.2604,0.1076,0.055,0.248,LOW LIQUIDITY
Jagsonpal Pharma,507789,JAGSNPHARM,Pharmaceuticals & Biotechnology,-0.0029,0.0969,0.2208,0.0519,0.102,0.2006,0.2322,1.0816,0.03,33.28,3.26,38.4,19.73,-0.335,0.1312,0.1858,0.0561,0.0838,LOW LIQUIDITY
Jenburkt Pharma,524731,BOM:524731,Pharmaceuticals & Biotechnology,0.1053,0.0583,0.2878,0.0484,0.0486,0.2912,0.5044,0.6406,0.01,16.45,3.38,1.3,10.84,-0.1277,0.3131,0.1987,0.0046,0.1501,LOW LIQUIDITY
Amanta Healthcar,544502,AMANTA,Pharmaceuticals & Biotechnology,-0.041,10.75,0.2281,0,0,0.1557,0.0574,1.0903,2.12,32.39,,,10.93,-0.2218,0.0084,0.1299,0.0735,0.1299,LOW LIQUIDITY
Brooks Lab.,533543,BROOKS,Pharmaceuticals & Biotechnology,0.4228,4.9751,0.1227,0.0918,-1.2032,0.0374,0.0883,-0.2995,0.08,153.24,-1.27,9.3,63.99,-0.4793,0.1052,-0.1221,0.1588,1.0811,LOW LIQUIDITY
Lyka Labs,500259,LYKALABS,Pharmaceuticals & Biotechnology,0.097,-0.3542,0.1114,0.0211,-0.0613,0.0926,0.0946,0.1421,0.38,46,-7.5,11.9,18.95,-0.4525,0.0718,0.0931,0.1438,0.1544,LOW LIQUIDITY
Medico Remedies,540937,MEDICO,Pharmaceuticals & Biotechnology,0.2419,0.1519,0.0737,0.0494,0.0238,0.0948,0.236,0.3336,0.24,39.93,16.79,54.8,23.59,-0.3774,0.42,0.1757,0.0034,0.1519,LOW LIQUIDITY
Anlon Healthcare,544497,AHCL,Pharmaceuticals & Biotechnology,0,0,0.1811,0,0,0.2573,0.2249,-0.7286,0.83,37.05,,,25.22,-0.0325,0.6441,0.4045,-0.2758,0.4045,LOW LIQUIDITY
Kwality Pharma,539997,BOM:539997,Pharmaceuticals & Biotechnology,0.3921,0.427,0.2168,0.0848,0.0901,0.1748,0.2343,0.8239,0.43,20.99,2.33,3.6,11.31,-0.2888,0.4736,0.1631,0.0261,0.073,LOW LIQUIDITY
Trident Lifeline,543616,BOM:543616,Pharmaceuticals & Biotechnology,0.7954,0.3362,0.219,-0.0232,0.3626,0.2495,0.2503,-0.5766,0.84,21.72,0.6,6.2,15.27,-0.0768,0.3514,0.2002,0.0717,-0.1624,LOW LIQUIDITY
Amrutanjan Healt,590006,AMRUTANJAN,Pharmaceuticals & Biotechnology,0.1231,0.7987,0.0897,0.0228,0.073,0.1608,0.2726,0.7328,0.01,37.71,5.17,18.2,24.47,-0.1559,0.3076,0.1653,0.0104,0.0923,LOW LIQUIDITY
Syncom Formul.,524470,SYNCOMF,Pharmaceuticals & Biotechnology,0.3423,1.0577,0.1354,0.0717,0.1726,0.1529,0.2988,0.3571,0.01,26.52,1.54,417,18.75,-0.3294,0.139,0.155,0.0699,-0.0176,LOW LIQUIDITY
Unichem Labs.,506690,UNICHEMLAB,Pharmaceuticals & Biotechnology,0.0895,-6.058,0.0427,0.0205,-0.0856,0.0749,0.0605,-0.0402,0.19,26.1,-3.05,9.4,12.62,-0.512,0.0181,0.0559,0.0738,0.1415,LOW LIQUIDITY
Fredun Pharma,539730,BOM:539730,Pharmaceuticals & Biotechnology,0.5206,0.6392,0.1418,0.0899,0.1264,0.1142,0.208,-0.5702,1.18,31.48,2.49,2.5,14.6,-0.1244,1.4614,0.1583,0.0149,0.0319,LOW LIQUIDITY
Gennex Lab.,531739,BOM:531739,Pharmaceuticals & Biotechnology,0.2069,0.0385,0.1483,0.0725,-0.098,0.1701,0.0976,-0.4289,0.05,20.63,-2.1,41.4,10.59,-0.336,0.3782,0.1023,0.0008,0.2003,LOW LIQUIDITY
Valiant Laborato,543998,VALIANTLAB,Pharmaceuticals & Biotechnology,1.4799,4.5686,0.051,0.2095,-1.0387,0.008,0.0017,-0.4119,0.52,3534.49,-34.03,10.6,149.46,-0.3342,0.2113,-0.0143,0.0028,1.0244,LOW LIQUIDITY
Kilitch Drugs,524500,KILITCH,Pharmaceuticals & Biotechnology,0.2897,1.2612,0.0756,0.0489,0.1734,0.1958,0.2497,0.4895,0.24,23.94,1.38,5.8,16.21,-0.2325,0.4454,0.1261,0.0427,-0.0473,LOW LIQUIDITY
Shree Ganesh Rem,540737,BOM:540737,Pharmaceuticals & Biotechnology,-0.0044,-0.2581,0.2959,-0.0011,-0.0365,0.2977,0.2009,0.9328,0.26,28.82,-7.89,5.6,15.6,-0.4828,0.0269,0.1701,-0.0974,0.2066,LOW LIQUIDITY
Innova Captab,544067,INNOVACAP,Pharmaceuticals & Biotechnology,0.1946,0.0522,0.1482,0.046,0.0109,0.138,0.1315,0.3677,0.35,35.71,32.75,27.6,23.3,-0.3573,0.2233,0.1434,-0.027,0.1325,LOW LIQUIDITY
Everest Organics,524790,BOM:524790,Pharmaceuticals & Biotechnology,0.6582,1.2315,0.0825,0.1339,-5.814,0.0565,0.0813,-2.759,0.68,62.54,-0.11,5.4,26.45,-0.1615,2.5551,-0.0223,-0.0253,5.7917,LOW LIQUIDITY
Gufic BioScience,509079,GUFICBIO,Pharmaceuticals & Biotechnology,0.1188,-0.4214,0.1425,0.0294,-0.1246,0.1307,0.0983,1.0332,0.56,52.54,-4.22,53.6,26.11,-0.3649,0.1237,0.1232,-0.0763,0.2478,LOW LIQUIDITY
Windlas Biotech,543329,WINDLAS,Pharmaceuticals & Biotechnology,0.1995,0.3101,0.1263,0.046,0.0689,0.1128,0.3004,0.8106,0.06,30.03,4.36,8.1,16.61,-0.2119,0.3968,0.1276,-0.009,0.0587,LOW LIQUIDITY
Zenotech Lab.,532039,BOM:532039,Pharmaceuticals & Biotechnology,0.1494,-2.2414,0.2039,0.0276,-0.363,0.1856,0.0378,1.0821,0,113.1,-3.12,20.5,19.13,-0.4111,0.1042,0.0481,-0.0483,0.4111,LOW LIQUIDITY
Zim Laboratories,541400,ZIMLAB,Pharmaceuticals & Biotechnology,-0.123,-3.0778,0.0592,-0.0266,-0.2284,0.0709,0.0463,1.3997,0.47,37.87,-1.66,6.9,10.19,-0.4298,0.1228,0.0496,-0.029,0.278,LOW LIQUIDITY
Hester Bios,524669,HESTERBIO,Pharmaceuticals & Biotechnology,0.0224,1.5931,0.2712,0.0059,0.3522,0.1875,0.1006,1.2227,0.68,36.09,1.02,3.7,20.69,-0.4275,0.2832,0.0918,0.0258,-0.2604,LOW LIQUIDITY
Kopran,524280,KOPRAN,Pharmaceuticals & Biotechnology,-0.0303,-0.3288,0.1045,-0.0067,-0.0944,0.0908,0.0832,0.6843,0.29,22.28,-2.36,7.2,12.36,-0.507,0.0458,0.0764,-0.0331,0.1708,LOW LIQUIDITY
Albert David,524075,ALBERTDAVD,Pharmaceuticals & Biotechnology,-0.2103,-0.5786,-0.1511,-0.0523,-0.6304,0.0381,0.1018,-1.1149,0.03,78.67,-1.25,0.7,25.21,-0.4373,0.1363,0.0439,-0.1733,0.6743,LOW LIQUIDITY
Sakar Healthcare,,SAKAR,Pharmaceuticals & Biotechnology,0.2817,0.9378,0.241,0.0654,0.1155,0.1667,0.0564,1.1172,0.3,40.82,3.53,6.2,16.89,-0.0804,0.7287,0.0648,0.012,-0.0507,LOW LIQUIDITY
Lincoln Pharma.,531633,LINCOLN,Pharmaceuticals & Biotechnology,0.0461,0.1694,0.1545,0.0109,0.0656,0.1853,0.2714,0.8507,0,12.13,1.85,3.1,7.89,-0.4658,0.0486,0.1282,-0.0402,0.0626,LOW LIQUIDITY
Venus Remedies,526953,VENUSREM,Pharmaceuticals & Biotechnology,0.2144,6.8689,0.0766,0.0486,0.2444,0.1009,0.1432,1.4323,0,12.62,0.52,1.4,5.65,-0.2233,0.6318,0.0716,0.0122,-0.1728,LOW LIQUIDITY
Shukra Pharma.,524632,BOM:524632,Pharmaceuticals & Biotechnology,0.695,1.102,0.2449,0.0678,0.0564,0.4224,0.1999,0.5686,0.07,173.82,30.84,1221.5,98.21,-0.0593,5.9861,0.159,-0.2881,0.1026,LOW LIQUIDITY
Anuh Pharma,506260,ANUHPHR,Pharmaceuticals & Biotechnology,0.3522,-0.1272,0.0552,0.0734,0.1148,0.085,0.3026,0.6825,0.03,18.8,1.64,26.6,12.3,-0.2959,0.1684,0.1341,-0.0608,0.0193,LOW LIQUIDITY
Bharat Parenter.,541096,BOM:541096,Pharmaceuticals & Biotechnology,0.2539,5.4297,0.1188,0.069,-0.5438,-0.035,0.0095,1.3611,0.54,,0,1.8,43.52,-0.3476,0.5212,-0.0471,-0.1238,0.4967,LOW LIQUIDITY
NGL Fine Chem,524774,NGLFINE,Pharmaceuticals & Biotechnology,0.1481,0.0022,0.1054,0.0366,-0.0118,0.0802,0.1051,1.1562,0.27,46.74,-39.49,2.1,23.62,-0.2696,0.6492,0.0775,-0.0928,0.0893,LOW LIQUIDITY
Bafna Pharma.,532989,BAFNAPH,Pharmaceuticals & Biotechnology,0.04,10.1622,0.1464,0.0091,0.5808,0.0886,0.1017,2.433,0.33,41.99,0.72,11.8,25.05,0,1.6364,0.0769,-0.0175,-0.5039,LOW LIQUIDITY
Medicamen Biotec,531146,MEDICAMEQ,Pharmaceuticals & Biotechnology,-0.0002,0.5926,0.1071,-0.0001,0.3333,0.0864,0.0741,-0.6,0.16,54.9,1.65,3.1,26.03,-0.3909,0.312,0.0339,-0.0207,-0.2994,LOW LIQUIDITY
Nectar Lifesci.,532649,NECLIFE,Pharmaceuticals & Biotechnology,-0.2188,-22.2896,-0.2205,-0.042,0.5821,-0.1191,-0.1987,-1.948,0.61,,0,7.3,-6.9,-0.6924,0.0582,-0.1123,-0.1169,-0.6944,LOW LIQUIDITY
Indoco Remedies,532612,INDOCO,Pharmaceuticals & Biotechnology,0.0148,-14.6603,0.04,0.0038,0.51,-0.0245,-0.0777,-10.2185,0.97,,0,22.4,46,-0.2435,0.4134,-0.0702,-0.1549,-0.5802,LOW LIQUIDITY
Ind-Swift Labs.,532305,INDSWFTLAB,Pharmaceuticals & Biotechnology,3.6045,8.3298,0.0236,-0.2388,11.4633,0.0105,0.0397,-2.8976,0.03,33.64,0.03,3.8,14.41,-0.1884,0.5041,0.0018,-0.1982,-11.4615,LOW LIQUIDITY
Kerala Ayurveda,530163,BOM:530163,Pharmaceuticals & Biotechnology,0.0415,5.2188,-0.1461,-0.0329,-0.0666,-0.0426,-1.1631,-0.5926,7.45,,0,61.6,507.61,-0.3552,0.612,-0.9922,-0.946,-0.9256,LOW LIQUIDITY
Remus Pharma.,,REMUS,Pharmaceuticals & Biotechnology,0.8807,0.1589,0.0705,0,0,0.0783,0.3268,0.1438,0.09,32.48,,4.3,18.93,-0.4238,0.2667,0.14,0.14,0.14,
Influx Health.,,INFLUX,Pharmaceuticals & Biotechnology,0,0,,0,0,0.1706,0.5251,0.3946,0.01,34.02,,,21.88,-0.0553,0.6375,0.4538,-0.1925,0.4538,
Novartis India,500672,NOVARTIND,Pharmaceuticals & Biotechnology,0.0371,0.1867,0.2644,-0.0042,0.0572,0.3939,0.2207,0.5689,0.01,19.91,3.48,6.8,10.63,-0.2269,0.153,0.1318,0.0224,0.0746,
Accent Microcell,,ACCENTMIC,Pharmaceuticals & Biotechnology,0.1058,0.0971,0.1715,0.0504,0.0487,0.1759,0.2639,0.5593,0.01,19.65,4.03,8.4,11.89,-0.1235,0.6679,0.1844,-0.105,0.1357,
Infinium Pharma,,INFINIUM,Pharmaceuticals & Biotechnology,-0.0195,-0.2652,0.1093,0,0,0.1162,0.1373,-1.6097,0.47,40.32,,5.8,19.75,-0.2293,0.216,0.1195,-0.1583,0.1195,
Gland Pharma,543245,GLAND,Pharmaceuticals & Biotechnology,0.0577,0.1232,0.2111,0.0329,0.1328,0.2127,0.12,0.829,0.03,39.38,2.97,53.6,17.59,-0.1131,0.575,0.0781,-0.0145,-0.0547,
Reliance Infra.,500390,RELINFRA,Power,-0.1787,1.2555,0.0376,-0.0873,0.0277,0.4246,-0.9594,0.3988,0.44,1.68,0.61,20.6,1.01,-0.5669,0,0.3752,0.5422,0.3475,57
K.P. Energy,539686,KPEL,Power,0.7257,0.3959,0.2204,0.101,0.0814,0.193,0.2427,0.8972,0.8,23.88,2.94,62.4,14.62,-0.351,0.3015,0.4544,0.0837,0.373,70
Torrent Power,532779,TORNTPOWER,Power,-0.1248,-0.2477,0.1876,-0.0387,-0.0271,0.1398,0.1245,1.1744,0.5,23.47,-8.66,184.4,13.38,-0.2895,0.0766,0.1903,0.0382,0.2174,208
Adani Energy Sol,539254,ADANIENSOL,Power,0.0666,-0.2089,0.2965,0.078,-0.0472,0.2474,0.0541,1.4899,1.83,52.04,-11.02,639.3,18.71,-0.0367,0.6628,0.1364,0.0505,0.1836,349
RattanIndia Pow.,533122,RTNPOWER,Power,-0.0421,-22.3704,0.0791,-0.0422,-0.6142,0.1844,0.0101,0.5851,0.79,66.01,-1.07,661.5,10.82,-0.379,0.2464,0.0496,0.0496,0.6638,372
Nava,513023,NAVA,Power,-0.0238,-0.1339,0.4931,-0.0073,-0.0426,0.4126,0.1438,1.3198,0.12,16.58,-3.89,66,8.63,-0.1884,0.676,0.1503,0.0153,0.1929,409
NLC India,513683,NLCINDIA,Power,0.1425,-0.2706,0.335,0.0606,0.0246,0.2712,0.0852,1.9823,1.2,13.84,5.63,268.2,8.93,-0.1067,0.4052,0.1447,0.0771,0.1201,413
Reliance Power,532939,RPOWER,Power,-0.0535,1.4546,0.2997,-0.0141,-0.9033,0.2533,0.0011,1.0178,0.93,,0,401.4,11.05,-0.484,0.2622,-0.0108,0.1644,0.8925,436
PTC India,532524,PTC,Power,-0.1198,0.4094,0.0719,-0.0467,-0.0793,0.0816,0.1724,1.8437,0.51,7.86,-0.99,24.8,3.58,-0.2063,0.2867,0.1228,0.0271,0.2021,456
Insolation Ener,543620,BOM:543620,Power,0.5732,0.6056,0.1118,0,0,0.121,0.3452,0.7008,0.18,30.69,,138.6,21.54,-0.6294,0.1178,0.3487,-0.3364,0.3487,675
Power Grid Corpn,532898,POWERGRID,Power,0.0176,-0.0598,0.789,0.0085,-0.0054,0.5892,0.0885,1.3053,1.37,16.6,-30.54,2374.8,9.5,-0.2137,0.0983,0.17,-0.0121,0.1754,714
Adani Power,533096,ADANIPOWER,Power,0.0088,-0.1138,0.3827,-0.013,-0.071,0.3409,0.119,1.0906,0.83,24.93,-3.51,9887.3,14.41,-0.1497,0.8034,0.261,-0.3115,0.332,776
SJVN,533206,SJVN,Power,0.0541,-0.3621,0.7703,0.0153,-0.1595,0.5849,0.024,1.3369,1.91,48.95,-3.07,936.7,22.71,-0.3092,0.0683,0.0581,-0.0009,0.2176,1100
Adani Green,541450,ADANIGREEN,Power,0.001,1.0255,0.8654,0.09,0.3165,0.654,0.0239,1.0397,4.52,78.79,2.49,1435.4,23.6,-0.3854,0.4044,0.1461,0.0053,-0.1704,1301
GMR Urban,543490,GMRP&UI,Power,0.0229,-3.9168,0.243,0.0059,-0.1993,0.2053,-0.0232,1.9653,17.48,,0,1032.6,9.29,-0.1589,0.3272,0,0,0.1993,1336
Guj Inds. Power,517300,GIPCL,Power,0.1611,-0.1521,0.3033,0.041,-0.0488,0.2264,0.0372,3.695,0.58,13.58,-2.78,12,9.14,-0.3443,0.1887,0.0619,0.0004,0.1107,1358
KPI Green Energy,542323,KPIGREEN,Power,0.7325,0.5503,0.3418,0.1469,0.1153,0.297,0.1027,0.3972,0.61,28.33,2.46,82.5,16.55,-0.1259,0.6452,0.1973,-0.0985,0.082,1443
Tata Power Co.,500400,TATAPOWER,Power,0.0429,0.0916,0.1977,0.0113,0.1022,0.1718,0.0641,1.1877,1.75,30.64,3,1125.8,11.31,-0.131,0.2113,0.1097,-0.0032,0.0075,1483
CESC,500084,CESC,Power,0.1206,0.204,0.2014,0.0533,0.0905,0.1829,0.0788,0.8047,1.48,16.31,1.8,246.9,8.44,-0.1237,0.5008,0.1134,-0.0075,0.0229,1490
NTPC,532555,NTPC,Power,0.0018,-0.0394,0.2862,-0.0074,0.1359,0.2476,0.0765,1.202,1.36,13.39,0.99,1673.4,8.61,-0.2038,0.1192,0.1213,-0.0101,-0.0146,1556
ACME Solar Hold.,544283,ACMESOLAR,Power,0.8019,6.3163,0.8556,0.2914,0.8817,0.8349,0.033,1.3778,2.72,31.85,0.36,203.9,13.46,-0.1787,0.5897,0.0757,0.0193,-0.806,1720
JP Power Ven.,532627,JPPOWER,Power,0.1728,-0.0031,0.3273,0.0074,-0.0872,0.2747,0.0476,1.0519,0.28,16.21,-1.86,647.7,6.77,-0.3657,0.4227,0.0685,-0.0599,0.1557,1740
NHPC Ltd,533098,NHPC,Power,0.1928,0.0423,0.5606,0.0501,0.0336,0.5496,0.0531,0.8408,1,27,8.02,2085.3,16.27,-0.1122,0.1546,0.0753,-0.0183,0.0417,1765
JSW Energy,533148,JSWENERGY,Power,0.5991,-0.1741,0.5788,0.3579,0.1337,0.4041,0.0297,0.8971,2.37,45.13,3.38,548.5,17.51,-0.3269,0.2487,0.0741,-0.0099,-0.0596,1841
Orient Green,533263,GREENPOWER,Power,0.0799,0.0776,0.7623,0.1173,0.5574,0.4232,0.036,1.6039,0.41,29.65,0.53,163,9.49,-0.2824,0.3019,0.0384,0.0067,-0.519,1917
NTPC Green Ene.,544289,NTPCGREEN,Power,0.2152,1.3026,0.8649,0.0951,0.2763,0.656,0.0159,1.4087,1.16,138.34,5.01,3773.9,42.68,-0.3585,0.1786,0.0385,-0.0232,-0.2378,2064
Inox Green,543667,INOXGREEN,Power,0.105,24.8735,0.1089,0.0227,1.286,0.3423,0.0325,1.2606,0.09,248.87,1.94,179.3,72.97,-0.0616,1.7371,0.0102,-0.0145,-1.2758,2109
Ujaas Energy,533644,UEL,Power,-0.5787,-0.3482,-1.2226,-0.1355,-0.1101,0.4165,0.1294,0.2565,0.28,545.81,-49.59,2581.4,405.34,-0.0761,0.7035,0.0968,-0.4579,0.2069,LOW LIQUIDITY
India Power Corp,,DPSCLTD,Power,0.2944,0.2,0.0343,0.0597,0.0825,0.0473,0.0147,2.1988,0.11,150.23,18.21,125.9,18.03,-0.3818,0.116,0.0074,-0.0095,-0.0751,LOW LIQUIDITY
Powergrid Infra.,543290,PGINVIT,Power,-0.0104,1.7779,1.2932,-0.0044,0.1502,1.3366,0.1358,0.8632,0.14,6.54,0.44,105.2,4.62,-0.0136,0.2962,0.1541,0.0318,0.0039,
Anzen IYEP Trust,543655,ANZEN,Power,0.7637,5.5476,0.8944,0.2211,-0.8071,0.2948,-0.0011,4.6156,1.24,,0,28.9,14.84,-0.0451,0.1089,-0.0165,0.0092,0.7906,
IndiGrid Trust,540565,INDIGRID,Power,0.0057,-0.4606,0.8288,0.0198,-0.0244,0.5575,0.0172,1.5439,3.9,42.71,-17.5,232.7,11.43,-0.0237,0.2578,0.066,0.0204,0.0904,
Navneet Educat.,508989,NAVNETEDUL,Printing & Publication,-0.005,-0.0635,0.2859,0.0009,0.0271,0.1582,0.238,1.0263,0.11,17.25,6.36,43,10.4,-0.0855,0.2115,0.1258,-0.0311,0.0987,1464
Repro India,532687,REPRO,Printing & Publication,0.0372,-22,0.0593,0.009,1.4772,0.0091,-0.0109,7.0323,0.26,,0,3,24.73,-0.175,0.4901,-0.0051,-0.0407,-1.4823,2176
S Chand & Compan,540497,SCHAND,Printing & Publication,-0.0727,-5.4515,-0.0887,-0.0112,-0.1503,0.1252,0.0886,0.9721,0.11,11.79,-0.78,2.2,4.61,-0.3224,0.1137,0.0637,0.0034,0.214,LOW LIQUIDITY
Raymond Realty,544420,RAYMONDREL,Realty,2.0793,11.2317,0.1318,0,0,0.1079,0.006,-3.8787,0.42,55.64,,20,70.07,-0.4273,0.0706,0.7231,0.7231,0.7231,18
Embassy Develop,532832,EMBDL,Realty,0.39,-2.354,-0.0158,-0.0176,-1.0746,0.1981,0.0023,4.4082,0.49,,0,165.3,37.96,-0.4428,0.0224,0.0253,0.5835,1.0999,281
Ganesh Housing,526367,GANESHHOU,Realty,-0.2957,-0.1825,0.848,-0.0652,-0.0347,0.8683,0.3741,0.5088,0.14,11.93,-3.43,31.2,8.87,-0.4444,0.0247,0.3779,-0.0379,0.4126,290
DLF,532868,DLF,Realty,-0.1681,-0.2708,0.1726,0.1279,-0.1713,0.3547,0.257,1.7688,0.04,48.89,-2.85,1086.3,56.42,-0.1497,0.2681,0.1136,0.044,0.2849,311
AGI Infra,539042,AGIIL,Realty,0.2613,0.3886,0.3311,0.0591,0.084,0.2729,0.228,-0.2275,0.47,44.51,5.3,133.3,29.21,-0.1192,1.018,0.2566,-0.0058,0.1726,403
Sri Lotus,544469,LOTUSDEV,Realty,-0.4919,-0.3609,0.4804,0,0,0.5606,0.3128,-0.0635,0.13,40.31,,,26.96,-0.1968,0.0115,0.4127,-0.681,0.4127,600
Oberoi Realty,533273,OBEROIRLTY,Realty,0.3479,0.2898,0.5735,0.0079,0.0304,0.5984,0.1519,0.6903,0.18,28.92,9.5,140.2,19.99,-0.2446,0.2327,0.1467,0.0118,0.1163,692
Lodha Developers,543287,LODHA,Realty,0.4467,0.865,0.2918,0.1319,0.2045,0.3083,0.2049,0.3814,0.35,36.49,1.78,600.6,24.91,-0.2071,0.1752,0.1469,0.0395,-0.0576,911
Arkade,544261,ARKADE,Realty,0.3075,0.0558,0.2396,0.1406,0.0158,0.2731,0.198,-1.0312,0.18,19.76,12.54,60.7,14.67,-0.2138,0.311,0.2575,-0.2118,0.2417,917
SignatureGlobal,543990,SIGNATURE,Realty,1.1609,4.0842,0.0383,0.1862,0.2927,0.0655,0.0889,3.2487,3.29,117.12,4,291.5,71.33,-0.2549,0.086,0.1472,0.038,-0.1455,994
Brigade Enterpr.,532929,BRIGADE,Realty,0.2903,0.3658,0.237,0.1014,0.1645,0.2528,0.1101,0.7315,0.83,30.78,1.87,92.3,16.01,-0.2533,0.2315,0.1492,0.0149,-0.0153,996
Anant Raj,515055,ANANTRAJ,Realty,0.2556,0.3833,0.2543,0.0585,0.082,0.2508,0.1561,0.1926,0.12,49.03,5.98,186.3,39.18,-0.338,0.7139,0.1089,0.0284,0.0269,1046
Keystone Realtor,543669,RUSTOMJEE,Realty,-0.353,-0.438,0.0427,-0.0744,-0.0658,0.1495,0.0782,-0.0369,0.34,43.82,-6.66,32,24.37,-0.3035,0.1623,0.0753,0.0106,0.1411,1047
Suraj Estate,544054,SURAJEST,Realty,0.3251,0.0399,0.4478,0.0624,-0.0657,0.326,0.0863,-1.5287,0.57,14.64,-2.23,6.8,9.64,-0.6115,0.0778,0.1398,-0.0899,0.2055,1299
Ajmera Realty,513349,AJMERA,Realty,0.3344,0.2179,0.3026,0.0878,0.0676,0.3178,0.1107,0.0314,0.56,31.04,4.59,13.4,18.17,-0.1458,0.5364,0.1201,-0.0053,0.0525,1339
Godrej Propert.,533150,GODREJPROP,Realty,-0.412,0.154,-0.6224,-0.0618,0.2067,0.4401,0.114,-1.3337,0.73,46.63,2.26,120,36.11,-0.2452,0.2253,0.0898,0.0219,-0.1169,1437
Atal Realtech,543911,ATALREAL,Realty,2.0372,2.3,0.1047,0.0742,0.1271,0.0749,0.103,-2.0413,0.24,86.55,6.81,57,41.08,-0.0495,1.2364,0.0674,0.0089,-0.0597,1604
Sunteck Realty,512179,SUNTECK,Realty,0.4929,0.4141,0.3084,-0.052,0.1659,0.3454,0.0648,0.846,0.16,37.85,2.28,29.1,24.29,-0.2034,0.3055,0.0471,0.0233,-0.1188,1623
Hubtown,532799,HUBTOWN,Realty,0.5576,13.4936,0.2175,0.1642,1.7284,0.6306,0.0513,-2.5397,0.33,36.7,0.21,24.9,16.59,-0.1366,1.1081,0.0241,0.0976,-1.7043,1720
Shriram Properti,543419,SHRIRAMPPS,Realty,0.5739,0.1806,0.0923,0.1073,0.0501,0.2001,0.0666,0.8006,0.48,19.59,3.91,19.8,10.66,-0.2299,0.4627,0.0581,-0.0027,0.008,1730
Arihant Super.,506194,ARIHANTSUP,Realty,0.4453,6.995,0.3051,0.0747,0.2589,0.2507,0.0824,-1.671,2.39,26.12,1.01,23.8,18.35,-0.2541,0.2821,0.1884,-0.1006,-0.0705,1759
Max Estates,544008,MAXESTATES,Realty,0.2138,2.3814,0.2069,0.1219,0.6116,0.7506,0.0173,2.6207,0.91,138.62,2.27,54.2,53.81,-0.3416,0.4906,0.0201,0.034,-0.5915,1813
Vascon Engineers,533156,VASCONEQ,Realty,0.1271,1.4531,0.0577,0.0236,0.1479,0.0994,0.1188,0.0503,0.19,18.46,1.25,30,12.31,-0.1426,1.0003,0.0659,-0.0045,-0.082,1828
Phoenix Mills,503100,PHOENIXLTD,Realty,0.2151,0.3938,0.5979,0.0665,0.1479,0.5235,0.084,1.0899,0.45,58.32,3.94,213.5,26.83,-0.0826,0.2535,0.0936,-0.0277,-0.0543,1890
Sobha,532784,SOBHA,Realty,0.5077,1.78,0.068,0.1698,0.5702,0.0759,0.0913,0.6086,0.23,117,2.05,40.3,36.41,-0.061,0.5129,0.0268,0.0071,-0.5434,1935
Marathon Nextgen,503101,MARATHON,Realty,-0.1319,0.6206,0.2196,-0.0369,0.4526,0.5086,0.3167,-0.1197,0.47,19.04,0.42,17.2,15.55,-0.2366,0.6796,0.1316,-0.0543,-0.321,1965
Raymond,500330,RAYMOND,Realty,0.1143,68.0019,0.0815,0.0661,6.6414,0.0768,0.0662,2.0128,0.2,20.06,0.03,6.7,13.48,-0.2828,0.3369,0.0059,0.0052,-6.6355,2052
TARC Ltd,543249,TARC,Realty,8.2436,2.7682,-1.5853,2.0089,-0.3672,-0.2485,-0.0785,-0.3141,1.87,,0,128.6,-416.15,-0.3447,0.492,-0.1995,-0.145,0.1677,2067
Prestige Estates,533274,PRESTIGE,Realty,0.2391,0.2575,0.3802,0.0606,0.1354,0.2767,0.0557,0.0628,0.85,142.6,10.53,210,28.71,-0.0811,0.666,0.0348,-0.0423,-0.1006,2089
Nexus Select,543913,NXST,Realty,0.1319,0.2003,0.679,0.0628,0.1554,0.4799,0.0346,1.5315,0.42,51.01,3.28,272.5,17.22,-0.0336,0.3606,0.0289,-0.0456,-0.1265,2106
Prozone Realty,534675,PROZONER,Realty,0.1879,1.1594,0.4799,0.0338,-0.1497,0.2591,-0.0334,1.1378,0.91,,0,32.2,18.32,-0.1105,2.0248,-0.0785,-0.0862,0.0712,2116
Mahindra Life.,532313,MAHLIFE,Realty,1.3075,4.4165,-2.988,-0.3928,2.9207,0.8224,0.0855,-8.1115,0.1,52.51,0.18,52.9,40.79,-0.1827,0.5678,0.0219,-0.0247,-2.8988,2127
Peninsula Land,503031,PENINLAND,Realty,0.1192,1.4333,0.2434,0.0388,-0.0755,0.1448,-0.0904,-1.7156,1.91,,0,154.5,35.09,-0.4,0.6172,-0.1226,-0.7962,-0.0471,2206
Puravankara,532891,PURVA,Realty,-0.2034,-5.4732,0.1272,-0.0665,0.4503,0.1447,-0.3216,-1.5581,2.5,,0,86.4,32.01,-0.4264,0.2972,-0.1005,-0.1224,-0.5508,2223
Avishkar Infra,508929,BOM:508929,Realty,0,0,,0,0,1.2792,0.0682,-9.4332,2.38,424.1,,214.4,455.49,0,10.0707,1.4805,1.4805,1.4805,LOW LIQUIDITY
Meghna Infracon,538668,BOM:538668,Realty,-0.2779,-0.1366,0.1958,-0.1038,-0.0455,0.3169,0.8268,1.5837,0.15,141.34,-31.09,123.2,107.33,-0.0711,0.9965,0.5257,0.5257,0.5712,LOW LIQUIDITY
Kesar India,543542,BOM:543542,Realty,-0.4096,-0.9157,0.1372,-0.2564,-0.7831,0.121,0.0443,-0.4012,0.24,546.11,-6.97,43.6,239.87,-0.2326,0.7857,0.4619,0.0459,1.245,LOW LIQUIDITY
Arvind SmartSp.,539301,ARVSMART,Realty,-0.4709,-0.6515,0.2102,-0.1371,-0.1015,0.2649,0.3575,-0.4817,0.28,30.37,-2.99,21.5,17.24,-0.4042,0.0526,0.188,0.1093,0.2895,LOW LIQUIDITY
Kolte Patil Dev.,532924,KOLTEPATIL,Realty,-0.7583,-3.7271,-0.3151,-0.1505,-0.1991,0.1111,0.4954,1.3481,1.37,44.93,-2.26,34.3,25.19,-0.1518,0.796,0.1315,0.219,0.3306,LOW LIQUIDITY
Shraddha Prime,531771,BOM:531771,Realty,1.2516,4.6764,0.1821,0.2097,0.2999,0.2442,0.1729,-2.1274,2.4,27.66,0.92,45.3,23.11,-0.072,2,0.369,0.1361,0.0691,LOW LIQUIDITY
Ratnabhumi Dev.,540796,BOM:540796,Realty,-0.4688,-0.0199,0.2008,-0.0997,-0.0053,0.1074,0.0536,4.1224,2.92,54.33,-103.41,10.3,20.02,-0.1116,1.5582,0.1502,0.1414,0.1555,LOW LIQUIDITY
Nimbus Projects,511714,BOM:511714,Realty,-0.977,-2.1228,-12.1103,-0.9574,-4.2437,-10.492,-0.3901,-3.2207,0.67,,0,1.2,-6.28,-0.055,0.6925,0.0826,-0.0001,4.3263,LOW LIQUIDITY
Arih.Found.Hsg.,531381,BOM:531381,Realty,1.1339,0.7192,0.265,0.2125,0.1972,0.3418,0.256,-1.1119,0.48,22.11,1.12,3.5,13.63,-0.2739,0.8598,0.1647,0.0918,-0.0325,LOW LIQUIDITY
Nila Infrastruct,530377,NILAINFRA,Realty,1.2416,0.3447,0.0952,0.2078,0.0914,0.1351,0.4409,1.687,0.16,17.5,1.92,93.3,9.31,-0.3622,0.2167,0.1322,0.0528,0.0408,LOW LIQUIDITY
Alembic,506235,ALEMBICLTD,Realty,-0.0203,0.1043,0.3938,-0.0047,0.0221,0.7177,0.7412,0.5508,0.01,8.2,3.71,28.5,15.37,-0.3418,0.1818,0.1369,0.0113,0.1148,LOW LIQUIDITY
PropshareTitania,544462,BOM:544462,Realty,0,0,0.802,0,0,0.7188,0.0399,1.4229,1.51,51.98,,,17.77,-0.0234,0,0.1027,0.0383,0.1027,LOW LIQUIDITY
Rainbow Foundat.,531694,BOM:531694,Realty,0.58,0.3704,0.2215,0.1184,0.0487,0.2487,0.1545,-2.0105,7.27,40.99,8.42,21.3,21.14,-0.5013,2.2891,0.1051,0.0601,0.0564,LOW LIQUIDITY
Haz.Multi Proj.,532467,BOM:532467,Realty,1.5622,0.4577,0.144,0.1721,0.1226,0.1074,0.1045,-2.0587,0.43,17.96,1.46,38.8,9.45,-0.4325,0.1258,0.1137,0.1137,-0.0089,LOW LIQUIDITY
Supreme Holdings,530677,SUPREME,Realty,-0.9931,-0.9841,-7.0625,-0.348,-0.3414,0.2015,0.0163,-0.7903,0.01,49.54,-1.45,2.3,36.98,-0.2532,0.3364,0.0185,0.0071,0.3599,LOW LIQUIDITY
GeeCee Vent.,532764,GEECEE,Realty,-0.7559,-0.691,0.536,-0.1746,-0.1704,0.4436,0.1479,3.5942,0,18.04,-1.06,1.9,8.38,-0.2888,0.0525,0.0665,0.0047,0.2369,LOW LIQUIDITY
Hampton Sky,526407,BOM:526407,Realty,-0.937,-1.1892,-0.7725,-0.5881,-2.6503,-0.3972,-0.0211,-1.4369,0.54,,0,96,-73.15,-0.4796,0.0344,0.0384,-0.0535,2.6887,LOW LIQUIDITY
National Standar,504882,BOM:504882,Realty,3.5395,-0.1125,-0.0209,0.601,-0.1667,0.4302,0.0566,-0.4521,0,311.21,-18.67,24.7,222.29,-0.6389,0.0069,0.0497,-0.0088,0.2164,LOW LIQUIDITY
Knowledge Realty,544481,KRT,Realty,0,0,,0,0,0.739,0.0339,0.9376,9.36,161.41,,,21.55,-0.0736,0.1238,0.1398,-0.0433,0.1398,LOW LIQUIDITY
Kalpat.,544423,KALPATARU,Realty,-0.1645,-70.6232,-0.0638,0,0,0.0579,0.0124,3.7937,4.1,359.06,,,103.26,-0.1814,0.0844,0.0123,0.1217,0.0123,LOW LIQUIDITY
Pansari Develop.,,PANSARI,Realty,1.325,3.4043,0.3179,0,0,0.3598,0.0801,-1.1464,0.75,42.47,,5.9,31.65,-0.0999,0.8303,0.0573,0.0162,0.0573,LOW LIQUIDITY
Unitech,507878,UNITECH,Realty,0.4128,0.45,-0.092,0.0954,-0.1866,0.9028,0.216,0.2154,,,0,-69.7,26.58,-0.4212,0.2687,0,0,0.1866,LOW LIQUIDITY
Eldeco Housing,523329,ELDEHSG,Realty,-0.0168,-0.6083,0.1119,0.0007,-0.2259,0.2141,0.0595,-0.1994,0.3,53.04,-2.35,2.3,29.89,-0.1073,0.4187,0.057,-0.0377,0.2829,LOW LIQUIDITY
Modi's Navnirman,543539,BOM:543539,Realty,1.2772,1.6432,0.1876,0.7782,1.4073,0.2003,0.2384,-1.6409,0.01,34.71,0.25,11.4,25.59,-0.0146,0.59,0.0988,0.0478,-1.3085,LOW LIQUIDITY
Emami Realty Ltd,533218,EMAMIREAL,Realty,0.1068,-2.6758,-6.7737,0.007,0.2841,-0.9127,-0.2796,2.166,,,0,-9.8,-31.23,-0.3892,0.3174,0,4.6183,-0.2841,LOW LIQUIDITY
RDB Real Estate,544346,BOM:544346,Realty,0.0339,-0.8722,0.2897,0.0076,-1.2609,0.389,0.0016,4.2873,4.32,,0,3.8,23.6,-0.4642,0,0.0131,-0.115,1.274,LOW LIQUIDITY
Ravinder Heights,543251,RVHL,Realty,-0.1333,-0.2381,-14.9231,-6,-0.1111,-6.2364,-0.0142,2.2906,0,,0,8.7,-258.46,-0.3262,0.4591,-0.0123,0.0061,0.0988,LOW LIQUIDITY
Nila Spaces,542231,NILASPACES,Realty,0.3124,1.2891,0.2961,0.0716,0.2981,0.2963,0.1677,-1.1426,0.16,37.7,1.26,188.3,14.32,-0.1568,0.6905,0.1029,-0.0081,-0.1952,LOW LIQUIDITY
Shradha Infrapr.,,SHRADHA,Realty,-0.0988,-0.247,0.2578,-0.0269,0.1074,0.3302,0.1213,-0.7558,1.11,20.96,1.95,19.2,12.21,-0.5001,0.0579,0.1273,-0.0592,0.0199,LOW LIQUIDITY
B-Right Real,543543,BOM:543543,Realty,1.8403,-0.0998,0.1105,0,0,0.128,0.0477,-1.574,0.55,168.48,,2.7,31.07,-0.1964,0.6018,0.0158,-0.0018,0.0158,LOW LIQUIDITY
Sumit Woods,,SUMIT,Realty,0.3054,1.1304,0.1535,0.0702,0.152,0.1851,0.0954,0.8844,0.4,29.19,1.92,11,14.76,-0.4515,0.1373,0.0979,-0.028,-0.0541,LOW LIQUIDITY
Suratwwala Busi.,543218,SBGLP,Realty,0.752,0.2836,0.4332,0.2022,0.1509,0.4241,0.1935,-0.1964,0.88,48.45,3.21,146,37.81,-0.7623,0.3327,0.1637,-0.6411,0.0128,LOW LIQUIDITY
PVP Ventures,517556,PVP,Realty,5.8294,1.1457,0.2929,0.5404,0.2857,0.2666,-0.0434,10.7363,0.1,,0,99.4,63.84,-0.1206,0.7809,-0.0065,0.0255,-0.2922,LOW LIQUIDITY
Softsol India,532344,BOM:532344,Realty,0.0594,0.7276,0.7493,0.0149,0.3487,1.0155,0.3604,-0.333,0,33.82,0.97,4.8,23.72,-0.4547,0.2888,0.0733,-0.0057,-0.2754,LOW LIQUIDITY
Parsvnath Devl.,532780,PARSVNATH,Realty,-0.2813,-0.2221,0.0849,-0.0975,0.0426,-0.0918,-1.4553,-17.5285,,,0,-16.3,126.67,-0.3966,0.3461,0,0,-0.0426,LOW LIQUIDITY
RDB Infrastruc.,533285,BOM:533285,Realty,1.2007,1.8632,0.037,0.3421,0.3195,0.1036,0.1008,-6.7845,0.53,138.22,4.33,120.7,72.34,-0.1863,0.4571,0.0609,-0.0137,-0.2586,LOW LIQUIDITY
Elpro Internatio,504000,BOM:504000,Realty,-0.2842,0.563,0.711,-0.0535,0.6218,0.4894,1.1842,1.6618,0.5,15.59,0.25,12,12.74,-0.3426,0.3708,0.0314,-0.0228,-0.5904,LOW LIQUIDITY
Ashiana Housing,523716,ASHIANA,Realty,1.3784,3.3339,0.0405,0.3209,0.9058,0.079,0.0516,7.1673,0.33,70.99,0.78,36.8,38.83,-0.2857,0.1412,0.0274,-0.0766,-0.8784,LOW LIQUIDITY
C C C L,532902,CCCL,Realty,0.1665,1.1041,-0.0586,0.1791,-0.1212,-0.0033,-0.0543,-189.6585,0,,0,203.9,302.66,-0.2941,0.8819,-0.283,-0.283,-0.1618,LOW LIQUIDITY
Omaxe,532880,OMAXE,Realty,-0.1738,-0.2598,-0.601,-0.038,0.0409,-0.4096,9.6659,-1.7408,1.66,,0,-128.8,-2.59,-0.38,0.1492,-5.0555,-4.4707,-5.0964,LOW LIQUIDITY
Mason Infratech,,MASON,Realty,0.0878,0.2594,0.2558,0,0,0.2264,0.8644,0.2959,0.68,21.2,,9.6,14.53,-0.0454,1.8041,0.3845,0.3845,0.3845,
Embassy Off.REIT,542602,EMBASSY,Realty,0.1274,-0.8483,0.7721,0.0427,-0.8135,0.417,0.0124,2.0412,0.96,135.78,-1.67,176.6,20.6,-0.0083,0.2675,0.0705,0.0311,0.884,
Mindspace Busine,543217,MINDSPACE,Realty,0.1898,0.1054,0.7449,0.075,0.0873,0.6079,0.0369,1.3196,0.83,54.98,6.3,128.1,17.9,-0.0137,0.3286,0.0339,-0.0038,-0.0534,
Brookfield India,543261,BIRET,Realty,0.1363,3.5427,0.6935,0.0698,1.0074,0.5532,0.0165,1.3925,0.62,59.51,0.59,96.3,15.99,-0.0317,0.3495,0.0153,0.014,-0.9921,
Urban Company,544515,URBANCO,Retailing,0.339,-5.869,-0.1231,-0.0261,-1.1897,-0.0357,-0.0272,1.389,0.06,,0,1330.7,-1958.55,-0.2735,0.0068,0.1552,0.2257,1.3449,108
Indiamart Inter.,542726,INDIAMART,Retailing,0.1245,-0.3879,0.2974,0.0606,0.0188,0.4786,0.3339,0.9112,0.01,27.36,14.54,41.3,19.97,-0.1253,0.3234,0.2692,0.0927,0.2504,116
Trent,500251,TRENT,Retailing,0.1898,0.0946,0.1736,0.0455,0.0935,0.1251,0.4109,0.791,0.41,104.57,11.18,1077.9,51.59,-0.3783,0.038,0.304,0.0296,0.2105,164
V2 Retail,532867,V2RETAIL,Retailing,0.5233,0.5092,0.138,0.1152,0.1116,0.0888,0.1189,1.3241,2.45,100.21,8.98,80.4,30.04,-0.0948,1.1921,0.2328,0.1269,0.1212,207
Crizac,544439,CRIZAC,Retailing,0.2492,1.3872,0.3899,0,0,0.2374,0.4562,0.9286,0,29.51,,155.4,21.41,-0.2152,0.1282,0.3618,-0.2256,0.3618,626
Go Fashion (I),543401,GOCOLORS,Retailing,0.0124,-0.223,0.3084,0.0032,-0.0651,0.1914,0.1183,1.1567,0.73,39.13,-6.01,26.4,12.71,-0.4958,0,0.1432,-0.0024,0.2083,649
Vedant Fashions,543463,MANYAVAR,Retailing,-0.0179,-0.1617,0.421,0.0264,0.0222,0.4002,0.3113,0.6946,0.27,40.17,18.07,218.5,21.84,-0.5787,0,0.2226,-0.0446,0.2004,752
Eternal Ltd,543320,ETERNAL,Retailing,1.8318,-0.6307,0.0176,0.5805,-0.5662,0.0216,0.0246,0.4332,0.11,1586.94,-28.03,9340.8,157.2,-0.1615,0.6295,0.0171,0.0059,0.5833,780
Aditya Vision,540205,AVL,Retailing,0.0579,0.0392,0.0954,0.0228,-0.0078,0.0772,0.2016,-0.2282,0.82,65.56,-83.62,155.5,34.24,-0.0843,0.6735,0.2026,-0.0505,0.2104,811
Electronics Mart,543626,EMIL,Retailing,-0.0972,-0.6525,0.0633,-0.0417,-0.3184,0.0412,0.0608,0.5267,1.29,49.97,-1.57,137.5,18.15,-0.289,0.2927,0.1108,-0.0333,0.4292,889
Avenue Super.,540376,DMART,Retailing,0.1545,0.0386,0.0728,0.0762,0.013,0.0598,0.1585,0.6607,0.07,98.51,75.51,765.1,56.68,-0.1644,0.2394,0.1344,-0.0104,0.1214,1122
Vishal Mega Mart,544307,VMM,Retailing,0.2095,0.3724,0.1462,0.0508,0.1297,0.096,0.1365,1.4019,0.27,96.33,7.43,4758.3,39.9,-0.1011,0.4772,0.1013,0.0172,-0.0284,1291
RattanIndia Ent,534597,RTNINDIA,Retailing,-0.0725,-0.4098,0.2632,0.0981,-4.1333,-0.0233,-0.2766,1.2446,1,,0,1031.6,-47.84,-0.33,0.3303,0.0959,-0.662,4.2292,1296
Baazar Style,544243,STYLEBAAZA,Retailing,0.3704,-0.8091,0.1542,0.076,-0.2159,0.0703,0.0256,0.5195,2.47,140.53,-6.51,44.4,15.74,-0.1779,0.7804,0.0705,-0.0412,0.2864,1329
Medplus Health,543427,MEDPLUS,Retailing,0.0654,0.4326,0.0886,0.0256,0.336,0.0554,0.0969,1.9297,0.65,48.77,1.45,61.8,16.74,-0.2457,0.3161,0.088,0.047,-0.248,1374
Cartrade Tech,543333,CARTRADE,Retailing,0.2542,1.1399,0.3288,0.1108,0.3978,0.359,0.0904,0.9537,0.06,73.22,1.84,28,46.68,-0.0996,1.4682,0.0624,0.0582,-0.3354,1504
Brainbees Solut.,544226,FIRSTCRY,Retailing,0.1274,0.1268,0.0178,0.0275,-0.0622,-0.0031,-0.0192,3.4598,0.33,,0,198.2,46.36,-0.4806,0.2077,-0.0407,0.0423,0.0215,1596
FSN E-Commerce,543384,NYKAA,Retailing,0.2341,1.4191,0.0653,0.0514,0.207,0.0317,0.0699,1.9803,1.01,898.75,43.41,15754.5,132.89,-0.0662,0.6172,0.0516,0.0272,-0.1554,1600
Entero Healthcar,544122,ENTERO,Retailing,0.2796,0.3845,0.0357,0.0602,0.0834,0.0352,0.0751,-0.4268,0.22,45.29,5.43,11.7,21.35,-0.3262,0.0216,0.0563,0.0065,-0.0271,1641
V-Mart Retail,534976,VMART,Retailing,0.1261,1.7677,0.1425,0.0305,1.2148,0.0509,0.0546,2.203,0.97,124.41,1.02,64.6,17.72,-0.2416,0.2327,0.0308,0.1492,-1.184,1645
Just Dial,535648,JUSTDIAL,Retailing,0.064,-0.2248,0.2873,0.0311,1.1289,0.5827,0.1254,0.9936,0.02,11.28,0.1,11.1,8.64,-0.3647,0.0734,0.0618,0.0255,-1.0671,1748
Arvind Fashions.,542484,ARVINDFASN,Retailing,0.1134,0.268,0.1321,0.0642,-0.5734,0.0859,0.0242,1.3422,1.22,,0,95.2,11.91,-0.1149,0.6571,-0.0363,-0.1243,0.5371,1772
Aditya Bir. Fas.,535755,ABFRL,Retailing,0.1256,-0.1393,0.0312,0.0519,0.1917,-0.0432,-0.0568,-4.4062,0.91,,0,188.4,16.12,-0.3138,0.121,-0.1093,0.0765,-0.301,1810
A B Lifestyle,544403,ABLBL,Retailing,0.0371,-0.4075,0.1554,0,0,0.0751,0.0377,1.9454,2.67,148.35,,1501.2,15.04,-0.2499,0.0205,0,0,0,1850
Shankara Build.,540425,SHANKARA,Retailing,0.2735,1.0187,0.0356,0.062,0.2114,0.0287,0.1457,0.409,0.12,3.58,0.17,0.9,2.16,-0.5311,0.2072,0.0929,-0.0185,-0.1185,1881
Sai Silks,543989,KALAMANDIR,Retailing,0.2793,0.6862,0.1621,0.1428,0.5193,0.1383,0.1381,0.5635,0.25,20.41,0.39,34.2,9.3,-0.2268,0.5529,0.0778,-0.0603,-0.4415,2105
Info Edg.(India),532777,NAUKRI,Retailing,0.1687,0.2938,0.3287,0.0401,1.7332,0.6509,0.5669,0.8475,0.01,83.1,0.48,159.6,41.99,-0.279,0.1515,0.0116,-0.0128,-1.7216,2108
Shoppers Stop,532638,SHOPERSTOP,Retailing,0.1271,-0.0823,0.1356,0.0505,0.5455,0.0615,0.006,2.0493,11.56,314.6,5.77,196.6,10.33,-0.3229,0.0026,0.0339,-0.2871,-0.5116,2194
Swiggy,544285,SWIGGY,Retailing,0.5443,-0.7528,-0.1437,0.2429,0.3428,-0.2127,-0.3792,0.7215,0.25,,0,2580.9,-33.24,-0.3412,0.3692,-2.5495,-2.5495,-2.8923,2269
Macfos,543787,BOM:543787,Retailing,-0.2383,-0.1863,0.1046,-0.0744,-0.0078,0.1111,0.4081,-0.9364,0.28,41.43,-53.03,9.9,27.48,-0.4882,0.2415,0.3673,0.3673,0.3751,LOW LIQUIDITY
Matrimony.com,540704,MATRIMONY,Retailing,-0.0436,-0.3987,0.1078,-0.0115,-0.122,0.1221,0.4753,0.909,0.22,28.04,-2.3,9.9,13.16,-0.3876,0.2832,0.1697,-0.0121,0.2917,LOW LIQUIDITY
Credo Brands,544058,MUFTI,Retailing,0.1513,0.9562,0.2683,0,0,0.1916,0.1634,1.3435,0.58,10.45,,11.5,4.89,-0.4823,0.0543,0.184,-0.0073,0.184,LOW LIQUIDITY
Bhatia Communic.,540956,BOM:540956,Retailing,0.0641,-0.0192,0.0504,0.0157,-0.0058,0.0452,0.2322,0.2576,0.09,24.89,-43.03,48.3,15.26,-0.2355,0.2406,0.1788,-0.0122,0.1846,LOW LIQUIDITY
Patel Retail,544487,PATELRMART,Retailing,0.0286,0.1307,0.083,0,0,0.0633,0.2565,0.5339,1.36,27.8,,,14.06,-0.2889,0,0.2206,-0.0504,0.2206,LOW LIQUIDITY
Logica Infoway,543746,BOM:543746,Retailing,0.0712,0.3218,0.0249,0,0,0.0242,0.1981,0.3166,1.35,35.9,,7.6,17.48,-0.2204,0.2269,0.1409,-0.0006,0.1409,LOW LIQUIDITY
Brand Concepts,543442,BCONCEPTS,Retailing,-0.0679,-2.5455,0.0418,-0.0185,-0.717,0.051,0.0268,-0.1435,1.74,307.83,-4.29,6.4,21.48,-0.3596,0.4478,0.0713,-0.1826,0.7883,LOW LIQUIDITY
Spencer's Retail,542337,SPENCERS,Retailing,-0.2416,-0.4186,-0.016,-0.0664,-0.0087,-0.0554,-1.1592,-0.3639,,,0,-6.1,56.05,-0.4926,0.0006,0,0,0.0087,LOW LIQUIDITY
City Pulse Multi,542727,BOM:542727,Retailing,1.7805,1.2,0.8158,0.2598,0.2313,0.5734,0.2812,2.9481,0.02,1939.01,83.82,37.4,1284.46,-0.0811,0,0.0148,0.0116,-0.2165,LOW LIQUIDITY
Osia Hyper Reta.,,OSIAHYPER,Retailing,0.0056,0.2018,0.0571,0.0013,0.0686,0.045,0.0436,-3.456,0.49,16.02,2.33,14,6.86,-0.4683,0.7958,0.066,-0.0512,-0.0026,LOW LIQUIDITY
Tejas Networks,540595,TEJASNET,Telecom - Equipment & Accessories,-0.9069,-2.1161,-1.1218,-0.4382,-1.9113,-0.062,-0.1013,-0.5171,1.29,,0,50.3,135.31,-0.635,0.0013,0.1277,0.1071,2.039,149
Frog Cellsat,,FROG,Telecom - Equipment & Accessories,0.0904,-0.5773,0.1349,0,0,0.1548,0.1995,-0.0766,0.13,13.47,,3.1,8.67,-0.5545,0.0002,0.1624,0.0548,0.1624,283
Sterlite Tech.,532374,STLTECH,Telecom - Equipment & Accessories,0.1686,1.2083,0.1295,0.1219,-0.8968,0.0511,0.0095,2.6165,0.97,,0,140.1,13.09,-0.166,1.2411,-0.0628,-0.0289,0.834,1417
Optiemus Infra.,530135,OPTIEMUS,Telecom - Equipment & Accessories,-0.1163,0.1969,0.0615,-0.0303,0.0387,0.0595,0.1249,-0.1176,0.3,76.27,19.7,65.7,38.53,-0.3006,0.5052,0.1159,-0.0244,0.0772,1521
ITI,523610,ITI,Telecom - Equipment & Accessories,-0.0423,0.0758,-0.0147,-0.0061,-0.0183,-0.0115,-0.1539,3.499,0.94,,0,1861.8,1101.38,-0.4656,0.3585,-0.1615,0.1163,-0.1432,1706
ADC India,523411,BOM:523411,Telecom - Equipment & Accessories,-0.0724,-0.2859,0.1312,-0.0189,-0.0814,0.1641,0.4516,0.7908,0,31.15,-3.83,4.6,21.12,-0.272,0.6882,0.3474,0.0105,0.4288,LOW LIQUIDITY
Valiant Commun.,526775,BOM:526775,Telecom - Equipment & Accessories,0.5857,0.8821,0.3436,0.2383,0.4951,0.2914,0.2514,0.0637,0.03,67.75,1.37,14.7,42.77,-0.0049,2.7727,0.1614,0.0175,-0.3337,LOW LIQUIDITY
Birla Cable,500060,BIRLACABLE,Telecom - Equipment & Accessories,-0.0311,-0.655,0.0409,0.0074,0.006,0.0275,0.027,5.5809,0.41,94.72,157.87,5.3,16.91,-0.349,0.2669,0.0198,-0.0491,0.0138,LOW LIQUIDITY
Indus Towers,534816,INDUSTOWER,Telecom - Services,0.0968,-0.1728,0.5584,0.0464,-0.0328,0.4407,0.2178,1.3388,0.58,11.37,-3.46,793.7,6.09,-0.0824,0.2624,0.325,0.0831,0.3578,81
Bharti Hexacom,544162,BHARTIHEXA,Telecom - Services,0.1047,0.6642,0.5213,0.0669,0.2073,0.301,0.2197,2.0189,1.24,57.21,2.76,773.7,20.27,-0.1057,0.4987,0.2515,0.1113,0.0442,279
Tata Comm,500483,TATACOMM,Telecom - Services,0.0649,-0.1824,0.1924,0.032,-0.2475,0.0862,0.2044,1.3847,4.68,54.08,-2.18,540.2,14.22,-0.055,0.467,0.5518,-0.1003,0.7993,345
Railtel Corpn.,543265,RAILTEL,Telecom - Services,0.1279,0.054,0.1624,0.0844,0.0272,0.117,0.2005,0.597,0.03,35.43,13.05,174.1,17.74,-0.2544,0.346,0.1646,0.0122,0.1374,517
Bharti Airtel,532454,BHARTIARTL,Telecom - Services,0.2573,0.6511,0.5669,0.125,0.42,0.3258,0.1278,2.1191,1.77,38.94,0.93,6065.3,12.75,-0.0221,0.3823,0.2318,0.0842,-0.1882,549
Pace Digitek,544550,PACEDIGITK,Telecom - Services,0.0728,0.2041,0.2181,0,0,0.2059,0.3399,-0.3502,0.14,16.7,,,9.01,-0.0754,0.0618,0.3138,-0.199,0.3138,692
Route Mobile,543228,ROUTE,Telecom - Services,0.0054,-0.1282,0.1214,-0.0102,-0.1153,0.0995,0.156,1.239,0.01,15.05,-1.3,11,6.28,-0.5408,0.0017,0.1448,-0.0374,0.2601,908
Bondada Engineer,543971,BOM:543971,Telecom - Services,1.5316,1.4765,0.1176,0.4684,0.5064,0.1155,0.3863,-0.8903,0.41,29.25,0.58,94,18.32,-0.394,0.3212,0.3624,-0.0093,-0.144,1012
HFCL,500183,HFCL,Telecom - Services,-0.046,-0.0816,0.1822,-0.083,-0.8431,0.0728,0.0065,0.9861,0.38,391.95,-4.65,381,30.74,-0.4436,0.1033,0.0442,-0.0492,0.8873,1254
Megasoft,532408,MEGASOFT,Telecom - Services,0,9.1186,,,-5.1106,,0.8208,1.3781,0.97,12.7,-0.02,80.3,8.61,-0.0934,3.3243,-0.1847,-0.1165,4.9259,1709
Tata Tele. Mah.,532371,TTML,Telecom - Services,-0.167,0.029,0.4886,-0.0739,-0.014,0.3607,0.1235,1.2245,,,0,-105.6,52.24,-0.3861,0.0914,0,0,0.014,1838
STL Networks,544395,STLNETWORK,Telecom - Services,-0.4646,-23.6465,0.022,0,0,0.0558,,0,,,,,,-0.2627,0.2826,0,0,0,1850
GTL Infra.,532775,GTLINFRA,Telecom - Services,0.007,-0.1503,0.2387,0.0017,0.0434,0.0417,0.1617,10.477,,,0,-393.9,15.56,-0.4257,0.1721,0,0,-0.0434,1912
M T N L,500108,MTNL,Telecom - Services,-0.6424,-0.2194,-2.822,-0.1692,0.049,-0.9151,0.9242,-0.8369,,,0,-6.1,496.53,-0.3345,0.1007,0,0,-0.049,1915
Reliance Communi,532712,RCOM,Telecom - Services,-0.1443,-0.619,-0.0241,-0.0363,-0.9829,-0.3159,0.0017,-0.2737,,,0,-1,6731.81,-0.4856,0.0081,0,0,0.9829,LOW LIQUIDITY
Altius Telecom,543225,BOM:543225,Telecom - Services,0.7333,-0.0663,0.4074,0.1337,-0.019,0.2277,0.0191,1.5518,3.62,55.48,-29.12,987.1,10.35,-0.0566,0.0714,0.0591,0.0043,0.0781,LOW LIQUIDITY
Suyog Telematics,537259,SUYOG,Telecom - Services,0.1224,0.0071,0.7602,0.0292,0.0032,0.3789,0.1072,0.9792,0.53,20.16,62.88,2.3,7.98,-0.6276,0.003,0.1161,-0.1216,0.1129,LOW LIQUIDITY
Vodafone Idea,532822,IDEA,Telecom - Services,0.0489,-0.0274,0.4184,0.0118,0.0029,-0.0598,-0.2042,-3.1803,,,0,-10207.3,16.62,-0.122,0.5163,0,0,-0.0029,LOW LIQUIDITY
Vindhya Telelink,517015,VINDHYATEL,Telecom - Services,0.0889,0.9905,0.0668,0.0183,0.1445,0.1026,0.1957,-1.5899,0.29,6.93,0.48,0.5,5.94,-0.406,0.1756,0.0503,-0.0261,-0.0942,LOW LIQUIDITY
Sar Televenture,,SARTELE,Telecom - Services,1.3899,1.1204,0.1433,0,0,0.1475,0.1092,-3.5563,0.01,18.02,,4.6,13.44,-0.5189,0.1019,0.1009,-0.2735,0.1009,
Page Industries,532827,PAGEIND,Textiles & Apparels,0.0306,0.2153,0.2238,0.0079,0.0489,0.2159,0.6571,1.1743,0.19,58.15,11.9,35.2,37.57,-0.2123,0.0257,0.4854,0.1019,0.4365,49
Pearl Global Ind,532808,PGIL,Textiles & Apparels,0.1663,0.1229,0.0916,0.0389,0.0597,0.0801,0.2079,0.4797,0.67,23.67,3.97,23.7,13.64,-0.2439,0.4845,0.2431,0.0166,0.1834,236
Kitex Garments,521248,KITEX,Textiles & Apparels,0.0328,-0.2401,0.1738,0.0064,-0.0468,0.1991,0.093,0.2668,1.05,30.06,-6.42,76.7,23.62,-0.3863,0.3618,0.1431,0.0793,0.1899,274
Garware Tech.,509557,GARFIBRES,Textiles & Apparels,0.0921,0.1354,0.1855,0.0201,0.0268,0.2125,0.5633,0.5936,0.05,31.13,11.63,59.2,20.44,-0.2441,0.1227,0.1872,0.0001,0.1604,494
Ganesha Ecosphe.,514167,GANECOS,Textiles & Apparels,0.0017,-0.5233,0.1076,0.0004,-0.1156,0.1086,0.076,0.2374,0.48,35.17,-3.04,7.1,16.87,-0.5173,0.044,0.0938,0.0467,0.2094,495
PDS,538730,PDSL,Textiles & Apparels,0.0341,-0.555,0.0301,0.0391,-0.3065,0.0268,0.1075,-0.0875,0.72,49.92,-1.63,44.9,11.85,-0.4204,0.3173,0.1107,-0.0194,0.4172,760
Welspun Living,514162,WELSPUNLIV,Textiles & Apparels,-0.1088,-0.5281,0.0997,-0.0262,-0.1515,0.0922,0.1141,0.6395,0.57,22.95,-1.52,250.4,11.34,-0.3192,0.2199,0.1366,-0.0215,0.2881,762
Siyaram Silk,503811,SIYSIL,Textiles & Apparels,0.1613,0.2716,0.1524,0.0811,0.0562,0.1303,0.1951,0.8748,0.3,17.27,3.07,12.1,10.44,-0.3209,0.4376,0.1636,0.001,0.1074,765
Mafatlal Inds.,500264,BOM:500264,Textiles & Apparels,0.0343,-0.1585,0.0237,0.293,0.1447,0.0305,0.3672,-1.0169,0.08,11.3,0.78,11.6,8.86,-0.1429,0.6143,0.1294,0.0474,-0.0153,914
Vardhman Textile,502986,VTL,Textiles & Apparels,-0.0089,-0.0499,0.1348,0.0056,-0.0089,0.1195,0.0992,1.3686,0.15,14.72,-16.54,35.3,8.58,-0.2404,0.1862,0.0895,0.0186,0.0984,1042
K P R Mill Ltd,532889,KPRMILL,Textiles & Apparels,0.1027,0.0636,0.1925,0.0483,0.0503,0.1694,0.2016,1.2861,0.06,42.57,8.47,228,25.84,-0.2523,0.3811,0.1704,-0.0245,0.1201,1053
Sangam India,514234,SANGAMIND,Textiles & Apparels,0.1396,-0.7721,0.073,0.0339,-0.3007,0.0459,0.0157,3.027,1.13,92.74,-3.08,10,12.89,-0.1307,0.5212,0.0347,-0.0117,0.3354,1153
Indo Count Inds.,521016,ICIL,Textiles & Apparels,0.0184,-0.5143,0.1148,0.0042,-0.1651,0.098,0.0994,0.8611,0.64,26.28,-1.59,47.1,12.54,-0.3549,0.2981,0.113,-0.0622,0.2781,1215
Bombay Dyeing,500020,BOMDYEING,Textiles & Apparels,-0.1622,-0.1049,-0.0372,-0.0456,0.02,0.0368,0.1392,-0.3104,0,110.36,55.29,28.5,35.69,-0.3443,0.3505,0.0137,0.9591,-0.0063,1259
Aayush Art,540718,BOM:540718,Textiles & Apparels,276.5882,7.6667,0.0439,0,0,0.0327,0.0557,-16.7759,0,848.29,,44.5,623.85,-0.0149,1.9689,0.0466,0.0316,0.0466,1307
Jindal Worldwide,531543,JINDWORLD,Textiles & Apparels,0.0963,-0.0343,0.0747,0.0229,-0.0091,0.0692,0.1075,1.0243,1.01,47.3,-52.06,451.7,21.05,-0.6233,0.0475,0.1006,-0.0099,0.1097,1364
Filatex India,526227,FILATEX,Textiles & Apparels,0.0256,2.5323,0.0767,0.0051,0.3164,0.0596,0.1469,1.5212,0.1,15.11,0.48,84.4,8.36,-0.1781,0.7741,0.1061,0.0101,-0.2103,1516
Arvind Ltd,500101,ARVIND,Textiles & Apparels,0.096,0.3544,0.0884,0.0211,0.0754,0.0801,0.1162,1.1143,0.41,22.28,2.95,56.6,10.23,-0.3071,0.1493,0.0932,-0.0041,0.0178,1567
Alok Industries,521070,ALOKINDS,Textiles & Apparels,0.0626,0.3604,0.0046,-0.005,-0.1128,-0.0471,-0.1864,-0.4181,,,0,-203,308.19,-0.2956,0.2446,0,0,0.1128,1622
Trident,521064,TRIDENT,Textiles & Apparels,-0.0206,0.8983,0.171,-0.0051,0.1853,0.0971,0.1026,1.5692,0.35,32.84,1.77,1578.8,14.65,-0.301,0.2159,0.0823,0.0007,-0.103,1686
Indo Rama Synth.,500207,INDORAMA,Textiles & Apparels,0.3827,3.7503,0.0696,0.0849,29.0533,0.048,0.1517,2.4493,3.09,24.66,0.01,128.2,10.79,-0.0772,1.3784,0.0066,0.4337,-29.0467,1722
Raymond Lifestyl,544240,RAYMONDLSL,Textiles & Apparels,0.0727,-0.136,0.1233,0.0541,0.2281,0.0537,0.0123,1.2192,0.26,88.17,3.87,4.4,13.24,-0.5023,0.3336,0.0067,0.0067,-0.2214,1928
Gokaldas Exports,532630,GOKEX,Textiles & Apparels,0.0254,0.5258,0.1018,0.0061,0.256,0.0823,0.1178,0.2145,0.41,35.69,1.39,21.2,14.88,-0.333,0.26,0.0816,-0.0211,-0.1744,1951
Faze Three,530079,FAZE3Q,Textiles & Apparels,0.4471,0.8413,0.1128,0.096,0.3461,0.1027,0.1559,0.4255,0.43,26.23,0.76,7,13.78,-0.3419,0.5492,0.0853,-0.0333,-0.2608,2019
Himatsing. Seide,514043,HIMATSEIDE,Textiles & Apparels,-0.1068,-0.4698,0.1837,-0.0283,7.3502,0.1493,0.0524,0.5747,1.26,10.12,0.01,9.4,7.16,-0.4771,0.1265,0.01,-0.0676,-7.3402,2187
Sunrakshakk Inds,539300,BOM:539300,Textiles & Apparels,4.1624,12.3061,0.0928,0,0,0.0855,0.1771,0.0091,0.82,41.32,,34.3,28.24,-0.2139,1.945,0.2425,0.2425,0.2425,LOW LIQUIDITY
Borana Weaves,544404,BORANA,Textiles & Apparels,0.3018,0.2127,0.2117,0,0,0.1892,0.4304,0.4122,0.69,14.32,,,9.94,-0.1381,0.0972,0.6033,-0.0537,0.6033,LOW LIQUIDITY
United Polyfab,,UNITEDPOLY,Textiles & Apparels,0.0614,0.5729,0.0914,0.014,0.1221,0.059,0.1706,0.6121,1.22,51.46,4.21,240.9,23.05,-0.13,2.9741,0.1999,0.1169,0.0778,LOW LIQUIDITY
VTM,532893,BOM:532893,Textiles & Apparels,0.2173,-0.1205,0.1171,0.0373,0.0276,0.172,0.2444,-0.6275,0.13,15.3,5.55,22.5,10.1,-0.4456,1.4294,0.1529,0.0974,0.1253,LOW LIQUIDITY
Manomay Tex Indi,540396,MANOMAY,Textiles & Apparels,0.055,-0.1292,0.1239,0.0123,-0.0338,0.0838,0.0787,0.072,2.22,20.13,-5.96,4.6,7.97,-0.1643,0.4205,0.1389,0.0331,0.1727,LOW LIQUIDITY
Nitin Spinners,532698,NITINSPIN,Textiles & Apparels,-0.0759,-0.1748,0.131,-0.0202,-0.0484,0.0941,0.1123,0.9393,0.67,10.43,-2.16,7.2,5.87,-0.373,0.0688,0.1428,0.0219,0.1912,LOW LIQUIDITY
Raghuvir Synth,514316,BOM:514316,Textiles & Apparels,0.0992,7.3077,0.0777,0.0224,0.4205,0.0445,0.2048,2.0177,1.02,33.6,0.8,47.5,19.22,-0.6449,0.0406,0.2944,0.0757,-0.1261,LOW LIQUIDITY
Sarla Performanc,526885,SARLAPOLY,Textiles & Apparels,-0.0757,0.3465,0.1054,-0.0149,0.0695,0.2198,0.3343,0.6768,0.37,10.87,1.56,12.6,7.81,-0.3294,0.3051,0.1388,0.0589,0.0693,LOW LIQUIDITY
Cantabil Retail,533267,CANTABIL,Textiles & Apparels,0.1646,0.0305,0.2393,0.077,0.0462,0.1843,0.1335,1.1294,1.26,25.98,5.62,41.6,10.94,-0.2731,0.1535,0.2081,-0.0151,0.1619,LOW LIQUIDITY
RSWM Ltd,500350,RSWM,Textiles & Apparels,-0.0311,1.5682,0.0622,-0.0078,-0.5907,0.024,-0.0085,5.3001,1.32,,0,2.6,8.94,-0.3056,0.2322,-0.0319,0.0428,0.5588,LOW LIQUIDITY
AYM Syntex,508933,AYMSYNTEX,Textiles & Apparels,-0.0597,-2.5639,0.0511,-0.0139,-0.5406,0.0333,0.0171,1.6927,0.35,169.95,-3.14,10,10.29,-0.4822,0.0111,0.0253,0.0115,0.5659,LOW LIQUIDITY
Sportking India,539221,SPORTKING,Textiles & Apparels,-0.0761,0.1043,0.1204,-0.0189,0.0395,0.0808,0.1145,2.0448,0.71,11.17,2.83,17.2,6.58,-0.2929,0.4161,0.1235,0.038,0.084,LOW LIQUIDITY
Sumeet Industrie,514211,SUMEETINDS,Textiles & Apparels,-0.0683,1.9421,0.0547,-0.0182,-2.8918,0.0126,0.098,-67.223,0.63,167.76,-0.58,608.2,56.8,-0.148,2.2811,0,0,2.8918,LOW LIQUIDITY
Iris Clothings,,IRISDOREME,Textiles & Apparels,0.1899,0.0868,0.1406,0.0562,0.0152,0.1443,0.2,0.1149,0.61,45.5,29.85,140.3,23.72,-0.1369,0.5364,0.1733,-0.0203,0.1581,LOW LIQUIDITY
Monte Carlo Fas.,538836,MONTECARLO,Textiles & Apparels,0.0994,-0.2298,-0.0424,0.0114,-0.0375,0.1423,0.1432,0.4352,0.62,19.27,-5.14,3.7,8.93,-0.2766,0.4058,0.0978,0.0204,0.1353,LOW LIQUIDITY
Pashupati Cotsp.,544448,PASHUPATI,Textiles & Apparels,-0.3188,-0.1398,0.0392,0,0,0.0485,0.0741,0.9534,0.64,94.32,,13.3,35.14,-0.0012,0.741,0.1034,0.0312,0.1034,LOW LIQUIDITY
Lux Industries,539542,LUXIND,Textiles & Apparels,0.1293,-0.3079,0.0586,0.0268,-0.0476,0.0863,0.1291,-0.358,0.16,23.99,-5.04,6.4,15.67,-0.4322,0.0333,0.0981,0.0112,0.1457,LOW LIQUIDITY
Raj Rayon Inds.,530699,RAJRILTD,Textiles & Apparels,0.2867,2.7443,0.059,0.0682,0.6908,0.0354,0.084,1.6859,2.69,58.11,0.84,775.3,35.35,-0.2351,0.3563,0.1529,0.1216,-0.5379,LOW LIQUIDITY
Saraswati Saree,544230,SSDL,Textiles & Apparels,0.1105,0.041,0.062,0.0405,0.0082,0.0672,0.2432,0.0571,0.09,10.75,13.15,7.4,6.25,-0.4564,0.0455,0.2519,-0.337,0.2437,LOW LIQUIDITY
Sanathan Textile,544314,SANATHAN,Textiles & Apparels,0.1022,-0.3821,0.0772,0.0133,-0.116,0.0736,0.0611,1.2027,0.78,28.32,-2.44,17.9,18.84,-0.1775,0.6167,0.1015,-0.0072,0.2175,LOW LIQUIDITY
Bella Casa Fashi,539399,BELLACASA,Textiles & Apparels,0.2171,0.4114,0.0822,0.0462,0.0868,0.0765,0.1474,0.4453,0.21,35.93,4.14,5.5,20.31,-0.328,0.3161,0.1347,0.009,0.0479,LOW LIQUIDITY
Ambika Cotton,531978,AMBIKCO,Textiles & Apparels,-0.0818,-0.2606,0.1403,-0.0244,-0.0853,0.1431,0.0852,1.1871,0.06,12.61,-1.48,0.5,5.16,-0.273,0.0416,0.0746,0.0056,0.1599,LOW LIQUIDITY
S P Apparels,540048,SPAL,Textiles & Apparels,0.6446,0.1849,0.1312,0.1134,0.0347,0.1117,0.1615,0.2846,0.44,17.95,5.18,5.1,9.58,-0.2963,0.1478,0.1169,0.0026,0.0822,LOW LIQUIDITY
Rupa & Co,533552,RUPA,Textiles & Apparels,-0.1255,-0.3623,0.0665,-0.0213,-0.0409,0.1059,0.107,0.4385,0.23,18.96,-4.64,11.8,10.83,-0.3502,0.0925,0.0839,0.0063,0.1248,LOW LIQUIDITY
Donear Inds.,512519,DONEAR,Textiles & Apparels,-0.0135,0.0023,0.1079,-0.0029,0.0006,0.0839,0.1847,-0.0069,1.66,16.38,261.18,11.6,10.03,-0.4567,0.1775,0.1452,-0.039,0.1446,LOW LIQUIDITY
Ginni Filaments,590025,GINNIFILA,Textiles & Apparels,0.6231,4.3994,0.2227,0.2809,0.6253,0.0993,0.1657,0.4157,0.37,13.4,0.21,16.4,8.68,-0.2301,1.3495,0.0887,0.337,-0.5366,LOW LIQUIDITY
SBC Exports,542725,SBC,Textiles & Apparels,0.0754,-0.3462,0.0836,0.0223,0.378,0.0944,0.2322,-2.8517,2.4,78.12,2.07,1029.7,54.81,-0.0064,1.2511,0.2214,-0.0177,-0.1566,LOW LIQUIDITY
Soma Textiles,521034,SOMATEX,Textiles & Apparels,0.4748,3.1404,-1.1415,0.0695,-2.0735,0.065,0.109,2.7339,0.02,371.06,-1.79,11.3,486.61,0,3.7495,-0.011,-0.0297,2.0625,LOW LIQUIDITY
Voith Paper,522122,BOM:522122,Textiles & Apparels,0.1703,0.2261,0.2969,0.0404,0.0576,0.2879,0.1459,0.588,0,19.77,3.43,1,8.85,-0.1823,0.4293,0.1089,-0.0005,0.0513,LOW LIQUIDITY
Century Enka,500280,CENTENKA,Textiles & Apparels,-0.2396,-0.3681,0.0495,-0.0632,-0.0156,0.0434,0.0641,1.3699,0.03,17.45,-11.21,1.6,7.63,-0.3798,0.1086,0.0424,0.0168,0.058,LOW LIQUIDITY
GHCL Textiles,543918,GHCLTEXTIL,Textiles & Apparels,0.1097,-0.2228,0.1089,0.0114,-0.0497,0.0643,0.0392,2.4217,0.04,14.46,-2.91,5,6.35,-0.3098,0.2345,0.0396,0.0044,0.0893,LOW LIQUIDITY
Vardhman Acrylic,,VARDHACRLC,Textiles & Apparels,0.2659,0.6026,0.0019,0.1105,-0.1299,0.0414,0.0486,1.6202,0,32.5,-2.5,11.5,18.92,-0.3117,0.1267,0.0486,-0.0237,0.1785,LOW LIQUIDITY
VIP Clothing,532613,VIPCLOTHNG,Textiles & Apparels,0.3059,8.6522,0.0953,0.0647,0.3645,0.0735,0.0408,-2.4791,0.45,41.5,1.14,15.1,18.21,-0.3553,0.225,0.0338,0.1213,-0.3307,LOW LIQUIDITY
Thomas Scott,533941,THOMASCOTT,Textiles & Apparels,0.9711,1.4964,0.1134,0.301,0.0491,0.1123,0.1817,-2.1919,0.13,44.39,9.04,7.1,26.19,-0.1999,1.2109,0.1638,-0.1443,0.1147,LOW LIQUIDITY
Precot,,PRECOT,Textiles & Apparels,-0.0069,-0.0131,0.1383,0.0363,0.4881,0.1041,0.0997,1.1708,0.73,11.81,0.24,1.5,7.77,-0.307,0.4452,0.0755,0.0322,-0.4126,LOW LIQUIDITY
Dollar Industrie,541403,DOLLAR,Textiles & Apparels,0.1922,0.448,0.1047,0.0368,0.0759,0.0862,0.1442,0.6034,0.36,21.27,2.8,13.1,12.23,-0.3708,0.0073,0.1056,-0.0129,0.0297,LOW LIQUIDITY
Orbit Exports,512626,ORBTEXP,Textiles & Apparels,-0.0314,-0.3719,0.2037,0.0565,0.1499,0.2257,0.2326,0.7202,0.04,14.73,0.98,5,8.67,-0.306,0.5343,0.1313,-0.0201,-0.0186,LOW LIQUIDITY
AB Cotspin,544522,ABCOTS,Textiles & Apparels,-0.0803,0.859,0.1502,-0.0195,0.1942,0.0892,0.0926,-0.6949,1.5,77.12,3.97,13.7,31.28,-0.1753,0.2288,0.1116,-0.0091,-0.0826,LOW LIQUIDITY
Banswara Syntex,503722,BANSWRAS,Textiles & Apparels,0.1292,-2.2232,0.0576,0.0271,-0.1027,0.0529,0.0365,1.0973,0.81,20.32,-1.98,2.4,7.01,-0.347,0.059,0.04,-0.0274,0.1427,LOW LIQUIDITY
Filatex Fash.,532022,FILATFASH,Textiles & Apparels,0.8579,-0.185,0.0511,0.1163,-0.095,0.0722,0.0999,0.1583,0.02,47.17,-4.97,144.4,29.93,-0.5385,0.1429,0.0041,-0.0032,0.0991,LOW LIQUIDITY
Kewal Kir.Cloth.,532732,KKCL,Textiles & Apparels,0.1369,-0.34,0.2002,0.077,0.1179,0.1962,0.2583,0.1826,0.18,25.61,2.17,22.3,16.42,-0.2051,0.222,0.1487,-0.1027,0.0308,LOW LIQUIDITY
Sutlej Textiles,532782,SUTLEJTEX,Textiles & Apparels,-0.0817,-1.847,-0.0001,-0.0202,0.1875,-0.024,-0.0672,-1.517,0.98,,0,10.6,30.85,-0.5478,0.0922,-0.0704,0.0418,-0.2579,LOW LIQUIDITY
Ashima,514286,ASHIMASYN,Textiles & Apparels,-0.6888,-1.2082,-0.0943,0.0221,-0.6785,0.1063,-0.0174,-2.4606,0.41,,0,25.3,255.55,-0.4655,0.2113,-0.0575,-0.4171,0.621,LOW LIQUIDITY
Nahar Spinning,500296,NAHARSPING,Textiles & Apparels,-0.0019,1.1196,0.0707,-0.0005,1.3603,0.0329,0.0238,0.9619,0.74,29.95,0.22,1.8,8.93,-0.3474,0.1153,0.0071,0.0312,-1.3532,LOW LIQUIDITY
R&B Denims,538119,RNBDENIMS,Textiles & Apparels,0.309,0.646,0.1099,0.0661,0.4377,0.1273,0.2067,0.5391,0.52,37.58,0.86,56.5,18.71,-0.1876,0.75,0.1233,-0.0296,-0.3144,LOW LIQUIDITY
Virat Industries,530521,BOM:530521,Textiles & Apparels,0.4374,3,0.0348,0.0825,0.7444,0.0631,0.0821,-0.6406,0.02,200.73,2.7,5.9,101.78,-0.2752,1.2947,0.0346,0.0077,-0.7098,LOW LIQUIDITY
Nandan Denim,532641,NDL,Textiles & Apparels,0.4518,0.4953,0.0309,0.0919,0.1105,0.0217,0.0515,1.1508,0.4,12.68,1.15,109.9,5.13,-0.4604,0.1047,0.0556,-0.0214,-0.0549,LOW LIQUIDITY
Ruby Mills,503169,RUBYMILLS,Textiles & Apparels,0.4687,0.3736,0.157,0.0982,0.3009,0.237,0.2597,-0.7201,0.52,16.68,0.55,4,14.61,-0.3005,0.3232,0.0566,-0.0186,-0.2443,LOW LIQUIDITY
Lakshmi Mills,502958,BOM:502958,Textiles & Apparels,-0.1479,-16.0775,0.0939,-0.0363,3.8817,0.0319,-0.1426,3.1728,0.15,,0,0,30.02,-0.1252,0.7959,-0.006,0.0157,-3.8877,LOW LIQUIDITY
Nahar Indl. Ent.,519136,NAHARINDUS,Textiles & Apparels,0.0963,4.2436,0.0391,0.0223,1.1346,0.0499,0.0279,1.2911,0.63,20.78,0.18,2.1,8.61,-0.3057,0.2624,0.0111,0.0035,-1.1235,LOW LIQUIDITY
Bizotic Commer.,543926,BOM:543926,Textiles & Apparels,0.3958,5.2074,0.1576,0.1767,1.5245,0.1121,0.2832,0.8068,0.13,50.78,0.33,6.7,34.91,0,8.7631,0.0761,-0.0214,-1.4484,LOW LIQUIDITY
Rajapalayam Mill,532503,BOM:532503,Textiles & Apparels,-0.1348,2.183,0.1213,-0.0327,0.9436,0.0244,0.039,7.8082,0.48,24.85,0.26,0.3,19.59,-0.2572,0.1389,0.0071,-0.0004,-0.9365,LOW LIQUIDITY
Anand Rayons,542721,BOM:542721,Textiles & Apparels,0.0802,1.2692,0.0149,0.018,0.5303,0.0244,0.0665,1.5363,0.21,178.58,3.37,22.7,115.42,-0.0528,9.204,0.0613,-0.0289,-0.469,LOW LIQUIDITY
Vardhman Polytex,514175,VARDMNPOLY,Textiles & Apparels,-0.0701,1.0177,0.0279,-0.0144,368.5714,0.1397,0.5382,-6.9309,,13.65,0,-71.2,8.5,-0.4997,0.0132,0,0,-368.5714,LOW LIQUIDITY
Rudra Ecovation,514010,BOM:514010,Textiles & Apparels,-0.0112,-2.3462,-0.0492,-0.0019,0.1854,-0.0983,-0.2277,-7.3775,0.1,,0,48.9,-292.92,-0.5253,0.2741,-0.0573,-0.0168,-0.2427,LOW LIQUIDITY
Trident Texofab,540726,BOM:540726,Textiles & Apparels,0.0922,0.4571,0.0737,0.0194,2.3976,0.0583,0.0701,-2.0478,0.63,179.71,0.75,14.5,59.91,-0.1083,2.4085,0.0261,-0.0286,-2.3715,LOW LIQUIDITY
Varvee Global,514274,VGL,Textiles & Apparels,-1.0407,0.1284,2.0182,-0.3317,-1.1948,0.6098,-0.9011,-0.3466,2.64,20.44,-0.17,24.1,20.72,-0.2772,1.4982,-3.479,-2.3103,-2.2842,LOW LIQUIDITY
Swaraj Suiting,,SWARAJ,Textiles & Apparels,0.4433,0.8458,0.1896,0,0,0.1526,0.1241,0.6427,1.74,13.51,,6.5,9.59,-0.2756,0.4801,0.2565,0.0434,0.2565,
Shree Karni,,SHREEKARNI,Textiles & Apparels,0.1854,-0.1924,0.1915,0,0,0.1478,0.1951,-0.2676,1.11,26.79,,3.1,16.18,-0.3435,0.1665,0.1877,0.1877,0.1877,
Karnika Industri,,KARNIKA,Textiles & Apparels,0.1983,0.3739,0.1457,0,0,0.1579,0.3612,0.1535,0.85,48.62,,71,31.05,-0.2709,2.166,0.2696,-0.0147,0.2696,
Purple United,,PURPLEUTED,Textiles & Apparels,0,0,0.1871,0,0,0.1836,0.1895,-1.6392,0.68,50.79,,8.4,27.58,-0.0588,3.629,0.2689,-0.0365,0.2689,
Spunweb Nonwoven,,SPUNWEB,Textiles & Apparels,0,0,0.1765,0.1511,0.6766,0.1341,0.1681,0.1261,0.9,20.28,0.3,8,10.44,-0.1227,0.1667,0.3047,0.0687,-0.3719,
Le Merite Export,,LEMERITE,Textiles & Apparels,-0.0471,16.3889,0.016,0,0,0.0329,0.0627,-0.7115,0.9,195.6,,24.3,64.36,-0.0585,1.1521,0.056,0.0395,0.056,
Vishal Fabrics,538598,VISHAL,Textiles & Apparels,0.1684,0.9123,0.0717,0.0377,0.151,0.0562,0.0953,1.1993,0.61,20.18,1.34,27.8,7.81,-0.3256,0.2922,0,0,-0.151,
BF Utilities,532430,BFUTILITIE,Transport Infrastructure,0.0587,-0.6331,-0.3518,0.0172,-0.6934,0.6005,0.6423,-1.1009,0.06,531.07,-7.66,59.7,214.28,-0.3602,0.2084,0.1022,0.0317,0.7956,253
Guj Pipavav Port,533248,GPPL,Transport Infrastructure,0.3185,0.3783,0.5941,0.0777,0.0765,0.5465,0.27,0.8234,0.02,19.89,2.6,190,10.8,-0.1293,0.4571,0.1896,0.0015,0.1131,623
Adani Ports,532921,ADANIPORTS,Transport Infrastructure,0.2972,0.2507,0.5825,0.1401,0.1121,0.5137,0.131,1.1334,0.85,26.03,2.32,1006.5,15.87,-0.0315,0.4559,0.1876,0.0068,0.0755,671
Dreamfolks Servi,543591,DREAMFOLKS,Transport Infrastructure,0.0877,0.2379,0.0772,0.0218,0.0672,0.0747,0.461,0.6154,0.04,9.58,1.42,11.8,6.03,-0.734,0.2601,0.2425,-0.1086,0.1753,998
JSW Infrast,543994,JSWINFRA,Transport Infrastructure,0.2639,-0.0276,0.4817,0.1069,0.1013,0.4474,0.1288,1.0583,0.52,37.65,3.72,1228.7,22.58,-0.1854,0.3035,0.1624,-0.0272,0.0611,1298
GMR Airports,532754,GMRAIRPORT,Transport Infrastructure,0.3343,-0.4587,0.3634,0.0771,0.3894,0.2416,-0.0277,1.3932,,,0,-42494.3,29.72,-0.0167,0.4078,0,0,-0.3894,2021
Highway Infra,544477,HILINFRA,Transport Infrastructure,0.3807,1.2785,0.0965,0,0,0.0744,0.2757,-0.3449,0.54,22.76,,,17.44,-0.4488,0,0.1883,-0.0436,0.1883,LOW LIQUIDITY
Allcargo Termi,543954,ATL,Transport Infrastructure,0.0629,-0.0344,0.1947,0.013,-0.0329,0.1344,0.084,1.2515,2.09,25.48,-7.75,66.1,8.81,-0.2535,0.6369,0.1298,-0.0717,0.1627,LOW LIQUIDITY
Anantam Highways,544579,ANANTAM,Transport Infrastructure,0,0,,0,0,0.758,0.4961,-1.3654,8.7,5.54,,,7.72,-0.0818,0.0163,1.7703,3.3268,1.7703,
Cube Highways,543899,CUBEINVIT,Transport Infrastructure,0.283,2.3452,0.7327,0.1248,-1.3749,0.3617,0.0029,2.9664,1.32,587.24,-4.27,212.3,11.68,-0.0431,0.1334,-0.0068,0.1182,1.3681,
Indus Inf. Trust,544137,INDUSINVIT,Transport Infrastructure,0.466,0.0853,0.8012,0.0796,0.0613,0.8151,0.704,0.7168,0.44,11.02,1.8,48.9,11.24,-0.0178,0.2844,0.0938,0.0938,0.0325,
IRB InvIT Fund,540526,IRBINVIT,Transport Infrastructure,0.0621,0.1612,0.8414,0,0,0.5939,0.0346,1.492,0.84,11.56,,61.9,7.9,-0.0813,0.2332,0.0875,-0.0039,0.0875,
Roadstar Infra,544374,ROADSTAR,Transport Infrastructure,0.665,-8.0661,0.1692,0,0,0.3858,0.0019,2.1074,0.8,469.08,,,9.02,-0.25,0.2,0.0014,0.0029,0.0014,
National High,543385,NHIT,Transport Infrastructure,0.8148,1.0262,0.8149,0.1698,0.1654,0.5118,0.0153,1.7818,0.99,72.61,4.39,242.4,20.26,-0.007,0.1021,0.0179,-0.0091,-0.1475,
Vertis Infra.,,VERTIS,Transport Infrastructure,0.6068,0.3223,0.7783,0.1754,0.129,0.4465,0.054,1.2897,0.65,33,2.56,,10.58,0,0.0998,0.0864,-0.0711,-0.0426,
Interglobe Aviat,539448,INDIGO,Transport Services,0.0934,-1.6437,0.0294,0.0311,-0.1321,0.1326,0.0737,2.1421,8.83,43.53,-3.3,1000.5,13.11,-0.0861,0.4872,1.038,1.038,1.1701,11
Blackbuck,544288,BLACKBUCK,Transport Services,0.5228,1.5399,0.2498,0.2385,0.045,0.3094,0.5057,0.9307,0.01,32.33,7.18,170,57.54,-0.0865,1.7525,0.473,1.0673,0.428,28
Kernex Microsys.,532686,KERNEX,Transport Services,0.9501,1.0608,0.2249,0.1436,0.0764,0.2168,0.3716,0.3691,0.26,38.4,5.02,22,41.56,-0.2178,0.9933,0.3799,0.6599,0.3035,65
Afcom Holdings,544224,BOM:544224,Transport Services,1.9827,42.6613,0.3083,0,0,0.2779,0.7485,0.4127,0.14,28.02,,20.6,29.56,-0.3491,0.8989,0.2892,0.0046,0.2892,186
Shreeji Ship. Gl,544490,SHREEJISPG,Transport Services,0.113,0.3219,0.3275,0,0,0.2973,0.2323,0.7682,0.3,32.28,,99.8,20.88,-0.0311,0.211,0.3795,-0.0565,0.3795,376
TVS Supply,543965,TVSSCS,Transport Services,0.0208,19.4088,0.0683,0.0053,-9.6041,0.0364,0.0731,3.4908,1.16,49.96,-0.05,137.5,7.84,-0.3535,0.1853,-0.0072,0.0751,9.5969,439
Glottis,544557,GLOTTIS,Transport Services,0.1261,0.1097,0.1005,0,0,0.0834,0.734,0.0139,0.26,11.4,,,8.28,-0.2398,0.0078,0.7956,-0.3895,0.7956,449
VRL Logistics,539118,VRLLOG,Transport Services,-0.0032,0.3928,0.1897,0.0046,0.3192,0.1322,0.1498,1.6518,1.01,20.11,0.63,74.9,8.47,-0.1766,0.2395,0.1744,0.0844,-0.1448,694
Essar Shipping,533704,ESSARSHPNG,Transport Services,-0.3346,2.094,-2.7929,-0.0828,-26.8871,24.2635,-0.1452,5.7961,,4.99,0,-6.2,10.2,-0.2062,0.616,0,0,26.8871,810
GE Shipping Co,500620,GESHIP,Transport Services,-0.2034,-0.3246,0.535,-0.0576,-0.1174,0.3939,0.1277,1.1991,0.15,9.01,-0.77,15,4.09,-0.2145,0.3153,0.1409,-0.0692,0.2583,1110
Allcargo Logist.,532749,ALLCARGO,Transport Services,0.0144,-22.7474,0.0052,0.0066,-1.8084,0.0032,0.0103,1.4881,0.84,,0,139.1,9.85,-0.4014,0.3418,0.0249,-0.0281,1.8333,1143
S C I,523598,SCI,Transport Services,-0.1309,0.2151,0.3716,-0.0354,0.0855,0.2027,0.1085,0.8247,0.27,13.35,1.56,67.8,6.62,-0.0736,0.8796,0.1053,0.0178,0.0198,1167
Gateway Distri,543489,GATEWAY,Transport Services,0.4547,0.1178,0.2121,0.2229,-0.0115,0.1624,0.1166,1.2835,0.33,12.42,-10.77,70.5,8.07,-0.3262,0.2073,0.1224,-0.0152,0.1339,1194
Container Corpn.,531344,CONCOR,Transport Services,0.024,0.0324,0.2009,0.0057,0.0122,0.2009,0.1536,0.9416,0.07,30.36,24.82,246.9,15.76,-0.2412,0.0954,0.1079,-0.0002,0.0957,1221
Navkar Corporat.,539332,NAVKARCORP,Transport Services,0.1946,4.3721,0.1502,0.1034,-0.3956,-0.0331,-0.0108,-2.1415,0.09,,0,13.3,53.01,-0.3544,0.4142,-0.0196,-0.0179,0.376,1401
Delhivery,543529,DELHIVERY,Transport Services,0.1688,-5.9392,0.0266,0.055,-0.0205,0.0289,0.0159,2.1669,0.17,244.24,-119.26,264.8,39.7,-0.0784,0.9093,0.0152,0.0446,0.0357,1404
Western Carriers,544258,WCIL,Transport Services,-0.0163,-0.4291,0.05,-0.004,-0.1244,0.0564,0.0955,-0.0245,0.21,23.31,-1.87,16.4,10.84,-0.1147,1.0031,0.1062,-0.1178,0.2306,1508
Blue Dart Expres,526612,BLUEDART,Transport Services,0.0696,0.295,0.1626,0.035,0.1242,0.0754,0.2141,1.7985,0.65,56.44,4.55,22.9,16.82,-0.2178,0.1809,0.1619,-0.0655,0.0377,1613
Mahindra Logis.,540768,MAHLOG,Transport Services,0.1079,0.0372,0.0505,0.0604,-0.0027,0.0117,-0.0134,4.7419,0.59,,0,29.2,11.58,-0.1254,0.5627,-0.0796,0.0277,-0.0769,1822
Rel. Indl. Infra,523445,RIIL,Transport Services,-0.0057,-0.0192,-0.1726,-0.0002,0.0109,0.2924,0.0425,-0.2225,0,109.19,100.54,4.2,83.01,-0.3054,0.2045,0.0257,-0.0038,0.0148,1837
Sindhu Trade,532029,SINDHUTRAD,Transport Services,-0.7016,-0.7372,0.0801,-0.2241,11.6618,0.1386,0.1659,-0.3275,0.23,54.78,0.05,361.6,17.86,-0.3774,0.8961,0.0035,-0.0261,-11.6583,2150
Tiger Logistics,536264,TIGERLOGS,Transport Services,0.0134,0.0173,0.0575,0.0025,0.0037,0.0735,0.2808,-0.4782,0.25,16.53,44.65,34.3,10.69,-0.473,0.0841,0.2168,0.0925,0.2131,LOW LIQUIDITY
Transport Corp.,532349,TCI,Transport Services,0.075,0.0583,0.1052,0.0397,0.0551,0.1082,0.2436,0.7505,0.11,20.95,3.8,32.9,14.82,-0.11,0.3311,0.1979,0.0074,0.1428,LOW LIQUIDITY
TAAL Enterprises,539956,BOM:539956,Transport Services,-0.0459,0.2742,0.3338,-0.0118,0.1606,0.3869,0.8404,0.6648,0.02,19.13,1.19,1.5,12.48,-0.2687,0.5128,0.2434,0.0094,0.0828,LOW LIQUIDITY
Transworld Shipp,520151,TRANSWORLD,Transport Services,0.0105,-4.9645,0.1937,0.0022,-0.1635,0.1523,0.04,2.144,0.41,14.33,-0.88,1.5,5.21,-0.5051,0.0422,0.0571,0.1699,0.2206,LOW LIQUIDITY
Ecos (India),544239,ECOSMOBLTY,Transport Services,0.2331,0.0008,0.123,0.0708,0.0403,0.1185,0.5679,0.9993,0.07,20.78,5.16,33.2,11.79,-0.5397,0.2136,0.2831,-0.0997,0.2428,LOW LIQUIDITY
Ritco Logistics,542383,RITCO,Transport Services,0.3983,0.3456,0.0802,0.0873,0.0656,0.0706,0.1795,-0.1163,0.95,14.52,2.22,6.3,9.41,-0.4243,0.173,0.1841,-0.0201,0.1185,LOW LIQUIDITY
Allcargo Gati,532345,ACLGATI,Transport Services,-0.0025,-0.2756,0.0365,0.0341,-0.1075,0.0137,0.0078,3.2936,0.29,94.49,-8.79,17,11.12,-0.3741,0.2308,0.0154,0.0432,0.1229,LOW LIQUIDITY
Snowman Logistic,538635,SNOWMAN,Transport Services,0.085,-5.7705,0.1284,0.0628,-0.4681,0.0469,0.0095,2.1836,0.8,270.01,-5.77,32.4,12.08,-0.4159,0.098,0.0133,-0.0136,0.4814,LOW LIQUIDITY
TCI Express,540212,TCIEXP,Transport Services,-0.0213,-0.0896,0.1044,-0.0052,0.0065,0.0988,0.1845,0.9967,0.01,29.03,44.89,12.8,18.29,-0.3285,0.1555,0.1196,-0.082,0.1131,LOW LIQUIDITY
AVG Logistics,543910,AVG,Transport Services,0.0152,-0.0464,0.1877,0.0034,-0.0168,0.0991,0.0818,0.6813,0.87,15.43,-9.17,2,5.4,-0.5472,0.0881,0.0957,-0.0526,0.1125,LOW LIQUIDITY
Shree Vasu Logis,,SVLL,Transport Services,0.4749,1.4933,0.2501,0.1106,0.5138,0.1087,0.0443,1.1674,1.95,264.7,5.15,29.3,21.25,-0.1118,1.7737,0.0658,-0.0378,-0.448,LOW LIQUIDITY
SEAMEC Ltd,526807,SEAMECLTD,Transport Services,-0.0189,0.8167,0.4593,-0.0062,0.5168,0.2276,0.1665,2.8038,0.23,18.95,0.37,5.5,8.13,-0.3697,0.1432,0.0793,-0.0592,-0.4375,LOW LIQUIDITY
TransIndia Real,543955,TREL,Transport Services,0.1221,1.1628,0.6641,0.0214,0.6457,0.5694,0.0536,2.7501,0,23.23,0.36,14.5,10.54,-0.3477,0.2095,0.0156,-0.0236,-0.6301,LOW LIQUIDITY
Global Vectra,532773,GLOBALVECT,Transport Services,-0.0786,-0.5383,0.0721,-0.0203,5.1719,0.0573,0.0022,2.6997,21.69,,0,21.4,7.83,-0.3251,0.2925,-0.0297,-0.0658,-5.2016,LOW LIQUIDITY
Sical Logistics,520086,SICALLOG,Transport Services,1.3235,0.7551,0.2351,0.2505,-0.388,0.0912,-0.0759,-2.2184,17.66,,0,-934.9,19.28,-0.3507,0.3316,-3.9557,-2.3047,-3.5677,LOW LIQUIDITY
S J Logistics (I,,SJLOGISTIC,Transport Services,0.2487,0.329,0.1767,0.0499,0.0674,0.1529,0.297,-0.699,0.28,8.75,1.3,3.4,6.56,-0.558,0.0644,0.3186,0.0264,0.2512,
FlySBS Aviation,,FLYSBS,Transport Services,0,0,,0,0,0.212,0.4175,0.0002,0.12,31.67,,,20.95,-0.3418,0.2164,0.2622,-0.0257,0.2622,
SpiceJet,500285,SPICEJET,Transport Services,-0.3477,-2.5676,-0.081,-0.1116,-6.5409,-0.0129,0.1734,-4.7598,6.17,,0,1064.1,15.86,-0.4265,0.2926,0,0,6.5409,
Globe Intl. Car.,,GICL,Transport Services,0.1171,0.8652,0.0853,0,0,0.0574,0.1682,1.1001,0.43,82.09,,78.9,52.26,-0.1483,2.2014,0.0871,0.027,0.0871,
ABS Marine,,ABSMARINE,Transport Services,0,0,0.3314,0,0,0.2334,0.1006,1.0696,0.77,20.14,,5.8,11.03,-0.1778,1.4104,0.1556,-0.0747,0.1556,
Tejas Cargo,,TEJASCARGO,Transport Services,0,0,0.2159,0,0,0.0854,0.1149,1.4834,0.92,37.51,,9.9,8.04,-0.0823,1.1276,0.1672,-0.2164,0.1672,
Wise Travel,,WTICAB,Transport Services,0.3817,0.0976,0.1066,0,0,0.0684,0.1327,0.0056,0.67,16.07,,5.1,6.9,-0.428,0.3446,0.1431,-0.0873,0.1431,
Lancer Containe.,539841,LANCER,Transport Services,-0.379,-1.3831,0.0572,-0.0976,4.3846,-0.017,-0.0341,112.9854,0.14,,0,22.2,24.42,-0.5835,0.6093,-0.0076,-0.207,-4.3922,
Rubicon Research,544578,RUBICON,,0,0,,0,0,0.1801,0.3875,0.6882,1.1,76.59,,,39.79,-0.0701,0.0948,0.349,0.0779,0.349,83
PropsharePlatina,544295,BOM:544295,,0,0,0.9455,,,0.7042,0.0243,,0,39.8,,0,14.55,-0.03,0.1057,0,0,,LOW LIQUIDITY
PropsharePlatina,544295,BOM:544295,,0,0,0.9455,,,0.7042,0.0243,,0,38.5,,0,14.06,-0.0619,0.0694,0,0,,LOW LIQUIDITY
Billionbrains,,BOM:,,0,0,,0,0,0.6238,0.9506,-0.3953,0.13,34.86,,,23.63,0,0,0.4845,0.2251,0.4845,
Billionbrains,,BOM:,,0,0,,0,0,0.6238,0.9506,-0.3953,0.13,34.86,,,23.63,0,0,0.4845,0.2251,0.4845,
Parth Electrical,,PARTH,,0.1502,0.4806,0.1211,0,0,0.0993,0.1282,0.0173,0.13,29.18,,4.4,15.44,-0.1583,0.526,0.3667,-0.016,0.3667,
Parth Electrical,,PARTH,,0.1502,0.4806,0.1211,0,0,0.0993,0.1282,0.0173,0.13,30.2,,4.6,16.09,-0.1288,0.5796,0.3667,-0.016,0.3667,
Studds Accessor.,,BOM:,,0,0,0.1788,0,0,0.1653,0.1942,0.6554,0.02,33.01,,,19.11,0,0,0.1667,0.0074,0.1667,
Studds Accessor.,,BOM:,,0,0,0.1788,0,0,0.1653,0.1942,0.6554,0.02,33.01,,,19.11,0,0,0.1667,0.0074,0.1667,
Orkla India,,BOM:,,0,0,,0,0,0.1524,0.15,1.0735,0.02,38.76,,,23.12,0,0,0.098,0.0114,0.098,
Orkla India,544595,ORKLAINDIA,,0,0,,0,0,0.1524,0.15,1.0735,0.02,38.08,,,22.71,0,0,0.098,0.0114,0.098,
Lenskart Solut.,,BOM:,,0,0,,0,0,0.0699,0.0491,2.6466,0.46,282.64,,,56.77,0,0,0.0432,0.0441,0.0432,
Lenskart Solut.,,BOM:,,0,0,,0,0,0.0699,0.0491,2.6466,0.46,282.64,,,56.77,0,0,0.0432,0.0441,0.0432,
Pine Labs,,BOM:,,0,0,,0,0,-0.0336,-0.0269,0.8896,0.14,,,,108.67,0,0,-0.0283,-0.0126,-0.0283,