,,,,UPDATED ON 04/12/2025,UPDATED ON 04/12/2025,UPDATED ON 04/12/2025,UPDATED ON 04/12/2025,UPDATED ON 04/12/2025
Name,BSE Code,NSE Code,Industry,FOLIOMAX SENTIMENT RANK 1WEEK AGO,FOLIOMAX SENTIMENT RANK TODAY,CHANGE IN VOLUME TODAY,CHANGE IN SENTIMENT TODAY,FOLIOMAXX ZONE OF THE WEEK
Nifty 50,,NIFTYBEES,,433,626,0.0664,-193,NO ACTION
20 Microns,533022,20MICRONS,Minerals & Mining,1013,,-0.4051,,
360 ONE,542772,360ONE,Capital Markets,163,1001,-0.7013,-838,YELLOWZONE
3B Blackbio,532067,BOM:532067,Healthcare Services,,,-0.5499,,
3i Infotech,532628,3IINFOLTD,IT - Software,,1592,0.6744,,
3M India,523395,3MINDIA,Diversified,1082,1142,-0.0836,-60,NO ACTION
5paisa Capital,540776,5PAISA,Capital Markets,535,1535,-0.8256,-1000,YELLOWZONE
63 Moons Tech.,526881,63MOONS,IT - Software,624,78,0.8367,546,GREENZONE
A B B,500002,ABB,Electrical Equipment,,,-0.458,,
A B Infrabuild,544281,ABINFRA,Construction,2072,,-0.8216,,
A B Lifestyle,544403,ABLBL,Retailing,858,803,-0.1438,55,BLUE
A B Real Estate,500040,ABREL,"Paper, Forest & Jute Products",851,337,1.8765,514,GREENZONE
A-1,542012,BOM:542012,Chemicals & Petrochemicals,3,,-0.9951,,
A.K.Capital Serv,530499,BOM:530499,Finance,762,,-0.3426,,
A2Z Infra Engg.,533292,A2ZINFRA,Construction,,,0.5852,,
Aadhar Hsg. Fin.,544176,AADHARHFC,Finance,1125,963,-0.7119,162,BLUE
Aaron Industries,,AARON,Industrial Manufacturing,,,-0.6112,,
Aarti Drugs,524348,AARTIDRUGS,Pharmaceuticals & Biotechnology,1821,2137,-0.242,-316,YELLOWZONE
Aarti Industries,524208,AARTIIND,Chemicals & Petrochemicals,1631,1617,0.1565,14,GREENZONE
Aarti Pharma,543748,AARTIPHARM,Pharmaceuticals & Biotechnology,1788,429,-0.8279,1359,BLUE
Aarti Surfactant,543210,AARTISURF,Chemicals & Petrochemicals,,,0.343,,
AAVAS Financiers,541988,AAVAS,Finance,1710,2210,4.8239,-500,REDZONE
Aayush Art,540718,BOM:540718,Textiles & Apparels,204,219,-0.1791,-15,YELLOWZONE
AB Cotspin,544522,ABCOTS,Textiles & Apparels,,967,4.4903,,
Abans Financial,543712,AFSL,Finance,,,4.4008,,
Abbott India,500488,ABBOTINDIA,Pharmaceuticals & Biotechnology,305,1262,0.605,-957,REDZONE
ABM Knowledge,531161,BOM:531161,IT - Software,,,-0.9281,,
ABS Marine,,ABSMARINE,Transport Services,,,,,
ACC,500410,ACC,Cement & Cement Products,,,,,
Accelya Solution,532268,ACCELYA,IT - Software,1798,,-0.9406,,
Accent Microcell,,ACCENTMIC,Pharmaceuticals & Biotechnology,,,,,
Ace Soft. Exp.,531525,BOM:531525,IT - Software,,,0.6879,,
ACME Solar Hold.,544283,ACMESOLAR,Power,2179,2154,1.2651,25,GREENZONE
Action Const.Eq.,532762,ACE,"Agricultural, Commercial & Construction Vehicles",,,-0.9237,,
Acutaas Chemical,543349,ACUTAAS,Pharmaceuticals & Biotechnology,178,1074,-0.3287,-896,YELLOWZONE
Adani Energy Sol,539254,ADANIENSOL,Power,972,1286,-0.0728,-314,NO ACTION
Adani Enterp.,512599,ADANIENT,Metals & Minerals Trading,1470,1803,1.3524,-333,REDZONE
Adani Green,541450,ADANIGREEN,Power,1607,1519,0.0018,88,GREENZONE
Adani Ports,532921,ADANIPORTS,Transport Infrastructure,302,411,-0.6003,-109,YELLOWZONE
Adani Power,533096,ADANIPOWER,Power,1393,1715,0.0175,-322,NO ACTION
Adani Total Gas,542066,ATGL,Gas,,,5.555,,
ADC India,523411,BOM:523411,Telecom - Equipment & Accessories,,547,16.147,,
Adcounty Media.,544435,BOM:544435,Media,,,-0.6388,,
ADF Foods,519183,ADFFOODS,Food Products,1383,,-0.4181,,
Adit.Birla Money,532974,BIRLAMONEY,Capital Markets,,,-0.0423,,
Aditya AMC,543374,ABSLAMC,Capital Markets,1591,1004,-0.2163,587,BLUE
Aditya Bir. Fas.,535755,ABFRL,Retailing,1404,1089,-0.0816,315,BLUE
Aditya Birla Cap,540691,ABCAPITAL,Finance,85,296,-0.7183,-211,YELLOWZONE
Aditya Birla Sun Life CRISIL Broad Based Gilt ETF,ABGSEC,ABGSEC,Industrial Products,,,-0.8319,,
Aditya Birla Sun Life CRISIL Overnight Fund AI ETF,ABSLLIQUID,ABSLLIQUID,Industrial Products,,,0.5515,,
Aditya Birla Sun Life Nifty 200 Momentum 30 ETF,MOMENTUM,MOMENTUM,Industrial Products,,,1.4497,,
Aditya Birla Sun Life Nifty 200 Quality 30 ETF,NIFTYQLITY,NIFTYQLITY,Industrial Products,,,0.3815,,
Aditya Birla Sun Life Nifty PSE ETF,ABSLPSE,ABSLPSE,Industrial Products,,,0.6455,,
Aditya Infotech,544466,CPPLUS,Industrial Manufacturing,1277,1965,-0.0023,-688,NO ACTION
Aditya Vision,540205,AVL,Retailing,9,,-0.8051,,
Ador Welding,517041,ADOR,Industrial Products,417,987,2.1062,-570,REDZONE
Advait Energy,543230,BOM:543230,Industrial Products,2212,1116,-0.4692,1096,BLUE
Advance Agrolife,544562,ADVANCE,Fertilizers & Agrochemicals,2219,2232,-0.5354,-13,YELLOWZONE
Advanced Enzyme,540025,ADVENZYMES,Pharmaceuticals & Biotechnology,1652,1301,-0.3179,351,BLUE
Advani Hotels.,523269,ADVANIHOTR,Leisure Services,,,-0.3104,,
Aegis Logistics,500003,AEGISLOG,Gas,1529,1027,-0.1708,502,BLUE
Aegis Vopak Term,544407,AEGISVOPAK,Oil,937,736,2.1528,201,GREENZONE
Aelea Commoditi.,544213,BOM:544213,Agricultural Food & other Products,,,0.2303,,
Aeroflex,543972,AEROFLEX,Industrial Products,786,1325,0.0761,-539,NO ACTION
Aeroflex Enter.,511076,AEROENTER,Industrial Products,683,1216,-0.4063,-533,YELLOWZONE
Aerpace Indus,534733,BOM:534733,Industrial Products,,,-0.6254,,
Aether Industri.,543534,AETHER,Chemicals & Petrochemicals,108,843,-0.6333,-735,YELLOWZONE
Afcom Holdings,544224,BOM:544224,Transport Services,1085,1714,-0.6853,-629,YELLOWZONE
Afcons Infrastr.,544280,AFCONS,Construction,1246,1110,-0.0309,136,BLUE
Affle 3i,542752,AFFLE,IT - Services,1804,1472,0.0712,332,GREENZONE
Affordable Robo.,541402,AFFORDABLE,Industrial Manufacturing,,,-0.2666,,
Agarwal Indl.,531921,AGARIND,Chemicals & Petrochemicals,1895,1723,-0.168,172,BLUE
AGI Greenpac,500187,AGI,Industrial Products,26,517,-0.827,-491,YELLOWZONE
AGI Infra,539042,AGIIL,Realty,606,1151,-0.6143,-545,YELLOWZONE
Ahluwalia Contr.,532811,AHLUCONT,Construction,195,347,-0.7781,-152,YELLOWZONE
AIA Engineering,532683,AIAENG,Industrial Products,588,573,0.5905,15,GREENZONE
Aimtron,,AIMTRON,Industrial Manufacturing,,,,,
Airfloa Rail,544516,BOM:544516,Industrial Manufacturing,1267,1654,-0.65,-387,YELLOWZONE
Ajanta Pharma,532331,AJANTPHARM,Pharmaceuticals & Biotechnology,808,162,0.4413,646,GREENZONE
Ajax Engineering,544356,AJAXENGG,"Agricultural, Commercial & Construction Vehicles",507,768,0.0556,-261,NO ACTION
Ajmera Realty,513349,AJMERA,Realty,790,1220,-0.7464,-430,YELLOWZONE
Akme Fintrade,544200,AFIL,Finance,,,0.1936,,
Akums Drugs,544222,AKUMS,Pharmaceuticals & Biotechnology,1252,783,-0.5529,469,BLUE
Akzo Nobel,500710,AKZOINDIA,Consumer Durables,218,153,23.7869,65,GREENZONE
Alankit,531082,ALANKIT,Commercial Services & Supplies,,,-0.2067,,
Albert David,524075,ALBERTDAVD,Pharmaceuticals & Biotechnology,,,0.4467,,
Alembic,506235,ALEMBICLTD,Realty,1012,190,1.6005,822,GREENZONE
Alembic Pharma,533573,APLLTD,Pharmaceuticals & Biotechnology,610,723,-0.3108,-113,YELLOWZONE
Algoquant Fin,505725,BOM:505725,Finance,,,2.4924,,
Alicon Cast.,531147,ALICON,Auto Components,,,-0.4712,,
Alivus Life,543322,ALIVUS,Pharmaceuticals & Biotechnology,866,1444,14.8335,-578,REDZONE
Alkem Lab,539523,ALKEM,Pharmaceuticals & Biotechnology,359,913,0.0049,-554,NO ACTION
Alkyl Amines,506767,ALKYLAMINE,Chemicals & Petrochemicals,1856,1603,-0.4908,253,BLUE
All E Tech,,ALLETEC,IT - Software,,,,,
All Time Plastic,544479,ALLTIME,Consumer Durables,1403,397,-0.3274,1006,BLUE
Allcargo Gati,532345,ACLGATI,Transport Services,,,,,
Allcargo Logist.,532749,ALLCARGO,Transport Services,1793,746,-0.4566,1047,BLUE
Allcargo Termi,543954,ATL,Transport Infrastructure,,2290,0.8536,,
Alldigi Tech,532633,ALLDIGI,Commercial Services & Supplies,,,-0.1633,,
Allied Blenders,544203,ABDL,Beverages,482,1275,0.1847,-793,REDZONE
Allied Digital,532875,ADSL,IT - Services,1785,909,0.2008,876,GREENZONE
Alok Industries,521070,ALOKINDS,Textiles & Apparels,1370,1666,-0.2614,-296,YELLOWZONE
Alpex Solar,,ALPEXSOLAR,Electrical Equipment,,,,,
Alphalogic Tech.,542770,BOM:542770,IT - Software,,,0.7972,,
Altius Telecom,543225,BOM:543225,Telecom - Services,326,,-1,,
Alufluoride,524634,BOM:524634,Chemicals & Petrochemicals,,,0.7558,,
Amal,506597,BOM:506597,Chemicals & Petrochemicals,,,-0.2496,,
Amanta Healthcar,544502,AMANTA,Pharmaceuticals & Biotechnology,1896,,-0.7814,,
Amara Raja Ener.,500008,ARE&M,Auto Components,1454,1045,-0.0639,409,BLUE
Amber Enterp.,540902,AMBER,Consumer Durables,900,1908,0.7627,-1008,REDZONE
Ambika Cotton,531978,AMBIKCO,Textiles & Apparels,,,-0.3424,,
Ambuja Cements,500425,AMBUJACEM,Cement & Cement Products,1216,1382,1.5479,-166,REDZONE
Amic Forging,544037,BOM:544037,Industrial Products,2145,,-0.4307,,
Amines & Plast.,506248,AMNPLST,Chemicals & Petrochemicals,,,0.5231,,
Amrutanjan Healt,590006,AMRUTANJAN,Pharmaceuticals & Biotechnology,,,-0.5518,,
Anand Rathi Shar,544530,ARSSBL,Capital Markets,686,2164,-0.4724,-1478,YELLOWZONE
Anand Rathi Wea.,543415,ANANDRATHI,Capital Markets,1432,561,-0.1441,871,BLUE
Anand Rayons,542721,BOM:542721,Textiles & Apparels,,,-0.0452,,
Anant Raj,515055,ANANTRAJ,Realty,1397,2244,-0.8259,-847,YELLOWZONE
Anantam Highways,544579,ANANTAM,Transport Infrastructure,,,,,
ANB Metal,,AMCL,Industrial Products,,,,,
Andhra Cements,532141,ACL,Cement & Cement Products,,,-0.0805,,
Andhra Paper,502330,ANDHRAPAP,"Paper, Forest & Jute Products",,,-0.2852,,
Andhra Petrochem,500012,BOM:500012,Chemicals & Petrochemicals,,,0.4922,,
Andhra Sugars,590062,ANDHRSUGAR,Chemicals & Petrochemicals,1614,1705,-0.5628,-91,YELLOWZONE
Andrew Yule & Co,526173,ANDREWYU,Agricultural Food & other Products,,,,,
Angel One,543235,ANGELONE,Capital Markets,663,1775,1.1806,-1112,REDZONE
Anjani Portland,518091,APCL,Cement & Cement Products,,,-0.7881,,
Anka India,531673,BOM:531673,Consumer Durables,,,-0.9829,,
Anlon Healthcare,544497,AHCL,Pharmaceuticals & Biotechnology,42,1177,-0.2628,-1135,YELLOWZONE
Annapurna Swadi.,,ANNAPURNA,Food Products,,,,,
Anondita Medi.,,ANONDITA,Personal Products,,,,,
Antelopus Selan,530075,ANTELOPUS,Oil,2332,2185,-0.7624,147,BLUE
Anthem Bioscienc,544449,ANTHEM,Pharmaceuticals & Biotechnology,2062,504,-0.3822,1558,BLUE
Antony Waste han,543254,AWHCL,Other Utilities,1891,2118,0.6087,-227,REDZONE
Anuh Pharma,506260,ANUHPHR,Pharmaceuticals & Biotechnology,,,0.2572,,
Anupam Rasayan,543275,ANURAS,Chemicals & Petrochemicals,45,83,0.5119,-38,REDZONE
Anzen IYEP Trust,543655,ANZEN,Power,,,,,
Apar Inds.,532259,APARINDS,Electrical Equipment,342,1276,0.0179,-934,NO ACTION
Apcotex Industri,523694,APCOTEXIND,Industrial Products,642,,-0.6309,,
Apeejay Surrend.,544111,PARKHOTELS,Leisure Services,1763,1591,-0.2665,172,BLUE
Apex Frozen Food,540692,APEX,Food Products,,,,,
Apis India,506166,BOM:506166,Food Products,,,,,
APL Apollo Tubes,533758,APLAPOLLO,Industrial Products,1019,263,2.1112,756,GREENZONE
Apollo Hospitals,508869,APOLLOHOSP,Healthcare Services,1228,1288,0.0931,-60,NO ACTION
Apollo Micro Sys,540879,APOLLO,Aerospace & Defense,,,,,
Apollo Pipes,531761,APOLLOPIPE,Industrial Products,522,,-0.5856,,
Apollo Sindoori,,APOLSINHOT,Leisure Services,,,0.1253,,
Apollo Tyres,500877,APOLLOTYRE,Auto Components,788,369,0.9002,419,GREENZONE
Aprameya Enginee,,APRAMEYA,Healthcare Equipment & Supplies,,,,,
Aptech,532475,APTECHT,Other Consumer Services,,,-0.5885,,
Aptus Value Hou.,543335,APTUS,Finance,1185,419,0.2724,766,GREENZONE
Archean Chemical,543657,ACI,Chemicals & Petrochemicals,209,1070,-0.4622,-861,YELLOWZONE
Arfin India,539151,ARFIN,Non - Ferrous Metals,794,,-0.6748,,
Aries Agro,532935,ARIES,Fertilizers & Agrochemicals,,,-0.1945,,
Arih.Found.Hsg.,531381,BOM:531381,Realty,,,-0.0366,,
Arihant Capital,511605,ARIHANTCAP,Capital Markets,640,1375,-0.8064,-735,YELLOWZONE
Arihant Super.,506194,ARIHANTSUP,Realty,,2141,3.3083,,
Arisinfra Solu.,544419,ARISINFRA,Other Construction Materials,2205,2256,-0.0856,-51,NO ACTION
Arkade,544261,ARKADE,Realty,1095,1211,-0.6489,-116,YELLOWZONE
Arman Financial,531179,ARMANFIN,Finance,1219,2077,-0.1839,-858,YELLOWZONE
Arrow Greentech,516064,ARROWGREEN,Industrial Products,,,0.3973,,
Artemis Electri.,542670,BOM:542670,Electrical Equipment,,,-0.2994,,
Artemis Medicare,542919,ARTEMISMED,Healthcare Services,120,1717,-0.4219,-1597,YELLOWZONE
Artificial Elect,526443,BOM:526443,IT - Software,917,,-0.6405,,
Artson,522134,BOM:522134,Industrial Manufacturing,,,,,
Arunis Abode,526935,BOM:526935,Commercial Services & Supplies,12,6,-0.4666,6,BLUE
Arvind Fashions.,542484,ARVINDFASN,Retailing,260,1357,-0.6717,-1097,YELLOWZONE
Arvind Ltd,500101,ARVIND,Textiles & Apparels,158,1663,-0.4731,-1505,YELLOWZONE
Arvind SmartSp.,539301,ARVSMART,Realty,1882,277,-0.1172,1605,BLUE
Aryaman Capital,538716,BOM:538716,Finance,,,3.0982,,
Aryaman Fin.Serv,530245,BOM:530245,Finance,,,-1,,
Asahi India Glas,515030,ASAHIINDIA,Auto Components,87,100,-0.5619,-13,YELLOWZONE
Asahi Songwon,532853,ASAHISONG,Chemicals & Petrochemicals,,,-0.9014,,
Ashapura Minech.,527001,ASHAPURMIN,Minerals & Mining,700,1105,-0.1394,-405,NO ACTION
Ashiana Housing,523716,ASHIANA,Realty,,,-0.3626,,
Ashika Credit,543766,BOM:543766,Finance,,1017,1.4178,,
Ashima,514286,ASHIMASYN,Textiles & Apparels,,,-0.6252,,
Ashok Leyland,500477,ASHOKLEY,"Agricultural, Commercial & Construction Vehicles",370,172,-0.2646,198,BLUE
Ashoka Buildcon,533271,ASHOKA,Construction,2073,2275,-0.0016,-202,NO ACTION
Asian Energy,530355,ASIANENE,Oil,2207,2250,-0.1722,-43,YELLOWZONE
Asian Granito,532888,ASIANTILES,Consumer Durables,1285,1854,0.037,-569,NO ACTION
Asian Hotels (N),500023,ASIANHOTNR,Leisure Services,,,0.3182,,
Asian Paints,500820,ASIANPAINT,Consumer Durables,327,194,1.6428,133,GREENZONE
Asian Star Co.,531847,BOM:531847,Consumer Durables,,,-1,,
ASK Automotive,544022,ASKAUTOLTD,Auto Components,125,699,-0.7198,-574,YELLOWZONE
ASM Technologies,526433,BOM:526433,IT - Software,2256,2044,-0.7338,212,BLUE
Assoc.Alcohols,507526,ASALCBR,Beverages,1313,663,-0.7125,650,BLUE
Astec Lifescienc,533138,ASTEC,Fertilizers & Agrochemicals,5,619,-0.8795,-614,YELLOWZONE
Aster DM Health.,540975,ASTERDM,Healthcare Services,1093,1161,-0.1177,-68,NO ACTION
Astra Microwave,532493,ASTRAMICRO,Aerospace & Defense,2129,2199,1.3012,-70,REDZONE
Astral,532830,ASTRAL,Industrial Products,1488,1349,0.1864,139,GREENZONE
Astrazeneca Phar,506820,ASTRAZEN,Pharmaceuticals & Biotechnology,1205,401,0.4617,804,GREENZONE
Atal Realtech,543911,ATALREAL,Realty,2001,939,-0.0967,1062,BLUE
Ather Energy,544397,ATHERENERG,Automobiles,262,1297,-0.0074,-1035,NO ACTION
Atlanta Electric,544527,ATLANTAELE,Electrical Equipment,1122,2089,2.2031,-967,REDZONE
Atlantaa,532759,ATLANTAA,Construction,,,-0.2722,,
Atmastco Ltd,,ATMASTCO,Construction,,,,,
Atul,500027,ATUL,Chemicals & Petrochemicals,845,1478,-0.009,-633,NO ACTION
Atul Auto,531795,ATULAUTO,"Agricultural, Commercial & Construction Vehicles",831,1329,-0.716,-498,YELLOWZONE
AU Small Finance,540611,AUBANK,Banks,84,217,-0.7726,-133,YELLOWZONE
Aurionpro Sol.,532668,AURIONPRO,IT - Software,1013,1189,-0.2966,-176,YELLOWZONE
Aurobindo Pharma,524804,AUROPHARMA,Pharmaceuticals & Biotechnology,192,575,-0.3466,-383,YELLOWZONE
Aurum Proptech,539289,AURUM,IT - Services,,,-0.4626,,
Australian Prem,,APS,Electrical Equipment,,,-0.7271,,
Authum Invest,539177,AIIL,Finance,1604,1847,-0.2047,-243,YELLOWZONE
Auto.Corp.of Goa,505036,BOM:505036,Auto Components,,,-0.2166,,
Autoline Industr,532797,AUTOIND,Auto Components,,40,0.6672,,
Automotive Axles,505010,AUTOAXLES,Auto Components,,35,5.5388,,
Automotive Stamp,520119,ASAL,Auto Components,1033,,-0.4204,,
Avadh Sugar,540649,AVADHSUGAR,Agricultural Food & other Products,1065,,-0.485,,
Avalon Tech,543896,AVALON,Electrical Equipment,1770,2260,0.9006,-490,REDZONE
Avance Tech.,512149,BOM:512149,IT - Software,2339,1584,-0.0264,755,BLUE
Avantel,532406,AVANTEL,Aerospace & Defense,1908,1786,-0.3724,122,BLUE
Avanti Feeds,512573,AVANTIFEED,Food Products,275,435,0.9685,-160,REDZONE
Avenue Super.,540376,DMART,Retailing,1243,1431,-0.4592,-188,YELLOWZONE
AVG Logistics,543910,AVG,Transport Services,,,-0.9956,,
Avishkar Infra,508929,BOM:508929,Realty,,,,,
Avonmore Capital,511589,AVONMORE,Finance,,,0.6767,,
AVP Infracon,,AVPINFRA,Construction,,,,,
AVT Natural Prod,519105,AVTNPL,Agricultural Food & other Products,,,-0.0754,,
AWFIS Space,544181,AWFIS,Commercial Services & Supplies,1653,2270,0.6629,-617,REDZONE
AWL Agri Busine.,543458,AWL,Agricultural Food & other Products,1705,2063,-0.4404,-358,YELLOWZONE
Axis Bank,532215,AXISBANK,Banks,206,544,-0.3423,-338,YELLOWZONE
AXIS S&P BSE SENSEX ETF,AXSENSEX,AXSENSEX,Industrial Products,,,3.065,,
Axis Silver ETF,AXISILVER,AXISILVER,Industrial Products,535,48,0.916,487,GREENZONE
AXISCADES Tech.,532395,AXISCADES,Aerospace & Defense,1806,2074,0.5943,-268,REDZONE
Axtel Industries,523850,BOM:523850,Industrial Manufacturing,151,,-0.9157,,
AYM Syntex,508933,AYMSYNTEX,Textiles & Apparels,,,-0.569,,
Azad Engineering,544061,AZAD,Electrical Equipment,1209,1426,0.869,-217,REDZONE
Azad India,504731,BOM:504731,Industrial Products,,,-0.6643,,
B H E L,500103,BHEL,Electrical Equipment,145,1507,-0.3131,-1362,YELLOWZONE
B P C L,500547,BPCL,Petroleum Products,889,1440,-0.2679,-551,YELLOWZONE
B-Right Real,543543,BOM:543543,Realty,,,-0.2771,,
B.L.Kashyap,532719,BLKASHYAP,Construction,2269,,-0.788,,
B.R.Goyal Infra.,544335,BOM:544335,Construction,,,-0.4676,,
B&B Triplewall,543668,BBTCL,Industrial Products,,,1.7091,,
Baazar Style,544243,STYLEBAAZA,Retailing,1002,1861,-0.536,-859,YELLOWZONE
Bafna Pharma.,532989,BAFNAPH,Pharmaceuticals & Biotechnology,,,-0.4334,,
Baheti Recycling,,BAHETI,Industrial Products,,,,,
Bajaj Auto,532977,BAJAJ-AUTO,Automobiles,165,292,-0.2289,-127,YELLOWZONE
Bajaj Consumer,533229,BAJAJCON,Personal Products,1817,390,-0.6683,1427,BLUE
Bajaj Electrical,500031,BAJAJELEC,Consumer Durables,1413,1198,-0.7323,215,BLUE
Bajaj Finance,500034,BAJFINANCE,Finance,1184,519,-0.4379,665,BLUE
Bajaj Finserv,532978,BAJAJFINSV,Finance,702,1159,-0.1972,-457,YELLOWZONE
Bajaj Finserv Nifty 1D Rate Liquid ETF,LIQUIDBETF,LIQUIDBETF,Industrial Products,762,462,-0.621,300,BLUE
Bajaj Finserv Nifty 50 ETF,NIFTYBETF,NIFTYBETF,Industrial Products,,,-0.8233,,
Bajaj Finserv Nifty Bank ETF,BANKBETF,BANKBETF,Industrial Products,,697,18.8951,,
Bajaj Healthcare,539872,BAJAJHCARE,Pharmaceuticals & Biotechnology,1552,883,0.7282,669,GREENZONE
Bajaj Hindusthan,500032,BAJAJHIND,Agricultural Food & other Products,877,1839,-0.267,-962,YELLOWZONE
Bajaj Holdings,500490,BAJAJHLDNG,Finance,1479,1582,-0.1311,-103,NO ACTION
Bajaj Housing,544252,BAJAJHFL,Finance,1420,2194,1.8784,-774,REDZONE
Bajaj Steel Inds,507944,BOM:507944,Industrial Manufacturing,,,-0.4047,,
Bajel Projects,544042,BAJEL,Electrical Equipment,1905,1857,-0.3595,48,BLUE
Balaji Amines,530999,BALAMINES,Chemicals & Petrochemicals,2142,1790,-0.8111,352,BLUE
Balaji Phos.,,BALAJIPHOS,Fertilizers & Agrochemicals,,,,,
Balaji Telefilms,532382,BALAJITELE,Entertainment,1720,,-0.5135,,
Balgopal Commer.,539834,BOM:539834,Commercial Services & Supplies,,,-0.8667,,
Balkrishna Inds,502355,BALKRISIND,Auto Components,895,165,-0.2199,730,BLUE
Balmer Law. Inv.,532485,BOM:532485,Finance,,,0.04,,
Balmer Lawrie,523319,BALMLAWRIE,Diversified,1724,1597,-0.1682,127,BLUE
Balrampur Chini,500038,BALRAMCHIN,Agricultural Food & other Products,960,1339,0.0067,-379,NO ACTION
Balu Forge,531112,BALUFORGE,Industrial Products,717,1183,0.145,-466,REDZONE
Banco Products,500039,BANCOINDIA,Auto Components,2303,1295,15.8902,1008,GREENZONE
Bandhan Bank,541153,BANDHANBNK,Banks,1067,1498,-0.3087,-431,YELLOWZONE
Banganga Paper,512025,BOM:512025,Commercial Services & Supplies,,,1.689,,
Bank of Baroda,532134,BANKBARODA,Banks,566,526,0.4011,40,GREENZONE
Bank of India,532149,BANKINDIA,Banks,201,1565,-0.3164,-1364,YELLOWZONE
Bank of Maha,532525,MAHABANK,Banks,229,1431,1.0167,-1202,REDZONE
Bannari Amm.Sug.,500041,BANARISUG,Agricultural Food & other Products,,,0.7087,,
Bansal Wire Inds,544209,BANSALWIRE,Industrial Products,897,229,16.7136,668,GREENZONE
Banswara Syntex,503722,BANSWRAS,Textiles & Apparels,,,1.4683,,
Baroda BNP Paribas Gold ETF,BBNPPGOLD,BBNPPGOLD,Industrial Products,,,-0.9045,,
Baroda BNP Paribas NIFTY Bank ETF,BBNPNBETF,BBNPNBETF,Industrial Products,,,-0.3919,,
Baroda Rayon,500270,BOM:500270,Realty,,,0.1757,,
Bartronics India,532694,ASMS,IT - Services,,,-0.4968,,
BASF India,500042,BASF,Chemicals & Petrochemicals,1968,1951,-0.8847,17,BLUE
Basilic Fly Stud,,BASILIC,Entertainment,,,,,
Bata India,500043,BATAINDIA,Consumer Durables,1560,1831,0.017,-271,NO ACTION
Batliboi,522004,BOM:522004,Industrial Manufacturing,,,-0.6636,,
Bayer Crop Sci.,506285,BAYERCROP,Fertilizers & Agrochemicals,830,950,0.345,-120,REDZONE
BCL Industries,524332,BCLIND,Beverages,2234,2188,-0.3068,46,BLUE
Bedmutha Indus.,533270,BEDMUTHA,Industrial Products,,,1.0904,,
Beekay Steel Ind,539018,BOM:539018,Industrial Products,,,-0.2352,,
Beezaasan Exp.,544369,BOM:544369,Chemicals & Petrochemicals,,,-0.1964,,
Bella Casa Fashi,539399,BELLACASA,Textiles & Apparels,,,-0.3495,,
Belrise Industri,544405,BELRISE,Auto Components,1181,1022,0.4327,159,GREENZONE
Bemco Hydraulics,522650,BOM:522650,Industrial Manufacturing,,,0.1629,,
BEML Land Assets,543898,BLAL,Finance,,,-0.4941,,
BEML Ltd,500048,BEML,"Agricultural, Commercial & Construction Vehicles",1994,2078,0.6158,-84,REDZONE
Benares Hotels,509438,BOM:509438,Leisure Services,,,1.5228,,
Bengal & Assam,533095,BOM:533095,Finance,,,5.0225,,
Berger Paints,509480,BERGEPAINT,Consumer Durables,940,1644,1.1014,-704,REDZONE
Best Agrolife,539660,BESTAGRO,Fertilizers & Agrochemicals,21,112,-0.6719,-91,YELLOWZONE
Beta Drugs Ltd,,BETA,Pharmaceuticals & Biotechnology,,298,0.7571,,
BF Investment,533303,BFINVEST,Finance,,,-0.1299,,
BF Utilities,532430,BFUTILITIE,Transport Infrastructure,,,-0.7015,,
BGR Energy Sys.,532930,BGRENERGY,Construction,237,980,-0.3199,-743,YELLOWZONE
Bhageria Indust.,530803,BHAGERIA,Chemicals & Petrochemicals,2012,,-0.6207,,
Bhagiradha Chem.,531719,BHAGCHEM,Fertilizers & Agrochemicals,,,-0.5736,,
Bhagyanagar Ind,512296,BHAGYANGR,Non - Ferrous Metals,,2051,1.1787,,
Bhansali Engg.,500052,BEPL,Chemicals & Petrochemicals,1595,1261,0.7146,334,GREENZONE
Bharat Bijlee,503960,BBL,Electrical Equipment,,,-0.7776,,
BHARAT Bond ETF-April 2033,EBBETF0433,EBBETF0433,Industrial Products,,430,9.9286,,
Bharat Dynamics,541143,BDL,Aerospace & Defense,,,,,
Bharat Electron,500049,BEL,Aerospace & Defense,,,0.3188,,
Bharat Forge,500493,BHARATFORG,Auto Components,283,979,0.391,-696,REDZONE
Bharat Global,521238,BOM:521238,IT - Hardware,,,-0.4034,,
Bharat Parenter.,541096,BOM:541096,Pharmaceuticals & Biotechnology,,,3.4585,,
Bharat Rasayan,590021,BHARATRAS,Fertilizers & Agrochemicals,724,299,0.264,425,GREENZONE
Bharat Seats,523229,BHARATSE,Auto Components,2088,,-0.5982,,
Bharat Wire,539799,BHARATWIRE,Industrial Products,1898,2080,-0.3938,-182,YELLOWZONE
Bharti Airtel,532454,BHARTIARTL,Telecom - Services,802,841,-0.8944,-39,YELLOWZONE
Bharti Hexacom,544162,BHARTIHEXA,Telecom - Services,1442,1049,-0.4445,393,BLUE
Bhartiya Intl.,526666,BIL,Consumer Durables,776,617,-0.9531,159,BLUE
Bhatia Colour,543497,BOM:543497,Chemicals & Petrochemicals,2314,,-0.782,,
Bhatia Communic.,540956,BOM:540956,Retailing,,,1.4924,,
BIGBLOC Const.,540061,BIGBLOC,Cement & Cement Products,6,,-0.9487,,
Bikaji Foods,543653,BIKAJI,Food Products,1126,653,3.4632,473,GREENZONE
Biocon,532523,BIOCON,Pharmaceuticals & Biotechnology,862,1492,6.3862,-630,REDZONE
Birla Cable,500060,BIRLACABLE,Telecom - Equipment & Accessories,,,-0.2399,,
Birla Corpn.,500335,BIRLACORPN,Cement & Cement Products,1827,1907,1.4805,-80,REDZONE
BirlaNu Ltd,509675,BIRLANU,Consumer Durables,1931,,-0.7453,,
Birlasoft Ltd,532400,BSOFT,IT - Software,924,28,9.0461,896,GREENZONE
Bizotic Commer.,543926,BOM:543926,Textiles & Apparels,18,,-0.5605,,
Black Box,500463,BBOX,IT - Services,1117,652,-0.6216,465,BLUE
Black Rose Indus,514183,BOM:514183,Chemicals & Petrochemicals,,,-0.1344,,
Blackbuck,544288,BLACKBUCK,Transport Services,663,1198,0.6464,-535,REDZONE
Bliss GVS Pharma,506197,BLISSGVS,Pharmaceuticals & Biotechnology,246,189,50.9653,57,GREENZONE
BLS E-Services,544107,BLSE,IT - Services,131,1751,-0.7138,-1620,YELLOWZONE
BLS Internat.,540073,BLS,Leisure Services,1466,187,3.251,1279,GREENZONE
Blue Cloud Soft.,539607,BOM:539607,IT - Software,2335,2088,-0.2612,247,BLUE
Blue Dart Expres,526612,BLUEDART,Transport Services,1945,1743,-0.1153,202,BLUE
Blue Jet Health,544009,BLUEJET,Pharmaceuticals & Biotechnology,1064,1433,0.3885,-369,REDZONE
Blue Pearl Agri,514440,BOM:514440,Chemicals & Petrochemicals,,,10.5089,,
Blue Star,500067,BLUESTARCO,Consumer Durables,1071,915,-0.2769,156,BLUE
Bluestone Jewel,544484,BLUESTONE,Consumer Durables,1814,1481,1.4922,333,GREENZONE
Bluspring Enter.,544414,BLUSPRING,Commercial Services & Supplies,,,-0.5045,,
BMW Industries,542669,BOM:542669,Industrial Products,,,0.1302,,
BMW Ventures,544543,BMWVENTLTD,Metals & Minerals Trading,1981,2148,-0.2723,-167,YELLOWZONE
BN Agrochem,526125,BOM:526125,Commercial Services & Supplies,,,2.7205,,
Bodal Chemicals,524370,BODALCHEM,Chemicals & Petrochemicals,,,-0.2003,,
Bombay Burmah,501425,BBTC,Food Products,1605,876,-0.099,729,BLUE
Bombay Dyeing,500020,BOMDYEING,Textiles & Apparels,1956,2128,0.2345,-172,REDZONE
Bombay Oxygen,509470,BOM:509470,Finance,,,1.2664,,
Bombay Super Hyb,,BSHSL,Agricultural Food & other Products,,,-0.6563,,
Bondada Engineer,543971,BOM:543971,Telecom - Services,2158,1968,-0.7526,190,BLUE
Borana Weaves,544404,BORANA,Textiles & Apparels,674,,-0.6876,,
Borosil,543212,BOROLTD,Consumer Durables,1617,,-0.0389,,
Borosil Renew.,502219,BORORENEW,Industrial Products,1991,2066,-0.4871,-75,YELLOWZONE
Borosil Scienti.,544184,BOROSCI,Industrial Products,,,-0.1339,,
Bosch,500530,BOSCHLTD,Auto Components,1306,544,1.7044,762,GREENZONE
BPL,500074,BPL,Consumer Durables,,,-0.5462,,
Brainbees Solut.,544226,FIRSTCRY,Retailing,1974,1935,0.5514,39,GREENZONE
Brand Concepts,543442,BCONCEPTS,Retailing,,,-0.0111,,
Brigade Enterpr.,532929,BRIGADE,Realty,1721,1390,-0.4035,331,BLUE
Brigade Hotel,544457,BRIGHOTEL,Leisure Services,,1713,1.5865,,
Bright Outdoor,543831,BOM:543831,Media,,,-0.6079,,
Brightcom Group,532368,BCG,IT - Services,,,-0.8683,,
Britannia Inds.,500825,BRITANNIA,Food Products,749,352,0.5181,397,GREENZONE
Brookfield India,543261,BIRET,Realty,,,,,
Brooks Lab.,533543,BROOKS,Pharmaceuticals & Biotechnology,,,-0.4962,,
BSE,,BSE,Capital Markets,235,1515,-0.1158,-1280,NO ACTION
BSE 200 Equal Weight,EQUAL200,EQUAL200,Industrial Products,,,2.5048,,
BSE Capital Markets & Insurance Total Return Index,ECAPINSURE,ECAPINSURE,Industrial Products,,,-0.9051,,
BSE India Infrastructure Total Return Index,MOINFRA,MOINFRA,Industrial Products,,,4.5474,,
BSE Liquid Rate Index,CASHIETF,CASHIETF,Industrial Products,749,454,-0.6472,295,BLUE
BSE Power Index - TRI,GROWWPOWER,GROWWPOWER,Industrial Products,,,0.0437,,
BSE PSU Bank Index TRI,SBIBPB,SBIBPB,Industrial Products,,,-0.2331,,
BSE Select IPO Index,SELECTIPO,SELECTIPO,Industrial Products,,,-0.0316,,
BSE SENSEX Index,BSLSENETFG,BSLSENETFG,Industrial Products,,,-0.2544,,
BSE SENSEX Next 30 Index,NEXT30ADD,NEXT30ADD,Industrial Products,,,-0.9954,,
BSE Sensex Next 30 Index,SNXT30BEES,SNXT30BEES,Industrial Products,,,0.3419,,
BSE Sensex Next 50,UTISXN50,UTISXN50,Industrial Products,,,-0.6165,,
Butterfly Gan Ap,517421,BUTTERFLY,Consumer Durables,,1021,6.1418,,
C C C L,532902,CCCL,Realty,,,0.1848,,
C D S L,,CDSL,Capital Markets,783,1874,-0.2244,-1091,YELLOWZONE
C P C L,500110,CHENNPETRO,Petroleum Products,2246,1643,-0.812,603,BLUE
C.E. Info System,543425,MAPMYINDIA,IT - Software,1625,694,0.1999,931,GREENZONE
C2C Advanced,,C2C,Aerospace & Defense,,,,,
Camlin Fine,532834,CAMLINFINE,Chemicals & Petrochemicals,1889,1802,-0.6266,87,BLUE
Campus Activewe.,543523,CAMPUS,Consumer Durables,229,245,-0.32,-16,YELLOWZONE
Cams Services,543232,CAMS,Capital Markets,902,487,1.0737,415,GREENZONE
Can Fin Homes,511196,CANFINHOME,Finance,311,290,-0.3005,21,BLUE
Canara Bank,532483,CANBK,Banks,143,813,-0.2418,-670,YELLOWZONE
Canara HSBC,544583,CANHLIFE,Insurance,220,1273,-0.573,-1053,YELLOWZONE
Canara Robeco,544580,CRAMC,Capital Markets,1501,2047,0.4641,-546,REDZONE
Cantabil Retail,533267,CANTABIL,Textiles & Apparels,1044,285,2.7363,759,GREENZONE
Capacit'e Infra.,540710,CAPACITE,Construction,1259,1990,-0.0437,-731,NO ACTION
Capital India,530879,CIFL,Finance,754,51,2.61,703,GREENZONE
Capital Infra,544338,CAPINVIT,Construction,,,,,
Capital Small,544120,CAPITALSFB,Banks,,,0.8103,,
Capital Trade Lk,538476,BOM:538476,Finance,13,,-0.9204,,
Caplin Point Lab,524742,CAPLIPOINT,Pharmaceuticals & Biotechnology,1174,184,1.4195,990,GREENZONE
Capri Global,531595,CGCL,Finance,1764,1450,-0.2579,314,BLUE
Captain Polyplas,536974,BOM:536974,Industrial Products,,69,6.1484,,
Captain Techno.,540652,BOM:540652,Industrial Manufacturing,,,-1,,
Carborundum Uni.,513375,CARBORUNIV,Industrial Products,756,326,-0.9837,430,BLUE
CARE Ratings,534804,CARERATING,Capital Markets,1207,822,0.5797,385,GREENZONE
Career Point Edu,544499,CPEDU,Other Consumer Services,,,0.0477,,
Carraro India,544320,CARRARO,Auto Components,191,379,-0.8716,-188,YELLOWZONE
Cartrade Tech,543333,CARTRADE,Retailing,229,1408,-0.1182,-1179,NO ACTION
Carysil,524091,CARYSIL,Consumer Durables,979,1803,-0.6155,-824,YELLOWZONE
Castrol India,500870,CASTROLIND,Petroleum Products,629,596,0.0032,33,GREENZONE
CCL Products,519600,CCL,Agricultural Food & other Products,1160,583,-0.7904,577,BLUE
CEAT,500878,CEATLTD,Auto Components,1123,650,1.0977,473,GREENZONE
Ceigall India,544223,CEIGALL,Construction,1510,1203,-0.3976,307,BLUE
Ceinsys Tech,538734,BOM:538734,IT - Software,2325,2143,-0.6639,182,BLUE
Cellecor Gadgets,,CELLECOR,Consumer Durables,,,,,
Cello World,544012,CELLO,Consumer Durables,1343,1949,-0.2748,-606,YELLOWZONE
Cemindia Project,509496,CEMPRO,Construction,1760,501,0.1359,1259,GREENZONE
Central Bank,532885,CENTRALBK,Banks,354,1476,-0.4637,-1122,YELLOWZONE
Centrum Capital,501150,CENTRUM,Finance,2298,,-0.7978,,
Centum Electron,517544,CENTUM,Industrial Manufacturing,1166,2034,0.135,-868,REDZONE
Century Enka,500280,CENTENKA,Textiles & Apparels,,1351,1.2528,,
Century Plyboard,532548,CENTURYPLY,Consumer Durables,119,713,-0.8888,-594,YELLOWZONE
Cera Sanitary.,532443,CERA,Consumer Durables,1776,1604,-0.3911,172,BLUE
CESC,500084,CESC,Power,562,192,-0.2498,370,BLUE
CFF Fluid,543920,BOM:543920,Aerospace & Defense,,,-0.1954,,
CG Power & Ind,500093,CGPOWER,Electrical Equipment,2085,1943,-0.5143,142,BLUE
Chalet Hotels,542399,CHALET,Leisure Services,1585,542,0.5019,1043,GREENZONE
Chaman Metallics,,CMNL,Ferrous Metals,,,,,
Chamanlal Setia,530307,CLSEL,Agricultural Food & other Products,,620,1.8298,,
Chambal Fert.,500085,CHAMBLFERT,Fertilizers & Agrochemicals,2008,1659,-0.5294,349,BLUE
Chandan Healthca,,CHANDAN,Healthcare Services,,,,,
Chembond Chemic.,544450,CHEMBONDCH,Chemicals & Petrochemicals,,,-0.7732,,
Chemcon Special.,543233,CHEMCON,Chemicals & Petrochemicals,,,-0.1865,,
Chemfab Alka.,541269,CHEMFAB,Chemicals & Petrochemicals,,,0.6915,,
Chemplast Sanmar,543336,CHEMPLASTS,Chemicals & Petrochemicals,2319,2192,-0.3425,127,BLUE
Cheviot Company,526817,CHEVIOT,"Paper, Forest & Jute Products",,,-0.654,,
Choice Intl.,531358,CHOICEIN,Finance,249,1312,-0.1079,-1063,NO ACTION
Chola Financial,504973,CHOLAHLDNG,Finance,1824,638,0.4385,1186,GREENZONE
Cholaman.Inv.&Fn,511243,CHOLAFIN,Finance,537,1217,0.3924,-680,REDZONE
CIAN Agro,519477,BOM:519477,Agricultural Food & other Products,1618,2335,-0.4489,-717,YELLOWZONE
CIE Automotive,532756,CIEINDIA,Auto Components,1456,580,-0.0108,876,BLUE
Cigniti Tech.,534758,CIGNITITEC,IT - Services,148,100,1.2035,48,GREENZONE
Cipla,500087,CIPLA,Pharmaceuticals & Biotechnology,817,759,-0.3347,58,BLUE
City Pulse Multi,542727,BOM:542727,Retailing,,671,0.6738,,
City Union Bank,532210,CUB,Banks,,,-1,,
CL Educate,540403,CLEDUCATE,Other Consumer Services,,,-0.2682,,
Clean Science,543318,CLEAN,Chemicals & Petrochemicals,,,,,
CLN Energy,544347,BOM:544347,Auto Components,,,48.8983,,
CMS Info Systems,543441,CMSINFO,Commercial Services & Supplies,786,669,0.6984,117,GREENZONE
Coal India,533278,COALINDIA,Consumable Fuels,984,614,-0.2324,370,BLUE
Coastal Corporat,501831,COASTCORP,Food Products,,,-0.5751,,
Cochin Shipyard,540678,COCHINSHIP,Industrial Manufacturing,1383,1434,-0.2694,-51,YELLOWZONE
Coffee Day Enter,539436,COFFEEDAY,Leisure Services,,2242,0.7439,,
Coforge,532541,COFORGE,IT - Software,173,98,2.6348,75,GREENZONE
Cohance Life,543064,COHANCE,Pharmaceuticals & Biotechnology,2154,2002,-0.7059,152,BLUE
Colab Platforms,542866,BOM:542866,Finance,,,,,
Colgate-Palmoliv,500830,COLPAL,Personal Products,638,1099,0.1324,-461,REDZONE
Commerl. Synbags,539986,COMSYN,Industrial Products,,,5.8851,,
Commodity,GROWWGOLD,GROWWGOLD,Industrial Products,372,289,0.2535,83,GREENZONE
Commodity Gold,UNIONGOLD,UNIONGOLD,Industrial Products,,,8.9498,,
Commodity-Gold,GOLD360,GOLD360,Industrial Products,,264,8.915,,
Commodity-Silver,GROWWSLVR,GROWWSLVR,Industrial Products,569,74,1.9423,495,GREENZONE
Commodity-Silver,SILVERCASE,SILVERCASE,Industrial Products,541,51,1.1077,490,GREENZONE
Commodity-Silver,SILVER360,SILVER360,Industrial Products,,54,23.7441,,
Concord Biotech,543960,CONCORDBIO,Pharmaceuticals & Biotechnology,842,1244,1.0416,-402,REDZONE
Concord Control,543619,BOM:543619,Industrial Manufacturing,61,310,0.4297,-249,REDZONE
Concord Enviro,544315,CEWATER,Other Utilities,,2026,6.4893,,
Confidence Petro,526829,CONFIPET,Gas,1797,2087,0.2407,-290,REDZONE
Connplex Cinemas,,CONNPLEX,Entertainment,,,,,
Cons. Finvest,,CONSOFINVT,Finance,,,-0.2224,,
Container Corpn.,531344,CONCOR,Transport Services,815,867,0.0088,-52,NO ACTION
Control Print,522295,CONTROLPR,IT - Hardware,149,,-0.8402,,
Cool Caps,,COOLCAPS,Industrial Products,,,,,
Coromandel Inter,506395,COROMANDEL,Fertilizers & Agrochemicals,157,676,0.0789,-519,NO ACTION
Cosmic CRF,543928,BOM:543928,Industrial Products,,,-0.4915,,
Cosmo First,508814,COSMOFIRST,Industrial Products,2260,1026,-0.2428,1234,BLUE
CPSE ETF,CPSEETF,CPSEETF,Industrial Products,957,1038,-0.2972,-81,YELLOWZONE
Craftsman Auto,543276,CRAFTSMAN,Auto Components,124,321,-0.7444,-197,YELLOWZONE
Creative Graphic,,CGRAPHICS,Industrial Products,,,,,
Creative Newtech,,CREATIVE,Commercial Services & Supplies,,159,6.1316,,
CreditAcc. Gram.,541770,CREDITACC,Finance,254,946,-0.3388,-692,YELLOWZONE
Credo Brands,544058,MUFTI,Retailing,,1675,1.254,,
Crest Ventures,511413,CREST,Finance,,,,,
CRISIL,500092,CRISIL,Finance,1416,1200,1.4052,216,GREENZONE
CRISIL 10 Year Gilt ETF,GSEC10ABSL,GSEC10ABSL,Industrial Products,,,-0.9005,,
Crizac,544439,CRIZAC,Retailing,1577,1365,-0.2589,212,BLUE
Crompton Gr. Con,539876,CROMPTON,Consumer Durables,1396,1699,-0.3772,-303,YELLOWZONE
Cropster Agro,523105,BOM:523105,Industrial Products,,,-0.5376,,
CSB Bank,542867,CSBBANK,Banks,738,2032,-0.5937,-1294,YELLOWZONE
CSL Finance,530067,CSLFINANCE,Finance,,,-0.4916,,
Cube Highways,543899,CUBEINVIT,Transport Infrastructure,,,,,
Cummins India,500480,CUMMINSIND,Industrial Products,397,309,-0.1272,88,BLUE
Cupid,530843,CUPID,Personal Products,432,10,0.9167,422,GREENZONE
Cupid Breweries,512361,BOM:512361,Beverages,,,3.1644,,
CWD,543378,BOM:543378,Consumer Durables,,,0.3736,,
Cybertech Sys.,532173,CYBERTECH,IT - Software,,,0.2051,,
Cyient,532175,CYIENT,IT - Services,1533,169,-0.2063,1364,BLUE
Cyient DLM,543933,CYIENTDLM,Industrial Manufacturing,1429,1107,-0.4271,322,BLUE
D B Corp,533151,DBCORP,Media,971,,-0.5827,,
D P Wires,543962,DPWIRES,Industrial Products,,,-0.5844,,
D-Link India,533146,DLINKINDIA,IT - Hardware,1522,871,-0.3193,651,BLUE
D.P. Abhushan,544161,DPABHUSHAN,Consumer Durables,996,1035,-0.0194,-39,NO ACTION
Dabur India,500096,DABUR,Personal Products,1195,1341,0.4717,-146,REDZONE
Dalmia Bharat,500097,DALMIASUG,Agricultural Food & other Products,,,0.0577,,
Dalmia BharatLtd,542216,DALBHARAT,Cement & Cement Products,869,1169,-0.0854,-300,NO ACTION
Dam Capital Advi,544316,DAMCAPITAL,Capital Markets,2033,2162,-0.2135,-129,YELLOWZONE
Danish Power,,DANISH,Electrical Equipment,,,,,
Danlaw Tech.,532329,BOM:532329,Industrial Manufacturing,,,-0.4467,,
Data Pattern,543428,DATAPATTNS,Aerospace & Defense,1181,1479,0.2196,-298,REDZONE
Datamatics Glob.,532528,DATAMATICS,IT - Services,1929,1636,-0.0925,293,BLUE
Davangere Sugar,543267,DAVANGERE,Diversified FMCG,,472,11.9601,,
DC Infotech,543636,DCI,IT - Hardware,112,72,-0.7055,40,BLUE
DCB Bank,532772,DCBBANK,Banks,71,1146,-0.3651,-1075,YELLOWZONE
DCM Shriram,523367,DCMSHRIRAM,Diversified,188,409,-0.7835,-221,YELLOWZONE
DCM Shriram Inds,523369,DCMSRIND,Agricultural Food & other Products,,,-0.3769,,
DCW,500117,DCW,Chemicals & Petrochemicals,2027,2305,-0.6622,-278,YELLOWZONE
DCX Systems,543650,DCXINDIA,Aerospace & Defense,2175,2213,-0.0963,-38,NO ACTION
DDev Plastiks,543547,DDEVPLSTIK,Chemicals & Petrochemicals,1853,368,1.8665,1485,GREENZONE
DE Nora India,590031,DENORA,Industrial Products,,,-0.7747,,
Dec.Gold Mines,512068,BOM:512068,Non - Ferrous Metals,2127,1690,4.7581,437,GREENZONE
Deccan Cements,502137,DECCANCE,Cement & Cement Products,2328,2166,-0.6283,162,BLUE
DEE Development,544198,DEEDEV,Industrial Manufacturing,1905,2190,0.469,-285,REDZONE
Deep Industries,543288,DEEPINDS,Oil,1638,2099,0.8006,-461,REDZONE
Deepak Builders,544276,DBEIL,Construction,,,0.0946,,
Deepak Fertilis.,500645,DEEPAKFERT,Chemicals & Petrochemicals,1584,1981,-0.5469,-397,YELLOWZONE
Deepak Nitrite,506401,DEEPAKNTR,Chemicals & Petrochemicals,2222,1916,-0.4829,306,BLUE
Delhivery,543529,DELHIVERY,Transport Services,1601,1887,-0.1385,-286,NO ACTION
Delphi World,533452,DELPHIFX,Finance,,7,2.9113,,
Delta Corp,532848,DELTACORP,Leisure Services,2034,835,7.2781,1199,GREENZONE
Delton Cables,504240,BOM:504240,Electrical Equipment,,,-0.4204,,
Den Networks,533137,DEN,Entertainment,,,,,
Denta Water,544345,DENTA,Other Utilities,1729,2193,-0.6936,-464,YELLOWZONE
Dev Accele.,544513,DEVX,Commercial Services & Supplies,,,-0.6124,,
Devyani Intl.,543330,DEVYANI,Leisure Services,1766,1031,1.1306,735,GREENZONE
Dhabriya Poly.,538715,BOM:538715,Industrial Products,,,-0.5787,,
Dhampur Bio,543593,DBOL,Agricultural Food & other Products,668,,-0.9128,,
Dhampur Sugar,500119,DHAMPURSUG,Agricultural Food & other Products,1520,2024,0.6689,-504,REDZONE
Dhanashree Elect,542679,BOM:542679,Electrical Equipment,,,0.8628,,
Dhani Services,532960,DHANI,Finance,,,,,
Dhanlaxmi Bank,532180,DHANBANK,Banks,294,,-0.6281,,
Dhanuka Agritech,507717,DHANUKA,Fertilizers & Agrochemicals,1066,566,-0.7464,500,BLUE
Dharmaj Crop,543687,DHARMAJ,Fertilizers & Agrochemicals,832,942,-0.0656,-110,NO ACTION
Dhunseri Invest.,533336,DHUNINV,Finance,,,-0.8063,,
Dhunseri Vent.,523736,DVL,Diversified,,,-0.2037,,
Diamond Power,522163,DIACABS,Electrical Equipment,1987,1124,-0.4258,863,BLUE
DIC India,500089,DICIND,Chemicals & Petrochemicals,,,-0.4482,,
Diffusion Eng,544264,DIFFNKG,Industrial Products,2316,2113,-0.6323,203,BLUE
DigiSpice Tech.,517214,DIGISPICE,IT - Services,,,0.5849,,
Digitide Solutio,544413,DIGITIDE,IT - Services,1725,1984,1.2836,-259,REDZONE
Dilip Buildcon,540047,DBL,Construction,,,-0.9223,,
Disa India,500068,BOM:500068,Industrial Manufacturing,,,-0.9218,,
Dish TV India,532839,DISHTV,Entertainment,,,0.3829,,
Dishman Carbogen,540701,DCAL,Pharmaceuticals & Biotechnology,1400,1959,-0.1082,-559,NO ACTION
Divgi Torq,543812,DIVGIITTS,Auto Components,,538,7.0568,,
Divi's Lab.,532488,DIVISLAB,Pharmaceuticals & Biotechnology,1113,1005,0.556,108,GREENZONE
Divine Power,,DPEL,Industrial Products,,,,,
Dixon Technolog.,540699,DIXON,Consumer Durables,1583,2183,-0.1641,-600,YELLOWZONE
DLF,532868,DLF,Realty,1588,1558,0.4204,30,GREENZONE
DMCC Speciality,506405,DMCC,Chemicals & Petrochemicals,,,0.0821,,
Dodla Dairy,543306,DODLA,Food Products,138,725,-0.7123,-587,YELLOWZONE
Dolat Algotech,505526,DOLATALGO,Capital Markets,2193,,-0.4479,,
Dollar Industrie,541403,DOLLAR,Textiles & Apparels,1021,,-0.4423,,
Dolphin Offshore,522261,DOLPHIN,Oil,,,-0.9138,,
Domestic price of Gold,AONEGOLD,AONEGOLD,Industrial Products,,,0.0116,,
Domestic Price of Physical Gold,MOGOLD,MOGOLD,Industrial Products,,301,29.2952,,
Domestic Price of Physical Silver,MOSILVER,MOSILVER,Industrial Products,,73,21.3512,,
Domestic Price of Silver,SILVERIETF,SILVERIETF,Industrial Products,560,44,1.4148,516,GREENZONE
Domestic price of Silver- based on LBMA Silver daily spot fixing price,SILVERBEES,SILVERBEES,Industrial Products,519,57,1.4174,462,GREENZONE
Doms Industries,544045,DOMS,Household Products,486,137,4.3857,349,GREENZONE
Donear Inds.,512519,DONEAR,Textiles & Apparels,,,0.7216,,
Dr Agarwal's Eye,526783,BOM:526783,Healthcare Services,,,0.6917,,
Dr Agarwal's Hea,544350,AGARWALEYE,Healthcare Services,681,1232,2.1273,-551,REDZONE
Dr Lal Pathlabs,539524,LALPATHLAB,Healthcare Services,1126,1402,-0.572,-276,YELLOWZONE
Dr Reddy's Labs,500124,DRREDDY,Pharmaceuticals & Biotechnology,461,198,1.4935,263,GREENZONE
Dreamfolks Servi,543591,DREAMFOLKS,Transport Infrastructure,879,1618,0.2037,-739,REDZONE
Dredging Corpn.,523618,DREDGECORP,Engineering Services,1427,302,0.205,1125,GREENZONE
DSM Fresh,544568,BOM:544568,Food Products,1610,2280,-0.0579,-670,NO ACTION
DSP Gold ETF,GOLDETFADD,GOLDETFADD,Industrial Products,350,214,0.5042,136,GREENZONE
DSP Nifty Bank ETF,BANKETFADD,BANKETFADD,Industrial Products,,556,16.749,,
DSP Nifty Healthcare ETF,HEALTHADD,HEALTHADD,Industrial Products,,,-0.6708,,
DSP Nifty IT ETF,ITETFADD,ITETFADD,Industrial Products,,,0.8952,,
DSP Nifty Private Bank ETF,PVTBANKADD,PVTBANKADD,Industrial Products,,,-0.4606,,
DSP Nifty PSU Bank ETF,PSUBANKADD,PSUBANKADD,Industrial Products,,,0.6255,,
DSP S&P BSE Liquid Rate ETF,LIQUIDADD,LIQUIDADD,Industrial Products,760,454,0.8677,306,GREENZONE
DSP S&P BSE Sensex ETF,SENSEXADD,SENSEXADD,Industrial Products,,,-0.8476,,
DSP Silver ETF,SILVERADD,SILVERADD,Industrial Products,539,63,0.9309,476,GREENZONE
Ducol Organics,,DUCOL,Chemicals & Petrochemicals,,,,,
Dwarikesh Sugar,532610,DWARKESH,Agricultural Food & other Products,1155,2062,0.1551,-907,REDZONE
Dynacons Sys.,532365,DSSL,IT - Services,1089,1498,0.4996,-409,REDZONE
Dynamatic Tech.,505242,DYNAMATECH,Industrial Manufacturing,1223,1938,-0.0686,-715,NO ACTION
Dynamic Cables,540795,DYCL,Industrial Products,2221,1618,-0.7989,603,BLUE
Dynemic Products,532707,DYNPRO,Chemicals & Petrochemicals,,,0.0639,,
E Factor Experie,,EFACTOR,Other Consumer Services,,,,,
E2E Networks,,E2E,IT - Services,,,,,
Earkart,544549,BOM:544549,Healthcare Equipment & Supplies,,,0.8848,,
Easy Trip Plann.,543272,EASEMYTRIP,Leisure Services,2229,56,9.3672,2173,GREENZONE
eClerx Services,532927,ECLERX,Commercial Services & Supplies,1441,57,1.0484,1384,GREENZONE
Eco Recyc.,530643,BOM:530643,Other Utilities,,,-0.0415,,
Ecos (India),544239,ECOSMOBLTY,Transport Services,568,1277,-0.8208,-709,YELLOWZONE
Edelweiss Gold ETF,EGOLD,EGOLD,Industrial Products,,266,34.6416,,
Edelweiss Nifty Bank ETF,EBANKNIFTY,EBANKNIFTY,Industrial Products,,,42.2326,,
Edelweiss Silver ETF,ESILVER,ESILVER,Industrial Products,522,,-0.6334,,
Edelweiss.Fin.,532922,EDELWEISS,Finance,1179,1811,0.1668,-632,REDZONE
EFC (I),512008,EFCIL,Commercial Services & Supplies,2069,1993,-0.1963,76,BLUE
Effwa Infra,,EFFWA,Other Utilities,,,,,
Eicher Motors,505200,EICHERMOT,Automobiles,172,331,0.1459,-159,REDZONE
EID Parry,500125,EIDPARRY,Food Products,916,485,0.3901,431,GREENZONE
EIH,500840,EIHOTEL,Leisure Services,1199,355,-0.29,844,BLUE
EIH Assoc.Hotels,523127,EIHAHOTELS,Leisure Services,,,-0.4681,,
Eimco Elecon(I),523708,EIMCOELECO,Industrial Manufacturing,1794,1308,-0.2431,486,BLUE
Ekansh Concept,531364,BOM:531364,Commercial Services & Supplies,2244,,-0.9576,,
Elantas Beck,500123,BOM:500123,Chemicals & Petrochemicals,,,-0.7209,,
Elcid Investment,503681,BOM:503681,Finance,,,1.1423,,
Eldeco Housing,523329,ELDEHSG,Realty,,30,379.8176,,
Elecon Engg.Co,505700,ELECON,Electrical Equipment,2130,2042,-0.2689,88,BLUE
Electronics Mart,543626,EMIL,Retailing,2213,2060,-0.2778,153,BLUE
Electrost.Cast.,500128,ELECTCAST,Industrial Products,1987,1888,-0.294,99,BLUE
Electrotherm(I),526608,ELECTHERM,Industrial Products,,,-0.6984,,
Eleganz Interior,,ELGNZ,Commercial Services & Supplies,,,,,
Elgi Equipments,522074,ELGIEQUIP,Industrial Products,929,1145,-0.8811,-216,YELLOWZONE
Elgi Rubber Co,,ELGIRUBCO,Industrial Products,,,-0.6336,,
Elin Electronics,543725,ELIN,Consumer Durables,,,,,
Elitecon Inter.,539533,BOM:539533,Cigarettes & Tobacco Products,2338,2248,0.0465,90,GREENZONE
Ellen.Indl.Gas,544421,ELLEN,Chemicals & Petrochemicals,2181,2258,0.824,-77,REDZONE
Elpro Internatio,504000,BOM:504000,Realty,,,-0.1647,,
Emami,531162,EMAMILTD,Personal Products,1212,911,-0.4892,301,BLUE
Emami Paper,533208,EMAMIPAP,"Paper, Forest & Jute Products",,,2.8633,,
Emami Realty Ltd,533218,EMAMIREAL,Realty,,,0.4662,,
Embassy Develop,532832,EMBDL,Realty,2112,2252,0.1145,-140,REDZONE
Embassy Off.REIT,542602,EMBASSY,Realty,,,,,
Emcure Pharma,544210,EMCURE,Pharmaceuticals & Biotechnology,244,478,-0.4546,-234,YELLOWZONE
Emerald Finance,538882,BOM:538882,Finance,,,0.2443,,
Emerald Leisures,507265,BOM:507265,Leisure Services,,,-1,,
Emk.Global Fin.,532737,EMKAY,Capital Markets,,,-0.3604,,
Emkay Tools,,ETL,Industrial Manufacturing,,,-0.8258,,
Emmforce Auto.,544166,BOM:544166,Auto Components,,,-0.6942,,
Empire Inds.,509525,BOM:509525,Diversified,2288,,-0.9694,,
EMS,543983,EMSLIMITED,Other Utilities,1894,1817,0.3847,77,GREENZONE
eMudhra,543533,EMUDHRA,IT - Services,1121,364,3.2541,757,GREENZONE
Endurance Tech.,540153,ENDURANCE,Auto Components,1452,1169,0.0798,283,GREENZONE
Energy InfrTrust,542543,BOM:542543,,478,,-0.9037,,
Engineers India,532178,ENGINERSIN,Construction,261,235,0.1305,26,GREENZONE
Enkei Wheels,533477,BOM:533477,Auto Components,,,0.3671,,
Ent.Network,532700,ENIL,Entertainment,,,-0.0836,,
Entero Healthcar,544122,ENTERO,Retailing,1663,1248,0.4712,415,GREENZONE
Enviro Infra,544290,EIEL,Other Utilities,1751,1844,-0.3318,-93,YELLOWZONE
Envirotech Sys.,,ENVIRO,Industrial Products,,,,,
Epack Durable,544095,EPACK,Consumer Durables,2021,1022,-0.3138,999,BLUE
EPack PrefabTech,544540,EPACKPEB,Industrial Manufacturing,1422,1209,-0.4255,213,BLUE
Epigral,543332,EPIGRAL,Chemicals & Petrochemicals,1499,897,-0.3182,602,BLUE
EPL Ltd,500135,EPL,Industrial Products,,,2.2266,,
Equitas Sma. Fin,543243,EQUITASBNK,Banks,103,1186,-0.7452,-1083,YELLOWZONE
Equity Index,INTERNET,INTERNET,Industrial Products,,,1.1504,,
Eraaya Lifespace,531035,BOM:531035,Automobiles,,,-0.208,,
ERIS Lifescience,540596,ERIS,Pharmaceuticals & Biotechnology,853,1371,-0.5299,-518,YELLOWZONE
Esab India,500133,ESABINDIA,Industrial Products,363,200,-0.181,163,BLUE
ESAF Small Fin,544020,ESAFSFB,Banks,,,-0.2338,,
Esconet,,ESCONET,IT - Hardware,,,,,
Escorts Kubota,500495,ESCORTS,"Agricultural, Commercial & Construction Vehicles",291,610,-0.4248,-319,YELLOWZONE
Espire Hospi,532016,BOM:532016,Leisure Services,,,-0.4683,,
Essar Shipping,533704,ESSARSHPNG,Transport Services,,,-0.6034,,
Essen Speciality,,ESFL,Consumer Durables,,,,,
Ester Industries,500136,ESTER,Industrial Products,,,0.0507,,
Eternal Ltd,543320,ETERNAL,Retailing,548,1187,1.131,-639,REDZONE
Ethos Ltd,543532,ETHOSLTD,Consumer Durables,53,558,-0.5336,-505,YELLOWZONE
Eureka Forbes,543482,EUREKAFORB,Consumer Durables,134,76,-0.394,58,BLUE
Euro India Fresh,,EIFFL,Food Products,,,-0.1714,,
Euro Panel,544461,EUROBOND,Industrial Products,,,-0.8257,,
Euro Pratik Sale,544519,EUROPRATIK,Consumer Durables,142,562,0.04,-420,NO ACTION
Eveready Inds.,531508,EVEREADY,Household Products,1154,1741,-0.5191,-587,YELLOWZONE
Everest Inds.,508906,EVERESTIND,Other Construction Materials,2215,,-0.8226,,
Everest Kanto,532684,EKC,Industrial Manufacturing,2194,1853,-0.0218,341,BLUE
Everest Organics,524790,BOM:524790,Pharmaceuticals & Biotechnology,,,-0.3052,,
Evexia Lifecare,524444,BOM:524444,Chemicals & Petrochemicals,963,,-0.8505,,
Excel Industries,500650,EXCELINDUS,Chemicals & Petrochemicals,,,-0.5351,,
Exhicon Events,543895,BOM:543895,Other Consumer Services,598,,-0.8029,,
Exicom Tele-Sys.,544133,EXICOM,Electrical Equipment,2275,2205,-0.5456,70,BLUE
Exide Inds.,500086,EXIDEIND,Auto Components,1805,346,-0.0598,1459,BLUE
Expleo Solutions,533121,EXPLEOSOL,IT - Services,252,1467,-0.4233,-1215,YELLOWZONE
Exxaro Tiles,543327,EXXARO,Consumer Durables,,,-0.3738,,
F A C T,590024,FACT,Fertilizers & Agrochemicals,,,-0.9058,,
Fabtech Tech.,544558,FABTECH,Healthcare Services,164,1029,-0.5204,-865,YELLOWZONE
Fabtech Techn.,544332,BOM:544332,Industrial Manufacturing,,,0.0517,,
Fairchem Organic,543252,FAIRCHEMOR,Chemicals & Petrochemicals,1826,190,-0.6501,1636,BLUE
Faze Three,530079,FAZE3Q,Textiles & Apparels,467,2180,-0.3126,-1713,YELLOWZONE
FCS Software,532666,FCSSOFT,IT - Services,,,-0.4342,,
FDC,531599,FDC,Pharmaceuticals & Biotechnology,469,415,6.1079,54,GREENZONE
Fedbank Financi.,544027,FEDFINA,Finance,83,762,-0.8749,-679,YELLOWZONE
Fedders Holding,511628,BOM:511628,Finance,566,16,2.937,550,GREENZONE
Federal Bank,500469,FEDERALBNK,Banks,68,139,-0.4688,-71,YELLOWZONE
Federal-Mogul Go,505744,FMGOETZE,Auto Components,2167,1562,-0.5994,605,BLUE
Felix Industries,,FELIX,Other Utilities,,,,,
Fermenta Biotec.,506414,BOM:506414,Pharmaceuticals & Biotechnology,,,0.3455,,
Fiem Industries,532768,FIEMIND,Auto Components,202,267,0.133,-65,REDZONE
Filatex Fash.,532022,FILATFASH,Textiles & Apparels,2253,1947,0.7485,306,GREENZONE
Filatex India,526227,FILATEX,Textiles & Apparels,1745,2138,-0.0583,-393,NO ACTION
Fine Organic,541557,FINEORG,Chemicals & Petrochemicals,963,548,0.1274,415,GREENZONE
Fineotex Chem,533333,FCL,Chemicals & Petrochemicals,,,-0.4732,,
Finkurve Fin.,508954,FINKURVE,Finance,,,-0.0526,,
Fino Payments,543386,FINOPB,Banks,102,141,-0.9698,-39,YELLOWZONE
Finolex Cables,500144,FINCABLES,Industrial Products,1437,1394,0.1522,43,GREENZONE
Finolex Inds.,500940,FINPIPE,Industrial Products,599,2024,0.3509,-1425,REDZONE
Firstsour.Solu.,532809,FSL,Commercial Services & Supplies,,,-0.8903,,
Fischer Medical,524743,FISCHER,Healthcare Equipment & Supplies,1697,903,-0.822,794,BLUE
Five-Star Bus.Fi,543663,FIVESTAR,Finance,1214,1033,1.1723,181,GREENZONE
Flair Writing,544030,FLAIR,Household Products,1936,1526,-0.2582,410,BLUE
Fluidomat,522017,BOM:522017,Industrial Manufacturing,,,-0.0489,,
FlySBS Aviation,,FLYSBS,Transport Services,,,,,
Foce India,,FOCE,Consumer Durables,,,,,
Focus Lighting,,FOCUS,Consumer Durables,,,,,
Foods & Inns,507552,FOODSIN,Food Products,,,-0.2399,,
Forbes & Co,502865,BOM:502865,Consumer Durables,,,-0.9211,,
Forbes Precision,544186,BOM:544186,Industrial Manufacturing,,,-0.6978,,
Force Motors,500033,FORCEMOT,Automobiles,1573,265,0.4888,1308,GREENZONE
Fortis Health.,532843,FORTIS,Healthcare Services,1409,1784,0.2631,-375,REDZONE
Foseco India,500150,FOSECOIND,Chemicals & Petrochemicals,,,-0.4095,,
FratelliVineyard,541741,BOM:541741,Beverages,,,-0.7914,,
Fredun Pharma,539730,BOM:539730,Pharmaceuticals & Biotechnology,580,,-0.53,,
Freshara Agro,,FRESHARA,Food Products,,,,,
Frog Cellsat,,FROG,Telecom - Equipment & Accessories,105,156,-0.0833,-51,NO ACTION
Frontier Springs,522195,BOM:522195,Auto Components,1483,2237,-0.2494,-754,YELLOWZONE
FSN E-Commerce,543384,NYKAA,Retailing,487,1411,0.0111,-924,NO ACTION
Fusion Finance,543652,FUSION,Finance,138,862,-0.7919,-724,YELLOWZONE
G M Breweries,507488,GMBREW,Beverages,2132,2097,-0.8269,35,BLUE
G M D C,532181,GMDCLTD,Minerals & Mining,1448,1445,-0.5773,3,BLUE
G N F C,500670,GNFC,Chemicals & Petrochemicals,1317,454,0.291,863,GREENZONE
G R Infraproject,543317,GRINFRA,Construction,1033,1626,0.6319,-593,REDZONE
G S F C,500690,GSFC,Fertilizers & Agrochemicals,1642,1723,0.5439,-81,REDZONE
Gabriel India,505714,GABRIEL,Auto Components,1849,2196,0.1489,-347,REDZONE
GAIL (India),532155,GAIL,Gas,366,2013,-0.1017,-1647,NO ACTION
Gala Precis. Eng,544244,GALAPREC,Industrial Manufacturing,,,-0.1494,,
Galaxy Surfact.,540935,GALAXYSURF,Chemicals & Petrochemicals,2161,1460,0.5548,701,GREENZONE
Gallantt Ispat L,532726,GALLANTT,Industrial Products,931,947,-0.8039,-16,YELLOWZONE
Gandhar Oil Ref.,544029,GANDHAR,Petroleum Products,1918,2150,0.4322,-232,REDZONE
Gandhi Spl. Tube,513108,GANDHITUBE,Industrial Products,,,-0.2781,,
Ganesh Benzopl.,500153,GANESHBE,Oil,688,,-0.8916,,
Ganesh Consumer,544528,GANESHCP,Food Products,1254,2293,1.7086,-1039,REDZONE
Ganesh Green,,GGBL,Construction,,,,,
Ganesh Housing,526367,GANESHHOU,Realty,1262,1328,0.7947,-66,REDZONE
Ganesh Infra.,,GANESHIN,Construction,,,,,
Ganesha Ecosphe.,514167,GANECOS,Textiles & Apparels,1233,1425,-0.9462,-192,YELLOWZONE
Garden Reach Sh.,542011,GRSE,Aerospace & Defense,1046,2145,0.1386,-1099,REDZONE
Garuda Cons,544271,GARUDA,Construction,912,1687,-0.3709,-775,YELLOWZONE
Garware Hi Tech,500655,GRWRHITECH,Industrial Products,714,1598,-0.4336,-884,YELLOWZONE
Garware Tech.,509557,GARFIBRES,Textiles & Apparels,2010,1954,-0.5423,56,BLUE
Gateway Distri,543489,GATEWAY,Transport Services,1309,127,7.3508,1182,GREENZONE
GE Power,532309,GVPIL,Electrical Equipment,280,1318,-0.6817,-1038,YELLOWZONE
GE Shipping Co,500620,GESHIP,Transport Services,994,656,-0.1462,338,BLUE
GE Vernova T&D,522275,GVT&D,Electrical Equipment,1555,1921,-0.0296,-366,NO ACTION
GEE,504028,BOM:504028,Electrical Equipment,,,-0.8617,,
GeeCee Vent.,532764,GEECEE,Realty,,,-0.4687,,
Geekay Wires,,GEEKAYWIRE,Industrial Products,,,0.4056,,
Gem Aromatics,544491,GEMAROMA,Chemicals & Petrochemicals,2295,2318,0.3502,-23,REDZONE
General Insuranc,540755,GICRE,Insurance,277,751,-0.8025,-474,YELLOWZONE
Genesys Intl.,506109,GENESYS,IT - Services,2229,2285,1.0444,-56,REDZONE
Gennex Lab.,531739,BOM:531739,Pharmaceuticals & Biotechnology,2104,,-0.4233,,
Genus Paper & Bo,538961,GENUSPAPER,"Paper, Forest & Jute Products",,,-0.0506,,
Genus Power,530343,GENUSPOWER,Electrical Equipment,1865,2037,-0.3126,-172,YELLOWZONE
Geojit Fin. Ser.,532285,GEOJITFSL,Capital Markets,1134,842,-0.5785,292,BLUE
GFL,500173,GFLLIMITED,Finance,,,1.9014,,
GHCL,500171,GHCL,Chemicals & Petrochemicals,2200,616,1.5704,1584,GREENZONE
GHCL Textiles,543918,GHCLTEXTIL,Textiles & Apparels,416,1542,0.2703,-1126,REDZONE
GHV Infra,505504,BOM:505504,Construction,,,1.1699,,
GIC Housing Fin,511676,GICHSGFIN,Finance,418,,-0.7284,,
Gillette India,507815,GILLETTE,Personal Products,973,885,0.5715,88,GREENZONE
Ginni Filaments,590025,GINNIFILA,Textiles & Apparels,,,-0.5543,,
Giriraj Civil,,GIRIRAJ,Construction,,,,,
GK Energy,544525,GKENERGY,Construction,2287,2323,-0.0897,-36,NO ACTION
GKW,,GKWLIMITED,Finance,,,-0.909,,
Gland Pharma,543245,GLAND,Pharmaceuticals & Biotechnology,,,,,
Glaxosmi. Pharma,500660,GLAXO,Pharmaceuticals & Biotechnology,1219,602,0.2649,617,GREENZONE
Glenmark Pharma.,532296,GLENMARK,Pharmaceuticals & Biotechnology,167,164,-0.4885,3,BLUE
Global Education,,GLOBAL,Other Consumer Services,,,,,
Global Health,543654,MEDANTA,Healthcare Services,282,1066,0.0639,-784,NO ACTION
Global Surfaces,543829,GSLSU,Consumer Durables,811,2278,-0.174,-1467,YELLOWZONE
Global Vectra,532773,GLOBALVECT,Transport Services,,,0.3415,,
Globe Civil,544424,GLOBECIVIL,Construction,170,,-0.9344,,
Globe Intl. Car.,,GICL,Transport Services,,,,,
Globus Spirits,533104,GLOBUSSPR,Beverages,2208,2227,1.1207,-19,REDZONE
Gloster Ltd,542351,GLOSTERLTD,"Paper, Forest & Jute Products",,,-0.0401,,
Glottis,544557,GLOTTIS,Transport Services,1756,2267,1.8707,-511,REDZONE
GMM Pfaudler,505255,GMMPFAUDLR,Industrial Manufacturing,2201,2083,-0.1784,118,BLUE
GMR Airports,532754,GMRAIRPORT,Transport Infrastructure,57,784,-0.1939,-727,YELLOWZONE
GMR Urban,543490,GMRP&UI,Power,924,2146,-0.6557,-1222,YELLOWZONE
GNA Axles,540124,GNA,Auto Components,,,0.0315,,
GNG Electronics,544455,EBGNG,IT - Hardware,1285,1590,-0.396,-305,YELLOWZONE
Go Digit General,544179,GODIGIT,Insurance,529,1288,-0.2241,-759,YELLOWZONE
Go Fashion (I),543401,GOCOLORS,Retailing,1985,2073,-0.4483,-88,YELLOWZONE
Goa Carbon,509567,GOACARBON,Minerals & Mining,,,-0.3951,,
GOCL Corpn.,506480,GOCLCORP,Chemicals & Petrochemicals,2174,,-0.628,,
Godavari Bioref.,544279,GODAVARIB,Diversified FMCG,,1497,5.3353,,
Godawari Power,532734,GPIL,Industrial Products,2236,1537,0.2662,699,GREENZONE
Godfrey Phillips,500163,GODFRYPHLP,Cigarettes & Tobacco Products,1466,1891,-0.2119,-425,YELLOWZONE
Godrej Agrovet,540743,GODREJAGRO,Food Products,534,617,-0.8619,-83,YELLOWZONE
Godrej Consumer,532424,GODREJCP,Personal Products,304,693,-0.6915,-389,YELLOWZONE
Godrej Industrie,500164,GODREJIND,Diversified,932,1700,13.2015,-768,REDZONE
Godrej Propert.,533150,GODREJPROP,Realty,1406,1190,-0.1656,216,BLUE
Goel Construct.,544504,BOM:544504,Construction,,,2.8864,,
Gokaldas Exports,532630,GOKEX,Textiles & Apparels,555,1913,-0.3549,-1358,YELLOWZONE
Gokul Agro,539725,GOKULAGRO,Agricultural Food & other Products,140,1048,-0.7072,-908,YELLOWZONE
Gokul Refoils,532980,GOKUL,Agricultural Food & other Products,,,-0.4916,,
Gold,AXISGOLD,AXISGOLD,Industrial Products,405,246,0.4516,159,GREENZONE
Gold,LICMFGOLD,LICMFGOLD,Industrial Products,408,203,1.413,205,GREENZONE
Gold,GOLDBEES,GOLDBEES,Industrial Products,389,243,0.1989,146,GREENZONE
Gold,GOLD1,GOLD1,Industrial Products,360,242,0.1049,118,GREENZONE
Gold,HDFCGOLD,HDFCGOLD,Industrial Products,357,229,0.5524,128,GREENZONE
Gold,BSLGOLDETF,BSLGOLDETF,Industrial Products,344,256,-0.6224,88,BLUE
Gold,IVZINGOLD,IVZINGOLD,Industrial Products,,,-0.6777,,
Gold,QGOLDHALF,QGOLDHALF,Industrial Products,,,0.269,,
Gold,SETFGOLD,SETFGOLD,Industrial Products,375,228,0.7084,147,GREENZONE
Gold,GOLDIETF,GOLDIETF,Industrial Products,396,209,0.0071,187,GREENZONE
Gold,GOLDSHARE,GOLDSHARE,Industrial Products,363,222,0.4294,141,GREENZONE
Goldiam Intl.,526729,GOLDIAM,Consumer Durables,135,1325,-0.8091,-1190,YELLOWZONE
Goldkart Jewels,,GOLDKART,Consumer Durables,,,,,
Goodluck India,530655,GOODLUCK,Industrial Products,1030,1344,-0.1452,-314,NO ACTION
Goodricke Group,500166,BOM:500166,Agricultural Food & other Products,,,-0.5681,,
Goodyear India,500168,GOODYEAR,Auto Components,,,,,
Gopal Snacks,544140,GOPAL,Food Products,1055,1129,-0.5437,-74,YELLOWZONE
Government Securities,LIQUIDBEES,LIQUIDBEES,Industrial Products,834,525,0.4747,309,GREENZONE
Goyal Salt,,GOYALSALT,Food Products,,,,,
GP Eco Solutions,,GPECO,Electrical Equipment,,,,,
GPT Healthcare,544131,GPTHEALTH,Healthcare Services,,1020,12.5091,,
GPT Infraproject,533761,GPTINFRA,Construction,162,,-0.7933,,
Grand Continent,,GCHOTELS,Leisure Services,,,,,
Grand Oak Canyon,523862,BOM:523862,Finance,,,4.3702,,
Granules India,532482,GRANULES,Pharmaceuticals & Biotechnology,1190,211,-0.5173,979,BLUE
Graphite India,509488,GRAPHITE,Industrial Products,1398,1396,-0.4662,2,BLUE
Grasim Inds,500300,GRASIM,Cement & Cement Products,888,860,-0.3819,28,BLUE
Grauer & Weil,505710,GRAUWEIL,Chemicals & Petrochemicals,,,,,
Gravita India,533282,GRAVITA,Minerals & Mining,59,342,-0.87,-283,YELLOWZONE
Greaves Cotton,501455,GREAVESCOT,Industrial Products,1611,2167,-0.0712,-556,NO ACTION
Greenlam Industr,538979,GREENLAM,Consumer Durables,2065,1704,70.6499,361,GREENZONE
Greenpanel Inds.,542857,GREENPANEL,Consumer Durables,1982,2156,-0.5048,-174,YELLOWZONE
Greenply Industr,526797,GREENPLY,Consumer Durables,1305,1171,1.2277,134,GREENZONE
Gretex Corporate,543324,GCSL,Capital Markets,,,0.2476,,
Grindwell Norton,506076,GRINDWELL,Industrial Products,867,503,0.4057,364,GREENZONE
GRM Overseas,531449,GRMOVER,Agricultural Food & other Products,726,868,10.8973,-142,REDZONE
GRP,509152,GRPLTD,Industrial Products,625,2126,-0.6027,-1501,YELLOWZONE
GSEC10 NSE Index,LICNETFGSC,LICNETFGSC,Industrial Products,,,-0.5487,,
GTL Infra.,532775,GTLINFRA,Telecom - Services,1537,1682,-0.5049,-145,YELLOWZONE
GTPL Hathway,540602,GTPL,Entertainment,,,-0.3328,,
GTT Data,530457,BOM:530457,IT - Software,,,-0.5782,,
GTV Engineering,539479,BOM:539479,Industrial Manufacturing,1574,,-0.9034,,
Gufic BioScience,509079,GUFICBIO,Pharmaceuticals & Biotechnology,38,202,-0.662,-164,YELLOWZONE
Guj Apollo Inds,522217,GUJAPOLLO,Industrial Manufacturing,,,0.326,,
Guj Inds. Power,517300,GIPCL,Power,1726,1930,-0.2474,-204,YELLOWZONE
Guj Pipavav Port,533248,GPPL,Transport Infrastructure,186,113,0.7931,73,GREENZONE
Guj. Ambuja Exp,524226,GAEL,Agricultural Food & other Products,1191,86,4.4479,1105,GREENZONE
Guj. Themis Bio.,506879,GUJTHEM,Pharmaceuticals & Biotechnology,1847,2190,0.3961,-343,REDZONE
Guj.Nat.Resour.,513536,BOM:513536,Oil,909,1710,-0.4099,-801,YELLOWZONE
Guj.St.Petronet,532702,GSPL,Gas,1468,934,3.7574,534,GREENZONE
Gujarat Alkalies,530001,GUJALKALI,Chemicals & Petrochemicals,,,-0.1531,,
Gujarat Fluoroch,542812,FLUOROCHEM,Chemicals & Petrochemicals,1662,1647,-0.3509,15,BLUE
Gujarat Gas,539336,GUJGASLTD,Gas,1072,296,1.6617,776,GREENZONE
Gulf Oil Lubric.,538567,GULFOILLUB,Petroleum Products,1175,984,-0.2444,191,BLUE
Gulshan Polyols,532457,GULPOLY,Agricultural Food & other Products,2079,,-0.4871,,
GVK Power Infra.,532708,GVKPIL,Construction,,,0.4089,,
H P C L,500104,HINDPETRO,Petroleum Products,1550,1869,-0.1867,-319,YELLOWZONE
H T Media,532662,HTMEDIA,Media,,,10.5776,,
H U D C O,540530,HUDCO,Finance,174,1705,-0.2189,-1531,YELLOWZONE
H.G. Infra Engg.,541019,HGINFRA,Construction,494,1606,-0.7178,-1112,YELLOWZONE
Haldyn Glass,515147,BOM:515147,Industrial Products,,,-0.4038,,
Hampton Sky,526407,BOM:526407,Realty,,,-0.2627,,
Hang Seng Index,HNGSNGBEES,HNGSNGBEES,Industrial Products,1374,356,-0.4269,1018,BLUE
Hang Seng TECH Total Return Index,MAHKTECH,MAHKTECH,Industrial Products,,626,4.6717,,
Happiest Minds,543227,HAPPSTMNDS,IT - Software,840,234,6.8113,606,GREENZONE
Happy Forgings,544057,HAPPYFORGE,Industrial Products,541,405,0.0808,136,GREENZONE
Hardwyn India,541276,HARDWYN,Consumer Durables,33,238,-0.6528,-205,YELLOWZONE
Hariom Pipe,543517,HARIOMPIPE,Industrial Products,2197,673,1.29,1524,GREENZONE
Harri. Malayalam,500467,HARRMALAYA,Industrial Products,,,-0.3792,,
Harsha Engg Intl,543600,HARSHA,Industrial Products,,1496,0.4055,,
Haryana Fin. Co.,530927,BOM:530927,Finance,,,,,
Hathway Cable,533162,HATHWAY,Entertainment,1110,,-0.5491,,
Hatsun Agro,531531,HATSUN,Food Products,694,1210,0.8077,-516,REDZONE
Havells India,517354,HAVELLS,Consumer Durables,1083,826,-0.4111,257,BLUE
Hawkins Cookers,508486,BOM:508486,Consumer Durables,,,0.3561,,
Haz.Multi Proj.,532467,BOM:532467,Realty,40,70,-0.6017,-30,YELLOWZONE
HBL Engineering,517271,HBLENGINE,Industrial Products,2160,2274,0.2154,-114,REDZONE
HCL Infosystems,500179,HCL-INSYS,IT - Hardware,,,-0.4501,,
HCL Technologies,532281,HCLTECH,IT - Software,666,259,2.2391,407,GREENZONE
HDB FINANC SER,544429,HDBFS,Finance,189,612,-0.2644,-423,YELLOWZONE
HDFC AMC,541729,HDFCAMC,Capital Markets,1160,1554,0.2008,-394,REDZONE
HDFC Bank,500180,HDFCBANK,Banks,608,736,-0.2588,-128,YELLOWZONE
HDFC Life Insur.,540777,HDFCLIFE,Insurance,187,973,-0.146,-786,NO ACTION
HDFC NIFTY 100 ETF,HDFCNIF100,HDFCNIF100,Industrial Products,,,2.297,,
HDFC Nifty 1D Rate Liquid ETF,HDFCLIQUID,HDFCLIQUID,Industrial Products,,462,0.9519,,
HDFC NIFTY Growth Sectors 15 ETF,HDFCGROWTH,HDFCGROWTH,Industrial Products,,,4.4287,,
HDFC NIFTY IT ETF,HDFCNIFIT,HDFCNIFIT,Industrial Products,,170,23.9289,,
HDFC NIFTY Midcap 150 ETF,HDFCMID150,HDFCMID150,Industrial Products,,,-0.4922,,
HDFC NIFTY NEXT 50 ETF,HDFCNEXT50,HDFCNEXT50,Industrial Products,,,-0.02,,
HDFC NIFTY Private Bank ETF,HDFCPVTBAN,HDFCPVTBAN,Industrial Products,,,1.9285,,
HDFC NIFTY PSU BANK ETF,HDFCPSUBK,HDFCPSUBK,Industrial Products,,,-0.2379,,
HDFC NIFTY Smallcap 250 ETF,HDFCSML250,HDFCSML250,Industrial Products,1114,1063,-0.4771,51,BLUE
HDFC NIFTY100 Low Volatility 30 ETF,HDFCLOWVOL,HDFCLOWVOL,Industrial Products,,,-0.3778,,
HDFC NIFTY100 Quality 30 ETF,HDFCQUAL,HDFCQUAL,Industrial Products,,,0.412,,
HDFC NIFTY200 Momentum 30 ETF,HDFCMOMENT,HDFCMOMENT,Industrial Products,,,-0.3952,,
HDFC NIFTY50 Value 20 ETF,HDFCVALUE,HDFCVALUE,Industrial Products,,,0.8818,,
HDFC S&P BSE 500 ETF,HDFCBSE500,HDFCBSE500,Industrial Products,,,-0.669,,
HDFC Silver ETF,HDFCSILVER,HDFCSILVER,Industrial Products,597,68,2.4898,529,GREENZONE
Health.Global,539787,HCG,Healthcare Services,,,,,
HEG,509631,HEG,Industrial Products,269,559,-0.7771,-290,YELLOWZONE
Heidelberg Cem.,500292,HEIDELBERG,Cement & Cement Products,,1586,2.3241,,
Hemisphere Prop,543242,HEMIPROP,Commercial Services & Supplies,1078,1845,-0.3465,-767,YELLOWZONE
Heranba Inds,543266,HERANBA,Fertilizers & Agrochemicals,,,-0.3141,,
Hercules Hoists,505720,HERCULES,Industrial Manufacturing,,,-0.5562,,
Heritage Foods,519552,HERITGFOOD,Food Products,672,425,-0.6425,247,BLUE
Hero Motocorp,500182,HEROMOTOCO,Automobiles,75,91,1.019,-16,REDZONE
Hester Bios,524669,HESTERBIO,Pharmaceuticals & Biotechnology,,,-0.1438,,
Heubach Colorant,506390,HEUBACHIND,Chemicals & Petrochemicals,,,-0.277,,
Hexa Tradex,534328,HEXATRADEX,Finance,,,-0.9337,,
Hexaware Tech.,544362,HEXT,IT - Software,77,61,4.6395,16,GREENZONE
HFCL,500183,HFCL,Telecom - Services,1738,1510,2.9432,228,GREENZONE
Hi-Green Carbon,,HIGREEN,Other Utilities,,,,,
Hi-Tech Pipes,543411,HITECH,Industrial Products,1448,1813,-0.2931,-365,YELLOWZONE
High Energy Bat.,504176,BOM:504176,Household Products,,,-0.0638,,
Highway Infra,544477,HILINFRA,Transport Infrastructure,1635,,-0.6635,,
Hikal,524735,HIKAL,Pharmaceuticals & Biotechnology,2031,65,204.449,1966,GREENZONE
Himadri Special,500184,HSCL,Chemicals & Petrochemicals,1135,178,3.7686,957,GREENZONE
Himatsing. Seide,514043,HIMATSEIDE,Textiles & Apparels,824,1773,-0.142,-949,NO ACTION
Hind Rectifiers,504036,HIRECT,Industrial Manufacturing,1621,939,-0.6209,682,BLUE
Hind. Unilever,500696,HINDUNILVR,Diversified FMCG,814,288,1.1158,526,GREENZONE
Hind.Aeronautics,541154,HAL,Aerospace & Defense,1348,117,-0.538,1231,BLUE
Hind.Composites,509635,HINDCOMPOS,Auto Components,,,0.2871,,
Hind.Construct.,500185,HCC,Construction,854,95,-0.7879,759,BLUE
Hind.Oil Explor.,500186,HINDOILEXP,Oil,1179,88,-0.384,1091,BLUE
Hind.Urban Infra,539984,BOM:539984,Electrical Equipment,,,-0.9881,,
Hindalco Inds.,500440,HINDALCO,Non - Ferrous Metals,825,397,-0.1087,428,BLUE
Hinduja Global,532859,HGS,Commercial Services & Supplies,,1581,1.3874,,
Hindustan Copper,513599,HINDCOPPER,Non - Ferrous Metals,793,42,6.8185,751,GREENZONE
Hindustan Foods,519126,HNDFDS,Diversified FMCG,1086,,-0.6517,,
Hindustan Media,533217,HMVL,Media,,,-0.7242,,
Hindustan Motors,500500,HINDMOTORS,Automobiles,,,,,
Hindustan Zinc,500188,HINDZINC,Non - Ferrous Metals,1240,215,1.6225,1025,GREENZONE
Hindware Home In,542905,HINDWAREAP,Consumer Durables,1415,2153,-0.6016,-738,YELLOWZONE
Hitachi Energy,543187,POWERINDIA,Electrical Equipment,325,2065,2.9295,-1740,REDZONE
Hitech Corp.,526217,HITECHCORP,Industrial Products,,,-0.9145,,
HLE Glascoat,522215,HLEGLAS,Industrial Manufacturing,2186,2021,-0.363,165,BLUE
HLV,500193,HLVLTD,Leisure Services,,,-0.163,,
HMA Agro Inds.,543929,HMAAGRO,Food Products,,1022,0.8911,,
HMT,500191,HMT,Industrial Manufacturing,,,-0.0476,,
Home First Finan,543259,HOMEFIRST,Finance,1627,1739,-0.2026,-112,YELLOWZONE
Honasa Consumer,544014,HONASA,Personal Products,223,1628,-0.6245,-1405,YELLOWZONE
Honda India,522064,HONDAPOWER,Industrial Manufacturing,1768,,-0.3712,,
Honeywell Auto,517174,HONAUT,Industrial Manufacturing,514,960,-0.7244,-446,YELLOWZONE
HP Adhesives,543433,HPAL,Chemicals & Petrochemicals,,,1.3589,,
HP Telecom,,HPTL,Commercial Services & Supplies,,,,,
HPL Electric,540136,HPL,Industrial Manufacturing,,,-1,,
Hubtown,532799,HUBTOWN,Realty,1141,1540,-0.1477,-399,NO ACTION
Huhtamaki India,509820,HUHTAMAKI,Industrial Products,1833,,-0.7361,,
Hyundai Motor I,544274,HYUNDAI,Automobiles,1469,440,-0.3972,1029,BLUE
I G Petrochems,500199,IGPL,Chemicals & Petrochemicals,,,0.3906,,
I O B,532388,IOB,Banks,,,,,
I O C L,530965,IOC,Petroleum Products,,,-1,,
I R C T C,542830,IRCTC,Leisure Services,1452,1471,1.1829,-19,REDZONE
I R F C,543257,IRFC,Finance,1330,1533,0.2781,-203,REDZONE
I T D C,532189,ITDC,Leisure Services,,,-0.9995,,
ICE Make Refrig.,,ICEMAKE,Industrial Manufacturing,,,-0.3024,,
ICICI Bank,532174,ICICIBANK,Banks,781,576,-0.2305,205,BLUE
ICICI Lombard,540716,ICICIGI,Insurance,1079,921,-0.3161,158,BLUE
ICICI Pru Life,540133,ICICIPRULI,Insurance,628,1059,0.2744,-431,REDZONE
ICICI Prudential Nifty 10 yr Benchmark G-Sec ETF,GSEC10IETF,GSEC10IETF,Industrial Products,,,5.1663,,
ICICI Prudential Nifty 200 Momentum 30 ETF,MOM30IETF,MOM30IETF,Industrial Products,492,891,-0.4006,-399,YELLOWZONE
ICICI Prudential Nifty 200 Quality 30 ETF,QUAL30IETF,QUAL30IETF,Industrial Products,,,-0.5466,,
ICICI Prudential Nifty Commodities ETF,COMMOIETF,COMMOIETF,Industrial Products,,,-0.4763,,
ICICI Prudential Nifty Financial Services Ex-Bank ETF,FINIETF,FINIETF,Industrial Products,305,899,-0.3941,-594,YELLOWZONE
ICICI Prudential Nifty Infrastructure ETF,INFRAIETF,INFRAIETF,Industrial Products,605,1079,-0.0206,-474,NO ACTION
ICICI Prudential Nifty PSU Bank ETF,PSUBNKIETF,PSUBNKIETF,Industrial Products,317,1128,-0.2931,-811,YELLOWZONE
ICRA,532835,ICRA,Capital Markets,1172,1443,-0.2898,-271,YELLOWZONE
IDBI Bank,500116,IDBI,Banks,410,1420,-0.426,-1010,YELLOWZONE
Ideaforge Tech,543932,IDEAFORGE,Aerospace & Defense,1035,1567,-0.033,-532,NO ACTION
IDFC First Bank,539437,IDFCFIRSTB,Banks,503,605,-0.3219,-102,YELLOWZONE
IFB Agro Inds.,507438,IFBAGRO,Beverages,1351,2308,-0.5283,-957,YELLOWZONE
IFB Industries,505726,IFBIND,Consumer Durables,1521,1941,-0.2667,-420,YELLOWZONE
IFCI,500106,IFCI,Finance,1820,1886,-0.4092,-66,YELLOWZONE
IFGL Refractori.,540774,IFGLEXPOR,Industrial Products,,,-0.7404,,
Igarashi Motors,517380,IGARASHI,Auto Components,519,1577,-0.9884,-1058,YELLOWZONE
IIFL Capital,542773,IIFLCAPS,Capital Markets,1629,335,-0.3901,1294,BLUE
IIFL Finance,532636,IIFL,Finance,74,269,-0.8569,-195,YELLOWZONE
IIRM Holdings,526530,BOM:526530,Commercial Services & Supplies,,,-0.2239,,
IKIO Tech,543923,IKIO,Consumer Durables,,,-0.201,,
IL&FS Engg.,532907,IL&FSENGG,Construction,,,-0.8606,,
Imagica. Enter.,539056,IMAGICAA,Leisure Services,1901,1917,-0.2958,-16,YELLOWZONE
Ind-Swift Labs.,532305,INDSWFTLAB,Pharmaceuticals & Biotechnology,1375,,-0.6777,,
Indag Rubber,509162,BOM:509162,Auto Components,,,-0.6017,,
Indef Manufactur,544364,BAJAJINDEF,Industrial Manufacturing,,,-0.195,,
Indegene,544172,INDGN,Healthcare Services,483,192,-0.0027,291,BLUE
Index,GROWWNET,GROWWNET,Industrial Products,,,0.6504,,
Index,GROWWRLTY,GROWWRLTY,Industrial Products,,,0.132,,
Index,GROWWNXT50,GROWWNXT50,Industrial Products,,,-0.2129,,
India Cements,530005,INDIACEM,Cement & Cement Products,966,185,41.1048,781,GREENZONE
India Finsec,535667,BOM:535667,Finance,,,-0.9655,,
India Glycols,500201,INDIAGLYCO,Beverages,691,917,-0.0071,-226,NO ACTION
India Homes,513361,BOM:513361,Industrial Products,,,-0.0363,,
India Motor Part,590065,IMPAL,Auto Components,,,0.123,,
India Nipp.Elec.,532240,INDNIPPON,Auto Components,1707,,-0.4822,,
India Pesticides,543311,IPL,Fertilizers & Agrochemicals,1333,1626,0.0724,-293,NO ACTION
India Power Corp,,DPSCLTD,Power,,,0.4926,,
INDIA SHELTE FIN,544044,INDIASHLTR,Finance,676,1220,-0.3204,-544,YELLOWZONE
Indiabulls Enter,543715,IEL,Commercial Services & Supplies,207,,-0.6946,,
Indiamart Inter.,542726,INDIAMART,Retailing,1809,1446,1.5798,363,GREENZONE
Indian Bank,532814,INDIANB,Banks,332,2076,0.1242,-1744,REDZONE
Indian Energy Ex,540750,IEX,Capital Markets,127,102,-0.6195,25,BLUE
Indian Hotels Co,500850,INDHOTEL,Leisure Services,398,639,0.1344,-241,REDZONE
Indian Hume Pipe,504741,INDIANHUME,Industrial Manufacturing,66,,-0.6981,,
Indian Metals,533047,IMFA,Ferrous Metals,1377,77,3.0335,1300,GREENZONE
Indian Renewable,544026,IREDA,Finance,1440,1969,0.1445,-529,REDZONE
Indigo Paints,543258,INDIGOPNTS,Consumer Durables,265,337,0.6104,-72,REDZONE
IndiGrid Trust,540565,INDIGRID,Power,,,,,
Indiqube Spaces,544454,INDIQUBE,Commercial Services & Supplies,114,,-0.9188,,
Indl. Inv. Trust,501295,IITL,Finance,1975,1681,-0.0055,294,BLUE
Indl.& Prud.Inv.,501298,BOM:501298,Finance,,,1.1942,,
Indo Amines,524648,INDOAMIN,Chemicals & Petrochemicals,,,-0.07,,
Indo Borax & Ch.,524342,INDOBORAX,Chemicals & Petrochemicals,,,0.695,,
Indo Count Inds.,521016,ICIL,Textiles & Apparels,846,715,0.6172,131,GREENZONE
Indo Farm Equip.,544328,INDOFARM,"Agricultural, Commercial & Construction Vehicles",2050,2052,-0.588,-2,
Indo National,504058,NIPPOBATRY,Household Products,,,-0.0978,,
Indo Rama Synth.,500207,INDORAMA,Textiles & Apparels,1952,,-0.3649,,
Indo Tech.Trans.,532717,INDOTECH,Electrical Equipment,1165,2133,-0.0664,-968,NO ACTION
Indo Thai Sec.,533676,INDOTHAI,Capital Markets,28,1171,-0.7682,-1143,YELLOWZONE
Indoco Remedies,532612,INDOCO,Pharmaceuticals & Biotechnology,801,,-0.4536,,
Indogulf Cropsci,544432,IGCL,Fertilizers & Agrochemicals,,2271,0.4304,,
Indokem,504092,BOM:504092,Chemicals & Petrochemicals,807,,-0.4599,,
Indosolar,533257,WAAREEINDO,Electrical Equipment,,,,,
Indostar Capital,541336,INDOSTAR,Finance,1819,93,-0.4219,1726,BLUE
Indrapr.Medical,532150,INDRAMEDCO,Healthcare Services,2117,2005,-0.2597,112,BLUE
Indraprastha Gas,532514,IGL,Gas,,,-0.6216,,
Indus Inf. Trust,544137,INDUSINVIT,Transport Infrastructure,,,,,
Indus Towers,534816,INDUSTOWER,Telecom - Services,547,749,-0.1169,-202,NO ACTION
IndusInd Bank,532187,INDUSINDBK,Banks,328,357,0.4668,-29,REDZONE
Infibeam Avenues,539807,INFIBEAM,Financial Technology (Fintech),200,2022,-0.5405,-1822,YELLOWZONE
Infinium Pharma,,INFINIUM,Pharmaceuticals & Biotechnology,,,,,
Influx Health.,,INFLUX,Pharmaceuticals & Biotechnology,,,,,
Info Edg.(India),532777,NAUKRI,Retailing,1042,181,1.4478,861,GREENZONE
InfoBeans Tech.,543644,INFOBEAN,IT - Software,948,358,1.2163,590,GREENZONE
Infollion Resea.,,INFOLLION,Commercial Services & Supplies,,,,,
Infollion Resea.,,INFOLLION,Commercial Services & Supplies,,,,,
Infosys,500209,INFY,IT - Software,161,114,-0.4081,47,BLUE
Ingersoll-Rand,500210,INGERRAND,Industrial Products,860,1622,-0.5481,-762,YELLOWZONE
Innova Captab,544067,INNOVACAP,Pharmaceuticals & Biotechnology,1167,,-0.6742,,
Innovana Think.,544302,INNOVANA,IT - Software,,,0.2854,,
Innovators,541353,BOM:541353,Industrial Manufacturing,,,-0.6006,,
Inox Green,543667,INOXGREEN,Power,2259,2082,-0.4113,177,BLUE
Inox India,544046,INOXINDIA,Industrial Products,908,1126,-0.3081,-218,YELLOWZONE
Inox Wind,539083,INOXWIND,Electrical Equipment,1877,1942,-0.4499,-65,YELLOWZONE
Insecticid.India,532851,INSECTICID,Fertilizers & Agrochemicals,92,,-0.8506,,
Insolation Ener,543620,BOM:543620,Power,2323,2229,-0.3638,94,BLUE
Inspirisys Sol.,532774,INSPIRISYS,IT - Services,,,0.2471,,
Integ. Industrie,531889,BOM:531889,Finance,51,62,1.8155,-11,REDZONE
Integra Engg.,505358,BOM:505358,Industrial Manufacturing,,,-0.4356,,
Intellect Design,538835,INTELLECT,IT - Software,1137,920,-0.1831,217,BLUE
Interarch Build.,544232,INTERARCH,Construction,1483,2027,0.4286,-544,REDZONE
Interglobe Aviat,539448,INDIGO,Transport Services,295,1976,6.3138,-1681,REDZONE
Interiors & More,,INM,Consumer Durables,,,-0.8312,,
International Ge,544311,IGIL,Commercial Services & Supplies,,,-0.9094,,
Intl. Conveyors,509709,INTLCONV,Industrial Manufacturing,,,-0.2362,,
Intl. Travel Hse,500213,BOM:500213,Leisure Services,,,-0.7771,,
Inv.& Prec.Cast.,504786,BOM:504786,Industrial Products,,,0.4087,,
Inventurus Knowl,544309,IKS,IT - Services,199,488,-0.6763,-289,YELLOWZONE
IOL Chemicals,524164,IOLCP,Pharmaceuticals & Biotechnology,1224,1939,-0.2566,-715,YELLOWZONE
ION Exchange,500214,IONEXCHANG,Other Utilities,1920,1641,-0.4658,279,BLUE
Ipca Labs.,524494,IPCALAB,Pharmaceuticals & Biotechnology,453,143,7.1769,310,GREENZONE
IRB Infra.Devl.,532947,IRB,Construction,1077,681,-0.1719,396,BLUE
IRB InvIT Fund,540526,IRBINVIT,Transport Infrastructure,,,,,
Ircon Intl.,541956,IRCON,Construction,1136,1821,-0.2626,-685,YELLOWZONE
IRIS Business,540735,IRIS,IT - Software,,,,,
Iris Clothings,,IRISDOREME,Textiles & Apparels,1059,1457,0.0753,-398,NO ACTION
IRM Energy,544004,IRMENERGY,Gas,1957,,-0.3536,,
ISGEC Heavy,533033,ISGEC,Construction,,1961,2.0925,,
IST,508807,BOM:508807,Auto Components,,,-0.6982,,
ITC,500875,ITC,Diversified FMCG,,,,,
ITC Hotels,544325,ITCHOTELS,Leisure Services,938,977,-0.1759,-39,YELLOWZONE
ITCONS E-Soluti.,543806,BOM:543806,Commercial Services & Supplies,392,,-0.9936,,
ITI,523610,ITI,Telecom - Equipment & Accessories,1109,1480,-0.7287,-371,YELLOWZONE
Ivalue Infosolut,544523,IVALUE,IT - Services,1222,2068,-0.0262,-846,NO ACTION
IZMO,532341,IZMO,IT - Services,1024,839,0.059,185,GREENZONE
J & K Bank,532209,J&KBANK,Banks,742,1494,-0.5117,-752,YELLOWZONE
J B Chemicals &,506943,JBCHEPHARM,Pharmaceuticals & Biotechnology,477,251,1.3579,226,GREENZONE
J K Cements,532644,JKCEMENT,Cement & Cement Products,127,1082,-0.6145,-955,YELLOWZONE
J Kumar Infra,532940,JKIL,Construction,1953,2079,1.0263,-126,REDZONE
J.G.Chemicals,544138,JGCHEM,Chemicals & Petrochemicals,1153,1879,-0.3686,-726,YELLOWZONE
Jagatjit Inds.,507155,BOM:507155,Beverages,,,-0.4968,,
Jagran Prakashan,532705,JAGRAN,Media,,,0.0369,,
Jagsonpal Pharma,507789,JAGSNPHARM,Pharmaceuticals & Biotechnology,,,0.2453,,
Jai Balaji Inds.,532976,JAIBALAJI,Ferrous Metals,2292,2206,-0.0697,86,BLUE
Jai Corp,512237,JAICORPLTD,Industrial Products,1872,2167,0.3008,-295,REDZONE
Jain Irrigation,500219,JISLJALEQS,Industrial Products,1678,2007,0.2334,-329,REDZONE
Jain Resource,544537,JAINREC,Diversified Metals,1677,2215,-0.5541,-538,YELLOWZONE
Jainam Ferro,,JAINAM,Ferrous Metals,,,,,
Jamna Auto Inds.,520051,JAMNAAUTO,Auto Components,241,33,0.7553,208,GREENZONE
Jana Small Finan,544118,JSFB,Banks,1140,1356,0.1316,-216,REDZONE
Jaro Institute,544534,JARO,Other Consumer Services,579,2195,1.3682,-1616,REDZONE
Jash Engineering,544402,JASH,Industrial Manufacturing,1069,1645,-0.2122,-576,YELLOWZONE
Jay Bee Laminati,,JAYBEE,Industrial Products,,,,,
Jay Bharat Maru.,520066,JAYBARMARU,Auto Components,,,-0.4682,,
Jay Ushin,513252,BOM:513252,Auto Components,,,-0.2572,,
Jayant Agro Org.,524330,JAYAGROGN,Chemicals & Petrochemicals,,,-0.0128,,
Jayaswal Neco,522285,JAYNECOIND,Industrial Products,1830,2080,-0.1514,-250,YELLOWZONE
Jaybharat Text,512233,BOM:512233,Textiles & Apparels,,,,,
Jaykay Enter.,500306,BOM:500306,Aerospace & Defense,,,,,
JBM Auto,532605,JBMA,Auto Components,1356,1442,-0.1888,-86,YELLOWZONE
JD Cables,544524,BOM:544524,Industrial Products,256,1359,-0.2272,-1103,YELLOWZONE
Jeena Sikho,544476,JSLL,Pharmaceuticals & Biotechnology,777,1501,-0.3919,-724,YELLOWZONE
Jenburkt Pharma,524731,BOM:524731,Pharmaceuticals & Biotechnology,,,2.8159,,
Jeyyam Global,,JEYYAM,Food Products,,,,,
Jindal Drilling,511034,JINDRILL,Oil,1292,1931,-0.3478,-639,YELLOWZONE
Jindal Photo,532624,JINDALPHOT,Finance,69,87,3.3256,-18,REDZONE
Jindal Poly Film,500227,JINDALPOLY,Industrial Products,,,0.0417,,
Jindal Poly Inve,536773,JPOLYINVST,Finance,,8,13.7218,,
Jindal Saw,500378,JINDALSAW,Industrial Products,960,1303,-0.6926,-343,YELLOWZONE
Jindal Stain.,532508,JSL,Ferrous Metals,386,1138,-0.6095,-752,YELLOWZONE
Jindal Steel,532286,JINDALSTEL,Ferrous Metals,1498,1842,-0.6066,-344,YELLOWZONE
Jindal Worldwide,531543,JINDWORLD,Textiles & Apparels,1796,,-0.719,,
Jinkushal Indus.,544547,JKIPL,"Agricultural, Commercial & Construction Vehicles",1672,377,0.5663,1295,GREENZONE
Jio Financial,543940,JIOFIN,Finance,732,1180,-0.3827,-448,YELLOWZONE
JITF Infra Logis,540311,JITFINFRA,Other Utilities,,,0.2954,,
JK Lakshmi Cem.,500380,JKLAKSHMI,Cement & Cement Products,2216,1816,-0.3195,400,BLUE
JK Paper,532162,JKPAPER,"Paper, Forest & Jute Products",1540,568,1.0596,972,GREENZONE
JK Tyre & Indust,530007,JKTYRE,Auto Components,722,150,1.4907,572,GREENZONE
JM Financial,523405,JMFINANCIL,Finance,1558,1323,-0.1364,235,BLUE
JNK,544167,JNKINDIA,Industrial Manufacturing,2225,2314,-0.3556,-89,YELLOWZONE
John Cockerill,500147,BOM:500147,Industrial Manufacturing,,2234,1.3937,,
Johnson Con. Hit,523398,JCHAC,Consumer Durables,1368,2279,0.5376,-911,REDZONE
Josts Engg. Co.,505750,BOM:505750,Industrial Manufacturing,,,0.1114,,
JP Associates,532532,JPASSOCIAT,Construction,,,,,
JP Power Ven.,532627,JPPOWER,Power,854,869,-0.4425,-15,YELLOWZONE
JSW Cement,544480,JSWCEMENT,Cement & Cement Products,2240,2169,1.0238,71,GREENZONE
JSW Energy,533148,JSWENERGY,Power,2019,2179,2.841,-160,REDZONE
JSW Holdings,532642,JSWHL,Finance,27,21,0.3586,6,GREENZONE
JSW Infrast,543994,JSWINFRA,Transport Infrastructure,1723,1064,-0.3189,659,BLUE
JSW Steel,500228,JSWSTEEL,Ferrous Metals,1277,1069,0.0503,208,GREENZONE
JTEKT India,520057,JTEKTINDIA,Auto Components,,,0.0054,,
JTL Industries,534600,JTLIND,Industrial Products,116,1615,-0.9325,-1499,YELLOWZONE
Jubilant Agri,544355,JUBLCPL,Chemicals & Petrochemicals,,,0.2369,,
Jubilant Food.,533155,JUBLFOOD,Leisure Services,159,795,-0.5687,-636,YELLOWZONE
Jubilant Ingrev.,543271,JUBLINGREA,Chemicals & Petrochemicals,149,1360,-0.821,-1211,YELLOWZONE
Jubilant Pharmo,530019,JUBLPHARMA,Pharmaceuticals & Biotechnology,1015,1312,0.1187,-297,REDZONE
Juniper Hotels,544129,JUNIPER,Leisure Services,1074,1565,1.5679,-491,REDZONE
Jupiter Life Lin,543980,JLHL,Healthcare Services,,,-0.9965,,
Jupiter Wagons,533272,JWL,Industrial Manufacturing,1960,2132,0.065,-172,NO ACTION
Just Dial,535648,JUSTDIAL,Retailing,1225,1118,-0.3587,107,BLUE
Jyothy Labs,532926,JYOTHYLAB,Household Products,1063,1719,2.5694,-656,REDZONE
Jyoti CNC Auto.,544081,JYOTICNC,Industrial Manufacturing,50,1404,-0.4637,-1354,YELLOWZONE
Jyoti Resins,514448,BOM:514448,Chemicals & Petrochemicals,575,,-0.7959,,
Jyoti Structures,513250,JYOTISTRUC,Electrical Equipment,1393,1307,0.7441,86,GREENZONE
K C P,590066,KCP,Cement & Cement Products,,,-0.7677,,
K E C Intl.,532714,KEC,Construction,,,-0.3532,,
K P R Mill Ltd,532889,KPRMILL,Textiles & Apparels,625,2210,-0.2258,-1585,YELLOWZONE
K.P. Energy,539686,KPEL,Power,1907,2055,-0.3302,-148,YELLOWZONE
Kabra Extrusion,524109,KABRAEXTRU,Industrial Manufacturing,,,-0.8039,,
Kajaria Ceramics,500233,KAJARIACER,Consumer Durables,1133,1388,0.6027,-255,REDZONE
Kalpat.,544423,KALPATARU,Realty,1284,,-0.6809,,
Kalpataru Proj.,522287,KPIL,Construction,1320,1593,1.5341,-273,REDZONE
Kalyan Jewellers,543278,KALYANKJIL,Consumer Durables,1201,1009,-0.3476,192,BLUE
Kalyani Cast-Tec,544023,BOM:544023,Industrial Manufacturing,,,1.0428,,
Kalyani Invest.,533302,KICL,Finance,,,-0.393,,
Kalyani Steels,500235,KSL,Industrial Products,,,0.2092,,
Kama Holdings,532468,BOM:532468,Finance,,,1.3488,,
Kamat Hotels,526668,KAMATHOTEL,Leisure Services,,,-0.1105,,
Kamdhenu,532741,KAMDHENU,Industrial Products,1765,1383,-0.6822,382,BLUE
Kanoria Chem.,506525,KANORICHEM,Industrial Manufacturing,,,-0.4738,,
Kanpur Plastipa.,507779,KANPRPLA,Industrial Products,,,-0.3582,,
Kansai Nerolac,500165,KANSAINER,Consumer Durables,1865,1720,0.4014,145,GREENZONE
Kapston Services,,KAPSTON,Commercial Services & Supplies,944,,-0.8423,,
Karnataka Bank,532652,KTKBANK,Banks,11,225,-0.3472,-214,YELLOWZONE
Karnika Industri,,KARNIKA,Textiles & Apparels,,,,,
Karur Vysya Bank,590003,KARURVYSYA,Banks,439,989,-0.1509,-550,YELLOWZONE
Kaveri Seed Co.,532899,KSCL,Agricultural Food & other Products,2123,1415,-0.5047,708,BLUE
Kavveri Defence,590041,KAVDEFENCE,Telecom - Equipment & Accessories,2028,2322,-0.0796,-294,NO ACTION
Kaya Ltd,539276,KAYA,Leisure Services,,,-0.8101,,
Kaycee Inds.,504084,BOM:504084,Electrical Equipment,,,0.2055,,
Kaynes Tech,543664,KAYNES,Industrial Manufacturing,2094,2317,0.5808,-223,REDZONE
KCP Sugar &Inds.,533192,KCPSUGIND,Agricultural Food & other Products,,,-0.4277,,
KDDL Ltd,532054,KDDL,Consumer Durables,1169,1828,-0.4168,-659,YELLOWZONE
KEI Industries,517569,KEI,Industrial Products,,,-0.3555,,
Kellton Tech,519602,KELLTONTEC,IT - Services,2105,1556,-0.2575,549,BLUE
Keltech Energies,506528,BOM:506528,Chemicals & Petrochemicals,,,-0.5535,,
Kennametal India,505890,KENNAMET,Industrial Manufacturing,,,,,
Kerala Ayurveda,530163,BOM:530163,Pharmaceuticals & Biotechnology,,,0.6333,,
Kernex Microsys.,532686,KERNEX,Transport Services,2189,2324,-0.4533,-135,YELLOWZONE
Kesar India,543542,BOM:543542,Realty,,,2.4971,,
Kewal Kir.Cloth.,532732,KKCL,Textiles & Apparels,,696,0.5584,,
Keystone Realtor,543669,RUSTOMJEE,Realty,603,,-0.2511,,
KFin Technolog.,543720,KFINTECH,Capital Markets,1008,540,0.9366,468,GREENZONE
Khadim India,540775,KHADIM,Consumer Durables,,,-0.8145,,
Khaitan Chemical,507794,KHAICHEM,Fertilizers & Agrochemicals,2251,1792,-0.5771,459,BLUE
Khazanchi Jewell,543953,BOM:543953,Consumer Durables,357,248,-0.3156,109,BLUE
Kilburn Engg.,522101,BOM:522101,Industrial Manufacturing,109,827,-0.7663,-718,YELLOWZONE
Kilitch Drugs,524500,KILITCH,Pharmaceuticals & Biotechnology,1758,,-0.8175,,
Kinetic Engg.,500240,BOM:500240,Auto Components,,,0.576,,
Kingfa Science,524019,KINGFA,Industrial Products,1492,,-0.7115,,
Kings Infra,530215,BOM:530215,Food Products,,,0.2269,,
KIOCL,540680,KIOCL,Ferrous Metals,2058,1978,-0.4507,80,BLUE
Kiran Vyapar,537750,BOM:537750,Finance,,,-0.2078,,
Kiri Industries,532967,KIRIINDUS,Chemicals & Petrochemicals,55,45,0.0918,10,GREENZONE
Kirl. Brothers,500241,KIRLOSBROS,Industrial Products,1490,1770,-0.1566,-280,YELLOWZONE
Kirl. Electric,533193,KECL,Electrical Equipment,2067,,-0.5629,,
Kirl. Ferrous,500245,KIRLFER,Ferrous Metals,,,,,
Kirl.Pneumatic,505283,KIRLPNU,Industrial Products,969,1507,0.5042,-538,REDZONE
Kirloskar Indus.,500243,KIRLOSIND,Industrial Products,1869,2155,-0.143,-286,NO ACTION
Kirloskar Oil,533293,KIRLOSENG,Industrial Products,510,382,25.6534,128,GREENZONE
Kisan Mouldings,530145,BOM:530145,Industrial Products,,,-0.7788,,
Kitex Garments,521248,KITEX,Textiles & Apparels,813,1744,-0.3789,-931,YELLOWZONE
KMC Speciality,524520,BOM:524520,Healthcare Services,,,-0.205,,
KN Agri Resource,,KNAGRI,Agricultural Food & other Products,,,,,
Knowledge Marine,543273,KMEW,Engineering Services,1148,408,0.0777,740,GREENZONE
Knowledge Realty,544481,KRT,Realty,,,-0.5161,,
KNR Construct.,532942,KNRCON,Construction,1746,2226,1.2505,-480,REDZONE
Kody Technolab,,KODYTECH,IT - Software,,,,,
Kokuyo Camlin,523207,KOKUYOCMLN,Household Products,,,-0.2666,,
Kolte Patil Dev.,532924,KOLTEPATIL,Realty,2117,1709,-0.6063,408,BLUE
Kopran,524280,KOPRAN,Pharmaceuticals & Biotechnology,1868,349,-0.7326,1519,BLUE
Kotak Mah. Bank,500247,KOTAKBANK,Banks,504,253,-0.1235,251,BLUE
Kotak Nifty 100 Low Vol 30 ETF,LOWVOL1,LOWVOL1,Industrial Products,,,1.4939,,
Kotak Nifty 1D Rate Liquid ETF,LIQUID1,LIQUID1,Industrial Products,743,447,2.4846,296,GREENZONE
Kotak Nifty India Consumption ETF,CONS,CONS,Industrial Products,,,-0.8103,,
Kotak Nifty MNC ETF,MNC,MNC,Industrial Products,,,-1,,
Kotak Silver ETF,SILVER1,SILVER1,Industrial Products,553,48,0.3979,505,GREENZONE
Kothari Indl,509732,BOM:509732,Fertilizers & Agrochemicals,,,-0.4323,,
Kothari Petroche,,KOTHARIPET,Chemicals & Petrochemicals,,,-0.0304,,
Kothari Products,530299,KOTHARIPRO,Commercial Services & Supplies,,,-0.5529,,
Kovai Medical,523323,KOVAI,Healthcare Services,,,,,
KP Green Engg.,544150,BOM:544150,Electrical Equipment,1646,2144,-0.53,-498,YELLOWZONE
KPI Green Energy,542323,KPIGREEN,Power,2162,1351,1.3879,811,GREENZONE
KPIT Technologi.,542651,KPITTECH,IT - Software,968,141,0.8419,827,GREENZONE
KRBL,530813,KRBL,Agricultural Food & other Products,471,1255,-0.3676,-784,YELLOWZONE
Krishana Phosch.,,KRISHANA,Fertilizers & Agrochemicals,1518,1473,-0.1586,45,BLUE
Krishival Foods,544416,KRISHIVAL,Food Products,915,,-0.8216,,
Krishna Defence,,KRISHNADEF,Aerospace & Defense,,,,,
Krishna Institu.,543308,KIMS,Healthcare Services,829,135,0.3299,694,GREENZONE
Kriti Industries,526423,KRITI,Industrial Products,,,0.625,,
Kriti Nutrients,533210,KRITINUT,Agricultural Food & other Products,,,1.2728,,
KRN Heat Exchan,544263,KRN,Industrial Products,,,-0.8247,,
Kronox Lab,544187,KRONOX,Chemicals & Petrochemicals,,,-0.3461,,
Kross Ltd,544253,KROSS,Auto Components,2227,894,-0.4148,1333,BLUE
Krsnaa Diagnost.,543328,KRSNAA,Healthcare Services,656,2069,5.1157,-1413,REDZONE
Krystal Integrat,544149,KRYSTAL,Commercial Services & Supplies,,,-0.5883,,
KSB,500249,KSB,Industrial Products,,,-0.119,,
KSE,519421,BOM:519421,Food Products,,,-0.1971,,
Ksolves India,543599,KSOLVES,IT - Software,,,0.1506,,
Kuantum Papers,532937,KUANTUM,"Paper, Forest & Jute Products",,,1.5713,,
Kwality Pharma,539997,BOM:539997,Pharmaceuticals & Biotechnology,,,0.3923,,
L G Balakrishnan,500250,LGBBROSLTD,Auto Components,160,123,-0.3644,37,BLUE
L T Foods,532783,LTFOODS,Agricultural Food & other Products,1105,510,1.0035,595,GREENZONE
L&T Finance Ltd,533519,LTF,Finance,70,613,-0.7147,-543,YELLOWZONE
L&T Technology,540115,LTTS,IT - Services,533,48,9.4079,485,GREENZONE
La Opala RG,526947,LAOPALA,Consumer Durables,1289,,-0.6083,,
Lakshmi Mills,502958,BOM:502958,Textiles & Apparels,,,-0.8443,,
Landmarc Leisur.,532275,BOM:532275,Finance,,,5.3661,,
Landmark Cars,543714,LANDMARK,Automobiles,1762,1484,2.7531,278,GREENZONE
Larsen & Toubro,500510,LT,Construction,273,1008,-0.5098,-735,YELLOWZONE
Last Mile Enter.,526961,BOM:526961,Finance,,,-0.5149,,
Latent View,543398,LATENTVIEW,IT - Software,292,1871,-0.6357,-1579,YELLOWZONE
Laurus Labs,540222,LAURUSLABS,Pharmaceuticals & Biotechnology,898,281,-0.6626,617,BLUE
Laxmi Dental,544339,LAXMIDENTL,Healthcare Equipment & Supplies,2208,1416,45.2621,792,GREENZONE
Laxmi Goldorna,,LGHL,Consumer Durables,,,0.1712,,
Laxmi India Fin.,544465,LAXMIINDIA,Finance,1923,1317,0.1441,606,GREENZONE
Laxmi Organic,543277,LXCHEM,Chemicals & Petrochemicals,1496,1536,-0.3483,-40,YELLOWZONE
Le Merite Export,,LEMERITE,Textiles & Apparels,,,,,
Le Travenues,544192,IXIGO,Leisure Services,552,2203,0.7932,-1651,REDZONE
Leela Palaces Hotels,544408,THELEELA,Leisure Services,1693,1494,-0.8306,199,BLUE
Lehar Footwears,532829,BOM:532829,Consumer Durables,,,-0.5881,,
Lemon Tree Hotel,541233,LEMONTREE,Leisure Services,1530,104,0.0034,1426,GREENZONE
LG Electronics,544576,LGEINDIA,Consumer Durables,1246,1470,0.0617,-224,NO ACTION
Liberty Shoes,526596,LIBERTSHOE,Consumer Durables,,,-0.2956,,
LIC Housing Fin.,500253,LICHSGFIN,Finance,1102,1072,-0.1855,30,BLUE
LIC MF Nifty Midcap 100 ETF,LICNMID100,LICNMID100,Industrial Products,,,9.8471,,
Life Insurance,543526,LICI,Insurance,1130,1381,-0.2934,-251,YELLOWZONE
Likhitha Infra.,543240,LIKHITHA,Construction,,,0.0693,,
Linc,531241,LINC,Household Products,,,-0.7212,,
Lincoln Pharma.,531633,LINCOLN,Pharmaceuticals & Biotechnology,,,-0.1022,,
Linde India,523457,LINDEINDIA,Chemicals & Petrochemicals,994,1371,-0.8721,-377,YELLOWZONE
Liquid,LIQGRWBEES,LIQGRWBEES,Industrial Products,,471,28.7562,,
LKP Finance,507912,BOM:507912,Finance,,,-0.1241,,
Lloyds Engineeri,539992,LLOYDSENGG,Industrial Manufacturing,2025,2214,-0.3176,-189,YELLOWZONE
Lloyds Enterpris,512463,LLOYDSENT,Metals & Minerals Trading,2211,2225,0.0866,-14,NO ACTION
Lloyds Metals,512455,LLOYDSME,Minerals & Mining,1567,1711,-0.7461,-144,YELLOWZONE
LMW,500252,LMW,Industrial Manufacturing,1100,1274,-0.6044,-174,YELLOWZONE
Lodha Developers,543287,LODHA,Realty,1845,1997,0.0994,-152,NO ACTION
Logica Infoway,543746,BOM:543746,Retailing,,,0.6124,,
Lokesh Mach.,532740,LOKESHMACH,Industrial Manufacturing,,,0.4066,,
Lords Chloro,500284,LORDSCHLO,Chemicals & Petrochemicals,,,0.1304,,
Lotus Chocolate,523475,BOM:523475,Food Products,,2312,2.0702,,
LS Industries,514446,BOM:514446,Metals & Minerals Trading,,,-0.3449,,
LTIMindtree,540005,LTIM,IT - Software,848,124,0.8524,724,GREENZONE
Lucent Industrie,539682,BOM:539682,IT - Software,,279,0.0596,,
Ludlow Jute,526179,BOM:526179,"Paper, Forest & Jute Products",,,3.0354,,
Lumax Auto Tech.,532796,LUMAXTECH,Auto Components,46,81,-0.6366,-35,YELLOWZONE
Lumax Industries,517206,LUMAXIND,Auto Components,37,36,-0.882,1,BLUE
Lupin,500257,LUPIN,Pharmaceuticals & Biotechnology,216,261,0.1413,-45,REDZONE
Lux Industries,539542,LUXIND,Textiles & Apparels,1461,1091,0.0766,370,GREENZONE
Lyka Labs,500259,LYKALABS,Pharmaceuticals & Biotechnology,,,-0.46,,
M & B Engineer.,544470,MBEL,Construction,1871,2112,-0.3627,-241,YELLOWZONE
M & M,500520,M&M,Automobiles,884,799,-0.0668,85,BLUE
M & M Fin. Serv.,532720,M&MFIN,Finance,110,832,0.0018,-722,NO ACTION
M B Agro Prod.,,MBAPL,Fertilizers & Agrochemicals,1359,392,0.2839,967,GREENZONE
M M Forgings,522241,MMFL,Auto Components,111,8,11.6685,103,GREENZONE
M R P L,500109,MRPL,Petroleum Products,2111,1937,-0.7426,174,BLUE
M T N L,500108,MTNL,Telecom - Services,1942,1946,0.3879,-4,
M.V.K. Agro,,MVKAGRO,Agricultural Food & other Products,,,,,
Maan Aluminium,532906,MAANALU,Non - Ferrous Metals,,90,2.8475,,
Mac Charles(I),507836,BOM:507836,Leisure Services,,,-0.1527,,
Macfos,543787,BOM:543787,Retailing,,,0.3141,,
Macpower CNC,,MACPOWER,Industrial Manufacturing,,,0.1762,,
Madhuveer Com,531910,BOM:531910,Entertainment,,,0.506,,
Madras Fertilize,590134,MADRASFERT,Fertilizers & Agrochemicals,,,0.3694,,
Mafatlal Inds.,500264,BOM:500264,Textiles & Apparels,,,-0.5197,,
Magadh Sugar,540650,MAGADSUGAR,Agricultural Food & other Products,,,-0.3727,,
Magellanic Cloud,538891,MCLOUD,IT - Software,2342,2341,-0.8424,1,BLUE
Magna Electrocas,517449,BOM:517449,Industrial Products,,,-0.8155,,
Mah. Scooters,500266,MAHSCOOTER,Finance,1248,906,-0.0685,342,BLUE
Mah. Seamless,500265,MAHSEAMLES,Industrial Products,175,414,-0.7478,-239,YELLOWZONE
Mahamaya Steel,513554,MAHASTEEL,Industrial Products,,,-0.6162,,
Mahanagar Gas,539957,MGL,Gas,,,,,
Mahindra EPC,523754,MAHEPC,Industrial Manufacturing,,,1.0821,,
Mahindra Holiday,533088,MHRIL,Leisure Services,1090,1215,-0.5443,-125,YELLOWZONE
Mahindra Life.,532313,MAHLIFE,Realty,181,152,-0.3853,29,BLUE
Mahindra Logis.,540768,MAHLOG,Transport Services,1420,1362,0.284,58,GREENZONE
Maithan Alloys,590078,MAITHANALL,Ferrous Metals,2070,1458,0.5007,612,GREENZONE
Majestic Auto,500267,BOM:500267,Commercial Services & Supplies,,,-0.2385,,
Mallcom (India),539400,MALLCOM,Industrial Products,,,-0.5389,,
Mamata Machinery,544318,MAMATA,Industrial Manufacturing,1130,400,-0.2484,730,BLUE
Man Industries,513269,MANINDS,Industrial Products,30,1314,-0.8561,-1284,YELLOWZONE
Man Infra,533169,MANINFRA,Construction,1168,110,-0.4874,1058,BLUE
Manaksia,532932,MANAKSIA,Industrial Products,,,0.4467,,
Manaksia Coated,539046,MANAKCOAT,Industrial Products,615,,-0.8927,,
Manaksia Steels,539044,MANAKSTEEL,Ferrous Metals,,,-0.4935,,
Manali Petrochem,500268,MANALIPETC,Chemicals & Petrochemicals,1230,,-0.4276,,
Manappuram Fin.,531213,MANAPPURAM,Finance,155,1279,-0.7302,-1124,YELLOWZONE
Manba Finance,544262,MANBA,Finance,1471,,-0.2578,,
Mangal Credit,505850,MANCREDIT,Finance,,,-0.2069,,
Mangal Electrica,544492,MEIL,Electrical Equipment,,,,,
Mangalam Cement,502157,MANGLMCEM,Cement & Cement Products,2082,41,5.4204,2041,GREENZONE
Mangalam Global,544273,MGEL,Agricultural Food & other Products,65,,-0.8952,,
Mangalam Organic,514418,MANORG,Chemicals & Petrochemicals,,,-0.1852,,
Mangalam World.,,MWL,Metals & Minerals Trading,,107,4.8565,,
Mangalore Chem.,530011,MANGCHEFER,Fertilizers & Agrochemicals,,,,,
Mankind Pharma,543904,MANKIND,Pharmaceuticals & Biotechnology,809,1118,-0.3238,-309,YELLOWZONE
Manoj Vaibhav,543995,MVGJL,Consumer Durables,,,-0.5511,,
Manomay Tex Indi,540396,MANOMAY,Textiles & Apparels,251,,-0.8597,,
Manorama Indust.,541974,MANORAMA,Food Products,1163,143,1.8073,1020,GREENZONE
Marathon Nextgen,503101,MARATHON,Realty,1477,1483,0.0642,-6,NO ACTION
Marble City,531281,BOM:531281,Other Construction Materials,,,-0.2049,,
Marico,531642,MARICO,Agricultural Food & other Products,490,1132,-0.3003,-642,YELLOWZONE
Marine Electric.,,MARINE,Industrial Manufacturing,1783,2264,-0.0281,-481,NO ACTION
Markolines Pavem,543364,MARKOLINES,Construction,1932,1440,0.8011,492,GREENZONE
Marksans Pharma,524404,MARKSANS,Pharmaceuticals & Biotechnology,589,1096,-0.2219,-507,YELLOWZONE
Marsons,517467,BOM:517467,Electrical Equipment,1896,1991,0.056,-95,NO ACTION
Maruti Suzuki,532500,MARUTI,Automobiles,176,316,-0.2186,-140,YELLOWZONE
MAS FINANC SER,540749,MASFIN,Finance,1143,417,0.253,726,GREENZONE
Mason Infratech,,MASON,Realty,,,,,
Mastek,523704,MASTEK,IT - Software,906,1474,1.4907,-568,REDZONE
Master Trust,511768,MASTERTR,Capital Markets,1353,26,2.3713,1327,GREENZONE
Matrimony.com,540704,MATRIMONY,Retailing,,,-0.1954,,
Mawana Sugars,523371,MAWANASUG,Agricultural Food & other Products,,,-0.3943,,
Max Estates,544008,MAXESTATES,Realty,374,994,-0.5902,-620,YELLOWZONE
Max Financial,500271,MFSL,Insurance,153,1041,-0.379,-888,YELLOWZONE
Max Healthcare,543220,MAXHEALTH,Healthcare Services,385,1786,1.5197,-1401,REDZONE
Max India Ltd,543223,MAXIND,Finance,,,-0.7155,,
Mayur Uniquoters,522249,MAYURUNIQ,Consumer Durables,1827,,-0.4062,,
Mazagon Dock,543237,MAZDOCK,Industrial Manufacturing,1294,1330,0.4082,-36,REDZONE
Mazda,523792,MAZDA,Industrial Manufacturing,,1193,2.0665,,
MBL Infrast,533152,MBLINFRA,Construction,,,-0.2526,,
Mcleod Russel,532654,MCLEODRUSS,Agricultural Food & other Products,1517,2174,0.4529,-657,REDZONE
Medi Assist Ser.,544088,MEDIASSIST,Insurance,286,763,-0.3179,-477,YELLOWZONE
Media Matrix,512267,BOM:512267,Entertainment,,,-0.625,,
Medicamen Biotec,531146,MEDICAMEQ,Pharmaceuticals & Biotechnology,314,,-0.8877,,
Medico Remedies,540937,MEDICO,Pharmaceuticals & Biotechnology,,,-0.0755,,
Medplus Health,543427,MEDPLUS,Retailing,574,146,1.5585,428,GREENZONE
Megasoft,532408,MEGASOFT,Telecom - Services,,565,2.2618,,
Megatherm Indu.,,MEGATHERM,Industrial Products,,,,,
Meghmani Organi.,543331,MOL,Fertilizers & Agrochemicals,,,-0.1061,,
Meghna Infracon,538668,BOM:538668,Realty,960,303,0.0022,657,GREENZONE
Mehai Technology,540730,BOM:540730,Commercial Services & Supplies,2341,2340,5.0338,1,GREENZONE
Menon Bearings,523828,MENONBE,Auto Components,,,-0.5101,,
Menon Pistons,531727,BOM:531727,Auto Components,,,-0.3099,,
Mercantile Vent.,538942,BOM:538942,Commercial Services & Supplies,,,-0.9343,,
Mercury EV-Tech,531357,BOM:531357,Automobiles,,1692,6.1795,,
Metro Brands,543426,METROBRAND,Consumer Durables,136,1673,-0.2041,-1537,YELLOWZONE
Metropolis Healt,542650,METROPOLIS,Healthcare Services,1253,933,9.4306,320,GREENZONE
MIC Electronics,532850,MICEL,Industrial Products,2295,1081,0.2505,1214,GREENZONE
Midwest,,BOM:,,,,,,
Midwest,,BOM:,,,,,,
Midwest Gold,526570,BOM:526570,Other Construction Materials,19,,-0.7393,,
Minda Corp,538962,MINDACORP,Auto Components,928,819,-0.4827,109,BLUE
Mindspace Busine,543217,MINDSPACE,Realty,,,,,
Mindteck (India),517344,MINDTECK,IT - Software,,,-0.5517,,
Mini Diamonds(I),523373,BOM:523373,Consumer Durables,,38,18.703,,
Mirae Asset Gold ETF,GOLDETF,GOLDETF,Industrial Products,361,213,-0.158,148,BLUE
Mirae Asset Mutual Fund - Mirae Asset Nifty Midcap 150 ETF,MIDCAPETF,MIDCAPETF,Industrial Products,577,955,-0.812,-378,YELLOWZONE
Mirae Asset Nifty 100 Low Volatility 30 ETF,LOWVOL,LOWVOL,Industrial Products,,,-0.9995,,
Mirae Asset Nifty 1D Rate Liquid ETF,LIQUID,LIQUID,Industrial Products,820,523,-0.4497,297,BLUE
Mirae Asset Nifty 200 Alpha 30 ETF,ALPHAETF,ALPHAETF,Industrial Products,341,,-0.5398,,
Mirae Asset Nifty 8-13 yr G-Sec ETF,GSEC10YEAR,GSEC10YEAR,Industrial Products,,,-0.7969,,
Mirae Asset Nifty Bank ETF,BANKETF,BANKETF,Industrial Products,,,-0.3135,,
Mirae Asset Nifty IT ETF,ITETF,ITETF,Industrial Products,221,180,0.2683,41,GREENZONE
Mirae Asset Nifty MidSmallcap400 Momentum Quality 100 ETF,MIDSMALL,MIDSMALL,Industrial Products,,,0.2613,,
Mirae Asset Nifty Smallcap 250 Momentum Quality 100 ETF,SMALLCAP,SMALLCAP,Industrial Products,1038,1125,0.1159,-87,REDZONE
Mirae Asset S&P BSE Sensex ETF,SENSEXETF,SENSEXETF,Industrial Products,,,-0.0384,,
Mirae Asset Silver ETF,SILVERAG,SILVERAG,Industrial Products,582,71,1.3107,511,GREENZONE
MIRC Electronics,500279,MIRCELECTR,Consumer Durables,1855,,-0.7439,,
Mirza Internatio,526642,MIRZAINT,Consumer Durables,123,,-0.4442,,
Mishra Dhatu Nig,541195,MIDHANI,Aerospace & Defense,2272,2147,-0.2525,125,BLUE
Mishtann Foods,539594,BOM:539594,Food Products,,,0.7214,,
Mizzen Ventures,531537,BOM:531537,Commercial Services & Supplies,,,0.3448,,
MKVentures Cap.,514238,BOM:514238,Finance,,,-0.5482,,
MMP Industries,,MMP,Non - Ferrous Metals,,,,,
MMTC,513377,MMTC,Commercial Services & Supplies,,,,,
Modern Insulator,515008,BOM:515008,Electrical Equipment,,,-0.6154,,
Modi Naturals,519003,BOM:519003,Agricultural Food & other Products,,,0.4729,,
Modi Rubber,500890,MODIRUBBER,Auto Components,,,0.1217,,
Modi's Navnirman,543539,BOM:543539,Realty,,,,,
Modison,506261,MODISONLTD,Electrical Equipment,,107,3.2072,,
MOIL,533286,MOIL,Minerals & Mining,1933,1757,0.0077,176,GREENZONE
Mold-Tek Pack.,533080,MOLDTKPAC,Industrial Products,1947,1486,-0.3665,461,BLUE
Mold-Tek Technol,526263,MOLDTECH,Construction,,1794,1.5459,,
Monarch Networth,511551,MONARCH,Capital Markets,1666,1051,0.6275,615,GREENZONE
Monarch Surve.,544453,BOM:544453,Commercial Services & Supplies,,,-0.0525,,
Moneyboxx Fin.,538446,MONEYBOXX,Finance,,,-0.1979,,
Monika Alcobev,544451,BOM:544451,Beverages,,,-0.4956,,
Monolithisch Ind,,MONOLITH,Industrial Products,,,,,
Monte Carlo Fas.,538836,MONTECARLO,Textiles & Apparels,789,2122,0.0513,-1333,NO ACTION
Morepen Labs.,500288,MOREPENLAB,Pharmaceuticals & Biotechnology,1732,1283,-0.2745,449,BLUE
Morganite Crucib,523160,BOM:523160,Industrial Products,,,-0.4339,,
MOS Utility,,MOS,Financial Technology (Fintech),1195,907,-0.7095,288,BLUE
Moschip Tech.,532407,MOSCHIP,IT - Hardware,1593,1852,-0.0189,-259,NO ACTION
Motherson Wiring,543498,MSUMI,Auto Components,1816,1520,-0.5175,296,BLUE
Motil.Oswal.Fin.,532892,MOTILALOFS,Capital Markets,1110,1491,0.4812,-381,REDZONE
Motilal Oswal Nifty 500 ETF,MONIFTY500,MONIFTY500,Industrial Products,,,0.1389,,
Motilal Oswal Nifty Realty ETF,MOREALTY,MOREALTY,Industrial Products,1424,1403,-0.5174,21,BLUE
Motilal Oswal Nifty Smallcap 250 ETF,MOSMALL250,MOSMALL250,Industrial Products,1104,,-0.5458,,
Motilal Oswal S&P BSE Enhanced Value ETF,MOVALUE,MOVALUE,Industrial Products,,,-0.0649,,
Motilal Oswal S&P BSE Healthcare ETF,MOHEALTH,MOHEALTH,Industrial Products,,,0.0177,,
Motilal Oswal S&P BSE Quality ETF,MOQUALITY,MOQUALITY,Industrial Products,,,6.6722,,
Motisons Jewel,544053,MOTISONS,Consumer Durables,266,857,0.5635,-591,REDZONE
Mphasis,526299,MPHASIS,IT - Software,573,129,0.3418,444,GREENZONE
MPS,532440,MPSLTD,Other Consumer Services,1592,707,-0.6258,885,BLUE
MRF,500290,MRF,Auto Components,975,1367,-0.4361,-392,YELLOWZONE
Mrs Bectors,543253,BECTORFOOD,Food Products,1037,778,-0.2118,259,BLUE
MSCI India Index,MSCIINDIA,MSCIINDIA,Industrial Products,,,-0.8419,,
MSP Steel & Pow.,532650,MSPL,Industrial Products,285,85,-0.078,200,BLUE
MSTC,542597,MSTCLTD,Commercial Services & Supplies,1800,1933,-0.2327,-133,YELLOWZONE
MTAR Technologie,543270,MTARTECH,Aerospace & Defense,1527,1110,-0.6322,417,BLUE
Mufin Green,542774,MUFIN,Finance,1442,1468,0.4904,-26,REDZONE
Mukand,500460,MUKANDLTD,Ferrous Metals,,786,0.7694,,
Mukka Proteins,544135,MUKKA,Food Products,,371,59.3529,,
Multi Comm. Exc.,534091,MCX,Capital Markets,,,,,
Multibase India,526169,BOM:526169,Chemicals & Petrochemicals,,,-0.4558,,
Munish Forge,,MUNISH,Industrial Products,,,,,
Munjal Auto Inds,520059,MUNJALAU,Auto Components,,,-0.4998,,
Munjal Showa,520043,MUNJALSHOW,Auto Components,,,-0.0527,,
Muthoot Cap.Serv,511766,MUTHOOTCAP,Finance,,,1.3563,,
Muthoot Finance,533398,MUTHOOTFIN,Finance,116,497,-0.02,-381,NO ACTION
Muthoot Microfin,544055,MUTHOOTMF,Finance,20,700,-0.8782,-680,YELLOWZONE
N R Agarwal Inds,516082,NRAIL,"Paper, Forest & Jute Products",,,-0.4684,,
N S D L,544467,BOM:544467,Capital Markets,936,1873,-0.0033,-937,NO ACTION
NACL Industries,524709,NACLIND,Fertilizers & Agrochemicals,499,1670,-0.3375,-1171,YELLOWZONE
Naga Dhunseri,,NDGL,Finance,,,0.5709,,
Nagarjuna Fert.,539917,NAGAFERT,Fertilizers & Agrochemicals,,,0.2061,,
Nahar Capital,532952,NAHARCAP,Finance,,,1.67,,
Nahar Indl. Ent.,519136,NAHARINDUS,Textiles & Apparels,,,-0.6197,,
Nahar Poly,523391,NAHARPOLY,Industrial Products,,,0.0683,,
Nahar Spinning,500296,NAHARSPING,Textiles & Apparels,,,-0.4368,,
Nalwa Sons Invst,532256,NSIL,Finance,1098,1393,0.1293,-295,REDZONE
Namo eWaste,,NAMOEWASTE,Other Utilities,,,,,
Nandan Denim,532641,NDL,Textiles & Apparels,,,-0.7185,,
Naperol Invest.,500298,BOM:500298,Finance,,,0.8276,,
Narayana Hrudaya,539551,NH,Healthcare Services,481,734,-0.0811,-253,NO ACTION
Nasdaq Q-50 Total Return Index,MONQ50,MONQ50,Industrial Products,508,595,-0.3333,-87,YELLOWZONE
Nasdaq100,MON100,MON100,Industrial Products,1404,591,-0.4683,813,BLUE
Natco Pharma,524816,NATCOPHARM,Pharmaceuticals & Biotechnology,34,37,-0.8809,-3,
Nath Bio-Genes,537291,NATHBIOGEN,Agricultural Food & other Products,,,0.9644,,
National High,543385,NHIT,Transport Infrastructure,,,,,
National Perox.,544205,BOM:544205,Chemicals & Petrochemicals,,,7.6012,,
National Standar,504882,BOM:504882,Realty,,,2.2818,,
Natl. Aluminium,532234,NATIONALUM,Non - Ferrous Metals,743,239,0.2523,504,GREENZONE
Natl.Fertilizer,523630,NFL,Fertilizers & Agrochemicals,,,-0.0035,,
Nava,513023,NAVA,Power,1874,785,0.4998,1089,GREENZONE
Navin Fluo.Intl.,532504,NAVINFLUOR,Chemicals & Petrochemicals,1688,1206,0.5489,482,GREENZONE
Navkar Corporat.,539332,NAVKARCORP,Transport Services,2041,1616,-0.6986,425,BLUE
Navneet Educat.,508989,NAVNETEDUL,Printing & Publication,1444,1683,-0.0329,-239,NO ACTION
Nazara Technolo.,543280,NAZARA,Entertainment,1892,2035,-0.8153,-143,YELLOWZONE
NBCC,534309,NBCC,Construction,122,1208,-0.4756,-1086,YELLOWZONE
NBI Indl. Fin.,,NBIFIN,Finance,,,-0.745,,
NCC,500294,NCC,Construction,762,672,0.981,90,GREENZONE
NCL Industries,502168,NCLIND,Cement & Cement Products,,1358,0.556,,
NDL Ventures,500189,NDLVENTURE,Finance,,,-0.88,,
NDR Auto Compon.,543214,NDRAUTO,Auto Components,,,0.3379,,
NDR INVIT Trust,,NDRINVIT,Commercial Services & Supplies,,,,,
NDTV,532529,NDTV,Entertainment,1427,1503,-0.1042,-76,NO ACTION
Neetu Yoshi,544434,BOM:544434,Industrial Products,1400,,,,
Neetu Yoshi,544434,BOM:544434,Industrial Products,1400,,,,
Nelcast,532864,NELCAST,Industrial Products,,,-0.1902,,
NELCO,504112,NELCO,IT - Hardware,658,1412,-0.9252,-754,YELLOWZONE
Neogen Chemicals,542665,NEOGEN,Chemicals & Petrochemicals,2139,2266,-0.2189,-127,YELLOWZONE
Neptune Pet.,,NEPTUNE,Chemicals & Petrochemicals,,,,,
NESCO,505355,NESCO,Commercial Services & Supplies,307,1217,-0.4301,-910,YELLOWZONE
Nestle India,500790,NESTLEIND,Food Products,796,1271,-0.2033,-475,YELLOWZONE
Netweb Technol.,543945,NETWEB,IT - Services,1709,1993,0.6834,-284,REDZONE
Network People,544396,NPST,IT - Services,1706,2217,-0.6495,-511,YELLOWZONE
Netwrk.18 Media,532798,NETWORK18,Entertainment,1482,1800,0.8139,-318,REDZONE
Neuland Labs.,524558,NEULANDLAB,Pharmaceuticals & Biotechnology,1411,404,0.8255,1007,GREENZONE
New India Assura,540769,NIACL,Insurance,1854,2056,-0.6574,-202,YELLOWZONE
Newgen Software,540900,NEWGEN,IT - Software,1985,969,0.9498,1016,GREENZONE
Nexus Select,543913,NXST,Realty,239,,-0.8968,,
NGL Fine Chem,524774,NGLFINE,Pharmaceuticals & Biotechnology,,,0.0315,,
NHPC Ltd,533098,NHPC,Power,1922,1305,-0.5433,617,BLUE
NIBE,535136,NIBE,Aerospace & Defense,1316,2241,-0.0137,-925,NO ACTION
Nicco Parks,526721,BOM:526721,Leisure Services,,,0.7893,,
Nidhi Granites,512103,BOM:512103,Other Construction Materials,,,-0.978,,
Nifty 10 yr Benchmark G-Sec Index,SETF10GILT,SETF10GILT,Industrial Products,809,,-0.8098,,
Nifty 100,NIF100IETF,NIF100IETF,Industrial Products,,,0.0498,,
Nifty 100,LICNFNHGP,LICNFNHGP,Industrial Products,,,0.7134,,
Nifty 100 Equal Weight Index,NIFTY100EW,NIFTY100EW,Industrial Products,,,0.1326,,
Nifty 100 Low Volatility 30 Index,LOWVOLIETF,LOWVOLIETF,Industrial Products,442,,-0.8081,,
Nifty 100 Total Return Index,MONIFTY100,MONIFTY100,Industrial Products,,,0.3517,,
Nifty 100 TRI,NIF100BEES,NIF100BEES,Industrial Products,,,-0.4266,,
Nifty 1D Rate Index,GROWWLIQID,GROWWLIQID,Industrial Products,754,449,-0.569,305,BLUE
Nifty 1D Rate Index,SBILIQETF,SBILIQETF,Industrial Products,,453,106.5674,,
Nifty 1D Rate Index,AONELIQUID,AONELIQUID,Industrial Products,751,451,2.2228,300,GREENZONE
Nifty 1D Rate Index,LIQUIDPLUS,LIQUIDPLUS,Industrial Products,751,447,-0.4986,304,BLUE
Nifty 1D Rate Index (Debt Index),ELIQUID,ELIQUID,Industrial Products,,,2.9428,,
Nifty 200 Index- Total Return Index,GROWWN200,GROWWN200,Industrial Products,,,1.0438,,
Nifty 200 Momentum 30 Index,MOMENTUM30,MOMENTUM30,Industrial Products,,,-0.4697,,
Nifty 200 Momentum 30 Total Return Index,MOMOMENTUM,MOMOMENTUM,Industrial Products,,,-0.5696,,
Nifty 200 Quality 30 Index,SBIETFQLTY,SBIETFQLTY,Industrial Products,,,3.4404,,
Nifty 5 yr Benchmark G-Sec Index,GILT5YBEES,GILT5YBEES,Industrial Products,607,,-0.4703,,
Nifty 5 yr Benchmark G-Sec Index,GSEC5IETF,GSEC5IETF,Industrial Products,,,0.7301,,
Nifty 5 yr Benchmark G-Sec Index,MOGSEC,MOGSEC,Industrial Products,,,-0.1072,,
Nifty 50,NIFTY1,NIFTY1,Industrial Products,461,731,3.2184,-270,REDZONE
Nifty 50,SETFNIF50,SETFNIF50,Industrial Products,430,603,-0.0164,-173,NO ACTION
Nifty 50,UTINIFTETF,UTINIFTETF,Industrial Products,,,-0.375,,
Nifty 50,BSLNIFTY,BSLNIFTY,Industrial Products,,,-0.2775,,
Nifty 50,AXISNIFTY,AXISNIFTY,Industrial Products,,,-0.5729,,
Nifty 50,MOM50,MOM50,Industrial Products,,,-0.5093,,
Nifty 50,LICNETFN50,LICNETFN50,Industrial Products,,,1.7174,,
Nifty 50,IDFNIFTYET,IDFNIFTYET,Industrial Products,,,-0.8902,,
Nifty 50,QNIFTY,QNIFTY,Industrial Products,,,7.3641,,
Nifty 50,IVZINNIFTY,IVZINNIFTY,Industrial Products,,,-1,,
Nifty 50,NIFTYIETF,NIFTYIETF,Industrial Products,442,667,-0.1992,-225,YELLOWZONE
Nifty 50,NIFTYETF,NIFTYETF,Industrial Products,427,754,-0.3497,-327,YELLOWZONE
Nifty 50,HDFCNIFTY,HDFCNIFTY,Industrial Products,476,,-0.7523,,
Nifty 50,,NIFTYBEES,,433,626,0.0664,-193,NO ACTION
NIFTY 50 Equal Weight Index,EQUAL50ADD,EQUAL50ADD,Industrial Products,,,0.1217,,
Nifty 50 Equal Weight Total Return Index,MON50EQUAL,MON50EQUAL,Industrial Products,,,-0.9324,,
Nifty 50 Index,AONENIFTY,AONENIFTY,Industrial Products,,,-0.7355,,
Nifty 50 Index,NIFTY50ADD,NIFTY50ADD,Industrial Products,,,-0.0382,,
Nifty 50 Index - TRI,GROWWNIFTY,GROWWNIFTY,Industrial Products,,,-0.298,,
Nifty 500 Low Volatility 50 Index TRI,GROWWLOVOL,GROWWLOVOL,Industrial Products,,,-0.4928,,
Nifty 500 Momentum 50 Index- Total Return Index,GROWWMOM50,GROWWMOM50,Industrial Products,,,3.1935,,
Nifty 500 Momentum 50 Total Return Index,MOMENTUM50,MOMENTUM50,Industrial Products,617,1102,-0.4102,-485,YELLOWZONE
Nifty 8-13 Yr G-Sec Index,LTGILTCASE,LTGILTCASE,Industrial Products,,,0.4216,,
NIFTY 8-13 yr G-Sec Index,LTGILTBEES,LTGILTBEES,Industrial Products,675,484,0.0523,191,GREENZONE
Nifty AAA Bond Plus SDL Apr 2026 50:50 Index,AXISBPSETF,AXISBPSETF,Industrial Products,,,2.63,,
NIFTY Alpha 50 Index,ALPHA,ALPHA,Industrial Products,,,,,
Nifty Alpha 50 Total Return Index,MOALPHA50,MOALPHA50,Industrial Products,,,-0.7812,,
Nifty Alpha Low-Volatility 30 Index,ALPL30IETF,ALPL30IETF,Industrial Products,,,0.4555,,
Nifty Auto Index,AUTOIETF,AUTOIETF,Industrial Products,279,294,-0.0962,-15,NO ACTION
Nifty Auto TRI,AUTOBEES,AUTOBEES,Industrial Products,270,320,0.0953,-50,NO ACTION
Nifty Bank,SETFNIFBK,SETFNIFBK,Industrial Products,303,524,1.3341,-221,REDZONE
Nifty Bank,UTIBANKETF,UTIBANKETF,Industrial Products,,625,141.4055,,
Nifty Bank,BANKIETF,BANKIETF,Industrial Products,320,532,16.0143,-212,REDZONE
Nifty Bank,ABSLBANETF,ABSLBANETF,Industrial Products,,551,2.6625,,
Nifty Bank,HDFCNIFBAN,HDFCNIFBAN,Industrial Products,,,0.1161,,
Nifty Bank,AXISBNKETF,AXISBNKETF,Industrial Products,,,11.3926,,
Nifty Bank,BANKBEES,BANKBEES,Industrial Products,288,541,0.7423,-253,REDZONE
Nifty Bank,BANKNIFTY1,BANKNIFTY1,Industrial Products,,631,1.4939,,
Nifty BHARAT Bond,EBBETF0430,EBBETF0430,Industrial Products,728,496,1.5859,232,GREENZONE
Nifty BHARAT Bond,EBBETF0431,EBBETF0431,Industrial Products,839,458,1.3473,381,GREENZONE
Nifty BHARAT Bond Index - April 2032,BBETF0432,BBETF0432,Industrial Products,753,438,0.0985,315,GREENZONE
Nifty Capital Market Total Return Index,MOCAPITAL,MOCAPITAL,Industrial Products,319,1335,-0.354,-1016,YELLOWZONE
Nifty Dividend Opportunities 50 TRI,DIVOPPBEES,DIVOPPBEES,Industrial Products,,,-0.0186,,
Nifty Energy Index,MOENERGY,MOENERGY,Industrial Products,989,,-0.8632,,
Nifty EV & New Age Automotive ETF,EVIETF,EVIETF,Industrial Products,,,0.3357,,
Nifty EV and New Age Automotive Index,GROWWEV,GROWWEV,Industrial Products,,,-0.1791,,
Nifty EV and New Age Automotive Total Return Index,EVINDIA,EVINDIA,Industrial Products,,,-0.3665,,
Nifty Financial Services Index,BFSI,BFSI,Industrial Products,,,-0.2511,,
Nifty FMCG Index,FMCGIETF,FMCGIETF,Industrial Products,859,665,0.2941,194,GREENZONE
Nifty Healthcare Index,HEALTHIETF,HEALTHIETF,Industrial Products,,,-0.2405,,
Nifty Healthcare Index,AXISHCETF,AXISHCETF,Industrial Products,,,2.4305,,
Nifty Healthcare TRI,HEALTHY,HEALTHY,Industrial Products,,,-0.3924,,
Nifty Index 50 Index,NIFTYCASE,NIFTYCASE,Industrial Products,467,,-0.7744,,
Nifty India Consumption Index,CONSUMIETF,CONSUMIETF,Industrial Products,,,0.6481,,
Nifty India Consumption Index,SBIETFCON,SBIETFCON,Industrial Products,,,0.2443,,
NIFTY India Consumption Index,AXISCETF,AXISCETF,Industrial Products,,,2.8593,,
Nifty India Consumption TRI,CONSUMBEES,CONSUMBEES,Industrial Products,644,723,-0.1621,-79,YELLOWZONE
Nifty India Defence Index- Total Return Index,GROWWDEFNC,GROWWDEFNC,Industrial Products,1268,1263,0.732,5,GREENZONE
Nifty India Defence Total Return Index,MODEFENCE,MODEFENCE,Industrial Products,1271,1427,0.3044,-156,REDZONE
Nifty India Digital Index,TNIDETF,TNIDETF,Industrial Products,,,0.5617,,
Nifty India Manufacturing Total Return Index,MAKEINDIA,MAKEINDIA,Industrial Products,,,-0.6984,,
Nifty India Manufacturing Total Return Index,MOMGF,MOMGF,Industrial Products,,,1.1301,,
Nifty India Manufacturing TRI,MANUFGBEES,MANUFGBEES,Industrial Products,,,0.376,,
Nifty India New AgeConsumption,CONSUMER,CONSUMER,Industrial Products,,,0.9607,,
Nifty India Railways PSU Index,GROWWRAIL,GROWWRAIL,Industrial Products,,1267,0.597,,
Nifty India Tourism Total Return Index,MOTOUR,MOTOUR,Industrial Products,,,0.2068,,
Nifty Infra,INFRABEES,INFRABEES,Industrial Products,,,0.1367,,
NIFTY IT Index,IT,IT,Industrial Products,301,345,-0.6832,-44,YELLOWZONE
Nifty IT Index,SBIETFIT,SBIETFIT,Industrial Products,,,2.8089,,
NIFTY IT Index,AXISTECETF,AXISTECETF,Industrial Products,,,2.2586,,
Nifty IT Index,ITIETF,ITIETF,Industrial Products,240,183,14.7684,57,GREENZONE
Nifty IT TRI,ITBEES,ITBEES,Industrial Products,245,173,0.8611,72,GREENZONE
Nifty IT TRI Index,TECH,TECH,Industrial Products,54,322,-0.5918,-268,YELLOWZONE
Nifty LargeMidcap 250 TRI,ELM250,ELM250,Industrial Products,,,-0.9909,,
Nifty Metal Index,METALIETF,METALIETF,Industrial Products,1217,851,0.633,366,GREENZONE
Nifty Metal Total Return Index,METAL,METAL,Industrial Products,,,,,
Nifty Midcap 100,MOM100,MOM100,Industrial Products,461,927,-0.6485,-466,YELLOWZONE
Nifty Midcap 100 TRI,MOLOWVOL,MOLOWVOL,Industrial Products,,,-0.9935,,
Nifty Midcap 150,MIDCAPIETF,MIDCAPIETF,Industrial Products,633,929,-0.4219,-296,YELLOWZONE
Nifty Midcap 150 Index,MID150,MID150,Industrial Products,,,-0.6108,,
Nifty Midcap 150 Momentum 50 Total Return Index,MOMIDMTM,MOMIDMTM,Industrial Products,,,1.2875,,
Nifty Midcap 150 Quality 50 Index,MIDQ50ADD,MIDQ50ADD,Industrial Products,,,7.3619,,
Nifty Midcap 150 TRI,MID150BEES,MID150BEES,Industrial Products,710,953,-0.5879,-243,YELLOWZONE
Nifty Midcap 50 Index,MIDCAP,MIDCAP,Industrial Products,,974,0.8968,,
Nifty Next 50,SETFNN50,SETFNN50,Industrial Products,1076,894,0.0811,182,GREENZONE
Nifty Next 50,UTINEXT50,UTINEXT50,Industrial Products,,,-0.3989,,
Nifty Next 50,ABSLNN50ET,ABSLNN50ET,Industrial Products,,,-0.9408,,
Nifty Next 50,NEXT50,NEXT50,Industrial Products,,,-0.7165,,
Nifty Next 50,NEXT50IETF,NEXT50IETF,Industrial Products,975,936,-0.5696,39,BLUE
Nifty Next 50 Total Return Index,MONEXT50,MONEXT50,Industrial Products,,,2.4729,,
Nifty Oil & Gas Index,OILIETF,OILIETF,Industrial Products,710,1167,-0.1121,-457,NO ACTION
Nifty Pharma TRI,PHARMABEES,PHARMABEES,Industrial Products,424,347,-0.1934,77,BLUE
Nifty Private Bank Index,PVTBANIETF,PVTBANIETF,Industrial Products,321,389,0.0195,-68,NO ACTION
Nifty Private Bank Index,SBIETFPB,SBIETFPB,Industrial Products,,,1.3168,,
Nifty Private Bank Index,NPBET,NPBET,Industrial Products,,,-0.5258,,
Nifty PSE Total Return Index,MOPSE,MOPSE,Industrial Products,,,1.0089,,
Nifty PSU Bank,PSUBNKBEES,PSUBNKBEES,Industrial Products,253,1242,-0.4682,-989,YELLOWZONE
Nifty PSU Bank,PSUBANK,PSUBANK,Industrial Products,351,1204,2.1119,-853,REDZONE
Nifty PSU Bank Total Return Index,BANKPSU,BANKPSU,Industrial Products,,,-0.3137,,
Nifty SDL Apr 2026 Top 20 Equal Weight Index,SDL26BEES,SDL26BEES,Industrial Products,,,-0.5843,,
Nifty Smallcap 100 Index,SML100CASE,SML100CASE,Industrial Products,,,0.636,,
Nifty Top 10 Equal Weight Index,TOP10ADD,TOP10ADD,Industrial Products,316,313,1.114,3,GREENZONE
Nifty Top 15 Equal Weight Index,TOP15IETF,TOP15IETF,Industrial Products,,,-0.2899,,
Nifty Total Market Index,AONETOTAL,AONETOTAL,Industrial Products,,,-0.631,,
NIFTY100 ESG SECTOR LEADERS,ESG,ESG,Industrial Products,,,-0.9408,,
Nifty1D rate index,LIQUIDETF,LIQUIDETF,Industrial Products,817,528,-0.1231,289,BLUE
Nifty200 Quality 30 Index,QUALITY30,QUALITY30,Industrial Products,,,-0.9743,,
Nifty200 Value 30 Index,VAL30IETF,VAL30IETF,Industrial Products,,,-0.7135,,
Nifty50 Equal Weight,SBINEQWETF,SBINEQWETF,Industrial Products,,,-0.2465,,
Nifty50 Equal Weight,EQUAL50,EQUAL50,Industrial Products,,,-0.8369,,
Nifty50 Value 20,NV20IETF,NV20IETF,Industrial Products,,,0.3061,,
Nifty50 Value 20,NV20,NV20,Industrial Products,,,-0.5645,,
Nifty50 Value20 TRI,NV20BEES,NV20BEES,Industrial Products,,,-0.2013,,
Nifty500 Flexicap Quality 30 TRI,FLEXIADD,FLEXIADD,Industrial Products,,,-0.0499,,
Nifty500 Multicap 50:25:25 Index,MULTICAP,MULTICAP,Industrial Products,,,-0.5665,,
Nifty500 Multicap Momentum Quality 50 Total Return Index,EMULTIMQ,EMULTIMQ,Industrial Products,,,-0.0162,,
Nifty500 Value 50 TRI,AXISVALUE,AXISVALUE,Industrial Products,,,-0.1072,,
NIIT,500304,NIITLTD,Other Consumer Services,1347,1738,0.1878,-391,REDZONE
NIIT Learning,543952,NIITMTS,Other Consumer Services,24,134,0.4706,-110,REDZONE
Nikhil Adhesives,526159,BOM:526159,Chemicals & Petrochemicals,,,-0.6219,,
Nikita Papers,,NIKITA,"Paper, Forest & Jute Products",,,,,
Nila Infrastruct,530377,NILAINFRA,Realty,,,-0.4212,,
Nila Spaces,542231,NILASPACES,Realty,,,0.7048,,
Nilachal Carbo,544510,BOM:544510,Ferrous Metals,,,-0.5128,,
NILE,530129,BOM:530129,Minerals & Mining,,,-0.2689,,
Nilkamal Ltd,523385,NILKAMAL,Consumer Durables,2113,,-0.7507,,
Nimbus Projects,511714,BOM:511714,Realty,,,0.5376,,
NINtec Systems,539843,NINSYS,IT - Software,,,3.1229,,
Nippon India ETF Nifty Next 50 Junior BeES,JUNIORBEES,JUNIORBEES,Industrial Products,1024,943,-0.1331,81,BLUE
NIPPON INDIA GOLD ETF,GOLDBEES,GOLDBEES,Industrial Products,389,243,0.1989,146,GREENZONE
NIPPON INDIA NIFTY NEXT50 ETF,JUNIORBEES,JUNIORBEES,Industrial Products,1024,943,-0.1331,81,BLUE
NIPPON INDIA SILVER ETF,SILVERBEES,SILVERBEES,Industrial Products,519,57,1.4174,462,GREENZONE
Nippon Life Ind.,540767,NAM-INDIA,Capital Markets,1473,1820,0.2176,-347,REDZONE
Nirlon,500307,BOM:500307,Commercial Services & Supplies,,,-0.5541,,
Nisus Finance,544296,BOM:544296,Finance,1425,2304,2.8819,-879,REDZONE
Nitco,532722,NITCO,Consumer Durables,1875,,-0.8746,,
Nitin Spinners,532698,NITINSPIN,Textiles & Apparels,955,,-0.4426,,
Nitta Gelatin,506532,BOM:506532,Chemicals & Petrochemicals,,,-0.5997,,
Niva Bupa Health,544286,NIVABUPA,Insurance,1051,1022,-0.2656,29,BLUE
Niyogin Fintech,538772,BOM:538772,Finance,,,0.0667,,
NLC India,513683,NLCINDIA,Power,1639,1825,-0.6543,-186,YELLOWZONE
NMDC,526371,NMDC,Minerals & Mining,1090,385,-0.1094,705,BLUE
NMDC Steel,543768,NSLNISP,Ferrous Metals,903,1463,-0.9238,-560,YELLOWZONE
NOCIL,500730,NOCIL,Chemicals & Petrochemicals,642,1631,-0.0788,-989,NO ACTION
Northern ARC,544260,NORTHARC,Finance,335,1139,-0.6127,-804,YELLOWZONE
Nova Agritech,544100,NOVAAGRI,Fertilizers & Agrochemicals,,,0.6939,,
Novartis India,500672,NOVARTIND,Pharmaceuticals & Biotechnology,,,,,
NRB Bearings,530367,NRBBEARING,Auto Components,334,938,2.7599,-604,REDZONE
NTPC,532555,NTPC,Power,911,975,-0.1684,-64,YELLOWZONE
NTPC Green Ene.,544289,NTPCGREEN,Power,1835,1906,-0.4248,-71,YELLOWZONE
Nucleus Soft.,531209,NUCLEUS,IT - Software,,,-0.3797,,
Nupur Recyclers,,NRL,Metals & Minerals Trading,,,,,
Nureca,543264,NURECA,Healthcare Equipment & Supplies,,14,9.2599,,
Nuvama Wealth,543988,NUVAMA,Capital Markets,953,1561,-0.8451,-608,YELLOWZONE
Nuvoco Vistas,543334,NUVOCO,Cement & Cement Products,2037,1386,-0.6332,651,BLUE
NYSE FANG+ Total Return Index,MAFANG,MAFANG,Industrial Products,,,,,
O N G C,500312,ONGC,Oil,1057,1140,0.4623,-83,REDZONE
Oberoi Realty,533273,OBEROIRLTY,Realty,1864,1002,0.3334,862,GREENZONE
OBSC Perfection,,OBSCP,Auto Components,,,,,
OCCL,544278,OCCLLTD,Chemicals & Petrochemicals,,,-0.6812,,
Oil Country,500313,OILCOUNTUB,Oil,,,1.9281,,
Oil India,533106,OIL,Oil,,,-0.9059,,
Ola Electric,544225,OLAELEC,Automobiles,1926,2296,4.8654,-370,REDZONE
Olectra Greentec,532439,OLECTRA,Automobiles,2273,1954,0.6647,319,GREENZONE
Om Freight Forwa,544564,OMFREIGHT,Transport Services,,,-0.1716,,
Om Infra,531092,OMINFRAL,Construction,,,-0.2771,,
Omaxe,532880,OMAXE,Realty,2121,,-0.8381,,
One 97,543396,PAYTM,Financial Technology (Fintech),1061,201,-0.3808,860,BLUE
One Global Serv,514330,BOM:514330,Healthcare Services,2,1154,-0.799,-1152,YELLOWZONE
One Mobikwik,544305,MOBIKWIK,Financial Technology (Fintech),2046,1862,0.2629,184,GREENZONE
One Point One,,ONEPOINT,Commercial Services & Supplies,337,194,-0.0873,143,BLUE
Onesource Indus.,530805,BOM:530805,Commercial Services & Supplies,,,1.9819,,
OneSource Speci.,544292,ONESOURCE,Pharmaceuticals & Biotechnology,2016,596,-0.0367,1420,BLUE
Onix Solar,513119,BOM:513119,Non - Ferrous Metals,,,0.1521,,
OnMobile Global,532944,ONMOBILE,Media,,1264,26.1459,,
Onward Technolog,517536,ONWARDTEC,IT - Services,409,,-0.6401,,
Optiemus Infra.,530135,OPTIEMUS,Telecom - Equipment & Accessories,862,1464,-0.8199,-602,YELLOWZONE
Oracle Fin.Serv.,532466,OFSS,IT - Software,1282,839,-0.5465,443,BLUE
Orbit Exports,512626,ORBTEXP,Textiles & Apparels,,,-0.5545,,
Orchid Pharma,524372,ORCHPHARMA,Pharmaceuticals & Biotechnology,196,283,-0.625,-87,YELLOWZONE
Oriana Power Ltd,,ORIANA,Electrical Equipment,,,,,
Oricon Enterpris,513121,ORICONENT,Industrial Products,393,,-0.9688,,
Orient Bell,530365,ORIENTBELL,Consumer Durables,,,-0.0559,,
Orient Cement,535754,ORIENTCEM,Cement & Cement Products,2250,2134,-0.4651,116,BLUE
Orient Ceratech,504879,ORIENTCER,Industrial Products,35,,-0.5568,,
Orient Electric,541301,ORIENTELEC,Consumer Durables,1626,1338,-0.977,288,BLUE
Orient Green,533263,GREENPOWER,Power,1647,2101,1.7779,-454,REDZONE
Orient Paper,502420,ORIENTPPR,"Paper, Forest & Jute Products",,,0.1273,,
Orient Tech.,544235,ORIENTTECH,IT - Services,1741,1726,0.6502,15,GREENZONE
Oriental Aromat.,500078,OAL,Chemicals & Petrochemicals,,,-0.6986,,
Oriental Hotels,500314,ORIENTHOT,Leisure Services,695,1806,-0.187,-1111,YELLOWZONE
Oriental Rail,531859,BOM:531859,Industrial Products,,,0.131,,
Orissa Minerals,590086,ORISSAMINE,Minerals & Mining,1379,1540,-0.7292,-161,YELLOWZONE
OSEL Devices,,OSELDEVICE,Healthcare Equipment & Supplies,,,,,
Osia Hyper Reta.,,OSIAHYPER,Retailing,,2318,2.7907,,
Oswal Agro Mills,500317,OSWALAGRO,Commercial Services & Supplies,,,0.013,,
Oswal Green Tech,539290,OSWALGREEN,Finance,1910,,-0.4877,,
Oswal Pumps,544418,OSWALPUMPS,Industrial Products,2290,2308,0.0491,-18,NO ACTION
Owais Metal,,OWAIS,Ferrous Metals,,,,,
P & G Health Ltd,500126,PGHL,Pharmaceuticals & Biotechnology,1257,501,-0.19,756,BLUE
P & G Hygiene,500459,PGHH,Personal Products,1326,1065,-0.1217,261,BLUE
P I Industries,523642,PIIND,Fertilizers & Agrochemicals,1546,1052,-0.1702,494,BLUE
P N Gadgil Jewe.,544256,PNGJL,Consumer Durables,1926,1378,-0.4591,548,BLUE
Pace Digitek,544550,PACEDIGITK,Telecom - Services,1274,1452,0.0873,-178,NO ACTION
Page Industries,532827,PAGEIND,Textiles & Apparels,926,1529,-0.1085,-603,NO ACTION
Paisalo Digital,532900,PAISALO,Finance,296,221,-0.1223,75,BLUE
Pakka,516030,PAKKA,"Paper, Forest & Jute Products",,,-0.3327,,
Panacea Biotec,531349,PANACEABIO,Pharmaceuticals & Biotechnology,1419,1952,-0.7933,-533,YELLOWZONE
Panache Digilife,,PANACHE,IT - Services,,,-0.4587,,
Panama Petrochem,524820,PANAMAPET,Petroleum Products,967,,-0.6031,,
Panchmahal Steel,513511,BOM:513511,Industrial Products,,,-0.9801,,
Panorama Studios,539469,BOM:539469,Entertainment,,1569,14.8446,,
Pansari Develop.,,PANSARI,Realty,,,-0.8568,,
Paradeep Phosph.,543530,PARADEEP,Fertilizers & Agrochemicals,1707,855,-0.0558,852,BLUE
Parag Milk Foods,539889,PARAGMILK,Food Products,1328,2221,-0.5822,-893,YELLOWZONE
Paramount Comm.,530555,PARACABLES,Industrial Products,1589,2046,-0.496,-457,YELLOWZONE
Paras Defence,543367,PARAS,Aerospace & Defense,982,1438,-0.3,-456,YELLOWZONE
Parin Enterpris.,,PARIN,Consumer Durables,,,,,
Parsvnath Devl.,532780,PARSVNATH,Realty,,,0.1393,,
Parth Electrical,,PARTH,,,,,,
Pashupati Cotsp.,544448,PASHUPATI,Textiles & Apparels,,,-0.84,,
Pasupati Acrylon,500456,PASUPTAC,Chemicals & Petrochemicals,17,769,-0.9218,-752,YELLOWZONE
Patanjali Foods,500368,PATANJALI,Agricultural Food & other Products,1454,2216,0.4286,-762,REDZONE
Patel Engineerin,531120,PATELENG,Construction,2092,1587,3.2231,505,GREENZONE
Patel Retail,544487,PATELRMART,Retailing,22,1151,-0.7133,-1129,YELLOWZONE
Patil Automation,,PATILAUTOM,Industrial Manufacturing,,,,,
Paushak,532742,BOM:532742,Chemicals & Petrochemicals,,,,,
Pavna Industries,543915,PAVNAIND,Auto Components,,,-0.5377,,
PB Fintech.,543390,POLICYBZR,Financial Technology (Fintech),923,218,1.2181,705,GREENZONE
PC Jeweller,534809,PCJEWELLER,Consumer Durables,2291,533,4.8636,1758,GREENZONE
PCBL Chemical,506590,PCBL,Chemicals & Petrochemicals,1717,1855,-0.2496,-138,YELLOWZONE
PDS,538730,PDSL,Textiles & Apparels,2101,1982,-0.6002,119,BLUE
Pearl Global Ind,532808,PGIL,Textiles & Apparels,183,1731,-0.5485,-1548,YELLOWZONE
Pelatro,,PELATRO,Media,,,,,
Peninsula Land,503031,PENINLAND,Realty,2254,2218,1.0642,36,GREENZONE
Pennar Industrie,513228,PENIND,Industrial Manufacturing,970,1749,0.0279,-779,NO ACTION
Permanent Magnet,504132,BOM:504132,Electrical Equipment,,,0.0283,,
Persistent Systems,533179,PERSISTENT,IT - Software,151,280,3.0208,-129,REDZONE
Petro Carbon,,PCCL,Minerals & Mining,,,,,
Petronet LNG,532522,PETRONET,Gas,886,249,3.1002,637,GREENZONE
Pfizer,500680,PFIZER,Pharmaceuticals & Biotechnology,1164,622,0.3533,542,GREENZONE
PG Electroplast,533581,PGEL,Consumer Durables,97,753,-0.6084,-656,YELLOWZONE
Phantom Digital,,PHANTOMFX,Entertainment,,,,,
Phoenix Mills,503100,PHOENIXLTD,Realty,315,443,-0.4871,-128,YELLOWZONE
Physical price of Silver,SILVER,SILVER,Industrial Products,562,53,1.7008,509,GREENZONE
Piccadily Agro,530305,PICCADIL,Beverages,1737,1689,0.2345,48,GREENZONE
Pidilite Inds.,500331,PIDILITIND,Chemicals & Petrochemicals,670,590,-0.1739,80,BLUE
Pilani Invest.,539883,PILANIINVS,Finance,1343,,-0.5684,,
Piramal Enterp.,500302,PEL,Finance,,,,,
Piramal Pharma,543635,PPLPHARMA,Pharmaceuticals & Biotechnology,1580,1705,0.6911,-125,REDZONE
Pitti Engg.,513519,PITTIENG,Industrial Manufacturing,954,2188,0.1342,-1234,REDZONE
Pix Transmission,500333,PIXTRANS,Industrial Products,645,583,0.0467,62,GREENZONE
Plastiblends (I),523648,PLASTIBLEN,Chemicals & Petrochemicals,,,-0.4059,,
Platinum Industr,544134,PLATIND,Chemicals & Petrochemicals,227,1563,0.1885,-1336,REDZONE
PNB Gilts,532366,PNBGILTS,Finance,1151,568,0.6632,583,GREENZONE
PNB Housing,540173,PNBHOUSING,Finance,501,1385,-0.5769,-884,YELLOWZONE
PNC Infratech,539150,PNCINFRA,Construction,2176,1950,0.0136,226,GREENZONE
PNGS Gargi FJ,543709,BOM:543709,Consumer Durables,525,,-0.744,,
POCL Enterprises,539195,BOM:539195,Chemicals & Petrochemicals,,,-0.5476,,
Pokarna,532486,POKARNA,Consumer Durables,182,1883,-0.5436,-1701,YELLOWZONE
Polo Queen Ind.,540717,BOM:540717,Commercial Services & Supplies,,,-0.4634,,
Poly Medicure,531768,POLYMED,Healthcare Equipment & Supplies,918,984,-0.2383,-66,YELLOWZONE
Polycab India,542652,POLYCAB,Industrial Products,1258,1527,0.32,-269,REDZONE
Polyplex Corpn,524051,POLYPLEX,Industrial Products,2035,1789,0.0794,246,GREENZONE
Polysil Irrigati,,POLYSIL,Industrial Products,,,,,
Pondy Oxides,532626,POCL,Diversified Metals,1218,1722,-0.2374,-504,YELLOWZONE
Poonawalla Fin,524000,POONAWALLA,Finance,883,924,-0.0023,-41,NO ACTION
Popular Vehicles,544144,PVSL,Automobiles,2170,,-0.4986,,
Power Fin.Corpn.,532810,PFC,Finance,,,,,
Power Grid Corpn,532898,POWERGRID,Power,650,1088,-0.4023,-438,YELLOWZONE
Power Mech Proj.,539302,POWERMECH,Construction,757,1702,0.081,-945,NO ACTION
Powergrid Infra.,543290,PGINVIT,Power,,,,,
PPAP Automotive,532934,PPAP,Auto Components,,,-0.7599,,
Prabha Energy,544379,PRABHA,Oil,,,2.9058,,
Pradeep Metals,513532,BOM:513532,Auto Components,,,-0.3954,,
Praj Industries,522205,PRAJIND,Industrial Manufacturing,1641,1768,0.178,-127,REDZONE
Prakash Industri,506022,PRAKASH,Ferrous Metals,1959,2039,-0.5118,-80,YELLOWZONE
Prakash Pipes,542684,PPL,Industrial Products,389,1762,-0.612,-1373,YELLOWZONE
Prataap Snacks,540724,DIAMONDYD,Food Products,1260,539,-0.2311,721,BLUE
Pratham EPC,,PRATHAM,Construction,,,,,
Praveg,531637,BOM:531637,Leisure Services,1944,2164,0.4327,-220,REDZONE
Prec. Electronic,517258,BOM:517258,Industrial Manufacturing,,,2.3841,,
Prec. Wires (I),523539,PRECWIRE,Industrial Products,1311,2246,0.5779,-935,REDZONE
Precision Camshf,539636,PRECAM,Auto Components,1741,2061,0.7673,-320,REDZONE
Precot,,PRECOT,Textiles & Apparels,,,-0.4698,,
Prem. Explosives,526247,PREMEXPLN,Chemicals & Petrochemicals,2076,1549,-0.2577,527,BLUE
Premier Energies,544238,PREMIERENE,Electrical Equipment,1678,2043,0.0571,-365,NO ACTION
Premier Polyfilm,514354,PREMIERPOL,Industrial Products,,,-0.8417,,
Prestige Estates,533274,PRESTIGE,Realty,1753,1322,-0.7245,431,BLUE
Prevest Denpro,543363,BOM:543363,Healthcare Equipment & Supplies,,,-0.1881,,
Pricol Ltd,540293,PRICOLLTD,Auto Components,663,777,0.206,-114,REDZONE
Prime Focus,532748,PFOCUS,Entertainment,595,105,0.8217,490,GREENZONE
Prime Fresh,540404,BOM:540404,Agricultural Food & other Products,,,-0.6607,,
Prime Securities,500337,PRIMESECU,Finance,,2071,25.5052,,
Primo Chemicals,506852,PRIMO,Chemicals & Petrochemicals,,,-0.8229,,
Prince Pipes,542907,PRINCEPIPE,Industrial Products,2206,2283,0.3552,-77,REDZONE
Prism Johnson,500338,PRSMJOHNSN,Cement & Cement Products,1313,,-0.2123,,
Privi Speci.,530117,PRIVISCL,Chemicals & Petrochemicals,1870,354,0.1487,1516,GREENZONE
Prizor Viztech,,PRIZOR,Industrial Manufacturing,,,,,
Pro Fin Capital,511557,BOM:511557,Commercial Services & Supplies,15,,-0.9425,,
PropsharePlatina,544295,BOM:544295,,,,-1,,
PropshareTitania,544462,BOM:544462,Realty,,,,,
Prostarm Info,544410,PROSTARM,Electrical Equipment,636,236,9.5165,400,GREENZONE
Protean eGov,544021,PROTEAN,IT - Services,1503,1596,-0.2006,-93,YELLOWZONE
Proventus Agro.,,PROV,Food Products,,,2.0082,,
Prozone Realty,534675,PROZONER,Realty,,,-0.3662,,
Prudent Corp.,543527,PRUDENT,Capital Markets,271,177,1.8366,94,GREENZONE
PSP Projects,540544,PSPPROJECT,Construction,1704,2019,0.031,-315,NO ACTION
PTC India,532524,PTC,Power,683,196,-0.712,487,BLUE
PTC India Fin,533344,PFS,Finance,133,,-0.8918,,
PTC Industries,539006,PTCIL,Industrial Products,126,158,0.2825,-32,REDZONE
PTL Enterprises,509220,PTL,Commercial Services & Supplies,,,-0.9668,,
Pudumjee Paper,539785,PDMJEPAPER,"Paper, Forest & Jute Products",,,-0.3228,,
Pun. & Sind Bank,533295,PSB,Banks,,,-0.7941,,
Pune e,544141,BOM:544141,Capital Markets,67,,-0.9257,,
Punjab Chemicals,506618,PUNJABCHEM,Fertilizers & Agrochemicals,,,-0.6778,,
Punjab Natl.Bank,532461,PNB,Banks,224,1419,-0.2986,-1195,YELLOWZONE
Puravankara,532891,PURVA,Realty,,1734,0.7806,,
Purple United,,PURPLEUTED,Textiles & Apparels,,,,,
Pushpa Jewellers,,PUSHPA,Consumer Durables,,,,,
PVP Ventures,517556,PVP,Realty,,,-0.651,,
PVR Inox,532689,PVRINOX,Entertainment,1328,476,0.0442,852,GREENZONE
Pyramid Technopl,543969,PYRAMID,Industrial Products,,,-0.4295,,
Quadrant Future,544336,QUADFUTURE,Industrial Products,1022,1859,-0.1645,-837,YELLOWZONE
Qualitek Labs,544091,BOM:544091,Commercial Services & Supplies,,,0.6206,,
Quality Power El,544367,QPOWER,Electrical Equipment,2284,1948,-0.081,336,BLUE
Quess Corp,539978,QUESS,Commercial Services & Supplies,1108,1697,-0.2097,-589,YELLOWZONE
Quest Capital,500069,BOM:500069,Capital Markets,,,4.3611,,
Quick Heal Tech,539678,QUICKHEAL,IT - Software,1769,1903,1.1328,-134,REDZONE
R C F,524230,RCF,Fertilizers & Agrochemicals,,,1.6469,,
R K Swamy,544136,RKSWAMY,Media,,2023,2.1464,,
R M Drip & Sprin,544456,RMDRIP,Industrial Products,212,806,-0.4953,-594,YELLOWZONE
R R Kabel,543981,RRKABEL,Industrial Products,480,287,-0.8411,193,BLUE
R Systems Intl.,532735,RSYSTEMS,IT - Services,1171,138,0.0181,1033,GREENZONE
R&B Denims,538119,RNBDENIMS,Textiles & Apparels,,,-0.4824,,
Race Eco,537785,RACE,Other Utilities,1670,691,-0.6447,979,BLUE
RACL Geartech,520073,RACLGEAR,Auto Components,,,-0.3925,,
Radhika Jeweltec,540125,RADHIKAJWE,Consumer Durables,,1651,1.8041,,
Radiant Cash,543732,RADIANTCMS,Commercial Services & Supplies,,,-0.0398,,
Radico Khaitan,532497,RADICO,Beverages,705,760,-0.4621,-55,YELLOWZONE
Raghav Product.,539837,RPEL,Industrial Products,387,1006,0.78,-619,REDZONE
Raghuvir Synth,514316,BOM:514316,Textiles & Apparels,,,0.4277,,
Rail Vikas,542649,RVNL,Construction,,,-0.2368,,
Railtel Corpn.,543265,RAILTEL,Telecom - Services,1459,1840,-0.0437,-381,NO ACTION
Rain Industries,500339,RAIN,Chemicals & Petrochemicals,,,-0.7291,,
Rainbow Child.,543524,RAINBOW,Healthcare Services,773,687,-0.7248,86,BLUE
Rainbow Foundat.,531694,BOM:531694,Realty,,,1.0377,,
Raj Rayon Inds.,530699,RAJRILTD,Textiles & Apparels,,,-0.1608,,
Rajapalayam Mill,532503,BOM:532503,Textiles & Apparels,,,-0.7369,,
Rajasthan Gases,526873,BOM:526873,Petroleum Products,,,1.1962,,
Rajesh Exports,531500,RAJESHEXPO,Consumer Durables,671,416,0.038,255,GREENZONE
Rajesh Power,544291,BOM:544291,Other Utilities,1831,2295,0.0573,-464,NO ACTION
Rajoo Engineers,522257,RAJOOENG,Industrial Manufacturing,2100,2269,0.3086,-169,REDZONE
Rajratan Global,517522,RAJRATAN,Auto Components,2078,788,1.0437,1290,GREENZONE
Rallis India,500355,RALLIS,Fertilizers & Agrochemicals,107,669,-0.5357,-562,YELLOWZONE
Ram Ratna Wires,522281,RAMRAT,Electrical Equipment,,,-0.0715,,
Rama Phosphates,524037,RAMAPHO,Fertilizers & Agrochemicals,2185,2096,0.4118,89,GREENZONE
Rama Steel Tubes,539309,RAMASTEEL,Industrial Products,1390,1166,-0.3661,224,BLUE
Ramco Inds.,532369,RAMCOIND,Other Construction Materials,517,1044,-0.2465,-527,YELLOWZONE
Ramco Systems,532370,RAMCOSYS,IT - Software,1322,1101,1.3845,221,GREENZONE
Ramkrishna Forg.,532527,RKFORGE,Auto Components,905,1339,-0.5099,-434,YELLOWZONE
Ramky Infra,533262,RAMKY,Construction,1951,2094,-0.3584,-143,YELLOWZONE
Rane (Madras),532661,RML,Auto Components,,,-0.8343,,
Rane Holdings,505800,RANEHOLDIN,Finance,,,-0.254,,
Rashi Peripheral,544119,RPTECH,IT - Hardware,1204,712,-0.0435,492,BLUE
Rategain Travel,543417,RATEGAIN,IT - Software,168,1446,-0.7364,-1278,YELLOWZONE
Ratnabhumi Dev.,540796,BOM:540796,Realty,,,-0.5036,,
Ratnamani Metals,520111,RATNAMANI,Industrial Products,981,695,-0.2266,286,BLUE
Ratnaveer Precis,543978,RATNAVEER,Industrial Products,1544,166,25.7018,1378,GREENZONE
RattanIndia Ent,534597,RTNINDIA,Retailing,1975,2006,-0.2764,-31,YELLOWZONE
RattanIndia Pow.,533122,RTNPOWER,Power,1541,1369,0.0953,172,GREENZONE
Ravinder Heights,543251,RVHL,Realty,,,-0.1665,,
Ravindra Energy,504341,RELTD,Electrical Equipment,2181,1829,-0.1834,352,BLUE
Raymond,500330,RAYMOND,Realty,2166,2041,-0.6346,125,BLUE
Raymond Lifestyl,544240,RAYMONDLSL,Textiles & Apparels,676,1880,-0.731,-1204,YELLOWZONE
Raymond Realty,544420,RAYMONDREL,Realty,1867,1246,-0.7669,621,BLUE
RBL Bank,540065,RBLBANK,Banks,735,1741,0.0537,-1006,NO ACTION
RBM Infracon,,RBMINFRA,Commercial Services & Supplies,,,,,
RBZ Jewellers Lt,544060,RBZJEWEL,Consumer Durables,,,0.1244,,
RDB Infrastruc.,533285,BOM:533285,Realty,,,-0.8242,,
REC Ltd,532955,RECLTD,Finance,1197,1291,0.2921,-94,REDZONE
Redington,532805,REDINGTON,Commercial Services & Supplies,1434,1629,-0.2359,-195,YELLOWZONE
Redtape,543957,REDTAPE,Consumer Durables,765,1097,-0.5377,-332,YELLOWZONE
Refex Industries,532884,REFEX,Chemicals & Petrochemicals,2155,817,0.5739,1338,GREENZONE
Refex Renewables,531260,BOM:531260,Construction,,,-0.7928,,
Regaal Resources,544485,REGAAL,Agricultural Food & other Products,2169,2315,0.3262,-146,REDZONE
Rel. Indl. Infra,523445,RIIL,Transport Services,1244,1239,-0.3025,5,BLUE
Relaxo Footwear,530517,RELAXO,Consumer Durables,1513,1106,-0.3287,407,BLUE
Reliance Communi,532712,RCOM,Telecom - Services,,,-0.2165,,
Reliance Industr,500325,RELIANCE,Petroleum Products,179,960,-0.1796,-781,YELLOWZONE
Reliance Infra.,500390,RELINFRA,Power,2294,2067,0.1656,227,GREENZONE
Reliance Power,532939,RPOWER,Power,1282,1793,-0.7815,-511,YELLOWZONE
Religare Enterp.,532915,RELIGARE,Finance,1736,2052,-0.2621,-316,YELLOWZONE
Remsons Ind,530919,REMSONSIND,Auto Components,2231,1983,-0.2956,248,BLUE
Remus Pharma.,,REMUS,Pharmaceuticals & Biotechnology,,,,,
Renaiss. Global,532923,RGL,Consumer Durables,570,188,2.1573,382,GREENZONE
Repco Home Fin,535322,REPCOHOME,Finance,1056,1363,-0.3843,-307,YELLOWZONE
Repro India,532687,REPRO,Printing & Publication,2276,,-0.7679,,
Responsive Ind,505509,RESPONIND,Consumer Durables,101,,-0.9898,,
Restaurant Brand,543248,RBA,Leisure Services,758,599,-0.7509,159,BLUE
Rhetan TMT Ltd,543590,RHETAN,Industrial Products,1018,147,0.2096,871,GREENZONE
RHI Magnesita,534076,RHIM,Industrial Products,447,186,0.1735,261,GREENZONE
Rico Auto Inds,520008,RICOAUTO,Auto Components,700,96,4.6992,604,GREENZONE
Riddhi Siddhi Gl,524480,BOM:524480,Commercial Services & Supplies,,,-0.8602,,
RIR Power Electr,517035,BOM:517035,Electrical Equipment,2336,1384,-0.7816,952,BLUE
Rishabh Instrum.,543977,RISHABH,Electrical Equipment,,1057,3.0519,,
Ritco Logistics,542383,RITCO,Transport Services,878,714,1.4413,164,GREENZONE
Rites,541556,RITES,Construction,1546,1865,-0.4544,-319,YELLOWZONE
RMC Switchgears,540358,BOM:540358,Electrical Equipment,2260,2321,1.0783,-61,REDZONE
RNFI Services,,RNFI,Finance,,,,,
Roadstar Infra,544374,ROADSTAR,Transport Infrastructure,,,,,
Robust Hotels,543901,RHL,Leisure Services,,,3.5269,,
Rolex Rings,543325,ROLEXRINGS,Auto Components,1658,578,1.6949,1080,GREENZONE
Rossari Biotech,543213,ROSSARI,Chemicals & Petrochemicals,2032,1212,0.0658,820,GREENZONE
Rossell Techsys,544294,ROSSTECH,Aerospace & Defense,10,677,-0.9706,-667,YELLOWZONE
Roto Pumps,517500,ROTO,Industrial Products,1296,457,-0.5224,839,BLUE
Route Mobile,543228,ROUTE,Telecom - Services,1915,155,7.9046,1760,GREENZONE
Royal Orch.Hotel,532699,ROHLTD,Leisure Services,1661,,-0.3714,,
RPG LifeScience.,532983,RPGLIFE,Pharmaceuticals & Biotechnology,,,-0.2583,,
RPP Infra Proj.,533284,RPPINFRA,Construction,,,-0.2865,,
RPSG Ventures,542333,RPSGVENT,Commercial Services & Supplies,1795,1271,-0.2418,524,BLUE
RRPSemiconductor,504346,BOM:504346,Finance,,,,,
RSWM Ltd,500350,RSWM,Textiles & Apparels,,,-0.5753,,
Rubfila Intl.,500367,RUBFILA,Industrial Products,,,-0.6892,,
Rubicon Research,544578,RUBICON,,1101,1855,-0.4874,-754,YELLOWZONE
Ruby Mills,503169,RUBYMILLS,Textiles & Apparels,,,0.4174,,
Ruchira Papers,532785,RUCHIRA,"Paper, Forest & Jute Products",,,-0.0224,,
Rudra Ecovation,514010,BOM:514010,Textiles & Apparels,,,-0.227,,
Rupa & Co,533552,RUPA,Textiles & Apparels,2042,1979,0.5329,63,GREENZONE
Rushil Decor,533470,RUSHIL,Consumer Durables,2077,,-0.414,,
S & S Power Swit,517273,S&SPOWER,Electrical Equipment,,,-0.6872,,
S A I L,500113,SAIL,Ferrous Metals,1262,80,0.0746,1182,GREENZONE
S C I,523598,SCI,Transport Services,906,1449,-0.6415,-543,YELLOWZONE
S Chand & Compan,540497,SCHAND,Printing & Publication,,,0.6706,,
S H Kelkar & Co.,539450,SHK,Chemicals & Petrochemicals,2042,1176,-0.5208,866,BLUE
S J Logistics (I,,SJLOGISTIC,Transport Services,,,,,
S P Apparels,540048,SPAL,Textiles & Apparels,747,585,-0.1445,162,BLUE
S P I C,590030,SPIC,Fertilizers & Agrochemicals,1412,2001,-0.2771,-589,YELLOWZONE
S T C,512531,STCINDIA,Commercial Services & Supplies,,,-0.4683,,
S.A.L Steel,532604,SALSTEEL,Ferrous Metals,,,1.0866,,
S&P 500 Top 50 Total Return Index,MASPTOP50,MASPTOP50,Industrial Products,991,,-0.6202,,
S&P BSE 500 index,BSE500IETF,BSE500IETF,Industrial Products,,,-0.0876,,
S&P BSE BHARAT 22 index,ICICIB22,ICICIB22,Industrial Products,686,926,0.727,-240,REDZONE
S&P BSE Liquid Rate Index,LIQUIDIETF,LIQUIDIETF,Industrial Products,820,528,-0.4344,292,BLUE
S&P BSE Midcap Select Index,MIDSELIETF,MIDSELIETF,Industrial Products,,,-0.6048,,
Saatvik Green,544526,SAATVIKGL,Electrical Equipment,2303,2235,0.1115,68,GREENZONE
Sacheerome,,SACHEEROME,Chemicals & Petrochemicals,,,,,
Sadhana Nitro,506642,SADHNANIQ,Chemicals & Petrochemicals,,,-0.5028,,
Safari Inds.,523025,SAFARI,Consumer Durables,29,512,-0.6501,-483,YELLOWZONE
Safe Enterprises,,SAFEENTP,Consumer Durables,,,,,
Sagar Cements,502090,SAGCEM,Cement & Cement Products,,1400,16.6156,,
Sagility,544282,SAGILITY,IT - Services,703,490,-0.283,213,BLUE
Sahaj Solar,,SAHAJSOLAR,Electrical Equipment,,,,,
Sahana Systems,,SAHANA,IT - Services,,,,,
Sahasra Electro.,,SAHASRA,Industrial Products,,,,,
Sai Life,544306,SAILIFE,Pharmaceuticals & Biotechnology,869,821,-0.1373,48,BLUE
Sai Silks,543989,KALAMANDIR,Retailing,1634,2110,-0.5287,-476,YELLOWZONE
Saint-Gob. Sekur,515043,BOM:515043,Auto Components,,,0.2421,,
Sakar Healthcare,,SAKAR,Pharmaceuticals & Biotechnology,,,0.8712,,
Saksoft,590051,SAKSOFT,IT - Software,1261,1633,-0.7477,-372,YELLOWZONE
Sakuma Exports,532713,SAKUMA,Commercial Services & Supplies,,,-0.5597,,
Salasar Techno,540642,SALASAR,Industrial Manufacturing,1032,2059,-0.4079,-1027,YELLOWZONE
Salzer Electron.,517059,SALZERELEC,Electrical Equipment,1390,1191,1.6518,199,GREENZONE
Sambhv Steel,544430,SAMBHV,Industrial Products,1553,2111,-0.1094,-558,NO ACTION
Samhi Hotels,543984,SAMHI,Leisure Services,1579,844,-0.0562,735,BLUE
Sammaan Capital,535789,SAMMAANCAP,Finance,1943,1959,-0.7695,-16,YELLOWZONE
Sampre Nutrition,530617,BOM:530617,Food Products,,,-0.5844,,
Samvardh. Mothe.,517334,MOTHERSON,Auto Components,300,160,0.1624,140,GREENZONE
Sanathan Textile,544314,SANATHAN,Textiles & Apparels,,1846,2.4765,,
Sandesh,526725,SANDESH,Media,,,-0.4269,,
Sandhar Tech,541163,SANDHAR,Auto Components,210,207,-0.8285,3,BLUE
Sandur Manganese,504918,SANDUMA,Consumable Fuels,1315,1429,-0.4786,-114,YELLOWZONE
Sangam India,514234,SANGAMIND,Textiles & Apparels,,,0.5678,,
Sanghi Industrie,526521,SANGHIIND,Cement & Cement Products,,1783,2.5193,,
Sanghvi Movers,530073,SANGHVIMOV,Commercial Services & Supplies,1791,2105,-0.2281,-314,YELLOWZONE
Sanofi Consumer,544250,SANOFICONR,Pharmaceuticals & Biotechnology,1337,,-0.6939,,
Sanofi India,500674,SANOFI,Pharmaceuticals & Biotechnology,1887,1137,-0.3748,750,BLUE
Sansera Enginee.,543358,SANSERA,Auto Components,48,391,-0.2349,-343,YELLOWZONE
Sanstar,544217,SANSTAR,Agricultural Food & other Products,,992,2.3391,,
Sapphire Foods,543397,SAPPHIRE,Leisure Services,1398,1031,1.4994,367,GREENZONE
Sar Auto Prod.,538992,BOM:538992,Auto Components,,,-1,,
Sar Televenture,,SARTELE,Telecom - Services,,,,,
Saraswati Commer,512020,BOM:512020,Finance,,,4.409,,
Saraswati Saree,544230,SSDL,Textiles & Apparels,,,-0.6843,,
Sarda Energy,504614,SARDAEN,Ferrous Metals,2045,1548,-0.4436,497,BLUE
Saregama India,532163,SAREGAMA,Entertainment,1883,1899,-0.3279,-16,YELLOWZONE
Sarla Performanc,526885,SARLAPOLY,Textiles & Apparels,,,-0.1756,,
Sarveshwar Foods,543688,SARVESHWAR,Agricultural Food & other Products,1581,,-0.349,,
Sasken Technol.,532663,SASKEN,IT - Services,1081,2098,-0.0219,-1017,NO ACTION
Sastasundar Ven.,533259,SASTASUNDR,Healthcare Services,,,-0.6084,,
Sathlokhar Sys.,,SSEGL,Construction,,,,,
Satia Industries,539201,SATIA,"Paper, Forest & Jute Products",,740,6.0828,,
Satin Creditcare,539404,SATIN,Finance,1068,1103,-0.4822,-35,YELLOWZONE
Saurashtra Cem.,502175,SAURASHCEM,Cement & Cement Products,,,0.1284,,
Savita Oil Tech,524667,SOTL,Petroleum Products,,,0.177,,
Sayaji Hotels,523710,BOM:523710,Leisure Services,,,-0.9749,,
SBC Exports,542725,SBC,Textiles & Apparels,,,-0.7969,,
SBFC Finance,543959,SBFC,Finance,941,1039,-0.3484,-98,YELLOWZONE
SBI,500112,SBIN,Banks,331,1235,-0.0579,-904,NO ACTION
SBI Cards,543066,SBICARD,Finance,637,1213,-0.1702,-576,YELLOWZONE
SBI Life Insuran,540719,SBILIFE,Insurance,367,654,-0.2118,-287,YELLOWZONE
SBI NIFTY 1D Rate ETF,LIQUIDSBI,LIQUIDSBI,Industrial Products,819,527,-0.3116,292,BLUE
SBI SILVER ETF,SBISILVER,SBISILVER,Industrial Products,544,46,1.0103,498,GREENZONE
Schaeffler India,505790,SCHAEFFLER,Auto Components,1938,1175,-0.5227,763,BLUE
Schneider Elect.,534139,SCHNEIDER,Electrical Equipment,2159,482,0.0326,1677,GREENZONE
Scoda Tubes,544411,SCODATUBES,Industrial Products,720,1459,-0.9155,-739,YELLOWZONE
Sealmatic India,543782,BOM:543782,Industrial Products,,,-0.4497,,
SEAMEC Ltd,526807,SEAMECLTD,Transport Services,127,47,0.1737,80,GREENZONE
Sejal Glass,532993,SEJALLTD,Industrial Products,,,-0.2668,,
Senco Gold,543936,SENCO,Consumer Durables,1842,1228,0.0751,614,GREENZONE
Senores Pharma.,544319,SENORES,Pharmaceuticals & Biotechnology,1683,813,-0.0432,870,BLUE
SENSEX,HDFCSENSEX,HDFCSENSEX,Industrial Products,,,-0.399,,
SENSEX,SENSEXIETF,SENSEXIETF,Industrial Products,438,494,0.6779,-56,REDZONE
SENSEX,LICNETFSEN,LICNETFSEN,Industrial Products,,,1.9123,,
SENSEX,UTISENSETF,UTISENSETF,Industrial Products,,,1.2044,,
SEPC,532945,SEPC,Construction,2202,2299,1.2832,-97,REDZONE
Sequent Scien.,512529,SEQUENT,Pharmaceuticals & Biotechnology,1640,2208,0.3615,-568,REDZONE
Servotech Renew,,SERVOTECH,Electrical Equipment,2245,2178,1.7116,67,GREENZONE
Seshaasai Tech.,544533,STYL,Financial Technology (Fintech),2124,754,-0.5547,1370,BLUE
Seshasayee Paper,502450,SESHAPAPER,"Paper, Forest & Jute Products",,,-0.4829,,
SG Finserve,539199,SGFIN,Finance,194,412,-0.1732,-218,YELLOWZONE
SG Mart,512329,SGMART,Metals & Minerals Trading,527,922,-0.495,-395,YELLOWZONE
Sh. Digvijay Cem,502180,SHREDIGCEM,Cement & Cement Products,795,534,1.2128,261,GREENZONE
Sh. Jagdamba Pol,512453,BOM:512453,Industrial Products,,,0.323,,
Sh. Rama Multi.,532310,SHREERAMA,Industrial Products,,,-0.3251,,
Sh.Pushkar Chem.,539334,SHREEPUSHK,Chemicals & Petrochemicals,692,1056,0.0295,-364,NO ACTION
Sh.Renuka Sugar,532670,RENUKA,Agricultural Food & other Products,1839,1469,-0.0969,370,BLUE
Shaily Engineer.,501423,SHAILY,Industrial Products,214,395,-0.6395,-181,YELLOWZONE
Shakti Pumps,531431,SHAKTIPUMP,Industrial Products,1921,2284,1.4424,-363,REDZONE
Shalby,540797,SHALBY,Healthcare Services,2136,2109,0.1762,27,GREENZONE
Shalibhadra Fin.,511754,BOM:511754,Finance,,,0.5479,,
Shalimar Paints,509874,SHALPAINTS,Consumer Durables,,,-0.5607,,
Shankar Lal Ram.,542232,SRD,Chemicals & Petrochemicals,,,2.2401,,
Shankara Build.,540425,SHANKARA,Retailing,1886,,-0.8601,,
Shanthi Gears,522034,SHANTIGEAR,Industrial Manufacturing,,,0.4299,,
Shanti Educat.,539921,BOM:539921,Other Consumer Services,473,122,0.2307,351,GREENZONE
Shanti Gold,544459,SHANTIGOLD,Consumer Durables,1912,2105,-0.1788,-193,YELLOWZONE
Sharat Industrie,519397,BOM:519397,Food Products,1139,659,0.4561,480,GREENZONE
Sharda Cropchem,538666,SHARDACROP,Fertilizers & Agrochemicals,81,18,0.4598,63,GREENZONE
Sharda Motor,535602,SHARDAMOTR,Auto Components,2238,703,0.1237,1535,GREENZONE
Shardul Sec.,512393,BOM:512393,Capital Markets,,,0.1275,,
Share India Sec.,540725,SHAREINDIA,Capital Markets,1879,1851,-0.1848,28,BLUE
Shariah,SHARIABEES,SHARIABEES,Industrial Products,,,1.2153,,
Sheela Foam,540203,SFL,Consumer Durables,,,-0.7276,,
Shemaroo Entert.,538685,SHEMAROO,Entertainment,,,-0.8152,,
Shera Energy,,SHERA,Industrial Products,,,,,
Shilchar Tech.,531201,BOM:531201,Electrical Equipment,,,,,
Shilpa Medicare,530549,SHILPAMED,Pharmaceuticals & Biotechnology,1978,2038,-0.7898,-60,YELLOWZONE
Shipping Land,544142,SCILAL,Finance,1577,,-0.1487,,
Shish Industries,540693,BOM:540693,Industrial Products,,,4.0813,,
Shiv Aum Steels,,SHIVAUM,Commercial Services & Supplies,,,-0.8658,,
Shiv Texchem,544272,BOM:544272,Chemicals & Petrochemicals,,,-0.8924,,
Shiva Cement,532323,BOM:532323,Cement & Cement Products,,,0.0028,,
Shivalik Bimetal,513097,SBCL,Industrial Products,2093,1134,-0.2445,959,BLUE
Shivalik Rasayan,539148,SHIVALIK,Fertilizers & Agrochemicals,,,-0.5214,,
Shivam Autotech,532776,SHIVAMAUTO,Auto Components,,,0.0498,,
Shoppers Stop,532638,SHOPERSTOP,Retailing,2195,2161,0.021,34,GREENZONE
Shraddha Prime,531771,BOM:531771,Realty,,,-0.3402,,
Shradha Infrapr.,,SHRADHA,Realty,,,0.325,,
Shree Cement,500387,SHREECEM,Cement & Cement Products,766,947,-0.436,-181,YELLOWZONE
Shree Ganesh Rem,540737,BOM:540737,Pharmaceuticals & Biotechnology,,,4.2792,,
Shree Karni,,SHREEKARNI,Textiles & Apparels,,,,,
Shree Rama News.,500356,RAMANEWS,"Paper, Forest & Jute Products",,,-0.6718,,
Shree Refrigerat,544458,BOM:544458,Industrial Manufacturing,1431,1277,0.0503,154,GREENZONE
Shree Tirupati,,TIRUPATI,Industrial Products,,,,,
Shree TirupatiBa,544249,BALAJEE,Industrial Products,,,-0.0311,,
Shree Vasu Logis,,SVLL,Transport Services,,,4.4599,,
Shreeji Ship. Gl,544490,SHREEJISPG,Transport Services,132,42,0.7108,90,GREENZONE
Shrem InvIT,,SHREMINVIT,Construction,,,,,
Shreyans Inds.,516016,SHREYANIND,"Paper, Forest & Jute Products",,,0.3376,,
Shri Ahimsa,,SHRIAHIMSA,Food Products,,,,,
Shri Keshav,530977,BOM:530977,Cement & Cement Products,2332,,-0.9882,,
Shri Venkatesh,543373,BOM:543373,Agricultural Food & other Products,,,0.411,,
Shringar House,544512,SHRINGARMS,Consumer Durables,455,829,-0.186,-374,YELLOWZONE
Shriram AMC,531359,BOM:531359,Capital Markets,,,1.3656,,
Shriram Finance,511218,SHRIRAMFIN,Finance,98,872,0.5732,-774,REDZONE
SHRIRAM NIFTY 1D RATE LIQUID ETF,LIQUIDSHRI,LIQUIDSHRI,Industrial Products,,468,1.7003,,
Shriram Pistons,544344,SHRIPISTON,Auto Components,1488,834,-0.2696,654,BLUE
Shriram Properti,543419,SHRIRAMPPS,Realty,1623,1292,0.0408,331,GREENZONE
Shukra Pharma.,524632,BOM:524632,Pharmaceuticals & Biotechnology,2079,1077,-0.482,1002,BLUE
Shyam Metalics,543299,SHYAMMETL,Industrial Products,1276,1506,-0.3997,-230,YELLOWZONE
Sical Logistics,520086,SICALLOG,Transport Services,,,-0.7978,,
Siemens,500550,SIEMENS,Electrical Equipment,91,157,-0.7641,-66,YELLOWZONE
Siemens Ener.Ind,544390,ENRIN,Electrical Equipment,1899,1489,-0.6746,410,BLUE
Sigachi Indust.,543389,SIGACHI,Pharmaceuticals & Biotechnology,1365,481,4.6404,884,GREENZONE
Sigma Solve,543917,SIGMA,IT - Services,,,-0.4795,,
SignatureGlobal,543990,SIGNATURE,Realty,210,372,0.0147,-162,NO ACTION
Signpost India,544117,SIGNPOST,Media,,,-0.4521,,
Sika Interplant,523606,BOM:523606,Aerospace & Defense,2155,2289,-0.1798,-134,YELLOWZONE
SIL Investments,521194,SILINV,Finance,,,-0.1333,,
Silver Touch,543525,SILVERTUC,IT - Software,1354,1786,-0.1789,-432,YELLOWZONE
Simplex Castings,513472,BOM:513472,Industrial Products,,,-0.3549,,
Simplex Infra,523838,SIMPLEXINF,Construction,1187,1674,-0.4472,-487,YELLOWZONE
Sinclairs Hotels,523023,SINCLAIR,Leisure Services,,,-0.2978,,
Sindhu Trade,532029,SINDHUTRAD,Transport Services,,,0.4371,,
Singer India,505729,BOM:505729,Consumer Durables,,,0.9762,,
Sintercom India,,SINTERCOM,Auto Components,,,1.0151,,
Sirca Paints,543686,SIRCA,Consumer Durables,586,1612,-0.3843,-1026,YELLOWZONE
SIS,540673,SIS,Other Consumer Services,,,-0.6938,,
Siyaram Silk,503811,SIYSIL,Textiles & Apparels,2054,2104,-0.3655,-50,YELLOWZONE
SJS Enterprises,543387,SJS,Auto Components,1686,1374,-0.4586,312,BLUE
SJVN,533206,SJVN,Power,2002,2008,-0.3959,-6,YELLOWZONE
SKF India,500472,SKFINDIA,Industrial Products,1792,1676,2.9304,116,GREENZONE
Skipper,538562,SKIPPER,Electrical Equipment,1586,1812,0.2607,-226,REDZONE
SKM Egg Prod.,532143,SKMEGGPROD,Food Products,72,1518,-0.6683,-1446,YELLOWZONE
SKP Bearing,,SKP,Industrial Products,,,-0.8336,,
Sky Gold & Diam.,541967,SKYGOLD,Consumer Durables,1628,1140,0.2744,488,GREENZONE
Smartworks Cowor,544447,SMARTWORKS,Commercial Services & Supplies,2308,2313,0.2499,-5,
SMC Global Sec.,543263,SMCGLOBAL,Capital Markets,1781,27,47.8899,1754,GREENZONE
SML ISUZU,505192,SMLISUZU,"Agricultural, Commercial & Construction Vehicles",,,,,
SMS Lifesciences,540679,SMSLIFE,Pharmaceuticals & Biotechnology,,,,,
SMS Pharma.,532815,SMSPHARMA,Pharmaceuticals & Biotechnology,32,150,-0.9325,-118,YELLOWZONE
Snowman Logistic,538635,SNOWMAN,Transport Services,1849,,-0.1898,,
Sobha,532784,SOBHA,Realty,1073,828,-0.1887,245,BLUE
Sobhagya Mercant,512014,BOM:512014,Commercial Services & Supplies,,,-0.0065,,
Softsol India,532344,BOM:532344,Realty,,,-0.9927,,
Softtech Enginee,543470,SOFTTECH,IT - Software,,,-0.6887,,
Solar Industries,532725,SOLARINDS,Chemicals & Petrochemicals,1359,1779,0.6045,-420,REDZONE
Solara Active,541540,SOLARA,Pharmaceuticals & Biotechnology,2157,725,1.3438,1432,GREENZONE
Solarium Green,544354,BOM:544354,Construction,2301,,-0.8054,,
Solarworld Ene.,544532,SOLARWORLD,Construction,1363,1464,-0.0199,-101,NO ACTION
Solex Energy,,SOLEX,Electrical Equipment,,,,,
Som Distilleries,507514,SDBL,Beverages,2025,2085,0.3319,-60,REDZONE
Soma Textiles,521034,SOMATEX,Textiles & Apparels,,,-0.8555,,
Somany Ceramics,531548,SOMANYCERA,Consumer Durables,1631,,-0.6961,,
Sona BLW Precis.,543300,SONACOMS,Auto Components,298,836,0.634,-538,REDZONE
Sonata Software,532221,SONATSOFTW,IT - Software,1569,818,4.2089,751,GREENZONE
South Ind.Bank,532218,SOUTHBANK,Banks,94,276,-0.4928,-182,YELLOWZONE
South West Pinn.,543986,SOUTHWEST,Commercial Services & Supplies,560,,-0.0454,,
Spacenet Enterpr,,SPCENET,Commercial Services & Supplies,,,-0.4943,,
Spandana Sphoort,542759,SPANDANA,Finance,264,1174,-0.6961,-910,YELLOWZONE
SPARC,532872,SPARC,Pharmaceuticals & Biotechnology,1102,21,267.0486,1081,GREENZONE
Speciality Rest.,534425,SPECIALITY,Leisure Services,,,0.0517,,
Spectrum Electr.,544386,SPECTRUM,Industrial Manufacturing,2279,,-0.431,,
Spel Semiconduct,517166,BOM:517166,Electrical Equipment,,,-0.6681,,
Spencer's Retail,542337,SPENCERS,Retailing,,,-0.1223,,
Spice LoungeFood,539895,BOM:539895,Leisure Services,,1650,88.9482,,
SpiceJet,500285,SPICEJET,Transport Services,,,,,
SPML Infra,500402,SPMLINFRA,Construction,1700,1892,-0.2752,-192,YELLOWZONE
Sportking India,539221,SPORTKING,Textiles & Apparels,,,-0.5084,,
Spunweb Nonwoven,,SPUNWEB,Textiles & Apparels,,,,,
Sr.Rayala.Hypo,532842,SRHHYPOLTD,Chemicals & Petrochemicals,,,1.431,,
Sreeleathers,535601,SREEL,Consumer Durables,,,-0.8097,,
SRF,503806,SRF,Chemicals & Petrochemicals,1464,719,-0.7132,745,BLUE
SRG Housing,534680,SRGHFL,Finance,,,-0.2048,,
Sri Adhik. Bros.,530943,SABTNL,Entertainment,4,662,0.3135,-658,REDZONE
Sri Lotus,544469,LOTUSDEV,Realty,1159,2086,1.6015,-927,REDZONE
SRM Contractors,544158,SRM,Construction,,,,,
Stallion India,544342,STALLION,Chemicals & Petrochemicals,2324,1962,-0.3796,362,BLUE
Standard Glass,544333,SGLTL,Industrial Manufacturing,1623,2044,-0.3132,-421,YELLOWZONE
Stanley Lifesty.,544202,STANLEY,Consumer Durables,2070,,-0.6306,,
Star Cement,540575,STARCEMENT,Cement & Cement Products,1341,1373,-0.1078,-32,NO ACTION
Star Health Insu,543412,STARHEALTH,Insurance,1332,1996,0.4555,-664,REDZONE
Steel Exchange,534748,STEELXIND,Industrial Products,,,0.0181,,
Steel Str. Wheel,513262,SSWL,Auto Components,2187,1331,-0.7584,856,BLUE
Steelcast,513517,STEELCAS,Industrial Products,457,1094,0.1064,-637,REDZONE
STEL Holdings,533316,STEL,Finance,96,,-0.9376,,
Sterling & Wils.,542760,SWSOLAR,Construction,1491,1286,0.0108,205,GREENZONE
Sterling Tools,530759,STERTOOLS,Auto Components,,,-0.2222,,
Sterlite Tech.,532374,STLTECH,Telecom - Equipment & Accessories,1887,2233,0.1844,-346,REDZONE
STL Networks,544395,STLNETWORK,Telecom - Services,1807,1770,-0.6476,37,BLUE
Stove Kraft,543260,STOVEKRAFT,Consumer Durables,1245,1759,-0.0841,-514,NO ACTION
Stovec Inds.,504959,BOM:504959,Industrial Manufacturing,,,0.0863,,
Strides Pharma,532531,STAR,Pharmaceuticals & Biotechnology,,,,,
String Metaverse,534535,BOM:534535,IT - Services,,,,,
Stylam Industrie,526951,STYLAMIND,Consumer Durables,219,120,-0.7628,99,BLUE
Styrenix Perfor.,506222,STYRENIX,Chemicals & Petrochemicals,1821,1181,-0.1105,640,BLUE
Suba Hotels,,SUBAHOTELS,Leisure Services,,,,,
Subam Papers,544267,BOM:544267,Industrial Products,464,1301,-0.6697,-837,YELLOWZONE
Subex,532348,SUBEXLTD,IT - Software,1533,1731,0.0834,-198,NO ACTION
Subros,517168,SUBROS,Industrial Products,1966,581,0.2141,1385,GREENZONE
Sudarshan Chem.,506655,SUDARSCHEM,Chemicals & Petrochemicals,1346,1406,-0.6062,-60,YELLOWZONE
Sudarshan Pharma,543828,BOM:543828,Chemicals & Petrochemicals,,,-0.5231,,
Sukhjit Starch,524542,SUKHJITS,Agricultural Food & other Products,,,-0.697,,
Sula Vineyards,543711,SULA,Beverages,1774,2084,0.1831,-310,REDZONE
Sumeet Industrie,514211,SUMEETINDS,Textiles & Apparels,,,-0.7884,,
Sumit Woods,,SUMIT,Realty,,,3.6187,,
Sumitomo Chemi.,542920,SUMICHEM,Fertilizers & Agrochemicals,1250,469,0.0419,781,GREENZONE
Summit Securitie,533306,SUMMITSEC,Finance,,,-0.2039,,
Sun Pharma.Inds.,524715,SUNPHARMA,Pharmaceuticals & Biotechnology,156,270,0.4861,-114,REDZONE
Sun TV Network,532733,SUNTV,Entertainment,857,949,-0.4793,-92,YELLOWZONE
Sundaram Clayton,544066,SUNCLAY,Auto Components,1605,,-0.4579,,
Sundaram Finance,590071,SUNDARMFIN,Finance,874,660,-0.3155,214,BLUE
Sundram Fasten.,500403,SUNDRMFAST,Auto Components,621,1245,-0.367,-624,YELLOWZONE
Sundrop Brands,500215,SUNDROP,Agricultural Food & other Products,,,-0.8221,,
Sunflag Iron,500404,SUNFLAG,Industrial Products,985,865,-0.2779,120,BLUE
Sunita Tools Ltd,544001,BOM:544001,Industrial Manufacturing,,,-0.4728,,
Sunrakshakk Inds,539300,BOM:539300,Textiles & Apparels,,,1.8322,,
Sunrise Efficie.,543515,BOM:543515,Commercial Services & Supplies,,,0.4263,,
Sunshield Chem.,530845,BOM:530845,Chemicals & Petrochemicals,,,-0.7055,,
Sunteck Realty,512179,SUNTECK,Realty,1334,1436,-0.2747,-102,YELLOWZONE
Supershakti Met.,541701,BOM:541701,Industrial Products,,,,,
Suprajit Engg.,532509,SUPRAJIT,Auto Components,672,366,3.8703,306,GREENZONE
Supreme Holdings,530677,SUPREME,Realty,,,-0.2779,,
Supreme Inds.,509930,SUPREMEIND,Industrial Products,2128,1882,-0.7679,246,BLUE
Supreme Petroch.,500405,SPLPETRO,Chemicals & Petrochemicals,442,,-0.8545,,
Supreme Power,,SUPREMEPWR,Electrical Equipment,,,,,
Supriya Lifesci.,543434,SUPRIYA,Pharmaceuticals & Biotechnology,1230,1417,-0.1186,-187,NO ACTION
Suraj,531638,SURAJLTD,Industrial Products,,,-0.5375,,
Suraj Estate,544054,SURAJEST,Realty,1611,126,0.1517,1485,GREENZONE
Suraj Products,518075,BOM:518075,Industrial Products,,,0.013,,
Suraksha Diagno.,544293,SURAKSHA,Healthcare Services,,,-0.4862,,
Suratwwala Busi.,543218,SBGLP,Realty,,,1.445,,
Surya Roshni,500336,SURYAROSNI,Industrial Products,1524,1062,-0.3114,462,BLUE
Suryoday Small,543279,SURYODAY,Banks,400,,-0.6509,,
Sutlej Textiles,532782,SUTLEJTEX,Textiles & Apparels,,,-0.0552,,
Suven Life Scie.,530239,SUVEN,Healthcare Services,1735,1336,0.4299,399,GREENZONE
Suyog Telematics,537259,SUYOG,Telecom - Services,1687,1309,0.1952,378,GREENZONE
Suzlon Energy,532667,SUZLON,Electrical Equipment,1718,2207,0.6032,-489,REDZONE
Swan Corp,503310,SWANCORP,Chemicals & Petrochemicals,1727,888,-0.3589,839,BLUE
Swan Defence,533107,SWANDEF,Industrial Manufacturing,,,,,
Swaraj Engines,500407,SWARAJENG,Industrial Products,1350,816,-0.658,534,BLUE
Swaraj Suiting,,SWARAJ,Textiles & Apparels,,,,,
Swelect Energy,532051,SWELECTES,Electrical Equipment,,,0.0157,,
Swiggy,544285,SWIGGY,Retailing,932,176,0.6844,756,GREENZONE
Swiss Military,523558,BOM:523558,Consumer Durables,,,-0.9046,,
Symphony,517385,SYMPHONY,Consumer Durables,1372,836,0.4043,536,GREENZONE
Syncom Formul.,524470,SYNCOMF,Pharmaceuticals & Biotechnology,1594,1524,0.1036,70,GREENZONE
Synergy Green,541929,SGIL,Industrial Products,,,-0.9949,,
Syngene Intl.,539268,SYNGENE,Healthcare Services,530,717,0.9473,-187,REDZONE
Syrma SGS Tech.,543573,SYRMA,Industrial Manufacturing,1016,2200,-0.1746,-1184,YELLOWZONE
Systango Tech,,SYSTANGO,IT - Software,,,,,
Systematic Inds.,544541,BOM:544541,Industrial Products,1743,,-0.9088,,
Systematix Corp.,526506,SYSTMTXC,Capital Markets,130,1109,-0.2079,-979,YELLOWZONE
T B Z,534369,TBZ,Consumer Durables,2138,1721,-0.3938,417,BLUE
T N Merc. Bank,543596,TMB,Banks,,,-0.6857,,
T N Newsprint,531426,TNPL,"Paper, Forest & Jute Products",,,-0.1619,,
T N Petro Prod.,500777,TNPETRO,Chemicals & Petrochemicals,1206,982,-0.1322,224,BLUE
T R I L,532928,TARIL,Electrical Equipment,1880,2315,-0.1486,-435,NO ACTION
T.V. Today Netw.,532515,TVTODAY,Entertainment,,,-0.6256,,
TAAL Enterprises,539956,BOM:539956,Transport Services,,,0.2127,,
TAC Infosec,,TAC,IT - Software,1160,,-0.6352,,
TajGVK Hotels,532390,TAJGVK,Leisure Services,978,1718,0.2772,-740,REDZONE
Take Solutions,532890,TAKE,Healthcare Services,41,24,-0.6555,17,BLUE
Talbros Auto.,505160,TALBROAUTO,Auto Components,767,374,-0.1653,393,BLUE
Talbros Engg.,538987,BOM:538987,Auto Components,,,-0.1952,,
Taneja Aerospace,522229,BOM:522229,Aerospace & Defense,,,-0.3746,,
Tanfac Inds.,506854,BOM:506854,Chemicals & Petrochemicals,,328,1.6779,,
Tanla Platforms,532790,TANLA,IT - Software,2053,1830,-0.2329,223,BLUE
Tara Chand Infra,,TARACHAND,Commercial Services & Supplies,,,-0.0218,,
TARC Ltd,543249,TARC,Realty,1973,34,-0.2922,1939,BLUE
Tarsons Products,543399,TARSONS,Healthcare Equipment & Supplies,1698,850,-0.8955,848,BLUE
Tasty Bite Eat.,519091,TASTYBITE,Food Products,,,-0.0907,,
Tata Capital,544574,TATACAP,Finance,593,615,-0.5487,-22,YELLOWZONE
Tata Chemicals,500770,TATACHEM,Chemicals & Petrochemicals,1486,1701,-0.7116,-215,YELLOWZONE
Tata Comm,500483,TATACOMM,Telecom - Services,1354,954,-0.5456,400,BLUE
Tata Consumer,500800,TATACONSUM,Agricultural Food & other Products,440,1224,-0.047,-784,NO ACTION
Tata Elxsi,500408,TATAELXSI,IT - Software,1291,872,0.616,419,GREENZONE
Tata Gold Exchange Traded Fund,TATAGOLD,TATAGOLD,Industrial Products,343,220,0.243,123,GREENZONE
Tata Inv.Corpn.,501301,TATAINVEST,Finance,791,1995,-0.9641,-1204,YELLOWZONE
Tata Motors,500570,TATAMOTORS,Automobiles,,,,,
Tata Nifty 50 Exchange Traded Fund,NETF,NETF,Industrial Products,,,-0.4314,,
Tata Power Co.,500400,TATAPOWER,Power,580,1058,-0.2452,-478,YELLOWZONE
Tata Silver Exchange Traded Fund,TATSILV,TATSILV,Industrial Products,553,67,0.9644,486,GREENZONE
Tata Steel,500470,TATASTEEL,Ferrous Metals,1619,1305,-0.2533,314,BLUE
Tata Technolog.,544028,TATATECH,IT - Services,679,808,-0.4683,-129,YELLOWZONE
Tata Tele. Mah.,532371,TTML,Telecom - Services,1775,1664,0.1825,111,GREENZONE
Tatva Chintan,543321,TATVA,Chemicals & Petrochemicals,1508,1837,-0.21,-329,YELLOWZONE
TBO Tek,544174,TBOTEK,Leisure Services,166,738,-0.8125,-572,YELLOWZONE
TCC Concept,512038,BOM:512038,Commercial Services & Supplies,,,-0.1747,,
TCI Express,540212,TCIEXP,Transport Services,2180,1108,-0.2973,1072,BLUE
TCPL Packaging,523301,TCPLPACK,Industrial Products,,,0.2764,,
TCS,532540,TCS,IT - Software,,,5.317,,
TD Power Systems,533553,TDPOWERSYS,Electrical Equipment,278,1910,-0.2204,-1632,YELLOWZONE
Team Lease Serv.,539658,TEAMLEASE,Commercial Services & Supplies,355,1500,-0.4067,-1145,YELLOWZONE
Tech Mahindra,532755,TECHM,IT - Software,100,92,0.5655,8,GREENZONE
TechD Cybersec.,,TECHD,IT - Services,,,,,
Techera Enginee.,,TECHERA,Aerospace & Defense,,,,,
Techno Elec.Engg,542141,TECHNOE,Construction,1740,2181,0.8183,-441,REDZONE
Technocraf.Inds.,532804,TIIL,Industrial Products,,,-0.2757,,
Technvision Ven.,501421,BOM:501421,IT - Software,,,12.8833,,
Tega Inds.,543413,TEGA,Industrial Manufacturing,901,1067,0.6292,-166,REDZONE
Tejas Cargo,,TEJASCARGO,Transport Services,,,,,
Tejas Networks,540595,TEJASNET,Telecom - Equipment & Accessories,2191,1075,-0.1424,1116,BLUE
Tembo Global,,TEMBO,Industrial Products,938,1560,0.1302,-622,REDZONE
Tera Software,533982,TERASOFT,IT - Services,,,0.1226,,
Texmaco Infrast.,505400,TEXINFRA,Commercial Services & Supplies,,97,0.4497,,
Texmaco Rail,533326,TEXRAIL,Industrial Manufacturing,1438,1727,-0.1061,-289,NO ACTION
TGV Sraac,507753,BOM:507753,Chemicals & Petrochemicals,,730,0.8023,,
Thaai,,TCL,Auto Components,426,361,-0.3036,65,BLUE
Thangamayil Jew.,533158,THANGAMAYL,Consumer Durables,395,520,-0.102,-125,NO ACTION
The Anup Enginee,542460,ANUP,Industrial Manufacturing,1651,1890,0.7823,-239,REDZONE
The Byke Hospi.,531373,BYKE,Leisure Services,,,-0.3949,,
The Hi-Tech Gear,522073,HITECHGEAR,Auto Components,,,-0.544,,
The Invest.Trust,530023,THEINVEST,Finance,,,-0.8414,,
The Ramco Cement,500260,RAMCOCEM,Cement & Cement Products,427,407,-0.6095,20,BLUE
Thejo Engg.,,THEJO,Industrial Manufacturing,,1249,7.3186,,
Themis Medicare,530199,THEMISMED,Pharmaceuticals & Biotechnology,2198,,-0.6576,,
Thermax,500411,THERMAX,Electrical Equipment,1689,1437,-0.3315,252,BLUE
Thirumalai Chem.,500412,TIRUMALCHM,Chemicals & Petrochemicals,2086,1807,-0.2909,279,BLUE
Thomas Cook (I),500413,THOMASCOOK,Leisure Services,1366,1958,0.7001,-592,REDZONE
Thomas Scott,533941,THOMASCOTT,Textiles & Apparels,2269,,-0.7291,,
Thyrocare Tech.,539871,THYROCARE,Healthcare Services,704,2297,3.7248,-1593,REDZONE
Tiger Logistics,536264,TIGERLOGS,Transport Services,,,-0.6858,,
TIL,505196,TIL,"Agricultural, Commercial & Construction Vehicles",,,-0.6994,,
Tilaknagar Inds.,507205,TI,Beverages,,,-0.4407,,
Time Technoplast,532856,TIMETECHNO,Industrial Products,1145,1977,-0.3604,-832,YELLOWZONE
Timex Group,500414,BOM:500414,Consumer Durables,1841,2176,5.5035,-335,REDZONE
Timken India,522113,TIMKEN,Industrial Products,247,460,0.4363,-213,REDZONE
Tinna Rubber,530475,TINNARUBR,Industrial Products,,,-0.1788,,
Tips Music,532375,TIPSMUSIC,Entertainment,90,278,-0.5635,-188,YELLOWZONE
Tirupati Forge,,TIRUPATIFL,Industrial Products,205,,-0.8507,,
Titagarh Rail,532966,TITAGARH,Industrial Manufacturing,1302,2056,0.3584,-754,REDZONE
Titan Biotech,524717,BOM:524717,Chemicals & Petrochemicals,137,,-0.7774,,
Titan Company,500114,TITAN,Consumer Durables,,,5.354,,
Tolins Tyres,544254,TOLINS,Auto Components,2302,2204,-0.3961,98,BLUE
Torrent Pharma.,500420,TORNTPHARM,Pharmaceuticals & Biotechnology,515,325,4.2875,190,GREENZONE
Torrent Power,532779,TORNTPOWER,Power,353,829,0.2082,-476,REDZONE
Tour. Fin. Corp.,526650,TFCILTD,Finance,63,1543,-0.902,-1480,YELLOWZONE
TPL Plastech,526582,TPLPLASTEH,Industrial Products,,,-0.0746,,
Tracxn Technolo.,543638,TRACXN,Commercial Services & Supplies,,,0.5966,,
TransIndia Real,543955,TREL,Transport Services,,,-1,,
Transpek Inds.,506687,BOM:506687,Chemicals & Petrochemicals,,1863,43.8659,,
Transport Corp.,532349,TCI,Transport Services,,,-0.9703,,
Transrail Light,544317,TRANSRAILL,Electrical Equipment,785,1889,0.715,-1104,REDZONE
Transworld Shipp,520151,TRANSWORLD,Transport Services,,,-0.4012,,
Travel Food,544443,TRAVELFOOD,Leisure Services,115,430,0.4671,-315,REDZONE
Trejhara Solutio,542233,TREJHARA,IT - Software,,,-0.4569,,
Trent,500251,TRENT,Retailing,1599,1281,-0.4789,318,BLUE
TRF,505854,TRF,Industrial Manufacturing,,,-0.2269,,
Trident,521064,TRIDENT,Textiles & Apparels,987,1036,-0.3406,-49,YELLOWZONE
Trident Lifeline,543616,BOM:543616,Pharmaceuticals & Biotechnology,,,-0.4473,,
Trident Techlabs,,TECHLABS,IT - Software,,,,,
Trident Texofab,540726,BOM:540726,Textiles & Apparels,,,0.1121,,
Triton Valves,505978,BOM:505978,Auto Components,,,-0.1862,,
Triven.Engg.Ind.,532356,TRIVENI,Agricultural Food & other Products,1208,1233,1.0525,-25,REDZONE
Triveni Turbine,533655,TRITURBINE,Electrical Equipment,413,682,0.1008,-269,REDZONE
TruAlt Bioenergy,544545,TRUALT,Agricultural Food & other Products,680,1895,-0.3097,-1215,YELLOWZONE
True Colors,544531,BOM:544531,Industrial Manufacturing,582,,-0.4519,,
Tsf Investments,,TSFINV,Finance,1506,2230,1.3262,-724,REDZONE
TTK Healthcare,507747,TTKHLTCARE,Diversified,,,2.8794,,
TTK Prestige,517506,TTKPRESTIG,Consumer Durables,800,,-0.6416,,
Tube Investments,540762,TIINDIA,Auto Components,1843,2123,-0.0719,-280,NO ACTION
Tuticorin Alkali,506808,BOM:506808,Chemicals & Petrochemicals,,,1.1075,,
TVS Elec.,532513,TVSELECT,IT - Hardware,2204,2325,-0.4614,-121,YELLOWZONE
TVS Holdings,520056,TVSHLTD,Finance,1147,910,0.7087,237,GREENZONE
TVS Motor Co.,532343,TVSMOTOR,Automobiles,248,130,-0.1013,118,BLUE
TVS Srichakra,509243,TVSSRICHAK,Auto Components,215,253,2.3388,-38,REDZONE
TVS Supply,543965,TVSSCS,Transport Services,2249,1827,-0.6436,422,BLUE
Twamev Constr.,532738,TICL,Construction,,,3.5941,,
U P Hotels,509960,BOM:509960,Leisure Services,,,4.8448,,
UCO Bank,532505,UCOBANK,Banks,834,1609,-0.39,-775,YELLOWZONE
Uday Jewellery,539518,BOM:539518,Consumer Durables,,,27.4817,,
Uflex,500148,UFLEX,Industrial Products,,,0.2565,,
Ugar Sugar Works,530363,UGARSUGAR,Agricultural Food & other Products,,,0.3462,,
Ugro Capital,511742,UGROCAP,Finance,1288,779,-0.4794,509,BLUE
Ujaas Energy,533644,UEL,Power,,,,,
Ujjivan Small,542904,UJJIVANSFB,Banks,82,543,-0.8111,-461,YELLOWZONE
Ultramarine Pig.,506685,BOM:506685,Chemicals & Petrochemicals,,1799,2.1493,,
UltraTech Cem.,532538,ULTRACEMCO,Cement & Cement Products,1010,894,-0.1598,116,BLUE
Uni Abex Alloy,504605,BOM:504605,Industrial Products,,,3.4054,,
Unichem Labs.,506690,UNICHEMLAB,Pharmaceuticals & Biotechnology,,,-0.1096,,
Unicommerce,544227,UNIECOM,IT - Software,1682,1760,-0.279,-78,YELLOWZONE
Unified Data,544406,BOM:544406,IT - Services,2083,,-0.7742,,
Unifinz Capital,541358,BOM:541358,Finance,,,1.1232,,
Unimech Aero.,544322,UNIMECH,Aerospace & Defense,,,,,
Union Bank (I),532477,UNIONBANK,Banks,226,781,-0.319,-555,YELLOWZONE
Uniparts India,543689,UNIPARTS,Auto Components,1123,645,-0.5963,478,BLUE
Uniphos Enter.,500429,UNIENTER,Chemicals & Petrochemicals,,,-0.5104,,
Unitech,507878,UNITECH,Realty,2152,2049,-0.0161,103,BLUE
United Breweries,532478,UBL,Beverages,1856,1265,0.5927,591,GREENZONE
United Drilling,522014,UNIDT,Industrial Manufacturing,,,-0.489,,
United Foodbrands,543283,UFBL,Leisure Services,,,-0.0416,,
United Polyfab,,UNITEDPOLY,Textiles & Apparels,,,-0.7265,,
United Spirits,532432,UNITDSPR,Beverages,184,579,-0.4231,-395,YELLOWZONE
Universal Cables,504212,UNIVCABLES,Industrial Products,565,854,-0.4373,-289,YELLOWZONE
Universus Photo,542933,UNIVPHOTO,Consumer Durables,104,,-0.9875,,
Uno Minda,532539,UNOMINDA,Auto Components,197,1250,-0.8937,-1053,YELLOWZONE
Updater Services,543996,UDS,Commercial Services & Supplies,2000,2201,0.4594,-201,REDZONE
UPL,512070,UPL,Fertilizers & Agrochemicals,6,79,-0.5596,-73,YELLOWZONE
Urban Company,544515,URBANCO,Retailing,1664,2029,-0.437,-365,YELLOWZONE
Urja Global,526987,URJA,Electrical Equipment,,,-0.1316,,
Usha Martin,517146,USHAMART,Industrial Products,1965,679,16.691,1286,GREENZONE
UTI AMC,543238,UTIAMC,Capital Markets,1092,1039,0.447,53,GREENZONE
UTI Nifty 10 yr Benchmark G-Sec ETF,NIF10GETF,NIF10GETF,Industrial Products,,,-0.2846,,
UTI Nifty 5 yr Benchmark G-Sec ETF,NIF5GETF,NIF5GETF,Industrial Products,,,-0.3855,,
UTI Nifty IT ETF,NIFITETF,NIFITETF,Industrial Products,,,0.6711,,
UTI Nifty Midcap 150 Exchange Traded Fund (ETF),NIFMID150,NIFMID150,Industrial Products,,,-0.8164,,
UTI Silver Exchange Traded Fund (UTI Silver ETF),SILVERETF,SILVERETF,Industrial Products,516,55,0.7407,461,GREENZONE
Utkarsh Small F.,543942,UTKARSHBNK,Banks,827,1219,-0.8057,-392,YELLOWZONE
Utssav CZ Gold,,UTSSAV,Consumer Durables,,,,,
Uttam Sug.Mills,532729,UTTAMSUGAR,Agricultural Food & other Products,,,-0.7606,,
UVS Hospitality,531652,BOM:531652,Finance,,,-0.658,,
V I P Inds.,507880,VIPIND,Consumer Durables,1955,2172,-0.7908,-217,YELLOWZONE
V-Guard Industri,532953,VGUARD,Consumer Durables,1787,1098,-0.1768,689,BLUE
V-Marc India,,VMARCIND,Industrial Products,,,,,
V-Marc India,,VMARCIND,Industrial Products,,,,,
V-Mart Retail,534976,VMART,Retailing,1814,1234,-0.6494,580,BLUE
V2 Retail,532867,V2RETAIL,Retailing,89,1782,-0.4095,-1693,YELLOWZONE
Va Tech Wabag,533269,WABAG,Other Utilities,653,853,-0.09,-200,NO ACTION
Vadilal Enterp.,519152,BOM:519152,Food Products,,,-0.623,,
Vadilal Inds.,519156,VADILALIND,Food Products,288,106,9.9491,182,GREENZONE
Vaibhav Global,532156,VAIBHAVGBL,Consumer Durables,2148,1553,-0.3662,595,BLUE
Vakrangee,511431,VAKRANGEE,IT - Services,,1485,0.0883,,
Valiant Commun.,526775,BOM:526775,Telecom - Equipment & Accessories,2322,,-0.9595,,
Valiant Laborato,543998,VALIANTLAB,Pharmaceuticals & Biotechnology,,,0.1682,,
Valiant Organics,540145,VALIANTORG,Chemicals & Petrochemicals,,,-0.5104,,
Valor Estate,533160,DBREALTY,Leisure Services,2081,2292,0.0722,-211,NO ACTION
Vardhman Acrylic,,VARDHACRLC,Textiles & Apparels,,,-0.5056,,
Vardhman Hold.,500439,VHL,Finance,,,-0.5181,,
Vardhman Polytex,514175,VARDMNPOLY,Textiles & Apparels,,,-0.6208,,
Vardhman Special,534392,VSSL,Industrial Products,1235,,-0.5617,,
Vardhman Textile,502986,VTL,Textiles & Apparels,1668,1254,-0.9451,414,BLUE
Varroc Engineer,541578,VARROC,Auto Components,513,1310,-0.3353,-797,YELLOWZONE
Varun Beverages,540180,VBL,Beverages,365,124,-0.5479,241,BLUE
Varvee Global,514274,VGL,Textiles & Apparels,,,-0.9966,,
Vasa Denticity,,DENTALKART,Healthcare Equipment & Supplies,,,,,
Vascon Engineers,533156,VASCONEQ,Realty,2306,2198,-0.1105,108,BLUE
Vashu Bhagnani,532011,BOM:532011,Entertainment,,,-0.9324,,
Vedant Fashions,543463,MANYAVAR,Retailing,1574,1160,-0.8649,414,BLUE
Vedanta,500295,VEDL,Diversified Metals,734,300,0.9406,434,GREENZONE
Veedol Corporat,590005,VEEDOL,Petroleum Products,,,0.1493,,
Veefin Solutions,543931,BOM:543931,IT - Services,1987,825,0.5389,1162,GREENZONE
Veljan Denison,505232,BOM:505232,Auto Components,,,1.208,,
Venky's (India),523261,VENKEYS,Food Products,1492,473,-0.0171,1019,BLUE
Ventive Hospital,544321,VENTIVE,Leisure Services,453,1131,-0.7562,-678,YELLOWZONE
Venus Pipes,543528,VENUSPIPES,Industrial Products,837,1028,-0.4235,-191,YELLOWZONE
Venus Remedies,526953,VENUSREM,Pharmaceuticals & Biotechnology,78,29,-0.4064,49,BLUE
Veranda Learning,543514,VERANDA,Other Consumer Services,2188,1316,-0.1265,872,BLUE
Veritas (India),512229,BOM:512229,Commercial Services & Supplies,,,5.7663,,
Vertis Infra.,,VERTIS,Transport Infrastructure,,,,,
Vertoz,,VERTOZ,Media,93,733,-0.4863,-640,YELLOWZONE
Vesuvius India,520113,VESUVIUS,Industrial Products,1114,811,2.2735,303,GREENZONE
Viceroy Hotels,523796,VHLTD,Leisure Services,,,-0.782,,
Vidhi Specialty,531717,VIDHIING,Chemicals & Petrochemicals,,,2.608,,
Vijaya Diagnost.,543350,VIJAYA,Healthcare Services,1236,148,26.041,1088,GREENZONE
Vikas Ecotech,530961,VIKASECO,Chemicals & Petrochemicals,1349,,-0.8962,,
Vikas Lifecare,542655,VIKASLIFE,Commercial Services & Supplies,1226,,-0.7731,,
Vikram Solar,544488,VIKRAMSOLR,Electrical Equipment,2309,2272,-0.2816,37,BLUE
Vikram Thermo,530477,BOM:530477,Chemicals & Petrochemicals,,,1.9627,,
Vikran Engg.,544496,VIKRAN,Construction,656,2238,0.0765,-1582,NO ACTION
Vilas Transcore,,VILAS,Industrial Products,,,,,
Vimta Labs,524394,VIMTALABS,Healthcare Services,1146,1163,-0.5344,-17,YELLOWZONE
Vinati Organics,524200,VINATIORGA,Chemicals & Petrochemicals,1554,1355,-0.1963,199,BLUE
Vindhya Telelink,517015,VINDHYATEL,Telecom - Services,921,,-0.7466,,
Vinsys IT Serv.,,VINSYS,Other Consumer Services,,,,,
Vintage Coffee,538920,VINCOFE,Commercial Services & Supplies,1264,758,0.1986,506,GREENZONE
Vinyas Innovativ,,VINYAS,Industrial Manufacturing,,,,,
Vinyl Chemicals,524129,VINYLINDIA,Chemicals & Petrochemicals,,,0.3484,,
VIP Clothing,532613,VIPCLOTHNG,Textiles & Apparels,,89,7.761,,
Vipul Organics,530627,BOM:530627,Chemicals & Petrochemicals,52,,-0.4938,,
Virat Industries,530521,BOM:530521,Textiles & Apparels,,,-0.8382,,
Virtual Galaxy,,VGINFOTECH,IT - Software,,,,,
Virtuoso Optoel.,543597,BOM:543597,Consumer Durables,,2247,0.9692,,
Visa Steel,532721,VISASTEEL,Ferrous Metals,,,0.9963,,
Visaka Industrie,509055,VISAKAIND,Cement & Cement Products,,,0.2389,,
Vishal Fabrics,538598,VISHAL,Textiles & Apparels,,,,,
Vishal Mega Mart,544307,VMM,Retailing,,,-0.582,,
Vishnu Chemicals,516072,VISHNU,Chemicals & Petrochemicals,60,957,-0.8086,-897,YELLOWZONE
Vishnu Prakash R,543974,VPRPL,Construction,1508,1966,-0.9227,-458,YELLOWZONE
Vishnusurya Pro.,,VISHNUINFR,Other Construction Materials,,,,,
Vishnusurya Pro.,,VISHNUINFR,Other Construction Materials,,,,,
Vision Infra,,VIESL,Commercial Services & Supplies,,,,,
Viviana Power,,VIVIANA,Construction,,,,,
Viviana Power,,VIVIANA,Construction,,,,,
VLS Finance,511333,VLSFINANCE,Finance,8,12,3.1609,-4,
VMS TMT,544521,VMSTMT,Industrial Products,1744,2300,0.0011,-556,NO ACTION
Vodafone Idea,532822,IDEA,Telecom - Services,,,,,
Voith Paper,522122,BOM:522122,Textiles & Apparels,,,-0.8175,,
Volt.Transform.,532757,VOLTAMP,Electrical Equipment,826,1183,0.7591,-357,REDZONE
Voltas,500575,VOLTAS,Consumer Durables,491,1602,0.021,-1111,NO ACTION
Vraj Iron,544204,VRAJ,Ferrous Metals,,,0.1417,,
VRL Logistics,539118,VRLLOG,Transport Services,1265,735,2.0923,530,GREENZONE
VST Industries,509966,VSTIND,Cigarettes & Tobacco Products,1317,403,0.7547,914,GREENZONE
VST Till. Tract.,531266,VSTTILLERS,"Agricultural, Commercial & Construction Vehicles",1213,327,-0.4935,886,BLUE
VTM,532893,BOM:532893,Textiles & Apparels,,,0.6199,,
VVIP Infratech,544219,BOM:544219,Other Utilities,,,-0.7504,,
W S Inds.,504220,WSI,Construction,,,10.7112,,
Waaree Energies,544277,WAAREEENER,Electrical Equipment,947,2173,1.1466,-1226,REDZONE
Waaree Renewab.,534618,WAAREERTL,Electrical Equipment,2048,2170,-0.1017,-122,NO ACTION
Waaree Tech.,539337,BOM:539337,Power,,,-0.5217,,
Walchan. Inds.,507410,WALCHANNAG,Industrial Manufacturing,1053,688,-0.0581,365,BLUE
Wanbury,524212,WANBURY,Pharmaceuticals & Biotechnology,1150,766,0.484,384,GREENZONE
Wardwizard Inno.,538970,BOM:538970,Automobiles,,452,3.7143,,
Wealth First Por,544536,WEALTH,Finance,,,-0.2816,,
Websol Energy,517498,WEBELSOLAR,Electrical Equipment,2263,1295,8.9284,968,GREENZONE
Welspun Corp,532144,WELCORP,Industrial Products,1615,2018,-0.7334,-403,YELLOWZONE
Welspun Enterp,532553,WELENT,Construction,1297,1613,-0.6985,-316,YELLOWZONE
Welspun Investme,533252,WELINV,Finance,,,-0.5312,,
Welspun Living,514162,WELSPUNLIV,Textiles & Apparels,1270,644,1.6838,626,GREENZONE
Welspun Special.,500365,BOM:500365,Industrial Products,,,0.2409,,
Wendt India,505412,WENDT,Industrial Products,1200,1493,-0.5296,-293,YELLOWZONE
West Coast Paper,500444,WSTCSTPAPR,"Paper, Forest & Jute Products",1734,,-0.6132,,
Western Carriers,544258,WCIL,Transport Services,1807,,-0.6755,,
Westlife Food,505533,WESTLIFE,Leisure Services,591,206,-0.5163,385,BLUE
Wework India,544570,WEWORK,Commercial Services & Supplies,1599,1251,0.1495,348,GREENZONE
Wheels India,590073,WHEELS,Auto Components,1622,1314,-0.1492,308,BLUE
Whirlpool India,500238,WHIRLPOOL,Consumer Durables,1319,2300,2.4822,-981,REDZONE
Wim Plast,526586,BOM:526586,Consumer Durables,,,-0.9062,,
Windlas Biotech,543329,WINDLAS,Pharmaceuticals & Biotechnology,1749,1104,-0.3789,645,BLUE
Windsor Machines,522029,WINDMACHIN,Industrial Manufacturing,2022,990,24.625,1032,GREENZONE
Wipro,507685,WIPRO,IT - Software,208,136,0.34,72,GREENZONE
Wise Travel,,WTICAB,Transport Services,,,,,
Wise Travel,,WTICAB,Transport Services,,,,,
Wockhardt,532300,WOCKPHARMA,Pharmaceuticals & Biotechnology,1901,387,4.2371,1514,GREENZONE
Wonder Electric.,543449,WEL,Consumer Durables,,,,,
Wonderla Holiday,538268,WONDERLA,Leisure Services,1048,760,-0.6547,288,BLUE
Worth Investment,538451,BOM:538451,Finance,,,-0.3091,,
WPIL,505872,BOM:505872,Industrial Manufacturing,,,-0.493,,
Xchanging Sol.,532616,XCHANGING,IT - Software,,,-0.0253,,
XPRO India,590013,XPROINDIA,Industrial Products,,,0.6189,,
XT Global Infot.,531225,XTGLOBAL,IT - Software,,,0.3702,,
Yamuna Syndicate,540980,BOM:540980,Commercial Services & Supplies,,,0.8841,,
Yash Highvoltage,544310,BOM:544310,Electrical Equipment,154,,-0.8899,,
Yash Optics,,YASHOPTICS,Consumer Durables,,,,,
Yash Optics,,YASHOPTICS,Consumer Durables,,,,,
Yasho Industries,541167,YASHO,Chemicals & Petrochemicals,526,,-0.56,,
Yatharth Hospit.,543950,YATHARTH,Healthcare Services,630,2181,1.7575,-1551,REDZONE
Yatra Online,543992,YATRA,Leisure Services,1633,720,4.924,913,GREENZONE
Yes Bank,532648,YESBANK,Banks,324,422,0.8681,-98,REDZONE
Yogi Ltd,511702,BOM:511702,Finance,,,0.3158,,
Yuken India,522108,YUKEN,Industrial Products,,,-0.6595,,
Z F Steering,505163,BOM:505163,Auto Components,,,-0.0373,,
Z-Tech (India),,ZTECH,Other Utilities,,,,,
Z-Tech (India),,ZTECH,Other Utilities,,,,,
Zaggle Prepaid,543985,ZAGGLE,IT - Services,329,1725,0.0083,-1396,NO ACTION
Zee Entertainmen,505537,ZEEL,Entertainment,1229,776,-0.1187,453,BLUE
Zee Media,532794,ZEEMEDIA,Entertainment,232,1795,-0.698,-1563,YELLOWZONE
Zelio E-Mobility,544563,BOM:544563,Automobiles,16,2,1.3998,14,GREENZONE
Zen Technologies,533339,ZENTEC,Aerospace & Defense,873,1269,-0.674,-396,YELLOWZONE
Zenotech Lab.,532039,BOM:532039,Pharmaceuticals & Biotechnology,,,0.9185,,
Zensar Tech.,504067,ZENSARTECH,IT - Software,242,205,-0.1976,37,BLUE
Zerodha Gold ETF,GOLDCASE,GOLDCASE,Industrial Products,347,233,0.6254,114,GREENZONE
Zerodha Nifty 100 ETF,TOP100CASE,TOP100CASE,Industrial Products,,,-0.2591,,
Zerodha Nifty 1D Rate Liquid ETF,LIQUIDCASE,LIQUIDCASE,Industrial Products,761,445,0.0788,316,GREENZONE
Zerodha Nifty Midcap 150 ETF,MID150CASE,MID150CASE,Industrial Products,601,875,-0.1358,-274,NO ACTION
ZF Commercial,533023,ZFCVINDIA,Auto Components,892,13,-0.7742,879,BLUE
Zim Laboratories,541400,ZIMLAB,Pharmaceuticals & Biotechnology,,,-0.2252,,
Zodiac Energy,543416,ZODIAC,Construction,,,-0.2029,,
Zota Health Care,,ZOTA,Pharmaceuticals & Biotechnology,1194,568,-0.3995,626,BLUE
Zuari Agro Chem.,534742,ZUARI,Fertilizers & Agrochemicals,1311,2008,0.0374,-697,NO ACTION
Zuari Industries,500780,ZUARIIND,Agricultural Food & other Products,1050,1953,-0.0456,-903,NO ACTION
Zydus Lifesci.,532321,ZYDUSLIFE,Pharmaceuticals & Biotechnology,612,555,-0.1053,57,BLUE
Zydus Wellness,531335,ZYDUSWELL,Food Products,1754,2015,-0.0738,-261,NO ACTION