Name,BSE Code,NSE Code,Industry,SENTIMENT RANK 1DAY AGO,SENTIMENT RANK TODAY,CHANGE IN VOLUME TODAY,CHANGE IN SENTIMENT TODAY,PF LEVEL ACTION NEEDED
EPack PrefabTech,544540,EPACKPEB,Industrial Manufacturing,22,1,2.3995,21,BUYZONE
Take Solutions,532890,TAKE,Healthcare Services,,2,6.7664,,
Bhageria Indust.,530803,BHAGERIA,Chemicals & Petrochemicals,8,2,-0.0892,6,HOLDZONE
Mcleod Russel,532654,MCLEODRUSS,Agricultural Food & other Products,,7,3.717,,
Mafatlal Inds.,500264,BOM:500264,Textiles & Apparels,4,8,-0.5331,-4,TRIMZONE
G M Breweries,507488,GMBREW,Beverages,7,15,-0.2461,-8,TRIMZONE
Rajratan Global,517522,RAJRATAN,Auto Components,11,63,-0.6371,-52,TRIMZONE
BGR Energy Sys.,532930,BGRENERGY,Construction,1,38,8.0158,-37,SELLZONE
Sejal Glass,532993,SEJALLTD,Industrial Products,,12,45.7112,,
DCB Bank,532772,DCBBANK,Banks,17,23,-0.3614,-6,TRIMZONE
Jain Resource,544537,JAINREC,Diversified Metals,66,17,0.0847,49,BUYZONE
IFB Agro Inds.,507438,IFBAGRO,Beverages,81,22,2.3758,59,BUYZONE
Rama Phosphates,524037,RAMAPHO,Fertilizers & Agrochemicals,29,25,-0.4528,4,HOLDZONE
Garware Hi Tech,500655,GRWRHITECH,Industrial Products,58,11,0.6607,47,BUYZONE
Bharat Rasayan,590021,BHARATRAS,Fertilizers & Agrochemicals,29,19,-0.1725,10,HOLDZONE
Kitex Garments,521248,KITEX,Textiles & Apparels,43,14,-0.2529,29,HOLDZONE
South Ind.Bank,532218,SOUTHBANK,Banks,28,181,-0.6665,-153,TRIMZONE
Pokarna,532486,POKARNA,Consumer Durables,45,13,0.0686,32,BUYZONE
Manaksia Coated,539046,MANAKCOAT,Industrial Products,317,76,6.9492,241,BUYZONE
Colab Platforms,542866,BOM:542866,Finance,47,37,0.0414,10,BUYZONE
Sampre Nutrition,530617,BOM:530617,Food Products,,39,2.0153,,
Coastal Corporat,501831,COASTCORP,Food Products,12,26,-0.2573,-14,TRIMZONE
Kalyani Invest.,533302,KICL,Finance,26,45,-0.7871,-19,TRIMZONE
Sammaan Capital,535789,SAMMAANCAP,Finance,160,29,3.539,131,BUYZONE
Utkarsh Small F.,543942,UTKARSHBNK,Banks,,42,99.228,,
CEAT,500878,CEATLTD,Auto Components,21,448,-0.6797,-427,TRIMZONE
Megasoft,532408,MEGASOFT,Telecom - Services,92,26,3.1957,66,BUYZONE
Bondada Engineer,543971,BOM:543971,Telecom - Services,36,35,-0.2677,1,HOLDZONE
Hind.Aeronautics,541154,HAL,Aerospace & Defense,34,52,-0.4061,-18,TRIMZONE
Arrow Greentech,516064,ARROWGREEN,Industrial Products,,32,116.228,,
Garuda Cons,544271,GARUDA,Construction,70,41,-0.6964,29,HOLDZONE
M & B Engineer.,544470,MBEL,Construction,95,28,0.5665,67,BUYZONE
Dynamic Cables,540795,DYCL,Industrial Products,158,46,3.5492,112,BUYZONE
Privi Speci.,530117,PRIVISCL,Chemicals & Petrochemicals,73,185,0.4404,-112,SELLZONE
AU Small Finance,540611,AUBANK,Banks,38,355,-0.6345,-317,TRIMZONE
Chamanlal Setia,530307,CLSEL,Agricultural Food & other Products,93,47,0.2772,46,BUYZONE
KPI Green Energy,542323,KPIGREEN,Power,68,78,0.07,-10,SELLZONE
Allied Blenders,544203,ABDL,Beverages,41,72,0.2363,-31,SELLZONE
IIFL Capital,542773,IIFLCAPS,Capital Markets,56,61,-0.5308,-5,TRIMZONE
GMM Pfaudler,505255,GMMPFAUDLR,Industrial Manufacturing,62,141,0.1956,-79,SELLZONE
Federal Bank,500469,FEDERALBNK,Banks,55,257,0.5439,-202,SELLZONE
Raymond Realty,544420,RAYMONDREL,Realty,113,79,1.0425,34,BUYZONE
IFB Industries,505726,IFBIND,Consumer Durables,86,62,-0.1144,24,HOLDZONE
Jayaswal Neco,522285,JAYNECOIND,Industrial Products,456,84,3.4236,372,BUYZONE
UPL,512070,UPL,Fertilizers & Agrochemicals,,,-0.4517,,HOLDZONE
eClerx Services,532927,ECLERX,Commercial Services & Supplies,105,142,-0.1529,-37,TRIMZONE
TVS Holdings,520056,TVSHLTD,Finance,83,167,-0.4383,-84,TRIMZONE
Veranda Learning,543514,VERANDA,Other Consumer Services,528,53,2.5903,475,BUYZONE
Sky Gold & Diam.,541967,SKYGOLD,Consumer Durables,37,135,-0.7824,-98,TRIMZONE
Euro Pratik Sale,544519,EUROPRATIK,Consumer Durables,360,55,1.1881,305,BUYZONE
Vardhman Textile,502986,VTL,Textiles & Apparels,102,67,-0.8925,35,HOLDZONE
CESC,500084,CESC,Power,123,129,0.925,-6,SELLZONE
Andhra Cements,532141,ACL,Cement & Cement Products,,,-0.5199,,HOLDZONE
Edelweiss.Fin.,532922,EDELWEISS,Finance,151,101,0.6276,50,BUYZONE
Karur Vysya Bank,590003,KARURVYSYA,Banks,54,281,-0.6377,-227,TRIMZONE
RBL Bank,540065,RBLBANK,Banks,72,561,-0.4192,-489,TRIMZONE
TAC Infosec,,TAC,IT - Software,,,-0.2653,,HOLDZONE
Maan Aluminium,532906,MAANALU,Non - Ferrous Metals,,60,8.4959,,
Avanti Feeds,512573,AVANTIFEED,Food Products,77,114,-0.8446,-37,TRIMZONE
GMR Urban,543490,GMRP&UI,Power,98,88,-0.1282,10,HOLDZONE
Chola Financial,504973,CHOLAHLDNG,Finance,428,102,1.5388,326,BUYZONE
Filatex India,526227,FILATEX,Textiles & Apparels,429,109,1.7002,320,BUYZONE
HLE Glascoat,522215,HLEGLAS,Industrial Manufacturing,104,555,0.405,-451,SELLZONE
IDFC First Bank,539437,IDFCFIRSTB,Banks,83,210,-0.748,-127,TRIMZONE
SG Finserve,539199,SGFIN,Finance,79,147,-0.5192,-68,TRIMZONE
Birlasoft Ltd,532400,BSOFT,IT - Software,117,91,-0.8056,26,HOLDZONE
Cholaman.Inv.&Fn,511243,CHOLAFIN,Finance,289,152,0.637,137,BUYZONE
Shriram Finance,511218,SHRIRAMFIN,Finance,122,176,-0.316,-54,TRIMZONE
Atlanta Electric,544527,ATLANTAELE,Electrical Equipment,106,159,-0.0846,-53,
JK Tyre & Indust,530007,JKTYRE,Auto Components,65,490,-0.1146,-425,
Gokaldas Exports,532630,GOKEX,Textiles & Apparels,394,57,-0.5998,337,HOLDZONE
Pearl Global Ind,532808,PGIL,Textiles & Apparels,121,94,-0.6242,27,HOLDZONE
Marine Electric.,,MARINE,Industrial Manufacturing,209,81,-0.1151,128,HOLDZONE
Arvind Ltd,500101,ARVIND,Textiles & Apparels,120,86,-0.7226,34,HOLDZONE
Bombay Burmah,501425,BBTC,Food Products,85,221,-0.7285,-136,TRIMZONE
Parag Milk Foods,539889,PARAGMILK,Food Products,150,293,-0.2462,-143,TRIMZONE
Sona BLW Precis.,543300,SONACOMS,Auto Components,118,92,-0.3629,26,HOLDZONE
Capri Global,531595,CGCL,Finance,206,121,1.625,85,BUYZONE
Bluestone Jewel,544484,BLUESTONE,Consumer Durables,589,98,1.5272,491,BUYZONE
Ujjivan Small,542904,UJJIVANSFB,Banks,129,242,-0.4046,-113,TRIMZONE
Sharda Cropchem,538666,SHARDACROP,Fertilizers & Agrochemicals,463,110,1.33,353,BUYZONE
R&B Denims,538119,RNBDENIMS,Textiles & Apparels,,115,7.9356,,
Aditya Vision,540205,AVL,Retailing,,,1.3195,,
Godawari Power,532734,GPIL,Industrial Products,195,124,-0.1611,71,HOLDZONE
CRISIL,500092,CRISIL,Finance,154,211,-0.2544,-57,TRIMZONE
Bank of India,532149,BANKINDIA,Banks,100,200,-0.7514,-100,TRIMZONE
Prestige Estates,533274,PRESTIGE,Realty,216,140,-0.0344,76,HOLDZONE
Vakrangee,511431,VAKRANGEE,IT - Services,212,125,0.1705,87,BUYZONE
Everest Kanto,532684,EKC,Industrial Manufacturing,228,116,0.2946,112,BUYZONE
Infosys,500209,INFY,IT - Software,123,231,-0.4011,-108,TRIMZONE
Acutaas Chemical,543349,ACUTAAS,Pharmaceuticals & Biotechnology,52,549,-0.646,-497,TRIMZONE
Bajaj Holdings,500490,BAJAJHLDNG,Finance,126,136,-0.2556,-10,TRIMZONE
Can Fin Homes,511196,CANFINHOME,Finance,110,323,-0.3755,-213,TRIMZONE
Black Box,500463,BBOX,IT - Services,137,179,-0.1727,-42,TRIMZONE
Motil.Oswal.Fin.,532892,MOTILALOFS,Capital Markets,264,266,0.5814,-2,SELLZONE
Hindalco Inds.,500440,HINDALCO,Non - Ferrous Metals,424,142,1.9749,282,BUYZONE
Welspun Living,514162,WELSPUNLIV,Textiles & Apparels,159,145,-0.8938,14,HOLDZONE
Radico Khaitan,532497,RADICO,Beverages,94,468,-0.5793,-374,TRIMZONE
Ather Energy,544397,ATHERENERG,Automobiles,48,487,-0.233,-439,TRIMZONE
Senores Pharma.,544319,SENORES,Pharmaceuticals & Biotechnology,340,125,1.1542,215,BUYZONE
Vaibhav Global,532156,VAIBHAVGBL,Consumer Durables,222,122,-0.6454,100,HOLDZONE
Pennar Industrie,513228,PENIND,Industrial Manufacturing,207,93,-0.3239,114,HOLDZONE
Cummins India,500480,CUMMINSIND,Industrial Products,349,151,0.4968,198,BUYZONE
NCC,500294,NCC,Construction,108,146,-0.0326,-38,
Indian Bank,532814,INDIANB,Banks,135,291,-0.3749,-156,TRIMZONE
Bajaj Finserv,532978,BAJAJFINSV,Finance,126,293,-0.6029,-167,TRIMZONE
Indo Count Inds.,521016,ICIL,Textiles & Apparels,250,111,-0.6927,139,HOLDZONE
GRM Overseas,531449,GRMOVER,Agricultural Food & other Products,189,455,0.2603,-266,SELLZONE
PNB Housing,540173,PNBHOUSING,Finance,359,220,1.232,139,BUYZONE
GK Energy,544525,GKENERGY,Construction,33,481,-0.452,-448,TRIMZONE
Zydus Wellness,531335,ZYDUSWELL,Food Products,133,162,-0.6635,-29,TRIMZONE
PVR Inox,532689,PVRINOX,Entertainment,200,358,0.1056,-158,SELLZONE
Godrej Propert.,533150,GODREJPROP,Realty,193,375,-0.365,-182,TRIMZONE
Equitas Sma. Fin,543243,EQUITASBNK,Banks,321,268,1.0232,53,BUYZONE
Natl. Aluminium,532234,NATIONALUM,Non - Ferrous Metals,502,156,2.3701,346,BUYZONE
Sagility,544282,SAGILITY,IT - Services,185,205,-0.7106,-20,TRIMZONE
Tatva Chintan,543321,TATVA,Chemicals & Petrochemicals,82,457,-0.5026,-375,TRIMZONE
VST Till. Tract.,531266,VSTTILLERS,"Agricultural, Commercial & Construction Vehicles",1151,225,6.949,926,BUYZONE
J.G.Chemicals,544138,JGCHEM,Chemicals & Petrochemicals,,165,57.9232,,
Gravita India,533282,GRAVITA,Minerals & Mining,992,139,9.5088,853,BUYZONE
CCL Products,519600,CCL,Agricultural Food & other Products,235,367,0.035,-132,SELLZONE
Inox Wind,539083,INOXWIND,Electrical Equipment,268,196,-0.117,72,HOLDZONE
360 ONE,542772,360ONE,Capital Markets,259,318,-0.2391,-59,TRIMZONE
Cello World,544012,CELLO,Consumer Durables,184,218,-0.3204,-34,TRIMZONE
Shipping Land,544142,SCILAL,Finance,369,203,0.4812,166,BUYZONE
Orient Tech.,544235,ORIENTTECH,IT - Services,97,1529,-0.7258,-1432,TRIMZONE
Interarch Build.,544232,INTERARCH,Construction,321,204,-0.1923,117,HOLDZONE
Tolins Tyres,544254,TOLINS,Auto Components,114,187,-0.8872,-73,TRIMZONE
Bharat Forge,500493,BHARATFORG,Auto Components,157,234,-0.7556,-77,TRIMZONE
SignatureGlobal,543990,SIGNATURE,Realty,805,202,1.0206,603,BUYZONE
Pace Digitek,544550,PACEDIGITK,Telecom - Services,498,149,-0.2283,349,HOLDZONE
Shringar House,544512,SHRINGARMS,Consumer Durables,439,192,0.8122,247,BUYZONE
Adani Power,533096,ADANIPOWER,Power,424,485,-0.183,-61,TRIMZONE
KFin Technolog.,543720,KFINTECH,Capital Markets,294,373,-0.1392,-79,
Laurus Labs,540222,LAURUSLABS,Pharmaceuticals & Biotechnology,162,336,1.1413,-174,SELLZONE
Axis Bank,532215,AXISBANK,Banks,153,383,-0.6703,-230,TRIMZONE
SMS Pharma.,532815,SMSPHARMA,Pharmaceuticals & Biotechnology,944,171,3.6885,773,BUYZONE
Persistent Systems,533179,PERSISTENT,IT - Software,226,353,-0.5783,-127,TRIMZONE
PSP Projects,540544,PSPPROJECT,Construction,193,507,0.0909,-314,SELLZONE
Brigade Enterpr.,532929,BRIGADE,Realty,252,177,-0.4372,75,HOLDZONE
Bajaj Finance,500034,BAJFINANCE,Finance,199,312,-0.4248,-113,TRIMZONE
Crizac,544439,CRIZAC,Retailing,236,193,-0.1545,43,HOLDZONE
CARE Ratings,534804,CARERATING,Capital Markets,171,305,-0.4901,-134,TRIMZONE
SBFC Finance,543959,SBFC,Finance,810,172,1.0811,638,BUYZONE
Bajaj Hindusthan,500032,BAJAJHIND,Agricultural Food & other Products,221,190,-0.6809,31,HOLDZONE
Sundaram Finance,590071,SUNDARMFIN,Finance,276,283,0.1982,-7,SELLZONE
Insolation Ener,543620,BOM:543620,Power,1530,112,5.1497,1418,BUYZONE
Datamatics Glob.,532528,DATAMATICS,IT - Services,403,166,-0.6529,237,HOLDZONE
Reliance Industr,500325,RELIANCE,Petroleum Products,272,575,-0.4805,-303,TRIMZONE
Fiem Industries,532768,FIEMIND,Auto Components,224,352,-0.5627,-128,TRIMZONE
Jinkushal Indus.,544547,JKIPL,"Agricultural, Commercial & Construction Vehicles",,123,2.9749,,
Shaily Engineer.,501423,SHAILY,Industrial Products,469,259,0.5621,210,BUYZONE
Vedanta,500295,VEDL,Diversified Metals,563,232,1.3532,331,BUYZONE
Styrenix Perfor.,506222,STYRENIX,Chemicals & Petrochemicals,166,285,-0.4687,-119,TRIMZONE
Angel One,543235,ANGELONE,Capital Markets,300,271,-0.2422,29,HOLDZONE
Karnataka Bank,532652,KTKBANK,Banks,176,438,-0.4682,-262,TRIMZONE
Central Bank,532885,CENTRALBK,Banks,202,437,-0.5805,-235,TRIMZONE
Thaai,,TCL,Auto Components,307,305,0.1803,2,BUYZONE
Himadri Special,500184,HSCL,Chemicals & Petrochemicals,282,427,-0.409,-145,TRIMZONE
NOCIL,500730,NOCIL,Chemicals & Petrochemicals,,313,10.4754,,
Info Edg.(India),532777,NAUKRI,Retailing,272,346,-0.1881,-74,TRIMZONE
Regaal Resources,544485,REGAAL,Agricultural Food & other Products,476,155,-0.3011,321,HOLDZONE
HCL Technologies,532281,HCLTECH,IT - Software,287,301,-0.7022,-14,TRIMZONE
Share India Sec.,540725,SHAREINDIA,Capital Markets,379,447,-0.4671,-68,TRIMZONE
GMR Airports,532754,GMRAIRPORT,Transport Infrastructure,375,323,0.2074,52,BUYZONE
AWFIS Space,544181,AWFIS,Commercial Services & Supplies,284,411,0.061,-127,SELLZONE
The Ramco Cement,500260,RAMCOCEM,Cement & Cement Products,323,243,-0.1207,80,HOLDZONE
CSB Bank,542867,CSBBANK,Banks,148,839,-0.424,-691,TRIMZONE
O N G C,500312,ONGC,Oil,408,280,0.3005,128,BUYZONE
Motherson Wiring,543498,MSUMI,Auto Components,198,348,-0.3072,-150,TRIMZONE
Prime Focus,532748,PFOCUS,Entertainment,665,273,1.2974,392,BUYZONE
AAVAS Financiers,541988,AAVAS,Finance,405,297,0.1574,108,BUYZONE
Apollo Tyres,500877,APOLLOTYRE,Auto Components,146,670,-0.2436,-524,TRIMZONE
CreditAcc. Gram.,541770,CREDITACC,Finance,1315,393,4.6989,922,BUYZONE
Cartrade Tech,543333,CARTRADE,Retailing,440,348,-0.6576,92,HOLDZONE
Indus Towers,534816,INDUSTOWER,Telecom - Services,366,372,0.2042,-6,SELLZONE
A B Real Estate,500040,ABREL,"Paper, Forest & Jute Products",278,217,0.131,61,BUYZONE
Torrent Power,532779,TORNTPOWER,Power,274,287,-0.5859,-13,TRIMZONE
Fischer Medical,524743,FISCHER,Healthcare Equipment & Supplies,504,247,1.5725,257,BUYZONE
Tata Elxsi,500408,TATAELXSI,IT - Software,519,299,-0.2414,220,HOLDZONE
Suryoday Small,543279,SURYODAY,Banks,,254,1.6397,,
P N Gadgil Jewe.,544256,PNGJL,Consumer Durables,882,733,-0.4187,149,HOLDZONE
Thirumalai Chem.,500412,TIRUMALCHM,Chemicals & Petrochemicals,798,304,2.3821,494,BUYZONE
Cigniti Tech.,534758,CIGNITITEC,IT - Services,353,369,3.5483,-16,SELLZONE
Bank of Maha,532525,MAHABANK,Banks,248,833,-0.3004,-585,TRIMZONE
Blue Star,500067,BLUESTARCO,Consumer Durables,728,240,4.1209,488,BUYZONE
Nippon Life Ind.,540767,NAM-INDIA,Capital Markets,191,724,-0.6217,-533,TRIMZONE
Sai Silks,543989,KALAMANDIR,Retailing,341,420,-0.5497,-79,TRIMZONE
Union Bank (I),532477,UNIONBANK,Banks,275,621,-0.5408,-346,TRIMZONE
Syngene Intl.,539268,SYNGENE,Healthcare Services,337,265,-0.3358,72,HOLDZONE
Coforge,532541,COFORGE,IT - Software,408,426,-0.1856,-18,TRIMZONE
Dynamatic Tech.,505242,DYNAMATECH,Industrial Manufacturing,265,573,-0.3675,-308,TRIMZONE
Aadhar Hsg. Fin.,544176,AADHARHFC,Finance,1083,475,1.848,608,BUYZONE
L T Foods,532783,LTFOODS,Agricultural Food & other Products,315,341,-0.3818,-26,TRIMZONE
Asahi India Glas,515030,ASAHIINDIA,Auto Components,679,198,0.7136,481,BUYZONE
HFCL,500183,HFCL,Telecom - Services,619,390,0.3801,229,BUYZONE
Zaggle Prepaid,543985,ZAGGLE,IT - Services,961,307,2.2373,654,BUYZONE
Thermax,500411,THERMAX,Electrical Equipment,941,329,0.0617,612,BUYZONE
Larsen & Toubro,500510,LT,Construction,328,401,-0.5942,-73,TRIMZONE
Mphasis,526299,MPHASIS,IT - Software,421,440,-0.4311,-19,TRIMZONE
Sansera Enginee.,543358,SANSERA,Auto Components,402,419,-0.4256,-17,TRIMZONE
Ratnamani Metals,520111,RATNAMANI,Industrial Products,551,212,1.1679,339,BUYZONE
Bharti Airtel,532454,BHARTIARTL,Telecom - Services,592,614,-0.6281,-22,TRIMZONE
KPIT Technologi.,542651,KPITTECH,IT - Software,704,376,-0.6018,328,HOLDZONE
Borosil Renew.,502219,BORORENEW,Industrial Products,285,847,-0.1029,-562,
SBI,500112,SBIN,Banks,292,652,-0.6063,-360,TRIMZONE
Bandhan Bank,541153,BANDHANBNK,Banks,296,490,-0.3752,-194,TRIMZONE
Huhtamaki India,509820,HUHTAMAKI,Industrial Products,232,264,-0.3046,-32,TRIMZONE
PTC Industries,539006,PTCIL,Industrial Products,541,423,-0.1978,118,HOLDZONE
Whirlpool India,500238,WHIRLPOOL,Consumer Durables,223,201,-0.6646,22,HOLDZONE
Happiest Minds,543227,HAPPSTMNDS,IT - Software,544,357,-0.7154,187,HOLDZONE
Zensar Tech.,504067,ZENSARTECH,IT - Software,451,249,-0.7229,202,HOLDZONE
Refex Industries,532884,REFEX,Chemicals & Petrochemicals,1431,391,4.5736,1040,BUYZONE
Thyrocare Tech.,539871,THYROCARE,Healthcare Services,764,421,39.4115,343,BUYZONE
United Breweries,532478,UBL,Beverages,419,333,0.2433,86,BUYZONE
AIA Engineering,532683,AIAENG,Industrial Products,413,316,-0.4464,97,HOLDZONE
Indo Farm Equip.,544328,INDOFARM,"Agricultural, Commercial & Construction Vehicles",89,756,0.5918,-667,SELLZONE
Phoenix Mills,503100,PHOENIXLTD,Realty,433,263,-0.4379,170,HOLDZONE
Bajaj Consumer,533229,BAJAJCON,Personal Products,287,403,-0.5572,-116,TRIMZONE
DLF,532868,DLF,Realty,398,496,-0.424,-98,TRIMZONE
Sai Life,544306,SAILIFE,Pharmaceuticals & Biotechnology,404,385,1.3125,19,BUYZONE
Sobha,532784,SOBHA,Realty,467,595,-0.4974,-128,TRIMZONE
Piramal Pharma,543635,PPLPHARMA,Pharmaceuticals & Biotechnology,341,300,-0.4911,41,HOLDZONE
HBL Engineering,517271,HBLENGINE,Industrial Products,612,641,-0.2597,-29,TRIMZONE
Electronics Mart,543626,EMIL,Retailing,255,229,-0.8049,26,HOLDZONE
MTAR Technologie,543270,MTARTECH,Aerospace & Defense,304,82,-0.6518,222,HOLDZONE
Aster DM Health.,540975,ASTERDM,Healthcare Services,202,931,-0.3395,-729,TRIMZONE
ITC Hotels,544325,ITCHOTELS,Leisure Services,517,405,2.7253,112,BUYZONE
Hexaware Tech.,544362,HEXT,IT - Software,326,513,-0.795,-187,TRIMZONE
Aditya Birla Cap,540691,ABCAPITAL,Finance,335,710,-0.3994,-375,TRIMZONE
Balkrishna Inds,502355,BALKRISIND,Auto Components,343,328,-0.5224,15,HOLDZONE
Dr Reddy's Labs,500124,DRREDDY,Pharmaceuticals & Biotechnology,500,662,-0.4121,-162,TRIMZONE
Navin Fluo.Intl.,532504,NAVINFLUOR,Chemicals & Petrochemicals,550,521,0.0685,29,BUYZONE
Nestle India,500790,NESTLEIND,Food Products,582,385,-0.175,197,HOLDZONE
One 97,543396,PAYTM,Financial Technology (Fintech),500,738,-0.5127,-238,TRIMZONE
NTPC Green Ene.,544289,NTPCGREEN,Power,637,399,-0.0241,238,HOLDZONE
Mrs Bectors,543253,BECTORFOOD,Food Products,640,153,-0.7062,487,HOLDZONE
Oberoi Realty,533273,OBEROIRLTY,Realty,745,418,-0.1584,327,HOLDZONE
Adani Energy Sol,539254,ADANIENSOL,Power,345,641,-0.5249,-296,TRIMZONE
Asian Paints,500820,ASIANPAINT,Consumer Durables,494,459,-0.5965,35,HOLDZONE
Coal India,533278,COALINDIA,Consumable Fuels,556,439,-0.0525,117,HOLDZONE
Jindal Stain.,532508,JSL,Ferrous Metals,526,270,1.7388,256,BUYZONE
M R P L,500109,MRPL,Petroleum Products,385,1314,-0.0918,-929,
BSE,,BSE,Capital Markets,405,769,-0.36,-364,TRIMZONE
SBI Cards,543066,SBICARD,Finance,739,660,0.024,79,BUYZONE
Aarti Industries,524208,AARTIIND,Chemicals & Petrochemicals,824,458,-0.2688,366,HOLDZONE
Voltas,500575,VOLTAS,Consumer Durables,662,523,-0.5164,139,HOLDZONE
GAIL (India),532155,GAIL,Gas,658,547,1.1347,111,BUYZONE
LIC Housing Fin.,500253,LICHSGFIN,Finance,525,577,0.1641,-52,SELLZONE
Pondy Oxides,532626,POCL,Diversified Metals,462,837,-0.4498,-375,TRIMZONE
ICICI Lombard,540716,ICICIGI,Insurance,685,541,-0.132,144,HOLDZONE
Sonata Software,532221,SONATSOFTW,IT - Software,423,277,-0.7578,146,HOLDZONE
Newgen Software,540900,NEWGEN,IT - Software,377,461,-0.9341,-84,TRIMZONE
Sun Pharma.Inds.,524715,SUNPHARMA,Pharmaceuticals & Biotechnology,646,596,-0.6285,50,HOLDZONE
Divi's Lab.,532488,DIVISLAB,Pharmaceuticals & Biotechnology,701,531,-0.1201,170,HOLDZONE
Anand Rathi Shar,544530,ARSSBL,Capital Markets,497,188,1.7505,309,BUYZONE
M & M Fin. Serv.,532720,M&MFIN,Finance,542,416,-0.1396,126,HOLDZONE
Nuvama Wealth,543988,NUVAMA,Capital Markets,458,536,-0.3353,-78,TRIMZONE
C.E. Info System,543425,MAPMYINDIA,IT - Software,617,670,-0.3178,-53,TRIMZONE
Krishna Institu.,543308,KIMS,Healthcare Services,627,815,-0.62,-188,TRIMZONE
Ideaforge Tech,543932,IDEAFORGE,Aerospace & Defense,1665,310,12.3204,1355,BUYZONE
Cams Services,543232,CAMS,Capital Markets,594,619,0.4056,-25,SELLZONE
IDBI Bank,500116,IDBI,Banks,512,856,-0.7053,-344,TRIMZONE
Punjab Natl.Bank,532461,PNB,Banks,363,1001,-0.5854,-638,TRIMZONE
Supriya Lifesci.,543434,SUPRIYA,Pharmaceuticals & Biotechnology,582,704,-0.5086,-122,TRIMZONE
Waaree Renewab.,534618,WAAREERTL,Electrical Equipment,553,580,-0.0833,-27,
Apar Inds.,532259,APARINDS,Electrical Equipment,761,414,-0.2891,347,HOLDZONE
Sandur Manganese,504918,SANDUMA,Consumable Fuels,711,695,0.0925,16,BUYZONE
Varun Beverages,540180,VBL,Beverages,414,325,-0.608,89,HOLDZONE
Zydus Lifesci.,532321,ZYDUSLIFE,Pharmaceuticals & Biotechnology,475,753,-0.1625,-278,TRIMZONE
UCO Bank,532505,UCOBANK,Banks,298,1110,-0.5832,-812,TRIMZONE
Crompton Gr. Con,539876,CROMPTON,Consumer Durables,829,342,0.1475,487,BUYZONE
IRB Infra.Devl.,532947,IRB,Construction,648,464,0.1263,184,BUYZONE
Sterlite Tech.,532374,STLTECH,Telecom - Equipment & Accessories,1820,572,0.6104,1248,BUYZONE
Skipper,538562,SKIPPER,Electrical Equipment,478,514,-0.7376,-36,TRIMZONE
Zota Health Care,,ZOTA,Pharmaceuticals & Biotechnology,407,1001,-0.6536,-594,TRIMZONE
Anand Rathi Wea.,543415,ANANDRATHI,Capital Markets,545,711,-0.2607,-166,TRIMZONE
Sirca Paints,543686,SIRCA,Consumer Durables,390,794,-0.619,-404,TRIMZONE
EID Parry,500125,EIDPARRY,Food Products,567,706,-0.3907,-139,TRIMZONE
Trident,521064,TRIDENT,Textiles & Apparels,517,463,-0.7986,54,HOLDZONE
Thomas Cook (I),500413,THOMASCOOK,Leisure Services,380,1003,-0.3334,-623,TRIMZONE
Honeywell Auto,517174,HONAUT,Industrial Manufacturing,1002,484,0.8244,518,BUYZONE
Elecon Engg.Co,505700,ELECON,Electrical Equipment,669,685,-0.5984,-16,TRIMZONE
KRBL,530813,KRBL,Agricultural Food & other Products,348,538,-0.5507,-190,TRIMZONE
Kalyan Jewellers,543278,KALYANKJIL,Consumer Durables,695,525,-0.5422,170,HOLDZONE
Elgi Equipments,522074,ELGIEQUIP,Industrial Products,1518,365,-0.1217,1153,HOLDZONE
Cipla,500087,CIPLA,Pharmaceuticals & Biotechnology,165,985,0.3176,-820,SELLZONE
Nifty 50,,NIFTYBEES,,538,656,-0.2876,-118,TRIMZONE
Petronet LNG,532522,PETRONET,Gas,922,729,0.63,193,BUYZONE
TBO Tek,544174,TBOTEK,Leisure Services,702,538,-0.271,164,HOLDZONE
Biocon,532523,BIOCON,Pharmaceuticals & Biotechnology,447,775,-0.4378,-328,TRIMZONE
Navkar Corporat.,539332,NAVKARCORP,Transport Services,,569,4.4176,,
Thangamayil Jew.,533158,THANGAMAYL,Consumer Durables,1872,676,1.7776,1196,BUYZONE
General Insuranc,540755,GICRE,Insurance,493,992,-0.2593,-499,TRIMZONE
L&T Finance Ltd,533519,LTF,Finance,630,874,-0.2722,-244,TRIMZONE
Rainbow Child.,543524,RAINBOW,Healthcare Services,760,384,-0.1392,376,HOLDZONE
Paras Defence,543367,PARAS,Aerospace & Defense,1519,500,16.6295,1019,BUYZONE
Cyient,532175,CYIENT,IT - Services,295,889,-0.3188,-594,TRIMZONE
Samvardh. Mothe.,517334,MOTHERSON,Auto Components,446,687,-0.637,-241,TRIMZONE
Waaree Energies,544277,WAAREEENER,Electrical Equipment,392,515,-0.5262,-123,TRIMZONE
M & M,500520,M&M,Automobiles,651,417,-0.5565,234,HOLDZONE
Five-Star Bus.Fi,543663,FIVESTAR,Finance,578,673,-0.6115,-95,TRIMZONE
Premier Energies,544238,PREMIERENE,Electrical Equipment,707,368,-0.4395,339,HOLDZONE
Indian Renewable,544026,IREDA,Finance,653,635,0.025,18,BUYZONE
Vikram Solar,544488,VIKRAMSOLR,Electrical Equipment,455,347,-0.6273,108,HOLDZONE
Archean Chemical,543657,ACI,Chemicals & Petrochemicals,560,619,-0.0267,-59,
Intellect Design,538835,INTELLECT,IT - Software,1696,382,0.5189,1314,BUYZONE
Volt.Transform.,532757,VOLTAMP,Electrical Equipment,644,624,-0.5869,20,HOLDZONE
SBI Life Insuran,540719,SBILIFE,Insurance,599,582,-0.0525,17,HOLDZONE
Shakti Pumps,531431,SHAKTIPUMP,Industrial Products,972,782,0.1099,190,BUYZONE
Vintage Coffee,538920,VINCOFE,Commercial Services & Supplies,1481,552,4.4334,929,BUYZONE
Dam Capital Advi,544316,DAMCAPITAL,Capital Markets,352,1355,-0.6097,-1003,TRIMZONE
Zim Laboratories,541400,ZIMLAB,Pharmaceuticals & Biotechnology,,664,21.274,,
Delhivery,543529,DELHIVERY,Transport Services,350,1395,0.1958,-1045,SELLZONE
Jubilant Pharmo,530019,JUBLPHARMA,Pharmaceuticals & Biotechnology,487,446,-0.1676,41,HOLDZONE
SJS Enterprises,543387,SJS,Auto Components,696,1541,-0.4606,-845,TRIMZONE
Dabur India,500096,DABUR,Personal Products,522,465,0.0164,57,BUYZONE
Subros,517168,SUBROS,Industrial Products,777,530,-0.2884,247,HOLDZONE
Max Healthcare,543220,MAXHEALTH,Healthcare Services,346,796,-0.7184,-450,TRIMZONE
Inox Green,543667,INOXGREEN,Power,660,942,-0.292,-282,TRIMZONE
Cochin Shipyard,540678,COCHINSHIP,Industrial Manufacturing,1254,609,2.445,645,BUYZONE
A B B,500002,ABB,Electrical Equipment,,,-0.4888,,HOLDZONE
Amber Enterp.,540902,AMBER,Consumer Durables,865,696,0.6801,169,BUYZONE
Kansai Nerolac,500165,KANSAINER,Consumer Durables,603,601,-0.1883,2,HOLDZONE
Aptus Value Hou.,543335,APTUS,Finance,1691,600,-0.1065,1091,HOLDZONE
Bharti Hexacom,544162,BHARTIHEXA,Telecom - Services,804,831,1.164,-27,SELLZONE
Schneider Elect.,534139,SCHNEIDER,Electrical Equipment,1809,587,2.3477,1222,BUYZONE
Kernex Microsys.,532686,KERNEX,Transport Services,680,1199,-0.4328,-519,TRIMZONE
Tata Steel,500470,TATASTEEL,Ferrous Metals,799,535,-0.1973,264,HOLDZONE
Som Distilleries,507514,SDBL,Beverages,1008,400,0.2029,608,BUYZONE
Grasim Inds,500300,GRASIM,Cement & Cement Products,554,793,-0.1146,-239,
Torrent Pharma.,500420,TORNTPHARM,Pharmaceuticals & Biotechnology,562,606,-0.6069,-44,TRIMZONE
Apollo Hospitals,508869,APOLLOHOSP,Healthcare Services,412,943,-0.381,-531,TRIMZONE
Poly Medicure,531768,POLYMED,Healthcare Equipment & Supplies,699,404,-0.4649,295,HOLDZONE
J B Chemicals &,506943,JBCHEPHARM,Pharmaceuticals & Biotechnology,571,591,-0.393,-20,TRIMZONE
Kotak Mah. Bank,500247,KOTAKBANK,Banks,431,838,-0.2533,-407,TRIMZONE
LTIMindtree,540005,LTIM,IT - Software,495,818,-0.6117,-323,TRIMZONE
BEML Ltd,500048,BEML,"Agricultural, Commercial & Construction Vehicles",1093,473,4.7879,620,BUYZONE
Inventurus Knowl,544309,IKS,IT - Services,799,1308,-0.5287,-509,TRIMZONE
ICICI Pru Life,540133,ICICIPRULI,Insurance,538,682,-0.7349,-144,TRIMZONE
Nalwa Sons Invst,532256,NSIL,Finance,657,788,-0.3038,-131,TRIMZONE
Tata Comm,500483,TATACOMM,Telecom - Services,1091,443,0.1712,648,BUYZONE
MRF,500290,MRF,Auto Components,775,1289,2.1121,-514,SELLZONE
Guj Inds. Power,517300,GIPCL,Power,210,1250,0.4367,-1040,SELLZONE
Prakash Pipes,542684,PPL,Industrial Products,960,1136,-0.4874,-176,TRIMZONE
Tech Mahindra,532755,TECHM,IT - Software,603,760,-0.7032,-157,TRIMZONE
TVS Motor Co.,532343,TVSMOTOR,Automobiles,819,804,-0.4819,15,HOLDZONE
Bajaj Auto,532977,BAJAJ-AUTO,Automobiles,903,873,0.3365,30,BUYZONE
Sri Lotus,544469,LOTUSDEV,Realty,597,902,-0.3764,-305,TRIMZONE
Siemens,500550,SIEMENS,Electrical Equipment,925,661,-0.4675,264,HOLDZONE
Religare Enterp.,532915,RELIGARE,Finance,1081,455,0.0189,626,BUYZONE
Genesys Intl.,506109,GENESYS,IT - Services,669,655,-0.1416,14,HOLDZONE
JM Financial,523405,JMFINANCIL,Finance,1026,1673,-0.5415,-647,TRIMZONE
Carysil,524091,CARYSIL,Consumer Durables,1205,681,1.7432,524,BUYZONE
TVS Elec.,532513,TVSELECT,IT - Hardware,730,651,-0.6213,79,HOLDZONE
K P R Mill Ltd,532889,KPRMILL,Textiles & Apparels,258,517,-0.8108,-259,TRIMZONE
Lodha Developers,543287,LODHA,Realty,795,755,-0.4424,40,HOLDZONE
ACME Solar Hold.,544283,ACMESOLAR,Power,790,727,-0.444,63,HOLDZONE
Britannia Inds.,500825,BRITANNIA,Food Products,773,711,-0.6796,62,HOLDZONE
Anupam Rasayan,543275,ANURAS,Chemicals & Petrochemicals,1105,866,1.6425,239,BUYZONE
APL Apollo Tubes,533758,APLAPOLLO,Industrial Products,931,741,0.5485,190,BUYZONE
Berger Paints,509480,BERGEPAINT,Consumer Durables,1042,498,-0.29,544,HOLDZONE
HDFC Bank,500180,HDFCBANK,Banks,529,773,-0.5984,-244,TRIMZONE
Latent View,543398,LATENTVIEW,IT - Software,749,830,-0.3851,-81,TRIMZONE
Container Corpn.,531344,CONCOR,Transport Services,1009,690,1.0789,319,BUYZONE
Quick Heal Tech,539678,QUICKHEAL,IT - Software,799,674,-0.038,125,HOLDZONE
Suzlon Energy,532667,SUZLON,Electrical Equipment,574,819,-0.4256,-245,TRIMZONE
Escorts Kubota,500495,ESCORTS,"Agricultural, Commercial & Construction Vehicles",891,630,0.5533,261,BUYZONE
Tube Investments,540762,TIINDIA,Auto Components,466,659,0.6749,-193,SELLZONE
Arisinfra Solu.,544419,ARISINFRA,Other Construction Materials,179,888,-0.5476,-709,TRIMZONE
Indiamart Inter.,542726,INDIAMART,Retailing,1294,834,-0.1573,460,HOLDZONE
V-Mart Retail,534976,VMART,Retailing,465,1198,-0.3439,-733,TRIMZONE
Alkem Lab,539523,ALKEM,Pharmaceuticals & Biotechnology,965,867,1.3823,98,BUYZONE
Choice Intl.,531358,CHOICEIN,Finance,746,1270,-0.4356,-524,TRIMZONE
Lloyds Metals,512455,LLOYDSME,Minerals & Mining,1177,606,0.0226,571,BUYZONE
Protean eGov,544021,PROTEAN,IT - Services,630,1090,-0.4496,-460,TRIMZONE
Engineers India,532178,ENGINERSIN,Construction,1358,543,0.2114,815,BUYZONE
India Glycols,500201,INDIAGLYCO,Beverages,788,1097,0.0564,-309,SELLZONE
Tata Power Co.,500400,TATAPOWER,Power,848,952,-0.0399,-104,
Star Health Insu,543412,STARHEALTH,Insurance,734,735,1.2583,-1,SELLZONE
Tata Consumer,500800,TATACONSUM,Agricultural Food & other Products,780,909,-0.0359,-129,
Bank of Baroda,532134,BANKBARODA,Banks,819,1393,-0.1117,-574,
A B Lifestyle,544403,ABLBL,Retailing,689,1225,-0.4609,-536,TRIMZONE
Shanthi Gears,522034,SHANTIGEAR,Industrial Manufacturing,,1066,9.0576,,
Kirloskar Oil,533293,KIRLOSENG,Industrial Products,966,617,0.2186,349,BUYZONE
SRF,503806,SRF,Chemicals & Petrochemicals,914,1021,-0.3728,-107,TRIMZONE
Marico,531642,MARICO,Agricultural Food & other Products,1006,746,-0.237,260,HOLDZONE
IndusInd Bank,532187,INDUSINDBK,Banks,797,1031,-0.6287,-234,TRIMZONE
ASK Automotive,544022,ASKAUTOLTD,Auto Components,769,880,-0.4127,-111,TRIMZONE
Medi Assist Ser.,544088,MEDIASSIST,Insurance,816,1190,-0.753,-374,TRIMZONE
V I P Inds.,507880,VIPIND,Consumer Durables,850,1093,-0.4089,-243,TRIMZONE
Endurance Tech.,540153,ENDURANCE,Auto Components,471,1012,-0.3472,-541,TRIMZONE
Jubilant Ingrev.,543271,JUBLINGREA,Chemicals & Petrochemicals,816,1088,-0.8382,-272,TRIMZONE
IIFL Finance,532636,IIFL,Finance,926,1090,-0.3868,-164,TRIMZONE
OneSource Speci.,544292,ONESOURCE,Pharmaceuticals & Biotechnology,1032,1334,-0.2778,-302,TRIMZONE
Indian Hotels Co,500850,INDHOTEL,Leisure Services,859,928,-0.3509,-69,TRIMZONE
Infibeam Avenues,539807,INFIBEAM,Financial Technology (Fintech),677,827,0.0585,-150,SELLZONE
Yes Bank,532648,YESBANK,Banks,951,1143,-0.311,-192,TRIMZONE
United Spirits,532432,UNITDSPR,Beverages,1177,860,0.0725,317,BUYZONE
HEG,509631,HEG,Industrial Products,1066,904,0.1317,162,BUYZONE
C P C L,500110,CHENNPETRO,Petroleum Products,1414,1692,0.8892,-278,SELLZONE
Bhartiya Intl.,526666,BIL,Consumer Durables,1040,944,-0.9006,96,HOLDZONE
Hindustan Copper,513599,HINDCOPPER,Non - Ferrous Metals,1838,981,0.8065,857,BUYZONE
Bajaj Housing,544252,BAJAJHFL,Finance,1025,779,-0.3698,246,HOLDZONE
Vikran Engg.,544496,VIKRAN,Construction,654,1006,-0.5558,-352,TRIMZONE
Havells India,517354,HAVELLS,Consumer Durables,969,753,-0.0404,216,HOLDZONE
TD Power Systems,533553,TDPOWERSYS,Electrical Equipment,852,663,-0.2226,189,HOLDZONE
Maruti Suzuki,532500,MARUTI,Automobiles,805,1094,-0.5705,-289,TRIMZONE
Zuari Agro Chem.,534742,ZUARI,Fertilizers & Agrochemicals,378,714,0.3289,-336,SELLZONE
Astral,532830,ASTRAL,Industrial Products,491,971,-0.2694,-480,TRIMZONE
Shanti Educat.,539921,BOM:539921,Other Consumer Services,1058,1035,-0.4255,23,HOLDZONE
Glaxosmi. Pharma,500660,GLAXO,Pharmaceuticals & Biotechnology,949,876,-0.0994,73,HOLDZONE
P I Industries,523642,PIIND,Fertilizers & Agrochemicals,1459,748,0.4286,711,BUYZONE
Ramkrishna Forg.,532527,RKFORGE,Auto Components,533,1437,-0.487,-904,TRIMZONE
Ashok Leyland,500477,ASHOKLEY,"Agricultural, Commercial & Construction Vehicles",752,1040,-0.5145,-288,TRIMZONE
Vardhman Hold.,500439,VHL,Finance,,,14.3197,,
Race Eco,537785,RACE,Other Utilities,1278,752,0.1087,526,BUYZONE
Le Travenues,544192,IXIGO,Leisure Services,974,1328,-0.7314,-354,TRIMZONE
Yatharth Hospit.,543950,YATHARTH,Healthcare Services,893,1352,-0.102,-459,
Abbott India,500488,ABBOTINDIA,Pharmaceuticals & Biotechnology,839,1042,-0.3605,-203,TRIMZONE
Wipro,507685,WIPRO,IT - Software,903,896,-0.6428,7,HOLDZONE
Jai Corp,512237,JAICORPLTD,Industrial Products,866,1132,0.1588,-266,SELLZONE
Cemindia Project,509496,CEMPRO,Construction,947,1453,-0.0617,-506,
Sunteck Realty,512179,SUNTECK,Realty,1309,799,0.5619,510,BUYZONE
Afcom Holdings,544224,BOM:544224,Transport Services,477,771,-0.5535,-294,TRIMZONE
Trent,500251,TRENT,Retailing,1071,859,-0.325,212,HOLDZONE
J & K Bank,532209,J&KBANK,Banks,638,1147,-0.5691,-509,TRIMZONE
Polycab India,542652,POLYCAB,Industrial Products,1058,1662,-0.1908,-604,TRIMZONE
Interglobe Aviat,539448,INDIGO,Transport Services,994,1292,-0.0309,-298,
Aegis Vopak Term,544407,AEGISVOPAK,Oil,297,1128,-0.5543,-831,TRIMZONE
Samhi Hotels,543984,SAMHI,Leisure Services,1500,956,0.3478,544,BUYZONE
C D S L,,CDSL,Capital Markets,922,1121,-0.0935,-199,
Graphite India,509488,GRAPHITE,Industrial Products,1013,919,-0.2265,94,HOLDZONE
Sigachi Indust.,543389,SIGACHI,Pharmaceuticals & Biotechnology,1231,784,-0.1556,447,HOLDZONE
Bata India,500043,BATAINDIA,Consumer Durables,1109,1107,-0.3907,2,HOLDZONE
Azad Engineering,544061,AZAD,Electrical Equipment,1394,823,-0.4294,571,HOLDZONE
Nazara Technolo.,543280,NAZARA,Entertainment,784,1514,-0.5553,-730,TRIMZONE
UTI AMC,543238,UTIAMC,Capital Markets,1395,1120,-0.3792,275,HOLDZONE
Alembic Pharma,533573,APLLTD,Pharmaceuticals & Biotechnology,1512,861,1.1142,651,BUYZONE
Amara Raja Ener.,500008,ARE&M,Auto Components,1139,882,-0.2348,257,HOLDZONE
Landmark Cars,543714,LANDMARK,Automobiles,758,922,-0.13,-164,
Solar Industries,532725,SOLARINDS,Chemicals & Petrochemicals,1127,1151,-0.4127,-24,TRIMZONE
Guj Pipavav Port,533248,GPPL,Transport Infrastructure,1198,1156,1.1492,42,BUYZONE
India Cements,530005,INDIACEM,Cement & Cement Products,,1235,1.4078,,
G N F C,500670,GNFC,Chemicals & Petrochemicals,831,1042,0.1075,-211,SELLZONE
I R C T C,542830,IRCTC,Leisure Services,926,1023,0.3042,-97,SELLZONE
Aditya AMC,543374,ABSLAMC,Capital Markets,737,1570,1.0076,-833,SELLZONE
Embassy Develop,532832,EMBDL,Realty,1144,939,-0.1673,205,HOLDZONE
Bikaji Foods,543653,BIKAJI,Food Products,1274,1083,0.2638,191,BUYZONE
Indosolar,533257,WAAREEINDO,Electrical Equipment,,1153,,,
Marksans Pharma,524404,MARKSANS,Pharmaceuticals & Biotechnology,809,810,-0.3014,-1,TRIMZONE
PG Electroplast,533581,PGEL,Consumer Durables,1158,1059,-0.2008,99,HOLDZONE
Bosch,500530,BOSCHLTD,Auto Components,850,1246,0.004,-396,SELLZONE
Canara Bank,532483,CANBK,Banks,1050,1476,-0.5133,-426,TRIMZONE
Hero Motocorp,500182,HEROMOTOCO,Automobiles,884,1379,0.1078,-495,SELLZONE
NTPC,532555,NTPC,Power,874,1163,-0.1364,-289,
Power Grid Corpn,532898,POWERGRID,Power,1097,805,-0.2251,292,HOLDZONE
NMDC Steel,543768,NSLNISP,Ferrous Metals,1377,849,1.0404,528,BUYZONE
Life Insurance,543526,LICI,Insurance,794,1276,-0.6127,-482,TRIMZONE
Lemon Tree Hotel,541233,LEMONTREE,Leisure Services,1160,1105,0.56,55,BUYZONE
Jio Financial,543940,JIOFIN,Finance,902,1325,-0.2606,-423,TRIMZONE
Va Tech Wabag,533269,WABAG,Other Utilities,1298,768,-0.3229,530,HOLDZONE
Aditya Infotech,544466,CPPLUS,Industrial Manufacturing,573,1185,-0.1277,-612,
Pricol Ltd,540293,PRICOLLTD,Auto Components,584,1111,-0.2117,-527,TRIMZONE
Colgate-Palmoliv,500830,COLPAL,Personal Products,725,893,1.714,-168,SELLZONE
Natco Pharma,524816,NATCOPHARM,Pharmaceuticals & Biotechnology,952,1160,-0.3301,-208,TRIMZONE
PB Fintech.,543390,POLICYBZR,Financial Technology (Fintech),1343,1095,-0.5832,248,HOLDZONE
MSTC,542597,MSTCLTD,Commercial Services & Supplies,977,1216,-0.3784,-239,TRIMZONE
HDB FINANC SER,544429,HDBFS,Finance,774,1332,-0.6384,-558,TRIMZONE
Transrail Light,544317,TRANSRAILL,Electrical Equipment,878,1218,-0.2262,-340,TRIMZONE
NBCC,534309,NBCC,Construction,1291,1415,0.1668,-124,SELLZONE
Prem. Explosives,526247,PREMEXPLN,Chemicals & Petrochemicals,1371,1473,0.2917,-102,SELLZONE
Global Health,543654,MEDANTA,Healthcare Services,1116,1580,0.5049,-464,SELLZONE
Paisalo Digital,532900,PAISALO,Finance,596,744,-0.6622,-148,TRIMZONE
Ashoka Buildcon,533271,ASHOKA,Construction,1071,1000,0.2056,71,BUYZONE
Castrol India,500870,CASTROLIND,Petroleum Products,1062,1251,0.4287,-189,SELLZONE
Godrej Consumer,532424,GODREJCP,Personal Products,1175,1070,-0.4347,105,HOLDZONE
Stylam Industrie,526951,STYLAMIND,Consumer Durables,1199,878,1.3949,321,BUYZONE
CMS Info Systems,543441,CMSINFO,Commercial Services & Supplies,759,897,0.1306,-138,SELLZONE
Enviro Infra,544290,EIEL,Other Utilities,1586,1008,0.7443,578,BUYZONE
Ola Electric,544225,OLAELEC,Automobiles,1046,970,-0.4294,76,HOLDZONE
Data Pattern,543428,DATAPATTNS,Aerospace & Defense,1269,733,0.6061,536,BUYZONE
Adani Ports,532921,ADANIPORTS,Transport Infrastructure,897,1296,-0.3756,-399,TRIMZONE
Pidilite Inds.,500331,PIDILITIND,Chemicals & Petrochemicals,1137,1115,-0.0252,22,HOLDZONE
Saatvik Green,544526,SAATVIKGL,Electrical Equipment,371,1279,-0.3611,-908,TRIMZONE
Diamond Power,522163,DIACABS,Electrical Equipment,889,1188,0.0332,-299,SELLZONE
Neuland Labs.,524558,NEULANDLAB,Pharmaceuticals & Biotechnology,973,1274,-0.2683,-301,TRIMZONE
Ajanta Pharma,532331,AJANTPHARM,Pharmaceuticals & Biotechnology,1282,1213,1.5808,69,BUYZONE
AWL Agri Busine.,543458,AWL,Agricultural Food & other Products,1664,1028,-0.4229,636,HOLDZONE
Johnson Con. Hit,523398,JCHAC,Consumer Durables,,1170,9.0888,,
Alivus Life,543322,ALIVUS,Pharmaceuticals & Biotechnology,1361,1132,-0.7107,229,HOLDZONE
Emcure Pharma,544210,EMCURE,Pharmaceuticals & Biotechnology,733,1715,0.0394,-982,SELLZONE
JK Lakshmi Cem.,500380,JKLAKSHMI,Cement & Cement Products,1273,1021,0.6693,252,BUYZONE
G S F C,500690,GSFC,Fertilizers & Agrochemicals,1137,1068,-0.0653,69,HOLDZONE
Welspun Corp,532144,WELCORP,Industrial Products,989,1146,-0.3035,-157,TRIMZONE
Jai Balaji Inds.,532976,JAIBALAJI,Ferrous Metals,1108,1007,-0.2545,101,HOLDZONE
Emami,531162,EMAMILTD,Personal Products,1204,907,-0.4752,297,HOLDZONE
Shriram Pistons,544344,SHRIPISTON,Auto Components,998,1418,0.5187,-420,SELLZONE
Gujarat Fluoroch,542812,FLUOROCHEM,Chemicals & Petrochemicals,940,1067,0.0949,-127,SELLZONE
Knowledge Marine,543273,KMEW,Engineering Services,,930,1.961,,
Oswal Pumps,544418,OSWALPUMPS,Industrial Products,766,1768,0.2062,-1002,SELLZONE
Kaveri Seed Co.,532899,KSCL,Agricultural Food & other Products,1051,1336,0.6434,-285,SELLZONE
REC Ltd,532955,RECLTD,Finance,1153,1129,-0.2761,24,HOLDZONE
Indrapr.Medical,532150,INDRAMEDCO,Healthcare Services,1173,1361,-0.283,-188,TRIMZONE
Mastek,523704,MASTEK,IT - Software,629,1028,-0.8487,-399,TRIMZONE
Belrise Industri,544405,BELRISE,Auto Components,1085,968,-0.6701,117,HOLDZONE
Granules India,532482,GRANULES,Pharmaceuticals & Biotechnology,1541,1055,-0.5514,486,HOLDZONE
Sheela Foam,540203,SFL,Consumer Durables,,,-0.2232,,HOLDZONE
Senco Gold,543936,SENCO,Consumer Durables,879,1575,-0.088,-696,
Uniparts India,543689,UNIPARTS,Auto Components,766,1350,-0.3321,-584,TRIMZONE
Titagarh Rail,532966,TITAGARH,Industrial Manufacturing,1136,1675,-0.236,-539,TRIMZONE
Orissa Minerals,590086,ORISSAMINE,Minerals & Mining,1829,1248,1.307,581,BUYZONE
I R F C,543257,IRFC,Finance,996,1404,0.1908,-408,SELLZONE
Caplin Point Lab,524742,CAPLIPOINT,Pharmaceuticals & Biotechnology,933,1259,-0.2458,-326,TRIMZONE
Linde India,523457,LINDEINDIA,Chemicals & Petrochemicals,1509,993,0.2779,516,BUYZONE
Home First Finan,543259,HOMEFIRST,Finance,1308,1263,-0.6161,45,HOLDZONE
G M D C,532181,GMDCLTD,Minerals & Mining,1423,1337,0.9344,86,BUYZONE
H U D C O,540530,HUDCO,Finance,1135,1446,-0.6155,-311,TRIMZONE
ICICI Bank,532174,ICICIBANK,Banks,1527,1086,-0.4944,441,HOLDZONE
Fortis Health.,532843,FORTIS,Healthcare Services,1185,1860,-0.4157,-675,TRIMZONE
Kalpataru Proj.,522287,KPIL,Construction,1024,1390,-0.5095,-366,TRIMZONE
Swiggy,544285,SWIGGY,Retailing,1419,1037,-0.4463,382,HOLDZONE
HDFC AMC,541729,HDFCAMC,Capital Markets,1127,1744,-0.091,-617,
ITI,523610,ITI,Telecom - Equipment & Accessories,1454,1267,0.2195,187,BUYZONE
Kalyani Steels,500235,KSL,Industrial Products,,,-0.2905,,HOLDZONE
Tata Chemicals,500770,TATACHEM,Chemicals & Petrochemicals,1201,1482,0.3074,-281,SELLZONE
Hubtown,532799,HUBTOWN,Realty,1330,1469,-0.2049,-139,TRIMZONE
Zen Technologies,533339,ZENTEC,Aerospace & Defense,1615,1004,0.241,611,BUYZONE
Epack Durable,544095,EPACK,Consumer Durables,1103,999,-0.216,104,HOLDZONE
Tata Technolog.,544028,TATATECH,IT - Services,1403,1122,-0.55,281,HOLDZONE
Lupin,500257,LUPIN,Pharmaceuticals & Biotechnology,1322,1330,-0.4223,-8,TRIMZONE
Sanghvi Movers,530073,SANGHVIMOV,Commercial Services & Supplies,1689,1581,0.9719,108,BUYZONE
Airfloa Rail,544516,BOM:544516,Industrial Manufacturing,572,1267,0.4488,-695,SELLZONE
Force Motors,500033,FORCEMOT,Automobiles,1127,1299,0.4792,-172,SELLZONE
Goodluck India,530655,GOODLUCK,Industrial Products,1498,1188,0.1453,310,BUYZONE
Garden Reach Sh.,542011,GRSE,Aerospace & Defense,1495,1489,2.3374,6,BUYZONE
Coromandel Inter,506395,COROMANDEL,Fertilizers & Agrochemicals,1597,1668,-0.0135,-71,
IFCI,500106,IFCI,Finance,1123,1569,-0.0562,-446,
Northern ARC,544260,NORTHARC,Finance,997,1794,-0.3791,-797,TRIMZONE
Gabriel India,505714,GABRIEL,Auto Components,1328,1680,-0.4568,-352,TRIMZONE
Praj Industries,522205,PRAJIND,Industrial Manufacturing,1401,1080,-0.459,321,HOLDZONE
Action Const.Eq.,532762,ACE,"Agricultural, Commercial & Construction Vehicles",,,1.5706,,
Page Industries,532827,PAGEIND,Textiles & Apparels,1191,1406,-0.248,-215,TRIMZONE
Balrampur Chini,500038,BALRAMCHIN,Agricultural Food & other Products,1064,1256,0.0132,-192,SELLZONE
ERIS Lifescience,540596,ERIS,Pharmaceuticals & Biotechnology,1230,1660,0.3635,-430,SELLZONE
N S D L,544467,BOM:544467,Capital Markets,1260,1312,-0.2127,-52,TRIMZONE
Websol Energy,517498,WEBELSOLAR,Electrical Equipment,1519,1070,-0.2416,449,HOLDZONE
Hi-Tech Pipes,543411,HITECH,Industrial Products,1123,991,-0.2725,132,HOLDZONE
Mankind Pharma,543904,MANKIND,Pharmaceuticals & Biotechnology,1266,1305,0.4542,-39,SELLZONE
Godrej Industrie,500164,GODREJIND,Diversified,1103,1285,0.2677,-182,SELLZONE
Nuvoco Vistas,543334,NUVOCO,Cement & Cement Products,938,1621,-0.4285,-683,TRIMZONE
Narayana Hrudaya,539551,NH,Healthcare Services,1077,1632,-0.0038,-555,
R R Kabel,543981,RRKABEL,Industrial Products,1349,1369,0.3318,-20,SELLZONE
Muthoot Finance,533398,MUTHOOTFIN,Finance,1262,1785,-0.6532,-523,TRIMZONE
Swan Corp,503310,SWANCORP,Chemicals & Petrochemicals,1698,1171,-0.2557,527,HOLDZONE
Astra Microwave,532493,ASTRAMICRO,Aerospace & Defense,1433,1723,0.1418,-290,SELLZONE
Tips Music,532375,TIPSMUSIC,Entertainment,1414,1215,-0.3249,199,HOLDZONE
Pitti Engg.,513519,PITTIENG,Industrial Manufacturing,1836,1484,0.8694,352,BUYZONE
MOIL,533286,MOIL,Minerals & Mining,1788,1354,0.5998,434,BUYZONE
Railtel Corpn.,543265,RAILTEL,Telecom - Services,1671,1284,-0.0175,387,HOLDZONE
PCBL Chemical,506590,PCBL,Chemicals & Petrochemicals,1429,1214,-0.2879,215,HOLDZONE
Hind. Unilever,500696,HINDUNILVR,Diversified FMCG,714,1331,-0.1121,-617,
L&T Technology,540115,LTTS,IT - Services,1296,1422,-0.575,-126,TRIMZONE
Finolex Cables,500144,FINCABLES,Industrial Products,1385,1534,-0.0144,-149,
JP Power Ven.,532627,JPPOWER,Power,1503,1192,-0.479,311,HOLDZONE
Texmaco Rail,533326,TEXRAIL,Industrial Manufacturing,1318,1381,-0.2958,-63,TRIMZONE
Blackbuck,544288,BLACKBUCK,Transport Services,769,1517,-0.3994,-748,TRIMZONE
Devyani Intl.,543330,DEVYANI,Leisure Services,1064,1243,2.1213,-179,SELLZONE
Mishra Dhatu Nig,541195,MIDHANI,Aerospace & Defense,1692,978,0.4498,714,BUYZONE
SJVN,533206,SJVN,Power,1508,1312,-0.1207,196,HOLDZONE
Guj.St.Petronet,532702,GSPL,Gas,1638,1116,0.0735,522,BUYZONE
Dr Agarwal's Hea,544350,AGARWALEYE,Healthcare Services,719,1157,0.5321,-438,SELLZONE
Chambal Fert.,500085,CHAMBLFERT,Fertilizers & Agrochemicals,1164,1471,-0.4197,-307,TRIMZONE
Hindustan Zinc,500188,HINDZINC,Non - Ferrous Metals,1792,1228,-0.1212,564,HOLDZONE
Cohance Life,543064,COHANCE,Pharmaceuticals & Biotechnology,1275,1096,0.0898,179,BUYZONE
Sequent Scien.,512529,SEQUENT,Pharmaceuticals & Biotechnology,1343,1155,-0.296,188,HOLDZONE
Vishal Mega Mart,544307,VMM,Retailing,,,-0.0189,,HOLDZONE
Reliance Infra.,500390,RELINFRA,Power,1549,1304,-0.5487,245,HOLDZONE
Updater Services,543996,UDS,Commercial Services & Supplies,1391,1735,1.6338,-344,SELLZONE
Jupiter Wagons,533272,JWL,Industrial Manufacturing,1619,1493,-0.1374,126,HOLDZONE
Heritage Foods,519552,HERITGFOOD,Food Products,1676,1540,-0.0894,136,HOLDZONE
Aurobindo Pharma,524804,AUROPHARMA,Pharmaceuticals & Biotechnology,1369,1539,-0.1466,-170,
Manappuram Fin.,531213,MANAPPURAM,Finance,1410,1834,-0.4931,-424,TRIMZONE
RattanIndia Pow.,533122,RTNPOWER,Power,1360,1258,-0.5241,102,HOLDZONE
Moschip Tech.,532407,MOSCHIP,IT - Hardware,1618,1240,0.3381,378,BUYZONE
Yatra Online,543992,YATRA,Leisure Services,1449,1751,-0.5689,-302,TRIMZONE
Reliance Power,532939,RPOWER,Power,1597,934,-0.6077,663,HOLDZONE
Patanjali Foods,500368,PATANJALI,Agricultural Food & other Products,828,1676,-0.7108,-848,TRIMZONE
Mazagon Dock,543237,MAZDOCK,Industrial Manufacturing,1556,1535,0.9654,21,BUYZONE
Kajaria Ceramics,500233,KAJARIACER,Consumer Durables,1271,1506,-0.1795,-235,TRIMZONE
Ircon Intl.,541956,IRCON,Construction,1630,1488,-0.1881,142,HOLDZONE
Mah. Seamless,500265,MAHSEAMLES,Industrial Products,1592,1600,-0.3563,-8,TRIMZONE
Sarda Energy,504614,SARDAEN,Ferrous Metals,1704,1430,-0.3691,274,HOLDZONE
JBM Auto,532605,JBMA,Auto Components,1432,1419,-0.239,13,HOLDZONE
FSN E-Commerce,543384,NYKAA,Retailing,1468,1809,-0.4101,-341,TRIMZONE
Jindal Steel,532286,JINDALSTEL,Ferrous Metals,1521,1389,0.5818,132,BUYZONE
T R I L,532928,TARIL,Electrical Equipment,1588,1495,-0.3747,93,HOLDZONE
GE Shipping Co,500620,GESHIP,Transport Services,1792,1605,1.7405,187,BUYZONE
Delta Corp,532848,DELTACORP,Leisure Services,1479,1444,0.3816,35,BUYZONE
Krishana Phosch.,,KRISHANA,Fertilizers & Agrochemicals,1441,1672,-0.4753,-231,TRIMZONE
HDFC Life Insur.,540777,HDFCLIFE,Insurance,1349,1603,-0.2981,-254,TRIMZONE
Cupid,530843,CUPID,Personal Products,1233,1627,-0.4434,-394,TRIMZONE
Eicher Motors,505200,EICHERMOT,Automobiles,1512,1499,-0.4229,13,HOLDZONE
Afcons Infrastr.,544280,AFCONS,Construction,1584,1604,-0.3718,-20,TRIMZONE
Master Trust,511768,MASTERTR,Capital Markets,1523,1460,-0.1298,63,HOLDZONE
Greaves Cotton,501455,GREAVESCOT,Industrial Products,1506,1287,-0.2341,219,HOLDZONE
JSW Energy,533148,JSWENERGY,Power,1607,1139,-0.1274,468,HOLDZONE
Lloyds Enterpris,512463,LLOYDSENT,Metals & Minerals Trading,1253,1452,0.4909,-199,SELLZONE
Globus Spirits,533104,GLOBUSSPR,Beverages,,1840,1.3226,,
Raymond Lifestyl,544240,RAYMONDLSL,Textiles & Apparels,559,1585,0.4021,-1026,SELLZONE
Atul,500027,ATUL,Chemicals & Petrochemicals,1541,1384,-0.449,157,HOLDZONE
Akzo Nobel,500710,AKZOINDIA,Consumer Durables,,1512,2.3064,,
MIC Electronics,532850,MICEL,Industrial Products,1495,1779,-0.0461,-284,
Avalon Tech,543896,AVALON,Electrical Equipment,1582,1874,-0.3899,-292,TRIMZONE
Shilchar Tech.,531201,BOM:531201,Electrical Equipment,1297,1387,-0.811,-90,TRIMZONE
Emkay Tools,,ETL,Industrial Manufacturing,,,0.9985,,
H.G. Infra Engg.,541019,HGINFRA,Construction,844,1320,1.5278,-476,SELLZONE
R Systems Intl.,532735,RSYSTEMS,IT - Services,,1730,1.9984,,
Aditya Bir. Fas.,535755,ABFRL,Retailing,1121,1555,-0.0837,-434,
Jubilant Food.,533155,JUBLFOOD,Leisure Services,1248,1491,0.0943,-243,SELLZONE
Siemens Ener.Ind,544390,ENRIN,Electrical Equipment,1651,1217,0.1417,434,BUYZONE
Craftsman Auto,543276,CRAFTSMAN,Auto Components,1192,1576,0.3041,-384,SELLZONE
Fine Organic,541557,FINEORG,Chemicals & Petrochemicals,1863,1230,0.5735,633,BUYZONE
Sumitomo Chemi.,542920,SUMICHEM,Fertilizers & Agrochemicals,1721,1622,0.3599,99,BUYZONE
Affle 3i,542752,AFFLE,IT - Services,1485,1560,-0.5343,-75,TRIMZONE
Entero Healthcar,544122,ENTERO,Retailing,1112,1501,0.9533,-389,SELLZONE
JSW Steel,500228,JSWSTEEL,Ferrous Metals,1735,1447,-0.2406,288,HOLDZONE
Dr Lal Pathlabs,539524,LALPATHLAB,Healthcare Services,1469,1938,0.7573,-469,SELLZONE
Deepak Nitrite,506401,DEEPAKNTR,Chemicals & Petrochemicals,1601,1476,0.0703,125,BUYZONE
B P C L,500547,BPCL,Petroleum Products,1717,1760,-0.0234,-43,
Adani Enterp.,512599,ADANIENT,Metals & Minerals Trading,1262,1574,-0.453,-312,TRIMZONE
Adani Green,541450,ADANIGREEN,Power,1324,1455,-0.371,-131,TRIMZONE
Rites,541556,RITES,Construction,1501,1518,-0.2437,-17,TRIMZONE
Tega Inds.,543413,TEGA,Industrial Manufacturing,945,1761,0.9595,-816,SELLZONE
NHPC Ltd,533098,NHPC,Power,1477,1657,-0.0387,-180,
KNR Construct.,532942,KNRCON,Construction,1406,1644,-0.1019,-238,
Shree Cement,500387,SHREECEM,Cement & Cement Products,1563,1567,-0.4934,-4,TRIMZONE
UltraTech Cem.,532538,ULTRACEMCO,Cement & Cement Products,1345,1699,-0.1568,-354,TRIMZONE
Chalet Hotels,542399,CHALET,Leisure Services,1558,1306,-0.8027,252,HOLDZONE
V2 Retail,532867,V2RETAIL,Retailing,1827,1746,-0.3503,81,HOLDZONE
Electrost.Cast.,500128,ELECTCAST,Industrial Products,1482,1557,0.0285,-75,SELLZONE
Exide Inds.,500086,EXIDEIND,Auto Components,1663,1734,0.542,-71,SELLZONE
M B Agro Prod.,,MBAPL,Fertilizers & Agrochemicals,1445,1907,-0.2479,-462,TRIMZONE
Indegene,544172,INDGN,Healthcare Services,1537,1813,-0.2149,-276,TRIMZONE
H P C L,500104,HINDPETRO,Petroleum Products,1670,1872,-0.3005,-202,TRIMZONE
Gillette India,507815,GILLETTE,Personal Products,1568,1648,-0.1927,-80,TRIMZONE
JSW Cement,544480,JSWCEMENT,Cement & Cement Products,1727,1798,0.6984,-71,SELLZONE
Brainbees Solut.,544226,FIRSTCRY,Retailing,1902,1530,-0.4483,372,HOLDZONE
Gujarat Gas,539336,GUJGASLTD,Gas,1894,1309,0.831,585,BUYZONE
NLC India,513683,NLCINDIA,Power,1868,1855,0.5513,13,BUYZONE
Genus Power,530343,GENUSPOWER,Electrical Equipment,1626,1448,-0.1269,178,HOLDZONE
Ambuja Cements,500425,AMBUJACEM,Cement & Cement Products,1306,1759,-0.3795,-453,TRIMZONE
Ganesh Consumer,544528,GANESHCP,Food Products,1881,1700,0.9626,181,BUYZONE
Sun TV Network,532733,SUNTV,Entertainment,1333,1763,-0.0982,-430,
Minda Corp,538962,MINDACORP,Auto Components,1733,1616,0.9703,117,BUYZONE
Jeena Sikho,544476,JSLL,Pharmaceuticals & Biotechnology,1945,1886,-0.4644,59,HOLDZONE
JK Paper,532162,JKPAPER,"Paper, Forest & Jute Products",1313,1717,-0.7104,-404,TRIMZONE
Keystone Realtor,543669,RUSTOMJEE,Realty,,1803,1.7009,,
Leela Palaces Hotels,544408,THELEELA,Leisure Services,1571,1701,-0.0174,-130,
Jyoti CNC Auto.,544081,JYOTICNC,Industrial Manufacturing,1620,1801,0.1546,-181,SELLZONE
NMDC,526371,NMDC,Minerals & Mining,1811,1762,-0.1872,49,HOLDZONE
Quess Corp,539978,QUESS,Commercial Services & Supplies,1815,1777,5.6959,38,BUYZONE
Blue Jet Health,544009,BLUEJET,Pharmaceuticals & Biotechnology,1642,1884,-0.2779,-242,TRIMZONE
Ipca Labs.,524494,IPCALAB,Pharmaceuticals & Biotechnology,1770,1648,-0.003,122,HOLDZONE
Tour. Fin. Corp.,526650,TFCILTD,Finance,1880,1797,-0.2962,83,HOLDZONE
B H E L,500103,BHEL,Electrical Equipment,1507,1749,0.2839,-242,SELLZONE
Deepak Fertilis.,500645,DEEPAKFERT,Chemicals & Petrochemicals,1926,1468,-0.4866,458,HOLDZONE
Avenue Super.,540376,DMART,Retailing,1599,1358,-0.0997,241,HOLDZONE
Techno Elec.Engg,542141,TECHNOE,Construction,1571,1738,-0.3361,-167,TRIMZONE
J K Cements,532644,JKCEMENT,Cement & Cement Products,1627,1823,-0.0147,-196,
Mah. Scooters,500266,MAHSCOOTER,Finance,1666,1848,0.318,-182,SELLZONE
Usha Martin,517146,USHAMART,Industrial Products,1299,1497,0.5244,-198,SELLZONE
Eternal Ltd,543320,ETERNAL,Retailing,1781,1889,-0.3485,-108,TRIMZONE
Mangalore Chem.,530011,MANGCHEFER,Fertilizers & Agrochemicals,1751,1942,-0.4222,-191,TRIMZONE
JSW Infrast,543994,JSWINFRA,Transport Infrastructure,1525,1606,-0.4144,-81,TRIMZONE
Lumax Auto Tech.,532796,LUMAXTECH,Auto Components,1743,1910,0.3361,-167,SELLZONE
P & G Hygiene,500459,PGHH,Personal Products,1804,1880,0.461,-76,SELLZONE
Metropolis Healt,542650,METROPOLIS,Healthcare Services,1843,1894,0.0819,-51,SELLZONE
Shyam Metalics,543299,SHYAMMETL,Industrial Products,1849,1876,0.0303,-27,SELLZONE
Time Technoplast,532856,TIMETECHNO,Industrial Products,1760,1708,-0.557,52,HOLDZONE
Uno Minda,532539,UNOMINDA,Auto Components,1890,1966,-0.6254,-76,TRIMZONE
CG Power & Ind,500093,CGPOWER,Electrical Equipment,1766,1826,0.1527,-60,SELLZONE
Nava,513023,NAVA,Power,1861,1788,0.1972,73,BUYZONE
Goldiam Intl.,526729,GOLDIAM,Consumer Durables,1386,1802,-0.3787,-416,TRIMZONE
KDDL Ltd,532054,KDDL,Consumer Durables,1250,1853,0.916,-603,SELLZONE
Power Mech Proj.,539302,POWERMECH,Construction,1672,1853,-0.1502,-181,TRIMZONE
Sterling & Wils.,542760,SWSOLAR,Construction,1808,1754,-0.2019,54,HOLDZONE
DCX Systems,543650,DCXINDIA,Aerospace & Defense,1886,1632,0.0101,254,BUYZONE
Jana Small Finan,544118,JSFB,Banks,1970,1777,-0.5501,193,HOLDZONE
Manorama Indust.,541974,MANORAMA,Food Products,1464,1749,-0.1762,-285,TRIMZONE
Zee Entertainmen,505537,ZEEL,Entertainment,1817,1683,-0.0198,134,HOLDZONE
BLS Internat.,540073,BLS,Leisure Services,1635,1175,-0.416,460,HOLDZONE
63 Moons Tech.,526881,63MOONS,IT - Software,1822,1951,0.9364,-129,SELLZONE
Route Mobile,543228,ROUTE,Telecom - Services,1900,1725,-0.3049,175,HOLDZONE
One Mobikwik,544305,MOBIKWIK,Financial Technology (Fintech),1893,1692,-0.2259,201,HOLDZONE
Valor Estate,533160,DBREALTY,Leisure Services,1839,1856,-0.3166,-17,TRIMZONE
Max Financial,500271,MFSL,Insurance,1819,1903,-0.6428,-84,TRIMZONE
AGI Infra,539042,AGIIL,Realty,1904,1890,0.4015,14,BUYZONE
GE Vernova T&D,522275,GVT&D,Electrical Equipment,2018,1924,-0.008,94,HOLDZONE
Indian Metals,533047,IMFA,Ferrous Metals,1989,1817,-0.2738,172,HOLDZONE
Olectra Greentec,532439,OLECTRA,Automobiles,1932,1936,-0.0859,-4,
Quality Power El,544367,QPOWER,Electrical Equipment,1933,1895,-0.3536,38,HOLDZONE
Oracle Fin.Serv.,532466,OFSS,IT - Software,1963,1837,-0.4804,126,HOLDZONE
Accelya Solution,532268,ACCELYA,IT - Software,1117,1941,-0.4694,-824,TRIMZONE
Gem Aromatics,544491,GEMAROMA,Chemicals & Petrochemicals,1611,1923,-0.5616,-312,TRIMZONE
Paradeep Phosph.,543530,PARADEEP,Fertilizers & Agrochemicals,1909,1978,-0.0558,-69,
Wockhardt,532300,WOCKPHARMA,Pharmaceuticals & Biotechnology,1668,1849,0.0496,-181,SELLZONE
Dhunseri Vent.,523736,DVL,Diversified,,,5.9497,,
Dhani Services,532960,DHANI,Finance,1950,1542,-0.4743,408,HOLDZONE
FDC,531599,FDC,Pharmaceuticals & Biotechnology,1764,1888,0.8971,-124,SELLZONE
Supreme Inds.,509930,SUPREMEIND,Industrial Products,1593,1939,6.1807,-346,SELLZONE
Redington,532805,REDINGTON,Commercial Services & Supplies,1936,1860,-0.1621,76,HOLDZONE
AGI Greenpac,500187,AGI,Industrial Products,1962,2027,0.0866,-65,SELLZONE
Rategain Travel,543417,RATEGAIN,IT - Software,1866,1835,-0.4587,31,HOLDZONE
Just Dial,535648,JUSTDIAL,Retailing,1966,1937,-0.5175,29,HOLDZONE
Aegis Logistics,500003,AEGISLOG,Gas,1841,1905,0.237,-64,SELLZONE
Authum Invest,539177,AIIL,Finance,1896,1950,0.0866,-54,SELLZONE
Syrma SGS Tech.,543573,SYRMA,Industrial Manufacturing,1992,1891,-0.1536,101,HOLDZONE
Glenmark Pharma.,532296,GLENMARK,Pharmaceuticals & Biotechnology,1901,1925,-0.2095,-24,TRIMZONE
Niva Bupa Health,544286,NIVABUPA,Insurance,1974,1782,-0.9185,192,HOLDZONE
Anant Raj,515055,ANANTRAJ,Realty,1846,2016,-0.1306,-170,
Vascon Engineers,533156,VASCONEQ,Realty,1785,1927,-0.0205,-142,
Vimta Labs,524394,VIMTALABS,Healthcare Services,2007,1968,-0.3723,39,HOLDZONE
Anthem Bioscienc,544449,ANTHEM,Pharmaceuticals & Biotechnology,1994,1862,0.6086,132,BUYZONE
Hitachi Energy,543187,POWERINDIA,Electrical Equipment,1912,1999,-0.1371,-87,
Arihant Capital,511605,ARIHANTCAP,Capital Markets,675,1995,0.6771,-1320,SELLZONE
Platinum Industr,544134,PLATIND,Chemicals & Petrochemicals,1764,1962,-0.3622,-198,TRIMZONE
ASM Technologies,526433,BOM:526433,IT - Software,1918,1981,0.3143,-63,SELLZONE
Balu Forge,531112,BALUFORGE,Industrial Products,1828,1982,-0.149,-154,
Dalmia BharatLtd,542216,DALBHARAT,Cement & Cement Products,1949,1990,0.2047,-41,SELLZONE
Kaynes Tech,543664,KAYNES,Industrial Manufacturing,1997,1913,-0.2346,84,HOLDZONE
Hyundai Motor I,544274,HYUNDAI,Automobiles,1975,1970,0.082,5,BUYZONE
Concord Biotech,543960,CONCORDBIO,Pharmaceuticals & Biotechnology,1921,1961,5.2661,-40,SELLZONE
Banco Products,500039,BANCOINDIA,Auto Components,1969,1976,-0.2832,-7,TRIMZONE
Netwrk.18 Media,532798,NETWORK18,Entertainment,1984,1908,-0.4194,76,HOLDZONE
Urban Company,544515,URBANCO,Retailing,1908,2006,0.5143,-98,SELLZONE
Dixon Technolog.,540699,DIXON,Consumer Durables,2007,2009,-0.4122,-2,TRIMZONE
Poonawalla Fin,524000,POONAWALLA,Finance,2009,2011,-0.4468,-2,TRIMZONE
Apollo Pipes,531761,APOLLOPIPE,Industrial Products,1936,1996,-0.3435,-60,TRIMZONE
Sudarshan Chem.,506655,SUDARSCHEM,Chemicals & Petrochemicals,1998,2000,0.5657,-2,SELLZONE
PC Jeweller,534809,PCJEWELLER,Consumer Durables,1961,1992,1.0007,-31,SELLZONE
Metro Brands,543426,METROBRAND,Consumer Durables,2002,1965,3.2189,37,BUYZONE
SML ISUZU,505192,SMLISUZU,"Agricultural, Commercial & Construction Vehicles",2036,1618,-0.1574,418,HOLDZONE
Netweb Technol.,543945,NETWEB,IT - Services,2014,2005,0.0559,9,BUYZONE
Godfrey Phillips,500163,GODFRYPHLP,Cigarettes & Tobacco Products,1999,2010,-0.703,-11,TRIMZONE
Fedbank Financi.,544027,FEDFINA,Finance,2017,2020,-0.6191,-3,TRIMZONE
Quadrant Future,544336,QUADFUTURE,Industrial Products,1980,2001,-0.0451,-21,
Surya Roshni,500336,SURYAROSNI,Industrial Products,2010,2004,0.5255,6,BUYZONE
Sagar Cements,502090,SAGCEM,Cement & Cement Products,,2013,8.8534,,
BF Utilities,532430,BFUTILITIE,Transport Infrastructure,2016,2015,-0.3857,1,HOLDZONE
Tejas Networks,540595,TEJASNET,Telecom - Equipment & Accessories,2027,1892,-0.3312,135,HOLDZONE
IOL Chemicals,524164,IOLCP,Pharmaceuticals & Biotechnology,2004,1986,0.1627,18,BUYZONE
Ashapura Minech.,527001,ASHAPURMIN,Minerals & Mining,2042,1958,-0.1439,84,HOLDZONE
Rallis India,500355,RALLIS,Fertilizers & Agrochemicals,1967,2035,0.4477,-68,SELLZONE
Optiemus Infra.,530135,OPTIEMUS,Telecom - Equipment & Accessories,2030,1997,-0.4219,33,HOLDZONE
Avantel,532406,AVANTEL,Aerospace & Defense,2033,1608,-0.6308,425,HOLDZONE
TruAlt Bioenergy,544545,TRUALT,Agricultural Food & other Products,2024,1991,-0.0351,33,HOLDZONE
Tata Inv.Corpn.,501301,TATAINVEST,Finance,2044,1588,-0.5452,456,HOLDZONE
Jindal Saw,500378,JINDALSAW,Industrial Products,2003,2025,2.4767,-22,SELLZONE
Ceinsys Tech,538734,BOM:538734,IT - Software,1992,2043,0.699,-51,SELLZONE
AXISCADES Tech.,532395,AXISCADES,Aerospace & Defense,2025,2029,0.7977,-4,SELLZONE
Gokul Agro,539725,GOKULAGRO,Agricultural Food & other Products,2032,2007,-0.1411,25,HOLDZONE
Tanla Platforms,532790,TANLA,IT - Software,2047,2026,-0.4109,21,HOLDZONE
Kellton Tech,519602,KELLTONTEC,IT - Services,2013,2045,0.8594,-32,SELLZONE
Magellanic Cloud,538891,MCLOUD,IT - Software,2051,2050,0.211,1,BUYZONE
IZMO,532341,IZMO,IT - Services,2053,2051,0.4075,2,BUYZONE
Gallantt Ispat L,532726,GALLANTT,Industrial Products,2056,2052,-0.6852,4,HOLDZONE
OnMobile Global,532944,ONMOBILE,Media,180,,-0.4698,,HOLDZONE
Guj. Themis Bio.,506879,GUJTHEM,Pharmaceuticals & Biotechnology,,,0.0074,,
Atal Realtech,543911,ATALREAL,Realty,231,223,0.0386,8,BUYZONE
GHCL,500171,GHCL,Chemicals & Petrochemicals,246,454,-0.4246,-208,TRIMZONE
Man Industries,513269,MANINDS,Industrial Products,204,356,-0.5763,-152,TRIMZONE
Ethos Ltd,543532,ETHOSLTD,Consumer Durables,170,521,-0.5463,-351,TRIMZONE
Frog Cellsat,,FROG,Telecom - Equipment & Accessories,,,-0.3187,,HOLDZONE
Ventive Hospital,544321,VENTIVE,Leisure Services,256,,-0.5425,,HOLDZONE
Wheels India,590073,WHEELS,Auto Components,303,317,-0.4955,-14,TRIMZONE
Punjab Chemicals,506618,PUNJABCHEM,Fertilizers & Agrochemicals,,,1.7926,,
V-Guard Industri,532953,VGUARD,Consumer Durables,420,308,-0.3775,112,HOLDZONE
Prudent Corp.,543527,PRUDENT,Capital Markets,233,227,-0.3483,6,HOLDZONE
Carraro India,544320,CARRARO,Auto Components,323,,-0.6591,,HOLDZONE
Laxmi India Fin.,544465,LAXMIINDIA,Finance,218,,-0.4329,,HOLDZONE
Marathon Nextgen,503101,MARATHON,Realty,540,808,-0.6699,-268,TRIMZONE
Mahindra Life.,532313,MAHLIFE,Realty,362,471,-0.5048,-109,TRIMZONE
Ramky Infra,533262,RAMKY,Construction,674,413,-0.0912,261,HOLDZONE
Energy InfrTrust,542543,BOM:542543,,,,-0.1116,,HOLDZONE
Prism Johnson,500338,PRSMJOHNSN,Cement & Cement Products,229,369,-0.75,-140,TRIMZONE
PTC India,532524,PTC,Power,576,976,-0.1631,-400,TRIMZONE
S A I L,500113,SAIL,Ferrous Metals,,,0.5959,,
Aether Industri.,543534,AETHER,Chemicals & Petrochemicals,513,,-0.4712,,HOLDZONE
Jyothy Labs,532926,JYOTHYLAB,Household Products,586,,-0.3984,,HOLDZONE
Tsf Investments,,TSFINV,Finance,323,1343,0.0576,-1020,SELLZONE
TCS,532540,TCS,IT - Software,,,-0.1487,,HOLDZONE
Prozone Realty,534675,PROZONER,Realty,,164,0.2235,,
Indian Energy Ex,540750,IEX,Capital Markets,509,504,0.0437,5,BUYZONE
Relaxo Footwear,530517,RELAXO,Consumer Durables,632,,-0.2765,,HOLDZONE
Salasar Techno,540642,SALASAR,Industrial Manufacturing,337,,-0.6197,,HOLDZONE
DC Infotech,543636,DCI,IT - Hardware,594,715,0.0123,-121,SELLZONE
Jaykay Enter.,500306,BOM:500306,Aerospace & Defense,635,,-0.3743,,HOLDZONE
Fino Payments,543386,FINOPB,Banks,581,,-0.6804,,HOLDZONE
Jindal Worldwide,531543,JINDWORLD,Textiles & Apparels,,,-0.2988,,HOLDZONE
Aurionpro Sol.,532668,AURIONPRO,IT - Software,574,1076,-0.6634,-502,TRIMZONE
Arvind Fashions.,542484,ARVINDFASN,Retailing,1017,764,0.1077,253,BUYZONE
Aurum Proptech,539289,AURUM,IT - Services,,,3.3264,,
Camlin Fine,532834,CAMLINFINE,Chemicals & Petrochemicals,304,571,-0.7275,-267,TRIMZONE
INDIA SHELTE FIN,544044,INDIASHLTR,Finance,486,1160,-0.4128,-674,TRIMZONE
Piccadily Agro,530305,PICCADIL,Beverages,536,,-0.6959,,HOLDZONE
NESCO,505355,NESCO,Commercial Services & Supplies,524,1469,-0.2196,-945,TRIMZONE
Venus Pipes,543528,VENUSPIPES,Industrial Products,985,678,-0.261,307,HOLDZONE
Supreme Petroch.,500405,SPLPETRO,Chemicals & Petrochemicals,959,415,-0.1362,544,HOLDZONE
Sandhar Tech,541163,SANDHAR,Auto Components,671,,-0.3769,,HOLDZONE
Astrazeneca Phar,506820,ASTRAZEN,Pharmaceuticals & Biotechnology,,,-0.0373,,HOLDZONE
India Nipp.Elec.,532240,INDNIPPON,Auto Components,,,0.1027,,
K.P. Energy,539686,KPEL,Power,523,750,-0.0542,-227,
Wendt India,505412,WENDT,Industrial Products,461,854,-0.1409,-393,
Rajesh Power,544291,BOM:544291,Other Utilities,,,0.0618,,
K C P,590066,KCP,Cement & Cement Products,,,-0.5995,,HOLDZONE
Stallion India,544342,STALLION,Chemicals & Petrochemicals,602,1424,-0.7942,-822,TRIMZONE
3M India,523395,3MINDIA,Diversified,778,647,-0.3255,131,HOLDZONE
Cera Sanitary.,532443,CERA,Consumer Durables,1095,864,-0.1268,231,HOLDZONE
Indo Thai Sec.,533676,INDOTHAI,Capital Markets,586,,-0.94,,HOLDZONE
Welspun Enterp,532553,WELENT,Construction,732,1132,-0.1446,-400,
Prataap Snacks,540724,DIAMONDYD,Food Products,396,668,-0.0239,-272,
Alok Industries,521070,ALOKINDS,Textiles & Apparels,584,583,-0.6185,1,HOLDZONE
Panacea Biotec,531349,PANACEABIO,Pharmaceuticals & Biotechnology,,,-0.445,,HOLDZONE
Triven.Engg.Ind.,532356,TRIVENI,Agricultural Food & other Products,818,,-0.4389,,HOLDZONE
Hatsun Agro,531531,HATSUN,Food Products,,,-0.3844,,HOLDZONE
Mindteck (India),517344,MINDTECK,IT - Software,606,,-0.5417,,HOLDZONE
DCM Shriram,523367,DCMSHRIRAM,Diversified,825,740,-0.1274,85,HOLDZONE
Campus Activewe.,543523,CAMPUS,Consumer Durables,1080,1137,0.211,-57,SELLZONE
Saregama India,532163,SAREGAMA,Entertainment,1365,960,0.0287,405,BUYZONE
Sapphire Foods,543397,SAPPHIRE,Leisure Services,786,,-0.5879,,HOLDZONE
Inox India,544046,INOXINDIA,Industrial Products,842,802,-0.0187,40,HOLDZONE
Eimco Elecon(I),523708,EIMCOELECO,Industrial Manufacturing,870,877,-0.4138,-7,TRIMZONE
STEL Holdings,533316,STEL,Finance,,,-0.1317,,HOLDZONE
Allcargo Logist.,532749,ALLCARGO,Transport Services,772,848,0.1831,-76,SELLZONE
Triveni Turbine,533655,TRITURBINE,Electrical Equipment,668,792,-0.4412,-124,TRIMZONE
Aarti Pharma,543748,AARTIPHARM,Pharmaceuticals & Biotechnology,789,967,0.1946,-178,SELLZONE
Eveready Inds.,531508,EVEREADY,Household Products,656,821,0.3868,-165,SELLZONE
Ajmera Realty,513349,AJMERA,Realty,727,1088,0.1006,-361,SELLZONE
Godrej Agrovet,540743,GODREJAGRO,Food Products,1288,1010,-0.3083,278,HOLDZONE
Bharat Seats,523229,BHARATSE,Auto Components,,,-0.058,,HOLDZONE
Morepen Labs.,500288,MOREPENLAB,Pharmaceuticals & Biotechnology,955,759,-0.2116,196,HOLDZONE
Patel Engineerin,531120,PATELENG,Construction,1037,1092,-0.2812,-55,TRIMZONE
Timken India,522113,TIMKEN,Industrial Products,1188,553,-0.5155,635,HOLDZONE
Go Digit General,544179,GODIGIT,Insurance,826,1227,-0.7975,-401,TRIMZONE
Cyient DLM,543933,CYIENTDLM,Industrial Manufacturing,832,1542,-0.3494,-710,TRIMZONE
Pfizer,500680,PFIZER,Pharmaceuticals & Biotechnology,1219,1183,-0.4535,36,HOLDZONE
Rel. Indl. Infra,523445,RIIL,Transport Services,912,927,0.0122,-15,SELLZONE
Ratnaveer Precis,543978,RATNAVEER,Industrial Products,642,,-0.8031,,HOLDZONE
Sh.Pushkar Chem.,539334,SHREEPUSHK,Chemicals & Petrochemicals,569,745,-0.4741,-176,TRIMZONE
Rane (Madras),532661,RML,Auto Components,,,3.0996,,
Mamata Machinery,544318,MAMATA,Industrial Manufacturing,605,1242,-0.2203,-637,TRIMZONE
CIE Automotive,532756,CIEINDIA,Auto Components,672,,-0.2487,,HOLDZONE
Dishman Carbogen,540701,DCAL,Pharmaceuticals & Biotechnology,,,-0.2658,,HOLDZONE
Bayer Crop Sci.,506285,BAYERCROP,Fertilizers & Agrochemicals,1268,,-0.2665,,HOLDZONE
Sh.Renuka Sugar,532670,RENUKA,Agricultural Food & other Products,1164,1044,-0.5807,120,HOLDZONE
Blue Dart Expres,526612,BLUEDART,Transport Services,1149,985,0.0288,164,BUYZONE
EIH,500840,EIHOTEL,Leisure Services,1214,688,0.2105,526,BUYZONE
Sula Vineyards,543711,SULA,Beverages,987,901,-0.6794,86,HOLDZONE
Aeroflex,543972,AEROFLEX,Industrial Products,1118,,-0.7267,,HOLDZONE
Elcid Investment,503681,BOM:503681,Finance,,,-0.6077,,HOLDZONE
Ceigall India,544223,CEIGALL,Construction,1206,,-0.4871,,HOLDZONE
Smartworks Cowor,544447,SMARTWORKS,Commercial Services & Supplies,942,,-0.6656,,HOLDZONE
Doms Industries,544045,DOMS,Household Products,1327,1032,-0.5541,295,HOLDZONE
C C C L,532902,CCCL,Realty,,,-0.2472,,HOLDZONE
Precision Camshf,539636,PRECAM,Auto Components,1132,,-0.8679,,HOLDZONE
Shilpa Medicare,530549,SHILPAMED,Pharmaceuticals & Biotechnology,1014,1166,-0.5399,-152,TRIMZONE
Laxmi Organic,543277,LXCHEM,Chemicals & Petrochemicals,891,,-0.492,,HOLDZONE
Deccan Cements,502137,DECCANCE,Cement & Cement Products,930,691,-0.0689,239,HOLDZONE
Restaurant Brand,543248,RBA,Leisure Services,1283,1355,-0.0052,-72,
Rama Steel Tubes,539309,RAMASTEEL,Industrial Products,,,-0.1823,,HOLDZONE
Vijaya Diagnost.,543350,VIJAYA,Healthcare Services,1179,,-0.6134,,HOLDZONE
Tilaknagar Inds.,507205,TI,Beverages,,,0.1311,,
Vinati Organics,524200,VINATIORGA,Chemicals & Petrochemicals,982,,-0.6516,,HOLDZONE
Raymond,500330,RAYMOND,Realty,1155,910,-0.6405,245,HOLDZONE
Shreeji Ship. Gl,544490,SHREEJISPG,Transport Services,,916,2.5799,,
TajGVK Hotels,532390,TAJGVK,Leisure Services,1319,,-0.1621,,HOLDZONE
Sambhv Steel,544430,SAMBHV,Industrial Products,1004,1299,-0.5964,-295,TRIMZONE
EFC (I),512008,EFCIL,Commercial Services & Supplies,876,,-0.6162,,HOLDZONE
Varroc Engineer,541578,VARROC,Auto Components,795,,-0.1594,,HOLDZONE
Baazar Style,544243,STYLEBAAZA,Retailing,1102,,-0.6802,,HOLDZONE
L G Balakrishnan,500250,LGBBROSLTD,Auto Components,1800,,-0.6094,,HOLDZONE
Vedant Fashions,543463,MANYAVAR,Retailing,,937,0.0502,,
Vishnu Prakash R,543974,VPRPL,Construction,919,1184,-0.7125,-265,TRIMZONE
Lumax Industries,517206,LUMAXIND,Auto Components,1417,887,-0.3567,530,HOLDZONE
Swaraj Engines,500407,SWARAJENG,Industrial Products,,,-0.0692,,HOLDZONE
S C I,523598,SCI,Transport Services,1421,1142,-0.1817,279,HOLDZONE
MOS Utility,,MOS,Financial Technology (Fintech),1646,1629,0.0084,17,BUYZONE
Bliss GVS Pharma,506197,BLISSGVS,Pharmaceuticals & Biotechnology,,1565,0.2381,,
Themis Medicare,530199,THEMISMED,Pharmaceuticals & Biotechnology,,,-0.3519,,HOLDZONE
Salzer Electron.,517059,SALZERELEC,Electrical Equipment,,,-0.2871,,HOLDZONE
New India Assura,540769,NIACL,Insurance,,,-0.0945,,HOLDZONE
Centum Electron,517544,CENTUM,Industrial Manufacturing,,,-0.4031,,HOLDZONE
Zuari Industries,500780,ZUARIIND,Agricultural Food & other Products,427,1402,-0.5459,-975,TRIMZONE
Prakash Industri,506022,PRAKASH,Ferrous Metals,1310,,-0.5672,,HOLDZONE
Hikal,524735,HIKAL,Pharmaceuticals & Biotechnology,,,-0.3823,,HOLDZONE
Ramco Inds.,532369,RAMCOIND,Other Construction Materials,,1531,0.8303,,
Anlon Healthcare,544497,AHCL,Pharmaceuticals & Biotechnology,,,-0.6082,,HOLDZONE
Atul Auto,531795,ATULAUTO,"Agricultural, Commercial & Construction Vehicles",,,-0.0765,,HOLDZONE
Sundram Fasten.,500403,SUNDRMFAST,Auto Components,1756,,-0.6277,,HOLDZONE
Shree Refrigerat,544458,BOM:544458,Industrial Manufacturing,,,-0.368,,HOLDZONE
Cybertech Sys.,532173,CYBERTECH,IT - Software,,,0.3816,,
T N Newsprint,531426,TNPL,"Paper, Forest & Jute Products",,,-0.3581,,HOLDZONE
Rolex Rings,543325,ROLEXRINGS,Auto Components,1872,,-0.5073,,HOLDZONE
Kross Ltd,544253,KROSS,Auto Components,1183,,-0.5246,,HOLDZONE
Bombay Dyeing,500020,BOMDYEING,Textiles & Apparels,1133,1505,-0.607,-372,TRIMZONE
Jamna Auto Inds.,520051,JAMNAAUTO,Auto Components,1412,,-0.2099,,HOLDZONE
Emk.Global Fin.,532737,EMKAY,Capital Markets,,,-0.5811,,HOLDZONE
Lloyds Engineeri,539992,LLOYDSENGG,Industrial Manufacturing,1658,1618,-0.1677,40,HOLDZONE
Hariom Pipe,543517,HARIOMPIPE,Industrial Products,897,,-0.1038,,HOLDZONE
Jindal Poly Film,500227,JINDALPOLY,Industrial Products,,,-0.2134,,HOLDZONE
Medplus Health,543427,MEDPLUS,Retailing,1524,,-0.1826,,HOLDZONE
Laxmi Dental,544339,LAXMIDENTL,Healthcare Equipment & Supplies,,1658,1.9933,,
Prec. Wires (I),523539,PRECWIRE,Industrial Products,,,-0.0832,,HOLDZONE
Kiri Industries,532967,KIRIINDUS,Chemicals & Petrochemicals,1850,1324,-0.6843,526,HOLDZONE
Birla Corpn.,500335,BIRLACORPN,Cement & Cement Products,1473,1417,-0.2488,56,HOLDZONE
SEPC,532945,SEPC,Construction,1669,,-0.4431,,HOLDZONE
Arunis Abode,526935,BOM:526935,Commercial Services & Supplies,1417,,-0.7119,,HOLDZONE
The Anup Enginee,542460,ANUP,Industrial Manufacturing,,,0.0773,,
Solara Active,541540,SOLARA,Pharmaceuticals & Biotechnology,1544,1369,-0.2671,175,HOLDZONE
Jaro Institute,544534,JARO,Other Consumer Services,1587,,-0.3518,,HOLDZONE
CIAN Agro,519477,BOM:519477,Agricultural Food & other Products,,,-0.0334,,HOLDZONE
GNG Electronics,544455,EBGNG,IT - Hardware,1697,1197,-0.0368,500,HOLDZONE
Arkade,544261,ARKADE,Realty,1492,,-0.1163,,HOLDZONE
John Cockerill,500147,BOM:500147,Industrial Manufacturing,,,1.0213,,
NELCO,504112,NELCO,IT - Hardware,1847,1465,0.0064,382,BUYZONE
Orchid Pharma,524372,ORCHPHARMA,Pharmaceuticals & Biotechnology,1535,,-0.5949,,HOLDZONE
Bajaj Electrical,500031,BAJAJELEC,Consumer Durables,1606,1709,-0.0347,-103,
Kirl. Brothers,500241,KIRLOSBROS,Industrial Products,1674,,-0.3475,,HOLDZONE
Hemisphere Prop,543242,HEMIPROP,Commercial Services & Supplies,,,-0.0345,,HOLDZONE
Schaeffler India,505790,SCHAEFFLER,Auto Components,1802,1404,-0.3081,398,HOLDZONE
Aarti Drugs,524348,AARTIDRUGS,Pharmaceuticals & Biotechnology,1271,1787,0.1266,-516,SELLZONE
Interiors & More,,INM,Consumer Durables,,,0.1885,,
Grindwell Norton,506076,GRINDWELL,Industrial Products,,,-0.6588,,HOLDZONE
Rico Auto Inds,520008,RICOAUTO,Auto Components,1407,,-0.4076,,HOLDZONE
Greenpanel Inds.,542857,GREENPANEL,Consumer Durables,,,-0.3038,,HOLDZONE
Capacit'e Infra.,540710,CAPACITE,Construction,1732,1718,-0.6361,14,HOLDZONE
PNC Infratech,539150,PNCINFRA,Construction,,,0.1423,,
RattanIndia Ent,534597,RTNINDIA,Retailing,1433,1614,0.0171,-181,SELLZONE
Ellen.Indl.Gas,544421,ELLEN,Chemicals & Petrochemicals,,,0.2428,,
Travel Food,544443,TRAVELFOOD,Leisure Services,1553,1615,-0.7017,-62,TRIMZONE
Dynacons Sys.,532365,DSSL,IT - Services,,,-0.1199,,HOLDZONE
S P I C,590030,SPIC,Fertilizers & Agrochemicals,1441,1594,-0.523,-153,TRIMZONE
Orient Cement,535754,ORIENTCEM,Cement & Cement Products,1752,1573,0.2575,179,BUYZONE
ZF Commercial,533023,ZFCVINDIA,Auto Components,1661,1728,-0.5673,-67,TRIMZONE
Finolex Inds.,500940,FINPIPE,Industrial Products,1767,1626,-0.691,141,HOLDZONE
JTL Industries,534600,JTLIND,Industrial Products,1573,,-0.2231,,HOLDZONE
Tata Tele. Mah.,532371,TTML,Telecom - Services,1784,1757,-0.4961,27,HOLDZONE
Fusion Finance,543652,FUSION,Finance,1725,1536,-0.0074,189,HOLDZONE
Carborundum Uni.,513375,CARBORUNIV,Industrial Products,1602,1397,-0.3086,205,HOLDZONE
Shalby,540797,SHALBY,Healthcare Services,,,-0.4107,,HOLDZONE
5paisa Capital,540776,5PAISA,Capital Markets,,,0.1001,,
Exicom Tele-Sys.,544133,EXICOM,Electrical Equipment,,,-0.2466,,HOLDZONE
STL Networks,544395,STLNETWORK,Telecom - Services,,1776,0.063,,
Automotive Stamp,520119,ASAL,Auto Components,,,-0.0917,,HOLDZONE
Redtape,543957,REDTAPE,Consumer Durables,,,0.1157,,
Bajaj Healthcare,539872,BAJAJHCARE,Pharmaceuticals & Biotechnology,1968,1566,-0.2241,402,HOLDZONE
KIOCL,540680,KIOCL,Ferrous Metals,1742,,-0.4344,,HOLDZONE
Allied Digital,532875,ADSL,IT - Services,,,-0.2539,,HOLDZONE
Deep Industries,543288,DEEPINDS,Oil,1802,,-0.2302,,HOLDZONE
Ugro Capital,511742,UGROCAP,Finance,,,0.0825,,
Jain Irrigation,500219,JISLJALEQS,Industrial Products,1741,1808,0.2645,-67,SELLZONE
Jyoti Structures,513250,JYOTISTRUC,Electrical Equipment,1746,1635,-0.126,111,HOLDZONE
Honasa Consumer,544014,HONASA,Personal Products,1948,1830,-0.1695,118,HOLDZONE
Century Plyboard,532548,CENTURYPLY,Consumer Durables,1939,,-0.4259,,HOLDZONE
Sarveshwar Foods,543688,SARVESHWAR,Agricultural Food & other Products,1774,1930,0.0089,-156,SELLZONE
Munjal Auto Inds,520059,MUNJALAU,Auto Components,,,-0.1027,,HOLDZONE
IFGL Refractori.,540774,IFGLEXPOR,Industrial Products,,,-0.1042,,HOLDZONE
Veedol Corporat,590005,VEEDOL,Petroleum Products,,,-0.0125,,HOLDZONE
Solarworld Ene.,544532,SOLARWORLD,Construction,1762,1696,-0.4825,66,HOLDZONE
Denta Water,544345,DENTA,Other Utilities,1931,2012,-0.1133,-81,
Shanti Gold,544459,SHANTIGOLD,Consumer Durables,1935,1939,0.0484,-4,SELLZONE
IRM Energy,544004,IRMENERGY,Gas,,,-0.0017,,HOLDZONE
India Pesticides,543311,IPL,Fertilizers & Agrochemicals,1917,1979,0.4179,-62,SELLZONE
Rossell Techsys,544294,ROSSTECH,Aerospace & Defense,,1985,1.6009,,
Seshaasai Tech.,544533,STYL,Financial Technology (Fintech),2019,1586,-0.1788,433,HOLDZONE
SKF India,500472,SKFINDIA,Industrial Products,,,-0.3933,,HOLDZONE
Westlife Food,505533,WESTLIFE,Leisure Services,1946,1914,-0.3923,32,HOLDZONE
Chemcon Special.,543233,CHEMCON,Chemicals & Petrochemicals,1975,,-0.5296,,HOLDZONE
Fineotex Chem,533333,FCL,Chemicals & Petrochemicals,,,0.5919,,
Prostarm Info,544410,PROSTARM,Electrical Equipment,1956,1901,0.1147,55,BUYZONE
RACL Geartech,520073,RACLGEAR,Auto Components,2022,,-0.4563,,HOLDZONE
NIBE,535136,NIBE,Aerospace & Defense,1959,1970,0.4214,-11,SELLZONE
Swelect Energy,532051,SWELECTES,Electrical Equipment,1964,,-0.4617,,HOLDZONE
Sindhu Trade,532029,SINDHUTRAD,Transport Services,,,-0.0332,,HOLDZONE
RIR Power Electr,517035,BOM:517035,Electrical Equipment,1990,2003,-0.139,-13,
Laxmi Goldorna,,LGHL,Consumer Durables,,,1.2775,,
Ivalue Infosolut,544523,IVALUE,IT - Services,2011,2038,-0.4362,-27,TRIMZONE
KEI Industries,517569,KEI,Industrial Products,,,0.0516,,
Astec Lifescienc,533138,ASTEC,Fertilizers & Agrochemicals,2037,2041,-0.2815,-4,TRIMZONE
Western Carriers,544258,WCIL,Transport Services,308,,-0.4923,,HOLDZONE
Rajesh Exports,531500,RAJESHEXPO,Consumer Durables,666,1316,-0.3291,-650,TRIMZONE
Faze Three,530079,FAZE3Q,Textiles & Apparels,615,,-0.8556,,HOLDZONE
Talbros Auto.,505160,TALBROAUTO,Auto Components,,,-0.3623,,HOLDZONE
Diffusion Eng,544264,DIFFNKG,Industrial Products,,,-0.2795,,HOLDZONE
Servotech Renew,,SERVOTECH,Electrical Equipment,1652,,-0.5951,,HOLDZONE
JTEKT India,520057,JTEKTINDIA,Auto Components,,,0.7345,,
Indoco Remedies,532612,INDOCO,Pharmaceuticals & Biotechnology,,,0.1754,,
Bajel Projects,544042,BAJEL,Electrical Equipment,,,0.0688,,
20 Microns,533022,20MICRONS,Minerals & Mining,,,0.1115,,
3i Infotech,532628,3IINFOLTD,IT - Software,,874,7.2969,,
A2Z Infra Engg.,533292,A2ZINFRA,Construction,,,-0.5945,,HOLDZONE
Aaron Industries,,AARON,Industrial Manufacturing,,,-0.1344,,HOLDZONE
Aarti Surfactant,543210,AARTISURF,Chemicals & Petrochemicals,,,-0.486,,HOLDZONE
AB Cotspin,544522,ABCOTS,Textiles & Apparels,,,-0.7662,,HOLDZONE
A B Infrabuild,544281,ABINFRA,Construction,,,2.9447,,
Allcargo Gati,532345,ACLGATI,Transport Services,,,-0.1734,,HOLDZONE
ADF Foods,519183,ADFFOODS,Food Products,,,-0.5713,,HOLDZONE
Ador Welding,517041,ADOR,Industrial Products,,,0.0718,,
Advani Hotels.,523269,ADVANIHOTR,Leisure Services,,,-0.3444,,HOLDZONE
Advanced Enzyme,540025,ADVENZYMES,Pharmaceuticals & Biotechnology,,,0.3904,,
Aeroflex Enter.,511076,AEROENTER,Industrial Products,,,-0.1482,,HOLDZONE
Affordable Robo.,541402,AFFORDABLE,Industrial Manufacturing,,,-0.1025,,HOLDZONE
Akme Fintrade,544200,AFIL,Finance,,,-0.707,,HOLDZONE
Abans Financial,543712,AFSL,Finance,,,2.8991,,
Agarwal Indl.,531921,AGARIND,Chemicals & Petrochemicals,,,-0.1902,,HOLDZONE
Ahluwalia Contr.,532811,AHLUCONT,Construction,1983,,-0.9222,,HOLDZONE
Ajax Engineering,544356,AJAXENGG,"Agricultural, Commercial & Construction Vehicles",1955,,-0.5793,,HOLDZONE
Akums Drugs,544222,AKUMS,Pharmaceuticals & Biotechnology,,,-0.0601,,HOLDZONE
Alankit,531082,ALANKIT,Commercial Services & Supplies,,,-0.5531,,HOLDZONE
Albert David,524075,ALBERTDAVD,Pharmaceuticals & Biotechnology,,,-0.6083,,HOLDZONE
Alembic,506235,ALEMBICLTD,Realty,,,-0.1828,,HOLDZONE
Alicon Cast.,531147,ALICON,Auto Components,,,0.6951,,
Alkyl Amines,506767,ALKYLAMINE,Chemicals & Petrochemicals,,,0.0227,,
Alldigi Tech,532633,ALLDIGI,Commercial Services & Supplies,,,-0.2129,,HOLDZONE
All Time Plastic,544479,ALLTIME,Consumer Durables,147,269,-0.8392,-122,TRIMZONE
Amanta Healthcar,544502,AMANTA,Pharmaceuticals & Biotechnology,,,0.2217,,
Ambika Cotton,531978,AMBIKCO,Textiles & Apparels,,,-0.6069,,HOLDZONE
Amines & Plast.,506248,AMNPLST,Chemicals & Petrochemicals,,,-0.8415,,HOLDZONE
Amrutanjan Healt,590006,AMRUTANJAN,Pharmaceuticals & Biotechnology,,,0.0462,,
Andhra Paper,502330,ANDHRAPAP,"Paper, Forest & Jute Products",,,-0.7409,,HOLDZONE
Andhra Sugars,590062,ANDHRSUGAR,Chemicals & Petrochemicals,,,-0.0662,,HOLDZONE
Antelopus Selan,530075,ANTELOPUS,Oil,,,-0.4739,,HOLDZONE
Anuh Pharma,506260,ANUHPHR,Pharmaceuticals & Biotechnology,,,2.1703,,
Anjani Portland,518091,APCL,Cement & Cement Products,,,-0.0447,,HOLDZONE
Apcotex Industri,523694,APCOTEXIND,Industrial Products,,,-0.2209,,HOLDZONE
Apex Frozen Food,540692,APEX,Food Products,,,0,,
Apollo Sindoori,,APOLSINHOT,Leisure Services,,,1.9143,,
Australian Prem,,APS,Electrical Equipment,,,5.5772,,
Aptech,532475,APTECHT,Other Consumer Services,,,-0.6078,,HOLDZONE
Arfin India,539151,ARFIN,Non - Ferrous Metals,,,0.3282,,
Aries Agro,532935,ARIES,Fertilizers & Agrochemicals,312,,-0.8091,,HOLDZONE
Arihant Super.,506194,ARIHANTSUP,Realty,,,-0.5963,,HOLDZONE
Arman Financial,531179,ARMANFIN,Finance,259,,-0.3454,,HOLDZONE
Artemis Medicare,542919,ARTEMISMED,Healthcare Services,,,-0.2359,,HOLDZONE
Arvind SmartSp.,539301,ARVSMART,Realty,,,-0.1579,,HOLDZONE
Asahi Songwon,532853,ASAHISONG,Chemicals & Petrochemicals,,,-0.3735,,HOLDZONE
Assoc.Alcohols,507526,ASALCBR,Beverages,,,0.5744,,
Ashiana Housing,523716,ASHIANA,Realty,,,-0.3334,,HOLDZONE
Ashima,514286,ASHIMASYN,Textiles & Apparels,,,-0.437,,HOLDZONE
Asian Energy,530355,ASIANENE,Oil,247,,-0.774,,HOLDZONE
Asian Hotels (N),500023,ASIANHOTNR,Leisure Services,,,-0.5516,,HOLDZONE
Asian Granito,532888,ASIANTILES,Consumer Durables,80,374,-0.3212,-294,TRIMZONE
Bartronics India,532694,ASMS,IT - Services,,,2.361,,
Adani Total Gas,542066,ATGL,Gas,,,-0.8463,,HOLDZONE
Allcargo Termi,543954,ATL,Transport Infrastructure,,,-0.2144,,HOLDZONE
Atlantaa,532759,ATLANTAA,Construction,,,0.0205,,
Automotive Axles,505010,AUTOAXLES,Auto Components,,,-0.596,,HOLDZONE
Autoline Industr,532797,AUTOIND,Auto Components,,,-0.4127,,HOLDZONE
Avadh Sugar,540649,AVADHSUGAR,Agricultural Food & other Products,,,-0.6278,,HOLDZONE
AVG Logistics,543910,AVG,Transport Services,,,,,
Avonmore Capital,511589,AVONMORE,Finance,,,0.0354,,
AVT Natural Prod,519105,AVTNPL,Agricultural Food & other Products,,,-0.2184,,HOLDZONE
Antony Waste han,543254,AWHCL,Other Utilities,,,-0.1708,,HOLDZONE
AYM Syntex,508933,AYMSYNTEX,Textiles & Apparels,,,-0.7021,,HOLDZONE
Bafna Pharma.,532989,BAFNAPH,Pharmaceuticals & Biotechnology,,,7.0523,,
Indef Manufactur,544364,BAJAJINDEF,Industrial Manufacturing,,,0.7556,,
Shree TirupatiBa,544249,BALAJEE,Industrial Products,,,-0.3356,,HOLDZONE
Balaji Telefilms,532382,BALAJITELE,Entertainment,,,-0.6731,,HOLDZONE
Balaji Amines,530999,BALAMINES,Chemicals & Petrochemicals,457,,-0.5942,,HOLDZONE
Balmer Lawrie,523319,BALMLAWRIE,Diversified,,,-0.4157,,HOLDZONE
Bannari Amm.Sug.,500041,BANARISUG,Agricultural Food & other Products,,,-0.5311,,HOLDZONE
Bansal Wire Inds,544209,BANSALWIRE,Industrial Products,,,-0.3947,,HOLDZONE
Banswara Syntex,503722,BANSWRAS,Textiles & Apparels,,,-0.5386,,HOLDZONE
BASF India,500042,BASF,Chemicals & Petrochemicals,1847,1424,-0.3986,423,HOLDZONE
Bharat Bijlee,503960,BBL,Electrical Equipment,,,1.0081,,
B&B Triplewall,543668,BBTCL,Industrial Products,,,0.0426,,
Brightcom Group,532368,BCG,IT - Services,,,0.8067,,
BCL Industries,524332,BCLIND,Beverages,,,-0.3981,,HOLDZONE
Brand Concepts,543442,BCONCEPTS,Retailing,,,0.1645,,
Bharat Dynamics,541143,BDL,Aerospace & Defense,,,-0.9685,,HOLDZONE
Bedmutha Indus.,533270,BEDMUTHA,Industrial Products,,,-0.2138,,HOLDZONE
Bella Casa Fashi,539399,BELLACASA,Textiles & Apparels,,,-0.387,,HOLDZONE
Bhansali Engg.,500052,BEPL,Chemicals & Petrochemicals,,,0.3428,,
Best Agrolife,539660,BESTAGRO,Fertilizers & Agrochemicals,,,-0.353,,HOLDZONE
Bhagiradha Chem.,531719,BHAGCHEM,Fertilizers & Agrochemicals,,,-0.6599,,HOLDZONE
Bhagyanagar Ind,512296,BHAGYANGR,Non - Ferrous Metals,,,-0.1192,,HOLDZONE
Bharat Wire,539799,BHARATWIRE,Industrial Products,,,-0.2953,,HOLDZONE
BIGBLOC Const.,540061,BIGBLOC,Cement & Cement Products,,,-0.0798,,HOLDZONE
Birla Cable,500060,BIRLACABLE,Telecom - Equipment & Accessories,,,-0.1713,,HOLDZONE
Adit.Birla Money,532974,BIRLAMONEY,Capital Markets,,,-0.1665,,HOLDZONE
BirlaNu Ltd,509675,BIRLANU,Consumer Durables,,,-0.8174,,HOLDZONE
BEML Land Assets,543898,BLAL,Finance,,,0.7561,,
B.L.Kashyap,532719,BLKASHYAP,Construction,,,-0.4327,,HOLDZONE
BLS E-Services,544107,BLSE,IT - Services,,,-0.0974,,HOLDZONE
Bluspring Enter.,544414,BLUSPRING,Commercial Services & Supplies,,,-0.3983,,HOLDZONE
BMW Ventures,544543,BMWVENTLTD,Metals & Minerals Trading,,,-0.0494,,HOLDZONE
Bodal Chemicals,524370,BODALCHEM,Chemicals & Petrochemicals,,,-0.5965,,HOLDZONE
Borana Weaves,544404,BORANA,Textiles & Apparels,,,-0.1362,,HOLDZONE
Borosil,543212,BOROLTD,Consumer Durables,,,-0.2307,,HOLDZONE
Borosil Scienti.,544184,BOROSCI,Industrial Products,,,-0.2598,,HOLDZONE
BPL,500074,BPL,Consumer Durables,,,-0.0661,,HOLDZONE
Brigade Hotel,544457,BRIGHOTEL,Leisure Services,,,0.4963,,
Brooks Lab.,533543,BROOKS,Pharmaceuticals & Biotechnology,,,2.6294,,
Bombay Super Hyb,,BSHSL,Agricultural Food & other Products,,,0.9269,,
Butterfly Gan Ap,517421,BUTTERFLY,Consumer Durables,,,0.3345,,
The Byke Hospi.,531373,BYKE,Leisure Services,,,0.2011,,
Canara HSBC,544583,CANHLIFE,Insurance,,,1.3213,,
Cantabil Retail,533267,CANTABIL,Textiles & Apparels,,,-0.5438,,HOLDZONE
Capital Small,544120,CAPITALSFB,Banks,,,2.5971,,
Century Enka,500280,CENTENKA,Textiles & Apparels,,,0.6587,,
Centrum Capital,501150,CENTRUM,Finance,,,0.0675,,
Concord Enviro,544315,CEWATER,Other Utilities,,,-0.0385,,HOLDZONE
Chembond Chemic.,544450,CHEMBONDCH,Chemicals & Petrochemicals,,,0.5076,,
Chemfab Alka.,541269,CHEMFAB,Chemicals & Petrochemicals,,,-0.5839,,HOLDZONE
Chemplast Sanmar,543336,CHEMPLASTS,Chemicals & Petrochemicals,,,-0.0473,,HOLDZONE
Cheviot Company,526817,CHEVIOT,"Paper, Forest & Jute Products",,,-0.5984,,HOLDZONE
Capital India,530879,CIFL,Finance,,,-0.2588,,HOLDZONE
CL Educate,540403,CLEDUCATE,Other Consumer Services,,,-0.4727,,HOLDZONE
Coffee Day Enter,539436,COFFEEDAY,Leisure Services,,,0.0505,,
Commerl. Synbags,539986,COMSYN,Industrial Products,,,1.4752,,
Confidence Petro,526829,CONFIPET,Gas,,,0.147,,
Cons. Finvest,,CONSOFINVT,Finance,,,0.7124,,
Control Print,522295,CONTROLPR,IT - Hardware,,,-0.3351,,HOLDZONE
Cosmo First,508814,COSMOFIRST,Industrial Products,1143,1813,0.0964,-670,SELLZONE
Career Point Edu,544499,CPEDU,Other Consumer Services,,,-0.6563,,HOLDZONE
Canara Robeco,544580,CRAMC,Capital Markets,,,-0.3253,,HOLDZONE
Creative Newtech,,CREATIVE,Commercial Services & Supplies,,,-0.4147,,HOLDZONE
CSL Finance,530067,CSLFINANCE,Finance,,,0.1879,,
City Union Bank,532210,CUB,Banks,,,0,,
Dalmia Bharat,500097,DALMIASUG,Agricultural Food & other Products,1056,,-0.6581,,HOLDZONE
Davangere Sugar,543267,DAVANGERE,Diversified FMCG,,,-0.3075,,HOLDZONE
D B Corp,533151,DBCORP,Media,1141,,-0.485,,HOLDZONE
Deepak Builders,544276,DBEIL,Construction,,,-0.0245,,HOLDZONE
Dilip Buildcon,540047,DBL,Construction,,,-0.757,,HOLDZONE
Dhampur Bio,543593,DBOL,Agricultural Food & other Products,,,-0.3842,,HOLDZONE
DCM Shriram Inds,523369,DCMSRIND,Agricultural Food & other Products,,,-0.6131,,HOLDZONE
DCW,500117,DCW,Chemicals & Petrochemicals,,,-0.2237,,HOLDZONE
DDev Plastiks,543547,DDEVPLSTIK,Chemicals & Petrochemicals,,,-0.3896,,HOLDZONE
DEE Development,544198,DEEDEV,Industrial Manufacturing,,,0.006,,
Delphi World,533452,DELPHIFX,Finance,,,1.2383,,
Den Networks,533137,DEN,Entertainment,,,,,
DE Nora India,590031,DENORA,Industrial Products,,,-0.6004,,HOLDZONE
Dev Accele.,544513,DEVX,Commercial Services & Supplies,,,0.114,,
Dhampur Sugar,500119,DHAMPURSUG,Agricultural Food & other Products,328,,-0.4755,,HOLDZONE
Dhanuka Agritech,507717,DHANUKA,Fertilizers & Agrochemicals,,,-0.3393,,HOLDZONE
Dharmaj Crop,543687,DHARMAJ,Fertilizers & Agrochemicals,,,0.005,,
Dhunseri Invest.,533336,DHUNINV,Finance,,,-0.3722,,HOLDZONE
DIC India,500089,DICIND,Chemicals & Petrochemicals,,,-0.6009,,HOLDZONE
DigiSpice Tech.,517214,DIGISPICE,IT - Services,,,-0.781,,HOLDZONE
Digitide Solutio,544413,DIGITIDE,IT - Services,853,,-0.3839,,HOLDZONE
Dish TV India,532839,DISHTV,Entertainment,,,0.0361,,
Divgi Torq,543812,DIVGIITTS,Auto Components,,,0.2756,,
D-Link India,533146,DLINKINDIA,IT - Hardware,,,-0.2852,,HOLDZONE
DMCC Speciality,506405,DMCC,Chemicals & Petrochemicals,,,0.3371,,
Dodla Dairy,543306,DODLA,Food Products,,,0.4592,,
Dolat Algotech,505526,DOLATALGO,Capital Markets,,,-0.6311,,HOLDZONE
Dollar Industrie,541403,DOLLAR,Textiles & Apparels,,,-0.3104,,HOLDZONE
Dolphin Offshore,522261,DOLPHIN,Oil,,,0.2897,,
Donear Inds.,512519,DONEAR,Textiles & Apparels,64,,-0.792,,HOLDZONE
D.P. Abhushan,544161,DPABHUSHAN,Consumer Durables,,,-0.4377,,HOLDZONE
India Power Corp,,DPSCLTD,Power,,,0.5871,,
D P Wires,543962,DPWIRES,Industrial Products,,,-0.382,,HOLDZONE
Dreamfolks Servi,543591,DREAMFOLKS,Transport Infrastructure,,,-0.1958,,HOLDZONE
Dredging Corpn.,523618,DREDGECORP,Engineering Services,,,0.0062,,
Dwarikesh Sugar,532610,DWARKESH,Agricultural Food & other Products,196,,-0.7168,,HOLDZONE
Dynemic Products,532707,DYNPRO,Chemicals & Petrochemicals,,,-0.3636,,HOLDZONE
E2E Networks,,E2E,IT - Services,,,,,
Easy Trip Plann.,543272,EASEMYTRIP,Leisure Services,863,885,-0.2337,-22,TRIMZONE
Ecos (India),544239,ECOSMOBLTY,Transport Services,,,-0.2447,,HOLDZONE
Euro India Fresh,,EIFFL,Food Products,,,-0.3376,,HOLDZONE
EIH Assoc.Hotels,523127,EIHAHOTELS,Leisure Services,,,-0.4835,,HOLDZONE
Eldeco Housing,523329,ELDEHSG,Realty,,,0.1632,,
Electrotherm(I),526608,ELECTHERM,Industrial Products,,,-0.4742,,HOLDZONE
Elgi Rubber Co,,ELGIRUBCO,Industrial Products,,,-0.5278,,HOLDZONE
Elin Electronics,543725,ELIN,Consumer Durables,,,,,
Emami Paper,533208,EMAMIPAP,"Paper, Forest & Jute Products",,,-0.3387,,HOLDZONE
Emami Realty Ltd,533218,EMAMIREAL,Realty,,,3.3261,,
EMS,543983,EMSLIMITED,Other Utilities,,,-0.1233,,HOLDZONE
eMudhra,543533,EMUDHRA,IT - Services,1540,,-0.1672,,HOLDZONE
Ent.Network,532700,ENIL,Entertainment,,,2.1376,,
Epigral,543332,EPIGRAL,Chemicals & Petrochemicals,,,-0.3546,,HOLDZONE
EPL Ltd,500135,EPL,Industrial Products,,,-0.0207,,HOLDZONE
Esab India,500133,ESABINDIA,Industrial Products,,,-0.6123,,HOLDZONE
ESAF Small Fin,544020,ESAFSFB,Banks,,,0.3923,,
Essar Shipping,533704,ESSARSHPNG,Transport Services,,,3.1058,,
Ester Industries,500136,ESTER,Industrial Products,,,0.2284,,
Eureka Forbes,543482,EUREKAFORB,Consumer Durables,320,408,-0.3634,-88,TRIMZONE
Euro Panel,544461,EUROBOND,Industrial Products,,,1.7036,,
Everest Inds.,508906,EVERESTIND,Other Construction Materials,,,2.0144,,
Excel Industries,500650,EXCELINDUS,Chemicals & Petrochemicals,,,1.0678,,
Expleo Solutions,533121,EXPLEOSOL,IT - Services,,,-0.4612,,HOLDZONE
Exxaro Tiles,543327,EXXARO,Consumer Durables,,,-0.8897,,HOLDZONE
Fabtech Tech.,544558,FABTECH,Healthcare Services,,,-0.5866,,HOLDZONE
F A C T,590024,FACT,Fertilizers & Agrochemicals,,,,,
Fairchem Organic,543252,FAIRCHEMOR,Chemicals & Petrochemicals,,,-0.5405,,HOLDZONE
FCS Software,532666,FCSSOFT,IT - Services,40,,-0.8417,,HOLDZONE
Filatex Fash.,532022,FILATFASH,Textiles & Apparels,,,-0.2386,,HOLDZONE
Finkurve Fin.,508954,FINKURVE,Finance,,,-0.3632,,HOLDZONE
Flair Writing,544030,FLAIR,Household Products,1862,,-0.7127,,HOLDZONE
Federal-Mogul Go,505744,FMGOETZE,Auto Components,,,0.9094,,
Foods & Inns,507552,FOODSIN,Food Products,,,-0.4192,,HOLDZONE
Foseco India,500150,FOSECOIND,Chemicals & Petrochemicals,,,-0.4352,,HOLDZONE
Firstsour.Solu.,532809,FSL,Commercial Services & Supplies,,,,,
Guj. Ambuja Exp,524226,GAEL,Agricultural Food & other Products,1320,,-0.6012,,HOLDZONE
Gala Precis. Eng,544244,GALAPREC,Industrial Manufacturing,,,-0.5985,,HOLDZONE
Galaxy Surfact.,540935,GALAXYSURF,Chemicals & Petrochemicals,,,-0.2558,,HOLDZONE
Gandhar Oil Ref.,544029,GANDHAR,Petroleum Products,,,-0.5657,,HOLDZONE
Gandhi Spl. Tube,513108,GANDHITUBE,Industrial Products,,,-0.5864,,HOLDZONE
Ganesha Ecosphe.,514167,GANECOS,Textiles & Apparels,,,-0.3872,,HOLDZONE
Ganesh Benzopl.,500153,GANESHBE,Oil,,,0.0128,,
Ganesh Housing,526367,GANESHHOU,Realty,885,,-0.3682,,HOLDZONE
Garware Tech.,509557,GARFIBRES,Textiles & Apparels,391,,-0.7498,,HOLDZONE
Gateway Distri,543489,GATEWAY,Transport Services,,,-0.2172,,HOLDZONE
GeeCee Vent.,532764,GEECEE,Realty,,,0.5126,,
Geekay Wires,,GEEKAYWIRE,Industrial Products,,,1.2815,,
Genus Paper & Bo,538961,GENUSPAPER,"Paper, Forest & Jute Products",,,-0.5513,,HOLDZONE
Geojit Fin. Ser.,532285,GEOJITFSL,Capital Markets,1965,1993,-0.4389,-28,TRIMZONE
GFL,500173,GFLLIMITED,Finance,19,,-0.5743,,HOLDZONE
GHCL Textiles,543918,GHCLTEXTIL,Textiles & Apparels,,,-0.572,,HOLDZONE
GIC Housing Fin,511676,GICHSGFIN,Finance,,,0.1192,,
Ginni Filaments,590025,GINNIFILA,Textiles & Apparels,,,-0.5767,,HOLDZONE
GKW,,GKWLIMITED,Finance,,,1.9376,,
Global Vectra,532773,GLOBALVECT,Transport Services,,,-0.6397,,HOLDZONE
Globe Civil,544424,GLOBECIVIL,Construction,,,-0.4525,,HOLDZONE
Gloster Ltd,542351,GLOSTERLTD,"Paper, Forest & Jute Products",,,-0.7496,,HOLDZONE
Glottis,544557,GLOTTIS,Transport Services,,,-0.3641,,HOLDZONE
GNA Axles,540124,GNA,Auto Components,,,-0.4183,,HOLDZONE
Goa Carbon,509567,GOACARBON,Minerals & Mining,,,0.6931,,
GOCL Corpn.,506480,GOCLCORP,Chemicals & Petrochemicals,,,0.8661,,
Go Fashion (I),543401,GOCOLORS,Retailing,731,626,-0.0966,105,HOLDZONE
Godavari Bioref.,544279,GODAVARIB,Diversified FMCG,713,,-0.2423,,HOLDZONE
Gokul Refoils,532980,GOKUL,Agricultural Food & other Products,,,-0.6472,,HOLDZONE
Gopal Snacks,544140,GOPAL,Food Products,,,-0.2789,,HOLDZONE
GPT Healthcare,544131,GPTHEALTH,Healthcare Services,,,-0.5987,,HOLDZONE
GPT Infraproject,533761,GPTINFRA,Construction,,,-0.6039,,HOLDZONE
Greenlam Industr,538979,GREENLAM,Consumer Durables,,,0.5522,,
Greenply Industr,526797,GREENPLY,Consumer Durables,,,-0.0771,,HOLDZONE
Orient Green,533263,GREENPOWER,Power,219,157,-0.5065,62,HOLDZONE
G R Infraproject,543317,GRINFRA,Construction,1366,,-0.8219,,HOLDZONE
GRP,509152,GRPLTD,Industrial Products,,,-0.3833,,HOLDZONE
Global Surfaces,543829,GSLSU,Consumer Durables,,,-0.4501,,HOLDZONE
GTL Infra.,532775,GTLINFRA,Telecom - Services,981,,-0.7746,,HOLDZONE
GTPL Hathway,540602,GTPL,Entertainment,,,0.4509,,
Gufic BioScience,509079,GUFICBIO,Pharmaceuticals & Biotechnology,,,0.1046,,
Gujarat Alkalies,530001,GUJALKALI,Chemicals & Petrochemicals,,,-0.2804,,HOLDZONE
Guj Apollo Inds,522217,GUJAPOLLO,Industrial Manufacturing,,,2.9327,,
Gulf Oil Lubric.,538567,GULFOILLUB,Petroleum Products,1221,880,-0.2889,341,HOLDZONE
Gulshan Polyols,532457,GULPOLY,Agricultural Food & other Products,168,,-0.8854,,HOLDZONE
GVK Power Infra.,532708,GVKPIL,Construction,,,0.189,,
GE Power,532309,GVPIL,Electrical Equipment,,,-0.1998,,HOLDZONE
Happy Forgings,544057,HAPPYFORGE,Industrial Products,183,,-0.6508,,HOLDZONE
Hardwyn India,541276,HARDWYN,Consumer Durables,1035,181,-0.1999,854,HOLDZONE
Harri. Malayalam,500467,HARRMALAYA,Industrial Products,,,-0.4606,,HOLDZONE
Harsha Engg Intl,543600,HARSHA,Industrial Products,331,,-0.9342,,HOLDZONE
Hathway Cable,533162,HATHWAY,Entertainment,,,-0.394,,HOLDZONE
Hind.Construct.,500185,HCC,Construction,1694,1682,0.2854,12,BUYZONE
Health.Global,539787,HCG,Healthcare Services,,,,,
HCL Infosystems,500179,HCL-INSYS,IT - Hardware,,,0.5882,,
Heidelberg Cem.,500292,HEIDELBERG,Cement & Cement Products,1461,,-0.2381,,HOLDZONE
Heranba Inds,543266,HERANBA,Fertilizers & Agrochemicals,,,-0.0742,,HOLDZONE
Hercules Hoists,505720,HERCULES,Industrial Manufacturing,,,-0.0041,,HOLDZONE
Hester Bios,524669,HESTERBIO,Pharmaceuticals & Biotechnology,,,-0.2712,,HOLDZONE
Heubach Colorant,506390,HEUBACHIND,Chemicals & Petrochemicals,,,1.2504,,
Hexa Tradex,534328,HEXATRADEX,Finance,,,0.8766,,
Hinduja Global,532859,HGS,Commercial Services & Supplies,,,1.5194,,
Highway Infra,544477,HILINFRA,Transport Infrastructure,,,0.0511,,
Himatsing. Seide,514043,HIMATSEIDE,Textiles & Apparels,169,207,-0.766,-38,TRIMZONE
Hind.Composites,509635,HINDCOMPOS,Auto Components,,,-0.026,,HOLDZONE
Hindustan Motors,500500,HINDMOTORS,Automobiles,,,,,
Hind.Oil Explor.,500186,HINDOILEXP,Oil,1293,1057,0.0181,236,BUYZONE
Hindware Home In,542905,HINDWAREAP,Consumer Durables,188,,-0.3993,,HOLDZONE
Hind Rectifiers,504036,HIRECT,Industrial Manufacturing,,,0.195,,
Hitech Corp.,526217,HITECHCORP,Industrial Products,,,-0.7001,,HOLDZONE
The Hi-Tech Gear,522073,HITECHGEAR,Auto Components,,,0.6339,,
HLV,500193,HLVLTD,Leisure Services,,,-0.5207,,HOLDZONE
HMA Agro Inds.,543929,HMAAGRO,Food Products,,,-0.4447,,HOLDZONE
HMT,500191,HMT,Industrial Manufacturing,,,-1,,HOLDZONE
Hindustan Media,533217,HMVL,Media,,,-0.4748,,HOLDZONE
Hindustan Foods,519126,HNDFDS,Diversified FMCG,,,-0.1806,,HOLDZONE
Honda India,522064,HONDAPOWER,Industrial Manufacturing,,,-0.416,,HOLDZONE
HP Adhesives,543433,HPAL,Chemicals & Petrochemicals,,,0.2781,,
HPL Electric,540136,HPL,Industrial Manufacturing,,,0,,
H T Media,532662,HTMEDIA,Media,,,-0.3813,,HOLDZONE
ICE Make Refrig.,,ICEMAKE,Industrial Manufacturing,,,-0.6804,,HOLDZONE
ICRA,532835,ICRA,Capital Markets,,1164,1.7792,,
Vodafone Idea,532822,IDEA,Telecom - Services,,,,,
Indiabulls Enter,543715,IEL,Commercial Services & Supplies,,,-0.4539,,HOLDZONE
Igarashi Motors,517380,IGARASHI,Auto Components,,,0.0243,,
Indogulf Cropsci,544432,IGCL,Fertilizers & Agrochemicals,365,,-0.3641,,HOLDZONE
International Ge,544311,IGIL,Commercial Services & Supplies,,,-0.7593,,HOLDZONE
Indraprastha Gas,532514,IGL,Gas,,,-0.5077,,HOLDZONE
I G Petrochems,500199,IGPL,Chemicals & Petrochemicals,,,-0.5142,,HOLDZONE
Indl. Inv. Trust,501295,IITL,Finance,,,-0.213,,HOLDZONE
IKIO Tech,543923,IKIO,Consumer Durables,,,-0.4917,,HOLDZONE
IL&FS Engg.,532907,IL&FSENGG,Construction,,,0.2919,,
Imagica. Enter.,539056,IMAGICAA,Leisure Services,,,-0.605,,HOLDZONE
India Motor Part,590065,IMPAL,Auto Components,,,-0.3239,,HOLDZONE
Indian Hume Pipe,504741,INDIANHUME,Industrial Manufacturing,,,-0.2078,,HOLDZONE
Indigo Paints,543258,INDIGOPNTS,Consumer Durables,1339,1181,-0.3934,158,HOLDZONE
Indiqube Spaces,544454,INDIQUBE,Commercial Services & Supplies,,,-0.6175,,HOLDZONE
Indo Amines,524648,INDOAMIN,Chemicals & Petrochemicals,,,0.0551,,
Indo Borax & Ch.,524342,INDOBORAX,Chemicals & Petrochemicals,,,-0.2342,,HOLDZONE
Indo Rama Synth.,500207,INDORAMA,Textiles & Apparels,,529,0.4809,,
Indostar Capital,541336,INDOSTAR,Finance,,,0.8172,,
Indo Tech.Trans.,532717,INDOTECH,Electrical Equipment,,,0.1961,,
Ind-Swift Labs.,532305,INDSWFTLAB,Pharmaceuticals & Biotechnology,,,0.0789,,
InfoBeans Tech.,543644,INFOBEAN,IT - Software,,,2.9181,,
Ingersoll-Rand,500210,INGERRAND,Industrial Products,690,,-0.5565,,HOLDZONE
Innova Captab,544067,INNOVACAP,Pharmaceuticals & Biotechnology,,,-0.2784,,HOLDZONE
Innovana Think.,544302,INNOVANA,IT - Software,,,0.3218,,
Insecticid.India,532851,INSECTICID,Fertilizers & Agrochemicals,,,-0.593,,HOLDZONE
Inspirisys Sol.,532774,INSPIRISYS,IT - Services,,,0.1354,,
Intl. Conveyors,509709,INTLCONV,Industrial Manufacturing,,,-0.0821,,HOLDZONE
I O B,532388,IOB,Banks,,,-1,,HOLDZONE
I O C L,530965,IOC,Petroleum Products,,,,,
ION Exchange,500214,IONEXCHANG,Other Utilities,1018,,-0.501,,HOLDZONE
Iris Clothings,,IRISDOREME,Textiles & Apparels,,,-0.0404,,HOLDZONE
ISGEC Heavy,533033,ISGEC,Construction,1577,1601,-0.5213,-24,TRIMZONE
I T D C,532189,ITDC,Leisure Services,,,-0.9401,,HOLDZONE
Jagran Prakashan,532705,JAGRAN,Media,,,-0.5701,,HOLDZONE
Jagsonpal Pharma,507789,JAGSNPHARM,Pharmaceuticals & Biotechnology,,,0.2365,,
Jash Engineering,544402,JASH,Industrial Manufacturing,,508,1.4456,,
Jayant Agro Org.,524330,JAYAGROGN,Chemicals & Petrochemicals,,,1.1422,,
Jay Bharat Maru.,520066,JAYBARMARU,Auto Components,,,-0.2119,,HOLDZONE
Jindal Photo,532624,JINDALPHOT,Finance,,,1.2341,,
Jindal Drilling,511034,JINDRILL,Oil,1215,,-0.3521,,HOLDZONE
JITF Infra Logis,540311,JITFINFRA,Other Utilities,,,-0.4066,,HOLDZONE
J Kumar Infra,532940,JKIL,Construction,1033,705,-0.218,328,HOLDZONE
Jupiter Life Lin,543980,JLHL,Healthcare Services,,,15.968,,
JNK,544167,JNKINDIA,Industrial Manufacturing,,,0.2216,,
JP Associates,532532,JPASSOCIAT,Construction,,,,,
Jindal Poly Inve,536773,JPOLYINVST,Finance,,,2.6385,,
JSW Holdings,532642,JSWHL,Finance,715,,-0.4275,,HOLDZONE
Jubilant Agri,544355,JUBLCPL,Chemicals & Petrochemicals,,,-0.6259,,HOLDZONE
Juniper Hotels,544129,JUNIPER,Leisure Services,916,,-0.8055,,HOLDZONE
Kabra Extrusion,524109,KABRAEXTRU,Industrial Manufacturing,,,-0.3814,,HOLDZONE
Kalpat.,544423,KALPATARU,Realty,534,,-0.3753,,HOLDZONE
Kamat Hotels,526668,KAMATHOTEL,Leisure Services,,,-0.3503,,HOLDZONE
Kamdhenu,532741,KAMDHENU,Industrial Products,,,0.7975,,
Kanoria Chem.,506525,KANORICHEM,Industrial Manufacturing,,,2.3202,,
Kanpur Plastipa.,507779,KANPRPLA,Industrial Products,,,-0.4656,,HOLDZONE
Kapston Services,,KAPSTON,Commercial Services & Supplies,42,,-0.1641,,HOLDZONE
Kavveri Defence,590041,KAVDEFENCE,Telecom - Equipment & Accessories,,1934,2.4407,,
Kaya Ltd,539276,KAYA,Leisure Services,,,-0.3377,,HOLDZONE
KCP Sugar &Inds.,533192,KCPSUGIND,Agricultural Food & other Products,,,-0.3181,,HOLDZONE
K E C Intl.,532714,KEC,Construction,,,2.8935,,
Kirl. Electric,533193,KECL,Electrical Equipment,,,0.2884,,
Khadim India,540775,KHADIM,Consumer Durables,,,1.4177,,
Khaitan Chemical,507794,KHAICHEM,Fertilizers & Agrochemicals,,798,0.6542,,
Kilitch Drugs,524500,KILITCH,Pharmaceuticals & Biotechnology,,,-0.6912,,HOLDZONE
Kingfa Science,524019,KINGFA,Industrial Products,,570,6.9865,,
Kirloskar Indus.,500243,KIRLOSIND,Industrial Products,,,-0.832,,HOLDZONE
Kewal Kir.Cloth.,532732,KKCL,Textiles & Apparels,,,-0.3443,,HOLDZONE
Kokuyo Camlin,523207,KOKUYOCMLN,Household Products,,,0.3427,,
Kolte Patil Dev.,532924,KOLTEPATIL,Realty,,,-0.0311,,HOLDZONE
Kopran,524280,KOPRAN,Pharmaceuticals & Biotechnology,,,-0.0056,,HOLDZONE
Kothari Petroche,,KOTHARIPET,Chemicals & Petrochemicals,,,0.4642,,
Kothari Products,530299,KOTHARIPRO,Commercial Services & Supplies,,,-0.3186,,HOLDZONE
Krishival Foods,544416,KRISHIVAL,Food Products,,,-0.0453,,HOLDZONE
Kriti Industries,526423,KRITI,Industrial Products,,,-0.4297,,HOLDZONE
Kriti Nutrients,533210,KRITINUT,Agricultural Food & other Products,,,-0.0287,,HOLDZONE
KRN Heat Exchan,544263,KRN,Industrial Products,,,0,,
Kronox Lab,544187,KRONOX,Chemicals & Petrochemicals,,,-0.1319,,HOLDZONE
Krsnaa Diagnost.,543328,KRSNAA,Healthcare Services,489,,-0.6403,,HOLDZONE
Krystal Integrat,544149,KRYSTAL,Commercial Services & Supplies,,,-0.3315,,HOLDZONE
KSB,500249,KSB,Industrial Products,,,0.5096,,
Ksolves India,543599,KSOLVES,IT - Software,,,-0.6232,,HOLDZONE
Kuantum Papers,532937,KUANTUM,"Paper, Forest & Jute Products",,,-0.2527,,HOLDZONE
La Opala RG,526947,LAOPALA,Consumer Durables,,,-0.3299,,HOLDZONE
Liberty Shoes,526596,LIBERTSHOE,Consumer Durables,,,0.2302,,
Likhitha Infra.,543240,LIKHITHA,Construction,,,-0.0283,,HOLDZONE
Linc,531241,LINC,Household Products,,,-0.1994,,HOLDZONE
Lincoln Pharma.,531633,LINCOLN,Pharmaceuticals & Biotechnology,,,1.3824,,
LMW,500252,LMW,Industrial Manufacturing,279,453,-0.5982,-174,TRIMZONE
Lokesh Mach.,532740,LOKESHMACH,Industrial Manufacturing,,,0.035,,
Lords Chloro,500284,LORDSCHLO,Chemicals & Petrochemicals,,,-0.0987,,HOLDZONE
Lux Industries,539542,LUXIND,Textiles & Apparels,,,0.5149,,
Lyka Labs,500259,LYKALABS,Pharmaceuticals & Biotechnology,,,-0.3049,,HOLDZONE
Macpower CNC,,MACPOWER,Industrial Manufacturing,,,-0.2074,,HOLDZONE
Madras Fertilize,590134,MADRASFERT,Fertilizers & Agrochemicals,,,0.4241,,
Magadh Sugar,540650,MAGADSUGAR,Agricultural Food & other Products,,,-0.3135,,HOLDZONE
Mahamaya Steel,513554,MAHASTEEL,Industrial Products,,,1.6857,,
Mahindra EPC,523754,MAHEPC,Industrial Manufacturing,,,0.7063,,
Mahindra Logis.,540768,MAHLOG,Transport Services,,,-0.1988,,HOLDZONE
Maithan Alloys,590078,MAITHANALL,Ferrous Metals,,,-0.4919,,HOLDZONE
Mallcom (India),539400,MALLCOM,Industrial Products,,,-0.2853,,HOLDZONE
Manaksia,532932,MANAKSIA,Industrial Products,,,0.0043,,
Manaksia Steels,539044,MANAKSTEEL,Ferrous Metals,,,-0.6859,,HOLDZONE
Manali Petrochem,500268,MANALIPETC,Chemicals & Petrochemicals,1175,,-0.6684,,HOLDZONE
Manba Finance,544262,MANBA,Finance,,,1.3157,,
Mangal Credit,505850,MANCREDIT,Finance,,,-0.3232,,HOLDZONE
Mangalam Cement,502157,MANGLMCEM,Cement & Cement Products,138,,-0.8546,,HOLDZONE
Man Infra,533169,MANINFRA,Construction,,,-0.2687,,HOLDZONE
Manomay Tex Indi,540396,MANOMAY,Textiles & Apparels,,,0.1891,,
Mangalam Organic,514418,MANORG,Chemicals & Petrochemicals,,,-0.0177,,HOLDZONE
MAS FINANC SER,540749,MASFIN,Finance,485,,-0.6342,,HOLDZONE
Matrimony.com,540704,MATRIMONY,Retailing,,,0.519,,
Mawana Sugars,523371,MAWANASUG,Agricultural Food & other Products,,,-0.2017,,HOLDZONE
Max Estates,544008,MAXESTATES,Realty,1566,,-0.6719,,HOLDZONE
Max India Ltd,543223,MAXIND,Finance,,,-0.0505,,HOLDZONE
Mayur Uniquoters,522249,MAYURUNIQ,Consumer Durables,,,-0.5691,,HOLDZONE
Mazda,523792,MAZDA,Industrial Manufacturing,,,0.5719,,
MBL Infrast,533152,MBLINFRA,Construction,,,0.0326,,
Medicamen Biotec,531146,MEDICAMEQ,Pharmaceuticals & Biotechnology,24,,-0.6613,,HOLDZONE
Medico Remedies,540937,MEDICO,Pharmaceuticals & Biotechnology,,,-0.7347,,HOLDZONE
Mangal Electrica,544492,MEIL,Electrical Equipment,,,,,
Menon Bearings,523828,MENONBE,Auto Components,,,0.7941,,
Mangalam Global,544273,MGEL,Agricultural Food & other Products,,,-0.131,,HOLDZONE
Mahanagar Gas,539957,MGL,Gas,,,-0.3004,,HOLDZONE
Mahindra Holiday,533088,MHRIL,Leisure Services,,,-0.5097,,HOLDZONE
MIRC Electronics,500279,MIRCELECTR,Consumer Durables,,,0.6287,,
Mirza Internatio,526642,MIRZAINT,Consumer Durables,,,-0.3779,,HOLDZONE
M M Forgings,522241,MMFL,Auto Components,285,,-0.8556,,HOLDZONE
MMP Industries,,MMP,Non - Ferrous Metals,,,-1,,HOLDZONE
Modi Rubber,500890,MODIRUBBER,Auto Components,,,0.232,,
Modison,506261,MODISONLTD,Electrical Equipment,,,0.1897,,
Meghmani Organi.,543331,MOL,Fertilizers & Agrochemicals,,,0.0737,,
Mold-Tek Technol,526263,MOLDTECH,Construction,,,-0.2382,,HOLDZONE
Mold-Tek Pack.,533080,MOLDTKPAC,Industrial Products,,,0.362,,
Monarch Networth,511551,MONARCH,Capital Markets,,,-0.009,,HOLDZONE
Monte Carlo Fas.,538836,MONTECARLO,Textiles & Apparels,,,-0.2231,,HOLDZONE
Motisons Jewel,544053,MOTISONS,Consumer Durables,1875,,-0.5507,,HOLDZONE
MPS,532440,MPSLTD,Other Consumer Services,,,-0.5017,,HOLDZONE
MSP Steel & Pow.,532650,MSPL,Industrial Products,,,0.649,,
M T N L,500108,MTNL,Telecom - Services,1315,,-0.1204,,HOLDZONE
Mufin Green,542774,MUFIN,Finance,635,558,-0.7081,77,HOLDZONE
Credo Brands,544058,MUFTI,Retailing,,,-0.4649,,HOLDZONE
Mukand,500460,MUKANDLTD,Ferrous Metals,,,0.0466,,
Mukka Proteins,544135,MUKKA,Food Products,,,-0.4318,,HOLDZONE
Munjal Showa,520043,MUNJALSHOW,Auto Components,,,-0.5561,,HOLDZONE
Muthoot Cap.Serv,511766,MUTHOOTCAP,Finance,,,0.1164,,
Muthoot Microfin,544055,MUTHOOTMF,Finance,,,0.2267,,
Manoj Vaibhav,543995,MVGJL,Consumer Durables,,,-0.1697,,HOLDZONE
Mangalam World.,,MWL,Metals & Minerals Trading,,,-0.518,,HOLDZONE
NACL Industries,524709,NACLIND,Fertilizers & Agrochemicals,282,442,-0.4536,-160,TRIMZONE
Nagarjuna Fert.,539917,NAGAFERT,Fertilizers & Agrochemicals,,,-0.509,,HOLDZONE
Nahar Capital,532952,NAHARCAP,Finance,,,-0.2475,,HOLDZONE
Nahar Indl. Ent.,519136,NAHARINDUS,Textiles & Apparels,,,-0.433,,HOLDZONE
Nahar Poly,523391,NAHARPOLY,Industrial Products,,,-0.5413,,HOLDZONE
Nahar Spinning,500296,NAHARSPING,Textiles & Apparels,,,-0.7035,,HOLDZONE
Nath Bio-Genes,537291,NATHBIOGEN,Agricultural Food & other Products,,,-0.358,,HOLDZONE
Navneet Educat.,508989,NAVNETEDUL,Printing & Publication,,,-0.092,,HOLDZONE
NBI Indl. Fin.,,NBIFIN,Finance,,,-0.5488,,HOLDZONE
NCL Industries,502168,NCLIND,Cement & Cement Products,,,-0.2149,,HOLDZONE
Naga Dhunseri,,NDGL,Finance,,,-0.7802,,HOLDZONE
Nandan Denim,532641,NDL,Textiles & Apparels,,,-0.4216,,HOLDZONE
NDL Ventures,500189,NDLVENTURE,Finance,,,4.9203,,
NDR Auto Compon.,543214,NDRAUTO,Auto Components,,,-0.1717,,HOLDZONE
NDTV,532529,NDTV,Entertainment,,,-0.3257,,HOLDZONE
Nelcast,532864,NELCAST,Industrial Products,,,-0.2994,,HOLDZONE
Neogen Chemicals,542665,NEOGEN,Chemicals & Petrochemicals,1251,,-0.4964,,HOLDZONE
Natl.Fertilizer,523630,NFL,Fertilizers & Agrochemicals,,,0.9256,,
NGL Fine Chem,524774,NGLFINE,Pharmaceuticals & Biotechnology,,,-0.4693,,HOLDZONE
NIIT,500304,NIITLTD,Other Consumer Services,614,,-0.663,,HOLDZONE
NIIT Learning,543952,NIITMTS,Other Consumer Services,,1440,0.2438,,
Nila Infrastruct,530377,NILAINFRA,Realty,,,-0.6197,,HOLDZONE
Nila Spaces,542231,NILASPACES,Realty,,,-0.4714,,HOLDZONE
Nilkamal Ltd,523385,NILKAMAL,Consumer Durables,,,-0.4209,,HOLDZONE
NINtec Systems,539843,NINSYS,IT - Software,,,-0.5619,,HOLDZONE
Indo National,504058,NIPPOBATRY,Household Products,,,-0.7169,,HOLDZONE
Nitco,532722,NITCO,Consumer Durables,,,-0.3852,,HOLDZONE
Nitin Spinners,532698,NITINSPIN,Textiles & Apparels,,,-0.0615,,HOLDZONE
Nova Agritech,544100,NOVAAGRI,Fertilizers & Agrochemicals,,,-0.303,,HOLDZONE
Network People,544396,NPST,IT - Services,,,-0.1014,,HOLDZONE
N R Agarwal Inds,516082,NRAIL,"Paper, Forest & Jute Products",,,-0.7685,,HOLDZONE
NRB Bearings,530367,NRBBEARING,Auto Components,1637,,-0.7242,,HOLDZONE
Nucleus Soft.,531209,NUCLEUS,IT - Software,1113,,-0.8238,,HOLDZONE
Nureca,543264,NURECA,Healthcare Equipment & Supplies,14,,-0.7245,,HOLDZONE
Nexus Select,543913,NXST,Realty,,1828,0.2028,,
Oriental Aromat.,500078,OAL,Chemicals & Petrochemicals,,,7.1084,,
OCCL,544278,OCCLLTD,Chemicals & Petrochemicals,,,-0.5118,,HOLDZONE
Oil India,533106,OIL,Oil,,,27.571,,
Oil Country,500313,OILCOUNTUB,Oil,,,6.5014,,
Omaxe,532880,OMAXE,Realty,,,-0.0643,,HOLDZONE
Om Freight Forwa,544564,OMFREIGHT,Transport Services,,,7.5061,,
Om Infra,531092,OMINFRAL,Construction,,,2.1556,,
One Point One,,ONEPOINT,Commercial Services & Supplies,1139,1552,0.1121,-413,SELLZONE
Onward Technolog,517536,ONWARDTEC,IT - Services,,,-0.4954,,HOLDZONE
Orbit Exports,512626,ORBTEXP,Textiles & Apparels,,,-0.5397,,HOLDZONE
Oricon Enterpris,513121,ORICONENT,Industrial Products,,,0.2036,,
Orient Bell,530365,ORIENTBELL,Consumer Durables,,,-0.648,,HOLDZONE
Orient Ceratech,504879,ORIENTCER,Industrial Products,,,-0.3163,,HOLDZONE
Orient Electric,541301,ORIENTELEC,Consumer Durables,,,-0.3265,,HOLDZONE
Oriental Hotels,500314,ORIENTHOT,Leisure Services,,,0.6538,,
Orient Paper,502420,ORIENTPPR,"Paper, Forest & Jute Products",,,-0.2435,,HOLDZONE
Osia Hyper Reta.,,OSIAHYPER,Retailing,,,-0.1021,,HOLDZONE
Oswal Agro Mills,500317,OSWALAGRO,Commercial Services & Supplies,,,0.3106,,
Oswal Green Tech,539290,OSWALGREEN,Finance,,,-0.298,,HOLDZONE
Pakka,516030,PAKKA,"Paper, Forest & Jute Products",,,-0.4213,,HOLDZONE
Panache Digilife,,PANACHE,IT - Services,,,-0.4832,,HOLDZONE
Pansari Develop.,,PANSARI,Realty,,,0.2184,,
Paramount Comm.,530555,PARACABLES,Industrial Products,619,,-0.5476,,HOLDZONE
Apeejay Surrend.,544111,PARKHOTELS,Leisure Services,1225,,-0.5197,,HOLDZONE
Parsvnath Devl.,532780,PARSVNATH,Realty,,,-0.4212,,HOLDZONE
Pashupati Cotsp.,544448,PASHUPATI,Textiles & Apparels,,,-0.1875,,HOLDZONE
Pasupati Acrylon,500456,PASUPTAC,Chemicals & Petrochemicals,,,-0.3686,,HOLDZONE
Patel Retail,544487,PATELRMART,Retailing,,,-0.3979,,HOLDZONE
Pavna Industries,543915,PAVNAIND,Auto Components,,,3.7605,,
Pudumjee Paper,539785,PDMJEPAPER,"Paper, Forest & Jute Products",,,-0.4719,,HOLDZONE
PDS,538730,PDSL,Textiles & Apparels,111,,-0.6099,,HOLDZONE
Piramal Enterp.,500302,PEL,Finance,,,,,
Peninsula Land,503031,PENINLAND,Realty,,,0.7303,,
Power Fin.Corpn.,532810,PFC,Finance,,,,,
PTC India Fin,533344,PFS,Finance,,,-0.244,,HOLDZONE
P & G Health Ltd,500126,PGHL,Pharmaceuticals & Biotechnology,,1273,0.2969,,
Pilani Invest.,539883,PILANIINVS,Finance,257,810,-0.6112,-553,TRIMZONE
Pix Transmission,500333,PIXTRANS,Industrial Products,,,0.6229,,
Plastiblends (I),523648,PLASTIBLEN,Chemicals & Petrochemicals,,,-0.1878,,HOLDZONE
PNB Gilts,532366,PNBGILTS,Finance,,,-0.031,,HOLDZONE
Polyplex Corpn,524051,POLYPLEX,Industrial Products,1399,,-0.4503,,HOLDZONE
PPAP Automotive,532934,PPAP,Auto Components,,,-0.3613,,HOLDZONE
Prabha Energy,544379,PRABHA,Oil,,,-0.226,,HOLDZONE
Precot,,PRECOT,Textiles & Apparels,,,-0.8454,,HOLDZONE
Premier Polyfilm,514354,PREMIERPOL,Industrial Products,,,-0.0731,,HOLDZONE
Prime Securities,500337,PRIMESECU,Finance,,,1.0778,,
Primo Chemicals,506852,PRIMO,Chemicals & Petrochemicals,,,,,
Prince Pipes,542907,PRINCEPIPE,Industrial Products,1856,,-0.304,,HOLDZONE
Proventus Agro.,,PROV,Food Products,,,0,,
Pun. & Sind Bank,533295,PSB,Banks,,,-0.9095,,HOLDZONE
PTL Enterprises,509220,PTL,Commercial Services & Supplies,,,-0.8435,,HOLDZONE
Puravankara,532891,PURVA,Realty,142,,-0.6655,,HOLDZONE
PVP Ventures,517556,PVP,Realty,,,-0.0973,,HOLDZONE
Popular Vehicles,544144,PVSL,Automobiles,,,-0.1605,,HOLDZONE
Pyramid Technopl,543969,PYRAMID,Industrial Products,,,-0.4932,,HOLDZONE
Radhika Jeweltec,540125,RADHIKAJWE,Consumer Durables,,,-0.3508,,HOLDZONE
Radiant Cash,543732,RADIANTCMS,Commercial Services & Supplies,,,-0.645,,HOLDZONE
Rain Industries,500339,RAIN,Chemicals & Petrochemicals,,,0.6314,,
Rajoo Engineers,522257,RAJOOENG,Industrial Manufacturing,808,,-0.3599,,HOLDZONE
Raj Rayon Inds.,530699,RAJRILTD,Textiles & Apparels,,,-0.3845,,HOLDZONE
Shree Rama News.,500356,RAMANEWS,"Paper, Forest & Jute Products",,,1.0292,,
Ramco Systems,532370,RAMCOSYS,IT - Software,213,,-0.5003,,HOLDZONE
Ram Ratna Wires,522281,RAMRAT,Electrical Equipment,,,-0.298,,HOLDZONE
Rane Holdings,505800,RANEHOLDIN,Finance,,,-0.5795,,HOLDZONE
RBZ Jewellers Lt,544060,RBZJEWEL,Consumer Durables,,,-0.3899,,HOLDZONE
R C F,524230,RCF,Fertilizers & Agrochemicals,,,18.8468,,
Reliance Communi,532712,RCOM,Telecom - Services,,,-0.0895,,HOLDZONE
Ravindra Energy,504341,RELTD,Electrical Equipment,,,-0.2695,,HOLDZONE
Remsons Ind,530919,REMSONSIND,Auto Components,,,-0.395,,HOLDZONE
Repco Home Fin,535322,REPCOHOME,Finance,143,142,-0.1943,1,HOLDZONE
Repro India,532687,REPRO,Printing & Publication,,,-0.2554,,HOLDZONE
Responsive Ind,505509,RESPONIND,Consumer Durables,,,-0.3386,,HOLDZONE
Renaiss. Global,532923,RGL,Consumer Durables,,,-0.4537,,HOLDZONE
Rhetan TMT Ltd,543590,RHETAN,Industrial Products,,,-0.4821,,HOLDZONE
RHI Magnesita,534076,RHIM,Industrial Products,237,215,-0.2381,22,HOLDZONE
Robust Hotels,543901,RHL,Leisure Services,,,-0.6095,,HOLDZONE
Rishabh Instrum.,543977,RISHABH,Electrical Equipment,,,0.2726,,
Ritco Logistics,542383,RITCO,Transport Services,,,-0.6471,,HOLDZONE
R K Swamy,544136,RKSWAMY,Media,,,0.3141,,
R M Drip & Sprin,544456,RMDRIP,Industrial Products,,104,0.681,,
Royal Orch.Hotel,532699,ROHLTD,Leisure Services,,,-0.3579,,HOLDZONE
Rossari Biotech,543213,ROSSARI,Chemicals & Petrochemicals,,,-0.3096,,HOLDZONE
Roto Pumps,517500,ROTO,Industrial Products,,,-0.0764,,HOLDZONE
Raghav Product.,539837,RPEL,Industrial Products,,,0.007,,
RPG LifeScience.,532983,RPGLIFE,Pharmaceuticals & Biotechnology,,,0.086,,
RPP Infra Proj.,533284,RPPINFRA,Construction,,,-0.264,,HOLDZONE
RPSG Ventures,542333,RPSGVENT,Commercial Services & Supplies,,,-0.4369,,HOLDZONE
Rashi Peripheral,544119,RPTECH,IT - Hardware,1195,,-0.5207,,HOLDZONE
RSWM Ltd,500350,RSWM,Textiles & Apparels,,,-0.5989,,HOLDZONE
Rubfila Intl.,500367,RUBFILA,Industrial Products,,,-0.3477,,HOLDZONE
Rubicon Research,544578,RUBICON,,,,0.5237,,
Ruby Mills,503169,RUBYMILLS,Textiles & Apparels,,,-0.5943,,HOLDZONE
Ruchira Papers,532785,RUCHIRA,"Paper, Forest & Jute Products",,,-0.1862,,HOLDZONE
Rupa & Co,533552,RUPA,Textiles & Apparels,,,0.031,,
Rushil Decor,533470,RUSHIL,Consumer Durables,,,0.1127,,
Ravinder Heights,543251,RVHL,Realty,,,0.7723,,
Rail Vikas,542649,RVNL,Construction,,,0.6007,,
S & S Power Swit,517273,S&SPOWER,Electrical Equipment,,,0.4936,,
Sri Adhik. Bros.,530943,SABTNL,Entertainment,,,-0.1798,,HOLDZONE
Sadhana Nitro,506642,SADHNANIQ,Chemicals & Petrochemicals,,,-0.0606,,HOLDZONE
Safari Inds.,523025,SAFARI,Consumer Durables,,1413,1.246,,
Sakar Healthcare,,SAKAR,Pharmaceuticals & Biotechnology,,,-0.5372,,HOLDZONE
Saksoft,590051,SAKSOFT,IT - Software,988,,-0.6299,,HOLDZONE
Sakuma Exports,532713,SAKUMA,Commercial Services & Supplies,,,0.3332,,
S.A.L Steel,532604,SALSTEEL,Ferrous Metals,,,0.1028,,
Sanathan Textile,544314,SANATHAN,Textiles & Apparels,,,-0.3698,,HOLDZONE
Sandesh,526725,SANDESH,Media,,,0.3741,,
Sangam India,514234,SANGAMIND,Textiles & Apparels,,,-0.5228,,HOLDZONE
Sanghi Industrie,526521,SANGHIIND,Cement & Cement Products,,1102,5.5445,,
Sanofi India,500674,SANOFI,Pharmaceuticals & Biotechnology,886,984,-0.4422,-98,TRIMZONE
Sanofi Consumer,544250,SANOFICONR,Pharmaceuticals & Biotechnology,,,-0.8606,,HOLDZONE
Sanstar,544217,SANSTAR,Agricultural Food & other Products,,,-0.0152,,HOLDZONE
Sarla Performanc,526885,SARLAPOLY,Textiles & Apparels,,,-0.5372,,HOLDZONE
Sasken Technol.,532663,SASKEN,IT - Services,,,-0.3527,,HOLDZONE
Sastasundar Ven.,533259,SASTASUNDR,Healthcare Services,,,-0.7705,,HOLDZONE
Satia Industries,539201,SATIA,"Paper, Forest & Jute Products",,,-0.6182,,HOLDZONE
Satin Creditcare,539404,SATIN,Finance,,,0.2761,,
Saurashtra Cem.,502175,SAURASHCEM,Cement & Cement Products,,,0.3358,,
SBC Exports,542725,SBC,Textiles & Apparels,,,2.1019,,
Shivalik Bimetal,513097,SBCL,Industrial Products,1910,1846,-0.4539,64,HOLDZONE
Suratwwala Busi.,543218,SBGLP,Realty,,,0.263,,
S Chand & Compan,540497,SCHAND,Printing & Publication,,,-0.3016,,HOLDZONE
Scoda Tubes,544411,SCODATUBES,Industrial Products,,1959,1.159,,
SEAMEC Ltd,526807,SEAMECLTD,Transport Services,,,-0.3612,,HOLDZONE
Seshasayee Paper,502450,SESHAPAPER,"Paper, Forest & Jute Products",,,-0.2258,,HOLDZONE
Standard Glass,544333,SGLTL,Industrial Manufacturing,,,-0.4024,,HOLDZONE
SG Mart,512329,SGMART,Metals & Minerals Trading,686,1843,-0.4413,-1157,TRIMZONE
Shalimar Paints,509874,SHALPAINTS,Consumer Durables,,,-0.6481,,HOLDZONE
Shankara Build.,540425,SHANKARA,Retailing,,,-0.1659,,HOLDZONE
Sharda Motor,535602,SHARDAMOTR,Auto Components,,,-0.0167,,HOLDZONE
Shemaroo Entert.,538685,SHEMAROO,Entertainment,,,1.2023,,
Shivalik Rasayan,539148,SHIVALIK,Fertilizers & Agrochemicals,,,-0.5003,,HOLDZONE
Shivam Autotech,532776,SHIVAMAUTO,Auto Components,,,-0.658,,HOLDZONE
S H Kelkar & Co.,539450,SHK,Chemicals & Petrochemicals,846,1639,0.5937,-793,SELLZONE
Shoppers Stop,532638,SHOPERSTOP,Retailing,557,,-0.7736,,HOLDZONE
Shradha Infrapr.,,SHRADHA,Realty,,,-0.2711,,HOLDZONE
Sh. Digvijay Cem,502180,SHREDIGCEM,Cement & Cement Products,,,-0.2466,,HOLDZONE
Shreyans Inds.,516016,SHREYANIND,"Paper, Forest & Jute Products",,,0.4431,,
Shriram Properti,543419,SHRIRAMPPS,Realty,,,0.1813,,
Sical Logistics,520086,SICALLOG,Transport Services,,,,,
Sigma Solve,543917,SIGMA,IT - Services,,,-0.28,,HOLDZONE
Signpost India,544117,SIGNPOST,Media,,,-0.188,,HOLDZONE
SIL Investments,521194,SILINV,Finance,,,-0.7087,,HOLDZONE
Silver Touch,543525,SILVERTUC,IT - Software,,,0.0741,,
Simplex Infra,523838,SIMPLEXINF,Construction,,,-0.6354,,HOLDZONE
Sinclairs Hotels,523023,SINCLAIR,Leisure Services,,,0.5875,,
Sintercom India,,SINTERCOM,Auto Components,,,96.0789,,
SIS,540673,SIS,Other Consumer Services,,,0.6378,,
Siyaram Silk,503811,SIYSIL,Textiles & Apparels,373,588,-0.6029,-215,TRIMZONE
SKM Egg Prod.,532143,SKMEGGPROD,Food Products,,,-0.3434,,HOLDZONE
SKP Bearing,,SKP,Industrial Products,,,-0.5469,,HOLDZONE
SMC Global Sec.,543263,SMCGLOBAL,Capital Markets,,,0.2332,,
SMS Lifesciences,540679,SMSLIFE,Pharmaceuticals & Biotechnology,,,-0.0253,,HOLDZONE
Snowman Logistic,538635,SNOWMAN,Transport Services,,,-0.2375,,HOLDZONE
Softtech Enginee,543470,SOFTTECH,IT - Software,,,-0.0701,,HOLDZONE
Somany Ceramics,531548,SOMANYCERA,Consumer Durables,,,0.0901,,
Soma Textiles,521034,SOMATEX,Textiles & Apparels,,,0.7201,,
Savita Oil Tech,524667,SOTL,Petroleum Products,,,0.2324,,
S P Apparels,540048,SPAL,Textiles & Apparels,,,-0.6512,,HOLDZONE
Spandana Sphoort,542759,SPANDANA,Finance,,,-0.0518,,HOLDZONE
SPARC,532872,SPARC,Pharmaceuticals & Biotechnology,,,-0.4363,,HOLDZONE
Spacenet Enterpr,,SPCENET,Commercial Services & Supplies,,,-0.5571,,HOLDZONE
Speciality Rest.,534425,SPECIALITY,Leisure Services,,,0.5493,,
Spectrum Electr.,544386,SPECTRUM,Industrial Manufacturing,,,-0.2946,,HOLDZONE
Spencer's Retail,542337,SPENCERS,Retailing,,,-0.7085,,HOLDZONE
SPML Infra,500402,SPMLINFRA,Construction,,,-0.0788,,HOLDZONE
Sportking India,539221,SPORTKING,Textiles & Apparels,347,,-0.9589,,HOLDZONE
Shankar Lal Ram.,542232,SRD,Chemicals & Petrochemicals,,,1.4842,,
Sreeleathers,535601,SREEL,Consumer Durables,,,-0.6315,,HOLDZONE
SRG Housing,534680,SRGHFL,Finance,,,0.1423,,
Sr.Rayala.Hypo,532842,SRHHYPOLTD,Chemicals & Petrochemicals,,,-0.3167,,HOLDZONE
SRM Contractors,544158,SRM,Construction,,,0.0871,,
Saraswati Saree,544230,SSDL,Textiles & Apparels,,,-0.2434,,HOLDZONE
Steel Str. Wheel,513262,SSWL,Auto Components,592,,-0.6657,,HOLDZONE
Stanley Lifesty.,544202,STANLEY,Consumer Durables,,,-0.5744,,HOLDZONE
Strides Pharma,532531,STAR,Pharmaceuticals & Biotechnology,,,,,
Star Cement,540575,STARCEMENT,Cement & Cement Products,1595,,-0.2361,,HOLDZONE
S T C,512531,STCINDIA,Commercial Services & Supplies,,,0.7157,,
Steelcast,513517,STEELCAS,Industrial Products,452,,-0.4818,,HOLDZONE
Steel Exchange,534748,STEELXIND,Industrial Products,,,-0.2674,,HOLDZONE
Sterling Tools,530759,STERTOOLS,Auto Components,,,0.054,,
Stove Kraft,543260,STOVEKRAFT,Consumer Durables,254,,-0.611,,HOLDZONE
Subex,532348,SUBEXLTD,IT - Software,,,-0.4825,,HOLDZONE
Sukhjit Starch,524542,SUKHJITS,Agricultural Food & other Products,,,-0.4871,,HOLDZONE
Sumeet Industrie,514211,SUMEETINDS,Textiles & Apparels,,,0.4489,,
Sumit Woods,,SUMIT,Realty,,,-0.8888,,HOLDZONE
Summit Securitie,533306,SUMMITSEC,Finance,108,189,-0.5997,-81,TRIMZONE
Sundaram Clayton,544066,SUNCLAY,Auto Components,,,-0.5601,,HOLDZONE
Sundrop Brands,500215,SUNDROP,Agricultural Food & other Products,,,-0.6796,,HOLDZONE
Sunflag Iron,500404,SUNFLAG,Industrial Products,,906,0.438,,
Suprajit Engg.,532509,SUPRAJIT,Auto Components,1355,,-0.5699,,HOLDZONE
Supreme Holdings,530677,SUPREME,Realty,,,0.1296,,
Suraj Estate,544054,SURAJEST,Realty,,,-0.1953,,HOLDZONE
Suraj,531638,SURAJLTD,Industrial Products,,,0.3311,,
Suraksha Diagno.,544293,SURAKSHA,Healthcare Services,,,0.0707,,
Sutlej Textiles,532782,SUTLEJTEX,Textiles & Apparels,,,-0.8141,,HOLDZONE
Suven Life Scie.,530239,SUVEN,Healthcare Services,,,-0.2116,,HOLDZONE
Suyog Telematics,537259,SUYOG,Telecom - Services,,,-0.0123,,HOLDZONE
Shree Vasu Logis,,SVLL,Transport Services,,,28.1333,,
Swan Defence,533107,SWANDEF,Industrial Manufacturing,,,,,
Symphony,517385,SYMPHONY,Consumer Durables,672,1138,-0.2399,-466,TRIMZONE
Syncom Formul.,524470,SYNCOMF,Pharmaceuticals & Biotechnology,,,-0.185,,HOLDZONE
Systematix Corp.,526506,SYSTMTXC,Capital Markets,,,0.6156,,
Tara Chand Infra,,TARACHAND,Commercial Services & Supplies,,,-0.0541,,HOLDZONE
TARC Ltd,543249,TARC,Realty,1537,1739,0.2766,-202,SELLZONE
Tarsons Products,543399,TARSONS,Healthcare Equipment & Supplies,,,-0.1287,,HOLDZONE
Tasty Bite Eat.,519091,TASTYBITE,Food Products,,,-0.3359,,HOLDZONE
Tata Capital,544574,TATACAP,Finance,,,-0.5675,,HOLDZONE
T B Z,534369,TBZ,Consumer Durables,,,-0.2541,,HOLDZONE
Transport Corp.,532349,TCI,Transport Services,,,1.6532,,
TCI Express,540212,TCIEXP,Transport Services,,,-0.7372,,HOLDZONE
TCPL Packaging,523301,TCPLPACK,Industrial Products,,,0.1138,,
Team Lease Serv.,539658,TEAMLEASE,Commercial Services & Supplies,,,0.7832,,
Tembo Global,,TEMBO,Industrial Products,,,-0.111,,HOLDZONE
Tera Software,533982,TERASOFT,IT - Services,,,11.6678,,
Texmaco Infrast.,505400,TEXINFRA,Commercial Services & Supplies,,,1.7754,,
The Invest.Trust,530023,THEINVEST,Finance,,,2.7915,,
Thejo Engg.,,THEJO,Industrial Manufacturing,,,-0.6339,,HOLDZONE
Thomas Scott,533941,THOMASCOTT,Textiles & Apparels,,,-0.2652,,HOLDZONE
Twamev Constr.,532738,TICL,Construction,,1456,3.8564,,
Tiger Logistics,536264,TIGERLOGS,Transport Services,,,-0.5152,,HOLDZONE
Technocraf.Inds.,532804,TIIL,Industrial Products,103,,-0.5246,,HOLDZONE
TIL,505196,TIL,"Agricultural, Commercial & Construction Vehicles",,,-0.1866,,HOLDZONE
Tinna Rubber,530475,TINNARUBR,Industrial Products,,,-0.3419,,HOLDZONE
Tirupati Forge,,TIRUPATIFL,Industrial Products,91,,-0.5722,,HOLDZONE
Titan Company,500114,TITAN,Consumer Durables,,,-0.4105,,HOLDZONE
T N Merc. Bank,543596,TMB,Banks,,,0.2037,,
T N Petro Prod.,500777,TNPETRO,Chemicals & Petrochemicals,,,-0.0783,,HOLDZONE
TPL Plastech,526582,TPLPLASTEH,Industrial Products,,,-0.7992,,HOLDZONE
Tracxn Technolo.,543638,TRACXN,Commercial Services & Supplies,,,-0.2448,,HOLDZONE
Transworld Shipp,520151,TRANSWORLD,Transport Services,,,-0.5188,,HOLDZONE
Trejhara Solutio,542233,TREJHARA,IT - Software,,,-0.3686,,HOLDZONE
TransIndia Real,543955,TREL,Transport Services,,,,,
TRF,505854,TRF,Industrial Manufacturing,,,-0.3313,,HOLDZONE
TTK Healthcare,507747,TTKHLTCARE,Diversified,,,-0.6466,,HOLDZONE
TTK Prestige,517506,TTKPRESTIG,Consumer Durables,,,-0.5922,,HOLDZONE
TVS Supply,543965,TVSSCS,Transport Services,314,544,-0.7914,-230,TRIMZONE
TVS Srichakra,509243,TVSSRICHAK,Auto Components,,,-0.5648,,HOLDZONE
T.V. Today Netw.,532515,TVTODAY,Entertainment,,,-0.7472,,HOLDZONE
Ujaas Energy,533644,UEL,Power,,,,,
United Foodbrands,543283,UFBL,Leisure Services,,,-0.3162,,HOLDZONE
Uflex,500148,UFLEX,Industrial Products,,,-0.6034,,HOLDZONE
Ugar Sugar Works,530363,UGARSUGAR,Agricultural Food & other Products,,,-0.3573,,HOLDZONE
Unichem Labs.,506690,UNICHEMLAB,Pharmaceuticals & Biotechnology,,,-0.2443,,HOLDZONE
United Drilling,522014,UNIDT,Industrial Manufacturing,,,0.2967,,
Unicommerce,544227,UNIECOM,IT - Software,,,-0.1843,,HOLDZONE
Uniphos Enter.,500429,UNIENTER,Chemicals & Petrochemicals,,,1.7299,,
Unitech,507878,UNITECH,Realty,,,0.5318,,
United Polyfab,,UNITEDPOLY,Textiles & Apparels,,,-0.4198,,HOLDZONE
Universal Cables,504212,UNIVCABLES,Industrial Products,,,-0.4299,,HOLDZONE
Universus Photo,542933,UNIVPHOTO,Consumer Durables,,,-0.5496,,HOLDZONE
Urja Global,526987,URJA,Electrical Equipment,,,-0.1313,,HOLDZONE
Uttam Sug.Mills,532729,UTTAMSUGAR,Agricultural Food & other Products,,,-0.1033,,HOLDZONE
Vadilal Inds.,519156,VADILALIND,Food Products,717,,-0.4251,,HOLDZONE
Valiant Laborato,543998,VALIANTLAB,Pharmaceuticals & Biotechnology,,,-0.4603,,HOLDZONE
Valiant Organics,540145,VALIANTORG,Chemicals & Petrochemicals,,,-0.4184,,HOLDZONE
Vardhman Acrylic,,VARDHACRLC,Textiles & Apparels,,,-0.6344,,HOLDZONE
Vardhman Polytex,514175,VARDMNPOLY,Textiles & Apparels,,,-0.6308,,HOLDZONE
Venky's (India),523261,VENKEYS,Food Products,,,-0.119,,HOLDZONE
Venus Remedies,526953,VENUSREM,Pharmaceuticals & Biotechnology,,,0.2837,,
Vertoz,,VERTOZ,Media,,,-0.3633,,HOLDZONE
Vesuvius India,520113,VESUVIUS,Industrial Products,1653,1322,0.5564,331,BUYZONE
Varvee Global,514274,VGL,Textiles & Apparels,,,2.0545,,
Viceroy Hotels,523796,VHLTD,Leisure Services,,,-0.0134,,HOLDZONE
Vidhi Specialty,531717,VIDHIING,Chemicals & Petrochemicals,,,-0.4105,,HOLDZONE
Vikas Ecotech,530961,VIKASECO,Chemicals & Petrochemicals,,,-0.3097,,HOLDZONE
Vikas Lifecare,542655,VIKASLIFE,Commercial Services & Supplies,,,0.2361,,
Vindhya Telelink,517015,VINDHYATEL,Telecom - Services,,,-0.1204,,HOLDZONE
Vinyl Chemicals,524129,VINYLINDIA,Chemicals & Petrochemicals,,,-0.1148,,HOLDZONE
VIP Clothing,532613,VIPCLOTHNG,Textiles & Apparels,,,0.3621,,
Visaka Industrie,509055,VISAKAIND,Cement & Cement Products,,,-0.2609,,HOLDZONE
Visa Steel,532721,VISASTEEL,Ferrous Metals,,,-0.3386,,HOLDZONE
Vishnu Chemicals,516072,VISHNU,Chemicals & Petrochemicals,386,,-0.5525,,HOLDZONE
VLS Finance,511333,VLSFINANCE,Finance,,,-0.2115,,HOLDZONE
VMS TMT,544521,VMSTMT,Industrial Products,,,-0.1976,,HOLDZONE
VRL Logistics,539118,VRLLOG,Transport Services,,842,0.6253,,
Vardhman Special,534392,VSSL,Industrial Products,185,180,-0.8294,5,HOLDZONE
VST Industries,509966,VSTIND,Cigarettes & Tobacco Products,,,-0.4225,,HOLDZONE
Walchan. Inds.,507410,WALCHANNAG,Industrial Manufacturing,,,0.0583,,
Wanbury,524212,WANBURY,Pharmaceuticals & Biotechnology,,,0.0601,,
Wealth First Por,544536,WEALTH,Finance,,,-0.5201,,HOLDZONE
Wonder Electric.,543449,WEL,Consumer Durables,,,,,
Welspun Investme,533252,WELINV,Finance,,,-0.6144,,HOLDZONE
Wework India,544570,WEWORK,Commercial Services & Supplies,,,1.4948,,
Windlas Biotech,543329,WINDLAS,Pharmaceuticals & Biotechnology,,,-0.3456,,HOLDZONE
Windsor Machines,522029,WINDMACHIN,Industrial Manufacturing,,,-0.3428,,HOLDZONE
Wonderla Holiday,538268,WONDERLA,Leisure Services,,477,1.6793,,
W S Inds.,504220,WSI,Construction,,,0.8976,,
West Coast Paper,500444,WSTCSTPAPR,"Paper, Forest & Jute Products",,,-0.3636,,HOLDZONE
Xchanging Sol.,532616,XCHANGING,IT - Software,,,-0.3608,,HOLDZONE
XPRO India,590013,XPROINDIA,Industrial Products,,,-0.0763,,HOLDZONE
XT Global Infot.,531225,XTGLOBAL,IT - Software,,,1.0786,,
Yasho Industries,541167,YASHO,Chemicals & Petrochemicals,,,-0.4917,,HOLDZONE
Yuken India,522108,YUKEN,Industrial Products,,,0.1714,,
Zee Media,532794,ZEEMEDIA,Entertainment,1658,,-0.8185,,HOLDZONE
Zodiac Energy,543416,ZODIAC,Construction,,,0.4205,,
3B Blackbio,532067,BOM:532067,Healthcare Services,,,-0.2308,,HOLDZONE
A-1,542012,BOM:542012,Chemicals & Petrochemicals,,,-0.2326,,HOLDZONE
A.K.Capital Serv,530499,BOM:530499,Finance,,,0.2331,,
Aayush Art,540718,BOM:540718,Textiles & Apparels,1364,,-0.3413,,HOLDZONE
ABM Knowledge,531161,BOM:531161,IT - Software,,,-0.515,,HOLDZONE
Ace Soft. Exp.,531525,BOM:531525,IT - Software,,,-0.7937,,HOLDZONE
ADC India,523411,BOM:523411,Telecom - Equipment & Accessories,,,-0.1012,,HOLDZONE
Adcounty Media.,544435,BOM:544435,Media,,,1.3414,,
Advait Energy,543230,BOM:543230,Industrial Products,249,256,-0.1632,-7,TRIMZONE
Aelea Commoditi.,544213,BOM:544213,Agricultural Food & other Products,,,-0.413,,HOLDZONE
Aerpace Indus,534733,BOM:534733,Industrial Products,,,-0.2064,,HOLDZONE
Algoquant Fin,505725,BOM:505725,Finance,,,-0.592,,HOLDZONE
Alphalogic Tech.,542770,BOM:542770,IT - Software,,,-0.6151,,HOLDZONE
Altius Telecom,543225,BOM:543225,Telecom - Services,,,-1,,HOLDZONE
Alufluoride,524634,BOM:524634,Chemicals & Petrochemicals,,,-0.323,,HOLDZONE
Amal,506597,BOM:506597,Chemicals & Petrochemicals,,,-0.552,,HOLDZONE
Amic Forging,544037,BOM:544037,Industrial Products,,,-0.1739,,HOLDZONE
Anand Rayons,542721,BOM:542721,Textiles & Apparels,,,-0.4464,,HOLDZONE
Andhra Petrochem,500012,BOM:500012,Chemicals & Petrochemicals,,,-0.0744,,HOLDZONE
Anka India,531673,BOM:531673,Consumer Durables,,,-0.678,,HOLDZONE
Apis India,506166,BOM:506166,Food Products,,,,,
Arih.Found.Hsg.,531381,BOM:531381,Realty,,,-0.0086,,HOLDZONE
Artemis Electri.,542670,BOM:542670,Electrical Equipment,,,0.2493,,
Artson,522134,BOM:522134,Industrial Manufacturing,,,,,
Aryaman Capital,538716,BOM:538716,Finance,,,-0.7071,,HOLDZONE
Aryaman Fin.Serv,530245,BOM:530245,Finance,,,-0.6941,,HOLDZONE
Ashika Credit,543766,BOM:543766,Finance,,,0.0082,,
Asian Star Co.,531847,BOM:531847,Consumer Durables,,,-0.6534,,HOLDZONE
Auto.Corp.of Goa,505036,BOM:505036,Auto Components,,,-0.5086,,HOLDZONE
Avance Tech.,512149,BOM:512149,IT - Software,,,-0.3614,,HOLDZONE
Avishkar Infra,508929,BOM:508929,Realty,,,-0.9897,,HOLDZONE
Axtel Industries,523850,BOM:523850,Industrial Manufacturing,,,-0.3706,,HOLDZONE
Azad India,504731,BOM:504731,Industrial Products,,,-0.3034,,HOLDZONE
B-Right Real,543543,BOM:543543,Realty,,,0,,
B.R.Goyal Infra.,544335,BOM:544335,Construction,,,6.8494,,
Bajaj Steel Inds,507944,BOM:507944,Industrial Manufacturing,,,-0.0249,,HOLDZONE
Balgopal Commer.,539834,BOM:539834,Commercial Services & Supplies,,,-0.9352,,HOLDZONE
Balmer Law. Inv.,532485,BOM:532485,Finance,,,-0.5621,,HOLDZONE
Banganga Paper,512025,BOM:512025,Commercial Services & Supplies,,,-0.9003,,HOLDZONE
Baroda Rayon,500270,BOM:500270,Realty,,,-0.7832,,HOLDZONE
Batliboi,522004,BOM:522004,Industrial Manufacturing,,,-0.6495,,HOLDZONE
Beekay Steel Ind,539018,BOM:539018,Industrial Products,,,-0.517,,HOLDZONE
Beezaasan Exp.,544369,BOM:544369,Chemicals & Petrochemicals,,,0.4643,,
Bemco Hydraulics,522650,BOM:522650,Industrial Manufacturing,,,-0.2024,,HOLDZONE
Benares Hotels,509438,BOM:509438,Leisure Services,,,-0.2766,,HOLDZONE
Bengal & Assam,533095,BOM:533095,Finance,,,1.0133,,
Bharat Global,521238,BOM:521238,IT - Hardware,,,-0.5365,,HOLDZONE
Bharat Parenter.,541096,BOM:541096,Pharmaceuticals & Biotechnology,,,3.7921,,
Bhatia Colour,543497,BOM:543497,Chemicals & Petrochemicals,,,-0.494,,HOLDZONE
Bhatia Communic.,540956,BOM:540956,Retailing,,,1.1816,,
Bizotic Commer.,543926,BOM:543926,Textiles & Apparels,,,-0.1626,,HOLDZONE
Black Rose Indus,514183,BOM:514183,Chemicals & Petrochemicals,,,-0.2253,,HOLDZONE
Blue Cloud Soft.,539607,BOM:539607,IT - Software,,,-0.3211,,HOLDZONE
Blue Pearl Agri,514440,BOM:514440,Chemicals & Petrochemicals,,,0.0632,,
BMW Industries,542669,BOM:542669,Industrial Products,,,-0.7824,,HOLDZONE
BN Agrochem,526125,BOM:526125,Commercial Services & Supplies,,,2.1062,,
Bombay Oxygen,509470,BOM:509470,Finance,,,0.2258,,
Bright Outdoor,543831,BOM:543831,Media,,,0.3162,,
Capital Trade Lk,538476,BOM:538476,Finance,,,-0.1037,,HOLDZONE
Captain Polyplas,536974,BOM:536974,Industrial Products,,,-0.0409,,HOLDZONE
Captain Techno.,540652,BOM:540652,Industrial Manufacturing,,,,,
CFF Fluid,543920,BOM:543920,Aerospace & Defense,,,-0.3281,,HOLDZONE
City Pulse Multi,542727,BOM:542727,Retailing,,,0.3284,,
CLN Energy,544347,BOM:544347,Auto Components,,,1.0296,,
Concord Control,543619,BOM:543619,Industrial Manufacturing,,,0.7426,,
Cosmic CRF,543928,BOM:543928,Industrial Products,,,1.3983,,
Cropster Agro,523105,BOM:523105,Industrial Products,,,-0.9836,,HOLDZONE
Cupid Breweries,512361,BOM:512361,Beverages,,,0.4968,,
CWD,543378,BOM:543378,Consumer Durables,,,5.2289,,
Danlaw Tech.,532329,BOM:532329,Industrial Manufacturing,,,-0.4878,,HOLDZONE
Dec.Gold Mines,512068,BOM:512068,Non - Ferrous Metals,1944,,-0.5483,,HOLDZONE
Delton Cables,504240,BOM:504240,Electrical Equipment,,,-0.107,,HOLDZONE
Dhabriya Poly.,538715,BOM:538715,Industrial Products,,,-0.2612,,HOLDZONE
Dhanashree Elect,542679,BOM:542679,Electrical Equipment,,,7.385,,
Disa India,500068,BOM:500068,Industrial Manufacturing,,,0.2353,,
Dr Agarwal's Eye,526783,BOM:526783,Healthcare Services,,,-0.3775,,HOLDZONE
DSM Fresh,544568,BOM:544568,Food Products,,,0.1708,,
Earkart,544549,BOM:544549,Healthcare Equipment & Supplies,,,-0.4232,,HOLDZONE
Eco Recyc.,530643,BOM:530643,Other Utilities,,,-0.0491,,HOLDZONE
Ekansh Concept,531364,BOM:531364,Commercial Services & Supplies,,,-0.6235,,HOLDZONE
Elantas Beck,500123,BOM:500123,Chemicals & Petrochemicals,,,-0.0052,,HOLDZONE
Elitecon Inter.,539533,BOM:539533,Cigarettes & Tobacco Products,619,1720,-0.5325,-1101,TRIMZONE
Elpro Internatio,504000,BOM:504000,Realty,,,-0.1201,,HOLDZONE
Emerald Finance,538882,BOM:538882,Finance,,,-0.0628,,HOLDZONE
Emerald Leisures,507265,BOM:507265,Leisure Services,,,-0.8853,,HOLDZONE
Emmforce Auto.,544166,BOM:544166,Auto Components,,,0.2454,,
Empire Inds.,509525,BOM:509525,Diversified,,,-0.3498,,HOLDZONE
Enkei Wheels,533477,BOM:533477,Auto Components,,,0.6027,,
Espire Hospi,532016,BOM:532016,Leisure Services,,,8.3454,,
Everest Organics,524790,BOM:524790,Pharmaceuticals & Biotechnology,,,13.1497,,
Evexia Lifecare,524444,BOM:524444,Chemicals & Petrochemicals,,,4.4577,,
Exhicon Events,543895,BOM:543895,Other Consumer Services,,,-0.0067,,HOLDZONE
Fabtech Techn.,544332,BOM:544332,Industrial Manufacturing,,,-0.7548,,HOLDZONE
Fedders Holding,511628,BOM:511628,Finance,,,-0.3636,,HOLDZONE
Fermenta Biotec.,506414,BOM:506414,Pharmaceuticals & Biotechnology,,,-0.0111,,HOLDZONE
Fluidomat,522017,BOM:522017,Industrial Manufacturing,,,-0.562,,HOLDZONE
Forbes & Co,502865,BOM:502865,Consumer Durables,,,-0.0885,,HOLDZONE
Forbes Precision,544186,BOM:544186,Industrial Manufacturing,,,0.6116,,
FratelliVineyard,541741,BOM:541741,Beverages,,,0.2889,,
Fredun Pharma,539730,BOM:539730,Pharmaceuticals & Biotechnology,,,0.7403,,
Frontier Springs,522195,BOM:522195,Auto Components,,,-0.2744,,HOLDZONE
GEE,504028,BOM:504028,Electrical Equipment,,,1.2559,,
Gennex Lab.,531739,BOM:531739,Pharmaceuticals & Biotechnology,,,0.2617,,
GHV Infra,505504,BOM:505504,Construction,,,0.8745,,
Goel Construct.,544504,BOM:544504,Construction,,,-0.4828,,HOLDZONE
Goodricke Group,500166,BOM:500166,Agricultural Food & other Products,,,0.5668,,
Grand Oak Canyon,523862,BOM:523862,Finance,,,2.3433,,
GTT Data,530457,BOM:530457,IT - Software,,,-0.796,,HOLDZONE
GTV Engineering,539479,BOM:539479,Industrial Manufacturing,,,-0.2908,,HOLDZONE
Guj.Nat.Resour.,513536,BOM:513536,Oil,,,1.9814,,
Haldyn Glass,515147,BOM:515147,Industrial Products,,,-0.5952,,HOLDZONE
Hampton Sky,526407,BOM:526407,Realty,,,-0.3522,,HOLDZONE
Haryana Fin. Co.,530927,BOM:530927,Finance,,,,,
Haz.Multi Proj.,532467,BOM:532467,Realty,,,-0.6194,,HOLDZONE
High Energy Bat.,504176,BOM:504176,Household Products,,,-0.5983,,HOLDZONE
Hind.Urban Infra,539984,BOM:539984,Electrical Equipment,,,-0.0977,,HOLDZONE
IIRM Holdings,526530,BOM:526530,Commercial Services & Supplies,,,-0.874,,HOLDZONE
Indag Rubber,509162,BOM:509162,Auto Components,,,14.5719,,
India Finsec,535667,BOM:535667,Finance,,,-1,,HOLDZONE
India Homes,513361,BOM:513361,Industrial Products,,,-0.6387,,HOLDZONE
Indl.& Prud.Inv.,501298,BOM:501298,Finance,,,5.4632,,
Indokem,504092,BOM:504092,Chemicals & Petrochemicals,,,-0.3477,,HOLDZONE
Innovators,541353,BOM:541353,Industrial Manufacturing,,,-0.7143,,HOLDZONE
Integ. Industrie,531889,BOM:531889,Finance,,,0.1819,,
Intl. Travel Hse,500213,BOM:500213,Leisure Services,,,0.1543,,
Inv.& Prec.Cast.,504786,BOM:504786,Industrial Products,,,-0.5417,,HOLDZONE
IST,508807,BOM:508807,Auto Components,,,0.6146,,
ITCONS E-Soluti.,543806,BOM:543806,Commercial Services & Supplies,,,-0.6385,,HOLDZONE
Jagatjit Inds.,507155,BOM:507155,Beverages,,,-0.5162,,HOLDZONE
Jay Ushin,513252,BOM:513252,Auto Components,,,-0.9231,,HOLDZONE
Jaybharat Text,512233,BOM:512233,Textiles & Apparels,,,,,
JD Cables,544524,BOM:544524,Industrial Products,,,-0.8225,,HOLDZONE
Jenburkt Pharma,524731,BOM:524731,Pharmaceuticals & Biotechnology,,,-0.3967,,HOLDZONE
Josts Engg. Co.,505750,BOM:505750,Industrial Manufacturing,,,-0.4533,,HOLDZONE
Jyoti Resins,514448,BOM:514448,Chemicals & Petrochemicals,,,-0.0925,,HOLDZONE
Kalyani Cast-Tec,544023,BOM:544023,Industrial Manufacturing,,,0.4948,,
Kama Holdings,532468,BOM:532468,Finance,,,-0.7032,,HOLDZONE
Kaycee Inds.,504084,BOM:504084,Electrical Equipment,,,-0.3065,,HOLDZONE
Keltech Energies,506528,BOM:506528,Chemicals & Petrochemicals,,,-0.5935,,HOLDZONE
Kerala Ayurveda,530163,BOM:530163,Pharmaceuticals & Biotechnology,,,0.5159,,
Kesar India,543542,BOM:543542,Realty,,,0.6898,,
Khazanchi Jewell,543953,BOM:543953,Consumer Durables,,,-0.2312,,HOLDZONE
Kilburn Engg.,522101,BOM:522101,Industrial Manufacturing,,,2.0415,,
Kinetic Engg.,500240,BOM:500240,Auto Components,,,-0.0275,,HOLDZONE
Kings Infra,530215,BOM:530215,Food Products,,,-0.593,,HOLDZONE
Kiran Vyapar,537750,BOM:537750,Finance,,,-0.8034,,HOLDZONE
Kisan Mouldings,530145,BOM:530145,Industrial Products,,,-0.0439,,HOLDZONE
KMC Speciality,524520,BOM:524520,Healthcare Services,,,-0.0068,,HOLDZONE
Kothari Indl,509732,BOM:509732,Fertilizers & Agrochemicals,,,-0.0191,,HOLDZONE
KP Green Engg.,544150,BOM:544150,Electrical Equipment,,,0.381,,
KSE,519421,BOM:519421,Food Products,,,0.3903,,
Kwality Pharma,539997,BOM:539997,Pharmaceuticals & Biotechnology,,,0.3787,,
Lakshmi Mills,502958,BOM:502958,Textiles & Apparels,,,-0.4629,,HOLDZONE
Landmarc Leisur.,532275,BOM:532275,Finance,,,-0.4146,,HOLDZONE
Last Mile Enter.,526961,BOM:526961,Finance,,,0.4213,,
Lehar Footwears,532829,BOM:532829,Consumer Durables,,,-0.4823,,HOLDZONE
LKP Finance,507912,BOM:507912,Finance,,,0.4714,,
Logica Infoway,543746,BOM:543746,Retailing,,,0.0341,,
Lotus Chocolate,523475,BOM:523475,Food Products,,,-0.2215,,HOLDZONE
LS Industries,514446,BOM:514446,Metals & Minerals Trading,,,-0.656,,HOLDZONE
Lucent Industrie,539682,BOM:539682,IT - Software,,,-0.4789,,HOLDZONE
Ludlow Jute,526179,BOM:526179,"Paper, Forest & Jute Products",,,-0.748,,HOLDZONE
Mac Charles(I),507836,BOM:507836,Leisure Services,,,0.2118,,
Macfos,543787,BOM:543787,Retailing,,,-0.6354,,HOLDZONE
Madhuveer Com,531910,BOM:531910,Entertainment,,,-0.6161,,HOLDZONE
Magna Electrocas,517449,BOM:517449,Industrial Products,,,-0.79,,HOLDZONE
Majestic Auto,500267,BOM:500267,Commercial Services & Supplies,,,9.9583,,
Marble City,531281,BOM:531281,Other Construction Materials,,,0.765,,
Marsons,517467,BOM:517467,Electrical Equipment,,,0.382,,
Media Matrix,512267,BOM:512267,Entertainment,,,1.2141,,
Meghna Infracon,538668,BOM:538668,Realty,,,0.0118,,
Mehai Technology,540730,BOM:540730,Commercial Services & Supplies,,,-0.1011,,HOLDZONE
Menon Pistons,531727,BOM:531727,Auto Components,,,-0.256,,HOLDZONE
Mercantile Vent.,538942,BOM:538942,Commercial Services & Supplies,,,-0.215,,HOLDZONE
Mercury EV-Tech,531357,BOM:531357,Automobiles,,2022,3.3289,,
Midwest Gold,526570,BOM:526570,Other Construction Materials,,1984,4.35,,
Mini Diamonds(I),523373,BOM:523373,Consumer Durables,,,-0.0059,,HOLDZONE
Mishtann Foods,539594,BOM:539594,Food Products,,,0.0813,,
Mizzen Ventures,531537,BOM:531537,Commercial Services & Supplies,,,0.2097,,
MKVentures Cap.,514238,BOM:514238,Finance,,,35.5904,,
Modern Insulator,515008,BOM:515008,Electrical Equipment,,6,5.3649,,
Modi Naturals,519003,BOM:519003,Agricultural Food & other Products,,,-0.464,,HOLDZONE
Modi's Navnirman,543539,BOM:543539,Realty,,,1.6245,,
Monarch Surve.,544453,BOM:544453,Commercial Services & Supplies,,,0.8837,,
Monika Alcobev,544451,BOM:544451,Beverages,,,-0.5055,,HOLDZONE
Morganite Crucib,523160,BOM:523160,Industrial Products,,,0.4171,,
Multibase India,526169,BOM:526169,Chemicals & Petrochemicals,,,0.2942,,
Naperol Invest.,500298,BOM:500298,Finance,,,-0.757,,HOLDZONE
National Perox.,544205,BOM:544205,Chemicals & Petrochemicals,,,-0.4886,,HOLDZONE
Nicco Parks,526721,BOM:526721,Leisure Services,,,0.2705,,
Nidhi Granites,512103,BOM:512103,Other Construction Materials,,,0.282,,
Nikhil Adhesives,526159,BOM:526159,Chemicals & Petrochemicals,,,0.4004,,
Nilachal Carbo,544510,BOM:544510,Ferrous Metals,,,-0.8812,,HOLDZONE
NILE,530129,BOM:530129,Minerals & Mining,,,-0.7904,,HOLDZONE
Nimbus Projects,511714,BOM:511714,Realty,,,-0.0659,,HOLDZONE
Nirlon,500307,BOM:500307,Commercial Services & Supplies,,,-0.6064,,HOLDZONE
Nisus Finance,544296,BOM:544296,Finance,,,0.0289,,
Nitta Gelatin,506532,BOM:506532,Chemicals & Petrochemicals,,,-0.3969,,HOLDZONE
Niyogin Fintech,538772,BOM:538772,Finance,,,-0.0157,,HOLDZONE
One Global Serv,514330,BOM:514330,Healthcare Services,,,0.6936,,
Onesource Indus.,530805,BOM:530805,Commercial Services & Supplies,,,-0.5484,,HOLDZONE
Onix Solar,513119,BOM:513119,Non - Ferrous Metals,,,-0.4905,,HOLDZONE
Oriental Rail,531859,BOM:531859,Industrial Products,58,44,-0.2472,14,HOLDZONE
Panchmahal Steel,513511,BOM:513511,Industrial Products,,,2.3251,,
Panorama Studios,539469,BOM:539469,Entertainment,,,-0.2915,,HOLDZONE
Paushak,532742,BOM:532742,Chemicals & Petrochemicals,,,0.6554,,
Permanent Magnet,504132,BOM:504132,Electrical Equipment,,,0.0999,,
PNGS Gargi FJ,543709,BOM:543709,Consumer Durables,,,0.4205,,
POCL Enterprises,539195,BOM:539195,Chemicals & Petrochemicals,,,-0.4745,,HOLDZONE
Polo Queen Ind.,540717,BOM:540717,Commercial Services & Supplies,,,-0.2827,,HOLDZONE
Pradeep Metals,513532,BOM:513532,Auto Components,,,1.2263,,
Praveg,531637,BOM:531637,Leisure Services,,,0.0818,,
Prec. Electronic,517258,BOM:517258,Industrial Manufacturing,,,3.5177,,
Prevest Denpro,543363,BOM:543363,Healthcare Equipment & Supplies,,,0.3988,,
Prime Fresh,540404,BOM:540404,Agricultural Food & other Products,,,-0.6796,,HOLDZONE
Pro Fin Capital,511557,BOM:511557,Commercial Services & Supplies,,,0.6255,,
PropsharePlatina,544295,BOM:544295,,,,-1,,HOLDZONE
PropshareTitania,544462,BOM:544462,Realty,,,,,
Pune e,544141,BOM:544141,Capital Markets,,,0.6357,,
Qualitek Labs,544091,BOM:544091,Commercial Services & Supplies,,,2.796,,
Quest Capital,500069,BOM:500069,Capital Markets,,,0.5715,,
Raghuvir Synth,514316,BOM:514316,Textiles & Apparels,,,-0.8116,,HOLDZONE
Rainbow Foundat.,531694,BOM:531694,Realty,,,0.4379,,
Rajapalayam Mill,532503,BOM:532503,Textiles & Apparels,,,2.1697,,
Rajasthan Gases,526873,BOM:526873,Petroleum Products,,,-0.0082,,HOLDZONE
Ratnabhumi Dev.,540796,BOM:540796,Realty,,,-0.9864,,HOLDZONE
RDB Infrastruc.,533285,BOM:533285,Realty,,,-0.2036,,HOLDZONE
Refex Renewables,531260,BOM:531260,Construction,,,0.4997,,
Riddhi Siddhi Gl,524480,BOM:524480,Commercial Services & Supplies,,,-0.2492,,HOLDZONE
RMC Switchgears,540358,BOM:540358,Electrical Equipment,,,1.2119,,
RRPSemiconductor,504346,BOM:504346,Finance,,,-0.748,,HOLDZONE
Rudra Ecovation,514010,BOM:514010,Textiles & Apparels,,,-0.4881,,HOLDZONE
Saint-Gob. Sekur,515043,BOM:515043,Auto Components,,,-0.5557,,HOLDZONE
Sar Auto Prod.,538992,BOM:538992,Auto Components,,,,,
Saraswati Commer,512020,BOM:512020,Finance,,,-0.4028,,HOLDZONE
Sayaji Hotels,523710,BOM:523710,Leisure Services,,,19.8058,,
Sealmatic India,543782,BOM:543782,Industrial Products,,,-0.7031,,HOLDZONE
Sh. Jagdamba Pol,512453,BOM:512453,Industrial Products,,,-0.6333,,HOLDZONE
Shalibhadra Fin.,511754,BOM:511754,Finance,,,-0.3589,,HOLDZONE
Sharat Industrie,519397,BOM:519397,Food Products,,,0.1518,,
Shardul Sec.,512393,BOM:512393,Capital Markets,,,-0.3126,,HOLDZONE
Shish Industries,540693,BOM:540693,Industrial Products,,,-0.6964,,HOLDZONE
Shiv Texchem,544272,BOM:544272,Chemicals & Petrochemicals,,,-0.0283,,HOLDZONE
Shiva Cement,532323,BOM:532323,Cement & Cement Products,,,0.8043,,
Shraddha Prime,531771,BOM:531771,Realty,,,-0.0406,,HOLDZONE
Shree Ganesh Rem,540737,BOM:540737,Pharmaceuticals & Biotechnology,,,1.4881,,
Shri Keshav,530977,BOM:530977,Cement & Cement Products,,,9.4423,,
Shri Venkatesh,543373,BOM:543373,Agricultural Food & other Products,,,-0.9518,,HOLDZONE
Shriram AMC,531359,BOM:531359,Capital Markets,,,-0.027,,HOLDZONE
Shukra Pharma.,524632,BOM:524632,Pharmaceuticals & Biotechnology,,,-0.1463,,HOLDZONE
Sika Interplant,523606,BOM:523606,Aerospace & Defense,,,0.1434,,
Simplex Castings,513472,BOM:513472,Industrial Products,,,-0.0167,,HOLDZONE
Singer India,505729,BOM:505729,Consumer Durables,,,0.1252,,
Sobhagya Mercant,512014,BOM:512014,Commercial Services & Supplies,,,-0.9778,,HOLDZONE
Softsol India,532344,BOM:532344,Realty,,,5.6169,,
Solarium Green,544354,BOM:544354,Construction,,,-0.0586,,HOLDZONE
Spel Semiconduct,517166,BOM:517166,Electrical Equipment,,,0.0678,,
Spice LoungeFood,539895,BOM:539895,Leisure Services,,,-0.3739,,HOLDZONE
Stovec Inds.,504959,BOM:504959,Industrial Manufacturing,,,0.5564,,
String Metaverse,534535,BOM:534535,IT - Services,10,9,0.0031,1,BUYZONE
Subam Papers,544267,BOM:544267,Industrial Products,,,-0.0838,,HOLDZONE
Sudarshan Pharma,543828,BOM:543828,Chemicals & Petrochemicals,,,-0.3665,,HOLDZONE
Sunita Tools Ltd,544001,BOM:544001,Industrial Manufacturing,,,0.5684,,
Sunrakshakk Inds,539300,BOM:539300,Textiles & Apparels,,,-0.2029,,HOLDZONE
Sunrise Efficie.,543515,BOM:543515,Commercial Services & Supplies,,,-0.0926,,HOLDZONE
Sunshield Chem.,530845,BOM:530845,Chemicals & Petrochemicals,,,0.0937,,
Supershakti Met.,541701,BOM:541701,Industrial Products,,,0,,
Suraj Products,518075,BOM:518075,Industrial Products,,,1.7029,,
Swiss Military,523558,BOM:523558,Consumer Durables,,,2.2302,,
Systematic Inds.,544541,BOM:544541,Industrial Products,,,0.0128,,
TAAL Enterprises,539956,BOM:539956,Transport Services,,,-0.5454,,HOLDZONE
Talbros Engg.,538987,BOM:538987,Auto Components,,,-0.617,,HOLDZONE
Taneja Aerospace,522229,BOM:522229,Aerospace & Defense,,,-0.3803,,HOLDZONE
Tanfac Inds.,506854,BOM:506854,Chemicals & Petrochemicals,,,-0.2595,,HOLDZONE
TCC Concept,512038,BOM:512038,Commercial Services & Supplies,,,1.5644,,
Technvision Ven.,501421,BOM:501421,IT - Software,,,-0.4335,,HOLDZONE
TGV Sraac,507753,BOM:507753,Chemicals & Petrochemicals,,,-0.2091,,HOLDZONE
Timex Group,500414,BOM:500414,Consumer Durables,,,-0.1276,,HOLDZONE
Titan Biotech,524717,BOM:524717,Chemicals & Petrochemicals,,,-0.4778,,HOLDZONE
Transpek Inds.,506687,BOM:506687,Chemicals & Petrochemicals,,,0.0695,,
Trident Lifeline,543616,BOM:543616,Pharmaceuticals & Biotechnology,,,0.2646,,
Trident Texofab,540726,BOM:540726,Textiles & Apparels,,,0.1233,,
Triton Valves,505978,BOM:505978,Auto Components,,,-0.1946,,HOLDZONE
True Colors,544531,BOM:544531,Industrial Manufacturing,,,0.1476,,
Tuticorin Alkali,506808,BOM:506808,Chemicals & Petrochemicals,,,-0.3519,,HOLDZONE
U P Hotels,509960,BOM:509960,Leisure Services,,,8.5293,,
Uday Jewellery,539518,BOM:539518,Consumer Durables,,,-0.7443,,HOLDZONE
Ultramarine Pig.,506685,BOM:506685,Chemicals & Petrochemicals,,,-0.7802,,HOLDZONE
Uni Abex Alloy,504605,BOM:504605,Industrial Products,,,-0.1617,,HOLDZONE
Unified Data,544406,BOM:544406,IT - Services,,,0.703,,
Unifinz Capital,541358,BOM:541358,Finance,,,-0.5045,,HOLDZONE
UVS Hospitality,531652,BOM:531652,Finance,,,32.1525,,
Vadilal Enterp.,519152,BOM:519152,Food Products,,,-1,,HOLDZONE
Valiant Commun.,526775,BOM:526775,Telecom - Equipment & Accessories,,,-0.8174,,HOLDZONE
Vashu Bhagnani,532011,BOM:532011,Entertainment,,,1.2373,,
Veefin Solutions,543931,BOM:543931,IT - Services,,,-0.4621,,HOLDZONE
Veljan Denison,505232,BOM:505232,Auto Components,,,-0.6115,,HOLDZONE
Veritas (India),512229,BOM:512229,Commercial Services & Supplies,,,-0.0889,,HOLDZONE
Vikram Thermo,530477,BOM:530477,Chemicals & Petrochemicals,,,2.116,,
Vipul Organics,530627,BOM:530627,Chemicals & Petrochemicals,,,0.9391,,
Virat Industries,530521,BOM:530521,Textiles & Apparels,,,13.3719,,
Virtuoso Optoel.,543597,BOM:543597,Consumer Durables,,,-0.4336,,HOLDZONE
Voith Paper,522122,BOM:522122,Textiles & Apparels,,,7.2404,,
VTM,532893,BOM:532893,Textiles & Apparels,,,-0.5083,,HOLDZONE
VVIP Infratech,544219,BOM:544219,Other Utilities,,,0.1138,,
Waaree Tech.,539337,BOM:539337,Power,,,-0.1091,,HOLDZONE
Wardwizard Inno.,538970,BOM:538970,Automobiles,,,-0.1112,,HOLDZONE
Welspun Special.,500365,BOM:500365,Industrial Products,,,-0.3336,,HOLDZONE
Wim Plast,526586,BOM:526586,Consumer Durables,,,-0.4381,,HOLDZONE
Worth Investment,538451,BOM:538451,Finance,,,-0.3578,,HOLDZONE
WPIL,505872,BOM:505872,Industrial Manufacturing,,,0.2617,,
Yamuna Syndicate,540980,BOM:540980,Commercial Services & Supplies,,,-0.2808,,HOLDZONE
Yash Highvoltage,544310,BOM:544310,Electrical Equipment,189,,-0.8266,,HOLDZONE
Yogi Ltd,511702,BOM:511702,Finance,,,-0.5456,,HOLDZONE
Z F Steering,505163,BOM:505163,Auto Components,,,-0.6454,,HOLDZONE
Zelio E-Mobility,544563,BOM:544563,Automobiles,,,41.5315,,
Zenotech Lab.,532039,BOM:532039,Pharmaceuticals & Biotechnology,,,0.5389,,
Bharat Electron,500049,BEL,Aerospace & Defense,,,-1,,HOLDZONE
BF Investment,533303,BFINVEST,Finance,,,-0.3476,,HOLDZONE
Dhanlaxmi Bank,532180,DHANBANK,Banks,219,,-0.7153,,HOLDZONE
Knowledge Realty,544481,KRT,Realty,,,0.2096,,
LG Electronics,544576,LGEINDIA,Consumer Durables,,,-0.265,,HOLDZONE
Panama Petrochem,524820,PANAMAPET,Petroleum Products,,,-0.4911,,HOLDZONE
Synergy Green,541929,SGIL,Industrial Products,,,-0.9347,,HOLDZONE
Sh. Rama Multi.,532310,SHREERAMA,Industrial Products,,,-0.6841,,HOLDZONE
South West Pinn.,543986,SOUTHWEST,Commercial Services & Supplies,,,0.4739,,
Vraj Iron,544204,VRAJ,Ferrous Metals,,,-0.5167,,HOLDZONE
Eraaya Lifespace,531035,BOM:531035,Automobiles,,,0.2577,,
Hawkins Cookers,508486,BOM:508486,Consumer Durables,,,-0.4812,,HOLDZONE
Integra Engg.,505358,BOM:505358,Industrial Manufacturing,,,4.0558,,
National Standar,504882,BOM:504882,Realty,,,0.2192,,
C2C Advanced,,C2C,Aerospace & Defense,,,,,
Clean Science,543318,CLEAN,Chemicals & Petrochemicals,,,,,
Ganesh Green,,GGBL,Construction,,,,,
Multi Comm. Exc.,534091,MCX,Capital Markets,,,,,
MMTC,513377,MMTC,Commercial Services & Supplies,,,,,
Nupur Recyclers,,NRL,Metals & Minerals Trading,,,,,
Solex Energy,,SOLEX,Electrical Equipment,,,,,
Tata Motors,500570,TATAMOTORS,Automobiles,,,,,
ABS Marine,,ABSMARINE,Transport Services,,,,,
ACC,500410,ACC,Cement & Cement Products,,,,,
Accent Microcell,,ACCENTMIC,Pharmaceuticals & Biotechnology,,,,,
Advance Agrolife,544562,ADVANCE,Fertilizers & Agrochemicals,,,21.6919,,
Aimtron,,AIMTRON,Industrial Manufacturing,,,,,
All E Tech,,ALLETEC,IT - Software,,,,,
Alpex Solar,,ALPEXSOLAR,Electrical Equipment,,,,,
ANB Metal,,AMCL,Industrial Products,,,,,
Anantam Highways,544579,ANANTAM,Transport Infrastructure,,,,,
Andrew Yule & Co,526173,ANDREWYU,Agricultural Food & other Products,,,,,
Annapurna Swadi.,,ANNAPURNA,Food Products,,,,,
Anondita Medi.,,ANONDITA,Personal Products,,,,,
Anzen IYEP Trust,543655,ANZEN,Power,,,,,
Apollo Micro Sys,540879,APOLLO,Aerospace & Defense,,,,,
Aprameya Enginee,,APRAMEYA,Healthcare Equipment & Supplies,,,,,
Atmastco Ltd,,ATMASTCO,Construction,,,,,
AVP Infracon,,AVPINFRA,Construction,,,,,
Baheti Recycling,,BAHETI,Industrial Products,,,,,
Balaji Phos.,,BALAJIPHOS,Fertilizers & Agrochemicals,,,,,
Basilic Fly Stud,,BASILIC,Entertainment,,,,,
Beta Drugs Ltd,,BETA,Pharmaceuticals & Biotechnology,,,,,
Brookfield India,543261,BIRET,Realty,,,,,
Midwest,,BOM:,,,,,,
Neetu Yoshi,544434,BOM:544434,Industrial Products,,,,,
Capital Infra,544338,CAPINVIT,Construction,,,,,
Cellecor Gadgets,,CELLECOR,Consumer Durables,,,,,
Creative Graphic,,CGRAPHICS,Industrial Products,,,,,
Chandan Healthca,,CHANDAN,Healthcare Services,,,,,
Chaman Metallics,,CMNL,Ferrous Metals,,,,,
Connplex Cinemas,,CONNPLEX,Entertainment,,,,,
Cool Caps,,COOLCAPS,Industrial Products,,,,,
Crest Ventures,511413,CREST,Finance,,,,,
Cube Highways,543899,CUBEINVIT,Transport Infrastructure,,,,,
Danish Power,,DANISH,Electrical Equipment,,,,,
Vasa Denticity,,DENTALKART,Healthcare Equipment & Supplies,,,,,
Divine Power,,DPEL,Industrial Products,,,,,
Ducol Organics,,DUCOL,Chemicals & Petrochemicals,,,,,
E Factor Experie,,EFACTOR,Other Consumer Services,,,,,
Effwa Infra,,EFFWA,Other Utilities,,,,,
Eleganz Interior,,ELGNZ,Commercial Services & Supplies,,,,,
Embassy Off.REIT,542602,EMBASSY,Realty,,,,,
Envirotech Sys.,,ENVIRO,Industrial Products,,,,,
Esconet,,ESCONET,IT - Hardware,,,,,
Essen Speciality,,ESFL,Consumer Durables,,,,,
Felix Industries,,FELIX,Other Utilities,,,,,
FlySBS Aviation,,FLYSBS,Transport Services,,,,,
Foce India,,FOCE,Consumer Durables,,,,,
Focus Lighting,,FOCUS,Consumer Durables,,,,,
Freshara Agro,,FRESHARA,Food Products,,,,,
Ganesh Infra.,,GANESHIN,Construction,,,,,
Grand Continent,,GCHOTELS,Leisure Services,,,,,
Gretex Corporate,543324,GCSL,Capital Markets,,,,,
Globe Intl. Car.,,GICL,Transport Services,,,,,
Giriraj Civil,,GIRIRAJ,Construction,,,,,
Gland Pharma,543245,GLAND,Pharmaceuticals & Biotechnology,,,,,
Global Education,,GLOBAL,Other Consumer Services,,,,,
Goldkart Jewels,,GOLDKART,Consumer Durables,,,,,
Goodyear India,500168,GOODYEAR,Auto Components,,,,,
Goyal Salt,,GOYALSALT,Food Products,,,,,
GP Eco Solutions,,GPECO,Electrical Equipment,,,,,
Grauer & Weil,505710,GRAUWEIL,Chemicals & Petrochemicals,,,,,
Hi-Green Carbon,,HIGREEN,Other Utilities,,,,,
HP Telecom,,HPTL,Commercial Services & Supplies,,,,,
IndiGrid Trust,540565,INDIGRID,Power,,,,,
Indus Inf. Trust,544137,INDUSINVIT,Transport Infrastructure,,,,,
Infinium Pharma,,INFINIUM,Pharmaceuticals & Biotechnology,,,,,
Influx Health.,,INFLUX,Pharmaceuticals & Biotechnology,,,,,
Infollion Resea.,,INFOLLION,Commercial Services & Supplies,,,,,
IRB InvIT Fund,540526,IRBINVIT,Transport Infrastructure,,,,,
IRIS Business,540735,IRIS,IT - Software,,,,,
ITC,500875,ITC,Diversified FMCG,,,,,
Jainam Ferro,,JAINAM,Ferrous Metals,,,,,
Jay Bee Laminati,,JAYBEE,Industrial Products,,,,,
Jeyyam Global,,JEYYAM,Food Products,,,,,
Karnika Industri,,KARNIKA,Textiles & Apparels,,,,,
Kennametal India,505890,KENNAMET,Industrial Manufacturing,,,,,
Kirl. Ferrous,500245,KIRLFER,Ferrous Metals,,,,,
Kirl.Pneumatic,505283,KIRLPNU,Industrial Products,,,,,
KN Agri Resource,,KNAGRI,Agricultural Food & other Products,,,,,
Kody Technolab,,KODYTECH,IT - Software,,,,,
Kovai Medical,523323,KOVAI,Healthcare Services,,,,,
Krishna Defence,,KRISHNADEF,Aerospace & Defense,,,,,
Le Merite Export,,LEMERITE,Textiles & Apparels,,,,,
Markolines Pavem,543364,MARKOLINES,Construction,590,,,,
Mason Infratech,,MASON,Realty,,,,,
Megatherm Indu.,,MEGATHERM,Industrial Products,,,,,
Mindspace Busine,543217,MINDSPACE,Realty,,,,,
Moneyboxx Fin.,538446,MONEYBOXX,Finance,,,,,
Monolithisch Ind,,MONOLITH,Industrial Products,,,,,
Munish Forge,,MUNISH,Industrial Products,,,,,
M.V.K. Agro,,MVKAGRO,Agricultural Food & other Products,,,,,
Namo eWaste,,NAMOEWASTE,Other Utilities,,,,,
NDR INVIT Trust,,NDRINVIT,Commercial Services & Supplies,,,,,
Neptune Pet.,,NEPTUNE,Chemicals & Petrochemicals,,,,,
National High,543385,NHIT,Transport Infrastructure,,,,,
Nikita Papers,,NIKITA,"Paper, Forest & Jute Products",,,,,
Novartis India,500672,NOVARTIND,Pharmaceuticals & Biotechnology,,,,,
OBSC Perfection,,OBSCP,Auto Components,,,,,
Oriana Power Ltd,,ORIANA,Electrical Equipment,,,,,
OSEL Devices,,OSELDEVICE,Healthcare Equipment & Supplies,,,,,
Owais Metal,,OWAIS,Ferrous Metals,,,,,
Parin Enterpris.,,PARIN,Consumer Durables,,,,,
Parth Electrical,,PARTH,,,,,,
Patil Automation,,PATILAUTOM,Industrial Manufacturing,,,,,
Petro Carbon,,PCCL,Minerals & Mining,,,,,
Pelatro,,PELATRO,Media,,,,,
Powergrid Infra.,543290,PGINVIT,Power,,,,,
Phantom Digital,,PHANTOMFX,Entertainment,,,,,
Polysil Irrigati,,POLYSIL,Industrial Products,,,,,
Pratham EPC,,PRATHAM,Construction,,,,,
Prizor Viztech,,PRIZOR,Industrial Manufacturing,,,,,
Purple United,,PURPLEUTED,Textiles & Apparels,,,,,
Pushpa Jewellers,,PUSHPA,Consumer Durables,,,,,
RBM Infracon,,RBMINFRA,Commercial Services & Supplies,,,,,
Remus Pharma.,,REMUS,Pharmaceuticals & Biotechnology,,,,,
RNFI Services,,RNFI,Finance,,,,,
Roadstar Infra,544374,ROADSTAR,Transport Infrastructure,,,,,
Sacheerome,,SACHEEROME,Chemicals & Petrochemicals,,,,,
Safe Enterprises,,SAFEENTP,Consumer Durables,,,,,
Sahaj Solar,,SAHAJSOLAR,Electrical Equipment,,,,,
Sahana Systems,,SAHANA,IT - Services,,,,,
Sahasra Electro.,,SAHASRA,Industrial Products,,,,,
Sar Televenture,,SARTELE,Telecom - Services,,,,,
Shera Energy,,SHERA,Industrial Products,,,,,
Shiv Aum Steels,,SHIVAUM,Commercial Services & Supplies,,,,,
Shree Karni,,SHREEKARNI,Textiles & Apparels,,,,,
Shrem InvIT,,SHREMINVIT,Construction,,,,,
Shri Ahimsa,,SHRIAHIMSA,Food Products,,,,,
S J Logistics (I,,SJLOGISTIC,Transport Services,,,,,
SpiceJet,500285,SPICEJET,Transport Services,,,,,
Spunweb Nonwoven,,SPUNWEB,Textiles & Apparels,,,,,
Sathlokhar Sys.,,SSEGL,Construction,,,,,
Suba Hotels,,SUBAHOTELS,Leisure Services,,,,,
Supreme Power,,SUPREMEPWR,Electrical Equipment,,,,,
Swaraj Suiting,,SWARAJ,Textiles & Apparels,,,,,
Systango Tech,,SYSTANGO,IT - Software,,,,,
TechD Cybersec.,,TECHD,IT - Services,,,,,
Techera Enginee.,,TECHERA,Aerospace & Defense,,,,,
Trident Techlabs,,TECHLABS,IT - Software,,,,,
Tejas Cargo,,TEJASCARGO,Transport Services,,,,,
Shree Tirupati,,TIRUPATI,Industrial Products,,,,,
Unimech Aero.,544322,UNIMECH,Aerospace & Defense,,,,,
Utssav CZ Gold,,UTSSAV,Consumer Durables,,,,,
Vertis Infra.,,VERTIS,Transport Infrastructure,,,,,
Virtual Galaxy,,VGINFOTECH,IT - Software,,,,,
Vision Infra,,VIESL,Commercial Services & Supplies,,,,,
Vilas Transcore,,VILAS,Industrial Products,,,,,
Vinsys IT Serv.,,VINSYS,Other Consumer Services,,,,,
Vinyas Innovativ,,VINYAS,Industrial Manufacturing,,,,,
Vishal Fabrics,538598,VISHAL,Textiles & Apparels,,,,,
Vishnusurya Pro.,,VISHNUINFR,Other Construction Materials,,,,,
Vishnusurya Pro.,,VISHNUINFR,Other Construction Materials,,,,,
Viviana Power,,VIVIANA,Construction,,,,,
Viviana Power,,VIVIANA,Construction,,,,,
V-Marc India,,VMARCIND,Industrial Products,,,,,
V-Marc India,,VMARCIND,Industrial Products,,,,,
Wise Travel,,WTICAB,Transport Services,,,,,
Wise Travel,,WTICAB,Transport Services,,,,,
Yash Optics,,YASHOPTICS,Consumer Durables,,,,,
Yash Optics,,YASHOPTICS,Consumer Durables,,,,,
Z-Tech (India),,ZTECH,Other Utilities,,,,,
Z-Tech (India),,ZTECH,Other Utilities,,,,,
Midwest,,BOM:,,,,,,
Neetu Yoshi,544434,BOM:544434,Industrial Products,,,,,