,,,,,DATE 07 NOV 2025,DATE 07 NOV 2025,DATE 07 NOV 2025,DATE 07 NOV 2025,DATE 07 NOV 2025
SL NO,Name,BSE Code,NSE Code,Industry,SENTIMENT RANK 1WEEK AGO,SENTIMENT RANK TODAY,CHANGE IN VOLUME TODAY,CHANGE IN SENTIMENT TODAY,FOLIOMAXX ZONE OF THE WEEK
0,Nifty 50,,NIFTYBEES,,878,986,0.1056,-108,SELLZONE
1,CIAN Agro,519477,BOM:519477,Agricultural Food & other Products,,2355,2.018,,
2,Nifty Next 50,SETFNN50,SETFNN50,Industrial Products,770,769,0.0483,1,BUYZONE
3,Nifty PSU Bank,PSUBNKBEES,PSUBNKBEES,Industrial Products,272,153,0.2809,119,BUYZONE
4,TD Power Systems,533553,TDPOWERSYS,Electrical Equipment,185,195,-0.3911,-10,TRIMZONE
5,SJS Enterprises,543387,SJS,Auto Components,202,81,-0.626,121,HOLDZONE
6,Pennar Industrie,513228,PENIND,Industrial Manufacturing,202,77,5.8264,125,BUYZONE
7,Ultramarine Pig.,506685,BOM:506685,Chemicals & Petrochemicals,1749,,-0.5404,,
8,Neuland Labs.,524558,NEULANDLAB,Pharmaceuticals & Biotechnology,1449,93,0.2732,1356,BUYZONE
9,Interarch Build.,544232,INTERARCH,Construction,286,15,29.9918,271,BUYZONE
10,Arman Financial,531179,ARMANFIN,Finance,1472,825,-0.3104,647,HOLDZONE
11,Samhi Hotels,543984,SAMHI,Leisure Services,440,1718,-0.4768,-1278,TRIMZONE
12,Vishnu Chemicals,516072,VISHNU,Chemicals & Petrochemicals,1182,801,1.1224,381,BUYZONE
13,AU Small Finance,540611,AUBANK,Banks,190,133,0.3093,57,BUYZONE
14,Garware Hi Tech,500655,GRWRHITECH,Industrial Products,670,896,-0.2523,-226,TRIMZONE
15,Pondy Oxides,532626,POCL,Diversified Metals,423,2018,-0.4279,-1595,TRIMZONE
16,CCL Products,519600,CCL,Agricultural Food & other Products,1528,,-1,,
17,HBL Engineering,517271,HBLENGINE,Industrial Products,115,414,-0.233,-299,TRIMZONE
18,C P C L,500110,CHENNPETRO,Petroleum Products,64,56,-0.6972,8,HOLDZONE
19,Tatva Chintan,543321,TATVA,Chemicals & Petrochemicals,402,83,2.0959,319,BUYZONE
20,Bhagyanagar Ind,512296,BHAGYANGR,Non - Ferrous Metals,4,94,-0.647,-90,TRIMZONE
21,Thangamayil Jew.,533158,THANGAMAYL,Consumer Durables,348,2,20.1971,346,BUYZONE
22,South West Pinn.,543986,SOUTHWEST,Commercial Services & Supplies,15,17,-0.9268,-2,
23,Hitachi Energy,543187,POWERINDIA,Electrical Equipment,411,23,0.9379,388,BUYZONE
24,SKM Egg Prod.,532143,SKMEGGPROD,Food Products,38,101,1.7465,-63,SELLZONE
25,Navin Fluo.Intl.,532504,NAVINFLUOR,Chemicals & Petrochemicals,1481,60,1.5879,1421,BUYZONE
26,Bondada Engineer,543971,BOM:543971,Telecom - Services,805,1863,-0.3741,-1058,TRIMZONE
27,Capri Global,531595,CGCL,Finance,307,1377,-0.9461,-1070,TRIMZONE
28,Acutaas Chemical,543349,ACUTAAS,Pharmaceuticals & Biotechnology,343,192,-0.3334,151,HOLDZONE
29,Cartrade Tech,543333,CARTRADE,Retailing,18,530,-0.3007,-512,TRIMZONE
30,Stallion India,544342,STALLION,Chemicals & Petrochemicals,2301,2353,-0.8666,-52,TRIMZONE
31,R R Kabel,543981,RRKABEL,Industrial Products,80,456,-0.4114,-376,TRIMZONE
32,Privi Speci.,530117,PRIVISCL,Chemicals & Petrochemicals,751,26,8.7574,725,BUYZONE
33,M R P L,500109,MRPL,Petroleum Products,67,61,-0.5966,6,HOLDZONE
34,IFB Agro Inds.,507438,IFBAGRO,Beverages,12,35,1.504,-23,SELLZONE
35,Laurus Labs,540222,LAURUSLABS,Pharmaceuticals & Biotechnology,149,154,-0.5873,-5,
36,HEG,509631,HEG,Industrial Products,58,806,-0.88,-748,TRIMZONE
37,Godawari Power,532734,GPIL,Industrial Products,73,476,-0.5084,-403,TRIMZONE
38,Exxaro Tiles,543327,EXXARO,Consumer Durables,,12,28.794,,
39,Fischer Medical,524743,FISCHER,Healthcare Equipment & Supplies,27,2083,-0.8647,-2056,TRIMZONE
40,Rama Phosphates,524037,RAMAPHO,Fertilizers & Agrochemicals,582,58,3.2847,524,BUYZONE
41,Indo Thai Sec.,533676,INDOTHAI,Capital Markets,1105,1890,-0.7002,-785,TRIMZONE
42,Manaksia Coated,539046,MANAKCOAT,Industrial Products,1255,1903,-0.3913,-648,TRIMZONE
43,Garuda Cons,544271,GARUDA,Construction,1338,32,8.0675,1306,BUYZONE
44,InfoBeans Tech.,543644,INFOBEAN,IT - Software,13,374,-0.8751,-361,TRIMZONE
45,T N Petro Prod.,500777,TNPETRO,Chemicals & Petrochemicals,225,703,-0.2721,-478,TRIMZONE
46,Sobha,532784,SOBHA,Realty,297,114,0.8213,183,BUYZONE
47,Waaree Renewab.,534618,WAAREERTL,Electrical Equipment,709,2042,-0.5054,-1333,TRIMZONE
48,Sai Silks,543989,KALAMANDIR,Retailing,1488,1854,-0.8337,-366,TRIMZONE
49,Sharda Cropchem,538666,SHARDACROP,Fertilizers & Agrochemicals,479,2183,-0.8937,-1704,TRIMZONE
50,Bhageria Indust.,530803,BHAGERIA,Chemicals & Petrochemicals,590,1591,-0.8583,-1001,TRIMZONE
51,Sagility,544282,SAGILITY,IT - Services,36,361,-0.9234,-325,TRIMZONE
52,Welspun Corp,532144,WELCORP,Industrial Products,97,715,-0.8679,-618,TRIMZONE
53,Waaree Energies,544277,WAAREEENER,Electrical Equipment,1646,1990,-0.2913,-344,TRIMZONE
54,ASM Technologies,526433,BOM:526433,IT - Software,1875,34,6.0266,1841,BUYZONE
55,Aditya Birla Sun Life CRISIL Broad Based Gilt ETF,ABGSEC,ABGSEC,Industrial Products,,,-0.8885,,
56,Aditya Birla Sun Life CRISIL Overnight Fund AI ETF,ABSLLIQUID,ABSLLIQUID,Industrial Products,1349,,-0.9406,,
57,Aditya Birla Sun Life Nifty 200 Momentum 30 ETF,MOMENTUM,MOMENTUM,Industrial Products,,,1.9548,,
58,Aditya Birla Sun Life Nifty 200 Quality 30 ETF,NIFTYQLITY,NIFTYQLITY,Industrial Products,,,3.0084,,
59,Aditya Birla Sun Life Nifty PSE ETF,ABSLPSE,ABSLPSE,Industrial Products,,,-0.8546,,
60,AXIS S&P BSE SENSEX ETF,AXSENSEX,AXSENSEX,Industrial Products,,,4.335,,
61,Axis Silver ETF,AXISILVER,AXISILVER,Industrial Products,1775,1154,-0.7018,621,HOLDZONE
62,Bajaj Finserv Nifty 1D Rate Liquid ETF,LIQUIDBETF,LIQUIDBETF,Industrial Products,1290,594,-0.7825,696,HOLDZONE
63,Bajaj Finserv Nifty 50 ETF,NIFTYBETF,NIFTYBETF,Industrial Products,,,1.1439,,
64,Bajaj Finserv Nifty Bank ETF,BANKBETF,BANKBETF,Industrial Products,,,-0.7543,,
65,Baroda BNP Paribas Gold ETF,BBNPPGOLD,BBNPPGOLD,Industrial Products,,,-0.9897,,
66,Baroda BNP Paribas NIFTY Bank ETF,BBNPNBETF,BBNPNBETF,Industrial Products,,,-0.2514,,
67,BHARAT Bond ETF-April 2033,EBBETF0433,EBBETF0433,Industrial Products,,503,1.4548,,
68,BSE 200 Equal Weight,EQUAL200,EQUAL200,Industrial Products,,,0.914,,
69,BSE Capital Markets & Insurance Total Return Index,ECAPINSURE,ECAPINSURE,Industrial Products,,,-0.2408,,
70,BSE India Infrastructure Total Return Index,MOINFRA,MOINFRA,Industrial Products,,,-0.3778,,
71,BSE Liquid Rate Index,CASHIETF,CASHIETF,Industrial Products,1278,580,4.0157,698,BUYZONE
72,BSE Power Index - TRI,GROWWPOWER,GROWWPOWER,Industrial Products,,,-0.2148,,
73,BSE PSU Bank Index TRI,SBIBPB,SBIBPB,Industrial Products,,,-0.3246,,
74,BSE Select IPO Index,SELECTIPO,SELECTIPO,Industrial Products,,,0.0091,,
75,BSE SENSEX Index,BSLSENETFG,BSLSENETFG,Industrial Products,,,-0.9162,,
76,BSE SENSEX Next 30 Index,NEXT30ADD,NEXT30ADD,Industrial Products,,,-0.6971,,
77,BSE Sensex Next 30 Index,SNXT30BEES,SNXT30BEES,Industrial Products,,,-0.3784,,
78,BSE Sensex Next 50,UTISXN50,UTISXN50,Industrial Products,,,-0.1023,,
79,Commodity,GROWWGOLD,GROWWGOLD,Industrial Products,1906,1261,-0.6797,645,HOLDZONE
80,Commodity Gold,UNIONGOLD,UNIONGOLD,Industrial Products,,,-0.8325,,
81,Commodity-Gold,GOLD360,GOLD360,Industrial Products,,1147,1.6062,,
82,Commodity-Silver,SILVER360,SILVER360,Industrial Products,,,-0.1914,,
83,Commodity-Silver,SILVERCASE,SILVERCASE,Industrial Products,1923,1231,-0.3974,692,HOLDZONE
84,Commodity-Silver,GROWWSLVR,GROWWSLVR,Industrial Products,1771,1140,-0.7045,631,HOLDZONE
85,CPSE ETF,CPSEETF,CPSEETF,Industrial Products,1013,1539,1.3705,-526,SELLZONE
86,CRISIL 10 Year Gilt ETF,GSEC10ABSL,GSEC10ABSL,Industrial Products,,,-0.8904,,
87,Domestic price of Gold,AONEGOLD,AONEGOLD,Industrial Products,,,-0.4983,,
88,Domestic Price of Physical Gold,MOGOLD,MOGOLD,Industrial Products,1653,,-0.9721,,
89,Domestic Price of Physical Silver,MOSILVER,MOSILVER,Industrial Products,,,-0.4865,,
90,Domestic Price of Silver,SILVERIETF,SILVERIETF,Industrial Products,1932,1187,-0.7568,745,HOLDZONE
91,Domestic price of Silver- based on LBMA Silver daily spot fixing price,SILVERBEES,SILVERBEES,Industrial Products,1913,1183,-0.7172,730,HOLDZONE
92,DSP Gold ETF,GOLDETFADD,GOLDETFADD,Industrial Products,1893,,-0.8849,,
93,DSP Nifty Bank ETF,BANKETFADD,BANKETFADD,Industrial Products,,,1.2441,,
94,DSP Nifty Healthcare ETF,HEALTHADD,HEALTHADD,Industrial Products,,,-0.6872,,
95,DSP Nifty IT ETF,ITETFADD,ITETFADD,Industrial Products,,,0.1814,,
96,DSP Nifty Private Bank ETF,PVTBANKADD,PVTBANKADD,Industrial Products,,,2.3222,,
97,DSP Nifty PSU Bank ETF,PSUBANKADD,PSUBANKADD,Industrial Products,,,-0.4813,,
98,DSP S&P BSE Liquid Rate ETF,LIQUIDADD,LIQUIDADD,Industrial Products,1273,590,-0.2278,683,HOLDZONE
99,DSP S&P BSE Sensex ETF,SENSEXADD,SENSEXADD,Industrial Products,,,-0.8596,,
100,DSP Silver ETF,SILVERADD,SILVERADD,Industrial Products,1834,1174,-0.8965,660,HOLDZONE
101,Edelweiss Gold ETF,EGOLD,EGOLD,Industrial Products,,,-0.683,,
102,Edelweiss Nifty Bank ETF,EBANKNIFTY,EBANKNIFTY,Industrial Products,,,3.9738,,
103,Edelweiss Silver ETF,ESILVER,ESILVER,Industrial Products,2059,,-0.8815,,
104,Equity Index,INTERNET,INTERNET,Industrial Products,,,0.456,,
105,Gold,BSLGOLDETF,BSLGOLDETF,Industrial Products,2056,,-0.9854,,
106,Gold,IVZINGOLD,IVZINGOLD,Industrial Products,,,-0.4048,,
107,Gold,QGOLDHALF,QGOLDHALF,Industrial Products,1851,1242,-0.0716,609,HOLDZONE
108,Gold,LICMFGOLD,LICMFGOLD,Industrial Products,1829,1136,2.0397,693,BUYZONE
109,Gold,GOLDBEES,GOLDBEES,Industrial Products,1882,1216,-0.69,666,HOLDZONE
110,Gold,SETFGOLD,SETFGOLD,Industrial Products,1931,1237,-0.7803,694,HOLDZONE
111,Gold,GOLDIETF,GOLDIETF,Industrial Products,1930,1223,-0.8496,707,HOLDZONE
112,Gold,HDFCGOLD,HDFCGOLD,Industrial Products,1877,1193,-0.733,684,HOLDZONE
113,Gold,GOLD1,GOLD1,Industrial Products,1844,1209,-0.7311,635,HOLDZONE
114,Gold,AXISGOLD,AXISGOLD,Industrial Products,1882,1259,-0.771,623,HOLDZONE
115,Gold,GOLDSHARE,GOLDSHARE,Industrial Products,1902,1188,-0.5071,714,HOLDZONE
116,Government Securities,LIQUIDBEES,LIQUIDBEES,Industrial Products,1365,644,-0.6433,721,HOLDZONE
117,GSEC10 NSE Index,LICNETFGSC,LICNETFGSC,Industrial Products,,,-0.7429,,
118,Hang Seng Index,HNGSNGBEES,HNGSNGBEES,Industrial Products,727,532,0.1143,195,BUYZONE
119,Hang Seng TECH Total Return Index,MAHKTECH,MAHKTECH,Industrial Products,,1600,0.7578,,
120,HDFC NIFTY 100 ETF,HDFCNIF100,HDFCNIF100,Industrial Products,,,-0.5955,,
121,HDFC Nifty 1D Rate Liquid ETF,HDFCLIQUID,HDFCLIQUID,Industrial Products,1280,600,0.1443,680,BUYZONE
122,HDFC NIFTY Growth Sectors 15 ETF,HDFCGROWTH,HDFCGROWTH,Industrial Products,,,0.8406,,
123,HDFC NIFTY IT ETF,HDFCNIFIT,HDFCNIFIT,Industrial Products,,,0.7926,,
124,HDFC NIFTY Midcap 150 ETF,HDFCMID150,HDFCMID150,Industrial Products,,,0.0997,,
125,HDFC NIFTY NEXT 50 ETF,HDFCNEXT50,HDFCNEXT50,Industrial Products,,,0.1278,,
126,HDFC NIFTY Private Bank ETF,HDFCPVTBAN,HDFCPVTBAN,Industrial Products,,,1.6114,,
127,HDFC NIFTY PSU BANK ETF,HDFCPSUBK,HDFCPSUBK,Industrial Products,,,0.3661,,
128,HDFC NIFTY Smallcap 250 ETF,HDFCSML250,HDFCSML250,Industrial Products,711,944,0.3204,-233,SELLZONE
129,HDFC NIFTY100 Low Volatility 30 ETF,HDFCLOWVOL,HDFCLOWVOL,Industrial Products,,,-0.9141,,
130,HDFC NIFTY100 Quality 30 ETF,HDFCQUAL,HDFCQUAL,Industrial Products,,,-0.6836,,
131,HDFC NIFTY200 Momentum 30 ETF,HDFCMOMENT,HDFCMOMENT,Industrial Products,,,-0.2803,,
132,HDFC NIFTY50 Value 20 ETF,HDFCVALUE,HDFCVALUE,Industrial Products,,,-0.7859,,
133,HDFC S&P BSE 500 ETF,HDFCBSE500,HDFCBSE500,Industrial Products,,,1.639,,
134,HDFC Silver ETF,HDFCSILVER,HDFCSILVER,Industrial Products,1892,1229,-0.6403,663,HOLDZONE
135,ICICI Prudential Nifty 10 yr Benchmark G-Sec ETF,GSEC10IETF,GSEC10IETF,Industrial Products,,,130.8826,,
136,ICICI Prudential Nifty 200 Momentum 30 ETF,MOM30IETF,MOM30IETF,Industrial Products,1259,961,0.6392,298,BUYZONE
137,ICICI Prudential Nifty 200 Quality 30 ETF,QUAL30IETF,QUAL30IETF,Industrial Products,,,-0.0405,,
138,ICICI Prudential Nifty Commodities ETF,COMMOIETF,COMMOIETF,Industrial Products,353,,-0.9783,,
139,ICICI Prudential Nifty Financial Services Ex-Bank ETF,FINIETF,FINIETF,Industrial Products,,373,1.4315,,
140,ICICI Prudential Nifty Infrastructure ETF,INFRAIETF,INFRAIETF,Industrial Products,357,788,0.816,-431,SELLZONE
141,ICICI Prudential Nifty PSU Bank ETF,PSUBNKIETF,PSUBNKIETF,Industrial Products,245,164,-0.5437,81,HOLDZONE
142,Index,GROWWNET,GROWWNET,Industrial Products,,,0.3316,,
143,Index,GROWWRLTY,GROWWRLTY,Industrial Products,,,1.4973,,
144,Index,GROWWNXT50,GROWWNXT50,Industrial Products,,,1.3304,,
145,Kotak Nifty 100 Low Vol 30 ETF,LOWVOL1,LOWVOL1,Industrial Products,,,3.5298,,
146,Kotak Nifty 1D Rate Liquid ETF,LIQUID1,LIQUID1,Industrial Products,1265,578,0.9386,687,BUYZONE
147,Kotak Nifty India Consumption ETF,CONS,CONS,Industrial Products,,,0.2174,,
148,Kotak Nifty MNC ETF,MNC,MNC,Industrial Products,,,-0.9897,,
149,Kotak Silver ETF,SILVER1,SILVER1,Industrial Products,1798,1119,-0.5326,679,HOLDZONE
150,LIC MF Nifty Midcap 100 ETF,LICNMID100,LICNMID100,Industrial Products,,,-0.4071,,
151,Liquid,LIQGRWBEES,LIQGRWBEES,Industrial Products,1288,598,0.0411,690,BUYZONE
152,Mirae Asset Gold ETF,GOLDETF,GOLDETF,Industrial Products,1847,1158,-0.374,689,HOLDZONE
153,Mirae Asset Mutual Fund - Mirae Asset Nifty Midcap 150 ETF,MIDCAPETF,MIDCAPETF,Industrial Products,664,517,-0.1492,147,HOLDZONE
154,Mirae Asset Nifty 100 Low Volatility 30 ETF,LOWVOL,LOWVOL,Industrial Products,,,0.8416,,
155,Mirae Asset Nifty 1D Rate Liquid ETF,LIQUID,LIQUID,Industrial Products,1341,639,-0.3301,702,HOLDZONE
156,Mirae Asset Nifty 200 Alpha 30 ETF,ALPHAETF,ALPHAETF,Industrial Products,,,0.0375,,
157,Mirae Asset Nifty 8-13 yr G-Sec ETF,GSEC10YEAR,GSEC10YEAR,Industrial Products,,,8.8988,,
158,Mirae Asset Nifty Bank ETF,BANKETF,BANKETF,Industrial Products,,,-0.8923,,
159,Mirae Asset Nifty IT ETF,ITETF,ITETF,Industrial Products,,,-0.2207,,
160,Mirae Asset Nifty MidSmallcap400 Momentum Quality 100 ETF,MIDSMALL,MIDSMALL,Industrial Products,,,-0.2168,,
161,Mirae Asset Nifty Smallcap 250 Momentum Quality 100 ETF,SMALLCAP,SMALLCAP,Industrial Products,728,1234,0.3214,-506,SELLZONE
162,Mirae Asset S&P BSE Sensex ETF,SENSEXETF,SENSEXETF,Industrial Products,,,-0.2861,,
163,Mirae Asset Silver ETF,SILVERAG,SILVERAG,Industrial Products,1717,1104,-0.5664,613,HOLDZONE
164,Motilal Oswal Nifty 500 ETF,MONIFTY500,MONIFTY500,Industrial Products,843,,-0.313,,
165,Motilal Oswal Nifty Realty ETF,MOREALTY,MOREALTY,Industrial Products,472,544,0.368,-72,SELLZONE
166,Motilal Oswal Nifty Smallcap 250 ETF,MOSMALL250,MOSMALL250,Industrial Products,,1025,1.5198,,
167,Motilal Oswal S&P BSE Enhanced Value ETF,MOVALUE,MOVALUE,Industrial Products,,,0.0402,,
168,Motilal Oswal S&P BSE Healthcare ETF,MOHEALTH,MOHEALTH,Industrial Products,,,-0.5519,,
169,Motilal Oswal S&P BSE Quality ETF,MOQUALITY,MOQUALITY,Industrial Products,,,0.4587,,
170,MSCI India Index,MSCIINDIA,MSCIINDIA,Industrial Products,,,-0.1342,,
171,Nasdaq Q-50 Total Return Index,MONQ50,MONQ50,Industrial Products,1974,2135,-0.0454,-161,NO ACTION
172,Nasdaq100,MON100,MON100,Industrial Products,478,1695,0.196,-1217,SELLZONE
173,Nifty 10 yr Benchmark G-Sec Index,SETF10GILT,SETF10GILT,Industrial Products,,,-0.0955,,
174,Nifty 100,NIF100IETF,NIF100IETF,Industrial Products,,,-0.62,,
175,Nifty 100,LICNFNHGP,LICNFNHGP,Industrial Products,,,-0.4191,,
176,Nifty 100 Equal Weight Index,NIFTY100EW,NIFTY100EW,Industrial Products,,,1.1326,,
177,Nifty 100 Low Volatility 30 Index,LOWVOLIETF,LOWVOLIETF,Industrial Products,1301,1070,-0.2233,231,HOLDZONE
178,Nifty 100 Total Return Index,MONIFTY100,MONIFTY100,Industrial Products,,,-0.9918,,
179,Nifty 100 TRI,NIF100BEES,NIF100BEES,Industrial Products,,,-0.3352,,
180,Nifty 1D Rate Index,GROWWLIQID,GROWWLIQID,Industrial Products,,571,0.5969,,
181,Nifty 1D Rate Index,SBILIQETF,SBILIQETF,Industrial Products,,,-0.0387,,
182,Nifty 1D Rate Index,AONELIQUID,AONELIQUID,Industrial Products,1268,584,0.6137,684,BUYZONE
183,Nifty 1D Rate Index,LIQUIDPLUS,LIQUIDPLUS,Industrial Products,1263,576,-0.0955,687,HOLDZONE
184,Nifty 1D Rate Index (Debt Index),ELIQUID,ELIQUID,Industrial Products,,,-1,,
185,Nifty 200 Index- Total Return Index,GROWWN200,GROWWN200,Industrial Products,,,-0.6119,,
186,Nifty 200 Momentum 30 Index,MOMENTUM30,MOMENTUM30,Industrial Products,,,-0.6382,,
187,Nifty 200 Momentum 30 Total Return Index,MOMOMENTUM,MOMOMENTUM,Industrial Products,,,-0.1668,,
188,Nifty 200 Quality 30 Index,SBIETFQLTY,SBIETFQLTY,Industrial Products,,,1.7267,,
189,Nifty 5 yr Benchmark G-Sec Index,GILT5YBEES,GILT5YBEES,Industrial Products,1385,,-0.6568,,
190,Nifty 5 yr Benchmark G-Sec Index,GSEC5IETF,GSEC5IETF,Industrial Products,,,3.7074,,
191,Nifty 5 yr Benchmark G-Sec Index,MOGSEC,MOGSEC,Industrial Products,,,0.2492,,
192,Nifty 50,BSLNIFTY,BSLNIFTY,Industrial Products,,,-0.0635,,
193,Nifty 50,NIFTY1,NIFTY1,Industrial Products,915,949,-0.4341,-34,TRIMZONE
194,Nifty 50,AXISNIFTY,AXISNIFTY,Industrial Products,,,-0.3157,,
195,Nifty 50,MOM50,MOM50,Industrial Products,,,-0.0682,,
196,Nifty 50,LICNETFN50,LICNETFN50,Industrial Products,,,0.8385,,
197,Nifty 50,IDFNIFTYET,IDFNIFTYET,Industrial Products,,,-0.6607,,
198,Nifty 50,QNIFTY,QNIFTY,Industrial Products,,,-0.6558,,
199,Nifty 50,IVZINNIFTY,IVZINNIFTY,Industrial Products,,,1.2328,,
200,Nifty 50,SETFNIF50,SETFNIF50,Industrial Products,853,958,-0.5886,-105,TRIMZONE
201,Nifty 50,NIFTYIETF,NIFTYIETF,Industrial Products,876,1004,0.7205,-128,SELLZONE
202,Nifty 50,NIFTYETF,NIFTYETF,Industrial Products,830,1005,0.2372,-175,SELLZONE
203,Nifty 50,HDFCNIFTY,HDFCNIFTY,Industrial Products,896,988,0.0591,-92,NO ACTION
204,Nifty 50,UTINIFTETF,UTINIFTETF,Industrial Products,806,962,-0.7786,-156,TRIMZONE
205,NIFTY 50 Equal Weight Index,EQUAL50ADD,EQUAL50ADD,Industrial Products,,928,6.9888,,
206,Nifty 50 Equal Weight Total Return Index,MON50EQUAL,MON50EQUAL,Industrial Products,,,-0.2122,,
207,Nifty 50 Index,AONENIFTY,AONENIFTY,Industrial Products,,,0.144,,
208,Nifty 50 Index,NIFTY50ADD,NIFTY50ADD,Industrial Products,,,-0.6408,,
209,Nifty 50 Index - TRI,GROWWNIFTY,GROWWNIFTY,Industrial Products,,,-0.4271,,
210,Nifty 500 Low Volatility 50 Index TRI,GROWWLOVOL,GROWWLOVOL,Industrial Products,,,-0.8184,,
211,Nifty 500 Momentum 50 Index- Total Return Index,GROWWMOM50,GROWWMOM50,Industrial Products,,,-0.0963,,
212,Nifty 500 Momentum 50 Total Return Index,MOMENTUM50,MOMENTUM50,Industrial Products,1108,622,-0.0803,486,HOLDZONE
213,Nifty 8-13 Yr G-Sec Index,LTGILTCASE,LTGILTCASE,Industrial Products,,,-0.9275,,
214,NIFTY 8-13 yr G-Sec Index,LTGILTBEES,LTGILTBEES,Industrial Products,1380,500,-0.0754,880,HOLDZONE
215,Nifty AAA Bond Plus SDL Apr 2026 50:50 Index,AXISBPSETF,AXISBPSETF,Industrial Products,,,-0.4953,,
216,NIFTY Alpha 50 Index,ALPHA,ALPHA,Industrial Products,,,,,
217,Nifty Alpha 50 Total Return Index,MOALPHA50,MOALPHA50,Industrial Products,,,-0.2331,,
218,Nifty Alpha Low-Volatility 30 Index,ALPL30IETF,ALPL30IETF,Industrial Products,1277,967,-0.5166,310,HOLDZONE
219,Nifty Auto Index,AUTOIETF,AUTOIETF,Industrial Products,1635,1021,-0.4459,614,HOLDZONE
220,Nifty Auto TRI,AUTOBEES,AUTOBEES,Industrial Products,1647,1137,-0.4663,510,HOLDZONE
221,Nifty Bank,UTIBANKETF,UTIBANKETF,Industrial Products,810,,-0.9795,,
222,Nifty Bank,BANKIETF,BANKIETF,Industrial Products,760,527,-0.81,233,HOLDZONE
223,Nifty Bank,SETFNIFBK,SETFNIFBK,Industrial Products,768,,-0.9227,,
224,Nifty Bank,ABSLBANETF,ABSLBANETF,Industrial Products,,,1.8499,,
225,Nifty Bank,HDFCNIFBAN,HDFCNIFBAN,Industrial Products,739,,-0.9819,,
226,Nifty Bank,AXISBNKETF,AXISBNKETF,Industrial Products,,,-0.8727,,
227,Nifty Bank,BANKBEES,BANKBEES,Industrial Products,776,534,0.3139,242,BUYZONE
228,Nifty Bank,BANKNIFTY1,BANKNIFTY1,Industrial Products,814,576,-0.4012,238,HOLDZONE
229,Nifty BHARAT Bond,EBBETF0430,EBBETF0430,Industrial Products,,583,1.1446,,
230,Nifty BHARAT Bond,EBBETF0431,EBBETF0431,Industrial Products,1286,,-0.5252,,
231,Nifty BHARAT Bond Index - April 2032,BBETF0432,BBETF0432,Industrial Products,,,-0.8044,,
232,Nifty Capital Market Total Return Index,MOCAPITAL,MOCAPITAL,Industrial Products,1495,494,-0.1868,1001,HOLDZONE
233,Nifty Dividend Opportunities 50 TRI,DIVOPPBEES,DIVOPPBEES,Industrial Products,,,-0.448,,
234,Nifty Energy Index,MOENERGY,MOENERGY,Industrial Products,,,-0.5038,,
235,Nifty EV & New Age Automotive ETF,EVIETF,EVIETF,Industrial Products,,,-0.6856,,
236,Nifty EV and New Age Automotive Index,GROWWEV,GROWWEV,Industrial Products,,,-0.121,,
237,Nifty EV and New Age Automotive Total Return Index,EVINDIA,EVINDIA,Industrial Products,,,0.2665,,
238,Nifty Financial Services Index,BFSI,BFSI,Industrial Products,,,0.3301,,
239,Nifty FMCG Index,FMCGIETF,FMCGIETF,Industrial Products,1196,1213,-0.3753,-17,TRIMZONE
240,Nifty Healthcare Index,HEALTHIETF,HEALTHIETF,Industrial Products,1312,,-0.5716,,
241,Nifty Healthcare Index,AXISHCETF,AXISHCETF,Industrial Products,,,-0.7407,,
242,Nifty Healthcare TRI,HEALTHY,HEALTHY,Industrial Products,,,-0.6959,,
243,Nifty Index 50 Index,NIFTYCASE,NIFTYCASE,Industrial Products,,,3.7359,,
244,Nifty India Consumption Index,CONSUMIETF,CONSUMIETF,Industrial Products,,,0.2179,,
245,Nifty India Consumption Index,SBIETFCON,SBIETFCON,Industrial Products,,,-0.7388,,
246,NIFTY India Consumption Index,AXISCETF,AXISCETF,Industrial Products,,,-0.0971,,
247,Nifty India Consumption TRI,CONSUMBEES,CONSUMBEES,Industrial Products,1294,,-0.4528,,
248,Nifty India Defence Index- Total Return Index,GROWWDEFNC,GROWWDEFNC,Industrial Products,1702,1564,-0.0968,138,HOLDZONE
249,Nifty India Defence Total Return Index,MODEFENCE,MODEFENCE,Industrial Products,1744,1611,0.3856,133,BUYZONE
250,Nifty India Digital Index,TNIDETF,TNIDETF,Industrial Products,,,-0.3091,,
251,Nifty India Manufacturing Total Return Index,MAKEINDIA,MAKEINDIA,Industrial Products,,,-0.4625,,
252,Nifty India Manufacturing Total Return Index,MOMGF,MOMGF,Industrial Products,,,7.789,,
253,Nifty India Manufacturing TRI,MANUFGBEES,MANUFGBEES,Industrial Products,,,0.8501,,
254,Nifty India New AgeConsumption,CONSUMER,CONSUMER,Industrial Products,,,-0.787,,
255,Nifty India Railways PSU Index,GROWWRAIL,GROWWRAIL,Industrial Products,,,0.7209,,
256,Nifty India Tourism Total Return Index,MOTOUR,MOTOUR,Industrial Products,,,2.3566,,
257,Nifty Infra,INFRABEES,INFRABEES,Industrial Products,401,844,-0.0651,-443,NO ACTION
258,NIFTY IT Index,IT,IT,Industrial Products,649,,-1,,
259,Nifty IT Index,SBIETFIT,SBIETFIT,Industrial Products,,,-0.3946,,
260,NIFTY IT Index,AXISTECETF,AXISTECETF,Industrial Products,,,-0.4633,,
261,Nifty IT Index,ITIETF,ITIETF,Industrial Products,758,,-0.4202,,
262,Nifty IT TRI,ITBEES,ITBEES,Industrial Products,699,1066,-0.252,-367,TRIMZONE
263,Nifty IT TRI Index,TECH,TECH,Industrial Products,1632,,-1,,
264,Nifty LargeMidcap 250 TRI,ELM250,ELM250,Industrial Products,,,1.5937,,
265,Nifty Metal Index,METALIETF,METALIETF,Industrial Products,274,780,0.1894,-506,SELLZONE
266,Nifty Metal Total Return Index,METAL,METAL,Industrial Products,,,,,
267,Nifty Midcap 100,MOM100,MOM100,Industrial Products,564,462,-0.0834,102,HOLDZONE
268,Nifty Midcap 100 TRI,MOLOWVOL,MOLOWVOL,Industrial Products,,,0.8505,,
269,Nifty Midcap 150,MIDCAPIETF,MIDCAPIETF,Industrial Products,665,526,2.3641,139,BUYZONE
270,Nifty Midcap 150 Index,MID150,MID150,Industrial Products,,,0.5055,,
271,Nifty Midcap 150 Momentum 50 Total Return Index,MOMIDMTM,MOMIDMTM,Industrial Products,,,1.9082,,
272,Nifty Midcap 150 Quality 50 Index,MIDQ50ADD,MIDQ50ADD,Industrial Products,,,-0.6513,,
273,Nifty Midcap 150 TRI,MID150BEES,MID150BEES,Industrial Products,622,489,0.8913,133,BUYZONE
274,Nifty Midcap 50 Index,MIDCAP,MIDCAP,Industrial Products,510,,-0.4386,,
275,Nifty Next 50,UTINEXT50,UTINEXT50,Industrial Products,,,0.418,,
276,Nifty Next 50,ABSLNN50ET,ABSLNN50ET,Industrial Products,,,-0.5837,,
277,Nifty Next 50,NEXT50,NEXT50,Industrial Products,691,739,1.2841,-48,SELLZONE
278,Nifty Next 50,NEXT50IETF,NEXT50IETF,Industrial Products,715,737,0.0377,-22,NO ACTION
279,Nifty Next 50 Total Return Index,MONEXT50,MONEXT50,Industrial Products,,,0.4064,,
280,Nifty Oil & Gas Index,OILIETF,OILIETF,Industrial Products,306,340,0.0008,-34,NO ACTION
281,Nifty Pharma TRI,PHARMABEES,PHARMABEES,Industrial Products,1319,799,-0.5807,520,HOLDZONE
282,Nifty Private Bank Index,PVTBANIETF,PVTBANIETF,Industrial Products,1220,1052,0.1765,168,BUYZONE
283,Nifty Private Bank Index,SBIETFPB,SBIETFPB,Industrial Products,,,0.3706,,
284,Nifty Private Bank Index,NPBET,NPBET,Industrial Products,,,-0.1925,,
285,Nifty PSE Total Return Index,MOPSE,MOPSE,Industrial Products,,,-0.7696,,
286,Nifty PSU Bank,PSUBANK,PSUBANK,Industrial Products,249,173,0.2633,76,BUYZONE
287,Nifty PSU Bank Total Return Index,BANKPSU,BANKPSU,Industrial Products,,184,6.5932,,
288,Nifty SDL Apr 2026 Top 20 Equal Weight Index,SDL26BEES,SDL26BEES,Industrial Products,,,0.3281,,
289,Nifty Smallcap 100 Index,SML100CASE,SML100CASE,Industrial Products,,,-0.0085,,
290,Nifty Top 10 Equal Weight Index,TOP10ADD,TOP10ADD,Industrial Products,,1137,20.5201,,
291,Nifty Top 15 Equal Weight Index,TOP15IETF,TOP15IETF,Industrial Products,,,0.288,,
292,Nifty Total Market Index,AONETOTAL,AONETOTAL,Industrial Products,,,-0.6529,,
293,NIFTY100 ESG SECTOR LEADERS,ESG,ESG,Industrial Products,,,31.3451,,
294,Nifty1D rate index,LIQUIDETF,LIQUIDETF,Industrial Products,1338,662,-0.1405,676,HOLDZONE
295,Nifty200 Quality 30 Index,QUALITY30,QUALITY30,Industrial Products,,,-0.3484,,
296,Nifty200 Value 30 Index,VAL30IETF,VAL30IETF,Industrial Products,,,-0.7484,,
297,Nifty50 Equal Weight,SBINEQWETF,SBINEQWETF,Industrial Products,,,-0.458,,
298,Nifty50 Equal Weight,EQUAL50,EQUAL50,Industrial Products,,,2.2629,,
299,Nifty50 Value 20,NV20IETF,NV20IETF,Industrial Products,,,0.1995,,
300,Nifty50 Value 20,NV20,NV20,Industrial Products,,,0.5485,,
301,Nifty50 Value20 TRI,NV20BEES,NV20BEES,Industrial Products,,,0.4244,,
302,Nifty500 Flexicap Quality 30 TRI,FLEXIADD,FLEXIADD,Industrial Products,,,-0.6891,,
303,Nifty500 Multicap 50:25:25 Index,MULTICAP,MULTICAP,Industrial Products,,,-0.512,,
304,Nifty500 Multicap Momentum Quality 50 Total Return Index,EMULTIMQ,EMULTIMQ,Industrial Products,,,-0.8557,,
305,Nifty500 Value 50 TRI,AXISVALUE,AXISVALUE,Industrial Products,,,-0.6052,,
306,Nippon India ETF Nifty Next 50 Junior BeES,JUNIORBEES,JUNIORBEES,Industrial Products,865,751,-0.4849,114,HOLDZONE
307,NIPPON INDIA GOLD ETF,GOLDBEES,GOLDBEES,Industrial Products,1882,1216,-0.69,666,HOLDZONE
308,NIPPON INDIA NIFTY NEXT50 ETF,JUNIORBEES,JUNIORBEES,Industrial Products,865,751,-0.4849,114,HOLDZONE
309,NIPPON INDIA SILVER ETF,SILVERBEES,SILVERBEES,Industrial Products,1913,1183,-0.7172,730,HOLDZONE
310,NYSE FANG+ Total Return Index,MAFANG,MAFANG,Industrial Products,,,,,
311,Physical price of Silver,SILVER,SILVER,Industrial Products,1790,1147,-0.7777,643,HOLDZONE
312,S&P 500 Top 50 Total Return Index,MASPTOP50,MASPTOP50,Industrial Products,312,589,0.9988,-277,SELLZONE
313,S&P BSE 500 index,BSE500IETF,BSE500IETF,Industrial Products,,923,3.9149,,
314,S&P BSE BHARAT 22 index,ICICIB22,ICICIB22,Industrial Products,483,773,-0.1465,-290,NO ACTION
315,S&P BSE Liquid Rate Index,LIQUIDIETF,LIQUIDIETF,Industrial Products,1341,644,-0.7416,697,HOLDZONE
316,S&P BSE Midcap Select Index,MIDSELIETF,MIDSELIETF,Industrial Products,,,-0.2704,,
317,SBI NIFTY 1D Rate ETF,LIQUIDSBI,LIQUIDSBI,Industrial Products,,641,3.1405,,
318,SBI SILVER ETF,SBISILVER,SBISILVER,Industrial Products,1730,1169,-0.5838,561,HOLDZONE
319,SENSEX,HDFCSENSEX,HDFCSENSEX,Industrial Products,,,0.6889,,
320,SENSEX,SENSEXIETF,SENSEXIETF,Industrial Products,,,0.2734,,
321,SENSEX,LICNETFSEN,LICNETFSEN,Industrial Products,,,-0.1176,,
322,SENSEX,UTISENSETF,UTISENSETF,Industrial Products,802,,-0.9506,,
323,Shariah,SHARIABEES,SHARIABEES,Industrial Products,,,0.2467,,
324,SHRIRAM NIFTY 1D RATE LIQUID ETF,LIQUIDSHRI,LIQUIDSHRI,Industrial Products,,,0.7605,,
325,Tata Gold Exchange Traded Fund,TATAGOLD,TATAGOLD,Industrial Products,1854,1218,-0.6925,636,HOLDZONE
326,Tata Nifty 50 Exchange Traded Fund,NETF,NETF,Industrial Products,,,1.0046,,
327,Tata Silver Exchange Traded Fund,TATSILV,TATSILV,Industrial Products,1813,1132,-0.6473,681,HOLDZONE
328,UTI Nifty 10 yr Benchmark G-Sec ETF,NIF10GETF,NIF10GETF,Industrial Products,,,0.6443,,
329,UTI Nifty 5 yr Benchmark G-Sec ETF,NIF5GETF,NIF5GETF,Industrial Products,,,3.715,,
330,UTI Nifty IT ETF,NIFITETF,NIFITETF,Industrial Products,,,0.1803,,
331,UTI Nifty Midcap 150 Exchange Traded Fund (ETF),NIFMID150,NIFMID150,Industrial Products,,,0.5314,,
332,UTI Silver Exchange Traded Fund (UTI Silver ETF),SILVERETF,SILVERETF,Industrial Products,1842,1160,-0.4981,682,HOLDZONE
333,Zerodha Gold ETF,GOLDCASE,GOLDCASE,Industrial Products,1858,1251,-0.3644,607,HOLDZONE
334,Zerodha Nifty 100 ETF,TOP100CASE,TOP100CASE,Industrial Products,,,0.1874,,
335,Zerodha Nifty 1D Rate Liquid ETF,LIQUIDCASE,LIQUIDCASE,Industrial Products,1274,573,-0.0114,701,HOLDZONE
336,Zerodha Nifty Midcap 150 ETF,MID150CASE,MID150CASE,Industrial Products,686,,-0.218,,
337,Global Surfaces,543829,GSLSU,Consumer Durables,71,9,0.9588,62,BUYZONE
338,Raymond Realty,544420,RAYMONDREL,Realty,947,1563,-0.5822,-616,TRIMZONE
339,GK Energy,544525,GKENERGY,Construction,1759,1698,-0.2899,61,HOLDZONE
340,Ather Energy,544397,ATHERENERG,Automobiles,524,2104,0.2792,-1580,SELLZONE
341,EPack PrefabTech,544540,EPACKPEB,Industrial Manufacturing,421,8,8.318,413,BUYZONE
342,Hind Rectifiers,504036,HIRECT,Industrial Manufacturing,75,698,-0.6748,-623,TRIMZONE
343,Jain Resource,544537,JAINREC,Diversified Metals,396,762,-0.4969,-366,TRIMZONE
344,Bluestone Jewel,544484,BLUESTONE,Consumer Durables,2055,2339,0.4768,-284,SELLZONE
345,Shaily Engineer.,501423,SHAILY,Industrial Products,2250,347,-0.7811,1903,HOLDZONE
346,Intellect Design,538835,INTELLECT,IT - Software,220,266,-0.0775,-46,NO ACTION
347,Radico Khaitan,532497,RADICO,Beverages,1140,216,0.2461,924,BUYZONE
348,Bharat Rasayan,590021,BHARATRAS,Fertilizers & Agrochemicals,725,847,-0.5279,-122,TRIMZONE
349,Suraj Estate,544054,SURAJEST,Realty,184,304,-0.3334,-120,TRIMZONE
350,SBFC Finance,543959,SBFC,Finance,1136,610,1.9103,526,BUYZONE
351,Raghav Product.,539837,RPEL,Industrial Products,542,14,9.9601,528,BUYZONE
352,One 97,543396,PAYTM,Financial Technology (Fintech),440,225,1.5315,215,BUYZONE
353,Tilaknagar Inds.,507205,TI,Beverages,,,-0.6585,,
354,TVS Holdings,520056,TVSHLTD,Finance,814,950,1.5285,-136,SELLZONE
355,Prestige Estates,533274,PRESTIGE,Realty,534,755,-0.539,-221,TRIMZONE
356,Persistent Systems,533179,PERSISTENT,IT - Software,290,1071,-0.1391,-781,NO ACTION
357,Bharat Electron,500049,BEL,Aerospace & Defense,,,-0.8365,,
358,Shanti Gold,544459,SHANTIGOLD,Consumer Durables,107,267,-0.6258,-160,TRIMZONE
359,Sona BLW Precis.,543300,SONACOMS,Auto Components,349,261,0.1844,88,BUYZONE
360,Force Motors,500033,FORCEMOT,Automobiles,652,179,0.4618,473,BUYZONE
361,All Time Plastic,544479,ALLTIME,Consumer Durables,124,245,-0.4988,-121,TRIMZONE
362,G M Breweries,507488,GMBREW,Beverages,431,536,-0.7661,-105,TRIMZONE
363,eClerx Services,532927,ECLERX,Commercial Services & Supplies,76,1390,-0.4992,-1314,TRIMZONE
364,Marine Electric.,,MARINE,Industrial Manufacturing,159,1455,-0.6749,-1296,TRIMZONE
365,Shringar House,544512,SHRINGARMS,Consumer Durables,156,402,-0.7642,-246,TRIMZONE
366,PSP Projects,540544,PSPPROJECT,Construction,19,75,-0.836,-56,TRIMZONE
367,Rajratan Global,517522,RAJRATAN,Auto Components,154,22,0.1216,132,BUYZONE
368,Veranda Learning,543514,VERANDA,Other Consumer Services,1095,1324,-0.6137,-229,TRIMZONE
369,Prozone Realty,534675,PROZONER,Realty,,,-0.9832,,
370,Inventurus Knowl,544309,IKS,IT - Services,409,143,0.605,266,BUYZONE
371,Aeroflex,543972,AEROFLEX,Industrial Products,254,286,-0.0668,-32,NO ACTION
372,CEAT,500878,CEATLTD,Auto Components,445,604,-0.7294,-159,TRIMZONE
373,B H E L,500103,BHEL,Electrical Equipment,88,209,-0.8966,-121,TRIMZONE
374,L G Balakrishnan,500250,LGBBROSLTD,Auto Components,466,7,7.4474,459,BUYZONE
375,CRISIL,500092,CRISIL,Finance,526,1457,-0.3851,-931,TRIMZONE
376,CESC,500084,CESC,Power,788,1380,-0.421,-592,TRIMZONE
377,Newgen Software,540900,NEWGEN,IT - Software,94,465,-0.659,-371,TRIMZONE
378,JK Tyre & Indust,530007,JKTYRE,Auto Components,99,64,-0.6537,35,HOLDZONE
379,HCL Technologies,532281,HCLTECH,IT - Software,390,905,-0.3426,-515,TRIMZONE
380,Nestle India,500790,NESTLEIND,Food Products,1094,1231,-0.4613,-137,TRIMZONE
381,Vaibhav Global,532156,VAIBHAVGBL,Consumer Durables,23,281,-0.9874,-258,TRIMZONE
382,Mcleod Russel,532654,MCLEODRUSS,Agricultural Food & other Products,688,,-0.6511,,
383,Stove Kraft,543260,STOVEKRAFT,Consumer Durables,54,2025,-0.6661,-1971,TRIMZONE
384,Astral,532830,ASTRAL,Industrial Products,526,103,0.5269,423,BUYZONE
385,3M India,523395,3MINDIA,Diversified,1041,24,15.3175,1017,BUYZONE
386,Kirloskar Oil,533293,KIRLOSENG,Industrial Products,64,535,-0.5563,-471,TRIMZONE
387,Blue Dart Expres,526612,BLUEDART,Transport Services,21,601,-0.9794,-580,TRIMZONE
388,Apollo Tyres,500877,APOLLOTYRE,Auto Components,569,282,-0.059,287,HOLDZONE
389,South Ind.Bank,532218,SOUTHBANK,Banks,576,138,0.3687,438,BUYZONE
390,Asian Paints,500820,ASIANPAINT,Consumer Durables,626,232,-0.2557,394,HOLDZONE
391,Anand Rathi Wea.,543415,ANANDRATHI,Capital Markets,684,522,-0.5694,162,HOLDZONE
392,IIFL Capital,542773,IIFLCAPS,Capital Markets,1491,1733,-0.7392,-242,TRIMZONE
393,Huhtamaki India,509820,HUHTAMAKI,Industrial Products,1724,2099,-0.529,-375,TRIMZONE
394,Blue Cloud Soft.,539607,BOM:539607,IT - Software,14,19,-0.26,-5,
395,Sharda Motor,535602,SHARDAMOTR,Auto Components,1894,130,6.6248,1764,BUYZONE
396,Share India Sec.,540725,SHAREINDIA,Capital Markets,987,2211,-0.6787,-1224,TRIMZONE
397,Indus Towers,534816,INDUSTOWER,Telecom - Services,308,48,-0.6495,260,HOLDZONE
398,Bajaj Consumer,533229,BAJAJCON,Personal Products,1484,79,1.7843,1405,BUYZONE
399,Deepak Fertilis.,500645,DEEPAKFERT,Chemicals & Petrochemicals,643,1357,-0.1501,-714,TRIMZONE
400,Infollion Resea.,,INFOLLION,Commercial Services & Supplies,,,,,
401,Ceinsys Tech,538734,BOM:538734,IT - Software,2259,1941,-0.3926,318,HOLDZONE
402,Vimta Labs,524394,VIMTALABS,Healthcare Services,418,2096,-0.6627,-1678,TRIMZONE
403,Steelcast,513517,STEELCAS,Industrial Products,369,2127,-0.6278,-1758,TRIMZONE
404,Krishna Defence,,KRISHNADEF,Aerospace & Defense,,,,,
405,Innova Captab,544067,INNOVACAP,Pharmaceuticals & Biotechnology,540,1314,-0.1238,-774,NO ACTION
406,Flair Writing,544030,FLAIR,Household Products,1555,418,14.6399,1137,BUYZONE
407,All E Tech,,ALLETEC,IT - Software,,,,,
408,JM Financial,523405,JMFINANCIL,Finance,2030,2031,0.7351,-1,
409,Carysil,524091,CARYSIL,Consumer Durables,368,280,-0.5033,88,HOLDZONE
410,Concord Biotech,543960,CONCORDBIO,Pharmaceuticals & Biotechnology,2182,2097,-0.3183,85,HOLDZONE
411,Mamata Machinery,544318,MAMATA,Industrial Manufacturing,515,790,-0.3886,-275,TRIMZONE
412,Beta Drugs Ltd,,BETA,Pharmaceuticals & Biotechnology,,,,,
413,Entero Healthcar,544122,ENTERO,Retailing,1158,1446,0.4712,-288,SELLZONE
414,Aarti Drugs,524348,AARTIDRUGS,Pharmaceuticals & Biotechnology,1545,1575,-0.6087,-30,TRIMZONE
415,Aditya Birla Cap,540691,ABCAPITAL,Finance,110,84,-0.5601,26,HOLDZONE
416,Time Technoplast,532856,TIMETECHNO,Industrial Products,2209,1653,0.5058,556,BUYZONE
417,Nuvama Wealth,543988,NUVAMA,Capital Markets,859,303,0.6458,556,BUYZONE
418,Transrail Light,544317,TRANSRAILL,Electrical Equipment,1612,2069,0.0665,-457,NO ACTION
419,Astra Microwave,532493,ASTRAMICRO,Aerospace & Defense,2067,1601,-0.0053,466,HOLDZONE
420,Goodluck India,530655,GOODLUCK,Industrial Products,1420,2091,1.0052,-671,SELLZONE
421,Fedbank Financi.,544027,FEDFINA,Finance,1727,1733,-0.3458,-6,TRIMZONE
422,Arvind Fashions.,542484,ARVINDFASN,Retailing,1194,405,-0.2632,789,HOLDZONE
423,Narayana Hrudaya,539551,NH,Healthcare Services,509,285,-0.0415,224,HOLDZONE
424,Jubilant Pharmo,530019,JUBLPHARMA,Pharmaceuticals & Biotechnology,1025,269,-0.5971,756,HOLDZONE
425,Garden Reach Sh.,542011,GRSE,Aerospace & Defense,2064,846,-0.0719,1218,HOLDZONE
426,Heritage Foods,519552,HERITGFOOD,Food Products,643,891,-0.2828,-248,TRIMZONE
427,Aarti Pharma,543748,AARTIPHARM,Pharmaceuticals & Biotechnology,1220,334,0.1677,886,BUYZONE
428,3B Blackbio,532067,BOM:532067,Healthcare Services,,,-0.6207,,
429,3i Infotech,532628,3IINFOLTD,IT - Software,2325,,-0.8919,,
430,A B B,500002,ABB,Electrical Equipment,,,0.6115,,
431,A B Infrabuild,544281,ABINFRA,Construction,,221,7.0339,,
432,A-1,542012,BOM:542012,Chemicals & Petrochemicals,1,641,-0.3743,-640,TRIMZONE
433,A.K.Capital Serv,530499,BOM:530499,Finance,,,0.0264,,
434,A2Z Infra Engg.,533292,A2ZINFRA,Construction,,59,11.4882,,
435,Aaron Industries,,AARON,Industrial Manufacturing,,,-0.6018,,
436,Aarti Surfactant,543210,AARTISURF,Chemicals & Petrochemicals,,,0.3113,,
437,AB Cotspin,544522,ABCOTS,Textiles & Apparels,1438,,-0.9385,,
438,Abans Financial,543712,AFSL,Finance,,,0.186,,
439,ABM Knowledge,531161,BOM:531161,IT - Software,,,-0.3514,,
440,Accelya Solution,532268,ACCELYA,IT - Software,2249,2159,0.2819,90,BUYZONE
441,Ace Soft. Exp.,531525,BOM:531525,IT - Software,,2289,0.2761,,
442,Action Const.Eq.,532762,ACE,"Agricultural, Commercial & Construction Vehicles",,,0.323,,
443,Adani Total Gas,542066,ATGL,Gas,,,-1,,
444,ADC India,523411,BOM:523411,Telecom - Equipment & Accessories,,,-0.951,,
445,Adcounty Media.,544435,BOM:544435,Media,,,-0.8451,,
446,ADF Foods,519183,ADFFOODS,Food Products,130,89,1.025,41,BUYZONE
447,Adit.Birla Money,532974,BIRLAMONEY,Capital Markets,1926,,-0.3848,,
448,Aditya Vision,540205,AVL,Retailing,32,,-1,,
449,Advani Hotels.,523269,ADVANIHOTR,Leisure Services,,,-0.4354,,
450,Aelea Commoditi.,544213,BOM:544213,Agricultural Food & other Products,2234,,-0.5307,,
451,Aerpace Indus,534733,BOM:534733,Industrial Products,,,2.7766,,
452,Affordable Robo.,541402,AFFORDABLE,Industrial Manufacturing,2037,2310,0.131,-273,SELLZONE
453,AGI Greenpac,500187,AGI,Industrial Products,2196,,-1,,
454,Akme Fintrade,544200,AFIL,Finance,,,0.2645,,
455,Alankit,531082,ALANKIT,Commercial Services & Supplies,,,-0.5923,,
456,Albert David,524075,ALBERTDAVD,Pharmaceuticals & Biotechnology,,,-0.4625,,
457,Algoquant Fin,505725,BOM:505725,Finance,,,0.2154,,
458,Allcargo Gati,532345,ACLGATI,Transport Services,892,677,1.2873,215,BUYZONE
459,Allcargo Termi,543954,ATL,Transport Infrastructure,,,-0.3759,,
460,Alldigi Tech,532633,ALLDIGI,Commercial Services & Supplies,,,-0.4914,,
461,Alphalogic Tech.,542770,BOM:542770,IT - Software,,,-0.3255,,
462,Altius Telecom,543225,BOM:543225,Telecom - Services,,,-1,,
463,Alufluoride,524634,BOM:524634,Chemicals & Petrochemicals,,,-0.5142,,
464,Amal,506597,BOM:506597,Chemicals & Petrochemicals,,,0.3471,,
465,Amanta Healthcar,544502,AMANTA,Pharmaceuticals & Biotechnology,2032,502,0.0572,1530,BUYZONE
466,Ambika Cotton,531978,AMBIKCO,Textiles & Apparels,,,-0.2966,,
467,Amines & Plast.,506248,AMNPLST,Chemicals & Petrochemicals,,,0.2887,,
468,Amrutanjan Healt,590006,AMRUTANJAN,Pharmaceuticals & Biotechnology,566,,-0.5606,,
469,Anand Rayons,542721,BOM:542721,Textiles & Apparels,,,0.6131,,
470,Andhra Cements,532141,ACL,Cement & Cement Products,,,-0.4499,,
471,Andhra Paper,502330,ANDHRAPAP,"Paper, Forest & Jute Products",,2048,3.7954,,
472,Andhra Petrochem,500012,BOM:500012,Chemicals & Petrochemicals,,,0.0446,,
473,Anjani Portland,518091,APCL,Cement & Cement Products,,,-0.8082,,
474,Anka India,531673,BOM:531673,Consumer Durables,,,0.6118,,
475,Anlon Healthcare,544497,AHCL,Pharmaceuticals & Biotechnology,806,,-0.6373,,
476,Anuh Pharma,506260,ANUHPHR,Pharmaceuticals & Biotechnology,,,-0.6675,,
477,Apcotex Industri,523694,APCOTEXIND,Industrial Products,,113,2.6828,,
478,Apex Frozen Food,540692,APEX,Food Products,,,-1,,
479,Apollo Sindoori,,APOLSINHOT,Leisure Services,,,-0.1925,,
480,Archean Chemical,543657,ACI,Chemicals & Petrochemicals,1760,,-1,,
481,Arfin India,539151,ARFIN,Non - Ferrous Metals,156,,-0.5809,,
482,Aries Agro,532935,ARIES,Fertilizers & Agrochemicals,,1778,0.0428,,
483,Arih.Found.Hsg.,531381,BOM:531381,Realty,,,-0.6421,,
484,Arihant Super.,506194,ARIHANTSUP,Realty,1768,,-0.3818,,
485,Artemis Electri.,542670,BOM:542670,Electrical Equipment,,,-0.2057,,
486,Artson,522134,BOM:522134,Industrial Manufacturing,,,,,
487,Aryaman Capital,538716,BOM:538716,Finance,,,-0.5605,,
488,Aryaman Fin.Serv,530245,BOM:530245,Finance,,,0.0562,,
489,Asahi Songwon,532853,ASAHISONG,Chemicals & Petrochemicals,,,-0.7413,,
490,Ashiana Housing,523716,ASHIANA,Realty,,,-0.4856,,
491,Ashika Credit,543766,BOM:543766,Finance,,,0.5831,,
492,Ashima,514286,ASHIMASYN,Textiles & Apparels,,,-0.3591,,
493,Asian Hotels (N),500023,ASIANHOTNR,Leisure Services,,,-0.6443,,
494,Asian Star Co.,531847,BOM:531847,Consumer Durables,,,4.0925,,
495,Astec Lifescienc,533138,ASTEC,Fertilizers & Agrochemicals,2207,2068,0.0577,139,BUYZONE
496,Atlantaa,532759,ATLANTAA,Construction,,,-0.7986,,
497,Aurum Proptech,539289,AURUM,IT - Services,,,-0.295,,
498,Australian Prem,,APS,Electrical Equipment,,,-0.3082,,
499,Auto.Corp.of Goa,505036,BOM:505036,Auto Components,,,-0.8303,,
500,Autoline Industr,532797,AUTOIND,Auto Components,,,1.1395,,
501,Automotive Axles,505010,AUTOAXLES,Auto Components,305,,-0.5587,,
502,Avadh Sugar,540649,AVADHSUGAR,Agricultural Food & other Products,,,-0.2124,,
503,Avance Tech.,512149,BOM:512149,IT - Software,,,0.1671,,
504,AVG Logistics,543910,AVG,Transport Services,,,22.138,,
505,Avishkar Infra,508929,BOM:508929,Realty,,,45.9131,,
506,Avonmore Capital,511589,AVONMORE,Finance,,,-0.2035,,
507,AVT Natural Prod,519105,AVTNPL,Agricultural Food & other Products,,,0.3007,,
508,Axtel Industries,523850,BOM:523850,Industrial Manufacturing,,394,0.5572,,
509,AYM Syntex,508933,AYMSYNTEX,Textiles & Apparels,,,-0.7826,,
510,Azad India,504731,BOM:504731,Industrial Products,,,-0.7489,,
511,B-Right Real,543543,BOM:543543,Realty,,,1.0786,,
512,B.R.Goyal Infra.,544335,BOM:544335,Construction,,,0.8767,,
513,B&B Triplewall,543668,BBTCL,Industrial Products,,,0.5597,,
514,Bafna Pharma.,532989,BAFNAPH,Pharmaceuticals & Biotechnology,,,10.8033,,
515,Balgopal Commer.,539834,BOM:539834,Commercial Services & Supplies,,,14.1837,,
516,Balmer Law. Inv.,532485,BOM:532485,Finance,,,-0.5446,,
517,Balmer Lawrie,523319,BALMLAWRIE,Diversified,1108,1702,0.3104,-594,SELLZONE
518,Banganga Paper,512025,BOM:512025,Commercial Services & Supplies,,,48.6634,,
519,Bannari Amm.Sug.,500041,BANARISUG,Agricultural Food & other Products,,,-0.5611,,
520,Banswara Syntex,503722,BANSWRAS,Textiles & Apparels,,,0.2027,,
521,Baroda Rayon,500270,BOM:500270,Realty,,,0.2559,,
522,Bartronics India,532694,ASMS,IT - Services,,,0.8892,,
523,BCL Industries,524332,BCLIND,Beverages,905,,-0.6751,,
524,Bedmutha Indus.,533270,BEDMUTHA,Industrial Products,,,-0.5987,,
525,Beekay Steel Ind,539018,BOM:539018,Industrial Products,,,-0.5842,,
526,Beezaasan Exp.,544369,BOM:544369,Chemicals & Petrochemicals,513,,-0.7892,,
527,Bella Casa Fashi,539399,BELLACASA,Textiles & Apparels,,,-0.0924,,
528,Bemco Hydraulics,522650,BOM:522650,Industrial Manufacturing,,,-0.5599,,
529,BEML Land Assets,543898,BLAL,Finance,,,0.0815,,
530,Benares Hotels,509438,BOM:509438,Leisure Services,,,-0.2182,,
531,Bengal & Assam,533095,BOM:533095,Finance,,,0.8626,,
532,Best Agrolife,539660,BESTAGRO,Fertilizers & Agrochemicals,,,0.0495,,
533,BF Investment,533303,BFINVEST,Finance,1626,,-0.338,,
534,Bhagiradha Chem.,531719,BHAGCHEM,Fertilizers & Agrochemicals,,,-0.185,,
535,Bharat Bijlee,503960,BBL,Electrical Equipment,,,-0.621,,
536,Bharat Dynamics,541143,BDL,Aerospace & Defense,,,-0.2601,,
537,Bharat Global,521238,BOM:521238,IT - Hardware,,,0.1962,,
538,Bharat Parenter.,541096,BOM:541096,Pharmaceuticals & Biotechnology,,,-0.2881,,
539,Bhartiya Intl.,526666,BIL,Consumer Durables,1298,732,-0.9427,566,HOLDZONE
540,Bhatia Colour,543497,BOM:543497,Chemicals & Petrochemicals,,,-1,,
541,Bhatia Communic.,540956,BOM:540956,Retailing,,,3.5121,,
542,BIGBLOC Const.,540061,BIGBLOC,Cement & Cement Products,,,-0.6329,,
543,Birla Cable,500060,BIRLACABLE,Telecom - Equipment & Accessories,145,,-0.9327,,
544,BirlaNu Ltd,509675,BIRLANU,Consumer Durables,1559,1606,-0.1948,-47,TRIMZONE
545,Bizotic Commer.,543926,BOM:543926,Textiles & Apparels,,46,14.0178,,
546,Black Rose Indus,514183,BOM:514183,Chemicals & Petrochemicals,,,2.3788,,
547,BLS E-Services,544107,BLSE,IT - Services,821,33,3.884,788,BUYZONE
548,Blue Pearl Agri,514440,BOM:514440,Chemicals & Petrochemicals,,,10.0214,,
549,Bluspring Enter.,544414,BLUSPRING,Commercial Services & Supplies,,1637,0.5877,,
550,BMW Industries,542669,BOM:542669,Industrial Products,,,-0.0962,,
551,BN Agrochem,526125,BOM:526125,Commercial Services & Supplies,,,9.0697,,
552,Bodal Chemicals,524370,BODALCHEM,Chemicals & Petrochemicals,,,-0.0002,,
553,Bombay Oxygen,509470,BOM:509470,Finance,,,0.0737,,
554,Bombay Super Hyb,,BSHSL,Agricultural Food & other Products,,,-0.3377,,
555,Borosil Scienti.,544184,BOROSCI,Industrial Products,,,0.4978,,
556,BPL,500074,BPL,Consumer Durables,,,-0.5925,,
557,Brand Concepts,543442,BCONCEPTS,Retailing,,,1.0748,,
558,Brigade Hotel,544457,BRIGHOTEL,Leisure Services,390,,-0.3969,,
559,Bright Outdoor,543831,BOM:543831,Media,,,3.1575,,
560,Brightcom Group,532368,BCG,IT - Services,,,-1,,
561,Brooks Lab.,533543,BROOKS,Pharmaceuticals & Biotechnology,,,-0.7843,,
562,Butterfly Gan Ap,517421,BUTTERFLY,Consumer Durables,118,318,-0.4198,-200,TRIMZONE
563,C C C L,532902,CCCL,Realty,2267,,-0.7918,,
564,Canara HSBC,544583,CANHLIFE,Insurance,,182,-0.2523,,
565,Canara Robeco,544580,CRAMC,Capital Markets,,939,-0.5653,,
566,Capital India,530879,CIFL,Finance,,1464,0.1701,,
567,Capital Trade Lk,538476,BOM:538476,Finance,,,-0.9647,,
568,Captain Polyplas,536974,BOM:536974,Industrial Products,,,0.3086,,
569,Captain Techno.,540652,BOM:540652,Industrial Manufacturing,,,-1,,
570,Career Point Edu,544499,CPEDU,Other Consumer Services,,,-0.6448,,
571,Centrum Capital,501150,CENTRUM,Finance,471,,-0.7243,,
572,Century Enka,500280,CENTENKA,Textiles & Apparels,,,-0.3719,,
573,CFF Fluid,543920,BOM:543920,Aerospace & Defense,1199,312,-0.4093,887,HOLDZONE
574,Chamanlal Setia,530307,CLSEL,Agricultural Food & other Products,,,-0.3233,,
575,Chembond Chemic.,544450,CHEMBONDCH,Chemicals & Petrochemicals,,,0.8178,,
576,Chemfab Alka.,541269,CHEMFAB,Chemicals & Petrochemicals,,1875,1.1791,,
577,Cheviot Company,526817,CHEVIOT,"Paper, Forest & Jute Products",,,-0.2954,,
578,City Pulse Multi,542727,BOM:542727,Retailing,1247,,-0.219,,
579,City Union Bank,532210,CUB,Banks,,,-1,,
580,CL Educate,540403,CLEDUCATE,Other Consumer Services,,,0.3522,,
581,CLN Energy,544347,BOM:544347,Auto Components,,,-0.8469,,
582,Coastal Corporat,501831,COASTCORP,Food Products,,838,2.6305,,
583,Commerl. Synbags,539986,COMSYN,Industrial Products,,,-0.201,,
584,Concord Control,543619,BOM:543619,Industrial Manufacturing,147,166,-0.7131,-19,TRIMZONE
585,Concord Enviro,544315,CEWATER,Other Utilities,,,0.2116,,
586,Cons. Finvest,,CONSOFINVT,Finance,,,-0.0535,,
587,Control Print,522295,CONTROLPR,IT - Hardware,1938,2084,-0.1601,-146,TRIMZONE
588,Cosmic CRF,543928,BOM:543928,Industrial Products,,91,1.2293,,
589,Creative Newtech,,CREATIVE,Commercial Services & Supplies,163,,-0.7798,,
590,Credo Brands,544058,MUFTI,Retailing,,460,0.2145,,
591,Cropster Agro,523105,BOM:523105,Industrial Products,,,-0.6521,,
592,CSL Finance,530067,CSLFINANCE,Finance,,,-0.7292,,
593,Cupid Breweries,512361,BOM:512361,Beverages,,,-0.2231,,
594,CWD,543378,BOM:543378,Consumer Durables,,,0.8122,,
595,Cybertech Sys.,532173,CYBERTECH,IT - Software,,,-0.3332,,
596,D P Wires,543962,DPWIRES,Industrial Products,,,-0.7287,,
597,D.P. Abhushan,544161,DPABHUSHAN,Consumer Durables,1657,110,0.5104,1547,BUYZONE
598,Danlaw Tech.,532329,BOM:532329,Industrial Manufacturing,,,-0.4655,,
599,Davangere Sugar,543267,DAVANGERE,Diversified FMCG,103,,-0.6743,,
600,DC Infotech,543636,DCI,IT - Hardware,684,,-1,,
601,DCM Shriram Inds,523369,DCMSRIND,Agricultural Food & other Products,1426,2311,-0.2499,-885,TRIMZONE
602,DE Nora India,590031,DENORA,Industrial Products,,,-0.4413,,
603,Deccan Cements,502137,DECCANCE,Cement & Cement Products,724,1300,-0.7205,-576,TRIMZONE
604,Deepak Builders,544276,DBEIL,Construction,,,-0.0946,,
605,Delphi World,533452,DELPHIFX,Finance,,,-0.1274,,
606,Delton Cables,504240,BOM:504240,Electrical Equipment,,,-0.7171,,
607,Dev Accele.,544513,DEVX,Commercial Services & Supplies,,,0.729,,
608,Dhabriya Poly.,538715,BOM:538715,Industrial Products,373,,-0.8297,,
609,Dhampur Bio,543593,DBOL,Agricultural Food & other Products,,,-0.5874,,
610,Dhanashree Elect,542679,BOM:542679,Electrical Equipment,,,17.865,,
611,Dhani Services,532960,DHANI,Finance,,,,,
612,Dhanlaxmi Bank,532180,DHANBANK,Banks,857,748,-0.2791,109,HOLDZONE
613,Dharmaj Crop,543687,DHARMAJ,Fertilizers & Agrochemicals,,2342,0.6772,,
614,Dhunseri Invest.,533336,DHUNINV,Finance,,,-0.6332,,
615,Dhunseri Vent.,523736,DVL,Diversified,,,0.5754,,
616,DIC India,500089,DICIND,Chemicals & Petrochemicals,,,0.1384,,
617,DigiSpice Tech.,517214,DIGISPICE,IT - Services,,,-0.3157,,
618,Dilip Buildcon,540047,DBL,Construction,,,-1,,
619,Disa India,500068,BOM:500068,Industrial Manufacturing,,,-0.0986,,
620,Divgi Torq,543812,DIVGIITTS,Auto Components,,,-0.5744,,
621,DMCC Speciality,506405,DMCC,Chemicals & Petrochemicals,,,-0.3531,,
622,Dolphin Offshore,522261,DOLPHIN,Oil,,,9.4364,,
623,Donear Inds.,512519,DONEAR,Textiles & Apparels,,,-0.5219,,
624,Dr Agarwal's Eye,526783,BOM:526783,Healthcare Services,,,0.0259,,
625,DSM Fresh,544568,BOM:544568,Food Products,46,298,0.013,-252,NO ACTION
626,Dwarikesh Sugar,532610,DWARKESH,Agricultural Food & other Products,915,,-0.7349,,
627,Dynacons Sys.,532365,DSSL,IT - Services,1399,1989,-0.0984,-590,NO ACTION
628,Dynemic Products,532707,DYNPRO,Chemicals & Petrochemicals,,,-0.354,,
629,Earkart,544549,BOM:544549,Healthcare Equipment & Supplies,,,-0.896,,
630,Eco Recyc.,530643,BOM:530643,Other Utilities,,,0.5012,,
631,EIH Assoc.Hotels,523127,EIHAHOTELS,Leisure Services,,,0.3875,,
632,Ekansh Concept,531364,BOM:531364,Commercial Services & Supplies,,,-0.4988,,
633,Elantas Beck,500123,BOM:500123,Chemicals & Petrochemicals,,,0.5666,,
634,Elcid Investment,503681,BOM:503681,Finance,,,,,
635,Eldeco Housing,523329,ELDEHSG,Realty,,,-0.9026,,
636,Elgi Rubber Co,,ELGIRUBCO,Industrial Products,,,-0.6258,,
637,Elpro Internatio,504000,BOM:504000,Realty,,,-0.8341,,
638,Emami Paper,533208,EMAMIPAP,"Paper, Forest & Jute Products",,,-0.6056,,
639,Emami Realty Ltd,533218,EMAMIREAL,Realty,,,-0.8459,,
640,Emerald Finance,538882,BOM:538882,Finance,,,-0.2608,,
641,Emerald Leisures,507265,BOM:507265,Leisure Services,,,-0.6489,,
642,Emk.Global Fin.,532737,EMKAY,Capital Markets,,,1.4871,,
643,Emkay Tools,,ETL,Industrial Manufacturing,,,3.5663,,
644,Emmforce Auto.,544166,BOM:544166,Auto Components,,,-0.4012,,
645,Empire Inds.,509525,BOM:509525,Diversified,,,-0.1779,,
646,Energy InfrTrust,542543,BOM:542543,,1103,355,-0.6737,748,HOLDZONE
647,Enkei Wheels,533477,BOM:533477,Auto Components,,,1.0103,,
648,Ent.Network,532700,ENIL,Entertainment,2266,,-0.9634,,
649,EPL Ltd,500135,EPL,Industrial Products,,,-0.5979,,
650,Eraaya Lifespace,531035,BOM:531035,Automobiles,,,0.7321,,
651,Esab India,500133,ESABINDIA,Industrial Products,,,-0.3857,,
652,ESAF Small Fin,544020,ESAFSFB,Banks,2211,,-0.8172,,
653,Espire Hospi,532016,BOM:532016,Leisure Services,,,-0.6692,,
654,Essar Shipping,533704,ESSARSHPNG,Transport Services,7,701,-0.9026,-694,TRIMZONE
655,Ester Industries,500136,ESTER,Industrial Products,1584,,-0.5703,,
656,Euro India Fresh,,EIFFL,Food Products,,,-0.1397,,
657,Euro Panel,544461,EUROBOND,Industrial Products,,,1.0515,,
658,Everest Inds.,508906,EVERESTIND,Other Construction Materials,2321,,-0.8505,,
659,Everest Organics,524790,BOM:524790,Pharmaceuticals & Biotechnology,,,5.3467,,
660,Evexia Lifecare,524444,BOM:524444,Chemicals & Petrochemicals,,,-0.734,,
661,Excel Industries,500650,EXCELINDUS,Chemicals & Petrochemicals,,,0.8916,,
662,Exhicon Events,543895,BOM:543895,Other Consumer Services,1434,,-0.8248,,
663,Expleo Solutions,533121,EXPLEOSOL,IT - Services,,,0.8814,,
664,F A C T,590024,FACT,Fertilizers & Agrochemicals,,,-1,,
665,Fabtech Techn.,544332,BOM:544332,Industrial Manufacturing,,,-0.6391,,
666,Fairchem Organic,543252,FAIRCHEMOR,Chemicals & Petrochemicals,,,-0.316,,
667,Faze Three,530079,FAZE3Q,Textiles & Apparels,824,1850,-0.4287,-1026,TRIMZONE
668,FCS Software,532666,FCSSOFT,IT - Services,,,-0.3764,,
669,Fedders Holding,511628,BOM:511628,Finance,,2321,6.232,,
670,Fermenta Biotec.,506414,BOM:506414,Pharmaceuticals & Biotechnology,,,-0.5689,,
671,Fineotex Chem,533333,FCL,Chemicals & Petrochemicals,,,0.1467,,
672,Finkurve Fin.,508954,FINKURVE,Finance,,,-0.43,,
673,Firstsour.Solu.,532809,FSL,Commercial Services & Supplies,,,-0.8991,,
674,Fluidomat,522017,BOM:522017,Industrial Manufacturing,,,0.235,,
675,Foods & Inns,507552,FOODSIN,Food Products,,,-0.5832,,
676,Forbes & Co,502865,BOM:502865,Consumer Durables,,,2.1039,,
677,Forbes Precision,544186,BOM:544186,Industrial Manufacturing,,,-0.4248,,
678,Foseco India,500150,FOSECOIND,Chemicals & Petrochemicals,1193,1663,-0.1649,-470,TRIMZONE
679,FratelliVineyard,541741,BOM:541741,Beverages,87,,-0.8173,,
680,Frontier Springs,522195,BOM:522195,Auto Components,,1912,2.827,,
681,Gala Precis. Eng,544244,GALAPREC,Industrial Manufacturing,,,1.4537,,
682,Gandhi Spl. Tube,513108,GANDHITUBE,Industrial Products,2125,,-0.5732,,
683,Ganesh Benzopl.,500153,GANESHBE,Oil,,,-0.4629,,
684,GEE,504028,BOM:504028,Electrical Equipment,,,-0.6988,,
685,GeeCee Vent.,532764,GEECEE,Realty,,,-0.0862,,
686,Geekay Wires,,GEEKAYWIRE,Industrial Products,,,-0.6852,,
687,Genus Paper & Bo,538961,GENUSPAPER,"Paper, Forest & Jute Products",,,2.3834,,
688,GFL,500173,GFLLIMITED,Finance,,,-0.5694,,
689,GHCL Textiles,543918,GHCLTEXTIL,Textiles & Apparels,,,-0.3482,,
690,GHV Infra,505504,BOM:505504,Construction,,,4.5872,,
691,GIC Housing Fin,511676,GICHSGFIN,Finance,,,0.3061,,
692,Ginni Filaments,590025,GINNIFILA,Textiles & Apparels,,,0.8457,,
693,GKW,,GKWLIMITED,Finance,,,-0.3531,,
694,Global Vectra,532773,GLOBALVECT,Transport Services,,,0.5951,,
695,Globe Civil,544424,GLOBECIVIL,Construction,428,1560,-0.5674,-1132,TRIMZONE
696,Gloster Ltd,542351,GLOSTERLTD,"Paper, Forest & Jute Products",,,0.2261,,
697,GNA Axles,540124,GNA,Auto Components,,,-0.086,,
698,Goa Carbon,509567,GOACARBON,Minerals & Mining,2038,,-0.8138,,
699,GOCL Corpn.,506480,GOCLCORP,Chemicals & Petrochemicals,405,1822,0.0922,-1417,NO ACTION
700,Goel Construct.,544504,BOM:544504,Construction,467,,-0.6556,,
701,Gokul Refoils,532980,GOKUL,Agricultural Food & other Products,,,-0.1724,,
702,Goodricke Group,500166,BOM:500166,Agricultural Food & other Products,,,0.2675,,
703,GPT Healthcare,544131,GPTHEALTH,Healthcare Services,936,,-0.2981,,
704,Grand Oak Canyon,523862,BOM:523862,Finance,,,5.3186,,
705,Greenlam Industr,538979,GREENLAM,Consumer Durables,314,,-0.6599,,
706,Greenply Industr,526797,GREENPLY,Consumer Durables,1146,,-0.5227,,
707,GRP,509152,GRPLTD,Industrial Products,,,-0.7374,,
708,GTPL Hathway,540602,GTPL,Entertainment,,,0.428,,
709,GTT Data,530457,BOM:530457,IT - Software,,867,16.1865,,
710,GTV Engineering,539479,BOM:539479,Industrial Manufacturing,,,1.0711,,
711,Guj Apollo Inds,522217,GUJAPOLLO,Industrial Manufacturing,,,-0.7341,,
712,Guj.Nat.Resour.,513536,BOM:513536,Oil,91,450,-0.602,-359,TRIMZONE
713,Gujarat Alkalies,530001,GUJALKALI,Chemicals & Petrochemicals,421,1008,-0.5846,-587,TRIMZONE
714,GVK Power Infra.,532708,GVKPIL,Construction,,,0.2149,,
715,H T Media,532662,HTMEDIA,Media,,,0.0523,,
716,Haldyn Glass,515147,BOM:515147,Industrial Products,,,-0.0729,,
717,Hampton Sky,526407,BOM:526407,Realty,,,1.3548,,
718,Harri. Malayalam,500467,HARRMALAYA,Industrial Products,,,0.5744,,
719,Harsha Engg Intl,543600,HARSHA,Industrial Products,834,,-0.3821,,
720,Hawkins Cookers,508486,BOM:508486,Consumer Durables,617,,-0.6589,,
721,Haz.Multi Proj.,532467,BOM:532467,Realty,334,,-0.8218,,
722,HCL Infosystems,500179,HCL-INSYS,IT - Hardware,,,-0.426,,
723,Heidelberg Cem.,500292,HEIDELBERG,Cement & Cement Products,752,1761,-0.6233,-1009,TRIMZONE
724,Heranba Inds,543266,HERANBA,Fertilizers & Agrochemicals,,2086,1.6349,,
725,Hercules Hoists,505720,HERCULES,Industrial Manufacturing,,,-0.0479,,
726,Hester Bios,524669,HESTERBIO,Pharmaceuticals & Biotechnology,2283,,-0.8052,,
727,Heubach Colorant,506390,HEUBACHIND,Chemicals & Petrochemicals,,,-0.2015,,
728,Hexa Tradex,534328,HEXATRADEX,Finance,,,8.6917,,
729,High Energy Bat.,504176,BOM:504176,Household Products,,,-0.4807,,
730,Highway Infra,544477,HILINFRA,Transport Infrastructure,1100,1925,-0.5616,-825,TRIMZONE
731,Hind.Aeronautics,541154,HAL,Aerospace & Defense,177,,-1,,
732,Hind.Composites,509635,HINDCOMPOS,Auto Components,,,-0.4514,,
733,Hind.Construct.,500185,HCC,Construction,1329,,-1,,
734,Hind.Urban Infra,539984,BOM:539984,Electrical Equipment,,,1.2079,,
735,Hinduja Global,532859,HGS,Commercial Services & Supplies,,,-0.5446,,
736,Hindustan Media,533217,HMVL,Media,,,0.4407,,
737,Hitech Corp.,526217,HITECHCORP,Industrial Products,,,-0.7174,,
738,HLV,500193,HLVLTD,Leisure Services,,,-0.7307,,
739,HMA Agro Inds.,543929,HMAAGRO,Food Products,,,-0.4219,,
740,HMT,500191,HMT,Industrial Manufacturing,,,,,
741,Honda India,522064,HONDAPOWER,Industrial Manufacturing,,,0.7869,,
742,HP Adhesives,543433,HPAL,Chemicals & Petrochemicals,146,,-0.7318,,
743,HPL Electric,540136,HPL,Industrial Manufacturing,,,-1,,
744,I G Petrochems,500199,IGPL,Chemicals & Petrochemicals,,,1.7118,,
745,I O B,532388,IOB,Banks,,,-1,,
746,I O C L,530965,IOC,Petroleum Products,,,,,
747,I T D C,532189,ITDC,Leisure Services,,,-0.7405,,
748,IFGL Refractori.,540774,IFGLEXPOR,Industrial Products,,,0.2152,,
749,Igarashi Motors,517380,IGARASHI,Auto Components,1863,,-0.4836,,
750,IIRM Holdings,526530,BOM:526530,Commercial Services & Supplies,,,0.5255,,
751,IKIO Tech,543923,IKIO,Consumer Durables,981,,-0.3065,,
752,IL&FS Engg.,532907,IL&FSENGG,Construction,,,1.1413,,
753,Ind-Swift Labs.,532305,INDSWFTLAB,Pharmaceuticals & Biotechnology,679,,-0.7845,,
754,Indag Rubber,509162,BOM:509162,Auto Components,,,0.0322,,
755,Indef Manufactur,544364,BAJAJINDEF,Industrial Manufacturing,,,-0.0221,,
756,India Finsec,535667,BOM:535667,Finance,,,-0.9939,,
757,India Homes,513361,BOM:513361,Industrial Products,,1905,32.9162,,
758,India Motor Part,590065,IMPAL,Auto Components,,,-0.7003,,
759,India Power Corp,,DPSCLTD,Power,,,-0.3077,,
760,Indian Energy Ex,540750,IEX,Capital Markets,437,,-1,,
761,Indian Hume Pipe,504741,INDIANHUME,Industrial Manufacturing,,,-0.5684,,
762,Indl. Inv. Trust,501295,IITL,Finance,,,-0.197,,
763,Indl.& Prud.Inv.,501298,BOM:501298,Finance,,,0.4963,,
764,Indo Amines,524648,INDOAMIN,Chemicals & Petrochemicals,1823,,-0.7309,,
765,Indo Borax & Ch.,524342,INDOBORAX,Chemicals & Petrochemicals,,856,0.379,,
766,Indo National,504058,NIPPOBATRY,Household Products,,,0.4173,,
767,Indo Tech.Trans.,532717,INDOTECH,Electrical Equipment,2046,1587,-0.3111,459,HOLDZONE
768,Indoco Remedies,532612,INDOCO,Pharmaceuticals & Biotechnology,,2234,1.5267,,
769,Indokem,504092,BOM:504092,Chemicals & Petrochemicals,26,13,0.013,13,BUYZONE
770,Indosolar,533257,WAAREEINDO,Electrical Equipment,,1636,,,
771,Indraprastha Gas,532514,IGL,Gas,,,0.5458,,
772,Infosys,500209,INFY,IT - Software,1494,,-1,,
773,Innovana Think.,544302,INNOVANA,IT - Software,,,3.7757,,
774,Innovators,541353,BOM:541353,Industrial Manufacturing,137,,-0.8544,,
775,Insecticid.India,532851,INSECTICID,Fertilizers & Agrochemicals,1729,2036,-0.4246,-307,TRIMZONE
776,Inspirisys Sol.,532774,INSPIRISYS,IT - Services,,,0.3454,,
777,Integ. Industrie,531889,BOM:531889,Finance,,,0.1765,,
778,Integra Engg.,505358,BOM:505358,Industrial Manufacturing,,2138,3.0155,,
779,Interiors & More,,INM,Consumer Durables,,,-1,,
780,International Ge,544311,IGIL,Commercial Services & Supplies,,,-0.7088,,
781,Intl. Travel Hse,500213,BOM:500213,Leisure Services,,,0.4584,,
782,Inv.& Prec.Cast.,504786,BOM:504786,Industrial Products,,,0.7228,,
783,Iris Clothings,,IRISDOREME,Textiles & Apparels,1736,,-0.3981,,
784,IST,508807,BOM:508807,Auto Components,,,0.3483,,
785,ITCONS E-Soluti.,543806,BOM:543806,Commercial Services & Supplies,,,-0.7983,,
786,Jagatjit Inds.,507155,BOM:507155,Beverages,,,-0.2559,,
787,Jagran Prakashan,532705,JAGRAN,Media,,1304,1.0574,,
788,Jagsonpal Pharma,507789,JAGSNPHARM,Pharmaceuticals & Biotechnology,,,0.3492,,
789,Jay Bharat Maru.,520066,JAYBARMARU,Auto Components,,288,3.0297,,
790,Jay Ushin,513252,BOM:513252,Auto Components,59,,-0.9143,,
791,Jayant Agro Org.,524330,JAYAGROGN,Chemicals & Petrochemicals,,,-0.3877,,
792,JD Cables,544524,BOM:544524,Industrial Products,,,4.1843,,
793,Jenburkt Pharma,524731,BOM:524731,Pharmaceuticals & Biotechnology,,,-0.2135,,
794,Jindal Photo,532624,JINDALPHOT,Finance,,,-0.4498,,
795,Jindal Poly Film,500227,JINDALPOLY,Industrial Products,,1230,1.0237,,
796,Jindal Poly Inve,536773,JPOLYINVST,Finance,,,-0.5456,,
797,Jindal Worldwide,531543,JINDWORLD,Textiles & Apparels,1773,1970,-0.011,-197,NO ACTION
798,JITF Infra Logis,540311,JITFINFRA,Other Utilities,2313,,-0.3379,,
799,JNK,544167,JNKINDIA,Industrial Manufacturing,1923,,-0.8192,,
800,John Cockerill,500147,BOM:500147,Industrial Manufacturing,2096,173,0.2165,1923,BUYZONE
801,Josts Engg. Co.,505750,BOM:505750,Industrial Manufacturing,505,,-0.9052,,
802,JP Associates,532532,JPASSOCIAT,Construction,,1649,,,
803,Jubilant Agri,544355,JUBLCPL,Chemicals & Petrochemicals,,78,8.6582,,
804,Juniper Hotels,544129,JUNIPER,Leisure Services,1126,2020,-0.4406,-894,TRIMZONE
805,Jupiter Life Lin,543980,JLHL,Healthcare Services,,,-1,,
806,Jyoti Resins,514448,BOM:514448,Chemicals & Petrochemicals,1185,1101,-0.5425,84,HOLDZONE
807,K C P,590066,KCP,Cement & Cement Products,,,-0.7028,,
808,K E C Intl.,532714,KEC,Construction,,,5.919,,
809,Kabra Extrusion,524109,KABRAEXTRU,Industrial Manufacturing,,1895,2.4425,,
810,Kalyani Cast-Tec,544023,BOM:544023,Industrial Manufacturing,,,0.739,,
811,Kalyani Invest.,533302,KICL,Finance,,2242,0.3898,,
812,Kalyani Steels,500235,KSL,Industrial Products,,,0.0483,,
813,Kamat Hotels,526668,KAMATHOTEL,Leisure Services,1637,,-0.384,,
814,Kanoria Chem.,506525,KANORICHEM,Industrial Manufacturing,,,-0.8378,,
815,Kanpur Plastipa.,507779,KANPRPLA,Industrial Products,,,-0.3196,,
816,Kapston Services,,KAPSTON,Commercial Services & Supplies,,,0.6973,,
817,Kaya Ltd,539276,KAYA,Leisure Services,,,-0.7165,,
818,Kaycee Inds.,504084,BOM:504084,Electrical Equipment,,,-0.621,,
819,KCP Sugar &Inds.,533192,KCPSUGIND,Agricultural Food & other Products,,,1.6832,,
820,KEI Industries,517569,KEI,Industrial Products,,,0.3613,,
821,Keltech Energies,506528,BOM:506528,Chemicals & Petrochemicals,,,0.6591,,
822,Kerala Ayurveda,530163,BOM:530163,Pharmaceuticals & Biotechnology,,,-0.1822,,
823,Kesar India,543542,BOM:543542,Realty,,,-0.9333,,
824,Kewal Kir.Cloth.,532732,KKCL,Textiles & Apparels,,,-0.3286,,
825,Khadim India,540775,KHADIM,Consumer Durables,,,0.1699,,
826,Kilburn Engg.,522101,BOM:522101,Industrial Manufacturing,,942,0.4034,,
827,Kinetic Engg.,500240,BOM:500240,Auto Components,,,-0.1596,,
828,Kingfa Science,524019,KINGFA,Industrial Products,1813,,-0.9644,,
829,Kings Infra,530215,BOM:530215,Food Products,,,2.6123,,
830,Kiran Vyapar,537750,BOM:537750,Finance,,,-0.906,,
831,Kirl. Electric,533193,KECL,Electrical Equipment,1115,1835,0.0148,-720,NO ACTION
832,Kirloskar Indus.,500243,KIRLOSIND,Industrial Products,,,-0.0985,,
833,Kisan Mouldings,530145,BOM:530145,Industrial Products,,,-0.4517,,
834,KMC Speciality,524520,BOM:524520,Healthcare Services,,,0.2708,,
835,Knowledge Realty,544481,KRT,Realty,,,-1,,
836,Kokuyo Camlin,523207,KOKUYOCMLN,Household Products,,,-0.2889,,
837,Kopran,524280,KOPRAN,Pharmaceuticals & Biotechnology,,2073,1.3228,,
838,Kothari Indl,509732,BOM:509732,Fertilizers & Agrochemicals,,,-0.8717,,
839,Kothari Petroche,,KOTHARIPET,Chemicals & Petrochemicals,,,0.3809,,
840,Kothari Products,530299,KOTHARIPRO,Commercial Services & Supplies,,,-0.6175,,
841,Kriti Industries,526423,KRITI,Industrial Products,,,2.4313,,
842,Kriti Nutrients,533210,KRITINUT,Agricultural Food & other Products,,,-0.3551,,
843,KRN Heat Exchan,544263,KRN,Industrial Products,,,-0.6665,,
844,Kronox Lab,544187,KRONOX,Chemicals & Petrochemicals,,,0.4664,,
845,Krystal Integrat,544149,KRYSTAL,Commercial Services & Supplies,,1197,2.143,,
846,KSB,500249,KSB,Industrial Products,,,-0.3185,,
847,KSE,519421,BOM:519421,Food Products,1840,815,1.5515,1025,BUYZONE
848,Ksolves India,543599,KSOLVES,IT - Software,,,-0.4588,,
849,Kuantum Papers,532937,KUANTUM,"Paper, Forest & Jute Products",,,-0.5818,,
850,Kwality Pharma,539997,BOM:539997,Pharmaceuticals & Biotechnology,,,0.7498,,
851,La Opala RG,526947,LAOPALA,Consumer Durables,,,-0.0596,,
852,Lakshmi Mills,502958,BOM:502958,Textiles & Apparels,,,-0.3132,,
853,Landmarc Leisur.,532275,BOM:532275,Finance,,,-0.7339,,
854,Last Mile Enter.,526961,BOM:526961,Finance,,,-0.8313,,
855,Laxmi Goldorna,,LGHL,Consumer Durables,,,-1,,
856,Lehar Footwears,532829,BOM:532829,Consumer Durables,,,0.4859,,
857,LG Electronics,544576,LGEINDIA,Consumer Durables,,1627,0.6505,,
858,Liberty Shoes,526596,LIBERTSHOE,Consumer Durables,,,0.3831,,
859,Likhitha Infra.,543240,LIKHITHA,Construction,580,1845,-0.0764,-1265,NO ACTION
860,Linc,531241,LINC,Household Products,,,-1,,
861,Lincoln Pharma.,531633,LINCOLN,Pharmaceuticals & Biotechnology,,,-0.3385,,
862,Logica Infoway,543746,BOM:543746,Retailing,,,-0.7992,,
863,Lokesh Mach.,532740,LOKESHMACH,Industrial Manufacturing,,,0.2102,,
864,Lotus Chocolate,523475,BOM:523475,Food Products,2280,,-0.7112,,
865,LS Industries,514446,BOM:514446,Metals & Minerals Trading,43,,-0.5775,,
866,Ludlow Jute,526179,BOM:526179,"Paper, Forest & Jute Products",,,-0.8716,,
867,Lyka Labs,500259,LYKALABS,Pharmaceuticals & Biotechnology,,,-0.471,,
868,M M Forgings,522241,MMFL,Auto Components,,1328,0.6487,,
869,Mac Charles(I),507836,BOM:507836,Leisure Services,,,-0.7568,,
870,Macfos,543787,BOM:543787,Retailing,,,-0.7499,,
871,Macpower CNC,,MACPOWER,Industrial Manufacturing,384,,-0.2749,,
872,Madhuveer Com,531910,BOM:531910,Entertainment,,100,2.945,,
873,Madras Fertilize,590134,MADRASFERT,Fertilizers & Agrochemicals,,,-0.4521,,
874,Magadh Sugar,540650,MAGADSUGAR,Agricultural Food & other Products,,,-0.6511,,
875,Magna Electrocas,517449,BOM:517449,Industrial Products,,,-0.4464,,
876,Mahamaya Steel,513554,MAHASTEEL,Industrial Products,110,47,2.9622,63,BUYZONE
877,Mahanagar Gas,539957,MGL,Gas,,,,,
878,Mahindra EPC,523754,MAHEPC,Industrial Manufacturing,,,-0.3473,,
879,Mahindra Holiday,533088,MHRIL,Leisure Services,1823,1728,-0.2364,95,HOLDZONE
880,Majestic Auto,500267,BOM:500267,Commercial Services & Supplies,,,-0.9594,,
881,Manaksia,532932,MANAKSIA,Industrial Products,,,0.4401,,
882,Manaksia Steels,539044,MANAKSTEEL,Ferrous Metals,,,-0.2021,,
883,Manba Finance,544262,MANBA,Finance,,,-0.7758,,
884,Mangal Credit,505850,MANCREDIT,Finance,,,0.0937,,
885,Mangalam Global,544273,MGEL,Agricultural Food & other Products,,,0.1666,,
886,Mangalam Organic,514418,MANORG,Chemicals & Petrochemicals,,,4.6058,,
887,Mangalam World.,,MWL,Metals & Minerals Trading,,,-0.6158,,
888,Marble City,531281,BOM:531281,Other Construction Materials,,,-0.9164,,
889,Markolines Pavem,543364,MARKOLINES,Construction,,,-0.8795,,
890,Marsons,517467,BOM:517467,Electrical Equipment,1807,,-0.8519,,
891,Matrimony.com,540704,MATRIMONY,Retailing,,,-0.1197,,
892,Mawana Sugars,523371,MAWANASUG,Agricultural Food & other Products,,,0.0981,,
893,Max India Ltd,543223,MAXIND,Finance,,,-0.3667,,
894,Mazda,523792,MAZDA,Industrial Manufacturing,,,1.5509,,
895,MBL Infrast,533152,MBLINFRA,Construction,,,-0.0617,,
896,Media Matrix,512267,BOM:512267,Entertainment,,,-0.9499,,
897,Medico Remedies,540937,MEDICO,Pharmaceuticals & Biotechnology,1895,,-0.8893,,
898,Megasoft,532408,MEGASOFT,Telecom - Services,16,80,-0.8752,-64,TRIMZONE
899,Meghmani Organi.,543331,MOL,Fertilizers & Agrochemicals,,,-0.9806,,
900,Mehai Technology,540730,BOM:540730,Commercial Services & Supplies,,,0.1282,,
901,Menon Bearings,523828,MENONBE,Auto Components,,,0.7812,,
902,Menon Pistons,531727,BOM:531727,Auto Components,,,-0.2614,,
903,Mercantile Vent.,538942,BOM:538942,Commercial Services & Supplies,,,-0.9634,,
904,Mercury EV-Tech,531357,BOM:531357,Automobiles,2139,,-0.6638,,
905,Midwest Gold,526570,BOM:526570,Other Construction Materials,701,,-0.8097,,
906,Mini Diamonds(I),523373,BOM:523373,Consumer Durables,,,0.1808,,
907,MIRC Electronics,500279,MIRCELECTR,Consumer Durables,,,-0.6212,,
908,Mirza Internatio,526642,MIRZAINT,Consumer Durables,2221,,-0.5849,,
909,Mishtann Foods,539594,BOM:539594,Food Products,,,-0.3635,,
910,Mizzen Ventures,531537,BOM:531537,Commercial Services & Supplies,,,1.0962,,
911,MKVentures Cap.,514238,BOM:514238,Finance,,,-0.5341,,
912,Modern Insulator,515008,BOM:515008,Electrical Equipment,663,,-0.5873,,
913,Modi Naturals,519003,BOM:519003,Agricultural Food & other Products,,,-0.8754,,
914,Modi Rubber,500890,MODIRUBBER,Auto Components,,,-0.6523,,
915,Modi's Navnirman,543539,BOM:543539,Realty,,,9.1164,,
916,Modison,506261,MODISONLTD,Electrical Equipment,,,-0.0425,,
917,Monarch Surve.,544453,BOM:544453,Commercial Services & Supplies,388,,-0.518,,
918,Moneyboxx Fin.,538446,MONEYBOXX,Finance,,,-0.5589,,
919,Monika Alcobev,544451,BOM:544451,Beverages,,1061,5.2556,,
920,Morganite Crucib,523160,BOM:523160,Industrial Products,,,0.2755,,
921,MOS Utility,,MOS,Financial Technology (Fintech),2288,,-1,,
922,MSP Steel & Pow.,532650,MSPL,Industrial Products,2101,2044,-0.3182,57,HOLDZONE
923,Mukka Proteins,544135,MUKKA,Food Products,,,-0.1132,,
924,Multibase India,526169,BOM:526169,Chemicals & Petrochemicals,,,-0.0861,,
925,Munjal Auto Inds,520059,MUNJALAU,Auto Components,1049,1798,-0.0046,-749,NO ACTION
926,Munjal Showa,520043,MUNJALSHOW,Auto Components,,,0.557,,
927,Muthoot Cap.Serv,511766,MUTHOOTCAP,Finance,,,-0.5246,,
928,N R Agarwal Inds,516082,NRAIL,"Paper, Forest & Jute Products",,,1.5252,,
929,Naga Dhunseri,,NDGL,Finance,,,1.3367,,
930,Nagarjuna Fert.,539917,NAGAFERT,Fertilizers & Agrochemicals,,,-0.4019,,
931,Nahar Capital,532952,NAHARCAP,Finance,,,-0.9072,,
932,Nahar Indl. Ent.,519136,NAHARINDUS,Textiles & Apparels,,,-0.0191,,
933,Nahar Poly,523391,NAHARPOLY,Industrial Products,,,0.9272,,
934,Nahar Spinning,500296,NAHARSPING,Textiles & Apparels,,,-0.2609,,
935,Nandan Denim,532641,NDL,Textiles & Apparels,,,-0.3069,,
936,Naperol Invest.,500298,BOM:500298,Finance,,,-0.4204,,
937,Nath Bio-Genes,537291,NATHBIOGEN,Agricultural Food & other Products,,,1.0903,,
938,National Perox.,544205,BOM:544205,Chemicals & Petrochemicals,,,-0.1086,,
939,National Standar,504882,BOM:504882,Realty,,,1.247,,
940,Natl.Fertilizer,523630,NFL,Fertilizers & Agrochemicals,,,-0.7798,,
941,NBI Indl. Fin.,,NBIFIN,Finance,,,-0.8383,,
942,NCC,500294,NCC,Construction,1366,1531,-0.6907,-165,TRIMZONE
943,NCL Industries,502168,NCLIND,Cement & Cement Products,,,-0.5529,,
944,NDL Ventures,500189,NDLVENTURE,Finance,,,-0.4303,,
945,NDR Auto Compon.,543214,NDRAUTO,Auto Components,,848,3.6157,,
946,Nelcast,532864,NELCAST,Industrial Products,151,,-0.5423,,
947,NGL Fine Chem,524774,NGLFINE,Pharmaceuticals & Biotechnology,,,1.4565,,
948,Nicco Parks,526721,BOM:526721,Leisure Services,,,2.5767,,
949,Nidhi Granites,512103,BOM:512103,Other Construction Materials,,,-0.9707,,
950,Nikhil Adhesives,526159,BOM:526159,Chemicals & Petrochemicals,,,0.4638,,
951,Nila Infrastruct,530377,NILAINFRA,Realty,,,-0.1349,,
952,Nila Spaces,542231,NILASPACES,Realty,,1720,1.0061,,
953,Nilachal Carbo,544510,BOM:544510,Ferrous Metals,,,-0.5046,,
954,NILE,530129,BOM:530129,Minerals & Mining,,,1.1224,,
955,Nilkamal Ltd,523385,NILKAMAL,Consumer Durables,,,0.879,,
956,Nimbus Projects,511714,BOM:511714,Realty,,,-0.3418,,
957,NINtec Systems,539843,NINSYS,IT - Software,,,-0.815,,
958,Nirlon,500307,BOM:500307,Commercial Services & Supplies,,,-0.5987,,
959,Nisus Finance,544296,BOM:544296,Finance,,,-0.2878,,
960,Nitta Gelatin,506532,BOM:506532,Chemicals & Petrochemicals,,,0.1075,,
961,Niyogin Fintech,538772,BOM:538772,Finance,,,0.1218,,
962,Nova Agritech,544100,NOVAAGRI,Fertilizers & Agrochemicals,278,,-0.5591,,
963,Nucleus Soft.,531209,NUCLEUS,IT - Software,1233,305,0.1645,928,BUYZONE
964,Nureca,543264,NURECA,Healthcare Equipment & Supplies,,1168,1.8557,,
965,OCCL,544278,OCCLLTD,Chemicals & Petrochemicals,2316,,-0.9544,,
966,Oil Country,500313,OILCOUNTUB,Oil,,,-0.6398,,
967,Oil India,533106,OIL,Oil,,,2.876,,
968,Om Freight Forwa,544564,OMFREIGHT,Transport Services,2116,,-0.8277,,
969,Om Infra,531092,OMINFRAL,Construction,,,-0.1641,,
970,Omaxe,532880,OMAXE,Realty,,,-0.1853,,
971,One Global Serv,514330,BOM:514330,Healthcare Services,,25,1.7764,,
972,Onesource Indus.,530805,BOM:530805,Commercial Services & Supplies,2336,,-0.5889,,
973,Onix Solar,513119,BOM:513119,Non - Ferrous Metals,,,-0.4292,,
974,Onward Technolog,517536,ONWARDTEC,IT - Services,2085,,-0.7822,,
975,Orbit Exports,512626,ORBTEXP,Textiles & Apparels,,284,2.4173,,
976,Oricon Enterpris,513121,ORICONENT,Industrial Products,,222,10.7961,,
977,Orient Bell,530365,ORIENTBELL,Consumer Durables,,,-0.864,,
978,Orient Ceratech,504879,ORIENTCER,Industrial Products,,,0.0335,,
979,Orient Paper,502420,ORIENTPPR,"Paper, Forest & Jute Products",,,0.0374,,
980,Oriental Aromat.,500078,OAL,Chemicals & Petrochemicals,,,1.3074,,
981,Oriental Rail,531859,BOM:531859,Industrial Products,49,,-0.8418,,
982,Osia Hyper Reta.,,OSIAHYPER,Retailing,,,-0.492,,
983,Oswal Agro Mills,500317,OSWALAGRO,Commercial Services & Supplies,,,3.8558,,
984,Oswal Green Tech,539290,OSWALGREEN,Finance,,,-0.3781,,
985,Pakka,516030,PAKKA,"Paper, Forest & Jute Products",1408,2098,0.1618,-690,SELLZONE
986,Panache Digilife,,PANACHE,IT - Services,,,1.113,,
987,Panama Petrochem,524820,PANAMAPET,Petroleum Products,2062,,-0.7028,,
988,Panchmahal Steel,513511,BOM:513511,Industrial Products,,,-0.9845,,
989,Panorama Studios,539469,BOM:539469,Entertainment,,,0.0102,,
990,Pansari Develop.,,PANSARI,Realty,,,-0.9824,,
991,Parsvnath Devl.,532780,PARSVNATH,Realty,,,-0.8341,,
992,Pashupati Cotsp.,544448,PASHUPATI,Textiles & Apparels,,,-0.6443,,
993,Pasupati Acrylon,500456,PASUPTAC,Chemicals & Petrochemicals,24,,-0.9568,,
994,Patel Engineerin,531120,PATELENG,Construction,989,1811,-0.2159,-822,TRIMZONE
995,Peninsula Land,503031,PENINLAND,Realty,,1999,1.6128,,
996,Permanent Magnet,504132,BOM:504132,Electrical Equipment,,,0.733,,
997,Pilani Invest.,539883,PILANIINVS,Finance,2036,1976,-0.6102,60,HOLDZONE
998,Pix Transmission,500333,PIXTRANS,Industrial Products,480,954,-0.0881,-474,NO ACTION
999,Plastiblends (I),523648,PLASTIBLEN,Chemicals & Petrochemicals,,,-0.613,,
1000,Platinum Industr,544134,PLATIND,Chemicals & Petrochemicals,1474,1548,-0.1541,-74,TRIMZONE
1001,PNB Gilts,532366,PNBGILTS,Finance,1226,1682,0.0747,-456,NO ACTION
1002,POCL Enterprises,539195,BOM:539195,Chemicals & Petrochemicals,,,-0.2338,,
1003,Polo Queen Ind.,540717,BOM:540717,Commercial Services & Supplies,,,-0.2089,,
1004,Popular Vehicles,544144,PVSL,Automobiles,,,0.4505,,
1005,PPAP Automotive,532934,PPAP,Auto Components,139,,-0.9235,,
1006,Prabha Energy,544379,PRABHA,Oil,,,-0.7275,,
1007,Pradeep Metals,513532,BOM:513532,Auto Components,,,-0.7557,,
1008,Prakash Pipes,542684,PPL,Industrial Products,1810,,-1,,
1009,Praveg,531637,BOM:531637,Leisure Services,,,-0.5296,,
1010,Prec. Electronic,517258,BOM:517258,Industrial Manufacturing,,,3.1968,,
1011,Precot,,PRECOT,Textiles & Apparels,,,-0.7583,,
1012,Premier Polyfilm,514354,PREMIERPOL,Industrial Products,,,3.0634,,
1013,Prevest Denpro,543363,BOM:543363,Healthcare Equipment & Supplies,,,-0.2109,,
1014,Prime Fresh,540404,BOM:540404,Agricultural Food & other Products,,,1.6494,,
1015,Primo Chemicals,506852,PRIMO,Chemicals & Petrochemicals,,,-1,,
1016,Pro Fin Capital,511557,BOM:511557,Commercial Services & Supplies,,1889,3.3872,,
1017,PropsharePlatina,544295,BOM:544295,,,,-0.0083,,
1018,Proventus Agro.,,PROV,Food Products,,,-1,,
1019,PTC India Fin,533344,PFS,Finance,1501,,-1,,
1020,PTL Enterprises,509220,PTL,Commercial Services & Supplies,,,-0.8244,,
1021,Pudumjee Paper,539785,PDMJEPAPER,"Paper, Forest & Jute Products",2126,,-0.659,,
1022,Pun. & Sind Bank,533295,PSB,Banks,,,0.2936,,
1023,Pune e,544141,BOM:544141,Capital Markets,,1269,6.515,,
1024,PVP Ventures,517556,PVP,Realty,60,,-0.861,,
1025,Pyramid Technopl,543969,PYRAMID,Industrial Products,,,-0.9051,,
1026,Qualitek Labs,544091,BOM:544091,Commercial Services & Supplies,,,-0.8842,,
1027,Quest Capital,500069,BOM:500069,Capital Markets,,,-0.2528,,
1028,R C F,524230,RCF,Fertilizers & Agrochemicals,,,-1,,
1029,R K Swamy,544136,RKSWAMY,Media,,,1.4567,,
1030,R&B Denims,538119,RNBDENIMS,Textiles & Apparels,,,0.399,,
1031,Race Eco,537785,RACE,Other Utilities,1767,,-1,,
1032,Radiant Cash,543732,RADIANTCMS,Commercial Services & Supplies,2184,,-0.4396,,
1033,Raghuvir Synth,514316,BOM:514316,Textiles & Apparels,,,-0.7563,,
1034,Rail Vikas,542649,RVNL,Construction,,,-1,,
1035,Rain Industries,500339,RAIN,Chemicals & Petrochemicals,,,-1,,
1036,Rainbow Foundat.,531694,BOM:531694,Realty,,,-0.5317,,
1037,Raj Rayon Inds.,530699,RAJRILTD,Textiles & Apparels,,,0.5115,,
1038,Rajapalayam Mill,532503,BOM:532503,Textiles & Apparels,,,-0.1768,,
1039,Rajasthan Gases,526873,BOM:526873,Petroleum Products,,,-0.3727,,
1040,Ram Ratna Wires,522281,RAMRAT,Electrical Equipment,1166,,-0.7859,,
1041,Rane (Madras),532661,RML,Auto Components,,,0.9679,,
1042,Rane Holdings,505800,RANEHOLDIN,Finance,1053,,-0.2445,,
1043,Ratnabhumi Dev.,540796,BOM:540796,Realty,,,9.9143,,
1044,Ravinder Heights,543251,RVHL,Realty,,,-0.1419,,
1045,RBZ Jewellers Lt,544060,RBZJEWEL,Consumer Durables,,88,8.1114,,
1046,RDB Infrastruc.,533285,BOM:533285,Realty,,,-0.2589,,
1047,Refex Renewables,531260,BOM:531260,Construction,,,-0.4642,,
1048,Reliance Communi,532712,RCOM,Telecom - Services,,,-0.0716,,
1049,Renaiss. Global,532923,RGL,Consumer Durables,2222,,-0.9328,,
1050,Repro India,532687,REPRO,Printing & Publication,,,0.645,,
1051,Responsive Ind,505509,RESPONIND,Consumer Durables,,,-0.4879,,
1052,Restaurant Brand,543248,RBA,Leisure Services,1601,,-1,,
1053,RHI Magnesita,534076,RHIM,Industrial Products,965,,-0.9995,,
1054,Riddhi Siddhi Gl,524480,BOM:524480,Commercial Services & Supplies,,,6.1334,,
1055,Rishabh Instrum.,543977,RISHABH,Electrical Equipment,189,,-0.3103,,
1056,Ritco Logistics,542383,RITCO,Transport Services,1087,717,0.3042,370,BUYZONE
1057,Robust Hotels,543901,RHL,Leisure Services,,,-0.5323,,
1058,Roto Pumps,517500,ROTO,Industrial Products,1919,2186,0.3994,-267,SELLZONE
1059,RPG LifeScience.,532983,RPGLIFE,Pharmaceuticals & Biotechnology,235,318,-0.4713,-83,TRIMZONE
1060,RPP Infra Proj.,533284,RPPINFRA,Construction,,,-0.385,,
1061,RPSG Ventures,542333,RPSGVENT,Commercial Services & Supplies,1121,287,0.7789,834,BUYZONE
1062,RRPSemiconductor,504346,BOM:504346,Finance,,,0.7572,,
1063,RSWM Ltd,500350,RSWM,Textiles & Apparels,,,-0.3695,,
1064,Rubfila Intl.,500367,RUBFILA,Industrial Products,,,-0.2776,,
1065,Rubicon Research,544578,RUBICON,,,238,0.8518,,
1066,Ruby Mills,503169,RUBYMILLS,Textiles & Apparels,,,-0.4035,,
1067,Ruchira Papers,532785,RUCHIRA,"Paper, Forest & Jute Products",,,-0.248,,
1068,Rudra Ecovation,514010,BOM:514010,Textiles & Apparels,,,-0.0674,,
1069,Rupa & Co,533552,RUPA,Textiles & Apparels,1593,1410,-0.2102,183,HOLDZONE
1070,Rushil Decor,533470,RUSHIL,Consumer Durables,1175,2037,-0.1788,-862,TRIMZONE
1071,S & S Power Swit,517273,S&SPOWER,Electrical Equipment,,,1.2586,,
1072,S C I,523598,SCI,Transport Services,453,,-1,,
1073,S Chand & Compan,540497,SCHAND,Printing & Publication,,,-0.4765,,
1074,S T C,512531,STCINDIA,Commercial Services & Supplies,848,,-0.8376,,
1075,S.A.L Steel,532604,SALSTEEL,Ferrous Metals,,,0.2319,,
1076,Saint-Gob. Sekur,515043,BOM:515043,Auto Components,,,-0.2722,,
1077,Sakar Healthcare,,SAKAR,Pharmaceuticals & Biotechnology,,137,9.4306,,
1078,Sakuma Exports,532713,SAKUMA,Commercial Services & Supplies,,,-0.5485,,
1079,Sampre Nutrition,530617,BOM:530617,Food Products,,,8.6652,,
1080,Sanathan Textile,544314,SANATHAN,Textiles & Apparels,,437,1.7969,,
1081,Sandesh,526725,SANDESH,Media,,,-0.1404,,
1082,Sangam India,514234,SANGAMIND,Textiles & Apparels,,104,2.4427,,
1083,Sanghi Industrie,526521,SANGHIIND,Cement & Cement Products,,574,2.2796,,
1084,Saraswati Commer,512020,BOM:512020,Finance,,,0.1019,,
1085,Saraswati Saree,544230,SSDL,Textiles & Apparels,,,-0.1167,,
1086,Sarla Performanc,526885,SARLAPOLY,Textiles & Apparels,,,-0.1803,,
1087,Sasken Technol.,532663,SASKEN,IT - Services,,107,14.357,,
1088,Sastasundar Ven.,533259,SASTASUNDR,Healthcare Services,,,1.2575,,
1089,Satia Industries,539201,SATIA,"Paper, Forest & Jute Products",,,-0.5926,,
1090,Saurashtra Cem.,502175,SAURASHCEM,Cement & Cement Products,,,-0.755,,
1091,Savita Oil Tech,524667,SOTL,Petroleum Products,,,0.5374,,
1092,Sayaji Hotels,523710,BOM:523710,Leisure Services,,,8.1699,,
1093,SBC Exports,542725,SBC,Textiles & Apparels,,,-1,,
1094,Sealmatic India,543782,BOM:543782,Industrial Products,,,-0.3166,,
1095,SEAMEC Ltd,526807,SEAMECLTD,Transport Services,457,1814,-0.5051,-1357,TRIMZONE
1096,Seshasayee Paper,502450,SESHAPAPER,"Paper, Forest & Jute Products",,,-0.602,,
1097,Sh. Jagdamba Pol,512453,BOM:512453,Industrial Products,,,0.065,,
1098,Sh. Rama Multi.,532310,SHREERAMA,Industrial Products,,,-0.2464,,
1099,Shalibhadra Fin.,511754,BOM:511754,Finance,,,0.4883,,
1100,Shalimar Paints,509874,SHALPAINTS,Consumer Durables,,,-0.543,,
1101,Shankar Lal Ram.,542232,SRD,Chemicals & Petrochemicals,,,0.5054,,
1102,Shankara Build.,540425,SHANKARA,Retailing,205,,-0.6367,,
1103,Sharat Industrie,519397,BOM:519397,Food Products,,,-0.6274,,
1104,Shardul Sec.,512393,BOM:512393,Capital Markets,,,-0.4703,,
1105,Sheela Foam,540203,SFL,Consumer Durables,,,-1,,
1106,Shemaroo Entert.,538685,SHEMAROO,Entertainment,,,1.7814,,
1107,Shish Industries,540693,BOM:540693,Industrial Products,,,0.2776,,
1108,Shiv Texchem,544272,BOM:544272,Chemicals & Petrochemicals,2317,,-0.8846,,
1109,Shiva Cement,532323,BOM:532323,Cement & Cement Products,,,-0.6388,,
1110,Shivalik Rasayan,539148,SHIVALIK,Fertilizers & Agrochemicals,233,,-0.5296,,
1111,Shivam Autotech,532776,SHIVAMAUTO,Auto Components,,,-0.684,,
1112,Shraddha Prime,531771,BOM:531771,Realty,,,-0.6496,,
1113,Shradha Infrapr.,,SHRADHA,Realty,,,-0.9773,,
1114,Shree Ganesh Rem,540737,BOM:540737,Pharmaceuticals & Biotechnology,,,-0.1483,,
1115,Shree Rama News.,500356,RAMANEWS,"Paper, Forest & Jute Products",,,-0.0912,,
1116,Shree TirupatiBa,544249,BALAJEE,Industrial Products,,,0.2264,,
1117,Shree Vasu Logis,,SVLL,Transport Services,,,-0.1898,,
1118,Shreyans Inds.,516016,SHREYANIND,"Paper, Forest & Jute Products",,,-0.6113,,
1119,Shri Keshav,530977,BOM:530977,Cement & Cement Products,,,-0.9911,,
1120,Shri Venkatesh,543373,BOM:543373,Agricultural Food & other Products,,,4.124,,
1121,Shriram AMC,531359,BOM:531359,Capital Markets,,,12.5116,,
1122,Shukra Pharma.,524632,BOM:524632,Pharmaceuticals & Biotechnology,,347,0.9968,,
1123,Sical Logistics,520086,SICALLOG,Transport Services,,,,,
1124,Sigma Solve,543917,SIGMA,IT - Services,,,-0.5623,,
1125,Signpost India,544117,SIGNPOST,Media,,435,6.8304,,
1126,Sika Interplant,523606,BOM:523606,Aerospace & Defense,1992,2309,2.013,-317,SELLZONE
1127,SIL Investments,521194,SILINV,Finance,,,-0.89,,
1128,Simplex Castings,513472,BOM:513472,Industrial Products,32,,-0.771,,
1129,Sinclairs Hotels,523023,SINCLAIR,Leisure Services,,,-0.3731,,
1130,Singer India,505729,BOM:505729,Consumer Durables,,2158,11.9393,,
1131,Sintercom India,,SINTERCOM,Auto Components,,,-0.7069,,
1132,SIS,540673,SIS,Other Consumer Services,,,4.4396,,
1133,SKP Bearing,,SKP,Industrial Products,,,-0.9658,,
1134,SMC Global Sec.,543263,SMCGLOBAL,Capital Markets,,,-0.6113,,
1135,SMS Lifesciences,540679,SMSLIFE,Pharmaceuticals & Biotechnology,,,-0.5511,,
1136,Snowman Logistic,538635,SNOWMAN,Transport Services,,2246,0.9683,,
1137,Sobhagya Mercant,512014,BOM:512014,Commercial Services & Supplies,,,0.6498,,
1138,Softsol India,532344,BOM:532344,Realty,,,-0.9848,,
1139,Softtech Enginee,543470,SOFTTECH,IT - Software,,,-0.1262,,
1140,Solarium Green,544354,BOM:544354,Construction,1510,930,-0.1113,580,HOLDZONE
1141,Soma Textiles,521034,SOMATEX,Textiles & Apparels,,,-0.4836,,
1142,Somany Ceramics,531548,SOMANYCERA,Consumer Durables,,,-0.6551,,
1143,Spacenet Enterpr,,SPCENET,Commercial Services & Supplies,,,-0.0709,,
1144,Speciality Rest.,534425,SPECIALITY,Leisure Services,,,0.1521,,
1145,Spectrum Electr.,544386,SPECTRUM,Industrial Manufacturing,68,,-0.9763,,
1146,Spel Semiconduct,517166,BOM:517166,Electrical Equipment,,,0.0753,,
1147,Spencer's Retail,542337,SPENCERS,Retailing,,,0.122,,
1148,Spice LoungeFood,539895,BOM:539895,Leisure Services,10,,-0.612,,
1149,Sportking India,539221,SPORTKING,Textiles & Apparels,1235,,-0.6312,,
1150,Sr.Rayala.Hypo,532842,SRHHYPOLTD,Chemicals & Petrochemicals,,,-0.3357,,
1151,Sreeleathers,535601,SREEL,Consumer Durables,,,0.3383,,
1152,SRG Housing,534680,SRGHFL,Finance,,,0.9569,,
1153,Sri Adhik. Bros.,530943,SABTNL,Entertainment,,,-0.563,,
1154,SRM Contractors,544158,SRM,Construction,,,-1,,
1155,Stanley Lifesty.,544202,STANLEY,Consumer Durables,,2257,2.2778,,
1156,STEL Holdings,533316,STEL,Finance,,,-1,,
1157,Sterling Tools,530759,STERTOOLS,Auto Components,,2258,0.8901,,
1158,Stovec Inds.,504959,BOM:504959,Industrial Manufacturing,,,-0.6427,,
1159,String Metaverse,534535,BOM:534535,IT - Services,,,,,
1160,Subam Papers,544267,BOM:544267,Industrial Products,559,1024,0.1872,-465,SELLZONE
1161,Subex,532348,SUBEXLTD,IT - Software,2128,2066,-0.7337,62,HOLDZONE
1162,Sudarshan Pharma,543828,BOM:543828,Chemicals & Petrochemicals,,,-0.9715,,
1163,Sukhjit Starch,524542,SUKHJITS,Agricultural Food & other Products,,,0.1674,,
1164,Sumeet Industrie,514211,SUMEETINDS,Textiles & Apparels,,797,1.8698,,
1165,Sumit Woods,,SUMIT,Realty,,,0.6536,,
1166,Sundaram Clayton,544066,SUNCLAY,Auto Components,,,1.5296,,
1167,Sundrop Brands,500215,SUNDROP,Agricultural Food & other Products,486,,-0.6861,,
1168,Sunrakshakk Inds,539300,BOM:539300,Textiles & Apparels,,,0.0874,,
1169,Sunrise Efficie.,543515,BOM:543515,Commercial Services & Supplies,,,-0.6492,,
1170,Sunshield Chem.,530845,BOM:530845,Chemicals & Petrochemicals,323,,-0.901,,
1171,Supershakti Met.,541701,BOM:541701,Industrial Products,,,,,
1172,Supreme Holdings,530677,SUPREME,Realty,971,,-0.923,,
1173,Suraj,531638,SURAJLTD,Industrial Products,,,-0.8734,,
1174,Suraj Products,518075,BOM:518075,Industrial Products,,,-0.3381,,
1175,Suratwwala Busi.,543218,SBGLP,Realty,,,-0.5203,,
1176,Sutlej Textiles,532782,SUTLEJTEX,Textiles & Apparels,,,0.3792,,
1177,Swan Defence,533107,SWANDEF,Industrial Manufacturing,,,,,
1178,Swelect Energy,532051,SWELECTES,Electrical Equipment,,,-0.0839,,
1179,Swiss Military,523558,BOM:523558,Consumer Durables,,,-0.2854,,
1180,Synergy Green,541929,SGIL,Industrial Products,,,-0.9841,,
1181,Systematic Inds.,544541,BOM:544541,Industrial Products,51,,-0.9626,,
1182,T N Merc. Bank,543596,TMB,Banks,,,-1,,
1183,T N Newsprint,531426,TNPL,"Paper, Forest & Jute Products",1017,,-0.5806,,
1184,T.V. Today Netw.,532515,TVTODAY,Entertainment,,,-0.2916,,
1185,TAAL Enterprises,539956,BOM:539956,Transport Services,,,0.9373,,
1186,TAC Infosec,,TAC,IT - Software,222,,-1,,
1187,Talbros Engg.,538987,BOM:538987,Auto Components,,,15.4315,,
1188,Taneja Aerospace,522229,BOM:522229,Aerospace & Defense,,,2.4346,,
1189,Tarsons Products,543399,TARSONS,Healthcare Equipment & Supplies,1661,2200,-0.1505,-539,TRIMZONE
1190,Tasty Bite Eat.,519091,TASTYBITE,Food Products,,,-0.4571,,
1191,Tata Capital,544574,TATACAP,Finance,1405,1292,0.5915,113,BUYZONE
1192,TCC Concept,512038,BOM:512038,Commercial Services & Supplies,,,-0.3618,,
1193,TCI Express,540212,TCIEXP,Transport Services,,1958,1.7655,,
1194,TCPL Packaging,523301,TCPLPACK,Industrial Products,2009,,-0.7131,,
1195,TCS,532540,TCS,IT - Software,,,-0.6064,,
1196,Team Lease Serv.,539658,TEAMLEASE,Commercial Services & Supplies,2123,1325,-0.616,798,HOLDZONE
1197,Technocraf.Inds.,532804,TIIL,Industrial Products,786,,-0.6873,,
1198,Technvision Ven.,501421,BOM:501421,IT - Software,,,0.8037,,
1199,Tera Software,533982,TERASOFT,IT - Services,521,69,-0.079,452,HOLDZONE
1200,TGV Sraac,507753,BOM:507753,Chemicals & Petrochemicals,1422,,-0.3788,,
1201,The Byke Hospi.,531373,BYKE,Leisure Services,,,-0.5856,,
1202,The Hi-Tech Gear,522073,HITECHGEAR,Auto Components,,,0.3121,,
1203,The Invest.Trust,530023,THEINVEST,Finance,,,1.3224,,
1204,Thejo Engg.,,THEJO,Industrial Manufacturing,,,-0.7164,,
1205,Themis Medicare,530199,THEMISMED,Pharmaceuticals & Biotechnology,,2224,0.5939,,
1206,Tiger Logistics,536264,TIGERLOGS,Transport Services,,,0.195,,
1207,TIL,505196,TIL,"Agricultural, Commercial & Construction Vehicles",,,-1,,
1208,Tirupati Forge,,TIRUPATIFL,Industrial Products,,2063,1.488,,
1209,Titan Biotech,524717,BOM:524717,Chemicals & Petrochemicals,,,22.474,,
1210,Titan Company,500114,TITAN,Consumer Durables,,,-0.9757,,
1211,TPL Plastech,526582,TPLPLASTEH,Industrial Products,494,,-0.4613,,
1212,Tracxn Technolo.,543638,TRACXN,Commercial Services & Supplies,1309,,-0.4573,,
1213,Transpek Inds.,506687,BOM:506687,Chemicals & Petrochemicals,,,-0.6609,,
1214,Transport Corp.,532349,TCI,Transport Services,,,-1,,
1215,Transworld Shipp,520151,TRANSWORLD,Transport Services,,,0.0734,,
1216,Trejhara Solutio,542233,TREJHARA,IT - Software,,29,11.255,,
1217,TRF,505854,TRF,Industrial Manufacturing,,,-0.109,,
1218,Trident Lifeline,543616,BOM:543616,Pharmaceuticals & Biotechnology,,,-1,,
1219,Trident Texofab,540726,BOM:540726,Textiles & Apparels,,,2.0025,,
1220,Triton Valves,505978,BOM:505978,Auto Components,,,0.0087,,
1221,True Colors,544531,BOM:544531,Industrial Manufacturing,270,242,-0.7182,28,HOLDZONE
1222,TTK Healthcare,507747,TTKHLTCARE,Diversified,,,-0.4466,,
1223,Tuticorin Alkali,506808,BOM:506808,Chemicals & Petrochemicals,,,-0.4391,,
1224,Twamev Constr.,532738,TICL,Construction,2005,624,0.9843,1381,BUYZONE
1225,U P Hotels,509960,BOM:509960,Leisure Services,,,0.9463,,
1226,Uday Jewellery,539518,BOM:539518,Consumer Durables,,,-0.4784,,
1227,Uflex,500148,UFLEX,Industrial Products,,,0.0878,,
1228,Ugar Sugar Works,530363,UGARSUGAR,Agricultural Food & other Products,,,0.2496,,
1229,Ujaas Energy,533644,UEL,Power,,,,,
1230,Uni Abex Alloy,504605,BOM:504605,Industrial Products,,,0.9415,,
1231,Unichem Labs.,506690,UNICHEMLAB,Pharmaceuticals & Biotechnology,,,0.0681,,
1232,Unifinz Capital,541358,BOM:541358,Finance,,,0.9691,,
1233,Uniphos Enter.,500429,UNIENTER,Chemicals & Petrochemicals,,,-0.3978,,
1234,United Drilling,522014,UNIDT,Industrial Manufacturing,,,0.7285,,
1235,United Polyfab,,UNITEDPOLY,Textiles & Apparels,,,0.6903,,
1236,Universus Photo,542933,UNIVPHOTO,Consumer Durables,,,-0.9195,,
1237,UPL,512070,UPL,Fertilizers & Agrochemicals,70,,-0.807,,
1238,Urja Global,526987,URJA,Electrical Equipment,415,,-0.3289,,
1239,Uttam Sug.Mills,532729,UTTAMSUGAR,Agricultural Food & other Products,,,-0.1445,,
1240,UVS Hospitality,531652,BOM:531652,Finance,,,1.6998,,
1241,Vadilal Enterp.,519152,BOM:519152,Food Products,,,-1,,
1242,Valiant Commun.,526775,BOM:526775,Telecom - Equipment & Accessories,435,,-0.8772,,
1243,Valiant Laborato,543998,VALIANTLAB,Pharmaceuticals & Biotechnology,,,-0.0514,,
1244,Valiant Organics,540145,VALIANTORG,Chemicals & Petrochemicals,,,0.1775,,
1245,Vardhman Acrylic,,VARDHACRLC,Textiles & Apparels,,,-0.2513,,
1246,Vardhman Hold.,500439,VHL,Finance,,,-0.7778,,
1247,Vardhman Polytex,514175,VARDMNPOLY,Textiles & Apparels,,,-0.7299,,
1248,Varvee Global,514274,VGL,Textiles & Apparels,,,41.6425,,
1249,Vashu Bhagnani,532011,BOM:532011,Entertainment,,,-0.6994,,
1250,Veefin Solutions,543931,BOM:543931,IT - Services,,,-0.7094,,
1251,Veljan Denison,505232,BOM:505232,Auto Components,,,-0.1784,,
1252,Venus Remedies,526953,VENUSREM,Pharmaceuticals & Biotechnology,,,0.9153,,
1253,Veritas (India),512229,BOM:512229,Commercial Services & Supplies,,,0.1223,,
1254,Viceroy Hotels,523796,VHLTD,Leisure Services,,,-0.7425,,
1255,Vidhi Specialty,531717,VIDHIING,Chemicals & Petrochemicals,,,0.2825,,
1256,Vikas Ecotech,530961,VIKASECO,Chemicals & Petrochemicals,,,0.0664,,
1257,Vikas Lifecare,542655,VIKASLIFE,Commercial Services & Supplies,,,-0.3094,,
1258,Vikram Thermo,530477,BOM:530477,Chemicals & Petrochemicals,,,0.1922,,
1259,Vindhya Telelink,517015,VINDHYATEL,Telecom - Services,2023,,-0.8534,,
1260,Vinyl Chemicals,524129,VINYLINDIA,Chemicals & Petrochemicals,,,1.4537,,
1261,VIP Clothing,532613,VIPCLOTHNG,Textiles & Apparels,,,1.4389,,
1262,Vipul Organics,530627,BOM:530627,Chemicals & Petrochemicals,,,-0.5533,,
1263,Virat Industries,530521,BOM:530521,Textiles & Apparels,,,-0.9508,,
1264,Virtuoso Optoel.,543597,BOM:543597,Consumer Durables,,,0.6946,,
1265,Visa Steel,532721,VISASTEEL,Ferrous Metals,,,-0.4959,,
1266,Visaka Industrie,509055,VISAKAIND,Cement & Cement Products,,,-0.445,,
1267,Vishal Mega Mart,544307,VMM,Retailing,,,-0.1928,,
1268,VLS Finance,511333,VLSFINANCE,Finance,,,-0.5296,,
1269,VMS TMT,544521,VMSTMT,Industrial Products,1106,2229,-0.4542,-1123,TRIMZONE
1270,Vodafone Idea,532822,IDEA,Telecom - Services,,,,,
1271,Voith Paper,522122,BOM:522122,Textiles & Apparels,,,7.4861,,
1272,Vraj Iron,544204,VRAJ,Ferrous Metals,,,0.0842,,
1273,VTM,532893,BOM:532893,Textiles & Apparels,,,-0.7922,,
1274,VVIP Infratech,544219,BOM:544219,Other Utilities,,,-0.6734,,
1275,W S Inds.,504220,WSI,Construction,,,-1,,
1276,Waaree Tech.,539337,BOM:539337,Power,,,0.577,,
1277,Wardwizard Inno.,538970,BOM:538970,Automobiles,2152,,-0.7666,,
1278,Wealth First Por,544536,WEALTH,Finance,,,-0.5863,,
1279,Welspun Investme,533252,WELINV,Finance,,,,,
1280,West Coast Paper,500444,WSTCSTPAPR,"Paper, Forest & Jute Products",1776,1072,0.5927,704,BUYZONE
1281,Wework India,544570,WEWORK,Commercial Services & Supplies,747,1673,0.5064,-926,SELLZONE
1282,Wim Plast,526586,BOM:526586,Consumer Durables,,,-0.6298,,
1283,Windsor Machines,522029,WINDMACHIN,Industrial Manufacturing,2088,,-0.4601,,
1284,Worth Investment,538451,BOM:538451,Finance,592,,-0.8258,,
1285,Xchanging Sol.,532616,XCHANGING,IT - Software,81,976,-0.9836,-895,TRIMZONE
1286,XPRO India,590013,XPROINDIA,Industrial Products,277,1714,1.8705,-1437,SELLZONE
1287,XT Global Infot.,531225,XTGLOBAL,IT - Software,,,0.3464,,
1288,Yamuna Syndicate,540980,BOM:540980,Commercial Services & Supplies,,,0.0006,,
1289,Yasho Industries,541167,YASHO,Chemicals & Petrochemicals,,,0.2869,,
1290,Yogi Ltd,511702,BOM:511702,Finance,,,1.5054,,
1291,Yuken India,522108,YUKEN,Industrial Products,,,-0.8817,,
1292,Z F Steering,505163,BOM:505163,Auto Components,,,10.4647,,
1293,Zenotech Lab.,532039,BOM:532039,Pharmaceuticals & Biotechnology,,,-0.6628,,
1294,Zim Laboratories,541400,ZIMLAB,Pharmaceuticals & Biotechnology,206,,-0.8926,,
1295,Zodiac Energy,543416,ZODIAC,Construction,,138,1.3553,,
1296,PNGS Gargi FJ,543709,BOM:543709,Consumer Durables,9,680,-0.8864,-671,TRIMZONE
1297,20 Microns,533022,20MICRONS,Minerals & Mining,1963,519,0.144,1444,BUYZONE
1298,A B Lifestyle,544403,ABLBL,Retailing,2123,1766,-0.613,357,HOLDZONE
1299,Adani Energy Sol,539254,ADANIENSOL,Power,360,699,-0.0361,-339,NO ACTION
1300,Adani Green,541450,ADANIGREEN,Power,119,1072,-0.8177,-953,TRIMZONE
1301,Adani Ports,532921,ADANIPORTS,Transport Infrastructure,889,691,0.1642,198,BUYZONE
1302,Aditya Bir. Fas.,535755,ABFRL,Retailing,1063,1665,1.2842,-602,SELLZONE
1303,Ahluwalia Contr.,532811,AHLUCONT,Construction,1333,2021,-0.7485,-688,TRIMZONE
1304,Ajanta Pharma,532331,AJANTPHARM,Pharmaceuticals & Biotechnology,675,271,-0.0855,404,HOLDZONE
1305,Akums Drugs,544222,AKUMS,Pharmaceuticals & Biotechnology,574,781,1.5581,-207,SELLZONE
1306,Akzo Nobel,500710,AKZOINDIA,Consumer Durables,1852,921,0.3171,931,BUYZONE
1307,Alembic,506235,ALEMBICLTD,Realty,1373,827,-0.0058,546,HOLDZONE
1308,Alembic Pharma,533573,APLLTD,Pharmaceuticals & Biotechnology,2179,831,-0.0807,1348,HOLDZONE
1309,Alivus Life,543322,ALIVUS,Pharmaceuticals & Biotechnology,1971,822,3.833,1149,BUYZONE
1310,Alkem Lab,539523,ALKEM,Pharmaceuticals & Biotechnology,1435,384,0.4871,1051,BUYZONE
1311,Allied Blenders,544203,ABDL,Beverages,113,499,0.7621,-386,SELLZONE
1312,Alok Industries,521070,ALOKINDS,Textiles & Apparels,1181,1289,-0.1375,-108,NO ACTION
1313,Ambuja Cements,500425,AMBUJACEM,Cement & Cement Products,925,733,0.2822,192,BUYZONE
1314,Amic Forging,544037,BOM:544037,Industrial Products,1368,,-0.4635,,
1315,Anand Rathi Shar,544530,ARSSBL,Capital Markets,1151,65,6.7528,1086,BUYZONE
1316,Anthem Bioscienc,544449,ANTHEM,Pharmaceuticals & Biotechnology,2108,1732,-0.4114,376,HOLDZONE
1317,APL Apollo Tubes,533758,APLAPOLLO,Industrial Products,561,370,-0.6021,191,HOLDZONE
1318,Apollo Pipes,531761,APOLLOPIPE,Industrial Products,2303,1910,-0.5029,393,HOLDZONE
1319,Arisinfra Solu.,544419,ARISINFRA,Other Construction Materials,1953,1468,3.3331,485,BUYZONE
1320,Arunis Abode,526935,BOM:526935,Commercial Services & Supplies,1493,41,0.6023,1452,BUYZONE
1321,Ashoka Buildcon,533271,ASHOKA,Construction,376,611,-0.6927,-235,TRIMZONE
1322,Asian Energy,530355,ASIANENE,Oil,1941,1686,0.0909,255,BUYZONE
1323,Asian Granito,532888,ASIANTILES,Consumer Durables,700,203,0.7703,497,BUYZONE
1324,ASK Automotive,544022,ASKAUTOLTD,Auto Components,579,2183,-0.6631,-1604,TRIMZONE
1325,Assoc.Alcohols,507526,ASALCBR,Beverages,32,608,-0.977,-576,TRIMZONE
1326,Astrazeneca Phar,506820,ASTRAZEN,Pharmaceuticals & Biotechnology,491,1624,0.0678,-1133,NO ACTION
1327,Atal Realtech,543911,ATALREAL,Realty,570,905,-0.2902,-335,TRIMZONE
1328,Aurionpro Sol.,532668,AURIONPRO,IT - Software,363,1750,0.0553,-1387,NO ACTION
1329,Automotive Stamp,520119,ASAL,Auto Components,338,1943,-0.8205,-1605,TRIMZONE
1330,AWL Agri Busine.,543458,AWL,Agricultural Food & other Products,311,584,0.0809,-273,NO ACTION
1331,B P C L,500547,BPCL,Petroleum Products,180,141,-0.3843,39,HOLDZONE
1332,Baazar Style,544243,STYLEBAAZA,Retailing,722,307,2.5767,415,BUYZONE
1333,Bajaj Healthcare,539872,BAJAJHCARE,Pharmaceuticals & Biotechnology,386,1707,-0.9145,-1321,TRIMZONE
1334,Balaji Amines,530999,BALAMINES,Chemicals & Petrochemicals,461,632,0.6771,-171,SELLZONE
1335,Balkrishna Inds,502355,BALKRISIND,Auto Components,857,483,-0.4286,374,HOLDZONE
1336,Balu Forge,531112,BALUFORGE,Industrial Products,711,1415,-0.5713,-704,TRIMZONE
1337,Banco Products,500039,BANCOINDIA,Auto Components,2065,54,15.8012,2011,BUYZONE
1338,Batliboi,522004,BOM:522004,Industrial Manufacturing,,4,5.4164,,
1339,Biocon,532523,BIOCON,Pharmaceuticals & Biotechnology,211,193,-0.7249,18,HOLDZONE
1340,Birla Corpn.,500335,BIRLACORPN,Cement & Cement Products,809,872,0.4862,-63,SELLZONE
1341,BMW Ventures,544543,BMWVENTLTD,Metals & Minerals Trading,142,177,-0.6278,-35,TRIMZONE
1342,Borana Weaves,544404,BORANA,Textiles & Apparels,,,-0.4253,,
1343,Borosil,543212,BOROLTD,Consumer Durables,741,1046,-0.2532,-305,TRIMZONE
1344,Camlin Fine,532834,CAMLINFINE,Chemicals & Petrochemicals,757,415,-0.4045,342,HOLDZONE
1345,Canara Bank,532483,CANBK,Banks,226,99,-0.7598,127,HOLDZONE
1346,Capacit'e Infra.,540710,CAPACITE,Construction,642,598,-0.2471,44,HOLDZONE
1347,Carraro India,544320,CARRARO,Auto Components,430,1166,-0.9183,-736,TRIMZONE
1348,Century Plyboard,532548,CENTURYPLY,Consumer Durables,1130,663,-0.8652,467,HOLDZONE
1349,Cera Sanitary.,532443,CERA,Consumer Durables,429,1382,-0.1482,-953,NO ACTION
1350,CG Power & Ind,500093,CGPOWER,Electrical Equipment,1551,909,-0.8311,642,HOLDZONE
1351,Chalet Hotels,542399,CHALET,Leisure Services,1004,1886,1.4775,-882,SELLZONE
1352,Chambal Fert.,500085,CHAMBLFERT,Fertilizers & Agrochemicals,1659,916,-0.4355,743,HOLDZONE
1353,Choice Intl.,531358,CHOICEIN,Finance,1083,1385,-0.5501,-302,TRIMZONE
1354,Chola Financial,504973,CHOLAHLDNG,Finance,1120,1124,1.3543,-4,
1355,Cosmo First,508814,COSMOFIRST,Industrial Products,2098,390,1.4464,1708,BUYZONE
1356,Craftsman Auto,543276,CRAFTSMAN,Auto Components,1042,365,-0.2806,677,HOLDZONE
1357,Dabur India,500096,DABUR,Personal Products,1498,301,-0.1494,1197,HOLDZONE
1358,Dam Capital Advi,544316,DAMCAPITAL,Capital Markets,1804,97,65.1137,1707,BUYZONE
1359,DCW,500117,DCW,Chemicals & Petrochemicals,1534,186,1.8577,1348,BUYZONE
1360,DCX Systems,543650,DCXINDIA,Aerospace & Defense,2152,2290,0.5392,-138,SELLZONE
1361,DEE Development,544198,DEEDEV,Industrial Manufacturing,2185,2323,-0.7275,-138,TRIMZONE
1362,Delhivery,543529,DELHIVERY,Transport Services,548,2171,1.2305,-1623,SELLZONE
1363,Diffusion Eng,544264,DIFFNKG,Industrial Products,1820,673,-0.0136,1147,HOLDZONE
1364,Dishman Carbogen,540701,DCAL,Pharmaceuticals & Biotechnology,489,2320,5.3718,-1831,SELLZONE
1365,Divi's Lab.,532488,DIVISLAB,Pharmaceuticals & Biotechnology,798,841,0.3116,-43,SELLZONE
1366,Doms Industries,544045,DOMS,Household Products,834,1285,1.3853,-451,SELLZONE
1367,Dredging Corpn.,523618,DREDGECORP,Engineering Services,28,11,-0.5347,17,HOLDZONE
1368,Dynamatic Tech.,505242,DYNAMATECH,Industrial Manufacturing,2041,119,0.8361,1922,BUYZONE
1369,Eicher Motors,505200,EICHERMOT,Automobiles,1524,1244,-0.1222,280,HOLDZONE
1370,EIH,500840,EIHOTEL,Leisure Services,467,451,-0.427,16,HOLDZONE
1371,Electrotherm(I),526608,ELECTHERM,Industrial Products,,,-0.2254,,
1372,Elitecon Inter.,539533,BOM:539533,Cigarettes & Tobacco Products,2256,87,1.6008,2169,BUYZONE
1373,Embassy Develop,532832,EMBDL,Realty,1304,2194,0.5035,-890,SELLZONE
1374,Enviro Infra,544290,EIEL,Other Utilities,557,2202,-0.2742,-1645,TRIMZONE
1375,Escorts Kubota,500495,ESCORTS,"Agricultural, Commercial & Construction Vehicles",845,1464,3.1426,-619,SELLZONE
1376,Ethos Ltd,543532,ETHOSLTD,Consumer Durables,654,1053,1.5506,-399,SELLZONE
1377,FDC,531599,FDC,Pharmaceuticals & Biotechnology,572,1773,-0.3592,-1201,TRIMZONE
1378,Federal-Mogul Go,505744,FMGOETZE,Auto Components,1946,196,1.2699,1750,BUYZONE
1379,Five-Star Bus.Fi,543663,FIVESTAR,Finance,20,165,-0.9294,-145,TRIMZONE
1380,GAIL (India),532155,GAIL,Gas,559,771,-0.6629,-212,TRIMZONE
1381,Gallantt Ispat L,532726,GALLANTT,Industrial Products,2225,886,0.0605,1339,BUYZONE
1382,Gateway Distri,543489,GATEWAY,Transport Services,496,1556,-0.5793,-1060,TRIMZONE
1383,GE Power,532309,GVPIL,Electrical Equipment,1992,1994,-0.4211,-2,
1384,GE Vernova T&D,522275,GVT&D,Electrical Equipment,387,275,0.4591,112,BUYZONE
1385,Genus Power,530343,GENUSPOWER,Electrical Equipment,135,68,1.2936,67,BUYZONE
1386,Globus Spirits,533104,GLOBUSSPR,Beverages,1393,457,-0.2057,936,HOLDZONE
1387,GMR Airports,532754,GMRAIRPORT,Transport Infrastructure,385,252,-0.5506,133,HOLDZONE
1388,GNG Electronics,544455,EBGNG,IT - Hardware,1485,229,1.6697,1256,BUYZONE
1389,Go Digit General,544179,GODIGIT,Insurance,503,375,-0.401,128,HOLDZONE
1390,Gokul Agro,539725,GOKULAGRO,Agricultural Food & other Products,1454,442,-0.4742,1012,HOLDZONE
1391,Graphite India,509488,GRAPHITE,Industrial Products,61,926,-0.8191,-865,TRIMZONE
1392,Gravita India,533282,GRAVITA,Minerals & Mining,669,210,-0.2513,459,HOLDZONE
1393,GRM Overseas,531449,GRMOVER,Agricultural Food & other Products,198,182,0.3152,16,BUYZONE
1394,Gufic BioScience,509079,GUFICBIO,Pharmaceuticals & Biotechnology,2302,,-0.7739,,
1395,Guj Pipavav Port,533248,GPPL,Transport Infrastructure,229,73,1.1715,156,BUYZONE
1396,Guj. Ambuja Exp,524226,GAEL,Agricultural Food & other Products,1131,290,0.3244,841,BUYZONE
1397,Gujarat Gas,539336,GUJGASLTD,Gas,1989,1693,-0.6139,296,HOLDZONE
1398,Gulf Oil Lubric.,538567,GULFOILLUB,Petroleum Products,586,630,-0.0373,-44,NO ACTION
1399,H.G. Infra Engg.,541019,HGINFRA,Construction,1191,912,-0.4213,279,HOLDZONE
1400,HFCL,500183,HFCL,Telecom - Services,1981,1044,-0.5482,937,HOLDZONE
1401,Hindustan Foods,519126,HNDFDS,Diversified FMCG,987,455,-0.5335,532,HOLDZONE
1402,Hindware Home In,542905,HINDWAREAP,Consumer Durables,475,328,-0.1464,147,HOLDZONE
1403,HLE Glascoat,522215,HLEGLAS,Industrial Manufacturing,66,107,-0.2496,-41,TRIMZONE
1404,Hubtown,532799,HUBTOWN,Realty,2179,240,0.7858,1939,BUYZONE
1405,ICICI Lombard,540716,ICICIGI,Insurance,598,425,1.876,173,BUYZONE
1406,ICRA,532835,ICRA,Capital Markets,293,842,0.2089,-549,SELLZONE
1407,IFCI,500106,IFCI,Finance,458,1613,-0.7758,-1155,TRIMZONE
1408,India Cements,530005,INDIACEM,Cement & Cement Products,501,1821,-0.9603,-1320,TRIMZONE
1409,India Glycols,500201,INDIAGLYCO,Beverages,1373,364,0.1021,1009,BUYZONE
1410,INDIA SHELTE FIN,544044,INDIASHLTR,Finance,1118,1646,-0.5748,-528,TRIMZONE
1411,Indian Bank,532814,INDIANB,Banks,148,159,-0.141,-11,NO ACTION
1412,Indian Metals,533047,IMFA,Ferrous Metals,672,258,3.9999,414,BUYZONE
1413,Indo Rama Synth.,500207,INDORAMA,Textiles & Apparels,90,436,-0.3284,-346,TRIMZONE
1414,Indostar Capital,541336,INDOSTAR,Finance,369,76,-0.3524,293,HOLDZONE
1415,Indrapr.Medical,532150,INDRAMEDCO,Healthcare Services,215,115,-0.8008,100,HOLDZONE
1416,Inox India,544046,INOXINDIA,Industrial Products,837,1049,0.5975,-212,SELLZONE
1417,Ipca Labs.,524494,IPCALAB,Pharmaceuticals & Biotechnology,1325,224,2.3734,1101,BUYZONE
1418,Jain Irrigation,500219,JISLJALEQS,Industrial Products,275,1322,-0.9193,-1047,TRIMZONE
1419,Jaykay Enter.,500306,BOM:500306,Aerospace & Defense,1538,1035,0.3407,503,BUYZONE
1420,Jeena Sikho,544476,JSLL,Pharmaceuticals & Biotechnology,1055,140,4.7501,915,BUYZONE
1421,Jindal Drilling,511034,JINDRILL,Oil,847,1303,1.7286,-456,SELLZONE
1422,Jindal Steel,532286,JINDALSTEL,Ferrous Metals,197,309,0.0302,-112,NO ACTION
1423,JK Lakshmi Cem.,500380,JKLAKSHMI,Cement & Cement Products,329,1264,0.323,-935,SELLZONE
1424,JK Paper,532162,JKPAPER,"Paper, Forest & Jute Products",1765,1514,0.1398,251,BUYZONE
1425,Johnson Con. Hit,523398,JCHAC,Consumer Durables,1334,385,-0.3617,949,HOLDZONE
1426,JP Power Ven.,532627,JPPOWER,Power,1672,1399,-0.265,273,HOLDZONE
1427,JTEKT India,520057,JTEKTINDIA,Auto Components,252,330,0.4748,-78,SELLZONE
1428,Jyoti CNC Auto.,544081,JYOTICNC,Industrial Manufacturing,2274,1025,0.6708,1249,BUYZONE
1429,K.P. Energy,539686,KPEL,Power,882,208,10.0116,674,BUYZONE
1430,Kalpataru Proj.,522287,KPIL,Construction,1167,250,0.145,917,BUYZONE
1431,Kalyan Jewellers,543278,KALYANKJIL,Consumer Durables,253,354,-0.4775,-101,TRIMZONE
1432,Kaynes Tech,543664,KAYNES,Industrial Manufacturing,1634,2243,0.9695,-609,SELLZONE
1433,Khazanchi Jewell,543953,BOM:543953,Consumer Durables,287,191,-0.2614,96,HOLDZONE
1434,Kirl. Brothers,500241,KIRLOSBROS,Industrial Products,1917,2280,0.7146,-363,SELLZONE
1435,Knowledge Marine,543273,KMEW,Engineering Services,375,28,-0.3625,347,HOLDZONE
1436,KP Green Engg.,544150,BOM:544150,Electrical Equipment,175,969,0.8767,-794,SELLZONE
1437,Krishival Foods,544416,KRISHIVAL,Food Products,638,870,-0.1789,-232,TRIMZONE
1438,Kross Ltd,544253,KROSS,Auto Components,1380,1498,-0.3781,-118,TRIMZONE
1439,Latent View,543398,LATENTVIEW,IT - Software,1920,660,1.1044,1260,BUYZONE
1440,Leela Palaces Hotels,544408,THELEELA,Leisure Services,1497,1030,-0.7535,467,HOLDZONE
1441,Life Insurance,543526,LICI,Insurance,837,211,7.4215,626,BUYZONE
1442,Lloyds Engineeri,539992,LLOYDSENGG,Industrial Manufacturing,1577,861,0.1291,716,BUYZONE
1443,Lodha Developers,543287,LODHA,Realty,1407,274,-0.2178,1133,HOLDZONE
1444,Lucent Industrie,539682,BOM:539682,IT - Software,1526,1447,0.0422,79,BUYZONE
1445,Lumax Auto Tech.,532796,LUMAXTECH,Auto Components,1968,311,1.6913,1657,BUYZONE
1446,Lupin,500257,LUPIN,Pharmaceuticals & Biotechnology,1213,426,2.3236,787,BUYZONE
1447,M & M Fin. Serv.,532720,M&MFIN,Finance,169,491,-0.0782,-322,NO ACTION
1448,Magellanic Cloud,538891,MCLOUD,IT - Software,1256,1022,-0.945,234,HOLDZONE
1449,Mah. Seamless,500265,MAHSEAMLES,Industrial Products,904,1754,-0.0336,-850,NO ACTION
1450,Mahindra Life.,532313,MAHLIFE,Realty,961,231,0.1957,730,BUYZONE
1451,Mallcom (India),539400,MALLCOM,Industrial Products,,,-0.1901,,
1452,Man Infra,533169,MANINFRA,Construction,1102,2178,2.3373,-1076,SELLZONE
1453,Mangalore Chem.,530011,MANGCHEFER,Fertilizers & Agrochemicals,1958,,-1,,
1454,Manoj Vaibhav,543995,MVGJL,Consumer Durables,371,200,-0.4864,171,HOLDZONE
1455,Marksans Pharma,524404,MARKSANS,Pharmaceuticals & Biotechnology,447,353,-0.357,94,HOLDZONE
1456,Max Estates,544008,MAXESTATES,Realty,,452,1.694,,
1457,Max Financial,500271,MFSL,Insurance,1069,152,-0.8434,917,HOLDZONE
1458,Mayur Uniquoters,522249,MAYURUNIQ,Consumer Durables,194,329,-0.2857,-135,TRIMZONE
1459,Medplus Health,543427,MEDPLUS,Retailing,1714,276,1.2812,1438,BUYZONE
1460,Minda Corp,538962,MINDACORP,Auto Components,1459,227,41.9156,1232,BUYZONE
1461,Mishra Dhatu Nig,541195,MIDHANI,Aerospace & Defense,1118,1477,-0.1667,-359,TRIMZONE
1462,Monte Carlo Fas.,538836,MONTECARLO,Textiles & Apparels,553,331,-0.1559,222,HOLDZONE
1463,Morepen Labs.,500288,MOREPENLAB,Pharmaceuticals & Biotechnology,1720,1414,-0.4992,306,HOLDZONE
1464,Motisons Jewel,544053,MOTISONS,Consumer Durables,1978,1713,-0.0272,265,HOLDZONE
1465,MPS,532440,MPSLTD,Other Consumer Services,2065,807,-0.1818,1258,HOLDZONE
1466,MSTC,542597,MSTCLTD,Commercial Services & Supplies,550,707,-0.7737,-157,TRIMZONE
1467,MTAR Technologie,543270,MTARTECH,Aerospace & Defense,78,936,-0.015,-858,NO ACTION
1468,Mufin Green,542774,MUFIN,Finance,413,53,0.3154,360,BUYZONE
1469,Muthoot Finance,533398,MUTHOOTFIN,Finance,1383,709,-0.3756,674,HOLDZONE
1470,NBCC,534309,NBCC,Construction,207,894,-0.7647,-687,TRIMZONE
1471,NELCO,504112,NELCO,IT - Hardware,2033,1302,-0.383,731,HOLDZONE
1472,Netwrk.18 Media,532798,NETWORK18,Entertainment,1955,1551,-0.164,404,HOLDZONE
1473,Nexus Select,543913,NXST,Realty,552,,-1,,
1474,Niva Bupa Health,544286,NIVABUPA,Insurance,1699,471,-0.0781,1228,HOLDZONE
1475,NLC India,513683,NLCINDIA,Power,1569,1496,-0.6951,73,HOLDZONE
1476,Northern ARC,544260,NORTHARC,Finance,1071,859,-0.0106,212,HOLDZONE
1477,Olectra Greentec,532439,OLECTRA,Automobiles,324,561,-0.7024,-237,TRIMZONE
1478,One Point One,,ONEPOINT,Commercial Services & Supplies,1652,118,0.6831,1534,BUYZONE
1479,Orchid Pharma,524372,ORCHPHARMA,Pharmaceuticals & Biotechnology,2048,38,9.8845,2010,BUYZONE
1480,Orient Cement,535754,ORIENTCEM,Cement & Cement Products,1224,2037,0.1711,-813,SELLZONE
1481,Orient Green,533263,GREENPOWER,Power,240,437,0.314,-197,SELLZONE
1482,Paushak,532742,BOM:532742,Chemicals & Petrochemicals,2291,,-0.468,,
1483,PB Fintech.,543390,POLICYBZR,Financial Technology (Fintech),130,255,-0.8411,-125,TRIMZONE
1484,PC Jeweller,534809,PCJEWELLER,Consumer Durables,2160,262,0.6754,1898,BUYZONE
1485,PDS,538730,PDSL,Textiles & Apparels,50,253,-0.2671,-203,TRIMZONE
1486,Phoenix Mills,503100,PHOENIXLTD,Realty,550,194,1.151,356,BUYZONE
1487,Piccadily Agro,530305,PICCADIL,Beverages,1475,292,4.1068,1183,BUYZONE
1488,Prataap Snacks,540724,DIAMONDYD,Food Products,546,248,-0.0436,298,HOLDZONE
1489,Prec. Wires (I),523539,PRECWIRE,Industrial Products,123,245,-0.6555,-122,TRIMZONE
1490,Prem. Explosives,526247,PREMEXPLN,Chemicals & Petrochemicals,1516,2212,0.4072,-696,SELLZONE
1491,Prime Focus,532748,PFOCUS,Entertainment,533,656,-0.4685,-123,TRIMZONE
1492,Prime Securities,500337,PRIMESECU,Finance,,,-0.3541,,
1493,Prince Pipes,542907,PRINCEPIPE,Industrial Products,1975,740,0.3884,1235,BUYZONE
1494,Radhika Jeweltec,540125,RADHIKAJWE,Consumer Durables,1816,244,2.5018,1572,BUYZONE
1495,Rama Steel Tubes,539309,RAMASTEEL,Industrial Products,292,198,-0.6358,94,HOLDZONE
1496,Ramco Inds.,532369,RAMCOIND,Other Construction Materials,227,1535,-0.6213,-1308,TRIMZONE
1497,Rategain Travel,543417,RATEGAIN,IT - Software,2077,201,-0.1918,1876,HOLDZONE
1498,Redtape,543957,REDTAPE,Consumer Durables,1331,1275,-0.6829,56,HOLDZONE
1499,Refex Industries,532884,REFEX,Chemicals & Petrochemicals,581,1076,-0.5209,-495,TRIMZONE
1500,Remsons Ind,530919,REMSONSIND,Auto Components,56,676,-0.8042,-620,TRIMZONE
1501,Repco Home Fin,535322,REPCOHOME,Finance,558,233,0.5919,325,BUYZONE
1502,Rites,541556,RITES,Construction,1500,1341,-0.097,159,HOLDZONE
1503,RMC Switchgears,540358,BOM:540358,Electrical Equipment,1684,2299,-0.3445,-615,TRIMZONE
1504,Sai Life,544306,SAILIFE,Pharmaceuticals & Biotechnology,237,1173,0.24,-936,SELLZONE
1505,Saksoft,590051,SAKSOFT,IT - Software,1204,386,0.2679,818,BUYZONE
1506,Salasar Techno,540642,SALASAR,Industrial Manufacturing,40,565,-0.9321,-525,TRIMZONE
1507,Sambhv Steel,544430,SAMBHV,Industrial Products,518,85,1.0976,433,BUYZONE
1508,Sanofi Consumer,544250,SANOFICONR,Pharmaceuticals & Biotechnology,,1263,11.1416,,
1509,Sanofi India,500674,SANOFI,Pharmaceuticals & Biotechnology,491,1371,-0.509,-880,TRIMZONE
1510,Sansera Enginee.,543358,SANSERA,Auto Components,259,367,-0.3307,-108,TRIMZONE
1511,SBI,500112,SBIN,Banks,244,163,-0.2242,81,HOLDZONE
1512,Schaeffler India,505790,SCHAEFFLER,Auto Components,1388,278,-0.4144,1110,HOLDZONE
1513,Schneider Elect.,534139,SCHNEIDER,Electrical Equipment,432,260,-0.1719,172,HOLDZONE
1514,Sequent Scien.,512529,SEQUENT,Pharmaceuticals & Biotechnology,490,331,-0.663,159,HOLDZONE
1515,SG Mart,512329,SGMART,Metals & Minerals Trading,288,273,-0.3552,15,HOLDZONE
1516,Sh.Renuka Sugar,532670,RENUKA,Agricultural Food & other Products,1354,2142,0.8878,-788,SELLZONE
1517,Shalby,540797,SHALBY,Healthcare Services,1984,2125,0.0151,-141,NO ACTION
1518,Shreeji Ship. Gl,544490,SHREEJISPG,Transport Services,133,95,-0.8169,38,HOLDZONE
1519,Shriram Finance,511218,SHRIRAMFIN,Finance,167,43,0.3443,124,BUYZONE
1520,Shriram Pistons,544344,SHRIPISTON,Auto Components,1482,1295,0.3859,187,BUYZONE
1521,Siemens Ener.Ind,544390,ENRIN,Electrical Equipment,718,335,-0.5308,383,HOLDZONE
1522,Silver Touch,543525,SILVERTUC,IT - Software,183,39,1.1318,144,BUYZONE
1523,Simplex Infra,523838,SIMPLEXINF,Construction,,102,1.7632,,
1524,Sindhu Trade,532029,SINDHUTRAD,Transport Services,2201,1260,-0.7705,941,HOLDZONE
1525,Siyaram Silk,503811,SIYSIL,Textiles & Apparels,412,169,1.33,243,BUYZONE
1526,Smartworks Cowor,544447,SMARTWORKS,Commercial Services & Supplies,762,682,3.648,80,BUYZONE
1527,SML ISUZU,505192,SMLISUZU,"Agricultural, Commercial & Construction Vehicles",926,144,-0.4206,782,HOLDZONE
1528,Solara Active,541540,SOLARA,Pharmaceuticals & Biotechnology,841,1642,0.1935,-801,SELLZONE
1529,Standard Glass,544333,SGLTL,Industrial Manufacturing,295,1895,-0.2825,-1600,TRIMZONE
1530,Star Cement,540575,STARCEMENT,Cement & Cement Products,1369,1913,0.9996,-544,SELLZONE
1531,Sterling & Wils.,542760,SWSOLAR,Construction,2137,346,-0.3324,1791,HOLDZONE
1532,Sudarshan Chem.,506655,SUDARSCHEM,Chemicals & Petrochemicals,2182,2261,1.5563,-79,SELLZONE
1533,Sula Vineyards,543711,SULA,Beverages,1379,1015,-0.7288,364,HOLDZONE
1534,Sundram Fasten.,500403,SUNDRMFAST,Auto Components,2058,1540,4.1389,518,BUYZONE
1535,Sunita Tools Ltd,544001,BOM:544001,Industrial Manufacturing,2299,1442,-0.0113,857,HOLDZONE
1536,Sunteck Realty,512179,SUNTECK,Realty,301,421,-0.6821,-120,TRIMZONE
1537,Suprajit Engg.,532509,SUPRAJIT,Auto Components,1384,1383,-0.5363,1,HOLDZONE
1538,Supriya Lifesci.,543434,SUPRIYA,Pharmaceuticals & Biotechnology,650,214,0.2472,436,BUYZONE
1539,Suzlon Energy,532667,SUZLON,Electrical Equipment,116,615,0.1463,-499,SELLZONE
1540,Symphony,517385,SYMPHONY,Consumer Durables,304,1093,0.096,-789,NO ACTION
1541,T B Z,534369,TBZ,Consumer Durables,1766,327,0.5321,1439,BUYZONE
1542,Tara Chand Infra,,TARACHAND,Commercial Services & Supplies,1882,2174,-0.8549,-292,TRIMZONE
1543,TARC Ltd,543249,TARC,Realty,1992,777,-0.0301,1215,HOLDZONE
1544,Tata Chemicals,500770,TATACHEM,Chemicals & Petrochemicals,1386,1846,0.0479,-460,NO ACTION
1545,Tata Power Co.,500400,TATAPOWER,Power,336,1395,-0.0812,-1059,NO ACTION
1546,Tejas Networks,540595,TEJASNET,Telecom - Equipment & Accessories,2151,1787,-0.4729,364,HOLDZONE
1547,Tembo Global,,TEMBO,Industrial Products,134,42,6.9945,92,BUYZONE
1548,Timken India,522113,TIMKEN,Industrial Products,443,795,-0.1237,-352,NO ACTION
1549,Tips Music,532375,TIPSMUSIC,Entertainment,1271,1828,0.1902,-557,SELLZONE
1550,Tour. Fin. Corp.,526650,TFCILTD,Finance,2287,1751,-0.8298,536,HOLDZONE
1551,Travel Food,544443,TRAVELFOOD,Leisure Services,2019,1861,0.5165,158,BUYZONE
1552,Triven.Engg.Ind.,532356,TRIVENI,Agricultural Food & other Products,1159,419,18.3352,740,BUYZONE
1553,Triveni Turbine,533655,TRITURBINE,Electrical Equipment,960,1364,-0.4474,-404,TRIMZONE
1554,Unicommerce,544227,UNIECOM,IT - Software,1363,1434,0.5334,-71,SELLZONE
1555,Union Bank (I),532477,UNIONBANK,Banks,611,121,-0.7027,490,HOLDZONE
1556,Uniparts India,543689,UNIPARTS,Auto Components,494,1363,-0.9033,-869,TRIMZONE
1557,Unitech,507878,UNITECH,Realty,1873,1182,0.3743,691,BUYZONE
1558,United Spirits,532432,UNITDSPR,Beverages,393,337,-0.5904,56,HOLDZONE
1559,Usha Martin,517146,USHAMART,Industrial Products,1031,219,0.6016,812,BUYZONE
1560,Va Tech Wabag,533269,WABAG,Other Utilities,1328,1407,-0.222,-79,TRIMZONE
1561,Vascon Engineers,533156,VASCONEQ,Realty,1157,1902,0.9303,-745,SELLZONE
1562,Veedol Corporat,590005,VEEDOL,Petroleum Products,,,0.031,,
1563,Venky's (India),523261,VENKEYS,Food Products,216,1852,-0.2539,-1636,TRIMZONE
1564,Vijaya Diagnost.,543350,VIJAYA,Healthcare Services,1088,257,-0.063,831,HOLDZONE
1565,Vintage Coffee,538920,VINCOFE,Commercial Services & Supplies,62,57,0.5668,5,BUYZONE
1566,Volt.Transform.,532757,VOLTAMP,Electrical Equipment,317,1471,-0.8194,-1154,TRIMZONE
1567,VRL Logistics,539118,VRLLOG,Transport Services,1362,754,-0.3315,608,HOLDZONE
1568,VST Industries,509966,VSTIND,Cigarettes & Tobacco Products,616,958,-0.989,-342,TRIMZONE
1569,Walchan. Inds.,507410,WALCHANNAG,Industrial Manufacturing,1137,1192,-0.6646,-55,TRIMZONE
1570,Westlife Food,505533,WESTLIFE,Leisure Services,1394,1508,-0.9045,-114,TRIMZONE
1571,Windlas Biotech,543329,WINDLAS,Pharmaceuticals & Biotechnology,465,2169,7.9609,-1704,SELLZONE
1572,Wockhardt,532300,WOCKPHARMA,Pharmaceuticals & Biotechnology,2239,541,0.1226,1698,BUYZONE
1573,Yes Bank,532648,YESBANK,Banks,2018,412,-0.1788,1606,HOLDZONE
1574,Zelio E-Mobility,544563,BOM:544563,Automobiles,,,-0.8234,,
1575,ZF Commercial,533023,ZFCVINDIA,Auto Components,1848,815,3.6632,1033,BUYZONE
1576,63 Moons Tech.,526881,63MOONS,IT - Software,1631,1940,-0.2019,-309,TRIMZONE
1577,A B Real Estate,500040,ABREL,"Paper, Forest & Jute Products",53,712,-0.9489,-659,TRIMZONE
1578,Aadhar Hsg. Fin.,544176,AADHARHFC,Finance,1396,1702,2.3686,-306,SELLZONE
1579,Aarti Industries,524208,AARTIIND,Chemicals & Petrochemicals,887,132,51.5602,755,BUYZONE
1580,Aayush Art,540718,BOM:540718,Textiles & Apparels,1378,602,-0.3062,776,HOLDZONE
1581,Advanced Enzyme,540025,ADVENZYMES,Pharmaceuticals & Biotechnology,1138,603,-0.2521,535,HOLDZONE
1582,Aeroflex Enter.,511076,AEROENTER,Industrial Products,613,145,0.7713,468,BUYZONE
1583,Afcons Infrastr.,544280,AFCONS,Construction,1146,907,3.3886,239,BUYZONE
1584,AGI Infra,539042,AGIIL,Realty,2075,474,-0.4205,1601,HOLDZONE
1585,Ajmera Realty,513349,AJMERA,Realty,576,1310,-0.5324,-734,TRIMZONE
1586,Allcargo Logist.,532749,ALLCARGO,Transport Services,1063,236,2.0798,827,BUYZONE
1587,Anant Raj,515055,ANANTRAJ,Realty,940,1454,-0.4658,-514,TRIMZONE
1588,Apeejay Surrend.,544111,PARKHOTELS,Leisure Services,1101,1379,-0.6251,-278,TRIMZONE
1589,Aptech,532475,APTECHT,Other Consumer Services,2285,1982,-0.1707,303,HOLDZONE
1590,Arkade,544261,ARKADE,Realty,776,1019,-0.5383,-243,TRIMZONE
1591,Ashapura Minech.,527001,ASHAPURMIN,Minerals & Mining,969,1328,-0.17,-359,TRIMZONE
1592,Atlanta Electric,544527,ATLANTAELE,Electrical Equipment,1624,175,1.3229,1449,BUYZONE
1593,Atul,500027,ATUL,Chemicals & Petrochemicals,2019,1438,-0.3486,581,HOLDZONE
1594,Aurobindo Pharma,524804,AUROPHARMA,Pharmaceuticals & Biotechnology,1258,555,-0.7057,703,HOLDZONE
1595,Avalon Tech,543896,AVALON,Electrical Equipment,694,2321,1.6659,-1627,SELLZONE
1596,Avantel,532406,AVANTEL,Aerospace & Defense,2265,2268,-0.1138,-3,NO ACTION
1597,AXISCADES Tech.,532395,AXISCADES,Aerospace & Defense,985,1941,0.6739,-956,SELLZONE
1598,Bajaj Housing,544252,BAJAJHFL,Finance,1030,947,0.2886,83,BUYZONE
1599,Balaji Telefilms,532382,BALAJITELE,Entertainment,,55,3.0212,,
1600,Bank of Baroda,532134,BANKBARODA,Banks,453,126,-0.6067,327,HOLDZONE
1601,BASF India,500042,BASF,Chemicals & Petrochemicals,1899,819,-0.0644,1080,HOLDZONE
1602,BF Utilities,532430,BFUTILITIE,Transport Infrastructure,2113,,-0.4324,,
1603,Bikaji Foods,543653,BIKAJI,Food Products,1124,1393,0.7267,-269,SELLZONE
1604,Bliss GVS Pharma,506197,BLISSGVS,Pharmaceuticals & Biotechnology,864,2344,7.2372,-1480,SELLZONE
1605,BLS Internat.,540073,BLS,Leisure Services,1991,1005,-0.9093,986,HOLDZONE
1606,Brainbees Solut.,544226,FIRSTCRY,Retailing,2220,2030,0.0122,190,BUYZONE
1607,Britannia Inds.,500825,BRITANNIA,Food Products,1972,366,1.3142,1606,BUYZONE
1608,CARE Ratings,534804,CARERATING,Capital Markets,347,368,-0.347,-21,TRIMZONE
1609,Cemindia Project,509496,CEMPRO,Construction,211,122,-0.6415,89,HOLDZONE
1610,Centum Electron,517544,CENTUM,Industrial Manufacturing,1249,2029,-0.8948,-780,TRIMZONE
1611,Chemcon Special.,543233,CHEMCON,Chemicals & Petrochemicals,1949,1623,1.5048,326,BUYZONE
1612,Colab Platforms,542866,BOM:542866,Finance,46,31,-0.6315,15,HOLDZONE
1613,Confidence Petro,526829,CONFIPET,Gas,666,1252,-0.3136,-586,TRIMZONE
1614,Cyient DLM,543933,CYIENTDLM,Industrial Manufacturing,736,1062,-0.0388,-326,NO ACTION
1615,D-Link India,533146,DLINKINDIA,IT - Hardware,1795,1813,0.2327,-18,SELLZONE
1616,Dalmia BharatLtd,542216,DALBHARAT,Cement & Cement Products,2007,1835,-0.7677,172,HOLDZONE
1617,Dec.Gold Mines,512068,BOM:512068,Non - Ferrous Metals,2298,2260,0.0003,38,BUYZONE
1618,Deep Industries,543288,DEEPINDS,Oil,1867,212,8.555,1655,BUYZONE
1619,Deepak Nitrite,506401,DEEPAKNTR,Chemicals & Petrochemicals,1880,1083,-0.5495,797,HOLDZONE
1620,Delta Corp,532848,DELTACORP,Leisure Services,1812,2134,0.5393,-322,SELLZONE
1621,Denta Water,544345,DENTA,Other Utilities,1979,539,0.7027,1440,BUYZONE
1622,Dhampur Sugar,500119,DHAMPURSUG,Agricultural Food & other Products,1348,,-0.6321,,
1623,Dish TV India,532839,DISHTV,Entertainment,1588,,-0.5064,,
1624,Dixon Technolog.,540699,DIXON,Consumer Durables,1909,2019,0.097,-110,NO ACTION
1625,Dr Lal Pathlabs,539524,LALPATHLAB,Healthcare Services,1214,927,-0.5026,287,HOLDZONE
1626,Easy Trip Plann.,543272,EASEMYTRIP,Leisure Services,1432,485,0.3553,947,BUYZONE
1627,Elecon Engg.Co,505700,ELECON,Electrical Equipment,661,1644,-0.3063,-983,TRIMZONE
1628,Ellen.Indl.Gas,544421,ELLEN,Chemicals & Petrochemicals,408,490,-0.6259,-82,TRIMZONE
1629,Emcure Pharma,544210,EMCURE,Pharmaceuticals & Biotechnology,2012,430,-0.2516,1582,HOLDZONE
1630,Exicom Tele-Sys.,544133,EXICOM,Electrical Equipment,1583,1904,0.1119,-321,SELLZONE
1631,Exide Inds.,500086,EXIDEIND,Auto Components,2107,1593,-0.7278,514,HOLDZONE
1632,Finolex Cables,500144,FINCABLES,Industrial Products,1285,1343,-0.4838,-58,TRIMZONE
1633,Finolex Inds.,500940,FINPIPE,Industrial Products,1480,1484,-0.152,-4,
1634,Fusion Finance,543652,FUSION,Finance,1539,1974,0.6976,-435,SELLZONE
1635,G M D C,532181,GMDCLTD,Minerals & Mining,735,342,-0.3137,393,HOLDZONE
1636,G S F C,500690,GSFC,Fertilizers & Agrochemicals,1007,1385,0.1127,-378,SELLZONE
1637,Gabriel India,505714,GABRIEL,Auto Components,885,1031,-0.358,-146,TRIMZONE
1638,Galaxy Surfact.,540935,GALAXYSURF,Chemicals & Petrochemicals,1605,837,-0.506,768,HOLDZONE
1639,Ganesh Consumer,544528,GANESHCP,Food Products,1093,1537,0.2158,-444,SELLZONE
1640,Ganesh Housing,526367,GANESHHOU,Realty,1710,1749,0.6551,-39,SELLZONE
1641,Glaxosmi. Pharma,500660,GLAXO,Pharmaceuticals & Biotechnology,2233,2144,0.4412,89,BUYZONE
1642,Glenmark Pharma.,532296,GLENMARK,Pharmaceuticals & Biotechnology,1002,1487,-0.6483,-485,TRIMZONE
1643,Godrej Consumer,532424,GODREJCP,Personal Products,1848,811,0.1262,1037,BUYZONE
1644,Godrej Industrie,500164,GODREJIND,Diversified,782,1246,-0.7524,-464,TRIMZONE
1645,Goldiam Intl.,526729,GOLDIAM,Consumer Durables,1171,784,0.2785,387,BUYZONE
1646,Gopal Snacks,544140,GOPAL,Food Products,842,458,-0.4667,384,HOLDZONE
1647,Granules India,532482,GRANULES,Pharmaceuticals & Biotechnology,848,1459,-0.4213,-611,TRIMZONE
1648,Grindwell Norton,506076,GRINDWELL,Industrial Products,716,1432,-0.9522,-716,TRIMZONE
1649,Guj.St.Petronet,532702,GSPL,Gas,1722,1738,-0.0035,-16,NO ACTION
1650,Gujarat Fluoroch,542812,FLUOROCHEM,Chemicals & Petrochemicals,1916,1594,-0.5891,322,HOLDZONE
1651,H P C L,500104,HINDPETRO,Petroleum Products,238,230,-0.5831,8,HOLDZONE
1652,H U D C O,540530,HUDCO,Finance,234,864,-0.7005,-630,TRIMZONE
1653,Hardwyn India,541276,HARDWYN,Consumer Durables,125,136,-0.4161,-11,TRIMZONE
1654,Havells India,517354,HAVELLS,Consumer Durables,980,1645,-0.3788,-665,TRIMZONE
1655,HDFC Life Insur.,540777,HDFCLIFE,Insurance,1096,404,-0.1537,692,HOLDZONE
1656,Hi-Tech Pipes,543411,HITECH,Industrial Products,1731,2192,0.3279,-461,SELLZONE
1657,Hikal,524735,HIKAL,Pharmaceuticals & Biotechnology,1752,1576,-0.2616,176,HOLDZONE
1658,Hindustan Zinc,500188,HINDZINC,Non - Ferrous Metals,2134,1529,-0.1888,605,HOLDZONE
1659,Honasa Consumer,544014,HONASA,Personal Products,1569,1570,0.1457,-1,
1660,Hyundai Motor I,544274,HYUNDAI,Automobiles,476,1175,-0.8463,-699,TRIMZONE
1661,I R F C,543257,IRFC,Finance,1429,1348,-0.1855,81,HOLDZONE
1662,ICE Make Refrig.,,ICEMAKE,Industrial Manufacturing,,,-0.0575,,
1663,ICICI Pru Life,540133,ICICIPRULI,Insurance,1245,324,-0.2605,921,HOLDZONE
1664,IIFL Finance,532636,IIFL,Finance,101,389,-0.7981,-288,TRIMZONE
1665,Indiabulls Enter,543715,IEL,Commercial Services & Supplies,2296,2349,0.1442,-53,SELLZONE
1666,Indigo Paints,543258,INDIGOPNTS,Consumer Durables,2049,1243,7.5596,806,BUYZONE
1667,Infibeam Avenues,539807,INFIBEAM,Financial Technology (Fintech),624,1785,-0.4545,-1161,TRIMZONE
1668,Inox Green,543667,INOXGREEN,Power,161,388,-0.4918,-227,TRIMZONE
1669,IOL Chemicals,524164,IOLCP,Pharmaceuticals & Biotechnology,1956,1689,0.0022,267,BUYZONE
1670,ION Exchange,500214,IONEXCHANG,Other Utilities,1184,1987,0.0495,-803,NO ACTION
1671,Ircon Intl.,541956,IRCON,Construction,1116,1777,-0.4166,-661,TRIMZONE
1672,IRM Energy,544004,IRMENERGY,Gas,2159,2059,0.3109,100,BUYZONE
1673,ISGEC Heavy,533033,ISGEC,Construction,1899,1421,-0.5217,478,HOLDZONE
1674,Ivalue Infosolut,544523,IVALUE,IT - Services,636,124,-0.5143,512,HOLDZONE
1675,IZMO,532341,IZMO,IT - Services,2293,488,-0.2453,1805,HOLDZONE
1676,J Kumar Infra,532940,JKIL,Construction,325,1366,-0.0896,-1041,NO ACTION
1677,Jana Small Finan,544118,JSFB,Banks,1361,259,-0.425,1102,HOLDZONE
1678,Jaro Institute,544534,JARO,Other Consumer Services,2309,1319,-0.818,990,HOLDZONE
1679,Jindal Saw,500378,JINDALSAW,Industrial Products,2257,2275,1.175,-18,SELLZONE
1680,JSW Cement,544480,JSWCEMENT,Cement & Cement Products,1592,2113,-0.0593,-521,NO ACTION
1681,JSW Energy,533148,JSWENERGY,Power,1313,1449,-0.3485,-136,TRIMZONE
1682,JSW Steel,500228,JSWSTEEL,Ferrous Metals,284,870,-0.5258,-586,TRIMZONE
1683,Jubilant Ingrev.,543271,JUBLINGREA,Chemicals & Petrochemicals,571,2094,-0.1156,-1523,NO ACTION
1684,Jupiter Wagons,533272,JWL,Industrial Manufacturing,1049,1566,-0.5411,-517,TRIMZONE
1685,Kamdhenu,532741,KAMDHENU,Industrial Products,782,,-0.8526,,
1686,KDDL Ltd,532054,KDDL,Consumer Durables,1859,383,1.0878,1476,BUYZONE
1687,Kellton Tech,519602,KELLTONTEC,IT - Services,1522,1548,-0.9447,-26,TRIMZONE
1688,Kernex Microsys.,532686,KERNEX,Transport Services,209,848,-0.563,-639,TRIMZONE
1689,Keystone Realtor,543669,RUSTOMJEE,Realty,1799,1656,-0.6779,143,HOLDZONE
1690,L&T Finance Ltd,533519,LTF,Finance,832,50,11.0089,782,BUYZONE
1691,Laxmi Dental,544339,LAXMIDENTL,Healthcare Equipment & Supplies,974,,-0.4879,,
1692,Laxmi Organic,543277,LXCHEM,Chemicals & Petrochemicals,2057,1403,-0.8228,654,HOLDZONE
1693,Lemon Tree Hotel,541233,LEMONTREE,Leisure Services,708,1271,-0.5606,-563,TRIMZONE
1694,LKP Finance,507912,BOM:507912,Finance,8,,-0.784,,
1695,Lloyds Enterpris,512463,LLOYDSENT,Metals & Minerals Trading,907,1629,0.1056,-722,SELLZONE
1696,Lumax Industries,517206,LUMAXIND,Auto Components,1758,2283,5.3216,-525,SELLZONE
1697,M B Agro Prod.,,MBAPL,Fertilizers & Agrochemicals,2076,964,-0.1671,1112,HOLDZONE
1698,M T N L,500108,MTNL,Telecom - Services,1443,1441,0.1178,2,BUYZONE
1699,Maithan Alloys,590078,MAITHANALL,Ferrous Metals,819,1453,0.0544,-634,NO ACTION
1700,MAS FINANC SER,540749,MASFIN,Finance,800,482,1.2236,318,BUYZONE
1701,Medi Assist Ser.,544088,MEDIASSIST,Insurance,310,2324,0.445,-2014,SELLZONE
1702,Metropolis Healt,542650,METROPOLIS,Healthcare Services,908,391,-0.0439,517,HOLDZONE
1703,MOIL,533286,MOIL,Minerals & Mining,1735,1608,-0.1982,127,HOLDZONE
1704,Monarch Networth,511551,MONARCH,Capital Markets,1718,1276,0.3898,442,BUYZONE
1705,Motherson Wiring,543498,MSUMI,Auto Components,451,695,0.6273,-244,SELLZONE
1706,MRF,500290,MRF,Auto Components,1347,,-0.9707,,
1707,Mukand,500460,MUKANDLTD,Ferrous Metals,104,,-0.8255,,
1708,Muthoot Microfin,544055,MUTHOOTMF,Finance,501,826,0.5412,-325,SELLZONE
1709,NACL Industries,524709,NACLIND,Fertilizers & Agrochemicals,1630,2061,3.718,-431,SELLZONE
1710,Nazara Technolo.,543280,NAZARA,Entertainment,707,1067,-0.5777,-360,TRIMZONE
1711,NDTV,532529,NDTV,Entertainment,1960,2107,-0.4696,-147,TRIMZONE
1712,Neogen Chemicals,542665,NEOGEN,Chemicals & Petrochemicals,1641,683,-0.2884,958,HOLDZONE
1713,Network People,544396,NPST,IT - Services,1567,,-0.5878,,
1714,NHPC Ltd,533098,NHPC,Power,1249,2003,0.9934,-754,SELLZONE
1715,NMDC,526371,NMDC,Minerals & Mining,959,1197,-0.2126,-238,TRIMZONE
1716,NRB Bearings,530367,NRBBEARING,Auto Components,620,709,-0.6641,-89,TRIMZONE
1717,Oberoi Realty,533273,OBEROIRLTY,Realty,300,269,-0.7945,31,HOLDZONE
1718,OneSource Speci.,544292,ONESOURCE,Pharmaceuticals & Biotechnology,1142,1710,-0.5782,-568,TRIMZONE
1719,Optiemus Infra.,530135,OPTIEMUS,Telecom - Equipment & Accessories,2026,1937,-0.412,89,HOLDZONE
1720,Orient Electric,541301,ORIENTELEC,Consumer Durables,364,,-0.1517,,
1721,Orient Tech.,544235,ORIENTTECH,IT - Services,951,2049,0.3943,-1098,SELLZONE
1722,P & G Hygiene,500459,PGHH,Personal Products,2067,1467,0.2563,600,BUYZONE
1723,P I Industries,523642,PIIND,Fertilizers & Agrochemicals,1123,199,0.4539,924,BUYZONE
1724,P N Gadgil Jewe.,544256,PNGJL,Consumer Durables,1976,1299,1.1911,677,BUYZONE
1725,Paradeep Phosph.,543530,PARADEEP,Fertilizers & Agrochemicals,1841,910,0.1826,931,BUYZONE
1726,Petronet LNG,532522,PETRONET,Gas,952,1009,-0.6571,-57,TRIMZONE
1727,Pitti Engg.,513519,PITTIENG,Industrial Manufacturing,445,1098,-0.8257,-653,TRIMZONE
1728,PNC Infratech,539150,PNCINFRA,Construction,1479,1387,-0.4185,92,HOLDZONE
1729,Poly Medicure,531768,POLYMED,Healthcare Equipment & Supplies,350,1614,-0.375,-1264,TRIMZONE
1730,Poonawalla Fin,524000,POONAWALLA,Finance,2120,2043,-0.0927,77,HOLDZONE
1731,Praj Industries,522205,PRAJIND,Industrial Manufacturing,1190,1321,-0.4611,-131,TRIMZONE
1732,Prakash Industri,506022,PRAKASH,Ferrous Metals,514,718,-0.3938,-204,TRIMZONE
1733,Pricol Ltd,540293,PRICOLLTD,Auto Components,399,95,30.3258,304,BUYZONE
1734,Prostarm Info,544410,PROSTARM,Electrical Equipment,2197,2224,1.339,-27,SELLZONE
1735,Protean eGov,544021,PROTEAN,IT - Services,1540,977,0.3264,563,BUYZONE
1736,Punjab Natl.Bank,532461,PNB,Banks,351,359,-0.4385,-8,TRIMZONE
1737,R Systems Intl.,532735,RSYSTEMS,IT - Services,344,1270,-0.719,-926,TRIMZONE
1738,RACL Geartech,520073,RACLGEAR,Auto Components,2108,2218,1.3003,-110,SELLZONE
1739,Railtel Corpn.,543265,RAILTEL,Telecom - Services,1430,1957,-0.613,-527,TRIMZONE
1740,Rainbow Child.,543524,RAINBOW,Healthcare Services,575,433,-0.2797,142,HOLDZONE
1741,Rajesh Exports,531500,RAJESHEXPO,Consumer Durables,1317,858,-0.1885,459,HOLDZONE
1742,Rajoo Engineers,522257,RAJOOENG,Industrial Manufacturing,897,618,-0.3666,279,HOLDZONE
1743,Rallis India,500355,RALLIS,Fertilizers & Agrochemicals,2122,2187,0.3037,-65,SELLZONE
1744,Ramkrishna Forg.,532527,RKFORGE,Auto Components,1127,1377,0.0606,-250,NO ACTION
1745,Ravindra Energy,504341,RELTD,Electrical Equipment,165,299,-0.4034,-134,TRIMZONE
1746,REC Ltd,532955,RECLTD,Finance,817,1347,-0.4932,-530,TRIMZONE
1747,Relaxo Footwear,530517,RELAXO,Consumer Durables,1241,1188,-0.4383,53,HOLDZONE
1748,Rhetan TMT Ltd,543590,RHETAN,Industrial Products,291,,-0.8801,,
1749,Royal Orch.Hotel,532699,ROHLTD,Leisure Services,2100,1909,0.1851,191,BUYZONE
1750,S H Kelkar & Co.,539450,SHK,Chemicals & Petrochemicals,1300,1272,-0.6215,28,HOLDZONE
1751,S P I C,590030,SPIC,Fertilizers & Agrochemicals,1376,938,-0.511,438,HOLDZONE
1752,Saatvik Green,544526,SAATVIKGL,Electrical Equipment,2051,2074,6.1077,-23,SELLZONE
1753,Sadhana Nitro,506642,SADHNANIQ,Chemicals & Petrochemicals,2339,2254,-0.5738,85,HOLDZONE
1754,Sagar Cements,502090,SAGCEM,Cement & Cement Products,2187,,-0.2182,,
1755,Sandur Manganese,504918,SANDUMA,Consumable Fuels,379,2040,-0.2709,-1661,TRIMZONE
1756,Sanghvi Movers,530073,SANGHVIMOV,Commercial Services & Supplies,232,338,0.8397,-106,SELLZONE
1757,Sapphire Foods,543397,SAPPHIRE,Leisure Services,217,2120,-0.9044,-1903,TRIMZONE
1758,Sarda Energy,504614,SARDAEN,Ferrous Metals,1639,498,-0.4898,1141,HOLDZONE
1759,Saregama India,532163,SAREGAMA,Entertainment,812,2293,4.7774,-1481,SELLZONE
1760,Sarveshwar Foods,543688,SARVESHWAR,Agricultural Food & other Products,2167,1425,-0.2973,742,HOLDZONE
1761,Scoda Tubes,544411,SCODATUBES,Industrial Products,1074,234,0.6776,840,BUYZONE
1762,Senco Gold,543936,SENCO,Consumer Durables,493,250,0.0723,243,BUYZONE
1763,Sh. Digvijay Cem,502180,SHREDIGCEM,Cement & Cement Products,487,920,-0.8391,-433,TRIMZONE
1764,Shanti Educat.,539921,BOM:539921,Other Consumer Services,1313,506,0.7628,807,BUYZONE
1765,Shilchar Tech.,531201,BOM:531201,Electrical Equipment,1099,613,-0.7008,486,HOLDZONE
1766,Shriram Properti,543419,SHRIRAMPPS,Realty,192,513,-0.7494,-321,TRIMZONE
1767,Siemens,500550,SIEMENS,Electrical Equipment,1527,1524,0.7923,3,BUYZONE
1768,SJVN,533206,SJVN,Power,1817,1979,-0.3367,-162,TRIMZONE
1769,SKF India,500472,SKFINDIA,Industrial Products,2228,1946,1.0441,282,BUYZONE
1770,Skipper,538562,SKIPPER,Electrical Equipment,675,411,0.7033,264,BUYZONE
1771,Solarworld Ene.,544532,SOLARWORLD,Construction,573,1837,-0.7043,-1264,TRIMZONE
1772,Som Distilleries,507514,SDBL,Beverages,802,1637,-0.7868,-835,TRIMZONE
1773,SPML Infra,500402,SPMLINFRA,Construction,1077,1078,-0.1299,-1,NO ACTION
1774,Steel Str. Wheel,513262,SSWL,Auto Components,261,793,-0.648,-532,TRIMZONE
1775,Sterlite Tech.,532374,STLTECH,Telecom - Equipment & Accessories,420,1820,1.0102,-1400,SELLZONE
1776,STL Networks,544395,STLNETWORK,Telecom - Services,2177,996,-0.3778,1181,HOLDZONE
1777,Sun TV Network,532733,SUNTV,Entertainment,1246,1144,-0.4911,102,HOLDZONE
1778,Sunflag Iron,500404,SUNFLAG,Industrial Products,362,1016,0.0855,-654,NO ACTION
1779,Supreme Inds.,509930,SUPREMEIND,Industrial Products,2300,1648,-0.6194,652,HOLDZONE
1780,Surya Roshni,500336,SURYAROSNI,Industrial Products,392,129,-0.134,263,HOLDZONE
1781,Suven Life Scie.,530239,SUVEN,Healthcare Services,2042,1748,1.1178,294,BUYZONE
1782,Syrma SGS Tech.,543573,SYRMA,Industrial Manufacturing,583,500,-0.2329,83,HOLDZONE
1783,Tanfac Inds.,506854,BOM:506854,Chemicals & Petrochemicals,1945,235,0.4363,1710,BUYZONE
1784,Tanla Platforms,532790,TANLA,IT - Software,1986,1267,-0.1872,719,HOLDZONE
1785,Tata Tele. Mah.,532371,TTML,Telecom - Services,1762,980,-0.4301,782,HOLDZONE
1786,Tega Inds.,543413,TEGA,Industrial Manufacturing,963,756,0.1879,207,BUYZONE
1787,Texmaco Rail,533326,TEXRAIL,Industrial Manufacturing,940,1560,-0.7415,-620,TRIMZONE
1788,The Anup Enginee,542460,ANUP,Industrial Manufacturing,1532,760,-0.0337,772,HOLDZONE
1789,Thyrocare Tech.,539871,THYROCARE,Healthcare Services,159,254,0.6978,-95,SELLZONE
1790,TruAlt Bioenergy,544545,TRUALT,Agricultural Food & other Products,2090,2206,-0.5056,-116,TRIMZONE
1791,TVS Supply,543965,TVSSCS,Transport Services,396,675,-0.3559,-279,TRIMZONE
1792,UCO Bank,532505,UCOBANK,Banks,389,614,0.0383,-225,NO ACTION
1793,Ugro Capital,511742,UGROCAP,Finance,1076,1312,-0.2215,-236,TRIMZONE
1794,UltraTech Cem.,532538,ULTRACEMCO,Cement & Cement Products,1535,1064,-0.5957,471,HOLDZONE
1795,Universal Cables,504212,UNIVCABLES,Industrial Products,248,557,0.3789,-309,SELLZONE
1796,Uno Minda,532539,UNOMINDA,Auto Components,894,702,1.6482,192,BUYZONE
1797,Updater Services,543996,UDS,Commercial Services & Supplies,604,2312,0.5395,-1708,SELLZONE
1798,Urban Company,544515,URBANCO,Retailing,789,2071,-0.4194,-1282,TRIMZONE
1799,V-Mart Retail,534976,VMART,Retailing,2017,1770,-0.3876,247,HOLDZONE
1800,V2 Retail,532867,V2RETAIL,Retailing,1016,1719,1.6726,-703,SELLZONE
1801,Varroc Engineer,541578,VARROC,Auto Components,1133,313,0.3321,820,BUYZONE
1802,Varun Beverages,540180,VBL,Beverages,195,480,-0.7323,-285,TRIMZONE
1803,Vertoz,,VERTOZ,Media,1752,491,-0.6539,1261,HOLDZONE
1804,Vesuvius India,520113,VESUVIUS,Industrial Products,1141,881,1.0537,260,BUYZONE
1805,VST Till. Tract.,531266,VSTTILLERS,"Agricultural, Commercial & Construction Vehicles",141,300,0.81,-159,SELLZONE
1806,Wanbury,524212,WANBURY,Pharmaceuticals & Biotechnology,,803,0.8118,,
1807,Western Carriers,544258,WCIL,Transport Services,467,828,-0.6606,-361,TRIMZONE
1808,Wonderla Holiday,538268,WONDERLA,Leisure Services,1781,1221,2.0702,560,BUYZONE
1809,WPIL,505872,BOM:505872,Industrial Manufacturing,,898,1.6751,,
1810,Yatharth Hospit.,543950,YATHARTH,Healthcare Services,1983,1469,1.195,514,BUYZONE
1811,Zee Entertainmen,505537,ZEEL,Entertainment,2214,1757,-0.5506,457,HOLDZONE
1812,Zee Media,532794,ZEEMEDIA,Entertainment,1911,1667,-0.2555,244,HOLDZONE
1813,Zen Technologies,533339,ZENTEC,Aerospace & Defense,1769,1060,-0.2033,709,HOLDZONE
1814,Zota Health Care,,ZOTA,Pharmaceuticals & Biotechnology,424,413,-0.1863,11,HOLDZONE
1815,Star Health Insu,543412,STARHEALTH,Insurance,1806,1276,-0.5505,530,HOLDZONE
1816,Afcom Holdings,544224,BOM:544224,Transport Services,1694,1921,1.6978,-227,SELLZONE
1817,Agarwal Indl.,531921,AGARIND,Chemicals & Petrochemicals,2142,,-0.7309,,
1818,Amara Raja Ener.,500008,ARE&M,Auto Components,624,1287,0.5107,-663,SELLZONE
1819,Antony Waste han,543254,AWHCL,Other Utilities,511,1639,-0.2131,-1128,TRIMZONE
1820,Bajaj Finserv,532978,BAJAJFINSV,Finance,1083,1045,0.0925,38,BUYZONE
1821,C D S L,,CDSL,Capital Markets,999,805,1.5755,194,BUYZONE
1822,Can Fin Homes,511196,CANFINHOME,Finance,178,263,-0.5313,-85,TRIMZONE
1823,Ceigall India,544223,CEIGALL,Construction,1414,1172,-0.5923,242,HOLDZONE
1824,Cipla,500087,CIPLA,Pharmaceuticals & Biotechnology,1985,1493,-0.8561,492,HOLDZONE
1825,Coromandel Inter,506395,COROMANDEL,Fertilizers & Agrochemicals,1225,764,-0.9201,461,HOLDZONE
1826,Cyient,532175,CYIENT,IT - Services,1455,2049,2.3988,-594,SELLZONE
1827,Dodla Dairy,543306,DODLA,Food Products,899,2191,-0.6417,-1292,TRIMZONE
1828,Dreamfolks Servi,543591,DREAMFOLKS,Transport Infrastructure,1183,2095,-0.1554,-912,TRIMZONE
1829,EFC (I),512008,EFCIL,Commercial Services & Supplies,1375,1908,0.1808,-533,SELLZONE
1830,Electrost.Cast.,500128,ELECTCAST,Industrial Products,1697,1965,0.1207,-268,SELLZONE
1831,Engineers India,532178,ENGINERSIN,Construction,538,1426,-0.7795,-888,TRIMZONE
1832,Epack Durable,544095,EPACK,Consumer Durables,775,2325,-0.0066,-1550,NO ACTION
1833,Epigral,543332,EPIGRAL,Chemicals & Petrochemicals,1704,1615,-0.4241,89,HOLDZONE
1834,Filatex India,526227,FILATEX,Textiles & Apparels,77,652,-0.4037,-575,TRIMZONE
1835,Fine Organic,541557,FINEORG,Chemicals & Petrochemicals,1982,1580,-0.3945,402,HOLDZONE
1836,General Insuranc,540755,GICRE,Insurance,1552,1010,0.582,542,BUYZONE
1837,Godrej Agrovet,540743,GODREJAGRO,Food Products,1200,2288,2.6926,-1088,SELLZONE
1838,HDB FINANC SER,544429,HDBFS,Finance,1296,1590,0.0121,-294,NO ACTION
1839,HDFC Bank,500180,HDFCBANK,Banks,1186,1107,-0.4477,79,HOLDZONE
1840,Hind.Oil Explor.,500186,HINDOILEXP,Oil,2231,2058,-0.5013,173,HOLDZONE
1841,ICICI Bank,532174,ICICIBANK,Banks,1917,1444,-0.4257,473,HOLDZONE
1842,Info Edg.(India),532777,NAUKRI,Retailing,505,1375,0.0292,-870,NO ACTION
1843,Interglobe Aviat,539448,INDIGO,Transport Services,1707,1390,-0.4393,317,HOLDZONE
1844,Jai Balaji Inds.,532976,JAIBALAJI,Ferrous Metals,1616,2144,0.1219,-528,SELLZONE
1845,JTL Industries,534600,JTLIND,Industrial Products,1594,2330,0.3899,-736,SELLZONE
1846,Jubilant Food.,533155,JUBLFOOD,Leisure Services,410,1762,0.5422,-1352,SELLZONE
1847,Kaveri Seed Co.,532899,KSCL,Agricultural Food & other Products,1970,1605,0.8103,365,BUYZONE
1848,KNR Construct.,532942,KNRCON,Construction,2093,1781,-0.5553,312,HOLDZONE
1849,LIC Housing Fin.,500253,LICHSGFIN,Finance,1514,681,-0.8985,833,HOLDZONE
1850,Lloyds Metals,512455,LLOYDSME,Minerals & Mining,1716,815,-0.3515,901,HOLDZONE
1851,Mahindra Logis.,540768,MAHLOG,Transport Services,356,1490,-0.5809,-1134,TRIMZONE
1852,Mankind Pharma,543904,MANKIND,Pharmaceuticals & Biotechnology,1411,2175,1.5218,-764,SELLZONE
1853,Manomay Tex Indi,540396,MANOMAY,Textiles & Apparels,,,0.1989,,
1854,Natl. Aluminium,532234,NATIONALUM,Non - Ferrous Metals,374,407,0.247,-33,SELLZONE
1855,NESCO,505355,NESCO,Commercial Services & Supplies,742,653,15.4607,89,BUYZONE
1856,NOCIL,500730,NOCIL,Chemicals & Petrochemicals,881,1962,-0.7097,-1081,TRIMZONE
1857,NTPC Green Ene.,544289,NTPCGREEN,Power,294,1577,-0.5004,-1283,TRIMZONE
1858,P & G Health Ltd,500126,PGHL,Pharmaceuticals & Biotechnology,1244,1970,2.9682,-726,SELLZONE
1859,Patanjali Foods,500368,PATANJALI,Agricultural Food & other Products,341,1655,-0.6389,-1314,TRIMZONE
1860,Patel Retail,544487,PATELRMART,Retailing,1699,1914,0.3652,-215,SELLZONE
1861,Pavna Industries,543915,PAVNAIND,Auto Components,690,,-0.8392,,
1862,PCBL Chemical,506590,PCBL,Chemicals & Petrochemicals,1302,1615,-0.2908,-313,TRIMZONE
1863,Quality Power El,544367,QPOWER,Electrical Equipment,930,1358,1.5808,-428,SELLZONE
1864,Redington,532805,REDINGTON,Commercial Services & Supplies,2218,72,24.0136,2146,BUYZONE
1865,Rolex Rings,543325,ROLEXRINGS,Auto Components,2224,2244,0.1865,-20,SELLZONE
1866,Rossell Techsys,544294,ROSSTECH,Aerospace & Defense,1692,147,0.7663,1545,BUYZONE
1867,S A I L,500113,SAIL,Ferrous Metals,1937,,-1,,
1868,Shree Refrigerat,544458,BOM:544458,Industrial Manufacturing,2296,2252,-0.4272,44,HOLDZONE
1869,SignatureGlobal,543990,SIGNATURE,Realty,780,1538,-0.1087,-758,NO ACTION
1870,Sri Lotus,544469,LOTUSDEV,Realty,1268,1840,-0.4617,-572,TRIMZONE
1871,Swaraj Engines,500407,SWARAJENG,Industrial Products,1518,1469,0.5127,49,BUYZONE
1872,Syncom Formul.,524470,SYNCOMF,Pharmaceuticals & Biotechnology,1292,1546,0.1217,-254,SELLZONE
1873,TajGVK Hotels,532390,TAJGVK,Leisure Services,697,980,1.0841,-283,SELLZONE
1874,Talbros Auto.,505160,TALBROAUTO,Auto Components,902,1156,-0.3367,-254,TRIMZONE
1875,Tolins Tyres,544254,TOLINS,Auto Components,82,515,-0.2865,-433,TRIMZONE
1876,Torrent Pharma.,500420,TORNTPHARM,Pharmaceuticals & Biotechnology,972,509,-0.5284,463,HOLDZONE
1877,United Foodbrands,543283,UFBL,Leisure Services,2189,2108,0.4199,81,BUYZONE
1878,Vishnu Prakash R,543974,VPRPL,Construction,1546,1939,-0.0593,-393,NO ACTION
1879,Websol Energy,517498,WEBELSOLAR,Electrical Equipment,498,109,2.0725,389,BUYZONE
1880,Wheels India,590073,WHEELS,Auto Components,1148,1035,0.276,113,BUYZONE
1881,Zydus Wellness,531335,ZYDUSWELL,Food Products,382,2146,-0.3328,-1764,TRIMZONE
1882,ACME Solar Hold.,544283,ACMESOLAR,Power,500,1998,0.0681,-1498,NO ACTION
1883,Adani Enterp.,512599,ADANIENT,Metals & Minerals Trading,1359,2057,0.9894,-698,SELLZONE
1884,Aditya Infotech,544466,CPPLUS,Industrial Manufacturing,1999,62,3.7362,1937,BUYZONE
1885,Aether Industri.,543534,AETHER,Chemicals & Petrochemicals,1868,1500,-0.4166,368,HOLDZONE
1886,Affle 3i,542752,AFFLE,IT - Services,848,2244,1.132,-1396,SELLZONE
1887,Ajax Engineering,544356,AJAXENGG,"Agricultural, Commercial & Construction Vehicles",1642,1825,0.0675,-183,NO ACTION
1888,Alkyl Amines,506767,ALKYLAMINE,Chemicals & Petrochemicals,1205,2064,0.1197,-859,SELLZONE
1889,Andhra Sugars,590062,ANDHRSUGAR,Chemicals & Petrochemicals,,297,9.2431,,
1890,Apollo Hospitals,508869,APOLLOHOSP,Healthcare Services,1508,1297,0.9364,211,BUYZONE
1891,Aptus Value Hou.,543335,APTUS,Finance,1673,2199,0.2249,-526,SELLZONE
1892,Arvind Ltd,500101,ARVIND,Textiles & Apparels,449,321,13.154,128,BUYZONE
1893,Arvind SmartSp.,539301,ARVSMART,Realty,403,1356,1.0374,-953,SELLZONE
1894,Asahi India Glas,515030,ASAHIINDIA,Auto Components,1154,713,-0.0023,441,HOLDZONE
1895,Authum Invest,539177,AIIL,Finance,2289,2129,-0.1834,160,HOLDZONE
1896,AWFIS Space,544181,AWFIS,Commercial Services & Supplies,1482,1001,-0.5827,481,HOLDZONE
1897,Azad Engineering,544061,AZAD,Electrical Equipment,442,1797,-0.1598,-1355,TRIMZONE
1898,Bajaj Auto,532977,BAJAJ-AUTO,Automobiles,1828,1694,-0.0952,134,HOLDZONE
1899,Bajaj Electrical,500031,BAJAJELEC,Consumer Durables,1654,1823,-0.8061,-169,TRIMZONE
1900,Balrampur Chini,500038,BALRAMCHIN,Agricultural Food & other Products,1145,2137,2.0864,-992,SELLZONE
1901,Bandhan Bank,541153,BANDHANBNK,Banks,658,1858,0.5232,-1200,SELLZONE
1902,Bansal Wire Inds,544209,BANSALWIRE,Industrial Products,1881,542,0.1364,1339,BUYZONE
1903,Belrise Industri,544405,BELRISE,Auto Components,1665,914,0.0809,751,BUYZONE
1904,BEML Ltd,500048,BEML,"Agricultural, Commercial & Construction Vehicles",1168,2300,-0.6098,-1132,TRIMZONE
1905,BGR Energy Sys.,532930,BGRENERGY,Construction,774,1945,-0.7386,-1171,TRIMZONE
1906,Bharti Airtel,532454,BHARTIARTL,Telecom - Services,394,1143,13.8683,-749,SELLZONE
1907,Bharti Hexacom,544162,BHARTIHEXA,Telecom - Services,299,1634,-0.4826,-1335,TRIMZONE
1908,Blackbuck,544288,BLACKBUCK,Transport Services,1128,1286,-0.3516,-158,TRIMZONE
1909,Blue Jet Health,544009,BLUEJET,Pharmaceuticals & Biotechnology,1676,2326,4.6574,-650,SELLZONE
1910,Blue Star,500067,BLUESTARCO,Consumer Durables,1644,2313,1.7728,-669,SELLZONE
1911,Bosch,500530,BOSCHLTD,Auto Components,2169,1675,-0.577,494,HOLDZONE
1912,BSE,,BSE,Capital Markets,1525,112,5.9295,1413,BUYZONE
1913,Caplin Point Lab,524742,CAPLIPOINT,Pharmaceuticals & Biotechnology,862,1794,3.7283,-932,SELLZONE
1914,Carborundum Uni.,513375,CARBORUNIV,Industrial Products,722,377,-0.24,345,HOLDZONE
1915,Castrol India,500870,CASTROLIND,Petroleum Products,1888,1727,-0.3154,161,HOLDZONE
1916,CMS Info Systems,543441,CMSINFO,Commercial Services & Supplies,1097,2222,-0.2911,-1125,TRIMZONE
1917,Coal India,533278,COALINDIA,Consumable Fuels,1556,1815,-0.7721,-259,TRIMZONE
1918,Cohance Life,543064,COHANCE,Pharmaceuticals & Biotechnology,2331,2303,-0.8764,28,HOLDZONE
1919,DDev Plastiks,543547,DDEVPLSTIK,Chemicals & Petrochemicals,1952,1999,0.5499,-47,SELLZONE
1920,Devyani Intl.,543330,DEVYANI,Leisure Services,636,2291,0.3818,-1655,SELLZONE
1921,Dhanuka Agritech,507717,DHANUKA,Fertilizers & Agrochemicals,633,2226,-0.5096,-1593,TRIMZONE
1922,DLF,532868,DLF,Realty,677,1077,-0.188,-400,TRIMZONE
1923,Dolat Algotech,505526,DOLATALGO,Capital Markets,1642,,-0.6264,,
1924,Eimco Elecon(I),523708,EIMCOELECO,Industrial Manufacturing,764,2210,-0.1127,-1446,NO ACTION
1925,Emami,531162,EMAMILTD,Personal Products,1569,2009,-0.1318,-440,NO ACTION
1926,EMS,543983,EMSLIMITED,Other Utilities,1516,1986,4.4141,-470,SELLZONE
1927,eMudhra,543533,EMUDHRA,IT - Services,1458,1362,2.2717,96,BUYZONE
1928,Endurance Tech.,540153,ENDURANCE,Auto Components,1889,830,-0.178,1059,HOLDZONE
1929,Frog Cellsat,,FROG,Telecom - Equipment & Accessories,1669,,-1,,
1930,G N F C,500670,GNFC,Chemicals & Petrochemicals,522,1319,-0.4118,-797,TRIMZONE
1931,G R Infraproject,543317,GRINFRA,Construction,,1555,0.5651,,
1932,Gillette India,507815,GILLETTE,Personal Products,2054,2230,-0.3069,-176,TRIMZONE
1933,Global Health,543654,MEDANTA,Healthcare Services,856,2182,0.9919,-1326,SELLZONE
1934,GMR Urban,543490,GMRP&UI,Power,837,630,2.8004,207,BUYZONE
1935,Godfrey Phillips,500163,GODFRYPHLP,Cigarettes & Tobacco Products,1903,1800,0.0283,103,BUYZONE
1936,HDFC AMC,541729,HDFCAMC,Capital Markets,2150,1201,-0.5346,949,HOLDZONE
1937,Hero Motocorp,500182,HEROMOTOCO,Automobiles,1550,1968,-0.1508,-418,TRIMZONE
1938,Hexaware Tech.,544362,HEXT,IT - Software,1965,1858,0.5294,107,BUYZONE
1939,Himatsing. Seide,514043,HIMATSEIDE,Textiles & Apparels,398,1632,0.5299,-1234,SELLZONE
1940,Home First Finan,543259,HOMEFIRST,Finance,1573,2118,0.8924,-545,SELLZONE
1941,Honeywell Auto,517174,HONAUT,Industrial Manufacturing,932,1097,3.7106,-165,SELLZONE
1942,IDBI Bank,500116,IDBI,Banks,224,545,-0.3171,-321,TRIMZONE
1943,IDFC First Bank,539437,IDFCFIRSTB,Banks,319,317,0.1989,2,BUYZONE
1944,Imagica. Enter.,539056,IMAGICAA,Leisure Services,1663,1697,1.2966,-34,SELLZONE
1945,Indian Hotels Co,500850,INDHOTEL,Leisure Services,591,2175,3.3625,-1584,SELLZONE
1946,Indiqube Spaces,544454,INDIQUBE,Commercial Services & Supplies,,2166,2.6364,,
1947,Ingersoll-Rand,500210,INGERRAND,Industrial Products,,1169,0.5873,,
1948,Intl. Conveyors,509709,INTLCONV,Industrial Manufacturing,2044,1622,0.7726,422,BUYZONE
1949,J B Chemicals &,506943,JBCHEPHARM,Pharmaceuticals & Biotechnology,1009,469,-0.616,540,HOLDZONE
1950,J K Cements,532644,JKCEMENT,Cement & Cement Products,1998,2317,-0.4446,-319,TRIMZONE
1951,JSW Holdings,532642,JSWHL,Finance,1845,582,4.4627,1263,BUYZONE
1952,Just Dial,535648,JUSTDIAL,Retailing,1725,1881,-0.2046,-156,TRIMZONE
1953,Jyoti Structures,513250,JYOTISTRUC,Electrical Equipment,2219,2347,4.3271,-128,SELLZONE
1954,Kajaria Ceramics,500233,KAJARIACER,Consumer Durables,1574,2233,1.0584,-659,SELLZONE
1955,Kansai Nerolac,500165,KANSAINER,Consumer Durables,1577,1350,-0.6445,227,HOLDZONE
1956,Karnataka Bank,532652,KTKBANK,Banks,695,391,-0.5071,304,HOLDZONE
1957,Khaitan Chemical,507794,KHAICHEM,Fertilizers & Agrochemicals,2329,1914,-0.8768,415,HOLDZONE
1958,Kiri Industries,532967,KIRIINDUS,Chemicals & Petrochemicals,2229,1510,0.877,719,BUYZONE
1959,Kirl.Pneumatic,505283,KIRLPNU,Industrial Products,2117,2165,0.0393,-48,NO ACTION
1960,Kolte Patil Dev.,532924,KOLTEPATIL,Realty,1623,1775,0.4865,-152,SELLZONE
1961,L T Foods,532783,LTFOODS,Agricultural Food & other Products,1409,1817,-0.445,-408,TRIMZONE
1962,Larsen & Toubro,500510,LT,Construction,345,1146,-0.7772,-801,TRIMZONE
1963,Le Travenues,544192,IXIGO,Leisure Services,2333,1699,-0.8361,634,HOLDZONE
1964,Lords Chloro,500284,LORDSCHLO,Chemicals & Petrochemicals,1659,,-0.42,,
1965,Lux Industries,539542,LUXIND,Textiles & Apparels,1695,1746,-0.3397,-51,TRIMZONE
1966,M & B Engineer.,544470,MBEL,Construction,587,70,19.687,517,BUYZONE
1967,M & M,500520,M&M,Automobiles,1866,379,-0.1977,1487,HOLDZONE
1968,Mah. Scooters,500266,MAHSCOOTER,Finance,2318,2201,-0.844,117,HOLDZONE
1969,Man Industries,513269,MANINDS,Industrial Products,213,2010,-0.3807,-1797,TRIMZONE
1970,Manappuram Fin.,531213,MANAPPURAM,Finance,2072,1213,-0.2313,859,HOLDZONE
1971,Mangalam Cement,502157,MANGLMCEM,Cement & Cement Products,915,896,-0.0545,19,HOLDZONE
1972,Maruti Suzuki,532500,MARUTI,Automobiles,1581,2035,-0.2656,-454,TRIMZONE
1973,Max Healthcare,543220,MAXHEALTH,Healthcare Services,1471,1865,-0.1454,-394,NO ACTION
1974,Mazagon Dock,543237,MAZDOCK,Industrial Manufacturing,2112,1874,-0.0899,238,HOLDZONE
1975,Medicamen Biotec,531146,MEDICAMEQ,Pharmaceuticals & Biotechnology,136,44,0.9421,92,BUYZONE
1976,Mold-Tek Technol,526263,MOLDTECH,Construction,,,0.2709,,
1977,N S D L,544467,BOM:544467,Capital Markets,1299,2262,-0.0802,-963,NO ACTION
1978,Netweb Technol.,543945,NETWEB,IT - Services,256,2246,-0.1828,-1990,TRIMZONE
1979,Nitco,532722,NITCO,Consumer Durables,1353,2335,2.9488,-982,SELLZONE
1980,NTPC,532555,NTPC,Power,716,1828,-0.1207,-1112,NO ACTION
1981,One Mobikwik,544305,MOBIKWIK,Financial Technology (Fintech),1961,2207,-0.3218,-246,TRIMZONE
1982,Oriental Hotels,500314,ORIENTHOT,Leisure Services,1973,1587,-0.4638,386,HOLDZONE
1983,Page Industries,532827,PAGEIND,Textiles & Apparels,1556,1740,-0.3947,-184,TRIMZONE
1984,Piramal Pharma,543635,PPLPHARMA,Pharmaceuticals & Biotechnology,938,742,-0.004,196,HOLDZONE
1985,Power Grid Corpn,532898,POWERGRID,Power,994,2143,-0.1898,-1149,TRIMZONE
1986,Prism Johnson,500338,PRSMJOHNSN,Cement & Cement Products,782,1764,7.3956,-982,SELLZONE
1987,Prudent Corp.,543527,PRUDENT,Capital Markets,2025,757,0.6438,1268,BUYZONE
1988,PTC India,532524,PTC,Power,1908,,-1,,
1989,Punjab Chemicals,506618,PUNJABCHEM,Fertilizers & Agrochemicals,117,2188,-0.5527,-2071,TRIMZONE
1990,Quadrant Future,544336,QUADFUTURE,Industrial Products,2101,2237,1.5017,-136,SELLZONE
1991,Quick Heal Tech,539678,QUICKHEAL,IT - Software,1686,1660,-0.1863,26,HOLDZONE
1992,Ramco Systems,532370,RAMCOSYS,IT - Software,162,345,-0.1471,-183,NO ACTION
1993,Ratnaveer Precis,543978,RATNAVEER,Industrial Products,1997,772,-0.3982,1225,HOLDZONE
1994,Reliance Power,532939,RPOWER,Power,824,2313,-0.3495,-1489,TRIMZONE
1995,Religare Enterp.,532915,RELIGARE,Finance,1293,1205,0.4264,88,BUYZONE
1996,RIR Power Electr,517035,BOM:517035,Electrical Equipment,2282,2287,-0.736,-5,
1997,Route Mobile,543228,ROUTE,Telecom - Services,1878,1661,-0.6657,217,HOLDZONE
1998,S P Apparels,540048,SPAL,Textiles & Apparels,201,1938,0.1846,-1737,SELLZONE
1999,Safari Inds.,523025,SAFARI,Consumer Durables,1465,,-0.352,,
2000,Salzer Electron.,517059,SALZERELEC,Electrical Equipment,736,2331,0.0029,-1595,NO ACTION
2001,SEPC,532945,SEPC,Construction,1868,1657,0.5487,211,BUYZONE
2002,Servotech Renew,,SERVOTECH,Electrical Equipment,2034,2215,0.5168,-181,SELLZONE
2003,Sh.Pushkar Chem.,539334,SHREEPUSHK,Chemicals & Petrochemicals,601,1130,0.5379,-529,SELLZONE
2004,Shivalik Bimetal,513097,SBCL,Industrial Products,1495,243,0.69,1252,BUYZONE
2005,Shyam Metalics,543299,SHYAMMETL,Industrial Products,1622,1681,14.1062,-59,SELLZONE
2006,Sirca Paints,543686,SIRCA,Consumer Durables,328,588,-0.0412,-260,NO ACTION
2007,Sky Gold & Diam.,541967,SKYGOLD,Consumer Durables,909,1199,-0.7646,-290,TRIMZONE
2008,Solar Industries,532725,SOLARINDS,Chemicals & Petrochemicals,1721,1752,-0.1018,-31,NO ACTION
2009,Steel Exchange,534748,STEELXIND,Industrial Products,,2276,0.3088,,
2010,Sundaram Finance,590071,SUNDARMFIN,Finance,1035,187,-0.501,848,HOLDZONE
2011,Suyog Telematics,537259,SUYOG,Telecom - Services,,,-0.2329,,
2012,Swiggy,544285,SWIGGY,Retailing,2089,1828,-0.0514,261,HOLDZONE
2013,Systematix Corp.,526506,SYSTMTXC,Capital Markets,352,798,-0.2712,-446,TRIMZONE
2014,T R I L,532928,TARIL,Electrical Equipment,2283,2342,0.8379,-59,SELLZONE
2015,Tata Consumer,500800,TATACONSUM,Agricultural Food & other Products,567,735,0.1158,-168,SELLZONE
2016,TBO Tek,544174,TBOTEK,Leisure Services,2192,474,0.2481,1718,BUYZONE
2017,Thermax,500411,THERMAX,Electrical Equipment,984,854,-0.3522,130,HOLDZONE
2018,Timex Group,500414,BOM:500414,Consumer Durables,970,90,18.723,880,BUYZONE
2019,Torrent Power,532779,TORNTPOWER,Power,1056,1619,-0.1271,-563,NO ACTION
2020,Tsf Investments,,TSFINV,Finance,561,2238,-0.0056,-1677,NO ACTION
2021,TTK Prestige,517506,TTKPRESTIG,Consumer Durables,187,369,-0.8646,-182,TRIMZONE
2022,Tube Investments,540762,TIINDIA,Auto Components,2097,1683,-0.5595,414,HOLDZONE
2023,TVS Motor Co.,532343,TVSMOTOR,Automobiles,1967,1680,-0.3972,287,HOLDZONE
2024,UTI AMC,543238,UTIAMC,Capital Markets,2270,2154,-0.7391,116,HOLDZONE
2025,Yatra Online,543992,YATRA,Leisure Services,2323,2010,-0.4128,313,HOLDZONE
2026,Zensar Tech.,504067,ZENSARTECH,IT - Software,996,2327,1.6382,-1331,SELLZONE
2027,Texmaco Infrast.,505400,TEXINFRA,Commercial Services & Supplies,113,616,-0.378,-503,TRIMZONE
2028,Motil.Oswal.Fin.,532892,MOTILALOFS,Capital Markets,860,823,-0.6766,37,HOLDZONE
2029,Borosil Renew.,502219,BORORENEW,Industrial Products,854,352,-0.1411,502,HOLDZONE
2030,Fabtech Tech.,544558,FABTECH,Healthcare Services,30,44,0.7898,-14,SELLZONE
2031,360 ONE,542772,360ONE,Capital Markets,1836,1934,1.1191,-98,SELLZONE
2032,5paisa Capital,540776,5PAISA,Capital Markets,1609,1579,-0.3783,30,HOLDZONE
2033,AAVAS Financiers,541988,AAVAS,Finance,666,1932,-0.0987,-1266,NO ACTION
2034,Abbott India,500488,ABBOTINDIA,Pharmaceuticals & Biotechnology,1746,1264,0.1942,482,BUYZONE
2035,Adani Power,533096,ADANIPOWER,Power,1489,2104,-0.6082,-615,TRIMZONE
2036,Aditya AMC,543374,ABSLAMC,Capital Markets,2276,1802,-0.6851,474,HOLDZONE
2037,Ador Welding,517041,ADOR,Industrial Products,1208,2190,-0.3089,-982,TRIMZONE
2038,Advait Energy,543230,BOM:543230,Industrial Products,1406,1658,0.6179,-252,SELLZONE
2039,Advance Agrolife,544562,ADVANCE,Fertilizers & Agrochemicals,608,690,0.38,-82,SELLZONE
2040,Aegis Logistics,500003,AEGISLOG,Gas,2141,1224,2.555,917,BUYZONE
2041,Aegis Vopak Term,544407,AEGISVOPAK,Oil,1879,2205,1.0481,-326,SELLZONE
2042,AIA Engineering,532683,AIAENG,Industrial Products,1584,1163,2.3068,421,BUYZONE
2043,Airfloa Rail,544516,BOM:544516,Industrial Manufacturing,1656,1928,-0.602,-272,TRIMZONE
2044,Alicon Cast.,531147,ALICON,Auto Components,92,619,-0.7479,-527,TRIMZONE
2045,Allied Digital,532875,ADSL,IT - Services,2038,2054,0.3922,-16,SELLZONE
2046,Amber Enterp.,540902,AMBER,Consumer Durables,2034,2328,5.9814,-294,SELLZONE
2047,Angel One,543235,ANGELONE,Capital Markets,799,314,1.65,485,BUYZONE
2048,Antelopus Selan,530075,ANTELOPUS,Oil,250,,-0.5357,,
2049,Anupam Rasayan,543275,ANURAS,Chemicals & Petrochemicals,1024,666,-0.8018,358,HOLDZONE
2050,Apar Inds.,532259,APARINDS,Electrical Equipment,153,1730,-0.7466,-1577,TRIMZONE
2051,Arihant Capital,511605,ARIHANTCAP,Capital Markets,831,558,-0.446,273,HOLDZONE
2052,Arrow Greentech,516064,ARROWGREEN,Industrial Products,603,1421,0.0336,-818,NO ACTION
2053,Artemis Medicare,542919,ARTEMISMED,Healthcare Services,320,991,-0.7592,-671,TRIMZONE
2054,Ashok Leyland,500477,ASHOKLEY,"Agricultural, Commercial & Construction Vehicles",367,400,-0.7493,-33,TRIMZONE
2055,Aster DM Health.,540975,ASTERDM,Healthcare Services,1477,866,1.1045,611,BUYZONE
2056,Atul Auto,531795,ATULAUTO,"Agricultural, Commercial & Construction Vehicles",1968,2256,1.3527,-288,SELLZONE
2057,Avanti Feeds,512573,AVANTIFEED,Food Products,714,918,-0.1332,-204,NO ACTION
2058,Avenue Super.,540376,DMART,Retailing,2043,1967,1.1915,76,BUYZONE
2059,Axis Bank,532215,AXISBANK,Banks,640,768,-0.4376,-128,TRIMZONE
2060,B.L.Kashyap,532719,BLKASHYAP,Construction,1934,1917,-0.18,17,HOLDZONE
2061,Bajaj Finance,500034,BAJFINANCE,Finance,1619,727,0.2864,892,BUYZONE
2062,Bajaj Hindusthan,500032,BAJAJHIND,Agricultural Food & other Products,905,1668,-0.1203,-763,NO ACTION
2063,Bajaj Holdings,500490,BAJAJHLDNG,Finance,1655,811,1.6747,844,BUYZONE
2064,Bajaj Steel Inds,507944,BOM:507944,Industrial Manufacturing,,,1.1276,,
2065,Bajel Projects,544042,BAJEL,Electrical Equipment,1467,1354,0.666,113,BUYZONE
2066,Bank of India,532149,BANKINDIA,Banks,144,105,-0.1824,39,HOLDZONE
2067,Bank of Maha,532525,MAHABANK,Banks,1073,394,-0.0415,679,HOLDZONE
2068,Bata India,500043,BATAINDIA,Consumer Durables,2294,2015,-0.9455,279,HOLDZONE
2069,Bayer Crop Sci.,506285,BAYERCROP,Fertilizers & Agrochemicals,1915,2218,-0.217,-303,TRIMZONE
2070,Berger Paints,509480,BERGEPAINT,Consumer Durables,1217,1397,0.05,-180,NO ACTION
2071,Bhansali Engg.,500052,BEPL,Chemicals & Petrochemicals,1013,1381,-0.7714,-368,TRIMZONE
2072,Bharat Forge,500493,BHARATFORG,Auto Components,230,444,-0.1739,-214,TRIMZONE
2073,Bharat Seats,523229,BHARATSE,Auto Components,1009,1960,1.7729,-951,SELLZONE
2074,Bharat Wire,539799,BHARATWIRE,Industrial Products,25,417,-0.6945,-392,TRIMZONE
2075,Birlasoft Ltd,532400,BSOFT,IT - Software,599,356,2.3596,243,BUYZONE
2076,Black Box,500463,BBOX,IT - Services,795,441,-0.971,354,HOLDZONE
2077,Bombay Burmah,501425,BBTC,Food Products,1422,2080,-0.2885,-658,TRIMZONE
2078,Bombay Dyeing,500020,BOMDYEING,Textiles & Apparels,2181,2196,0.1957,-15,SELLZONE
2079,Brigade Enterpr.,532929,BRIGADE,Realty,191,1598,-0.5818,-1407,TRIMZONE
2080,C.E. Info System,543425,MAPMYINDIA,IT - Software,933,1159,-0.6403,-226,TRIMZONE
2081,Campus Activewe.,543523,CAMPUS,Consumer Durables,1590,1919,-0.5101,-329,TRIMZONE
2082,Cams Services,543232,CAMS,Capital Markets,416,1602,-0.6852,-1186,TRIMZONE
2083,Cantabil Retail,533267,CANTABIL,Textiles & Apparels,181,567,-0.514,-386,TRIMZONE
2084,Capital Small,544120,CAPITALSFB,Banks,759,1595,-0.7118,-836,TRIMZONE
2085,Cello World,544012,CELLO,Consumer Durables,143,744,-0.1479,-601,NO ACTION
2086,Central Bank,532885,CENTRALBK,Banks,439,750,-0.1163,-311,NO ACTION
2087,Chemplast Sanmar,543336,CHEMPLASTS,Chemicals & Petrochemicals,263,,-0.6494,,
2088,Cholaman.Inv.&Fn,511243,CHOLAFIN,Finance,746,759,1.9737,-13,SELLZONE
2089,CIE Automotive,532756,CIEINDIA,Auto Components,400,607,-0.208,-207,TRIMZONE
2090,Cigniti Tech.,534758,CIGNITITEC,IT - Services,247,779,-0.358,-532,TRIMZONE
2091,Cochin Shipyard,540678,COCHINSHIP,Industrial Manufacturing,1677,2012,0.1313,-335,SELLZONE
2092,Coffee Day Enter,539436,COFFEEDAY,Leisure Services,2029,2294,1.1116,-265,SELLZONE
2093,Coforge,532541,COFORGE,IT - Software,314,1095,-0.3291,-781,TRIMZONE
2094,Colgate-Palmoliv,500830,COLPAL,Personal Products,1281,1825,-0.549,-544,TRIMZONE
2095,Container Corpn.,531344,CONCOR,Transport Services,473,1677,0.0059,-1204,NO ACTION
2096,CreditAcc. Gram.,541770,CREDITACC,Finance,169,1795,-0.789,-1626,TRIMZONE
2097,Crizac,544439,CRIZAC,Retailing,1687,1179,-0.0675,508,HOLDZONE
2098,Crompton Gr. Con,539876,CROMPTON,Consumer Durables,1718,1745,0.2732,-27,SELLZONE
2099,CSB Bank,542867,CSBBANK,Banks,308,123,3.0816,185,BUYZONE
2100,Cummins India,500480,CUMMINSIND,Industrial Products,132,464,2.8018,-332,SELLZONE
2101,Cupid,530843,CUPID,Personal Products,1831,154,1.144,1677,BUYZONE
2102,D B Corp,533151,DBCORP,Media,380,,-0.849,,
2103,Dalmia Bharat,500097,DALMIASUG,Agricultural Food & other Products,2164,,-0.898,,
2104,Data Pattern,543428,DATAPATTNS,Aerospace & Defense,2143,2177,-0.384,-34,TRIMZONE
2105,Datamatics Glob.,532528,DATAMATICS,IT - Services,83,1249,-0.7414,-1166,TRIMZONE
2106,DCB Bank,532772,DCBBANK,Banks,474,49,2.7381,425,BUYZONE
2107,DCM Shriram,523367,DCMSHRIRAM,Diversified,121,655,-0.5656,-534,TRIMZONE
2108,Diamond Power,522163,DIACABS,Electrical Equipment,140,423,-0.5094,-283,TRIMZONE
2109,Digitide Solutio,544413,DIGITIDE,IT - Services,817,1720,0.4367,-903,SELLZONE
2110,Dollar Industrie,541403,DOLLAR,Textiles & Apparels,,1796,0.8097,,
2111,Dr Agarwal's Hea,544350,AGARWALEYE,Healthcare Services,1936,1520,-0.5307,416,HOLDZONE
2112,Dr Reddy's Labs,500124,DRREDDY,Pharmaceuticals & Biotechnology,2238,1472,-0.9207,766,HOLDZONE
2113,Dynamic Cables,540795,DYCL,Industrial Products,1323,2278,0.2351,-955,SELLZONE
2114,Ecos (India),544239,ECOSMOBLTY,Transport Services,1944,1895,0.7288,49,BUYZONE
2115,Edelweiss.Fin.,532922,EDELWEISS,Finance,943,1553,-0.0061,-610,NO ACTION
2116,EID Parry,500125,EIDPARRY,Food Products,242,1402,-0.5795,-1160,TRIMZONE
2117,Electronics Mart,543626,EMIL,Retailing,630,2092,-0.4434,-1462,TRIMZONE
2118,Elgi Equipments,522074,ELGIEQUIP,Industrial Products,268,1258,-0.6014,-990,TRIMZONE
2119,Equitas Sma. Fin,543243,EQUITASBNK,Banks,614,219,0.6976,395,BUYZONE
2120,ERIS Lifescience,540596,ERIS,Pharmaceuticals & Biotechnology,628,667,-0.8631,-39,TRIMZONE
2121,Eternal Ltd,543320,ETERNAL,Retailing,1803,2114,0.0099,-311,NO ACTION
2122,Eureka Forbes,543482,EUREKAFORB,Consumer Durables,499,1368,0.5906,-869,SELLZONE
2123,Euro Pratik Sale,544519,EUROPRATIK,Consumer Durables,37,66,-0.8626,-29,TRIMZONE
2124,Eveready Inds.,531508,EVEREADY,Household Products,504,1343,-0.466,-839,TRIMZONE
2125,Everest Kanto,532684,EKC,Industrial Manufacturing,994,1969,-0.4956,-975,TRIMZONE
2126,Federal Bank,500469,FEDERALBNK,Banks,152,237,-0.5381,-85,TRIMZONE
2127,Fiem Industries,532768,FIEMIND,Auto Components,179,342,-0.2946,-163,TRIMZONE
2128,Filatex Fash.,532022,FILATFASH,Textiles & Apparels,2140,2286,0.4653,-146,SELLZONE
2129,Fino Payments,543386,FINOPB,Banks,2132,2081,-0.6523,51,HOLDZONE
2130,Fortis Health.,532843,FORTIS,Healthcare Services,1600,1543,0.1629,57,BUYZONE
2131,Fredun Pharma,539730,BOM:539730,Pharmaceuticals & Biotechnology,930,,-0.7317,,
2132,FSN E-Commerce,543384,NYKAA,Retailing,1432,1502,-0.0506,-70,NO ACTION
2133,Gandhar Oil Ref.,544029,GANDHAR,Petroleum Products,1746,,-0.5798,,
2134,Ganesha Ecosphe.,514167,GANECOS,Textiles & Apparels,797,1884,0.2546,-1087,SELLZONE
2135,Garware Tech.,509557,GARFIBRES,Textiles & Apparels,1456,1717,-0.5867,-261,TRIMZONE
2136,GE Shipping Co,500620,GESHIP,Transport Services,273,452,-0.0112,-179,NO ACTION
2137,Gem Aromatics,544491,GEMAROMA,Chemicals & Petrochemicals,1990,2161,0.1935,-171,SELLZONE
2138,Genesys Intl.,506109,GENESYS,IT - Services,1501,2271,-0.2795,-770,TRIMZONE
2139,Gennex Lab.,531739,BOM:531739,Pharmaceuticals & Biotechnology,28,,-0.8286,,
2140,Geojit Fin. Ser.,532285,GEOJITFSL,Capital Markets,1701,1559,-0.1637,142,HOLDZONE
2141,GHCL,500171,GHCL,Chemicals & Petrochemicals,870,1647,-0.6027,-777,TRIMZONE
2142,Glottis,544557,GLOTTIS,Transport Services,1162,2006,0.027,-844,NO ACTION
2143,GMM Pfaudler,505255,GMMPFAUDLR,Industrial Manufacturing,54,843,1.5809,-789,SELLZONE
2144,Go Fashion (I),543401,GOCOLORS,Retailing,2103,1930,0.7327,173,BUYZONE
2145,Godavari Bioref.,544279,GODAVARIB,Diversified FMCG,655,2100,-0.0531,-1445,NO ACTION
2146,Godrej Propert.,533150,GODREJPROP,Realty,464,2078,-0.0333,-1614,NO ACTION
2147,Gokaldas Exports,532630,GOKEX,Textiles & Apparels,214,506,-0.7015,-292,TRIMZONE
2148,GPT Infraproject,533761,GPTINFRA,Construction,629,310,0.5807,319,BUYZONE
2149,Grasim Inds,500300,GRASIM,Cement & Cement Products,284,1952,0.8125,-1668,SELLZONE
2150,Greaves Cotton,501455,GREAVESCOT,Industrial Products,69,1503,-0.6328,-1434,TRIMZONE
2151,Greenpanel Inds.,542857,GREENPANEL,Consumer Durables,2079,1838,-0.943,241,HOLDZONE
2152,GTL Infra.,532775,GTLINFRA,Telecom - Services,1785,1506,0.0992,279,BUYZONE
2153,Guj Inds. Power,517300,GIPCL,Power,602,1481,-0.2689,-879,TRIMZONE
2154,Guj. Themis Bio.,506879,GUJTHEM,Pharmaceuticals & Biotechnology,172,903,-0.6247,-731,TRIMZONE
2155,Gulshan Polyols,532457,GULPOLY,Agricultural Food & other Products,,264,6.5153,,
2156,Happiest Minds,543227,HAPPSTMNDS,IT - Software,482,1523,-0.4191,-1041,TRIMZONE
2157,Happy Forgings,544057,HAPPYFORGE,Industrial Products,278,447,1.506,-169,SELLZONE
2158,Hariom Pipe,543517,HARIOMPIPE,Industrial Products,2146,2131,-0.3317,15,HOLDZONE
2159,Hathway Cable,533162,HATHWAY,Entertainment,1189,1702,0.0011,-513,NO ACTION
2160,Hatsun Agro,531531,HATSUN,Food Products,11,629,-0.5841,-618,TRIMZONE
2161,Hemisphere Prop,543242,HEMIPROP,Commercial Services & Supplies,2158,1774,-0.4076,384,HOLDZONE
2162,Himadri Special,500184,HSCL,Chemicals & Petrochemicals,228,1649,-0.7597,-1421,TRIMZONE
2163,Hind. Unilever,500696,HINDUNILVR,Diversified FMCG,2061,1802,-0.5732,259,HOLDZONE
2164,Hindalco Inds.,500440,HINDALCO,Non - Ferrous Metals,126,1525,0.916,-1399,SELLZONE
2165,Hindustan Copper,513599,HINDCOPPER,Non - Ferrous Metals,704,1671,0.1818,-967,SELLZONE
2166,I R C T C,542830,IRCTC,Leisure Services,670,1295,-0.2906,-625,TRIMZONE
2167,Ideaforge Tech,543932,IDEAFORGE,Aerospace & Defense,1117,1812,-0.6262,-695,TRIMZONE
2168,IFB Industries,505726,IFBIND,Consumer Durables,236,973,-0.3197,-737,TRIMZONE
2169,Indegene,544172,INDGN,Healthcare Services,837,1617,0.0088,-780,NO ACTION
2170,India Nipp.Elec.,532240,INDNIPPON,Auto Components,2119,1741,-0.003,378,HOLDZONE
2171,India Pesticides,543311,IPL,Fertilizers & Agrochemicals,1625,940,0.4462,685,BUYZONE
2172,Indiamart Inter.,542726,INDIAMART,Retailing,282,440,0.1241,-158,SELLZONE
2173,Indian Renewable,544026,IREDA,Finance,872,1305,-0.2909,-433,TRIMZONE
2174,Indo Count Inds.,521016,ICIL,Textiles & Apparels,659,1429,-0.5915,-770,TRIMZONE
2175,Indo Farm Equip.,544328,INDOFARM,"Agricultural, Commercial & Construction Vehicles",1628,1712,0.0958,-84,NO ACTION
2176,Indogulf Cropsci,544432,IGCL,Fertilizers & Agrochemicals,2010,,-0.568,,
2177,IndusInd Bank,532187,INDUSINDBK,Banks,200,350,-0.6934,-150,TRIMZONE
2178,Inox Wind,539083,INOXWIND,Electrical Equipment,485,1253,-0.1339,-768,NO ACTION
2179,Insolation Ener,543620,BOM:543620,Power,1364,1509,0.1981,-145,SELLZONE
2180,IRB Infra.Devl.,532947,IRB,Construction,381,525,-0.3189,-144,TRIMZONE
2181,ITC Hotels,544325,ITCHOTELS,Leisure Services,1439,1994,-0.4771,-555,TRIMZONE
2182,ITI,523610,ITI,Telecom - Equipment & Accessories,1818,1805,-0.2394,13,HOLDZONE
2183,J & K Bank,532209,J&KBANK,Banks,1319,670,0.0536,649,BUYZONE
2184,J.G.Chemicals,544138,JGCHEM,Chemicals & Petrochemicals,547,1152,-0.2726,-605,TRIMZONE
2185,Jai Corp,512237,JAICORPLTD,Industrial Products,262,1926,-0.2836,-1664,TRIMZONE
2186,Jamna Auto Inds.,520051,JAMNAAUTO,Auto Components,1160,711,1.9558,449,BUYZONE
2187,Jash Engineering,544402,JASH,Industrial Manufacturing,2045,2220,-0.3561,-175,TRIMZONE
2188,Jayaswal Neco,522285,JAYNECOIND,Industrial Products,537,1488,0.0987,-951,NO ACTION
2189,JBM Auto,532605,JBMA,Auto Components,314,1723,-0.7286,-1409,TRIMZONE
2190,Jindal Stain.,532508,JSL,Ferrous Metals,1670,2053,-0.5717,-383,TRIMZONE
2191,Jinkushal Indus.,544547,JKIPL,"Agricultural, Commercial & Construction Vehicles",1032,459,-0.4699,573,HOLDZONE
2192,Jio Financial,543940,JIOFIN,Finance,1053,1557,-0.1897,-504,TRIMZONE
2193,JSW Infrast,543994,JSWINFRA,Transport Infrastructure,1582,1857,0.6978,-275,SELLZONE
2194,Jyothy Labs,532926,JYOTHYLAB,Household Products,1057,1203,-0.602,-146,TRIMZONE
2195,K P R Mill Ltd,532889,KPRMILL,Textiles & Apparels,221,340,-0.3331,-119,TRIMZONE
2196,Kalpat.,544423,KALPATARU,Realty,,2103,0.8551,,
2197,Kama Holdings,532468,BOM:532468,Finance,,,,,
2198,Karur Vysya Bank,590003,KARURVYSYA,Banks,327,382,0.2884,-55,SELLZONE
2199,Kavveri Defence,590041,KAVDEFENCE,Telecom - Equipment & Accessories,2334,1950,-0.3916,384,HOLDZONE
2200,KFin Technolog.,543720,KFINTECH,Capital Markets,1542,1219,-0.5422,323,HOLDZONE
2201,Kilitch Drugs,524500,KILITCH,Pharmaceuticals & Biotechnology,298,665,-0.3568,-367,TRIMZONE
2202,KIOCL,540680,KIOCL,Ferrous Metals,2232,2231,1.2027,1,BUYZONE
2203,Kitex Garments,521248,KITEX,Textiles & Apparels,618,1544,-0.4339,-926,TRIMZONE
2204,Kotak Mah. Bank,500247,KOTAKBANK,Banks,1928,1582,-0.5886,346,HOLDZONE
2205,KPI Green Energy,542323,KPIGREEN,Power,129,1489,1.3519,-1360,SELLZONE
2206,KPIT Technologi.,542651,KPITTECH,IT - Software,1044,1118,-0.5964,-74,TRIMZONE
2207,KRBL,530813,KRBL,Agricultural Food & other Products,1413,786,-0.5795,627,HOLDZONE
2208,Krishana Phosch.,,KRISHANA,Fertilizers & Agrochemicals,2248,1278,-0.8128,970,HOLDZONE
2209,Krishna Institu.,543308,KIMS,Healthcare Services,606,401,-0.1997,205,HOLDZONE
2210,Krsnaa Diagnost.,543328,KRSNAA,Healthcare Services,2114,1824,-0.5599,290,HOLDZONE
2211,L&T Technology,540115,LTTS,IT - Services,2001,1431,-0.4867,570,HOLDZONE
2212,Landmark Cars,543714,LANDMARK,Automobiles,518,994,0.2448,-476,SELLZONE
2213,Laxmi India Fin.,544465,LAXMIINDIA,Finance,538,1763,-0.6464,-1225,TRIMZONE
2214,Linde India,523457,LINDEINDIA,Chemicals & Petrochemicals,1805,1628,16.9304,177,BUYZONE
2215,LMW,500252,LMW,Industrial Manufacturing,355,416,-0.0868,-61,NO ACTION
2216,LTIMindtree,540005,LTIM,IT - Software,434,1056,-0.6305,-622,TRIMZONE
2217,Maan Aluminium,532906,MAANALU,Non - Ferrous Metals,74,454,-0.7394,-380,TRIMZONE
2218,Mafatlal Inds.,500264,BOM:500264,Textiles & Apparels,48,1448,-0.4551,-1400,TRIMZONE
2219,Manali Petrochem,500268,MANALIPETC,Chemicals & Petrochemicals,487,1873,-0.7563,-1386,TRIMZONE
2220,Manorama Indust.,541974,MANORAMA,Food Products,2246,2279,1.2367,-33,SELLZONE
2221,Marathon Nextgen,503101,MARATHON,Realty,1307,1584,-0.0561,-277,NO ACTION
2222,Marico,531642,MARICO,Agricultural Food & other Products,1554,1387,-0.852,167,HOLDZONE
2223,Mastek,523704,MASTEK,IT - Software,522,874,-0.5229,-352,TRIMZONE
2224,Master Trust,511768,MASTERTR,Capital Markets,1553,1789,-0.7157,-236,TRIMZONE
2225,Meghna Infracon,538668,BOM:538668,Realty,268,308,-0.3705,-40,TRIMZONE
2226,Metro Brands,543426,METROBRAND,Consumer Durables,2022,1432,-0.4661,590,HOLDZONE
2227,MIC Electronics,532850,MICEL,Industrial Products,1504,1996,0.076,-492,NO ACTION
2228,Mindteck (India),517344,MINDTECK,IT - Software,2170,2259,-0.2341,-89,TRIMZONE
2229,Mold-Tek Pack.,533080,MOLDTKPAC,Industrial Products,2205,1580,-0.8952,625,HOLDZONE
2230,Moschip Tech.,532407,MOSCHIP,IT - Hardware,2270,2298,0.1539,-28,SELLZONE
2231,Mphasis,526299,MPHASIS,IT - Software,271,956,-0.5211,-685,TRIMZONE
2232,Mrs Bectors,543253,BECTORFOOD,Food Products,745,1758,-0.6204,-1013,TRIMZONE
2233,Nalwa Sons Invst,532256,NSIL,Finance,2166,2273,0.9061,-107,SELLZONE
2234,Natco Pharma,524816,NATCOPHARM,Pharmaceuticals & Biotechnology,1163,1599,0.2113,-436,SELLZONE
2235,Nava,513023,NAVA,Power,923,2133,1.504,-1210,SELLZONE
2236,Navkar Corporat.,539332,NAVKARCORP,Transport Services,1835,1924,-0.2934,-89,TRIMZONE
2237,Navneet Educat.,508989,NAVNETEDUL,Printing & Publication,258,1770,-0.6743,-1512,TRIMZONE
2238,New India Assura,540769,NIACL,Insurance,1066,1360,0.0166,-294,NO ACTION
2239,NIBE,535136,NIBE,Aerospace & Defense,2268,1654,-0.2255,614,HOLDZONE
2240,Nifty 50,,NIFTYBEES,,878,986,0.1056,-108,SELLZONE
2241,NIIT,500304,NIITLTD,Other Consumer Services,1586,2214,-0.0459,-628,NO ACTION
2242,NIIT Learning,543952,NIITMTS,Other Consumer Services,1371,1000,0.1447,371,BUYZONE
2243,Nippon Life Ind.,540767,NAM-INDIA,Capital Markets,2040,1943,-0.7372,97,HOLDZONE
2244,Nitin Spinners,532698,NITINSPIN,Textiles & Apparels,922,2109,1.6279,-1187,SELLZONE
2245,NMDC Steel,543768,NSLNISP,Ferrous Metals,1756,658,-0.8827,1098,HOLDZONE
2246,Nuvoco Vistas,543334,NUVOCO,Cement & Cement Products,938,2251,-0.1062,-1313,NO ACTION
2247,O N G C,500312,ONGC,Oil,720,807,-0.5013,-87,TRIMZONE
2248,Ola Electric,544225,OLAELEC,Automobiles,1838,2305,0.4047,-467,SELLZONE
2249,OnMobile Global,532944,ONMOBILE,Media,565,2254,0.5816,-1689,SELLZONE
2250,Oracle Fin.Serv.,532466,OFSS,IT - Software,1789,2111,-0.1237,-322,NO ACTION
2251,Orissa Minerals,590086,ORISSAMINE,Minerals & Mining,1411,1898,-0.021,-487,NO ACTION
2252,Oswal Pumps,544418,OSWALPUMPS,Industrial Products,2047,2016,0.2109,31,BUYZONE
2253,Pace Digitek,544550,PACEDIGITK,Telecom - Services,1665,853,-0.758,812,HOLDZONE
2254,Paisalo Digital,532900,PAISALO,Finance,1861,2124,-0.4451,-263,TRIMZONE
2255,Panacea Biotec,531349,PANACEABIO,Pharmaceuticals & Biotechnology,1324,2092,0.1037,-768,SELLZONE
2256,Parag Milk Foods,539889,PARAGMILK,Food Products,166,188,0.3634,-22,SELLZONE
2257,Paramount Comm.,530555,PARACABLES,Industrial Products,1404,1767,-0.4055,-363,TRIMZONE
2258,Paras Defence,543367,PARAS,Aerospace & Defense,1745,2147,0.4303,-402,SELLZONE
2259,Pearl Global Ind,532808,PGIL,Textiles & Apparels,1871,851,0.49,1020,BUYZONE
2260,Pfizer,500680,PFIZER,Pharmaceuticals & Biotechnology,1543,1854,-0.6606,-311,TRIMZONE
2261,PG Electroplast,533581,PGEL,Consumer Durables,1786,2270,6.1837,-484,SELLZONE
2262,Pidilite Inds.,500331,PIDILITIND,Chemicals & Petrochemicals,1943,1398,-0.5277,545,HOLDZONE
2263,PNB Housing,540173,PNBHOUSING,Finance,173,1116,-0.253,-943,TRIMZONE
2264,Pokarna,532486,POKARNA,Consumer Durables,544,877,-0.5018,-333,TRIMZONE
2265,Polycab India,542652,POLYCAB,Industrial Products,366,757,-0.7546,-391,TRIMZONE
2266,Polyplex Corpn,524051,POLYPLEX,Industrial Products,1751,1817,-0.5326,-66,TRIMZONE
2267,Power Mech Proj.,539302,POWERMECH,Construction,2254,2162,-0.6965,92,HOLDZONE
2268,Precision Camshf,539636,PRECAM,Auto Components,1674,1934,0.113,-260,SELLZONE
2269,Premier Energies,544238,PREMIERENE,Electrical Equipment,312,2112,-0.3888,-1800,TRIMZONE
2270,PTC Industries,539006,PTCIL,Industrial Products,674,296,0.6531,378,BUYZONE
2271,Puravankara,532891,PURVA,Realty,1009,,-0.4335,,
2272,PVR Inox,532689,PVRINOX,Entertainment,83,983,-0.5493,-900,TRIMZONE
2273,Quess Corp,539978,QUESS,Commercial Services & Supplies,414,1868,-0.9307,-1454,TRIMZONE
2274,R M Drip & Sprin,544456,RMDRIP,Industrial Products,95,342,-0.6081,-247,TRIMZONE
2275,Rajesh Power,544291,BOM:544291,Other Utilities,1925,1993,0.6273,-68,SELLZONE
2276,Ramky Infra,533262,RAMKY,Construction,1511,2180,-0.276,-669,TRIMZONE
2277,Rashi Peripheral,544119,RPTECH,IT - Hardware,1706,606,-0.1832,1100,HOLDZONE
2278,Ratnamani Metals,520111,RATNAMANI,Industrial Products,1068,724,-0.9014,344,HOLDZONE
2279,RattanIndia Ent,534597,RTNINDIA,Retailing,484,1906,0.0461,-1422,NO ACTION
2280,RattanIndia Pow.,533122,RTNPOWER,Power,656,2126,-0.5141,-1470,TRIMZONE
2281,Raymond,500330,RAYMOND,Realty,1080,1668,-0.0462,-588,NO ACTION
2282,Raymond Lifestyl,544240,RAYMONDLSL,Textiles & Apparels,1352,1450,-0.7829,-98,TRIMZONE
2283,RBL Bank,540065,RBLBANK,Banks,182,249,-0.0175,-67,NO ACTION
2284,Regaal Resources,544485,REGAAL,Agricultural Food & other Products,1059,1355,-0.5529,-296,TRIMZONE
2285,Rel. Indl. Infra,523445,RIIL,Transport Services,1503,1747,-0.5805,-244,TRIMZONE
2286,Reliance Industr,500325,RELIANCE,Petroleum Products,257,410,-0.4103,-153,TRIMZONE
2287,Reliance Infra.,500390,RELINFRA,Power,2251,2350,-0.929,-99,TRIMZONE
2288,Rico Auto Inds,520008,RICOAUTO,Auto Components,2028,2002,-0.0153,26,HOLDZONE
2289,Rossari Biotech,543213,ROSSARI,Chemicals & Petrochemicals,2007,1670,-0.4263,337,HOLDZONE
2290,Sammaan Capital,535789,SAMMAANCAP,Finance,549,486,-0.109,63,HOLDZONE
2291,Samvardh. Mothe.,517334,MOTHERSON,Auto Components,656,1342,-0.3917,-686,TRIMZONE
2292,Sandhar Tech,541163,SANDHAR,Auto Components,1028,338,-0.2198,690,HOLDZONE
2293,Sanstar,544217,SANSTAR,Agricultural Food & other Products,1079,789,2.2566,290,BUYZONE
2294,Satin Creditcare,539404,SATIN,Finance,155,985,-0.8392,-830,TRIMZONE
2295,SBI Cards,543066,SBICARD,Finance,2197,1715,-0.6299,482,HOLDZONE
2296,SBI Life Insuran,540719,SBILIFE,Insurance,150,150,0.2003,0,
2297,Sejal Glass,532993,SEJALLTD,Industrial Products,544,1728,-0.6139,-1184,TRIMZONE
2298,Senores Pharma.,544319,SENORES,Pharmaceuticals & Biotechnology,331,82,3.697,249,BUYZONE
2299,Seshaasai Tech.,544533,STYL,Financial Technology (Fintech),2290,1301,-0.4346,989,HOLDZONE
2300,SG Finserve,539199,SGFIN,Finance,597,545,0.0457,52,BUYZONE
2301,Shakti Pumps,531431,SHAKTIPUMP,Industrial Products,1491,1550,0.3441,-59,SELLZONE
2302,Shanthi Gears,522034,SHANTIGEAR,Industrial Manufacturing,,2115,1.8362,,
2303,Shilpa Medicare,530549,SHILPAMED,Pharmaceuticals & Biotechnology,1430,295,0.4045,1135,BUYZONE
2304,Shipping Land,544142,SCILAL,Finance,1170,1984,-0.0265,-814,NO ACTION
2305,Shoppers Stop,532638,SHOPERSTOP,Retailing,1505,2281,0.2651,-776,SELLZONE
2306,Shree Cement,500387,SHREECEM,Cement & Cement Products,1750,1948,-0.1987,-198,TRIMZONE
2307,Sigachi Indust.,543389,SIGACHI,Pharmaceuticals & Biotechnology,2252,2014,-0.335,238,HOLDZONE
2308,SMS Pharma.,532815,SMSPHARMA,Pharmaceuticals & Biotechnology,1548,1027,-0.2504,521,HOLDZONE
2309,Sonata Software,532221,SONATSOFTW,IT - Software,976,963,0.087,13,BUYZONE
2310,Spandana Sphoort,542759,SPANDANA,Finance,333,1477,-0.8266,-1144,TRIMZONE
2311,SPARC,532872,SPARC,Pharmaceuticals & Biotechnology,317,548,-0.5322,-231,TRIMZONE
2312,SRF,503806,SRF,Chemicals & Petrochemicals,2086,1893,-0.4348,193,HOLDZONE
2313,Stylam Industrie,526951,STYLAMIND,Consumer Durables,223,363,-0.7947,-140,TRIMZONE
2314,Styrenix Perfor.,506222,STYRENIX,Chemicals & Petrochemicals,1441,1406,-0.201,35,HOLDZONE
2315,Subros,517168,SUBROS,Industrial Products,647,1775,-0.6606,-1128,TRIMZONE
2316,Sumitomo Chemi.,542920,SUMICHEM,Fertilizers & Agrochemicals,2080,2221,-0.58,-141,TRIMZONE
2317,Summit Securitie,533306,SUMMITSEC,Finance,1289,1696,-0.5146,-407,TRIMZONE
2318,Sun Pharma.Inds.,524715,SUNPHARMA,Pharmaceuticals & Biotechnology,898,617,-0.422,281,HOLDZONE
2319,Supreme Petroch.,500405,SPLPETRO,Chemicals & Petrochemicals,2236,2340,-0.3198,-104,TRIMZONE
2320,Suraksha Diagno.,544293,SURAKSHA,Healthcare Services,,,0.1436,,
2321,Suryoday Small,543279,SURYODAY,Banks,357,1691,1.3735,-1334,SELLZONE
2322,Swan Corp,503310,SWANCORP,Chemicals & Petrochemicals,112,142,17.0037,-30,SELLZONE
2323,Syngene Intl.,539268,SYNGENE,Healthcare Services,1335,2046,3.2052,-711,SELLZONE
2324,Take Solutions,532890,TAKE,Healthcare Services,681,,-0.6583,,
2325,Tata Comm,500483,TATACOMM,Telecom - Services,1046,1518,-0.8199,-472,TRIMZONE
2326,Tata Elxsi,500408,TATAELXSI,IT - Software,733,1981,0.088,-1248,NO ACTION
2327,Tata Inv.Corpn.,501301,TATAINVEST,Finance,2304,2039,0.5829,265,BUYZONE
2328,Tata Steel,500470,TATASTEEL,Ferrous Metals,187,473,-0.4309,-286,TRIMZONE
2329,Tata Technolog.,544028,TATATECH,IT - Services,992,1483,-0.3458,-491,TRIMZONE
2330,Tech Mahindra,532755,TECHM,IT - Software,1777,1755,-0.5518,22,HOLDZONE
2331,Techno Elec.Engg,542141,TECHNOE,Construction,911,1673,0.6509,-762,SELLZONE
2332,Thaai,,TCL,Auto Components,1742,569,-0.0067,1173,HOLDZONE
2333,The Ramco Cement,500260,RAMCOCEM,Cement & Cement Products,516,1012,-0.4561,-496,TRIMZONE
2334,Thirumalai Chem.,500412,TIRUMALCHM,Chemicals & Petrochemicals,1067,1923,-0.4954,-856,TRIMZONE
2335,Thomas Cook (I),500413,THOMASCOOK,Leisure Services,947,1843,-0.0038,-896,NO ACTION
2336,Thomas Scott,533941,THOMASCOTT,Textiles & Apparels,21,120,-0.4602,-99,TRIMZONE
2337,Tinna Rubber,530475,TINNARUBR,Industrial Products,1810,1999,-0.1051,-189,NO ACTION
2338,Titagarh Rail,532966,TITAGARH,Industrial Manufacturing,554,1742,0.6188,-1188,SELLZONE
2339,Trent,500251,TRENT,Retailing,1562,1513,0.1138,49,BUYZONE
2340,Trident,521064,TRIDENT,Textiles & Apparels,643,1019,0.4731,-376,SELLZONE
2341,TVS Elec.,532513,TVSELECT,IT - Hardware,1644,974,-0.3467,670,HOLDZONE
2342,TVS Srichakra,509243,TVSSRICHAK,Auto Components,364,322,0.3256,42,BUYZONE
2343,Ujjivan Small,542904,UJJIVANSFB,Banks,266,318,-0.3022,-52,TRIMZONE
2344,Unified Data,544406,BOM:544406,IT - Services,86,1122,0.0678,-1036,NO ACTION
2345,United Breweries,532478,UBL,Beverages,1564,1225,-0.8146,339,HOLDZONE
2346,Utkarsh Small F.,543942,UTKARSHBNK,Banks,793,2208,7.337,-1415,SELLZONE
2347,V I P Inds.,507880,VIPIND,Consumer Durables,2227,2023,-0.4142,204,HOLDZONE
2348,V-Guard Industri,532953,VGUARD,Consumer Durables,888,1177,-0.9318,-289,TRIMZONE
2349,Vadilal Inds.,519156,VADILALIND,Food Products,1330,1085,0.0408,245,BUYZONE
2350,Vakrangee,511431,VAKRANGEE,IT - Services,342,1227,-0.2382,-885,TRIMZONE
2351,Valor Estate,533160,DBREALTY,Leisure Services,1722,1626,-0.2682,96,HOLDZONE
2352,Vardhman Special,534392,VSSL,Industrial Products,1179,524,-0.4153,655,HOLDZONE
2353,Vardhman Textile,502986,VTL,Textiles & Apparels,476,550,-0.6074,-74,TRIMZONE
2354,Vedant Fashions,543463,MANYAVAR,Retailing,2105,1849,-0.7128,256,HOLDZONE
2355,Vedanta,500295,VEDL,Diversified Metals,267,202,-0.1659,65,HOLDZONE
2356,Ventive Hospital,544321,VENTIVE,Leisure Services,1173,1527,-0.189,-354,TRIMZONE
2357,Venus Pipes,543528,VENUSPIPES,Industrial Products,1787,876,0.4539,911,BUYZONE
2358,Vikram Solar,544488,VIKRAMSOLR,Electrical Equipment,1711,1739,-0.2515,-28,TRIMZONE
2359,Vikran Engg.,544496,VIKRAN,Construction,555,1596,-0.0476,-1041,NO ACTION
2360,Vinati Organics,524200,VINATIORGA,Chemicals & Petrochemicals,1403,1028,-0.6811,375,HOLDZONE
2361,Voltas,500575,VOLTAS,Consumer Durables,1621,2147,-0.4673,-526,TRIMZONE
2362,Welspun Enterp,532553,WELENT,Construction,481,730,0.4082,-249,SELLZONE
2363,Welspun Living,514162,WELSPUNLIV,Textiles & Apparels,192,421,-0.3424,-229,TRIMZONE
2364,Welspun Special.,500365,BOM:500365,Industrial Products,703,181,0.301,522,BUYZONE
2365,Wendt India,505412,WENDT,Industrial Products,1882,1956,0.8088,-74,SELLZONE
2366,Whirlpool India,500238,WHIRLPOOL,Consumer Durables,243,1678,-0.5862,-1435,TRIMZONE
2367,Wipro,507685,WIPRO,IT - Software,1580,1392,-0.5538,188,HOLDZONE
2368,Yash Highvoltage,544310,BOM:544310,Electrical Equipment,1755,2118,0.2115,-363,SELLZONE
2369,Zaggle Prepaid,543985,ZAGGLE,IT - Services,329,881,-0.6149,-552,TRIMZONE
2370,Zuari Agro Chem.,534742,ZUARI,Fertilizers & Agrochemicals,1726,1791,1.3146,-65,SELLZONE
2371,Zuari Industries,500780,ZUARIIND,Agricultural Food & other Products,1987,2306,0.459,-319,SELLZONE
2372,Zydus Lifesci.,532321,ZYDUSLIFE,Pharmaceuticals & Biotechnology,1689,1954,-0.3292,-265,TRIMZONE
2373,ABS Marine,,ABSMARINE,Transport Services,,,,,
2374,ACC,500410,ACC,Cement & Cement Products,,,,,
2375,Accent Microcell,,ACCENTMIC,Pharmaceuticals & Biotechnology,,,,,
2376,Aimtron,,AIMTRON,Industrial Manufacturing,,,,,
2377,Alpex Solar,,ALPEXSOLAR,Electrical Equipment,,,,,
2378,Anantam Highways,544579,ANANTAM,Transport Infrastructure,,,,,
2379,ANB Metal,,AMCL,Industrial Products,,,,,
2380,Andrew Yule & Co,526173,ANDREWYU,Agricultural Food & other Products,,,,,
2381,Annapurna Swadi.,,ANNAPURNA,Food Products,,,,,
2382,Anondita Medi.,,ANONDITA,Personal Products,,,,,
2383,Anzen IYEP Trust,543655,ANZEN,Power,,,,,
2384,Apis India,506166,BOM:506166,Food Products,,,,,
2385,Apollo Micro Sys,540879,APOLLO,Aerospace & Defense,,,,,
2386,Aprameya Enginee,,APRAMEYA,Healthcare Equipment & Supplies,,,,,
2387,Atmastco Ltd,,ATMASTCO,Construction,,,,,
2388,AVP Infracon,,AVPINFRA,Construction,,,,,
2389,Baheti Recycling,,BAHETI,Industrial Products,,,,,
2390,Balaji Phos.,,BALAJIPHOS,Fertilizers & Agrochemicals,,,,,
2391,Basilic Fly Stud,,BASILIC,Entertainment,,,,,
2392,Brookfield India,543261,BIRET,Realty,,,,,
2393,C2C Advanced,,C2C,Aerospace & Defense,,,,,
2394,Capital Infra,544338,CAPINVIT,Construction,,,,,
2395,Cellecor Gadgets,,CELLECOR,Consumer Durables,,,,,
2396,Chaman Metallics,,CMNL,Ferrous Metals,,,,,
2397,Chandan Healthca,,CHANDAN,Healthcare Services,,,,,
2398,Clean Science,543318,CLEAN,Chemicals & Petrochemicals,,,,,
2399,Connplex Cinemas,,CONNPLEX,Entertainment,,,,,
2400,Cool Caps,,COOLCAPS,Industrial Products,,,,,
2401,Creative Graphic,,CGRAPHICS,Industrial Products,,,,,
2402,Crest Ventures,511413,CREST,Finance,,,,,
2403,Cube Highways,543899,CUBEINVIT,Transport Infrastructure,,,,,
2404,Danish Power,,DANISH,Electrical Equipment,,,,,
2405,Den Networks,533137,DEN,Entertainment,,,,,
2406,Divine Power,,DPEL,Industrial Products,,,,,
2407,Ducol Organics,,DUCOL,Chemicals & Petrochemicals,,,,,
2408,E Factor Experie,,EFACTOR,Other Consumer Services,,,,,
2409,E2E Networks,,E2E,IT - Services,,,,,
2410,Effwa Infra,,EFFWA,Other Utilities,,,,,
2411,Eleganz Interior,,ELGNZ,Commercial Services & Supplies,,,,,
2412,Elin Electronics,543725,ELIN,Consumer Durables,,,,,
2413,Embassy Off.REIT,542602,EMBASSY,Realty,,,,,
2414,Envirotech Sys.,,ENVIRO,Industrial Products,,,,,
2415,Esconet,,ESCONET,IT - Hardware,,,,,
2416,Essen Speciality,,ESFL,Consumer Durables,,,,,
2417,Felix Industries,,FELIX,Other Utilities,,,,,
2418,FlySBS Aviation,,FLYSBS,Transport Services,,,,,
2419,Foce India,,FOCE,Consumer Durables,,,,,
2420,Focus Lighting,,FOCUS,Consumer Durables,,,,,
2421,Freshara Agro,,FRESHARA,Food Products,,,,,
2422,Ganesh Green,,GGBL,Construction,,,,,
2423,Ganesh Infra.,,GANESHIN,Construction,,,,,
2424,Giriraj Civil,,GIRIRAJ,Construction,,,,,
2425,Gland Pharma,543245,GLAND,Pharmaceuticals & Biotechnology,,,,,
2426,Global Education,,GLOBAL,Other Consumer Services,,,,,
2427,Globe Intl. Car.,,GICL,Transport Services,,,,,
2428,Goldkart Jewels,,GOLDKART,Consumer Durables,,,,,
2429,Goodyear India,500168,GOODYEAR,Auto Components,,,,,
2430,Goyal Salt,,GOYALSALT,Food Products,,,,,
2431,GP Eco Solutions,,GPECO,Electrical Equipment,,,,,
2432,Grand Continent,,GCHOTELS,Leisure Services,,,,,
2433,Grauer & Weil,505710,GRAUWEIL,Chemicals & Petrochemicals,,,,,
2434,Gretex Corporate,543324,GCSL,Capital Markets,754,,-0.9042,,
2435,Haryana Fin. Co.,530927,BOM:530927,Finance,,,,,
2436,Health.Global,539787,HCG,Healthcare Services,,,,,
2437,Hi-Green Carbon,,HIGREEN,Other Utilities,,,,,
2438,Hindustan Motors,500500,HINDMOTORS,Automobiles,,,,,
2439,HP Telecom,,HPTL,Commercial Services & Supplies,,,,,
2440,IndiGrid Trust,540565,INDIGRID,Power,,,,,
2441,Indus Inf. Trust,544137,INDUSINVIT,Transport Infrastructure,,,,,
2442,Infinium Pharma,,INFINIUM,Pharmaceuticals & Biotechnology,,,,,
2443,Influx Health.,,INFLUX,Pharmaceuticals & Biotechnology,,,,,
2444,Infollion Resea.,,INFOLLION,Commercial Services & Supplies,,,,,
2445,IRB InvIT Fund,540526,IRBINVIT,Transport Infrastructure,,,,,
2446,IRIS Business,540735,IRIS,IT - Software,,,,,
2447,ITC,500875,ITC,Diversified FMCG,,,,,
2448,Jainam Ferro,,JAINAM,Ferrous Metals,,,,,
2449,Jay Bee Laminati,,JAYBEE,Industrial Products,,,,,
2450,Jaybharat Text,512233,BOM:512233,Textiles & Apparels,,,,,
2451,Jeyyam Global,,JEYYAM,Food Products,,,,,
2452,Karnika Industri,,KARNIKA,Textiles & Apparels,,,,,
2453,Kennametal India,505890,KENNAMET,Industrial Manufacturing,,,,,
2454,Kirl. Ferrous,500245,KIRLFER,Ferrous Metals,,,,,
2455,KN Agri Resource,,KNAGRI,Agricultural Food & other Products,,,,,
2456,Kody Technolab,,KODYTECH,IT - Software,,,,,
2457,Kovai Medical,523323,KOVAI,Healthcare Services,,,,,
2458,Le Merite Export,,LEMERITE,Textiles & Apparels,,,,,
2459,M.V.K. Agro,,MVKAGRO,Agricultural Food & other Products,,,,,
2460,Mangal Electrica,544492,MEIL,Electrical Equipment,,,,,
2461,Mason Infratech,,MASON,Realty,,,,,
2462,Megatherm Indu.,,MEGATHERM,Industrial Products,,,,,
2463,Midwest,,BOM:,,,,,,
2464,Midwest,,BOM:,,,,,,
2465,Mindspace Busine,543217,MINDSPACE,Realty,,,,,
2466,MMP Industries,,MMP,Non - Ferrous Metals,,,,,
2467,MMTC,513377,MMTC,Commercial Services & Supplies,,,,,
2468,Monolithisch Ind,,MONOLITH,Industrial Products,,,,,
2469,Multi Comm. Exc.,534091,MCX,Capital Markets,,,,,
2470,Munish Forge,,MUNISH,Industrial Products,,,,,
2471,Namo eWaste,,NAMOEWASTE,Other Utilities,,,,,
2472,National High,543385,NHIT,Transport Infrastructure,,,,,
2473,NDR INVIT Trust,,NDRINVIT,Commercial Services & Supplies,,,,,
2474,Neetu Yoshi,544434,BOM:544434,Industrial Products,2129,,,,
2475,Neetu Yoshi,544434,BOM:544434,Industrial Products,2129,,,,
2476,Neptune Pet.,,NEPTUNE,Chemicals & Petrochemicals,,,,,
2477,Nikita Papers,,NIKITA,"Paper, Forest & Jute Products",,,,,
2478,Novartis India,500672,NOVARTIND,Pharmaceuticals & Biotechnology,,,,,
2479,Nupur Recyclers,,NRL,Metals & Minerals Trading,,,,,
2480,OBSC Perfection,,OBSCP,Auto Components,,,,,
2481,Oriana Power Ltd,,ORIANA,Electrical Equipment,,,,,
2482,OSEL Devices,,OSELDEVICE,Healthcare Equipment & Supplies,,,,,
2483,Owais Metal,,OWAIS,Ferrous Metals,,,,,
2484,Parin Enterpris.,,PARIN,Consumer Durables,,,,,
2485,Parth Electrical,,PARTH,,,,,,
2486,Patil Automation,,PATILAUTOM,Industrial Manufacturing,,,,,
2487,Pelatro,,PELATRO,Media,,,,,
2488,Petro Carbon,,PCCL,Minerals & Mining,,,,,
2489,Phantom Digital,,PHANTOMFX,Entertainment,,,,,
2490,Piramal Enterp.,500302,PEL,Finance,,,,,
2491,Polysil Irrigati,,POLYSIL,Industrial Products,,,,,
2492,Power Fin.Corpn.,532810,PFC,Finance,,,,,
2493,Powergrid Infra.,543290,PGINVIT,Power,,,,,
2494,Pratham EPC,,PRATHAM,Construction,,,,,
2495,Prizor Viztech,,PRIZOR,Industrial Manufacturing,,,,,
2496,PropshareTitania,544462,BOM:544462,Realty,,,,,
2497,Purple United,,PURPLEUTED,Textiles & Apparels,,,,,
2498,Pushpa Jewellers,,PUSHPA,Consumer Durables,,,,,
2499,RBM Infracon,,RBMINFRA,Commercial Services & Supplies,,,,,
2500,Remus Pharma.,,REMUS,Pharmaceuticals & Biotechnology,,,,,
2501,RNFI Services,,RNFI,Finance,,,,,
2502,Roadstar Infra,544374,ROADSTAR,Transport Infrastructure,,,,,
2503,S J Logistics (I,,SJLOGISTIC,Transport Services,,,,,
2504,Sacheerome,,SACHEEROME,Chemicals & Petrochemicals,,,,,
2505,Safe Enterprises,,SAFEENTP,Consumer Durables,,,,,
2506,Sahaj Solar,,SAHAJSOLAR,Electrical Equipment,,,,,
2507,Sahana Systems,,SAHANA,IT - Services,,,,,
2508,Sahasra Electro.,,SAHASRA,Industrial Products,,,,,
2509,Sar Auto Prod.,538992,BOM:538992,Auto Components,,,-1,,
2510,Sar Televenture,,SARTELE,Telecom - Services,,,,,
2511,Sathlokhar Sys.,,SSEGL,Construction,,,,,
2512,Shera Energy,,SHERA,Industrial Products,,,,,
2513,Shiv Aum Steels,,SHIVAUM,Commercial Services & Supplies,,,,,
2514,Shree Karni,,SHREEKARNI,Textiles & Apparels,,,,,
2515,Shree Tirupati,,TIRUPATI,Industrial Products,,,,,
2516,Shrem InvIT,,SHREMINVIT,Construction,,,,,
2517,Shri Ahimsa,,SHRIAHIMSA,Food Products,,,,,
2518,Solex Energy,,SOLEX,Electrical Equipment,,,,,
2519,SpiceJet,500285,SPICEJET,Transport Services,,,,,
2520,Spunweb Nonwoven,,SPUNWEB,Textiles & Apparels,,,,,
2521,Strides Pharma,532531,STAR,Pharmaceuticals & Biotechnology,,,-0.9107,,
2522,Suba Hotels,,SUBAHOTELS,Leisure Services,,,,,
2523,Supreme Power,,SUPREMEPWR,Electrical Equipment,,,,,
2524,Swaraj Suiting,,SWARAJ,Textiles & Apparels,,,,,
2525,Systango Tech,,SYSTANGO,IT - Software,,,,,
2526,Tata Motors,500570,TATAMOTORS,Automobiles,,,,,
2527,TechD Cybersec.,,TECHD,IT - Services,,,,,
2528,Techera Enginee.,,TECHERA,Aerospace & Defense,,,,,
2529,Tejas Cargo,,TEJASCARGO,Transport Services,,,,,
2530,TransIndia Real,543955,TREL,Transport Services,,,,,
2531,Trident Techlabs,,TECHLABS,IT - Software,,,,,
2532,Unimech Aero.,544322,UNIMECH,Aerospace & Defense,,,,,
2533,Utssav CZ Gold,,UTSSAV,Consumer Durables,,,,,
2534,V-Marc India,,VMARCIND,Industrial Products,,,,,
2535,V-Marc India,,VMARCIND,Industrial Products,,,,,
2536,Vasa Denticity,,DENTALKART,Healthcare Equipment & Supplies,,,,,
2537,Vertis Infra.,,VERTIS,Transport Infrastructure,,,,,
2538,Vilas Transcore,,VILAS,Industrial Products,,,,,
2539,Vinsys IT Serv.,,VINSYS,Other Consumer Services,,,,,
2540,Vinyas Innovativ,,VINYAS,Industrial Manufacturing,,,,,
2541,Virtual Galaxy,,VGINFOTECH,IT - Software,,,,,
2542,Vishal Fabrics,538598,VISHAL,Textiles & Apparels,,,,,
2543,Vishnusurya Pro.,,VISHNUINFR,Other Construction Materials,,,,,
2544,Vishnusurya Pro.,,VISHNUINFR,Other Construction Materials,,,,,
2545,Vision Infra,,VIESL,Commercial Services & Supplies,,,,,
2546,Viviana Power,,VIVIANA,Construction,,,,,
2547,Viviana Power,,VIVIANA,Construction,,,,,
2548,Wise Travel,,WTICAB,Transport Services,,,,,
2549,Wise Travel,,WTICAB,Transport Services,,,,,
2550,Wonder Electric.,543449,WEL,Consumer Durables,,,,,
2551,Yash Optics,,YASHOPTICS,Consumer Durables,,,,,
2552,Yash Optics,,YASHOPTICS,Consumer Durables,,,,,
2553,Z-Tech (India),,ZTECH,Other Utilities,,,,,
,Z-Tech (India),,ZTECH,Other Utilities,,,,,