Name,BSE Code,NSE Code,Industry,MCAP,Exports percentage,Sales FY25,TTM Sales,Profit after tax FY25,Profit after TTM,Sales preceding year quarter,Sales preceding quarter,Sales latest quarter,Operating profit preceding quarter,Operating profit latest quarter,Profit after tax preceding quarter,Profit after tax latest quarter,Price to Earning,YOY Quarterly sales growth,YOY Quarterly profit growth
20 Microns,533022,20MICRONS,Minerals & Mining,665.43,0,912.83,920.04,63.9,63.28,240.18,247.16,230.78,31.51,31.83,16.88,17.4,10.52,-3.91,5.27
360 ONE,542772,360ONE,Capital Markets,46445.91,0,3683.87,3607.01,1081.34,1126.22,865.15,911.46,1114.95,565.89,713.92,284.67,315.48,41.24,28.87,28.51
3B Blackbio,532067,,Healthcare Services,1080.94,0,96.47,104.02,47.67,49.1,29.15,22.23,33.9,11.83,14.73,12.59,14.71,22.02,16.3,0.41
3i Infotech,532628,3IINFOLTD,IT - Software,344.9,0,725.76,713.85,24.85,70.21,177.6,170.55,174.89,-3.46,-5.29,7.62,18.43,4.91,-1.53,284.3
3M India,523395,3MINDIA,Diversified,38494.21,0,4445.56,4750.64,476.12,554.17,1110.8,1195.97,1266.49,241.74,255.85,177.69,191.34,69.46,14.02,43.03
5paisa Capital,540776,5PAISA,Capital Markets,979.02,0,359.66,311.4,68.11,47.12,100.79,77.69,77.17,25.22,22.95,11.52,9.44,20.78,-23.43,-56.88
63 Moons Tech.,526881,63MOONS,IT - Software,3715.14,7.71,46.82,76.4,-49.66,-85.47,9.79,30.45,20.54,-54.88,-86.8,-13.07,-28.92,,109.81,-19.15
A B B,500002,ABB,Electrical Equipment,109672.15,0,12188.31,13010.65,1876.15,1766.99,2912.16,3175.44,3310.72,414.09,500.39,352.08,408.88,62.07,13.69,-7.17
A B Infrabuild,544281,ABINFRA,Construction,1147.42,0,207.95,244.65,16.6,19.61,47.23,60.56,37.3,9.61,5.47,5.18,2.11,58.51,-21.02,-43.58
A B Lifestyle,544403,ABLBL,Retailing,15706.21,0,7829.96,7829.96,124.81,124.81,1964.93,1840.58,2037.9,263.12,316.73,24.06,23.44,144.5,3.71,-40.75
A B Real Estate,500040,ABREL,"Paper, Forest & Jute Products",19533.6,0,1218.88,842.6,-95.92,-154.78,266.38,145.56,97.84,-42.39,-73.76,-44.49,-64.57,,-63.27,-5413.58
A-1,542012,,Chemicals & Petrochemicals,2506.42,0,331.49,311.78,3.81,2.51,77.76,64.69,63.14,1.86,1.19,0.6,0.07,998.58,-18.8,-92.78
A.K.Capital Serv,530499,,Finance,967.2,0,481.57,534.18,84.73,95.41,120.12,134.45,154.09,95.91,101.59,23.1,30.13,10.14,28.28,51.79
Aadhar Hsg. Fin.,544176,AADHARHFC,Finance,20888.09,0,3107.63,3375.53,912.04,987.93,764.27,848.18,897.13,641.05,689.48,237.28,266.47,21.14,17.38,17.12
Aaron Industries,,AARON,Industrial Manufacturing,377.66,0,77.93,83.92,8.26,7,18.29,19.24,22.24,3.66,4.12,1.06,1.39,53.95,21.6,-23.63
Aarti Drugs,524348,AARTIDRUGS,Pharmaceuticals & Biotechnology,3692.36,0,2387.03,2476.66,168.16,199.1,598.33,590.51,652.79,74.08,84.28,53.91,45.28,18.55,9.1,29.33
Aarti Industries,524208,AARTIIND,Chemicals & Petrochemicals,13174.66,59.64,7271.32,7567,328.7,269,1628,1675,2100,212,291,43,84,48.98,28.99,68
Aarti Pharma,543748,AARTIPHARM,Pharmaceuticals & Biotechnology,6544.73,57.63,2115.07,1906.08,272.39,239.75,458.03,386.19,418.33,93.44,74.08,49.5,27.92,27.3,-8.67,-48.88
Aarti Surfactant,543210,AARTISURF,Chemicals & Petrochemicals,340.12,18.9,659.09,759.9,11.59,15.02,150.84,215.9,179.17,11.63,9.34,2.94,1.56,22.64,18.78,279.31
AAVAS Financiers,541988,AAVAS,Finance,11864.78,0,2354.51,2527.53,573.74,603.26,579.16,627.56,667.02,459.45,497.05,139.23,163.93,19.67,15.17,10.83
Aayush Art,540718,,Textiles & Apparels,1652.87,0,73.77,94.91,1.81,1.93,26.58,47.19,47.72,2.07,0.55,1.56,0.37,856.41,79.53,54.17
AB Cotspin,544522,ABCOTS,Textiles & Apparels,902.77,0,298.06,261.52,9.99,13.87,81.36,66.69,50.64,10.02,11.32,4.22,3.69,65.09,-37.76,110.86
Abans Financial,543712,AFSL,Finance,1018.44,0,3281.03,11068.79,101.91,122.43,641.26,1893.81,6831.68,51.36,47.52,29.95,38.19,8.32,965.35,50.41
Abbott India,500488,ABBOTINDIA,Pharmaceuticals & Biotechnology,61557.52,1.18,6409.15,6714.37,1414.92,1508.95,1632.67,1738.35,1757.15,445.59,502.17,365.86,415.27,40.79,7.62,15.8
ABM Knowledge,531161,,IT - Software,552.16,0,96.66,99.81,14.32,12.97,22.42,25.11,22.08,4.79,2.39,3.73,2.02,42.57,-1.52,-46.84
ABS Marine,,ABSMARINE,Transport Services,504.14,0,179.85,235.84,27.06,50.22,80.05,99.8,136.04,33.07,54.82,19.23,30.99,10.04,69.94,291.78
ACC,500410,ACC,Cement & Cement Products,33731.67,0,21762.31,24060.83,2307.05,3230.72,4634.46,6087.23,5931.67,778.01,845.69,375.38,1119.23,10.44,27.99,401.44
Accelya Solution,532268,ACCELYA,IT - Software,1972.87,0,528.72,537.78,127.43,126.17,127.12,131.73,136.2,51.19,48.42,33.95,29.61,15.64,7.14,-8.78
Accent Microcell,,ACCENTMIC,Pharmaceuticals & Biotechnology,798.24,0,264.58,277.91,33.06,34.67,126.04,138.54,139.37,23.18,23.9,16.6,18.07,23.02,10.58,9.71
Ace Soft. Exp.,531525,,IT - Software,368.2,0,31.55,47.75,4.78,6.58,5.85,13.25,14.01,1.53,1.91,1.25,1.82,55.96,139.49,109.2
ACME Solar Hold.,544283,ACMESOLAR,Power,12867.19,0,1405.13,1814.63,268.93,506.05,259.59,510.98,467.75,457.8,400.21,142.77,111.94,25.43,80.19,631.63
Action Const.Eq.,532762,ACE,"Agricultural, Commercial & Construction Vehicles",11468.17,0,3327.05,3232.42,407.43,418.01,756.69,652.08,744.24,92.83,108.98,97.72,90.05,27.44,-1.65,-5.01
Acutaas Chemical,543349,ACUTAAS,Pharmaceuticals & Biotechnology,13964.79,0,1006.88,1096.91,158.7,223.96,246.73,207.24,306.2,50.91,95.32,44.29,72.24,62.35,24.1,93.52
Adani Energy Sol,539254,ADANIENSOL,Power,117684.44,0,23767.09,25619.95,2367.15,2255.38,6183.7,6819.28,6595.83,1810.69,1955.42,512.48,533.97,52.18,6.66,-20.89
Adani Enterp.,512599,ADANIENT,Metals & Minerals Trading,292725.49,0,97894.75,93023.99,4390.38,2487.11,22608.07,21961.2,21248.51,3310.29,3306.56,734.41,650.74,117.7,-6.01,-62.74
Adani Green,541450,ADANIGREEN,Power,167649.66,0,11212,12221,1664.13,2190.88,3005,3800,3008,3042,2603,724.08,658.14,76.52,0.1,102.55
Adani Ports,532921,ADANIPORTS,Transport Infrastructure,326203.03,0,30475.33,34745.59,10791.9,12001.54,7067.02,9126.14,9167.46,5495.33,5340.08,3314.59,3109.05,27.18,29.72,25.07
Adani Power,533096,ADANIPOWER,Power,277236.5,0,56203.09,55474.57,12950.97,12031.82,13338.88,14109.15,13456.84,5685.28,5150.29,3384.86,2952.78,23.04,0.88,-11.38
Adani Total Gas,542066,ATGL,Gas,65240.74,0,4999.86,5465.56,654.99,625.7,1218.65,1378.58,1451.26,293.18,295.38,165.24,163.49,104.27,19.09,-11.91
ADC India,523411,,Telecom -  Equipment & Accessories,586.01,10.96,187.1,178.52,24.46,18.06,50.79,45.11,45.75,5.92,4.5,4.97,4.31,32.45,-9.92,-50.57
ADF Foods,519183,ADFFOODS,Food Products,2215.38,93.37,589.58,602.05,65.27,76.83,161.39,132.88,162.61,23.52,35.76,15.24,26.39,28.83,0.76,34.16
Adit.Birla Money,532974,BIRLAMONEY,Capital Markets,848.38,0,453.44,424.71,74.2,56.67,127.08,112.71,106.51,54.74,46.55,15.38,10.15,14.97,-16.19,-61.97
Aditya AMC,543374,ABSLAMC,Capital Markets,21005.03,0,1982.28,1782.66,930.6,970.98,424.21,447.39,461.32,265.98,282.57,277.11,241.32,21.63,8.75,-0.42
Aditya Bir. Fas.,535755,ABFRL,Retailing,9457.74,1.15,7351.4,7733.12,-591.99,-705.45,1760.51,1831.46,1981.66,105.92,61.78,-211.98,-263.33,,12.56,-13.93
Aditya Birla Cap,540691,ABCAPITAL,Finance,93852,0,40632.23,41693.04,3285.73,3262.92,10322.01,9502.69,10594.96,3850.37,4001.38,835.08,855.24,28.76,2.64,-14.09
Aditya Infotech,544466,CPPLUS,Industrial Manufacturing,17772.21,0,3111.87,3111.87,150.44,150.44,668.91,740.04,919.64,60.93,108.52,32.88,69.98,90.29,37.48,196.78
Aditya Vision,540205,AVL,Retailing,6513.73,0,2259.78,2392.87,108.42,108.08,375.85,940.23,457.5,89.73,34.68,55.16,12.72,60.27,21.72,4.18
Ador Welding,517041,ADOR,Industrial Products,1864.71,13.66,1122.68,1116.91,67.95,55.42,269.24,251.84,281.09,-4.4,34.75,-3.95,25.01,33.65,4.4,94.63
Advait Energy,543230,,Industrial Products,1782.45,1.78,399.11,567.07,31.02,40.05,46.23,118.43,156.87,13.75,17.32,8.37,10.54,44.51,239.33,142.86
Advance Agrolife,544562,ADVANCE,Fertilizers & Agrochemicals,760.11,1.98,495.83,495.83,25.64,25.64,167.42,168.63,212.63,17.12,25.78,8.94,15.88,27.84,27,11.67
Advanced Enzyme,540025,ADVENZYMES,Pharmaceuticals & Biotechnology,3424.38,54.38,636.91,706.73,130.96,147.39,146.1,185.91,184.53,56.43,60.06,39.93,43.33,23.23,26.3,31.98
Advani Hotels.,523269,ADVANIHOTR,Leisure Services,522.15,0,107.41,103.76,26.33,24.76,16.71,19.92,15.19,2.96,-1.22,2.35,-0.98,21.09,-9.1,-75
Advent Hotels,544446,ADVENTHTL,Leisure Services,1121.15,0,366.57,366.57,11.16,11.16,75.57,80.48,76.98,21.38,11.03,3.82,0.22,51.05,1.87,102.08
Aegis Logistics,500003,AEGISLOG,Gas,26007.35,0,6763.79,7425.45,662.02,716.87,1750.42,1719.41,2294.01,239.92,290.66,131.32,179.63,36.28,31.05,42.61
Aegis Vopak Term,544407,AEGISVOPAK,Oil,28790.74,0,621.08,670.04,127.27,180.8,148.65,164.01,187.63,119.91,137.45,47.72,53.94,159.24,26.22,141.77
Aelea Commoditi.,544213,,Agricultural Food & other Products,308.48,0,182.14,268.09,2.54,6.09,87.74,94.4,173.69,-1.67,15.11,-2.61,8.7,50.65,97.96,55.91
Aequs,,,,8316.06,0,92.24,92.24,9.59,9.59,,,,,,,,867.16,,
Aeroflex,543972,AEROFLEX,Industrial Products,2287.92,73.56,376.23,386.69,52.65,47.84,94.99,84.33,110.87,15.48,25.88,7.17,14.23,47.82,16.72,4.17
Aeroflex Enter.,511076,AEROENTER,Industrial Products,950.04,0,578.33,624.96,51.7,49.44,137.79,134.48,172.35,18.26,29.63,10.19,14.13,19.22,25.08,-5.18
Aerpace Indus,534733,,Industrial Products,307.87,,0,0,-6.57,-9.76,0,0,0,-1.26,-2.71,-1.72,-2.9,,,-297.26
Aether Industri.,543534,AETHER,Chemicals & Petrochemicals,11235.04,0,838.69,991.12,167.25,202.78,198.8,256.14,275.1,80.69,88.01,49.03,55.91,55.41,38.38,50.34
Afcom Holdings,544224,,Transport Services,2020.31,0,238.72,390.24,46.8,84.56,88.76,149.96,240.28,42.74,75.24,29.57,54.99,23.89,170.71,191.57
Afcons Infrastr.,544280,AFCONS,Construction,14674.6,30.69,12548.42,12793.14,489.98,502.26,2959.69,3370.38,2988.39,435.29,328.62,137.4,105.08,29.22,0.97,-22.42
Affle 3i,542752,AFFLE,IT - Services,22957.92,0,2266.31,2471.38,381.86,419.3,542.88,620.74,646.72,139.72,146.11,105.5,110.51,54.75,19.13,20.13
Agarwal Indl.,531921,AGARIND,Chemicals & Petrochemicals,1094.11,0,2398.93,2203.96,114.34,83.26,325.66,593.61,244.8,36.13,28.01,13.03,11.99,13.14,-24.83,-34.98
AGI Greenpac,500187,AGI,Industrial Products,4842.5,0,2528.82,2652.55,317.74,352.1,599.18,687.66,601.58,142.02,149.67,88.85,76.12,13.75,0.4,5.6
AGI Infra,539042,AGIIL,Realty,3387.31,0,324.67,351.6,66.67,76.87,77.56,91.61,85.3,30.33,33.63,20.01,22.05,44.07,9.98,26.36
Ahluwalia Contr.,532811,AHLUCONT,Construction,6640.9,0,4098.62,4349.98,201.73,262.62,1011.48,1004.88,1177.3,86.33,128.07,51.21,78.57,25.29,16.39,104.82
Ahm. Steelcraft,522273,,Industrial Products,302.14,0,171.88,240.81,10.4,20,38.43,42.68,64.68,4.5,10.46,3.36,7.46,15.11,68.31,387.58
AIA Engineering,532683,AIAENG,Industrial Products,35169.11,53.84,4287.45,4309.96,1047.24,1126.89,1044.21,1038.94,1047.76,306.38,296.88,305.02,277.44,31.21,0.34,8.07
Aimtron,,AIMTRON,Industrial Manufacturing,1680.37,0,159.17,224.08,25.63,34.74,57.69,101.5,122.58,19.27,30.12,14.45,20.29,48.37,112.48,81.48
Airfloa Rail,544516,,Industrial Manufacturing,864.72,0,192.39,197.81,25.5,28.13,85.12,107.27,90.54,26.12,22.02,16.04,12.09,30.74,6.37,24.25
Ajanta Pharma,532331,AJANTPHARM,Pharmaceuticals & Biotechnology,33018.77,0,4648.1,4972.92,916.4,973.67,1186.64,1302.65,1353.73,351.35,327.83,255.34,260.19,33.91,14.08,20.19
Ajax Engineering,544356,AJAXENGG,"Agricultural, Commercial & Construction Vehicles",7073.44,3.58,2073.92,2215.26,260.14,251.03,300.98,466.52,444.81,61.39,45.26,52.88,39.07,28.18,47.79,14.81
Ajmera Realty,513349,AJMERA,Realty,3888.69,0,737.95,821.74,124.39,127.82,199.92,258.43,219.04,78.15,57.97,38.28,30.37,30.42,9.56,-14.09
Akme Fintrade,544200,AFIL,Finance,302.98,0,102.47,124.17,33.23,36.13,24.02,31.92,34.89,23.61,27.33,9.61,10.04,8.39,45.25,23.34
Akums Drugs,544222,AKUMS,Pharmaceuticals & Biotechnology,6610.55,0,4118.16,4107.52,322.83,307.74,1033.09,1024.03,1017.53,128.98,94.47,63.48,40.78,21.48,-1.51,-34.83
Akzo Nobel,500710,AKZOINDIA,Consumer Durables,15965.87,6.14,4091.2,3902.6,428.3,390.47,982.3,995.1,834.9,134.5,110.6,91,83.37,40.89,-15.01,-14.84
Albert David,524075,ALBERTDAVD,Pharmaceuticals & Biotechnology,445.48,0,345.01,315.78,17.02,-15.08,98.44,70.57,87.24,-10.66,2.54,7.94,-3.3,,-11.38,-118.26
Alembic,506235,ALEMBICLTD,Realty,2591.16,1.13,221.89,223.8,309.65,323.97,52.91,49.75,55.86,19.59,23.24,61.64,128.49,8,5.58,6.17
Alembic Pharma,533573,APLLTD,Pharmaceuticals & Biotechnology,17677.93,59.57,6672.08,7083.25,569.29,634.4,1647.98,1710.72,1910.15,280.9,315.69,154.38,184.71,27.87,15.91,28.8
Algoquant Fin,505725,,Finance,1691.91,0,234.74,209.65,31.89,16.43,65.22,54.5,51.29,9.37,10.48,4.44,6.29,102.98,-21.36,-48.74
Alicon Cast.,531147,ALICON,Auto Components,1440.65,0,1720.36,1662.76,46.06,35.03,463.75,417.95,428.18,49.1,54.77,10.93,13.89,41.13,-7.67,-17.37
Alivus Life,543322,ALIVUS,Pharmaceuticals & Biotechnology,10860.02,51.72,2386.88,2481.22,481.33,530.4,506.88,601.85,587.98,172.31,179.17,121.54,130.03,20.48,16,36.41
Alkem Lab,539523,ALKEM,Pharmaceuticals & Biotechnology,68431.69,29.47,12964.52,13890.16,2161.91,2350.5,3414.67,3371.14,4000.99,739.05,920.77,653.76,765.06,29.11,17.17,11.1
Alkyl Amines,506767,ALKYLAMINE,Chemicals & Petrochemicals,8370.78,0,1571.82,1552.19,186.31,182.16,414.89,405.53,389.41,76.57,70.22,49.44,42.94,45.95,-6.14,-9.52
All E Tech,,ALLETEC,IT - Software,437.41,0,139.94,138.34,29.47,30.36,35.91,34.07,33.35,6.53,6.7,6.32,7.38,14.41,-7.13,10.48
All Time Plastic,544479,ALLTIME,Consumer Durables,1817.8,85.23,558.17,558.17,47.33,47.33,131.04,157.98,147.4,28.75,16.28,12.82,4.22,47.67,12.48,-68.55
Allcargo Gati,532345,ACLGATI,Transport Services,971.43,0,1509.94,1561.39,11.16,9.96,358.12,385.35,357.23,9.61,13.05,9.75,-1.23,97.51,-0.25,-27.56
Allcargo Logist.,532749,ALLCARGO,Transport Services,1273.77,0,16021.53,9038.09,61.48,21.48,483,491,537,51,62,-13.75,13,59.3,11.18,-23.53
Allcargo Termi,543954,ATL,Transport Infrastructure,757.08,0,757.81,767.68,32.84,31.76,194.9,187.25,207.16,34.6,40.33,9.11,11.3,23.84,6.29,-3.44
Alldigi Tech,532633,ALLDIGI,Commercial Services & Supplies,1286.81,62.93,546.31,576.89,69.02,72.33,131.43,143.91,147.42,36.55,36.03,14.89,17.62,17.79,12.17,49.7
Allied Blenders,544203,ABDL,Beverages,17567.21,5.73,3519.88,3807.51,194.61,256.98,867.67,922.86,990.06,111.58,125.42,56.56,64.31,68.36,14.11,35.22
Allied Digital,532875,ADSL,IT - Services,913.2,62.56,807.07,877.64,31.33,39.96,203.02,219.02,233.7,18.83,21.32,14.44,15.42,22.85,15.11,32.93
Alok Industries,521070,ALOKINDS,Textiles & Apparels,8063.36,24.67,3708.78,3690.4,-908.77,-806.25,885.66,932.49,941.09,19.93,4.36,-197.16,-167.63,,6.26,36.04
Alpex Solar,,ALPEXSOLAR,Electrical Equipment,2450.47,0.11,780.15,1418.26,83.37,153.77,188.4,380.32,522.92,62.59,77.9,42.29,52.66,15.94,177.56,123.32
Alphalogic Tech.,542770,,IT - Software,401.06,0,77.96,63.57,4.98,4.91,18.79,11.44,16.8,1.68,2.68,1.17,1.43,81.68,-10.59,12.6
Altius Telecom,543225,,Telecom - Services,46929.96,0,19454,24113.4,810.62,893.5,4022.5,6030,6080.2,2456.9,2484.3,226.7,280,52.52,51.15,33.08
Alufluoride,524634,,Chemicals & Petrochemicals,328.46,0,188.52,200.2,19.67,20.51,53.2,43.76,54.83,7.25,13.95,3.18,7.91,16.01,3.06,18.77
Amal,506597,,Chemicals & Petrochemicals,809.57,0,135.32,186.06,29.61,38.78,30.06,47.31,54,11.63,8.6,9.4,6.06,20.88,79.64,9.58
Amanta Healthcar,544502,AMANTA,Pharmaceuticals & Biotechnology,403.13,0,274.71,274.71,10.57,10.57,66.73,65.31,70.89,14.9,14.65,3.51,1.87,39.6,6.23,-17.26
Amara Raja Ener.,500008,ARE&M,Auto Components,17304.11,13.5,12404.89,12875.97,873.15,806.96,3135.83,3349.92,3388.18,386.66,405.94,194.01,211.59,21.44,8.05,-12.1
Amber Enterp.,540902,AMBER,Consumer Durables,23096.71,0,9973.02,10983.17,245.37,222.95,1684.7,3449.13,1647.01,249.81,83.77,103.87,-32.86,103.6,-2.24,-271.15
Ambika Cotton,531978,AMBIKCO,Textiles & Apparels,706.75,0,702.07,684.19,65.74,62,200.41,191.98,199.64,26.93,26.69,15.92,15.94,11.4,-0.38,13.29
Ambuja Cements,500425,AMBUJACEM,Cement & Cement Products,131982.81,0,35044.76,38772.67,4142.58,5746.21,7552.45,10289.07,9174.49,1961.09,1760.87,811.26,1935.75,22.97,21.48,233.64
Amic Forging,544037,,Industrial Products,1825.93,7.06,120.37,124.23,20.6,25.23,63.67,57.65,66.58,16.13,18.23,12.83,12.4,72.37,4.57,-45.42
Amines & Plast.,506248,AMNPLST,Chemicals & Petrochemicals,1006.25,0,660.73,630.03,40.96,36.17,166.64,140.29,133.14,12.99,10.79,7.43,6.17,27.82,-20.1,-36.91
Amrutanjan Healt,590006,AMRUTANJAN,Pharmaceuticals & Biotechnology,1901.99,0,451.82,469.91,50.83,56.7,109.92,94.05,117.7,8.44,16.52,8.31,13.96,33.54,7.08,18.31
Anand Rathi Shar,544530,ARSSBL,Capital Markets,3793.21,0,843.57,843.57,103.88,103.88,230.05,201.02,227.08,75.21,93.25,23.37,28.59,38.18,-1.29,-13.68
Anand Rathi Wea.,543415,ANANDRATHI,Capital Markets,24071.67,0,979.94,1030.39,299.83,343.44,242.48,274.02,297.37,127.78,137.47,93.62,99.35,70.09,22.64,30.53
Anand Rayons,542721,,Textiles & Apparels,852.49,0,313.75,348.69,3.47,5.74,82.95,75.95,112.25,1.13,1.35,1.18,1.5,148.52,35.32,40.19
Anant Raj,515055,ANANTRAJ,Realty,18943.83,0,2059.97,2298.49,425.53,492.96,512.85,592.41,630.79,150.65,167.84,125.88,138.12,38.43,23,30.82
Anantam Highways,544579,ANANTAM,Transport Infrastructure,2267.89,0,926.55,926.55,410.62,410.62,,0,0,-1.61,-1.59,-1.61,-1.59,5.52,,
ANB Metal,,AMCL,Industrial Products,392.92,0,162.57,151.68,10.25,12.82,98.69,63.88,87.8,9.57,12.99,4.33,8.49,30.65,-11.03,43.41
Andhra Cements,532141,ACL,Cement & Cement Products,675.21,0,274.05,333.18,-151.04,-158.92,54.86,99.53,77.85,6.64,-4.48,-29.62,-41.92,,41.91,-20.18
Andhra Paper,502330,ANDHRAPAP,"Paper, Forest & Jute Products",1328.51,0,1541.24,1548.57,58.8,20.55,432.28,393.42,362.08,33.6,-6.81,21.31,-20.26,64.65,-16.24,-148.56
Andhra Petrochem,500012,,Chemicals & Petrochemicals,419.16,0,501.89,577.08,-14.81,-33.36,104.29,141.46,167.64,-10.49,0.92,-8.42,2.14,,60.74,158.95
Andhra Sugars,590062,ANDHRSUGAR,Chemicals & Petrochemicals,1022.07,0,2019.69,2208.5,39.92,79.9,528.42,599.79,597.46,51.38,55.09,26.47,30.4,12.79,13.07,587.82
Andrew Yule & Co,526173,ANDREWYU,Agricultural Food & other Products,1160.29,0,310.91,294.42,-26.99,4.84,89.42,56.14,71.52,-27.66,-4.61,20.14,-0.02,239.73,-20.02,-100.13
Angel One,543235,ANGELONE,Capital Markets,24002.06,0,5239.22,4660.51,1172.08,782.19,1514.71,1140.53,1201.76,274.67,415.41,114.47,211.73,30.69,-20.66,-49.99
Anjani Portland,518091,APCL,Cement & Cement Products,345.69,0,430.03,495.24,-80.93,-41.87,70.07,139.53,111.53,12.45,8.88,-3.4,-4.92,,59.17,82.58
Anlon Healthcare,544497,AHCL,Pharmaceuticals & Biotechnology,780.14,3.24,120.29,120.29,20.52,20.52,24.17,33.3,52.2,6.24,13.74,3.55,9.32,28.63,115.97,259.85
Annapurna Swadi.,,ANNAPURNA,Food Products,505.57,0.46,406.72,453.71,20.12,23.26,203.76,204.21,249.5,24.24,31.74,7.85,15.41,21.74,22.45,23.68
Anondita Medi.,,ANONDITA,Personal Products,1289.76,0,76.99,76.99,15.8,15.8,31.41,,54.1,,19.2,,12.86,56.17,72.24,125.61
Antelopus Selan,530075,ANTELOPUS,Oil,1338.09,0,258.08,231.46,74.18,56.31,68.92,50.63,55.13,26.83,29.42,11.22,11.81,23.76,-20.01,-41.36
Anthem Bioscienc,544449,ANTHEM,Pharmaceuticals & Biotechnology,36782.36,83.44,1844.55,1844.55,451.51,451.51,524.96,540.21,550.03,191.49,217.9,135.79,173.43,79.44,4.78,7.1
Antony Waste han,543254,AWHCL,Other Utilities,1228.68,0,933.61,990.39,69.92,69.03,221.24,247.34,257.65,55.06,49.94,17.78,13.65,17.8,16.46,12.9
Anuh Pharma,506260,ANUHPHR,Pharmaceuticals & Biotechnology,825.7,54.94,661.51,730.01,41.39,38.71,165.95,186.48,185.88,10.29,11.88,8.3,7.61,21.33,12.01,-49.4
Anupam Rasayan,543275,ANURAS,Chemicals & Petrochemicals,14374.61,25.14,1436.97,2107.53,93.27,151.19,293.96,485.83,731.4,124.29,135.8,34.04,44.39,95.08,148.81,166.29
Anzen IYEP Trust,543655,ANZEN,Power,2256.23,0,256.85,351.11,-23.8,-9.28,63.21,110.46,100.67,98.79,80.03,9.55,-8.05,,59.26,-139.58
Apar Inds.,532259,APARINDS,Electrical Equipment,35764.58,25.78,18581.21,20745.76,817.15,939.5,4644.51,5104.16,5715.42,452.25,460.88,262.91,251.7,38.07,23.06,29.82
Apcotex Industri,523694,APCOTEXIND,Industrial Products,1990.59,32.24,1392.36,1417.12,53.69,68.74,351.06,375.76,336.69,38.61,40.61,19.16,21.26,28.96,-4.09,94.16
Apeejay Surrend.,544111,PARKHOTELS,Leisure Services,2848.16,0,605.33,644.49,84.94,91.86,136.67,148.26,157.42,44.85,47.38,17.09,15.5,31.01,15.18,-43.62
Apex Frozen Food,540692,APEX,Food Products,834.06,93.31,813.55,924.55,3.76,20.82,199.52,258.16,238.34,15.46,11.4,9.1,9.98,40.06,19.46,697.6
Apis India,506166,,Food Products,635.17,47.1,350.34,365.95,21.02,22.99,80.43,86.86,96.25,6.87,11.06,4.01,7.14,27.63,19.67,31.98
APL Apollo Tubes,533758,APLAPOLLO,Industrial Products,49163.79,0,20689.54,21317.4,740.48,1048.79,4773.91,5169.77,5206.3,372,447.02,237.17,301.54,46.88,9.06,460.38
Apollo Hospitals,508869,APOLLOHOSP,Healthcare Services,103412.03,0,21794,23264.7,1395.3,1671.9,5589.3,5842.1,6303.5,851.9,941.1,432.8,477.2,61.85,12.78,25.98
Apollo Micro Sys,540879,APOLLO,Aerospace & Defense,9357.18,0,562.07,669,57.67,85.24,160.71,133.58,225.26,40.98,59.21,19.43,33.05,109.77,40.17,108.25
Apollo Pipes,531761,APOLLOPIPE,Industrial Products,1344.86,0,1181.64,1133.42,31.5,25.75,250.44,275,235.71,20.68,15.77,8.14,1.62,52.23,-5.88,-61.24
Apollo Sindoori,,APOLSINHOT,Leisure Services,326.87,0,541.79,566.95,7.5,11.06,135.06,138.28,149.63,4.98,6.34,3.95,3.09,29.55,10.79,39.19
Apollo Tyres,500877,APOLLOTYRE,Auto Components,33123.59,0,26123.42,26743.39,1234.12,1313.45,6437.03,6560.76,6831.09,867.75,1020.75,331.01,378.38,25.22,6.12,25.57
Aprameya Enginee,,APRAMEYA,Healthcare Equipment & Supplies,630.22,0,135.71,168.57,16.12,24.6,9.27,126.43,42.14,25.78,11.02,17.84,6.76,25.62,354.58,490.75
Aptech,532475,APTECHT,Other Consumer Services,583.23,6.88,459.81,484.21,19.51,21.79,126.5,120.43,134.88,7.33,7.64,6.87,6.46,26.77,6.62,12.94
Aptus Value Hou.,543335,APTUS,Finance,14110.33,0,1750.41,1998.39,751.25,843.33,421.39,520.26,544.04,439.22,452.82,219.25,226.55,16.73,29.11,24.5
Archean Chemical,543657,ACI,Chemicals & Petrochemicals,6212.43,0,1041.02,1113.41,174.71,170.79,240.46,292.36,233.18,78.09,62.6,40.19,29.09,36.37,-3.03,-40.52
Arfin India,539151,ARFIN,Non - Ferrous Metals,1014.12,22.45,615.75,570.54,9.15,7.1,149.11,108.86,127.94,6.6,9.35,1.08,2.45,142.83,-14.2,-5.04
Aries Agro,532935,ARIES,Fertilizers & Agrochemicals,423.36,0,622.21,663.6,33.7,37.93,193.66,161.15,204.32,21.82,38.15,10.03,20.01,11.16,5.5,6.04
Arih.Found.Hsg.,531381,,Realty,1170.01,0,206.44,289.82,41.38,59.03,48.29,82.58,87.8,21.88,23.9,16.35,20.05,19.82,81.82,89.87
Arihant Capital,511605,ARIHANTCAP,Capital Markets,1049.98,0,247.32,205.88,56.19,43.25,76.38,50.77,56.98,20.3,23.8,12.7,13.08,24.28,-25.4,-34.4
Arihant Super.,506194,ARIHANTSUP,Realty,1440.89,0,498.83,546.96,54.49,62.59,111.8,120.96,122.65,36.9,29.96,15.91,9.96,23.02,9.7,-37.63
Arisinfra Solu.,544419,ARISINFRA,Other Construction Materials,1045.45,0,767.67,856.24,2.75,17.83,174.31,212.08,241.19,18.16,22.54,4.82,14.06,58.64,38.37,1305.59
Arkade,544261,ARKADE,Realty,3030.98,0,683.1,779.17,155.43,157.88,201.65,159.45,263.65,34.25,63.17,28.76,45.78,19.2,30.75,5.58
Arman Financial,531179,ARMANFIN,Finance,1567.47,0,730.04,674.33,52.07,-1.09,181.49,151,159.21,41.49,68,-14.58,7.99,,-12.28,-47.68
Arrow Greentech,516064,ARROWGREEN,Industrial Products,770.2,2.4,243.35,215.07,62.34,50.94,64.84,41.6,61.07,14.25,20.75,10.9,15.74,15.12,-5.81,-15.65
Artemis Electri.,542670,,Electrical Equipment,549.77,0,72.35,91.49,7.69,11.49,4.02,19.75,15.8,2.21,4.72,1.37,3.56,47.85,293.03,345
Artemis Medicare,542919,ARTEMISMED,Healthcare Services,4249.87,0,913.26,981.27,83.54,95.36,234.67,249.8,269.78,40.88,50.16,21.42,29.96,44.57,14.96,32.8
Artson,522134,,Industrial Manufacturing,646.84,0,113.55,161.93,3.48,4.96,19.51,44.74,48.12,3.34,-0.03,0.22,-2.24,130.41,146.64,25.33
Arunis Abode,526935,,Commercial Services & Supplies,795.34,0,0,,-0.12,,0,,31.56,,17.16,,14.56,,,8664.71
Arvind Fashions.,542484,ARVINDFASN,Retailing,6543.9,0.85,4619.84,4916.64,-35.61,-15.19,1273.18,1107.31,1417.51,133.36,187.3,12.71,37.63,,11.34,26.8
Arvind Ltd,500101,ARVIND,Textiles & Apparels,8709.85,40.95,8328.81,8687.36,341.65,411.1,2188.31,2006.32,2371.14,177.29,246.92,53.24,103.4,21.19,8.35,73.14
Arvind SmartSp.,539301,ARVSMART,Realty,2768.31,0,713.3,615.52,102.67,92.25,265.58,101.76,140.51,21.47,29.53,11.18,14.18,30.01,-47.09,-65.15
Aryaman Capital,538716,,Finance,579.16,0,77.33,86.43,22.93,34.75,24.31,50.28,36.15,19.35,20.89,17,17.75,16.67,48.7,198.82
Aryaman Fin.Serv,530245,,Finance,829.98,0,118.1,124.8,31.56,40.7,24.86,28.79,18.98,15.08,11.76,10.04,8.05,20.39,-23.65,52.46
Asahi India Glas,515030,ASAHIINDIA,Auto Components,26176.11,0,4594.25,4684.11,341.79,286.83,1157.68,1228.74,1151.22,192.27,188.06,56.17,56.55,91.26,-0.56,-40.77
Asahi Songwon,532853,ASAHISONG,Chemicals & Petrochemicals,301.46,47.57,562.36,557.25,19.99,16.15,141.61,149.88,120.9,10.54,9.5,3.16,2.25,18.67,-14.62,-41.41
Asarfi Hospital,543943,,Healthcare Services,392.56,0,116.47,147.29,10.68,14.05,30.86,35.66,44.85,7.03,8.91,3.2,4.3,27.94,45.33,48.28
Ashapura Minech.,527001,ASHAPURMIN,Minerals & Mining,6499.58,82.62,2738.93,3728.75,294.76,398.38,604.1,1355.57,952.5,181.79,130.68,109.86,96.61,16.32,57.67,117.93
Ashiana Housing,523716,ASHIANA,Realty,3022.64,0,528.72,809.41,21.01,75.13,54.54,292.76,165.57,11.85,29.14,12.72,27.54,40.23,203.58,464.77
Ashika Credit,543766,,Finance,1524.23,0,4.24,4.24,-51.48,-51.48,,69.89,18.09,66.15,14.79,50.4,11.15,,,
Ashima,514286,ASHIMASYN,Textiles & Apparels,351.66,0,10.4,9.01,-17.7,-11.03,5.28,2.44,3.66,-0.23,-2.48,-0.96,-3.22,,-30.68,-251.89
Ashok Leyland,500477,ASHOKLEY,"Agricultural, Commercial & Construction Vehicles",94492.72,9.64,48535.14,50976.16,3060.38,3343.21,11147.58,11708.54,12576.86,2173.13,2441.2,611.07,781.5,28.26,12.82,23.63
Ashoka Buildcon,533271,ASHOKA,Construction,4508.12,0,10036.63,8820.56,1680.55,1512.07,2488.93,1887.07,1851.18,598.65,584.94,217.39,207.94,2.98,-25.62,-54.5
Asian Energy,530355,ASIANENE,Oil,1266.19,0,465.04,524.5,42.12,37.56,97.72,115.37,102,11.46,8.1,5.55,1.23,33.72,4.38,-86.81
Asian Granito,532888,ASIANTILES,Consumer Durables,1465.59,19.13,1558.53,1647.78,27.65,31.88,383.68,388.24,406.92,24.9,36.64,7.47,16.29,45.97,6.06,151
Asian Hotels (N),500023,ASIANHOTNR,Leisure Services,617.25,0,318.19,325.17,-69.1,-40.85,78.08,70.29,76.9,14.84,-2.64,-13.55,-6.79,,-1.51,86.93
Asian Paints,500820,ASIANPAINT,Consumer Durables,284742.68,0.71,33905.62,34378.17,3924.81,4018.77,8027.54,8938.55,8531.27,1624.97,1503.38,1099.77,993.59,70.85,6.28,20.45
Asian Star Co.,531847,,Consumer Durables,1100.62,0,2955.75,3018.5,44.3,38.59,654,716.54,759.4,21.74,24.45,19.34,11.7,28.52,16.12,-38.61
ASK Automotive,544022,ASKAUTOLTD,Auto Components,9445.11,4.07,3600.83,3709.76,247.61,269.37,973.86,891.29,1053.7,119.6,137.12,66.07,79.8,35.06,8.2,18.61
ASM Technologies,526433,,IT - Software,4918.26,24.65,288.81,456.63,25.83,55.4,56.94,122.92,154.46,25.67,30.41,15.57,19.12,88.78,171.27,568.53
Assoc.Alcohols,507526,ASALCBR,Beverages,1844.03,0.11,1075.32,1090.03,81.46,86.09,254.63,266.69,253.84,37.12,24.02,23.66,14.01,21.42,-0.31,-8.55
Astec Lifescienc,533138,ASTEC,Fertilizers & Agrochemicals,1688.02,67.81,381.3,378.19,-136.77,-113.94,98.55,91.08,73.72,-10.99,-6.69,-33.04,-24.43,,-25.2,36.64
Aster DM Health.,540975,ASTERDM,Healthcare Services,32931.08,0,4138.46,4325.23,298.8,367.05,1086.44,1077.87,1197.21,201.64,235.84,88.23,110.24,89.72,10.2,13.83
Astra Microwave,532493,ASTRAMICRO,Aerospace & Defense,8628.71,0,1051.18,1080.71,148.92,161.09,229.61,199.73,214.59,40.95,47.85,16.27,23.9,53.56,-6.54,-5.87
Astral,532830,ASTRAL,Industrial Products,39201.33,0,5832.4,6017,506.74,509.3,1370.4,1361.2,1577.4,184.9,256.8,81.1,134.8,76.97,15.11,22.55
Astrazeneca Phar,506820,ASTRAZEN,Pharmaceuticals & Biotechnology,23101.64,6.39,1716.29,2006.17,175.13,231.16,408,526.31,559.09,81.11,75.18,56.08,58.13,99.94,37.03,51.26
Atal Realtech,543911,ATALREAL,Realty,303.1,0,95.73,94.15,3.54,3.22,28.42,10.6,19.74,1.11,2.54,0.66,1.04,94.13,-30.54,-42.54
Ather Energy,544397,ATHERENERG,Automobiles,25827.55,0,2255,2854.5,-812.3,-764.5,583.5,644.6,898.9,-134.3,-132.5,-178.2,-154.1,,54.05,21.86
Atlanta Electric,544527,ATLANTAELE,Electrical Equipment,6699.62,0,1244.18,1244.18,118.64,118.64,270.22,315.11,316.96,48.78,55.51,31.14,30.2,54.93,17.3,12.39
Atlantaa,532759,ATLANTAA,Construction,331.54,0,68.1,65.9,42.53,8.48,13.43,14.54,12.11,8,-16.36,-1.71,-20.81,39.1,-9.83,-1131.36
Atmastco Ltd,,ATMASTCO,Construction,417.15,0,289.57,272,19.85,17.17,138.91,150.66,121.34,17.44,22.49,5.49,11.68,24.3,-12.65,-18.95
Atul,500027,ATUL,Chemicals & Petrochemicals,17280.77,49.51,5583.35,5898.32,487.3,542.25,1392.83,1478,1551.85,235.5,267.49,127.77,179.24,31.87,11.42,31.01
Atul Auto,531795,ATULAUTO,"Agricultural, Commercial & Construction Vehicles",1230.35,7.83,722.68,759.08,21.48,27.02,181.65,152.78,200.17,10.01,18.51,2.95,9.17,45.53,10.2,69.5
AU Small Finance,540611,AUBANK,Banks,71724.08,0,16063.73,17273.8,2108.63,2173.88,3910.61,4378.44,4511.28,2302.06,2383.18,580.86,560.87,32.99,15.36,-1.81
Aurionpro Sol.,532668,AURIONPRO,IT - Software,5930.23,0,1172.97,1327.55,186.17,203.33,278.28,336.82,357.67,68.16,71.97,51.31,54.35,29.17,28.53,20.59
Aurobindo Pharma,524804,AUROPHARMA,Pharmaceuticals & Biotechnology,70686.62,0,31723.73,32514.48,3463.6,3422.48,7796.07,7868.14,8285.7,1603.03,1678.1,824.75,848.45,20.65,6.28,3.8
Aurum Proptech,539289,AURUM,IT - Services,1231.18,0,263.84,285.89,-33.22,-29.46,63.96,68.4,82.5,13.31,21.25,-9.42,-6.24,,28.99,34.66
Australian Prem,,APS,Electrical Equipment,802.47,0,432.78,570.41,39.13,54.19,163.57,269.64,300.77,36.6,42.07,26.06,28.13,14.81,83.88,114.41
Authum Invest,539177,AIIL,Finance,44865.5,0,4568.35,3865.32,4248.11,4017.55,1091.1,1210.4,595.19,1154.72,575.27,941.32,764.59,11.17,-45.45,-9.38
Auto.Corp.of Goa,505036,,Auto Components,1085.82,0,660.77,790.36,46.6,59.06,129.87,256.41,206.38,27.87,17.05,23.07,14.64,18.38,58.91,99.46
Autoline Industr,532797,AUTOIND,Auto Components,325.54,0,658.55,676.35,21.57,14.11,156.36,151.98,173.31,13.58,16.99,0.02,2.78,23.07,10.84,-43.5
Automotive Axles,505010,AUTOAXLES,Auto Components,2760.25,0,2077.54,2041.52,154.04,157.18,494.68,489.38,461.76,47.86,48.3,35.72,35.95,17.56,-6.65,-0.06
Automotive Stamp,520119,ASAL,Auto Components,808.83,0,775.28,771.08,15.86,15.44,197.11,173.07,211.78,10.75,12.58,2.54,4.39,52.39,7.44,2.57
Autoriders Intl.,512277,,Transport Services,324.73,0,86.14,93.09,8.19,8.48,22.07,23.27,24.64,6.16,6.59,1.78,2.39,38.29,11.64,-10.82
Avadh Sugar,540649,AVADHSUGAR,Agricultural Food & other Products,714.37,0,2635.59,2680.34,87.75,63.42,632.02,716.61,668.15,28.23,17.91,-8.41,-6.59,11.26,5.72,-893.98
Avalon Tech,543896,AVALON,Electrical Equipment,5757.41,0,1098.13,1329.41,59.99,87.46,275.02,323.31,382.46,29.88,38.61,14.21,24.98,65.83,39.07,42.91
Avantel,532406,AVANTEL,Aerospace & Defense,3909.13,0,249.13,227.27,56.44,33.66,77.42,51.91,55.42,10.45,11.32,3.23,4.27,116.14,-28.42,-81.35
Avanti Feeds,512573,AVANTIFEED,Food Products,11171.47,19.57,5612.26,5963.96,504.56,618.56,1355.09,1606.36,1609.69,214.13,193.82,178.29,153.29,18.06,18.79,34.88
Avenue Super.,540376,DMART,Retailing,257209.08,0,59358.05,63880.41,2697.41,2732.6,14444.5,16359.7,16676.3,1299.04,1213.65,772.97,685.01,94.13,15.45,3.86
Avishkar Infra,508929,,Realty,1552.32,0,2.4,2.4,3.22,3.22,,0,0,-0.2,-0.28,-0.51,-0.46,482.09,,
Avonmore Capital,511589,AVONMORE,Finance,480.56,0,179.58,164.36,29,14.07,54.29,36.64,36.92,5.96,7.36,3.84,4.4,34.16,-31.99,-74.6
AVP Infracon,,AVPINFRA,Construction,319.99,0,272.45,369.67,33.1,43.51,95.89,176.56,193.11,32.99,41.85,20.34,23.17,7.35,101.39,81.58
AVT Natural Prod,519105,AVTNPL,Agricultural Food & other Products,1013.25,93.26,556.04,622.42,48.25,61.37,121.83,132.42,160.31,15.93,14.86,12.12,13.29,16.51,31.58,110.62
AWFIS Space,544181,AWFIS,Commercial Services & Supplies,3492.34,0,1207.54,1358.97,47.63,51.28,292.38,334.7,366.86,126.53,132.31,9.98,15.97,68.1,25.47,8.94
AWL Agri Busine.,543458,AWL,Agricultural Food & other Products,32902.08,7.32,63672.24,69731.67,1229.14,1082,14460.45,17058.65,17604.57,365.89,688.18,236.43,244.72,30.41,21.74,-21.32
Axis Bank,532215,AXISBANK,Banks,397974.42,0,127374.09,129272.6,28062.95,25988.99,31601.05,32348.31,32309.77,18365.7,18007.33,6243.72,5527.85,15.31,2.24,-25.31
Axis Solution,511144,,IT - Software,352.9,0,200.67,211.79,35,23.32,41.89,27.43,48.47,3.18,6.54,2.21,5.15,15.13,15.71,-42.65
AXISCADES Tech.,532395,AXISCADES,Aerospace & Defense,5777.11,63.58,1030.72,1085.27,78.21,92.25,264.72,243.71,299.06,34.07,47.08,20.75,23.02,62.62,12.97,83.87
Axita Cotton,542285,AXITA,Textiles & Apparels,371.78,1.38,652.72,654.49,0.48,-1.92,154.93,139.86,156.7,-2.51,-0.5,-1.85,1.33,,1.14,-61.22
Axtel Industries,523850,,Industrial Manufacturing,760.89,16.29,178.56,172.58,17.02,20.04,55.84,27.22,67.34,1.52,13.18,1.9,10.12,37.97,20.59,71.53
AYM Syntex,508933,AYMSYNTEX,Textiles & Apparels,910.46,0,1489,1413.92,12.67,1.49,403.52,326.48,349.15,16.68,19.42,-3.55,-0.39,611.05,-13.47,-109.9
Azad Engineering,544061,AZAD,Electrical Equipment,10509.05,91.93,452.93,520.29,88.53,113.31,111.41,134.51,142.67,48.51,51.39,29.99,33,92.75,28.06,56.62
Azad India,504731,,Industrial Products,809.57,0,9.03,36.53,0.04,0.17,0,7.69,19.81,-0.08,0.05,0.07,0.23,4762.17,,76.92
B H E L,500103,BHEL,Electrical Equipment,96749.4,0,28339.48,29269.17,520.14,558.54,6584.1,5486.91,7511.8,-537.14,580.93,-455.5,374.89,173.22,14.09,253.17
B P C L,500547,BPCL,Petroleum Products,156426.21,1.4,440271.86,441893.8,13587.54,21520.07,102785.27,112551.45,104946.27,9677.95,9761.18,6890.96,6313.56,7.27,2.1,168.3
B-Right Real,543543,,Realty,461.8,0,103.43,117.3,2.22,4.7,40.63,62.8,54.5,6.94,18.97,1.14,3.56,98.19,34.14,513.79
B.L.Kashyap,532719,BLKASHYAP,Construction,1067.29,0,1153.63,1227.59,10.2,-1.81,267.28,336.42,355.13,25.95,20.47,10.85,-8.62,,32.87,-191.9
B.R.Goyal Infra.,544335,,Construction,307.22,0,509.8,694.35,25.04,33.81,212.86,352.22,342.13,25.12,27.46,17.76,16.05,9.09,60.73,163.98
B&B Triplewall,543668,BBTCL,Industrial Products,410.08,0,491.76,563.59,-5.53,-1.95,120.51,152.25,146.33,18.25,21.5,1.94,4.67,,21.43,1930.43
Baazar Style,544243,STYLEBAAZA,Retailing,2056.45,0,1343.55,1666.41,21.82,36.2,310.91,377.83,531.66,58.25,69.14,1.98,10.2,56.81,71,214.74
Bafna Pharma.,532989,BAFNAPH,Pharmaceuticals & Biotechnology,338.64,0,145.86,142.34,6.37,10.57,40.32,34.62,35.47,5.07,4.28,3.39,3.12,32.04,-12.03,19.08
Baheti Recycling,,BAHETI,Industrial Products,588.57,0,523.84,582.26,17.95,20.26,257.19,267.12,315.14,24.17,21.24,10.99,9.27,29.05,22.53,32.05
Bajaj Auto,532977,BAJAJ-AUTO,Automobiles,254305.78,31.87,50994.55,54683.29,7304.03,8329.97,13247.28,13133.35,15734.74,2792.94,2828.69,2210.44,2122.03,30.53,18.78,53.17
Bajaj Consumer,533229,BAJAJCON,Personal Products,3512.98,0,964.83,1016.87,123.95,136.51,233.98,266.7,265.27,40.49,47.83,37.93,42.29,25.73,13.37,32.78
Bajaj Electrical,500031,BAJAJELEC,Consumer Durables,5551.33,0,4826.28,4726.92,112.76,92.42,1118.33,1064.59,1107.14,32.61,57.13,6.82,9.86,60.07,-1,-23.57
Bajaj Finance,500034,BAJFINANCE,Finance,652147.79,0,69709.44,76194.74,16663.99,18301.08,17091.48,19523.88,20178.9,13532.15,13872.31,4699.61,4875.36,35.63,18.06,21.89
Bajaj Finserv,532978,BAJAJFINSV,Finance,334818.16,0,133822.12,141479.18,8885.47,9680.79,33703.74,35439.08,37402.93,14315.19,14050.45,2789.05,2244.1,34.59,10.98,7.53
Bajaj Healthcare,539872,BAJAJHCARE,Pharmaceuticals & Biotechnology,1326.17,22.88,542.6,574.01,39.81,51.18,133.09,148.84,147.91,24.51,26.95,12.17,12.45,25.91,11.14,49.28
Bajaj Hindusthan,500032,BAJAJHIND,Agricultural Food & other Products,2498.52,0,5574.76,5435.02,-23.33,-162.05,1159.67,1248.42,1157.19,-26.85,-53.9,-173.61,-105.07,,-0.21,-39.63
Bajaj Holdings,500490,BAJAJHLDNG,Finance,124318.18,0,739.24,993.12,6439.76,7086.77,279.07,324.66,396.87,283.82,353.42,2053.9,1559.02,17.54,42.21,8.54
Bajaj Housing,544252,BAJAJHFL,Finance,79582.4,0,9575.61,10327.38,2165,2360.96,2410.15,2615.71,2754.85,2371.25,2502.17,583.3,642.96,33.71,14.3,17.84
Bajaj Steel Inds,507944,,Industrial Manufacturing,1066,0,584.56,573.7,64.3,60.45,152.22,107.53,174.62,13.55,31.79,7.4,21.28,17.63,14.72,22.09
Bajel Projects,544042,BAJEL,Electrical Equipment,1997.67,0,2598.24,2645.28,15.43,12.84,662.41,607.64,613.83,16.19,20.49,2.96,3.6,155.58,-7.33,-1.64
Balaji Amines,530999,BALAMINES,Chemicals & Petrochemicals,3648.51,0,1388.8,1364.35,157.48,145.81,346.88,358.34,340.55,54.7,59.82,38,34.56,25.02,-1.82,-15.67
Balaji Telefilms,532382,BALAJITELE,Entertainment,1348.45,2.87,453.09,281.14,86,71.51,144.42,72.83,48.81,-9.82,-6.98,-5.77,-4.84,18.86,-66.2,-185.51
Balgopal Commer.,539834,,Commercial Services & Supplies,395.22,0,0.56,0.18,5.34,-3.1,0.33,0,0,-0.32,-0.24,1.67,-0.09,,-100,-101.27
Balkrishna Inds,502355,BALKRISIND,Auto Components,46058.87,70.86,10446.95,10466.18,1518.06,1379.52,2419.74,2760.02,2393.45,506.2,511.23,288.3,273.19,33.39,-1.09,-21.26
Balmer Law. Inv.,532485,,Finance,1627.73,0,2545.45,2566.02,170.75,171.49,641.57,683.48,638.39,85.81,70.19,44.66,36.88,9.49,-0.5,-8.87
Balmer Lawrie,523319,BALMLAWRIE,Diversified,3101.15,0,2504.65,2554.67,264.71,265.09,638.91,680.66,635.44,83.17,67.46,68.93,56.56,11.7,-0.54,-9.55
Balrampur Chini,500038,BALRAMCHIN,Agricultural Food & other Products,8975.72,0,5415.38,5908.86,394.49,405.05,1297.95,1542.27,1670.76,134.25,120.4,51.57,53.89,22.16,28.72,-19.78
Balu Forge,531112,BALUFORGE,Industrial Products,7080.14,81.5,923.62,1058.14,203.86,243.77,222.88,233.2,299.51,72.28,82.81,57.03,65.04,29.04,34.38,35.5
Banco Products,500039,BANCOINDIA,Auto Components,10711.93,0,3212.52,3521.99,378.86,432.85,894.93,970.09,1038.19,181.92,149.26,109.52,138.9,24.75,16.01,0.14
Bandhan Bank,541153,BANDHANBNK,Banks,22569.57,0,21948.23,21742.03,2745.32,1228.22,5499.81,5475.61,5353.83,2513.98,2376.62,371.96,111.87,18.38,-2.65,-88.07
Banganga Paper,512025,,Commercial Services & Supplies,647.81,0,58.09,86.49,1.88,2.58,16.88,21.16,24.12,1.57,0.9,0.65,0.17,251.09,42.89,30.77
Bank of Baroda,532134,BANKBARODA,Banks,151366.58,0,127944.77,131574.32,20676.96,19236.14,31902.05,32866.31,33318.24,19938.35,21770.46,3469.16,5133.56,7.87,4.44,-4.14
Bank of India,532149,BANKINDIA,Banks,65139.43,0,71307.71,73784.35,9345.36,10019.95,17465.81,18466.61,18521.48,13067.62,13672.29,2204.58,2576.69,6.5,6.04,6.42
Bank of Maha,532525,MAHABANK,Banks,43818.79,0,24947.58,27237.84,5541.4,6086.9,6017.41,7053.98,7128.36,4639.7,4853.76,1504.37,1668.61,7.2,18.46,25.2
Bannari Amm.Sug.,500041,BANARISUG,Agricultural Food & other Products,4513.17,0,1792.97,1905.57,104.65,121.92,473.73,418.62,571.65,36.56,74.92,15.25,42.7,37.02,20.67,24.6
Bansal Wire Inds,544209,BANSALWIRE,Industrial Products,5056.75,0,3507.06,3859.22,144.72,152.38,825.45,939.01,1055.4,71.83,76.78,39.26,38.32,33.19,27.86,-3.43
Banswara Syntex,503722,BANSWRAS,Textiles & Apparels,400.14,44.06,1292.53,1329.65,21.91,21.72,342.61,305.97,344.71,17.63,30.09,-1.37,7.08,18.42,0.61,41.04
Bartronics India,532694,ASMS,IT - Services,341.42,0,40.04,38.85,0.25,1.21,8.85,8.83,12.4,-0.82,0.7,0.45,1,282.17,40.11,300
BASF India,500042,BASF,Chemicals & Petrochemicals,17493.77,0,15162.35,14603.55,472.23,384.69,4247.72,3751.78,3904.04,221.76,153.61,147.15,101.05,45.47,-8.09,-21.02
Basilic Fly Stud,,BASILIC,Entertainment,852.69,99.65,304.09,417.47,40.34,52.59,76.02,228.07,189.4,47.37,37.54,28.73,23.86,16.22,149.14,106.76
Bata India,500043,BATAINDIA,Consumer Durables,12430.56,0.57,3488.79,3450.18,241.76,186.02,837.14,941.85,801.33,198.82,144.94,55.21,18.89,66.82,-4.28,-63.66
Batliboi,522004,,Industrial Manufacturing,557.32,0,412.94,405.06,13,8.06,104.21,69.54,120.94,-1.63,9.05,-2.58,5.7,69.15,16.05,1.24
Bayer Crop Sci.,506285,BAYERCROP,Fertilizers & Agrochemicals,20193.86,0,5473.4,5571.8,568.94,608.9,1737.6,1914.6,1553.4,348.4,205.3,278.7,152.7,33.16,-10.6,12.03
BCL Industries,524332,BCLIND,Beverages,949.52,0,2815.14,2941.56,94.42,104.22,721.28,791.95,691.41,53.49,67.12,30.63,28.9,9.11,-4.14,4.52
Bedmutha Indus.,533270,BEDMUTHA,Industrial Products,328.2,0,1048.9,1229.56,23.93,-0.05,251.47,310.6,363.67,10.51,14.27,-3.3,-0.93,,44.62,-108.77
Beekay Steel Ind,539018,,Industrial Products,803.22,0,1076.35,1149.99,61.77,68.75,228.86,282.84,265.66,17.75,20.58,31.17,11.63,11.68,16.08,-64.5
Bella Casa Fashi,539399,BELLACASA,Textiles & Apparels,530.74,0.02,348.51,383.82,15.79,18.96,106.81,89.91,126.03,7.39,10.43,4.7,6.41,27.99,17.99,39.05
Belrise Industri,544405,BELRISE,Auto Components,14334.92,0,8290.82,9056.86,354.93,455.28,2068.73,2262.21,2353.54,280.52,296.19,111.68,132.98,31.49,13.77,81.54
Bemco Hydraulics,522650,,Industrial Manufacturing,432.84,0,100.12,95.04,12.45,14.04,24.88,11.71,22.33,2.21,5.8,1.44,4.02,30.83,-10.25,15.85
BEML Land Assets,543898,BLAL,Finance,835.44,,0,0,-3.75,-4.13,0,0,0,-2.47,-0.23,-2.74,-0.53,,,31.17
BEML Ltd,500048,BEML,"Agricultural, Commercial & Construction Vehicles",14243.31,0,4022.22,4001.38,290.62,295.88,859.84,633.99,839.09,-49.29,73.18,-64.11,48.03,48.14,-2.41,-5.88
Benares Hotels,509438,,Leisure Services,1209.54,0,135.47,136.9,43.25,43.27,24.47,25.01,23.9,10.03,8.24,7.58,6.08,27.95,-2.33,-15.56
Bengal & Assam,533095,,Finance,8413.74,0,2187.14,2225.68,719.37,813.92,589.88,573.13,642.38,100.79,191.12,247.45,218.89,10.34,8.9,71.69
Berger Paints,509480,BERGEPAINT,Consumer Durables,64683.76,7.34,11544.71,11707.34,1168.36,1105.49,2774.61,3200.76,2827.49,528.41,352.25,342.02,206.29,58.51,1.91,-23.5
Best Agrolife,539660,BESTAGRO,Fertilizers & Agrochemicals,897.58,0.12,1814.31,1446.52,69.89,12.8,746.6,381.24,516.83,45.82,77.51,19.92,38.93,70.12,-30.78,-58.87
Beta Drugs Ltd,,BETA,Pharmaceuticals & Biotechnology,1647.63,21.93,362.36,385.64,45.79,45.26,180.3,182.05,203.59,35.8,41.01,21.34,23.92,36.4,12.92,-2.13
BF Investment,533303,BFINVEST,Finance,1587.56,0,62.74,64.51,222.29,82.05,18.58,9.43,19.35,8.03,16.64,38.44,39.95,19.35,4.14,10.91
BF Utilities,532430,BFUTILITIE,Transport Infrastructure,2259.6,0,18.58,17.95,15.99,7.66,8.92,5.77,7.97,-2.03,1.67,6.42,1.79,294.99,-10.65,284.54
BGR Energy Sys.,532930,BGRENERGY,Construction,2900.39,0,452.48,367.98,-968.74,-993.8,82.54,88.61,83.25,-105.28,-56.47,-265.12,-62.27,,0.86,66.86
Bhageria Indust.,530803,BHAGERIA,Chemicals & Petrochemicals,772.88,15.65,594.61,714.85,34.31,50.97,129.11,157.48,204.39,17.69,23.11,11.27,11.79,15.16,58.31,80
Bhagiradha Chem.,531719,BHAGCHEM,Fertilizers & Agrochemicals,2994.08,3.15,440.47,489.23,13.86,12.19,103.73,123.78,140.1,8.99,15.06,3.98,5.5,245.62,35.06,1.1
Bhagyanagar Ind,512296,BHAGYANGR,Non - Ferrous Metals,421.64,0,1625.57,1914.35,11.43,27.41,408.02,485.6,580.37,16.19,25.2,7.57,11.27,15.38,42.24,202.14
Bhansali Engg.,500052,BEPL,Chemicals & Petrochemicals,2235.84,0,1397.75,1323.79,179.94,166.68,366.91,307.91,325.1,52.55,49.08,45.89,40.45,13.41,-11.4,-12.69
Bharat Bijlee,503960,BBL,Electrical Equipment,3255.65,0,1901.69,2071.19,133.23,147.04,394.08,464.9,473.44,33.64,34.81,27.88,28.23,22.14,20.14,50.24
Bharat Dynamics,541143,BDL,Aerospace & Defense,55419,0,3345.05,4004.08,549.66,654.13,544.77,247.93,1147.03,-45.37,187.51,18.35,215.88,84.72,110.55,76.19
Bharat Electron,500049,BEL,Aerospace & Defense,297617.65,3.77,23768.75,25152.11,5304.24,5695.67,4604.9,4439.74,5792.09,1238.27,1702.17,969.91,1287.77,52.25,25.78,17.88
Bharat Forge,500493,BHARATFORG,Auto Components,67255.44,0,15122.8,15268.83,951.16,1080.93,3688.51,3908.75,4031.93,669.59,724.3,283.68,299.2,62.22,9.31,22.83
Bharat Global,521238,,IT - Hardware,1450.04,0,668.55,424.29,16.03,4.98,216.35,19.94,6.16,0.88,0.26,1.43,0.17,291.17,-97.15,-98.32
Bharat Parenter.,541096,,Pharmaceuticals & Biotechnology,754.6,69.18,340.38,356.86,-12.43,-5.4,71.63,116,64.62,13.78,0.83,8.23,-7.24,,-9.79,3.47
Bharat Rasayan,590021,BHARATRAS,Fertilizers & Agrochemicals,4183.09,26.41,1170.65,1226.29,115.81,138.72,327.87,377.4,285.96,73.17,33.07,54.41,26.16,30.15,-12.78,-34.84
Bharat Seats,523229,BHARATSE,Auto Components,1101.92,0,1288.82,1584.96,32.6,38.06,290.67,427.06,458.6,21.71,22.65,9.18,9.9,28.95,57.77,39.44
Bharat Wire,539799,BHARATWIRE,Industrial Products,1175.28,0,619.32,639.89,72.39,73.28,152.19,141.65,164.59,30.11,38.43,15.61,22.14,16.04,8.15,17.39
Bharti Airtel,532454,BHARTIARTL,Telecom - Services,1265246.92,0,172985.2,194613.5,22676.77,32200.3,41473.3,49462.6,52145.4,27838.7,29561.4,5947.9,6791.7,39.29,25.73,65.11
Bharti Hexacom,544162,BHARTIHEXA,Telecom - Services,87974.88,0,8547.9,9120,1329.37,1604.91,2097.6,2263,2317.3,1160.7,1208.1,391.6,421.2,54.82,10.47,66.42
Bhartiya Intl.,526666,BIL,Consumer Durables,1090.99,0,1029.26,1183.47,15.74,28.92,295.91,279.96,399.4,25.85,35.44,5.58,9.93,37.72,34.97,29.3
Bhatia Colour,543497,,Chemicals & Petrochemicals,499.4,0,124.09,137.9,3.71,4.84,59.49,65.6,72.3,3.86,5.14,1.68,3.16,103.18,21.53,54.15
Bhatia Communic.,540956,,Retailing,347.25,0,442.5,476.46,13.83,13.82,107.32,111.54,134.34,5.62,5.6,3.58,3.73,25.13,25.18,1.91
BIGBLOC Const.,540061,BIGBLOC,Cement & Cement Products,932.27,0,224.45,245.09,9.6,-1.23,51.66,56.36,67.32,1.3,1.89,-3.19,-1.19,,30.31,-155.87
Bikaji Foods,543653,BIKAJI,Food Products,17968.79,0,2621.85,2808.83,201.37,215.99,721.17,652.67,830.3,96.27,128.21,59.9,82.8,83.19,15.13,19.72
Billionbrains,544603,GROWW,Capital Markets,93338.85,0,4061.15,4061.15,1824.37,1824.37,1125.39,904.4,1018.74,482.67,603.45,378.37,471.34,49.77,-9.48,12.18
Biocon,532523,BIOCON,Pharmaceuticals & Biotechnology,52509.4,0,15261.7,16475.8,986.86,474.5,3590.4,3941.9,4295.5,748.9,835.4,31.4,89.45,110.66,19.64,486.23
Birla Cable,500060,BIRLACABLE,Telecom -  Equipment & Accessories,415.78,0,661.65,666.54,5,5.03,181.72,176.44,176.07,7.82,7.2,1.34,0.69,82.66,-3.11,-65.5
Birla Corpn.,500335,BIRLACORPN,Cement & Cement Products,8373.01,0.58,9214.49,9732.31,327.63,527.23,1952.56,2454.22,2206.53,346.73,304.88,119.57,90.48,15.88,13.01,459.19
Birla Precision,522105,,Industrial Manufacturing,316.84,0,207.18,224.98,6,10.82,54.95,58.18,60.97,6.63,7.72,2.71,4.99,29.28,10.96,150.75
BirlaNu Ltd,509675,BIRLANU,Consumer Durables,1186.46,34.22,3615.23,3596.59,-89.28,-104.37,774.46,1052.28,810.15,39.68,-9.74,-1.32,-42.86,,4.61,25.56
Birlasoft Ltd,532400,BSOFT,IT - Software,12060.87,0,5375.24,5293.39,508.36,461.58,1368.22,1284.9,1328.9,158.81,214.17,106.43,116.1,26.13,-2.87,-8.95
Bizotic Commer.,543926,,Textiles & Apparels,813.53,0,111.94,131.72,4.29,10.83,52.86,57.94,73.78,4.27,11.63,2.45,8.38,75.12,39.58,520.74
Black Box,500463,BBOX,IT - Services,9017.94,94.76,5966.91,6017.63,274.17,271.71,1497.23,1386.74,1584.59,104.79,142.72,59.74,67.97,33.19,5.83,-3.68
Black Rose Indus,514183,,Chemicals & Petrochemicals,502.86,34.57,391.2,313.43,21.11,20.36,93.05,59.85,83.98,5.86,7.21,4.24,4.43,24.7,-9.75,-4.53
Blackbuck,544288,BLACKBUCK,Transport Services,11430.79,0,421.94,522.57,365.71,382.18,97.63,141.04,148.67,40.92,37.14,34.94,30.58,29.91,52.28,153.99
Bliss GVS Pharma,506197,BLISSGVS,Pharmaceuticals & Biotechnology,1812.13,0,809.73,860.28,84.3,109.63,217.68,207.47,244.4,41.33,31.75,43.04,27.25,16.53,12.27,12.32
BLS E-Services,544107,BLSE,IT - Services,1900,0,519.35,880.58,50.42,56.38,77.16,243.99,269.75,17.73,20.01,14.68,15.43,33.7,249.6,7.83
BLS Internat.,540073,BLS,Leisure Services,13711.02,0,2193.3,2652.82,504.07,602.04,495.01,710.57,736.63,204.23,212.76,171,175.23,22.77,48.81,26.77
Blue Cloud Soft.,539607,,IT - Software,914.45,0,796.86,789.31,44.27,52.25,235.27,206.05,252.92,21.2,23.81,14.39,15.42,17.5,7.5,35.86
Blue Dart Expres,526612,BLUEDART,Transport Services,13190.88,0,5720.18,5920.26,236.95,266.37,1448.46,1441.92,1549.33,195.61,251.96,48.83,81.38,49.52,6.96,29.5
Blue Jet Health,544009,BLUEJET,Pharmaceuticals & Biotechnology,9436.72,86.6,1029.99,1179.07,299.13,352.39,208.26,354.76,165.48,121,54.95,91.17,52.14,26.78,-20.54,-10.64
Blue Pearl Agri,514440,,Chemicals & Petrochemicals,5621.28,0,35.33,45.94,0.64,0.58,7.46,11.79,12.44,0.35,0.37,0.27,0.28,9691.87,66.76,-22.22
Blue Star,500067,BLUESTARCO,Consumer Durables,35653.7,6.48,11967.65,12230.94,585.24,536.92,2275.96,2982.25,2422.37,198.58,182.43,120.96,99.01,66.4,6.43,2.93
Bluestone Jewel,544484,BLUESTONE,Consumer Durables,7984.56,0,1770,1770,-221.19,-221.19,373.36,492.58,513.09,56.58,42.74,-32.79,-49.11,,37.43,41.86
Bluspring Enter.,544414,BLUSPRING,Commercial Services & Supplies,1006.6,0.66,3483.57,3247.14,-32.39,-27.54,770.43,797.23,857.48,11.67,17.35,-4.34,5.23,,11.3,36.2
BMW Industries,542669,,Industrial Products,852.86,0,557.08,563.55,61.7,62.66,149.73,148.47,144.57,31.55,37.22,15.28,15.32,13.61,-3.45,-14.51
BMW Ventures,544543,BMWVENTLTD,Metals & Minerals Trading,520.44,0,2062.04,2062.04,32.81,32.81,472.65,484.59,501.85,19.25,19.96,8.03,7.11,15.49,6.18,12.32
BN Agrochem,526125,,Commercial Services & Supplies,3704.13,91.44,299.41,719.21,60.23,67.34,0,203.31,216.49,23.81,1.28,20.08,17.92,55.01,,414.94
Bodal Chemicals,524370,BODALCHEM,Chemicals & Petrochemicals,655.03,0,1744.94,1828.99,27.47,36.3,428.63,454.2,480.45,47.61,22.99,9.53,6.02,18.04,12.09,2608.33
Bombay Burmah,501425,BBTC,Food Products,12902.95,6.71,18298.01,18858.47,1125.59,1115.85,4760.84,4711.91,4942.83,724.19,936.27,240.7,240.84,11.56,3.82,-4.85
Bombay Dyeing,500020,BOMDYEING,Textiles & Apparels,2754.21,32.34,1605.43,1514.3,29.06,59.69,380.63,377.84,362.63,-14.04,-12.71,13.91,1.93,46.14,-4.73,106.86
Bombay Oxygen,509470,,Finance,342,0,20.21,-9.57,17.12,-8.77,23.97,28.89,-5.7,28.49,-6.12,24.23,-5.22,,-123.78,-128.29
Bombay Super Hyb,,BSHSL,Agricultural Food & other Products,1070.05,0,357.92,353.56,26.35,27.73,28.21,152.94,26.85,15.36,4.15,12.27,2.24,38.59,-4.82,8.21
Bondada Engineer,543971,,Telecom - Services,4055.87,0,1571.38,2307.45,110.34,166.22,480.6,1090.78,1216.67,121.07,143.03,76.47,89.75,24.4,153.16,147.65
Borana Weaves,544404,BORANA,Textiles & Apparels,725.55,0,290.31,333.78,40.8,51.15,70.81,81,95.5,17.15,21.67,12.2,16.65,14.18,34.87,97.74
Borosil,543212,BOROLTD,Consumer Durables,3715.44,3.33,1090.15,1181.33,64.66,86.74,278.23,232.69,340.36,37.34,48.3,17.41,22.71,42.83,22.33,23.96
Borosil Renew.,502219,BORORENEW,Industrial Products,7740.47,30.92,1476.42,1460.49,-83.24,-18.6,373.09,346.58,378.88,63,118.45,-0.52,28.76,,1.55,395.02
Borosil Scienti.,544184,BOROSCI,Industrial Products,1085.17,14.94,434.19,433.81,26.79,18.11,102.98,95.98,106.9,4.86,8.03,2.25,2.89,59.91,3.81,-67.12
Bosch,500530,BOSCHLTD,Auto Components,108843.55,8.51,18087.4,18959.7,2012.26,2271.53,4394.3,4788.6,4794.8,639.3,617.1,670.49,554.2,47.92,9.11,10.82
Brahmaputra Inf.,535693,,Construction,326.46,0,247.13,318.45,29.68,52.21,32.21,92.14,90.77,22.25,22.84,15.04,14.64,6.25,181.81,3653.85
Brainbees Solut.,544226,FIRSTCRY,Retailing,15065.27,0,7659.61,8064.27,-161.07,-134.63,1904.92,1862.56,2099.08,33.13,62.15,-42.4,-33.22,,10.19,33.09
Brand Concepts,543442,BCONCEPTS,Retailing,369.89,0,291.92,313.57,5.23,2.04,77.24,71.69,97.62,3,11,-2.72,2.34,181.32,26.39,-8.95
Brigade Enterpr.,532929,BRIGADE,Realty,21512.03,0,5074.21,5588.84,683.08,795.44,1072.16,1281.14,1383.37,323.33,327.8,149.88,162.5,27.04,29.03,36.58
Brigade Hotel,544457,BRIGHOTEL,Leisure Services,2844.27,0,468.25,468.25,20.23,20.23,107.99,124.16,125.72,40.95,37.15,6.21,9.07,118.76,16.42,69.53
Bright Outdoor,543831,,Media,840.41,0,126.73,132.04,19.08,20.01,57.21,69.53,62.51,13.33,14.17,9.93,10.08,42,9.26,10.28
Brightcom Group,532368,BCG,IT - Services,2298.5,99.99,5146.67,5760.92,710.04,808.14,1302.79,1455.49,1643.98,379.89,421.75,210.87,233.03,2.84,26.19,25.09
Britannia Inds.,500825,BRITANNIA,Food Products,143637.81,6.17,17942.67,18487.65,2196.26,2316.83,4667.57,4622.22,4840.63,752.2,951.24,520.72,654.47,62,3.71,23.12
Brookfield India,543261,BIRET,Realty,21406.27,0,2385.59,2552.17,184.35,370.07,590.2,641.62,670.63,450.03,465.1,124.56,139.46,57.84,13.63,354.27
BSE,,BSE,Capital Markets,114691.34,0,3212.04,3698.51,1392.19,1797.89,813.3,958.39,1068.39,625.93,680.26,527.46,558.43,63.79,31.36,61.05
Butterfly Gan Ap,517421,BUTTERFLY,Consumer Durables,1205.52,0,864.5,905.45,31.02,40.77,257.7,187.37,292.99,12.77,27.79,6.43,17,29.57,13.69,34.07
C C C L,532902,CCCL,Realty,835.45,0,181.92,214.5,-32.17,-28.27,56.63,51.31,66.06,-21.69,-3.87,-16.47,1.57,,16.65,110.41
C D S L,,CDSL,Capital Markets,32407.54,0,1082.21,1080.26,527.02,473,322.26,258.81,318.89,130.08,176.31,102.37,140.22,68.51,-1.05,-13.46
C P C L,500110,CHENNPETRO,Petroleum Products,13825.67,0,58983.38,61314.05,214.09,1169.8,12086.4,14812.23,16327.34,98.64,1144.49,-40.1,719.19,11.82,35.09,213.49
C.E. Info System,543425,MAPMYINDIA,IT - Software,9152.74,0,463.25,493.47,127.75,145.63,103.67,121.61,113.77,54.3,26.37,46.11,18.51,62.85,9.74,-38.97
C2C Advanced,,C2C,Aerospace & Defense,829.58,93.24,115.11,137.99,28.84,42.77,43.22,71.89,66.1,27.72,29.46,19.11,23.66,19.4,52.94,143.17
Camlin Fine,532834,CAMLINFINE,Chemicals & Petrochemicals,2828.88,80.99,1666.53,1751.86,-132.23,16.08,417.32,423.55,459.83,19.04,33.06,-3.96,-5.77,175.95,10.19,-115.76
Campus Activewe.,543523,CAMPUS,Consumer Durables,8373.07,0,1592.96,1650.39,121.21,123.77,333.29,343.27,386.61,49.27,49.9,22.2,20.07,67.65,16,40.35
Cams Services,543232,CAMS,Capital Markets,19211.72,0,1333.9,1372.26,421.82,440.03,341.9,334.38,353.89,149.18,161.1,105.19,110.94,43.66,3.51,-3.71
Can Fin Homes,511196,CANFINHOME,Finance,11972.39,0,3878.61,4054.47,857.19,921.34,962.48,1020.33,1049.45,929.34,974.11,223.87,251.43,12.99,9.04,18.89
Canara Bank,532483,CANBK,Banks,134954.35,0,121601.11,125841.25,17537.37,19140.98,30181.85,31522.98,32071.97,18381.98,18820.99,5006.6,4850.03,7.05,6.26,15.81
Canara HSBC,544583,CANHLIFE,Insurance,11649.8,0,10709.57,10709.57,116.75,116.75,3323.2,3631.61,2347.94,6.36,15.75,23.42,40.81,96.53,-29.35,10.69
Canara Robeco,544580,CRAMC,Capital Markets,5679.49,0,403.84,403.84,190.7,190.7,104.48,121.07,107.65,81.76,67.98,60.98,48.71,29.99,3.03,-2.68
Cantabil Retail,533267,CANTABIL,Textiles & Apparels,2145.94,0.19,721.07,776.61,74.86,78.32,151.11,158.68,175.98,48.95,42.11,14.67,6.75,27.4,16.46,3.05
Capacit'e Infra.,540710,CAPACITE,Construction,2216.2,0,2349.51,2497.31,203.32,199.34,517.97,589.36,646.16,101.6,108.32,45.69,49.1,11.12,24.75,10.09
Capillary Tech.,544614,CAPILLARY,IT - Software,5581.22,72.42,598.26,598.26,14.15,14.15,,,,,,,,394.43,,
Capital India,530879,CIFL,Finance,1428.87,0,611.86,545.74,1.85,-56.8,142.82,122.64,130.84,21.82,-26.99,-2.91,-53.99,,-8.39,-11118.37
Capital Infra,544338,CAPINVIT,Construction,1949.11,0,159.06,526.54,-37.31,-32.6,,159.06,367.48,-2.69,46.19,-37.31,4.71,,,
Capital Small,544120,CAPITALSFB,Banks,1240.16,0,908.5,969.97,131.64,135.19,223.59,247.08,256.46,156.92,168.05,32.01,34.89,9.17,14.7,4.65
Capital Trade Lk,538476,,Finance,385.12,0,25.4,24.79,2.26,6.96,5.55,6.29,5.34,5.07,3.92,2.48,2.29,55.33,-3.78,1808.33
Caplin Point Lab,524742,CAPLIPOINT,Pharmaceuticals & Biotechnology,14918.47,100,1937.47,2039.67,536.2,588.78,483.1,510.22,534.04,177.76,189.17,152.8,154.45,25.34,10.54,18.08
Capri Global,531595,CGCL,Finance,18185.68,0,3247.71,3903.31,478.57,716.72,751.69,1003.78,1121.37,647.43,743.54,174.9,236,25.37,49.18,143.35
Captain Polyplas,536974,,Industrial Products,506.7,3.96,286.52,318.17,18.86,20.39,53.26,69.74,79.73,7.3,7.89,4.3,4.24,24.85,49.7,38.11
Captain Techno.,540652,,Industrial Manufacturing,387.77,0,92.16,113.7,8.05,11.12,40.94,51.22,62.48,6.92,9.68,4.71,6.41,34.87,52.61,92.49
Carborundum Uni.,513375,CARBORUNIV,Industrial Products,16559.86,53.46,4894.22,4989.67,360.87,249.89,1224.12,1219.02,1298.08,121.25,156.41,61.89,74.51,66.27,6.04,-35.69
CARE Ratings,534804,CARERATING,Capital Markets,4625.3,7.37,402.32,436.31,137.24,152.86,117.37,93.91,136.37,27.74,68.4,25.78,56.67,30.26,16.19,22.96
Career Point Edu,544499,CPEDU,Other Consumer Services,498.93,0,49.66,49.66,18.67,18.67,12.13,14.52,11.42,9.07,5.26,7.18,5.06,25.51,-5.85,21.34
Carraro India,544320,CARRARO,Auto Components,3101.28,32.18,1792.15,1956.41,85.53,96.36,436.74,489.18,581.84,46.57,50.54,28.51,30.6,32.18,33.22,41.8
Cartrade Tech,543333,CARTRADE,Retailing,14147.36,0,641.12,712.18,133.81,187.04,154.21,173.04,193.41,43.5,63.59,42.87,59.66,75.64,25.42,113.99
Carysil,524091,CARYSIL,Consumer Durables,2658.75,81.42,815.57,874.96,64,81.09,207.07,226.99,240.67,43.85,46.11,22.82,27.19,32.79,16.23,61.85
Castrol India,500870,CASTROLIND,Petroleum Products,18917.95,0,5364.85,5635.47,920.22,976.65,1288.18,1496.83,1362.75,349.52,322.8,244,227.8,19.37,5.79,9.82
CCL Products,519600,CCL,Agricultural Food & other Products,12691.58,0,3105.75,3776.63,310.34,338.22,738.2,1055.64,1126.73,159.03,197.13,72.45,100.86,37.52,52.63,36.39
CEAT,500878,CEATLTD,Auto Components,15811.58,0,13217.87,14022.58,495,524.21,3304.53,3529.41,3772.65,387.73,503.38,114.85,185.95,30.16,14.17,52.54
Ceigall India,544223,CEIGALL,Construction,4058.27,0,3436.73,3486.9,283.84,258.47,772.19,838.18,806.57,109.12,113.63,53.18,57.99,15.7,4.45,-13.86
Ceinsys Tech,538734,,IT - Software,1781.8,11.83,418.06,574.23,62.85,97.06,90.04,156.6,163.45,30.26,35.62,31.64,25.74,18.36,81.53,120.94
Cellecor Gadgets,,CELLECOR,Consumer Durables,690.73,0,1025.95,1241.72,30.9,35.81,425.71,600.23,641.49,28.95,33.97,16.28,19.53,19.29,50.69,33.58
Cello World,544012,CELLO,Consumer Durables,12396.19,0,2136.39,2262.12,338.82,333.27,490.06,529.01,587.44,109.05,127.66,73.02,85.66,37.2,19.87,4.92
Cemindia Project,509496,CEMPRO,Construction,14082.2,0,9096.94,9442.39,362.34,445.45,1990.87,2542.36,2175.45,232.84,203.32,137.22,107.66,31.61,9.27,49.44
Central Bank,532885,CENTRALBK,Banks,33381.61,0,33797.45,34595.01,3958.55,4524.87,8235.34,8623.38,8776.54,5227.96,5448.07,1225.12,1231.79,7.38,6.57,33.34
Centrum Capital,501150,CENTRUM,Finance,1349.34,0,3503.4,3662.94,-207.34,-127.36,783.63,846.27,822.94,205.03,175.65,-13.93,-40.65,,5.02,-72.91
Centum Electron,517544,CENTUM,Industrial Manufacturing,3262.83,0,1155.42,1214.1,-9.56,23.34,259.83,273.4,290.62,22.72,17.9,3.71,4.23,139.8,11.85,1464.52
Century Enka,500280,CENTENKA,Textiles & Apparels,950.32,0,2001.69,1747.63,59.08,59.16,536.27,401.53,408.7,19.89,31.63,15.35,22.56,16.06,-23.79,4.64
Century Plyboard,532548,CENTURYPLY,Consumer Durables,17852.97,0,4527.8,4893.69,193.93,231.68,1183.62,1169.36,1385.53,128.16,174.62,51.86,68.9,77.06,17.06,72.42
Cera Sanitary.,532443,CERA,Consumer Durables,6897.36,0,1915.25,1934.57,246.35,235.79,489.99,419.42,487.91,53.07,67.14,46.53,56.65,29.25,-0.42,-16.79
CESC,500084,CESC,Power,23074.11,0,17001.29,17907,1329.67,1450,4700,5202,5267,864,1061,387,425,15.91,12.06,20.4
CFF Fluid,543920,,Aerospace & Defense,1274.18,0,145.56,169.66,23.85,28.93,80.03,65.53,104.13,17.83,29.37,9.8,19.13,44.04,30.11,36.16
CG Power & Ind,500093,CGPOWER,Electrical Equipment,104331.7,9.79,9908.66,11069.29,948.93,1068.45,2412.69,2878.05,2922.79,381.22,376.71,269.23,286.72,97.65,21.14,29.76
Chalet Hotels,542399,CHALET,Leisure Services,19652.65,0,1717.83,2609.62,141.31,578.38,377.05,894.55,735.31,357.27,299.24,203.15,154.84,33.98,95.02,211.81
Chaman Metallics,,CMNL,Ferrous Metals,322.68,0,172.18,277.37,9.73,1.06,91.34,80.85,196.52,5.67,11.93,3.61,-2.55,304.42,115.15,-141.33
Chamanlal Setia,530307,CLSEL,Agricultural Food & other Products,1318.98,0,1495.26,1343.21,102.66,94.13,369.43,307.27,272.95,29.43,24.26,21.64,18.93,14.01,-26.12,-29.1
Chambal Fert.,500085,CHAMBLFERT,Fertilizers & Agrochemicals,17302.17,0,16646.2,19477.16,1582.74,1862.5,4346.18,5697.61,6412.76,760.97,841.73,548.96,648.76,9.29,47.55,20.95
Chandan Healthca,,CHANDAN,Healthcare Services,784.92,0,230.12,255.46,22.17,27.13,110.46,119.66,135.8,21.49,28.29,11.53,15.6,28.93,22.94,46.62
Chandrima Mercan,540829,,Commercial Services & Supplies,454.77,0,29.19,76.62,0.73,4.06,8.09,4.41,57.36,0.43,5.54,0.42,4.23,112.01,609.02,522.06
Chembond Chemic.,544450,CHEMBONDCH,Chemicals & Petrochemicals,416.81,0,292.27,292.27,30.55,30.55,75.03,65.38,73.04,8.42,10.67,6.26,7.25,13.49,-2.65,4.92
Chemcon Special.,543233,CHEMCON,Chemicals & Petrochemicals,737.07,0,207.4,216.51,24.43,24.9,52.6,53.52,53.71,7.77,6.85,6.39,5.75,29.6,2.11,-9.16
Chemfab Alka.,541269,CHEMFAB,Chemicals & Petrochemicals,712.85,0.29,334.37,344.04,8.95,1.28,81.9,91.54,76.56,11.3,5.46,2.55,-2.01,556.91,-6.52,-279.25
Chemplast Sanmar,543336,CHEMPLASTS,Chemicals & Petrochemicals,4144.8,0,4346.07,4341.53,-111.75,-218.28,992.75,1099.9,1033.2,17.07,43.25,-64.25,-51.04,,4.07,-63.28
Cheviot Company,526817,CHEVIOT,"Paper, Forest & Jute Products",622.74,43.15,439.43,509.79,49.49,56.3,102.85,119.72,148.21,19.88,22.58,28.71,14.84,11.06,44.1,-19.7
Choice Intl.,531358,CHOICEIN,Finance,16452.82,0,921.07,970.65,162.69,181.33,247.39,233.88,274.43,82.73,89.31,45.01,55.23,90.73,10.93,20.12
Chola Financial,504973,CHOLAHLDNG,Finance,35969.04,0,33196.06,36160.19,2174.32,2228.18,8090.16,9296.32,9461.41,5154.4,5102.29,578.5,549.92,16.14,16.95,4.64
Cholaman.Inv.&Fn,511243,CHOLAFIN,Finance,146022.51,0,25845.98,28536.73,4262.7,4645.19,6255.12,7266.8,7491.38,4980.48,5030.95,1137.83,1159.61,31.44,19.76,19.82
CIAN Agro,519477,,Agricultural Food & other Products,3132.89,0,1029,1818.73,41.16,112.3,125.01,510.8,421.41,114.44,74.32,52.21,19,27.9,237.1,63433.33
CIE Automotive,532756,CIEINDIA,Auto Components,15751.03,0,8964.07,9123.42,826.23,801.2,2134.63,2369,2371.84,336.76,355.66,203.01,213.17,19.66,11.11,9.49
Cigniti Tech.,534758,CIGNITITEC,IT - Services,5268.68,94.87,2014.34,2148.2,220.82,285.27,499.2,534.2,567.3,88.9,96.2,65.9,82.6,18.47,13.64,56.14
Cipla,500087,CIPLA,Pharmaceuticals & Biotechnology,122829.69,56.39,27547.62,28349.57,5145.69,5441.14,7051.02,6957.47,7589.44,1778.14,1894.75,1297.62,1351.17,22.57,7.64,3.73
City Pulse Multi,542727,,Retailing,3185.51,0,2.81,4.12,1.34,1.84,1,1.81,2.31,1.23,1.72,0.85,0.99,1731.25,131,102.04
City Union Bank,532210,CUB,Banks,20170.2,0,5834.04,6269.92,1123.59,1208.47,1433.95,1605.33,1653.13,1117.08,1141.05,305.92,328.59,16.69,15.29,15.22
CL Educate,540403,CLEDUCATE,Other Consumer Services,455.15,0,358.08,477.3,-6.64,-3.59,97.6,145.68,164.35,17.51,23.69,-2.87,6.94,,68.39,61.02
Clean Science,543318,CLEAN,Chemicals & Petrochemicals,9432.88,63.62,922.32,908.17,292.32,293.93,228.06,219.91,211.31,100.66,90.05,76.57,64.64,32.09,-7.34,-4.15
Clear Secured,,,,317.42,0,476.18,476.18,14.19,14.19,,,,,,,,22.37,,
CLN Energy,544347,,Auto Components,444.29,0,219.18,296.35,12.63,16.86,74.83,144.35,152,14.51,16.32,8.29,8.57,26.35,103.13,84.7
CMS Info Systems,543441,CMSINFO,Commercial Services & Supplies,5743.35,0,2424.53,2436.59,359.42,357.68,624.54,627.41,608.62,157.88,137.42,93.58,73.35,16.06,-2.55,-19.32
Coal India,533278,COALINDIA,Consumable Fuels,234152.87,0,143368.92,140712.05,35358.56,31207.25,31181.89,35842.19,30186.7,12521.42,6716.15,8743.38,4354.28,7.5,-3.19,-30.76
Cochin Shipyard,540678,COCHINSHIP,Industrial Manufacturing,43271.58,0,4527.84,4649.73,842.78,757.94,1096.98,977.42,951.3,233.64,56.16,187.86,101.09,57.09,-13.28,-47.64
Coffee Day Enter,539436,COFFEEDAY,Leisure Services,704.94,0,1159.38,1097.29,-26.21,-39.07,269.34,269.32,279.53,32.21,31.56,-6.8,-12.46,,3.78,-278.72
Coforge,532541,COFORGE,IT - Software,66197.11,0,12050.7,14342.3,799.26,1138.86,3025.6,3688.6,3985.7,577,732.5,283.85,375.8,58.13,31.73,75.93
Cohance Life,543064,COHANCE,Pharmaceuticals & Biotechnology,20756.18,91.63,1197.58,2252.45,237.33,343.51,603.77,549.31,555.57,112.01,120.95,54.63,74.08,60.42,-7.98,-46.5
Colab Platforms,542866,,Finance,4011.66,0,70.06,105.58,2.86,4.64,14.17,21.79,40.12,-0.06,0.31,1.2,1.57,864.58,183.13,196.23
Colgate-Palmoliv,500830,COLPAL,Personal Products,58889.23,4.33,6040.17,5877.91,1436.54,1325.91,1619.11,1434.06,1519.5,452.57,465.43,320.62,327.51,44.41,-6.15,-17.1
Commerl. Synbags,539986,COMSYN,Industrial Products,559.13,0,341.26,367.68,14.05,24.1,85.63,89.38,97.44,10.14,12.07,5.06,8.54,23.2,13.79,255.83
Concord Biotech,543960,CONCORDBIO,Pharmaceuticals & Biotechnology,14718.92,44.85,1200.09,1125.15,355.08,323.95,310.18,203.99,247.06,61.4,88.5,44.06,63.58,45.44,-20.35,-33.59
Concord Control,543619,,Industrial Manufacturing,2420.26,0,124.34,156.26,22.65,30.4,49.75,74.71,81.55,15.1,20.49,14.38,16.02,79.61,63.92,93.48
Concord Enviro,544315,CEWATER,Other Utilities,787.26,38.76,594.44,557.05,51.49,52.29,161.89,102.39,124.85,-1.19,7.49,5.14,5.31,15.06,-22.88,-71.95
Confidence Petro,526829,CONFIPET,Gas,1196.08,0,3145.76,3717.08,90.84,93.96,745.76,1111.99,983.01,82.8,82.44,20.16,20.33,12.73,31.81,14.6
Connplex Cinemas,,CONNPLEX,Entertainment,467.56,0,95.61,118.98,18.51,22.43,40.69,54.92,64.06,13.45,17.85,9.38,13.05,20.85,57.43,36.08
Cons. Finvest,,CONSOFINVT,Finance,526.66,0,65.53,67.52,108.28,66.53,16.72,14.84,18.25,14.7,18.06,12.66,15.71,7.92,9.15,-66.69
Container Corpn.,531344,CONCOR,Transport Services,38933.87,0,8887.02,9004.3,1306.18,1310.42,2287.75,2153.63,2354.53,432.68,575.71,266.54,378.7,29.71,2.92,-3.01
Control Print,522295,CONTROLPR,IT - Hardware,1163.38,0,425.03,448.66,100.26,100.03,101.79,111.29,111.96,18.58,25.92,6.47,18.65,11.63,9.99,35.34
Cool Caps,,COOLCAPS,Industrial Products,1717.81,0,238.49,409.56,12.06,12.05,96.2,142.29,267.27,0.77,18.43,6.88,5.17,142.56,177.83,1.57
Coromandel Inter,506395,COROMANDEL,Fertilizers & Agrochemicals,67961.67,0,24085.24,28620.01,1731.82,2127.3,7432.83,7042.3,9654.13,782.08,1146.52,505.01,805.33,31.95,29.88,21.28
Corona Remedies,,,,6495.2,0,1196.42,1196.42,149.58,149.58,,,,,,,,43.42,,
Corporate Merch,540199,,Finance,2423.31,0,3.67,0,2.16,3.78,0,0,0,-0.88,-0.2,0.58,1.02,641.09,,5000
Cosmic CRF,543928,,Industrial Products,1145.52,0,401.63,536.7,24.5,35.95,169.38,232.25,304.45,22.42,37.84,11.45,24.5,31.86,79.74,89.92
Cosmo First,508814,COSMOFIRST,Industrial Products,1890.43,52.03,2895.1,3165.57,130.35,146.22,758.92,800.03,919.03,91.88,103.07,42.87,46.69,12.93,21.1,2.05
Craftsman Auto,543276,CRAFTSMAN,Auto Components,16941.14,6.94,5690.48,7110.93,212.35,260.46,1213.95,1784,2001.59,264.94,301.9,75.57,91.21,65.04,64.88,47.85
Creative Graphic,,CGRAPHICS,Industrial Products,485.6,1.41,251.08,313.92,20.77,23.83,113.05,138.03,175.89,19.08,20.97,11.62,12.21,20.38,55.59,33.44
Creative Newtech,,CREATIVE,Commercial Services & Supplies,1054.7,61.95,1782.55,2110.76,46.21,59.93,411.42,392.96,655.75,10.89,22.78,10.18,18.95,17.6,59.39,43.34
CreditAcc. Gram.,541770,CREDITACC,Finance,20742.77,0,5752.33,5758.25,531.4,133.69,1453.29,1462.89,1508.35,577.76,663.81,60.19,125.81,155.16,3.79,-32.38
Credo Brands,544058,MUFTI,Retailing,624.74,0,618.18,592.4,69.21,57.31,185.57,119.94,163.73,31.04,48.12,6.3,18.87,10.9,-11.77,-28.68
Crest Ventures,511413,CREST,Finance,1033.97,0,204.31,184.19,88.51,51.17,35.38,63.11,29.54,40.54,11.69,25.19,3.72,20.21,-16.51,-78.28
CRISIL,500092,CRISIL,Finance,32525.62,0,3259.78,3480.35,660.99,749.2,811.84,843.02,911.24,238.77,263.23,171.57,193.1,43.41,12.24,12.56
Crizac,544439,CRIZAC,Retailing,4802.34,0,849.49,849.49,152.43,152.43,129.88,209.54,162.25,61.16,63.26,45.81,48.34,26.6,24.92,138.72
Crompton Gr. Con,539876,CROMPTON,Consumer Durables,16745,0,7863.55,7743.8,555.95,486.8,1896.15,1998.38,1915.57,191.74,158.37,122.29,85.19,34.4,1.02,-31.79
Cropster Agro,523105,,Industrial Products,1737.12,0,194.29,209.8,12.99,14.73,47.51,51.02,52.49,4.11,4.24,3.97,4.12,117.93,10.48,32.48
CSB Bank,542867,CSBBANK,Banks,6709.56,0,3597.14,4050.37,593.99,621,864.85,1040.94,1109.16,576.34,552.05,118.6,160.33,10.8,28.25,15.84
CSL Finance,530067,CSLFINANCE,Finance,673.41,0,215.51,233.04,72.23,81.53,54.06,59.45,63.67,46.14,50.03,21.32,24.46,8.26,17.78,37.03
Cube Highways,543899,CUBEINVIT,Transport Infrastructure,18487.68,0,3307.14,3719.83,-82.67,30.99,819.65,944.28,1051.62,671.9,770.47,0.46,40.22,596.57,28.3,234.52
Cummins India,500480,CUMMINSIND,Industrial Products,123909.87,17.05,10390.69,11643.62,1995.16,2304.5,2508.6,2906.82,3170.27,623.5,694.79,594.21,622.33,53.77,26.38,38.49
Cupid,530843,CUPID,Personal Products,9803.04,51.13,183.01,266.82,41.48,61.73,47.28,64.74,90.21,21.42,34.18,15.02,24.12,158.81,90.8,140.24
Cupid Breweries,512361,,Beverages,346,0,0.58,0.47,-0.5,-0.73,0.1,0.12,0,-0.44,-0.21,-0.45,-0.21,,-100,-10.53
CWD,543378,,Consumer Durables,834.83,6.02,32.9,67.49,2.51,8.52,6.97,26.34,41.15,7.11,8.47,4.33,4.19,97.98,490.39,328.96
Cybertech Sys.,532173,CYBERTECH,IT - Software,464.19,0,235.9,237.04,34.78,35.47,57.95,58.19,58.79,4.93,4.62,8.17,8.66,13.09,1.45,-3.13
Cyient,532175,CYIENT,IT - Services,12981.25,71.43,7360.4,7328.4,612.73,563.86,1849.1,1711.8,1781,228.2,214,153.8,117.36,23.02,-3.68,-34.47
Cyient DLM,543933,CYIENTDLM,Industrial Manufacturing,3388.07,0,1519.63,1461.36,68.08,81.64,389.45,278.43,310.63,25.06,31.19,7.46,32.15,41.5,-20.24,108.09
D B Corp,533151,DBCORP,Media,4521.17,0,2339.11,2364.17,371.9,344.84,558.95,559.45,614.41,110.62,138.14,80.84,93.46,13.11,9.92,13.19
D P Wires,543962,DPWIRES,Industrial Products,310.81,3.11,620.93,548.57,22.2,13.8,145.09,126.14,130.05,3.83,0.13,3.6,1.2,22.52,-10.37,-80.07
D-Link India,533146,DLINKINDIA,IT - Hardware,1543.39,0.14,1383.86,1427.94,97.04,103.69,336.91,350.16,376.62,29.35,32.97,24.38,25.38,14.88,11.79,-5.01
D.P. Abhushan,544161,DPABHUSHAN,Consumer Durables,3493.74,0,3306.97,3309.4,112.7,150.37,1004.72,540.37,967.65,54.3,75.72,36.42,51.46,23.23,-3.69,104.78
Dabur India,500096,DABUR,Personal Products,90484.84,0,12563.09,12781.29,1760.45,1808.97,3028.59,3404.58,3191.32,667.42,587.97,513.91,452.55,50.02,5.37,6.48
Dalmia Bharat,500097,DALMIASUG,Agricultural Food & other Products,2392.56,0,3745.73,3788.73,383.66,328.4,920.31,940.88,988.72,89.71,56.23,39.25,23.32,7.29,7.43,-56.29
Dalmia BharatLtd,542216,DALBHARAT,Cement & Cement Products,37317.02,0,13980,14325,701.33,1112.86,3087,3636,3417,883,696,380.86,236,33.53,10.69,413.04
Dam Capital Advi,544316,DAMCAPITAL,Capital Markets,1508.24,0,249.96,278.28,103.62,112.18,63.26,30.8,106.99,5.94,75.86,0.16,52.11,13.44,69.13,140.14
Danish Power,,DANISH,Electrical Equipment,1328.3,2.13,424.97,472.64,58.33,66.92,163.38,261.58,211.06,51.03,36.4,37.61,29.31,19.85,29.18,41.39
Danlaw Tech.,532329,,Industrial Manufacturing,383.46,0,218.38,237.35,19.05,19.9,54.58,54.77,65.58,6.94,9.59,3.47,5.5,19.27,20.15,21.68
Data Pattern,543428,DATAPATTNS,Aerospace & Defense,15487.38,15.06,708.35,920.04,215.03,233.43,91.02,99.33,307.46,32.08,68.48,25.5,49.19,66.35,237.79,62.45
Datamatics Glob.,532528,DATAMATICS,IT - Services,4971.6,0,1723.36,1880.41,161.91,203.82,406.75,467.56,490.23,75.93,88.83,50.38,63.24,24.39,20.52,49.29
Davangere Sugar,543267,DAVANGERE,Diversified FMCG,556.26,0,214.99,202.35,10.92,12.64,39.33,24.07,48.19,11.39,15.37,1.3,2.63,44.01,22.53,103.88
DC Infotech,543636,DCI,IT - Hardware,386.88,0,555.48,608.42,14.5,16.82,130.32,148.09,153.42,6.49,8.47,4.05,5.01,23,17.73,35.77
DCB Bank,532772,DCBBANK,Banks,5561.25,0,6470.59,7049.26,615.19,669.68,1568.4,1813.57,1822.75,1208.76,1283.84,157.26,183.91,8.3,16.22,18.29
DCM Shriram,523367,DCMSHRIRAM,Diversified,19046.76,0,12077.35,12777.16,586.02,712.47,2957.33,3261.91,3271.68,303.51,309.1,113.38,158.04,26.73,10.63,151.18
DCM Shriram Inds,523369,DCMSRIND,Agricultural Food & other Products,1411.59,26.9,2051.59,1990.02,100.8,60.95,533.08,498.59,526.85,43.59,9.57,16.87,-3.12,23.16,-1.17,-113.62
DCW,500117,DCW,Chemicals & Petrochemicals,1612.49,0,2000.34,2026.79,30.03,50,488.74,475.5,539.21,53.73,58.02,11.39,13.81,32.25,10.33,1204.8
DCX Systems,543650,DCXINDIA,Aerospace & Defense,1900.3,0,1083.67,1164.98,38.88,25.73,195.62,222.16,192.85,1.12,-12.81,4.06,-9.04,73.86,-1.42,-273.18
DDev Plastiks,543547,DDEVPLSTIK,Chemicals & Petrochemicals,2973.92,0,2603.32,2846.91,186.01,197.59,580.35,769.22,680.15,72.91,63.87,52.15,47.11,15.05,17.2,5.34
DE Nora India,590031,DENORA,Industrial Products,371.31,8.43,68.58,101.5,2.21,2.65,18.13,41.97,21.84,2.44,4.02,3.25,3.87,140.12,20.46,17.99
Dec.Gold Mines,512068,,Non - Ferrous Metals,1794.44,0,3.82,4.98,-32.8,-47.89,3.65,0.38,3.06,-24.14,-10.88,-24.69,-16.61,,-16.16,74.2
Deccan Cements,502137,DECCANCE,Cement & Cement Products,1095.36,0,526.98,525.24,5.41,33.18,120.46,150.56,140.31,27.88,20.16,15.35,9.07,33.01,16.48,324.5
DEE Development,544198,DEEDEV,Industrial Manufacturing,1446.26,39.39,827.36,942.13,43.84,49.24,194.02,223.76,270,35.87,44.06,13.2,17.86,29.37,39.16,-19.77
Deep Industries,543288,DEEPINDS,Oil,2763.25,0,576.13,742.57,211.1,207.32,130.62,199.5,221.01,81.6,91.6,58.82,67.41,13.33,69.2,75.5
Deepak Builders,544276,DBEIL,Construction,582.39,0,579.14,506.52,56.75,47.43,121.82,106.6,45.05,26.31,12.74,14.99,4.98,12.28,-63.02,-66.98
Deepak Fertilis.,500645,DEEPAKFERT,Chemicals & Petrochemicals,16316.27,0,10274.42,10910.95,916.63,984.32,2746.72,2658.75,3005.83,513.02,463.64,243.17,213.2,16.58,9.43,1.48
Deepak Nitrite,506401,DEEPAKNTR,Chemicals & Petrochemicals,21388.91,16.41,8281.93,7874.86,680.46,531.41,2032,1889.88,1901.89,189.56,204.27,112.2,118.71,40.25,-6.4,-38.87
Delhivery,543529,DELHIVERY,Transport Services,30255.05,0,8931.9,9423.19,141.11,138.22,2189.73,2294,2559.32,141.26,68.17,91.05,-50.38,218.89,16.88,-593.92
Delphi World,533452,DELPHIFX,Finance,408.91,,54.72,54.72,-8.63,-8.63,14.29,11.94,49.66,2.28,2.72,4.51,1.7,,247.52,900
Delta Corp,532848,DELTACORP,Leisure Services,1867.72,0,729.63,736.46,89.39,147.32,187.65,184.17,182.76,39.1,39.65,29.46,25.1,12.68,-2.61,-6.97
Delton Cables,504240,,Electrical Equipment,589.2,0.1,709.27,788.54,13.12,18.39,174.92,156.33,241.34,13.3,18.21,3.08,6.29,32.04,37.97,220.92
Den Networks,533137,DEN,Entertainment,1493.71,0,1005.41,991.5,151.64,191.87,249.08,241.27,241.43,19.19,17.99,54.22,35.16,7.79,-3.07,-32.45
Denta Water,544345,DENTA,Other Utilities,933.98,0,203.29,247.05,52.8,66.16,48.29,67.28,74.27,22.46,23.68,18.55,18.93,14.12,53.8,71.16
Dev Accele.,544513,DEVX,Commercial Services & Supplies,373.58,0,158.88,158.88,1.74,1.74,34.47,55.63,51.84,26.39,26.42,0.13,1.77,214.7,50.39,-71.59
Devyani Intl.,543330,DEVYANI,Leisure Services,16861.95,0,4951.05,5240.71,5.83,-31.07,1222.16,1356.97,1376.75,205.88,192.11,3.88,-19.72,,12.65,-98719.25
Dhabriya Poly.,538715,,Industrial Products,411.59,2.55,234.91,247.45,18.01,23.34,58.05,62.09,66.99,12.35,13.66,6.54,7.61,17.63,15.4,82.06
Dhampur Bio,543593,DBOL,Agricultural Food & other Products,515.51,0,1861.54,2011.79,15.74,1.71,465.97,525.52,557.69,1.38,-8.06,-22,-15.99,301.47,19.68,31.58
Dhampur Sugar,500119,DHAMPURSUG,Agricultural Food & other Products,774.38,0,1956.52,2056.65,49.97,57.1,421.1,521.42,504.19,22.82,9.51,0.85,-7.88,13.56,19.73,41.54
Dhanashree Elect,542679,,Electrical Equipment,369.37,0,98.45,112.45,3.46,4.3,17.03,25.57,19.56,2.53,2.91,1.05,0.74,85.9,14.86,27.59
Dhanlaxmi Bank,532180,DHANBANK,Banks,1006.89,0,1319.88,1436.58,66.42,84.21,328.83,367.76,383.61,201.54,230.3,12.18,23.2,11.96,16.66,-10.11
Dhanuka Agritech,507717,DHANUKA,Fertilizers & Agrochemicals,5644.25,0,2035.15,2013.83,291.81,280.01,654.28,528.29,598.25,83.19,136.73,55.5,93.97,20.16,-8.56,-20.04
Dharmaj Crop,543687,DHARMAJ,Fertilizers & Agrochemicals,794.94,0,951.04,951.04,34.98,34.98,311.33,367.38,347.26,50.73,31.79,32.59,17.33,25.41,11.54,-17.59
Dhunseri Invest.,533336,DHUNINV,Finance,724.83,0,539.48,443.97,90.58,16.79,160.06,185.2,78.91,94.56,-48.5,52.98,-26.9,43.18,-50.7,-150.53
Dhunseri Vent.,523736,DVL,Diversified,1006.47,0,527.61,528.98,144.16,66.99,148.3,173.48,81.9,83.47,-44.37,71.26,-10.68,15.02,-44.77,-115.76
Diamond Power,522163,DIACABS,Electrical Equipment,7613.75,0.16,1115.39,1381.38,34.5,61.77,250.3,301.82,438.33,30.91,45.93,20.11,27.73,123.26,75.12,593.25
DIC India,500089,DICIND,Chemicals & Petrochemicals,470.24,11.27,881.53,879.08,18.93,19.45,221.01,226.48,223.17,9.36,11.74,4.36,5.87,24.18,0.98,196.46
Diffusion Eng,544264,DIFFNKG,Industrial Products,1058.41,8.77,335.2,345.89,33.12,42.36,82.47,80.67,83.57,10.58,11.77,12.19,10.09,24.99,1.33,18.16
DigiSpice Tech.,517214,DIGISPICE,IT - Services,582.36,0,448.48,478.13,6.2,14.31,108.86,123.76,124.58,6.4,6.92,6.93,7.16,40.7,14.44,337.04
Digitide Solutio,544413,DIGITIDE,IT - Services,1942.08,,2067.24,1868.47,129.74,87.36,450.77,463.83,476.48,49.97,44.31,11.63,29.18,22.23,5.7,19.84
Dilip Buildcon,540047,DBL,Construction,7332.07,0,11316.72,10232.02,470.15,433.23,2496.78,2620.34,1925.89,520.51,470.82,115.21,101.69,16.92,-22.87,-19.81
Disa India,500068,,Industrial Manufacturing,1839.74,8.91,384.69,410.64,54.58,52.77,85.29,101.73,103.54,15.08,14.56,13.15,12.23,34.86,21.4,-1.29
Dish TV India,532839,DISHTV,Entertainment,740.24,0,1567.6,1337.18,-152.66,-340.53,395.62,329.36,291.13,72.84,31.86,-94.53,-132.65,,-26.41,-254.87
Dishman Carbogen,540701,DCAL,Pharmaceuticals & Biotechnology,3492.51,0,2711.5,2759.38,-18.28,149.49,789.04,708.05,652.65,140.68,148.89,24.78,65.27,23.36,-17.29,88.81
Divgi Torq,543812,DIVGIITTS,Auto Components,1838.18,0,218.92,265.38,24.37,30.27,53.96,71.68,82.97,14,16.63,8.93,10.75,60.73,53.76,37.12
Divi's Lab.,532488,DIVISLAB,Pharmaceuticals & Biotechnology,171808.59,88.17,9360,10029,2190.27,2485,2338,2410,2715,729,888,545,689,69.14,16.12,35.1
Divine Power,,DPEL,Industrial Products,621,0,341.67,377.24,9.17,9.39,144.02,197.65,179.59,10.24,10.18,4.65,4.74,66.13,24.7,5.33
Dixon Technolog.,540699,DIXON,Consumer Durables,83366.79,4.48,38860.1,48436.92,772.92,1292.76,11534.08,12835.66,14855.04,482.37,561.33,224.97,670,64.49,28.79,184.68
DLF,532868,DLF,Realty,178185.68,0,7993.66,9016.03,4657.55,3859.74,1975.02,2716.7,1643.04,364.16,283.56,762.67,1007.1,46.17,-16.81,-27.08
DMCC Speciality,506405,DMCC,Chemicals & Petrochemicals,655.29,19.05,431.23,496.26,21.75,27.85,102.7,127.02,126.02,16.88,14.01,7.75,5.75,23.53,22.71,-0.86
Dodla Dairy,543306,DODLA,Food Products,7370.85,10.2,3720.07,3836.53,252.3,260.08,997.62,1006.87,1018.82,82.52,92.81,62.87,65.67,28.34,2.13,3.61
Dolat Algotech,505526,DOLATALGO,Capital Markets,1265.44,0,529.9,402.14,215.44,120.37,145.56,110.6,58.92,64.98,20.09,38.81,4.51,10.51,-59.52,-93.24
Dollar Industrie,541403,DOLLAR,Textiles & Apparels,1921.82,3.9,1682.19,1768.52,87.39,103.08,445.83,383.85,470.29,40.2,61.35,19.62,35.49,18.64,5.49,34.28
Dolphin Offshore,522261,DOLPHIN,Oil,1386.19,0,74.02,90,46.15,52.95,16.73,16.44,24.62,15.62,22.01,11.33,15.61,26.18,47.16,20.82
DOMS Industries,544045,DOMS,Household Products,15786.37,14.29,1912.63,2140.03,202.55,214.72,457.77,562.28,567.91,98.74,99.51,57.28,58.27,73.52,24.06,13.52
Donear Inds.,512519,DONEAR,Textiles & Apparels,529.28,0,913.7,938.07,31.89,33.74,209.87,196.32,236.92,21.18,30.36,8.81,12.4,15.69,12.89,17.31
Dr Agarwal's Eye,526783,,Healthcare Services,2636.6,0,397.15,429.58,54.09,62.97,102.19,116.92,117.72,37.13,40.08,17.26,19.32,41.87,15.2,36.54
Dr Agarwal's Hea,544350,AGARWALEYE,Healthcare Services,16001.42,0,1711,1877.05,76.32,116.04,416.57,487.42,498.69,127.86,136.14,30.05,29.69,137.89,19.71,79.07
Dr Lal Pathlabs,539524,LALPATHLAB,Healthcare Services,25377.72,0,2461.4,2599.7,488.68,534.3,660.2,669.8,730.6,192.3,224.1,132.4,150.4,47.5,10.66,16.41
Dr Reddy's Labs,500124,DRREDDY,Pharmaceuticals & Biotechnology,106480.9,0,32643.9,34310,5549.67,5772.2,8038.2,8572.1,8828.3,2173.6,2009.9,1418.1,1347.1,18.45,9.83,7.28
Dreamfolks Servi,543591,DREAMFOLKS,Transport Infrastructure,605.27,0,1291.88,1208.7,65.14,64.65,316.86,348.95,205.52,26.94,11.96,21.28,11.23,9.36,-35.14,-30.25
Dredging Corpn.,523618,DREDGECORP,Engineering Services,2467.41,0,1142.14,1240.88,-45.51,-15.86,204.5,242.24,211.79,46.91,24.95,-23.33,-34.18,,3.56,38.37
DSM Fresh,544568,,Food Products,349.13,0,130.73,159.66,9.05,13.83,66.92,63.81,95.85,11.13,15.27,6.59,7.24,25.24,43.23,196.72
Dugar Housing,511634,,Construction,346.78,0,0.3,0,0.12,-0.38,0.3,0,0,-0.15,-0.14,-0.13,-0.05,,-100,-117.86
Dwarikesh Sugar,532610,DWARKESH,Agricultural Food & other Products,713.78,0,1358.88,1422.97,23.32,15.06,246.06,405.47,245.93,3.92,-41.25,-9.38,-32.62,47.4,-0.05,-35.92
Dynacons Sys.,532365,DSSL,IT - Services,1139.05,0.78,1266.83,1320.43,72.41,78.67,306.33,328.69,352.21,31.73,37.12,19.61,22.58,14.48,14.98,23.66
Dynamatic Tech.,505242,DYNAMATECH,Industrial Manufacturing,5752.94,74.97,1403.8,1459.41,43.04,35.66,361.42,370.93,392.38,37.78,46.24,10.77,5.27,161.33,8.57,-56.19
Dynamic Cables,540795,DYCL,Industrial Products,1604.73,0,1025.37,1126.28,64.86,77.21,234.15,262.04,281.56,26.94,30.82,18.21,19.64,20.78,20.25,41.81
Dynemic Products,532707,DYNPRO,Chemicals & Petrochemicals,333.83,0,367.52,373.37,15.02,17.58,97.85,94.43,89.31,12.77,12.29,4.81,4.44,18.99,-8.73,14.14
E Factor Experie,,EFACTOR,Other Consumer Services,451.41,0,171.55,206.01,19.38,24.98,18.14,153.41,52.6,26.17,7.73,19.92,5.06,18.07,189.97,1924
E2E Networks,,E2E,IT - Services,4272.49,33.69,163.96,154.99,47.46,8.9,47.55,36.11,43.8,10.51,18.01,-2.84,-13.46,480.06,-7.89,-210.78
Easy Trip Plann.,543272,EASEMYTRIP,Leisure Services,2810.5,0,587.32,522.18,107.35,54.07,144.67,113.79,118.34,0.32,3.24,1.32,3.75,51.98,-18.2,-85.52
eClerx Services,532927,ECLERX,Commercial Services & Supplies,23039.25,100,3365.87,3691.52,519.09,614.1,831.84,934.56,1004.85,220.53,271.07,141.68,183.19,37.52,20.8,30.62
Eco Recyc.,530643,,Other Utilities,883.11,0,43.96,43.35,64.62,20.5,12.87,9.24,14.42,5.06,7.19,7.8,5.73,43.08,12.04,-28.64
Ecos (India),544239,ECOSMOBLTY,Transport Services,1366.58,0,616.38,712.22,55.57,56.76,155.28,177.64,207.49,21.85,23.95,13.26,14.3,24.08,33.62,-6.84
Edelweiss.Fin.,532922,EDELWEISS,Finance,9946.29,0,9414.77,8241.71,398.83,424.89,2795.38,2245.65,1860.87,796.54,605.59,66.77,128.41,23.41,-33.43,16.49
EFC (I),512008,EFCIL,Commercial Services & Supplies,2531.28,0,656.74,862.46,112.82,147.79,166.44,219.62,254.59,102.16,110.8,34.41,44.63,17.13,52.96,54.27
Effwa Infra,,EFFWA,Other Utilities,574.16,0,185.12,214.47,20.11,25.49,60.86,124.26,90.21,22.72,15.42,15.35,10.14,22.52,48.23,113.03
Eicher Motors,505200,EICHERMOT,Automobiles,197746.92,0,18870.35,21427.66,4740.59,5107.32,4263.07,5041.84,6171.59,1202.78,1511.9,1205.22,1369.45,38.72,44.77,24.46
EID Parry,500125,EIDPARRY,Food Products,18374.24,0,31608.61,35879.59,715.11,1016.82,9330.35,8723.68,11624.44,805.33,1197.68,246.28,424.41,18.07,24.59,38.86
EIH,500840,EIHOTEL,Leisure Services,23435.5,0,2743.15,2799.14,767.75,762.1,588.99,573.58,597.94,159.81,153.74,119.42,108.02,30.75,1.52,-17.77
EIH Assoc.Hotels,523127,EIHAHOTELS,Leisure Services,2197.7,0,408.24,399.99,96.16,95.48,70.84,68.74,58.33,8.98,2.67,7.16,2.13,23.02,-17.66,-61.76
Eimco Elecon(I),523708,EIMCOELECO,Industrial Manufacturing,940.62,0.18,246.47,210.94,48.26,40.89,66.63,67.57,33.24,12.31,5.22,14.48,5.35,23,-50.11,-59.04
Ekansh Concept,531364,,Commercial Services & Supplies,315.57,0,39.32,34.24,-0.89,1.61,17.87,6.78,15.04,1.1,2.25,0.68,1.28,196,-15.84,-31.55
Elantas Beck,500123,,Chemicals & Petrochemicals,7259.26,0,748.51,829.58,139.52,138.16,183.57,209.93,216.55,39.64,47.18,39.29,36.26,52.54,17.97,16.7
Elcid Investment,503681,,Finance,2596.86,0,211.14,113.21,153,75.93,56.35,91.97,43.98,91.09,42.49,70.62,31.74,34.2,-21.95,-26.98
Eldeco Housing,523329,ELDEHSG,Realty,968.41,0,133.35,133.12,21.51,14.77,33.38,28.69,33.05,3.21,3.29,3.13,2.63,65.57,-0.99,-41.69
Elecon Engg.Co,505700,ELECON,Electrical Equipment,10649.99,0,2226.96,2395.16,413.68,449.26,508.14,490.57,578.13,130.3,125.64,107.52,87.72,23.71,13.77,0
Electronics Mart,543626,EMIL,Retailing,4460.74,0,6964.83,6879.43,160.62,91.23,1335.43,1739.39,1590.97,110.05,81.65,26.73,6.29,48.9,19.14,-73.13
Electrost.Cast.,500128,ELECTCAST,Industrial Products,4265.47,23.32,7319.97,6433.74,716.48,495.8,1827.8,1557.69,1395.79,170.24,92.85,89.05,78.29,8.6,-23.64,-49.55
Electrotherm(I),526608,ELECTHERM,Industrial Products,1030.5,5.53,4115.37,3890.62,321.55,173.19,813.68,834.05,814.26,51.76,-12.13,27.75,-21.62,5.95,0.07,-146.61
Elgi Equipments,522074,ELGIEQUIP,Industrial Products,15853.06,0,3510.4,3675.19,348.67,389.58,868.86,866.7,968,121.1,139.9,85.6,121.4,40.69,11.41,28.17
Elin Electronics,543725,ELIN,Consumer Durables,849.91,0.31,1180.21,1252.09,22.71,38.31,304.56,295.48,374.54,17.56,20.36,9.39,10.3,22.19,22.98,115.48
Elitecon Inter.,539533,,Cigarettes & Tobacco Products,13799.85,0,548.75,3124.24,69.65,230.27,,524.87,2192.09,73.37,153.63,72.08,101.88,59.93,,
Ellen.Indl.Gas,544421,ELLEN,Chemicals & Petrochemicals,4988.01,0,312.48,312.48,80.22,80.22,94.71,83.63,89.17,30.7,33.49,18.71,36.72,57.14,-5.85,23.84
Elpro Internatio,504000,,Realty,1368.89,0,390.23,216.18,57.27,71.88,206.69,99.72,53.53,70.9,22.4,74.32,11.22,19.04,-74.1,-65.18
Emami,531162,EMAMILTD,Personal Products,22953.79,0,3809.19,3715.13,775.76,753.77,890.59,904.09,798.51,212.11,176.71,164.26,148.35,30.45,-10.34,-30.24
Emami Paper,533208,EMAMIPAP,"Paper, Forest & Jute Products",534.01,0,1928.04,1839.63,25,18.51,495.09,459.76,450.61,37.68,36.26,6.31,6.58,28.85,-8.98,-13.31
Emami Realty Ltd,533218,EMAMIREAL,Realty,354.17,0,82.31,86.06,-127.11,-185.49,6,6.01,9.17,-40.71,-24.1,-50.8,-35.54,,52.83,-167.82
Embassy Develop,532832,EMBDL,Realty,9952.69,0,2179.93,2388.63,99.57,-184.81,475.47,680.92,493.11,-10.76,-52.27,-165.85,-153.32,,3.71,-346.48
Embassy Off.REIT,542602,EMBASSY,Realty,41793,0,4126.62,4302.64,1622.72,302.67,997.32,1059.79,1124.41,820.96,868.15,155.17,232.18,138.08,12.74,-84.83
Emcure Pharma,544210,EMCURE,Pharmaceuticals & Biotechnology,26452.91,53.66,7896,8449.24,684.63,801.91,2001.98,2100.54,2269.82,416.77,475.48,209.32,243.46,32.99,13.38,25.13
Emerald Leisures,507265,,Leisure Services,386.71,0,15,14.99,-10.8,-10.53,3.05,3.63,3.01,1.3,0.83,-2.52,-3.15,,-1.31,0
Emk.Global Fin.,532737,EMKAY,Capital Markets,750.07,0,360.43,293.4,56.84,22.3,108.02,72.97,72.09,5.83,1.41,4.78,0.46,33.64,-33.26,-98.23
Emkay Tools,,ETL,Industrial Manufacturing,918.11,0,116.55,116.55,44.49,44.49,53.94,,61.89,,33.52,,24.36,18.77,14.74,22.17
Emmvee Photovol.,544608,EMMVEE,Electrical Equipment,14704.02,0.87,2335.61,2335.61,368.94,368.94,402.4,1027.82,1131,350.49,399.39,187.67,237.86,25.72,181.06,577.28
Empire Inds.,509525,,Diversified,560.19,0,676.97,709.07,34.21,36.97,163.41,166.8,180.38,15.46,21.14,9.62,12.39,15.15,10.38,26.3
EMS,543983,EMSLIMITED,Other Utilities,2298.97,0,965.83,926.49,183.54,163.22,233.47,238.89,172.47,54.11,36.16,37.88,28.24,14.09,-26.13,-43.12
eMudhra,543533,EMUDHRA,IT - Services,5108.31,0,519.39,605.91,84.65,95.02,141.22,147.3,172.88,34.68,41.26,24.88,25.28,53.76,22.42,15.28
Endurance Tech.,540153,ENDURANCE,Auto Components,37458.05,24.49,11560.81,12724.36,782.35,873.65,2912.66,3318.89,3582.82,443.87,476.84,226.35,227.27,42.88,23.01,11.97
Energy InfrTrust,542543,,Gas,5893,0,3945.76,3876.27,8.96,88.61,2023.4,1983.45,1892.82,731.46,750.74,32.37,56.24,66.5,-6.45,340.24
Engineers India,532178,ENGINERSIN,Construction,11399.39,0,3087.59,3566.47,569.53,537.43,688.94,870.36,921.29,72.09,119.74,65.4,83.49,21.21,33.73,-16.2
Enkei Wheels,533477,,Auto Components,913.39,0,844.46,921.45,2.49,-2.04,238.62,233.16,265.11,16.85,29.99,-1.71,7.94,,11.1,274.12
Ent.Network,532700,ENIL,Entertainment,558.4,0,544.15,575.2,6.35,11.71,113.54,116.95,141.14,7.57,11.37,-5.39,-4.1,47.69,24.31,1.68
Entero Healthcar,544122,ENTERO,Retailing,4494.27,0,5095.78,5672.83,94.66,110.53,1300.69,1403.82,1570.95,50.06,62.07,27.8,31.6,40.66,20.78,33.78
Enviro Infra,544290,EIEL,Other Utilities,3556.3,0,1066.06,1108.64,176.21,206.89,213.01,240.92,227.35,64.22,64.94,45.52,51.43,17.19,6.73,44.54
Epack Durable,544095,EPACK,Consumer Durables,2478.02,0,2170.87,1895.74,55.17,40.87,377.1,662.39,213.26,54.35,-1.1,22.89,-22.25,60.63,-43.45,-162.07
EPack PrefabTech,544540,EPACKPEB,Industrial Manufacturing,3054.8,0.22,1133.92,1133.92,59.37,59.37,268.05,295.34,433.94,30.92,49.99,16.03,29.47,41.05,61.89,104.23
Epigral,543332,EPIGRAL,Chemicals & Petrochemicals,6343.95,6.63,2550.13,2466.77,352.12,402.09,626.06,606.54,587.36,163.39,132.36,160.41,51.52,15.78,-6.18,-36.02
EPL Ltd,500135,EPL,Industrial Products,6447.2,0,4213.3,4433.5,361.71,415.43,1086.2,1107.9,1205.9,226.8,251.6,100,104.3,15.52,11.02,19.89
Equitas Sma. Fin,543243,EQUITASBNK,Banks,6913.06,0,6311.73,6522.11,146.59,-91.21,1554.87,1648.86,1617.35,273.95,648.26,-223.76,24.14,,4.02,87.42
Eraaya Lifespace,531035,,Automobiles,746.19,0,1508.97,2088.74,-359.61,-370.38,1.65,603.95,609.28,-82.46,34.79,-366.48,-19.99,,36826.06,-2182.29
ERIS Lifescience,540596,ERIS,Pharmaceuticals & Biotechnology,21157.12,8.35,2893.64,2998.16,350.35,415.78,741.17,773,792.41,276.71,288.21,117.99,120.19,50.89,6.91,31.23
Esab India,500133,ESABINDIA,Industrial Products,8850.94,14.02,1373.47,1438.78,174.64,183.72,338.65,352.02,381.55,59.15,72.22,40.94,54.97,48.18,12.67,27.36
ESAF Small Fin,544020,ESAFSFB,Banks,1346.17,0,3862.22,3490,-521.48,-591.12,995.28,828.23,819.82,146.02,155.18,-81.22,-115.81,,-17.63,12.31
Escorts Kubota,500495,ESCORTS,"Agricultural, Commercial & Construction Vehicles",41426.85,4.88,10243.88,10684.51,1264.71,1191.91,2277.25,2500.05,2791.56,321.4,359.71,312.17,318.16,34.76,22.58,5.99
Espire Hospi,532016,,Leisure Services,334.12,0,119.55,132.43,8.27,3,20.3,31.71,18.9,7.58,-2.03,1.43,-5.71,111.37,-6.9,-694.79
Essar Shipping,533704,ESSARSHPNG,Transport Services,619.33,0,10.26,-138.39,-5.49,52.2,147.81,1.69,0.01,-4.72,-3.18,27.36,-21.15,11.86,-99.99,-130.75
Essen Speciality,,ESFL,Consumer Durables,493.92,69.71,173,181.66,11.67,9.9,46.31,41.16,48.35,3.52,9.44,1.78,5.19,49.89,4.41,-17.88
Ester Industries,500136,ESTER,Industrial Products,1025.26,37.18,1282.14,1357.23,13.27,3.84,331.16,338.2,354.19,20.31,14.28,-7.16,-15.78,266.99,6.95,-622.52
Eternal Ltd,543320,ETERNAL,Retailing,282316.05,0,20243,31995,433.4,188,4799,7167,13590,115,239,25,65,1501.68,183.18,-63.07
Ethos Ltd,543532,ETHOSLTD,Consumer Durables,8004.01,0,1251.63,1410.96,96.69,95.05,297.13,346.32,383.39,45.01,47.7,19.02,23.79,84.21,29.03,11.95
Eureka Forbes,543482,EUREKAFORB,Consumer Durables,12294.68,0.04,2436.06,2591.57,158.44,184.13,672.87,607.74,773.45,61.25,95.86,38.52,61.59,66.77,14.95,38.4
Euro India Fresh,,EIFFL,Food Products,528.78,1.68,143.74,146.4,5.6,3.5,32.72,31.17,32.47,2.22,0.82,0.33,-1.16,151.08,-0.76,-248.72
Euro Panel,544461,EUROBOND,Industrial Products,456.65,,423.19,423.19,18.43,18.43,99.43,104.84,129.86,11.88,14.87,5.72,6.62,22.29,30.6,45.18
Euro Pratik Sale,544519,EUROPRATIK,Consumer Durables,3553.92,2.61,283.86,283.86,76.72,76.72,87.7,64.53,96.56,22.12,30.79,15.04,22.95,48.61,10.1,-13.59
Eveready Inds.,531508,EVEREADY,Household Products,2284.57,0,1344.52,1393.46,82.44,75.5,362.61,374.14,386.78,53.68,49.1,36.06,15.92,30.26,6.67,-46.14
Everest Inds.,508906,EVERESTIND,Other Construction Materials,804.04,1.71,1722.82,1630.54,-6.57,-32.17,376.82,500.72,306.16,16.4,-9.01,1.63,-18.17,,-18.75,-55.7
Everest Kanto,532684,EKC,Industrial Manufacturing,1292.81,0,1499.21,1536.38,102.86,98.21,367.28,386.88,360.38,61.31,42.89,41.63,20.68,13.16,-1.88,-46.24
Everest Organics,524790,,Pharmaceuticals & Biotechnology,424.49,16.98,159.48,187.79,-1.29,6.62,44.05,53.81,51,4.44,5.13,1.41,1.16,64.12,15.78,56.76
Evexia Lifecare,524444,,Chemicals & Petrochemicals,321.02,0,110.48,93.13,0.93,1.43,26.71,22.09,25.73,1.08,0.1,0.63,0.37,224.49,-3.67,-60.64
Excel Industries,500650,EXCELINDUS,Chemicals & Petrochemicals,1170.4,18.05,978.07,1024,78.61,73.56,268.91,309.52,270.23,42.21,29.91,33.76,21.19,15.91,0.49,-40.61
Excelsoft Tech.,544617,EXCELSOFT,IT - Services,1074.21,0,233.03,233.03,34.06,34.06,,,108.27,,26.17,,3.99,31.54,,
Exhicon Events,543895,,Other Consumer Services,766.87,0,143.51,183.49,26,37.12,62.63,80.88,102.61,22.35,27.36,16.17,20.95,20.66,63.84,113.12
Exicom Tele-Sys.,544133,EXICOM,Electrical Equipment,1490.29,0,867.61,949.21,-110.02,-249.02,153.37,205.32,281.73,-38.58,-32.7,-71.13,-66.65,,83.69,-291.37
Exide Inds.,500086,EXIDEIND,Auto Components,32308.5,9.82,17237.85,17411.77,769.3,788.61,4450,4695.12,4364.51,538.34,391.42,272.99,171.94,40.97,-1.92,-25.66
Expleo Solutions,533121,EXPLEOSOL,IT - Services,1636.2,0,1024.8,1055.73,101.41,104.05,259.26,259.65,282.7,29.72,46.71,20.43,39.76,15.73,9.04,12.03
Exxaro Tiles,543327,EXXARO,Consumer Durables,358.43,2.2,303.18,308.31,0.24,6.76,69.9,64.93,68.96,6.11,6.36,0.81,1.2,53.02,-1.34,220
F A C T,590024,FACT,Fertilizers & Agrochemicals,54784.12,0,4050.91,4674.77,22.01,90.71,1448.63,1042.77,1629.3,23.98,39.45,4.28,20.86,603.95,12.47,86.42
Fabtech Tech.,544558,FABTECH,Healthcare Services,1081.26,0,326.67,326.67,31.69,31.69,58.74,68.01,121.48,-6.21,30.46,-7.72,28.11,19.77,106.81,449.02
Fabtech Techn.,544332,,Industrial Manufacturing,391.75,0,150.03,164.29,13.22,11.95,61.93,88.1,76.19,8.79,4.86,7.95,4,32.78,23.03,-24.53
Fairchem Organic,543252,FAIRCHEMOR,Chemicals & Petrochemicals,898.9,8.58,537.9,476.93,22.22,6.05,138.62,131.06,111.52,5.23,4.19,1.17,0.77,148.58,-19.55,-80.8
Faze Three,530079,FAZE3Q,Textiles & Apparels,1133.73,88.41,658.91,774.12,33.92,34.18,148.6,204.72,200.56,23.1,4.94,12.76,-4.36,33.17,34.97,-161.24
FCS Software,532666,FCSSOFT,IT - Services,338.5,0,36.54,34.58,3.73,0.46,9.3,8.31,8.21,0.49,-1.21,0.43,-1.24,735.87,-11.72,-212.73
FDC,531599,FDC,Pharmaceuticals & Biotechnology,6745.23,14.89,2108.12,2077.44,259.06,225.43,513.85,648.41,473.03,140.35,33.82,121.35,28.37,29.92,-7.94,-60.62
Fedbank Financi.,544027,FEDFINA,Finance,5409.49,0,2036.63,2113.59,225.41,245.57,512.98,519.71,535.38,330.04,333.76,75.01,80.15,22.03,4.37,24.17
Fedders Holding,511628,,Finance,1090.46,0,450.63,329,36.69,27.65,85.11,77.4,53.54,7.84,0.87,13.02,6.11,39.44,-37.09,-11.96
Federal Bank,500469,FEDERALBNK,Banks,63821.58,0,28106.08,28739.84,4157.24,3945.35,7005.66,7150.84,7216.18,4644.96,4696.74,918.32,991.94,16.18,3,-9.52
Federal-Mogul Go,505744,FMGOETZE,Auto Components,2673.9,7.85,1800.19,1866.01,167.06,180.77,463.71,483.67,490.5,70.57,81.61,43.25,49.22,14.79,5.78,28.71
Fermenta Biotec.,506414,,Pharmaceuticals & Biotechnology,791.7,0,467.51,562.8,81.04,112.01,95.03,136.26,130.22,28.24,26.64,21.83,18.88,7.07,37.03,65.91
Fiem Industries,532768,FIEMIND,Auto Components,5932.17,0,2422.61,2606.8,202,224.2,612.4,658.9,715.39,89.49,98.99,57.52,63.67,26.46,16.82,26.91
Filatex Fash.,532022,FILATFASH,Textiles & Apparels,340.82,0,178.48,187.39,9.37,7.39,37.13,44.98,23.48,2.3,2.24,1.41,1.04,46.12,-36.76,-52.94
Filatex India,526227,FILATEX,Textiles & Apparels,2255.68,0,4252.15,4274.04,134.55,177.12,1049.1,1049.4,1075.93,67.88,82.55,40.73,47.58,12.74,2.56,253.23
Fine Organic,541557,FINEORG,Chemicals & Petrochemicals,13549.57,58.83,2269.15,2309.3,410.5,400.26,595.83,588.38,597.29,122.88,134.12,111.9,108.55,33.85,0.25,-7.57
Fineotex Chem,533333,FCL,Chemicals & Petrochemicals,2945.06,0,533.33,520.49,108.21,98.4,145.73,137.07,137.71,25.2,31.02,24.81,25.99,29.93,-5.5,-18.4
Finkurve Fin.,508954,FINKURVE,Finance,1461.88,0,140.48,168.08,17.41,20.56,31.9,39.88,48.05,14.5,16.41,5.09,5.92,71.1,50.63,70.61
Fino Payments,543386,FINOPB,Banks,2624.07,0,195.23,223.23,92.5,80.22,47.75,60.99,60.11,-339.48,-291.1,17.76,15.35,32.71,25.88,-27.42
Finolex Cables,500144,FINCABLES,Industrial Products,11266.27,0.58,5318.89,5548,545.54,601.51,1311.72,1395.52,1375.79,130.77,143.2,138.82,186.89,18.73,4.88,27.93
Finolex Inds.,500940,FINPIPE,Industrial Products,10502.13,0,4141.97,4074.94,389.23,437.35,828.43,1043.15,858.74,93.59,130.17,96.93,119.2,24.01,3.66,131.73
Firstsour.Solu.,532809,FSL,Commercial Services & Supplies,24509.4,0,7980.31,8793.71,585.91,661.46,1925.38,2217.65,2312.22,347.09,376.02,169.33,178.01,37.05,20.09,28.79
Fischer Medical,524743,FISCHER,Healthcare Equipment & Supplies,3003.19,0,110.7,170.67,1.47,20.08,39.66,23.44,86.31,4.26,16.26,5.07,13.93,149.56,117.62,2928.26
Five-Star Bus.Fi,543663,FIVESTAR,Finance,17107.36,0,2847.84,3065.77,1072.55,1105.43,702.05,786.68,799.44,545.96,563.94,266.31,286.14,15.48,13.87,6.79
Flair Writing,544030,FLAIR,Household Products,3042.04,98.96,949.31,991.07,112.24,118.07,241.89,242.22,263.24,37.95,42.87,27.13,36.47,25.76,8.83,14.08
Fluidomat,522017,,Industrial Manufacturing,355.5,0,70.66,66.38,22.22,19.33,19,12.39,16.4,3.08,5.04,2.68,4.84,18.39,-13.68,-21.56
FlySBS Aviation,,FLYSBS,Transport Services,956.72,0,193.9,247.79,28.42,47.04,83.71,110.18,137.61,31.79,31.11,23.2,23.84,20.34,64.39,358.46
Foce India,,FOCE,Consumer Durables,850.88,0,104.25,128.75,14.4,13.35,34.12,70.13,58.62,9.65,7.97,7.54,5.81,63.74,71.81,-15.31
Focus Lighting,,FOCUS,Consumer Durables,475.96,0,183.29,173.23,15.21,5.05,45.37,41.45,48.77,4.28,4.29,2.16,1.71,94.25,7.49,-65.24
Foods & Inns,507552,FOODSIN,Food Products,554.43,37.93,992.08,1015.42,40.92,31.49,168.7,236.15,192.51,25.66,17.59,7.1,0.67,17.61,14.11,-94.01
Forbes & Co,502865,,Consumer Durables,440.34,0,199.23,170.06,112.18,28.33,34.66,22.45,18.7,1.15,2.87,4.86,6.33,15.54,-46.05,18.54
Forbes Precision,544186,,Industrial Manufacturing,809.52,0,232.66,239.03,28.63,28.67,57.54,52.41,63.27,8.41,14.58,3.81,8.3,28.24,9.96,12.93
Force Motors,500033,FORCEMOT,Automobiles,22617.31,0,8071.73,8624.15,550.46,820.18,1941.33,2297.25,2081.4,323.07,362.77,176.33,350.67,27.58,7.22,159.72
Fortis Health.,532843,FORTIS,Healthcare Services,67119.58,0,7782.75,8433.62,840.02,1007.34,1988.39,2166.72,2331.44,490.67,556.33,250.9,304.11,66.63,17.25,40.23
Foseco India,500150,FOSECOIND,Chemicals & Petrochemicals,3410.59,3.52,524.78,592.95,73.39,82.55,140.75,157.25,150.72,27.15,27.54,21.53,19.8,41.32,7.08,3.5
FratelliVineyard,541741,,Beverages,493.2,0.97,276.25,172.22,-13.93,-22.85,62.09,36.51,45.88,-2.97,0.79,-5.82,-3.31,,-26.11,-13.75
Fredun Pharma,539730,,Pharmaceuticals & Biotechnology,884.88,,456.27,456.27,19.74,19.74,0,119.85,145.3,16.99,22.33,6.77,9.43,44.83,,
Freshara Agro,,FRESHARA,Food Products,355.78,100,250.64,281.36,28.51,32.32,103.66,146.98,134.38,21.25,17.86,17.41,14.91,11.01,29.64,31.02
Frontier Springs,522195,,Auto Components,1533.33,0,231.32,286.43,34.17,50.84,52.24,75.34,82.74,20.43,22.07,14.74,15.71,30.16,58.38,115.5
FSN E-Commerce,543384,NYKAA,Retailing,72930.49,0.3,7949.82,8829.89,66.08,104.77,1874.74,2154.94,2345.98,140.68,158.95,23.32,35.05,696.1,25.14,249.1
Fujiyama Power,544613,UTLSOLAR,Electrical Equipment,6247.79,0,1540.66,1540.66,156.34,156.34,,,,,,,,39.96,,
Fusion Finance,543652,FUSION,Finance,1720.74,0,2319.76,1775.14,-1224.54,-998.27,691.55,434.43,400.82,47.92,82.75,-92.25,-22.14,,-42.04,92.74
G M Breweries,507488,GMBREW,Beverages,2169.94,0,636.57,678.55,128.32,143.18,149,162.86,180.52,30.9,44.81,25.86,34.89,15.16,21.15,61.01
G M D C,532181,GMDCLTD,Minerals & Mining,16361.01,0,2850.84,2699.88,680.09,654.21,593.01,732.6,527.58,169.14,69.09,163.77,116.56,25.01,-11.03,-8.84
G N F C,500670,GNFC,Chemicals & Petrochemicals,7392.58,0,7892.45,7523,597.65,636,1917,1601,1968,31,185,83,179,11.62,2.66,70.48
G R Infraproject,543317,GRINFRA,Construction,10202.07,0,7394.7,7560,977.31,1084.79,1394.33,1987.79,1602.14,398.15,387.03,244.06,192.62,9.4,14.9,5.88
G S F C,500690,GSFC,Fertilizers & Agrochemicals,7140.31,0,9533.96,10108.04,593.49,668.15,2635.17,2184.41,3187.37,192.86,337.84,138.55,324.07,10.69,20.96,8.67
Gabriel India,505714,GABRIEL,Auto Components,13774.75,0,3643.29,3905.68,209.45,224.34,924.01,984.55,1066.08,87.54,92.29,55.67,60.65,61.4,15.38,15.11
GAIL (India),532155,GAIL,Gas,111815.97,0,141903.49,144124.62,10605.94,9025.87,33888.9,35310.68,35537.12,3668.74,3460.31,2369.2,1972.4,12.39,4.86,-26.77
Gala Precis. Eng,544244,GALAPREC,Industrial Manufacturing,920.89,0,237.84,267.92,27.04,30.42,51.23,63.08,71.41,9.63,11.11,6.59,8.45,30.27,39.39,58.83
Galaxy Surfact.,540935,GALAXYSURF,Chemicals & Petrochemicals,7099.86,0,4220.91,4790.71,305.69,286.46,1062.99,1277.92,1326.17,123.85,110.5,79.49,66.49,24.78,24.76,-21.51
Gallantt Ispat L,532726,GALLANTT,Industrial Products,14247.64,0,4292.73,4331,399.78,492.7,942.57,1127.78,1012.75,246.86,131.53,173.79,88.93,28.92,7.45,81.9
Gandhar Oil Ref.,544029,GANDHAR,Petroleum Products,1217.83,0,3896.92,3929.89,80.05,93.29,935.09,902.96,1059.91,45.96,65.83,26.23,36.06,13.05,13.35,98.24
Gandhi Spl. Tube,513108,GANDHITUBE,Industrial Products,924.28,0,172.54,179.22,51.36,66.41,48.61,48.11,48.01,20.77,21.03,21.61,17.69,13.92,-1.23,2.55
Ganesh Benzopl.,500153,GANESHBE,Oil,582.18,2.94,374.3,383.77,70.35,83.89,97.63,95.62,99,29.11,22,18.81,16.49,6.94,1.4,0.18
Ganesh Consumer,544528,GANESHCP,Food Products,979.98,0,850.46,850.46,35.43,35.43,222.73,202.96,238.66,21.29,23.91,9.53,11.12,26.44,7.15,17.3
Ganesh Green,,GGBL,Construction,909.21,0,318.01,521.28,30.22,50.03,137.83,180.18,341.1,26.21,48.74,17.15,32.88,18.17,147.48,151.57
Ganesh Housing,526367,GANESHHOU,Realty,6698.39,0,958.92,833.42,598.06,526.89,237.22,150.81,174.21,127.89,147.98,93.06,108.09,12.71,-26.56,-31.8
Ganesh Infra.,,GANESHIN,Construction,933.68,,538.22,538.22,40.05,40.05,95.03,180.66,209.97,20.63,25.74,14.61,18.06,18.29,120.95,155.81
Ganesha Ecosphe.,514167,GANECOS,Textiles & Apparels,2427.23,0,1465.54,1442.68,103.27,63.72,386.81,337.12,363.38,36.28,22.31,10.75,-0.5,38.09,-6.06,-101.84
Garden Reach Sh.,542011,GRSE,Aerospace & Defense,28309.65,0,5075.69,5900.3,517.84,616.41,1152.92,1309.87,1677.38,111.91,156.16,120.18,153.79,45.93,45.49,57.3
Garuda Cons,544271,GARUDA,Construction,1901.33,0,225.03,384.78,49.8,86.06,46.75,125.16,116.46,36.42,34.43,28.01,27.14,22.09,149.11,164.78
Garware Hi Tech,500655,GRWRHITECH,Industrial Products,8624.44,0,2109.36,2078.99,331.22,312.86,620.58,494.99,569.69,109.57,119.44,83.02,91.23,27.57,-8.2,-12.5
Garware Tech.,509557,GARFIBRES,Textiles & Apparels,6563.5,0,1540.11,1498.4,231.68,203.91,420.59,367.23,347.9,68.12,48.43,53.09,31.99,32.19,-17.28,-51.5
Gateway Distri,543489,GATEWAY,Transport Services,2982.08,0,1680.56,2055.21,253.18,250.26,389.99,550.43,567.32,119.34,120.33,60.25,66.97,11.92,45.47,11.78
GE Power,532309,GVPIL,Electrical Equipment,2225.85,0,1047.1,1150.65,202.98,46.62,217.42,286.85,280.52,0.04,27.95,47.13,45.14,47.74,29.02,78.63
GE Shipping Co,500620,GESHIP,Transport Services,15578.71,0,5322.54,4903.16,1877.65,1784.46,1354.4,1201.47,1241.78,642.77,728.05,504.5,581.41,8.73,-8.32,28.01
GE Vernova T&D,522275,GVT&D,Electrical Equipment,70969.76,25.91,4292.3,5094.78,608.42,919.85,1107.77,1330.13,1538.46,387.6,396.46,291.2,299.48,77.15,38.88,107.08
GEE,504028,,Electrical Equipment,421.01,0,333.84,333.55,-9.25,-8.6,82.83,79.18,85.45,4.54,8.99,0.98,4.21,,3.16,120.42
GeeCee Vent.,532764,GEECEE,Realty,733.98,0,134.96,99.84,47.36,36.98,29.22,7.63,17.67,4.09,12.24,3.34,10.24,19.85,-39.53,-18.41
Geekay Wires,,GEEKAYWIRE,Industrial Products,343.55,0,458.25,453.28,36.18,32.53,123.83,91.74,124.21,6.2,14.82,7.19,8.35,10.56,0.31,-9.24
Gem Aromatics,544491,GEMAROMA,Chemicals & Petrochemicals,754.87,50.66,503.95,503.95,53.32,53.32,112.22,87.63,89.53,14.86,3.05,7.98,-2.58,18.41,-20.22,-126.49
General Insuranc,540755,GICRE,Insurance,67061.55,0,49616.79,51731.07,6413.51,9579.62,12377.97,14623.26,12755.45,2604.98,2762.37,2530.59,2873.54,7,3.05,54.85
Genesys Intl.,506109,GENESYS,IT - Services,1835.57,29.38,311.03,331.07,56.21,58.73,72.02,70.87,76.95,29.5,29.99,7.12,12,31.25,6.85,6.86
Gennex Lab.,531739,,Pharmaceuticals & Biotechnology,328.47,0,137.9,151.76,18.26,16.67,33.38,34.18,37.24,5.07,5.5,4.59,5.03,19.7,11.56,4.14
Genus Paper & Bo,538961,GENUSPAPER,"Paper, Forest & Jute Products",368.25,0.38,863.25,941.24,2.93,7.08,211.09,255.45,244.49,20.17,22.24,2.74,3.82,52.01,15.82,1009.52
Genus Power,530343,GENUSPOWER,Electrical Equipment,9305.82,0.82,2442.01,3632.39,298.33,472.85,486.88,942.42,1149,199.47,244.44,128.49,148.15,19.68,135.99,162.44
Geojit Fin. Ser.,532285,GEOJITFSL,Capital Markets,1972.57,0,748.62,671.34,167.5,117.05,218.46,153.15,169.8,47.56,38.95,27.69,22.37,16.85,-22.27,-60.07
GFL,500173,GFLLIMITED,Finance,671.78,0,3.65,3.5,-75.59,-7.24,0.85,0.92,0.92,-9.53,0.53,-8.16,14.63,,8.24,141.39
GHCL,500171,GHCL,Chemicals & Petrochemicals,5768.95,4.07,3183.48,3077.36,600.61,569.5,792.79,795.87,721.29,197.19,157.24,144.11,106.7,10.13,-9.02,-31.09
GHCL Textiles,543918,GHCLTEXTIL,Textiles & Apparels,698.35,0,1161.16,1174.4,55.88,53.1,304.62,267.75,338.04,30,36.81,13.52,16.01,13.15,10.97,-22.28
GHV Infra,505504,,Construction,2319.74,0,184.88,448.06,17.15,32.88,1.05,80.46,183.77,8.34,22.27,4.72,11.22,70.55,17401.9,3907.14
GIC Housing Fin,511676,GICHSGFIN,Finance,896.17,0,1079.15,1077.83,170.31,150.29,264.04,265.36,271.54,155.19,236.37,7.35,49.95,5.96,2.84,36.92
Gillette India,507815,GILLETTE,Personal Products,27204.49,0,2234.84,2970.55,418.66,573.99,781.82,706.72,810.81,210.25,207.76,145.69,143.65,47.4,3.71,8
Ginni Filaments,590025,GINNIFILA,Textiles & Apparels,322.6,0,299.9,385.81,17.48,38.36,93.36,101.54,95.03,22.61,16.63,19.06,10.03,8.41,1.79,12437.5
Giriraj Civil,,GIRIRAJ,Construction,312.16,0.76,294.71,356.89,17.88,21.58,71.7,223.01,133.88,20.25,10.57,14.97,6.61,14.47,86.72,127.15
GK Energy,544525,GKENERGY,Construction,2890.28,0,1094.83,1094.83,133.22,133.22,270.13,295.27,358.5,56.61,71.78,36.94,46.46,19.86,32.71,36.01
GKW,,GKWLIMITED,Finance,1044.63,0,32.78,34.01,-18.47,-29.2,14.5,14.56,10.87,12.53,-12.92,13.81,-15.59,,-25.03,-333.03
Gland Pharma,543245,GLAND,Pharmaceuticals & Biotechnology,28926.26,91.4,5616.5,5801.46,697.75,790.39,1405.83,1505.62,1486.88,367.76,313.89,215.48,183.68,36.6,5.77,12.32
Glaxosmi. Pharma,500660,GLAXO,Pharmaceuticals & Biotechnology,43149.78,0,3749.21,3708.9,873.96,953.33,1010.77,805.17,979.94,251.2,335.73,205.01,255.57,45.26,-3.05,2.57
Glenmark Pharma.,532296,GLENMARK,Pharmaceuticals & Biotechnology,55532.92,66.34,13321.74,15955.06,1318.03,2513.99,3433.8,3264.44,6046.87,580.52,2359.55,260.33,1535.32,22.09,76.1,333.45
Global Education,,GLOBAL,Other Consumer Services,459.33,0,68.03,69.91,25.26,19.82,23.39,14.38,24.69,6.21,8.09,4.38,6.57,23.18,5.56,-37.19
Global Health,543654,MEDANTA,Healthcare Services,31297.22,0,3692.32,4004.75,518.43,597.87,956.56,1030.84,1099.22,246.58,246.92,159.01,158.44,52.35,14.91,21.09
Global Surfaces,543829,GSLSU,Consumer Durables,482.82,96.75,207.64,232.11,-28.72,-26,46.97,74.5,54.08,7.94,-3.56,-0.43,-4.67,,15.14,27.15
Globe Civil,544424,GLOBECIVIL,Construction,380.78,0,378.58,378.58,24.1,24.1,,67.35,93.76,11.52,12.96,5.05,5.98,15.8,,
Globe Intl. Car.,,GICL,Transport Services,453.42,0,156.66,159.41,4.8,6.93,70.22,86.44,72.97,6.22,6.72,3.46,3.47,65.43,3.92,158.96
Globus Spirits,533104,GLOBUSSPR,Beverages,2808.21,0.13,2535.95,2615.62,24.97,48.9,637.86,699.02,660.61,57.73,59.73,18.53,23.35,57.43,3.57,1396.79
Gloster Ltd,542351,GLOSTERLTD,"Paper, Forest & Jute Products",698.29,0,734.78,1121.77,-14.39,9.18,142.85,305.63,360.11,30.04,39.52,3,7.67,76.07,152.09,324.93
Glottis,544557,GLOTTIS,Transport Services,552.84,10.64,941.17,941.17,56.04,56.04,286.99,168.16,214.71,16.9,18.13,11.94,12.36,11.56,-25.19,-39.91
GMM Pfaudler,505255,GMMPFAUDLR,Industrial Manufacturing,4898.74,0,3198.69,3304.96,66.02,110.8,805.42,794.55,902.34,100.99,121.56,11.15,41.43,44.21,12.03,172.21
GMR Airports,532754,GMRAIRPORT,Transport Infrastructure,109306.57,0.76,10414.24,12391.8,-680.57,-650.95,2495.46,3205.23,3669.99,1164.67,1447.03,-206.62,-48.99,,47.07,85.74
GMR Urban,543490,GMRP&UI,Power,7834.6,10.17,6343.97,6807.4,-287.92,-402.85,1383.8,1648.45,1810.36,400.64,341,-81.04,-127.03,,30.83,-295.13
GNA Axles,540124,GNA,Auto Components,1339,54.58,1539.74,1444.72,106.74,105.03,387.55,344.21,347.94,50.12,61.13,23.03,31.19,12.75,-10.22,9.32
GNG Electronics,544455,EBGNG,IT - Hardware,3595.87,75.53,1411.11,1411.11,68.83,68.83,352.65,312.28,439.92,32.32,46.54,18.52,32.66,45.85,24.75,41.63
Go Digit General,544179,GODIGIT,Insurance,32150.29,0,9370.72,9754.94,417.47,508.06,2234.35,2235.97,2488.04,159.42,134.84,138.33,135.6,63.28,11.35,51.56
Go Fashion (I),543401,GOCOLORS,Retailing,2621.83,0,848.17,866.54,93.17,88.27,208.53,222.83,224.17,68.71,66.65,22.26,21.8,29.7,7.5,5.67
Goa Carbon,509567,GOACARBON,Minerals & Mining,361.18,0,508.47,563.37,-24,-44.24,119.02,199.25,102.47,-7.79,-9.9,-7.95,-21.41,,-13.91,-111.35
GOCL Corpn.,506480,GOCLCORP,Chemicals & Petrochemicals,1452.22,2.14,554.65,144.53,111.53,112.13,3.43,3.39,2.22,-6.01,-7.26,43.75,22.96,12.95,-35.28,23.51
Godavari Bioref.,544279,GODAVARIB,Diversified FMCG,1251.45,10.33,1870.25,1990.76,-24.32,46.6,320.95,533.24,430.75,5.76,-7.92,-16.02,-15.07,26.86,34.21,79.91
Godawari Power,532734,GPIL,Industrial Products,15588.99,3.27,5370.16,5396.61,809.92,743.44,1267.57,1323.25,1307.68,324.09,260.14,215.96,161.44,20.97,3.16,1.78
Godfrey Phillips,500163,GODFRYPHLP,Cigarettes & Tobacco Products,42615.07,37.79,5611.01,5937.44,944.44,1272.24,1360.37,1486.2,1289.03,337.57,314.31,356.31,305.03,33.5,-5.24,18.71
Godrej Agrovet,540743,GODREJAGRO,Food Products,11208.95,2.82,9382.77,9764.98,432.87,435.38,2448.75,2614.29,2567.42,269.68,213.4,160.52,92.59,25.75,4.85,-17.55
Godrej Consumer,532424,GODREJCP,Personal Products,116240.58,0,14364.29,14853.33,1871.07,1882.61,3666.33,3661.86,3825.09,694.56,733.33,466.86,481.14,61.74,4.33,-2.86
Godrej Industrie,500164,GODREJIND,Diversified,33897.98,8.13,19657.41,20096.46,874.54,962.97,4804.96,4459.8,5032.14,396.71,133.9,349.22,242.47,35.2,4.73,-15.7
Godrej Propert.,533150,GODREJPROP,Realty,62703.61,0,4922.84,4265.55,1226.48,1549.83,1093.23,434.56,740.38,-270.48,-595.88,600.12,405.08,40.46,-32.28,20.84
Goel Construct.,544504,,Construction,440.71,0,589.98,563.2,38.5,38.31,272.16,317.82,245.38,32.45,27.82,21.55,16.76,11.5,-9.84,-0.06
Gokaldas Exports,532630,GOKEX,Textiles & Apparels,6399.02,0,3864.24,3943.25,137.6,152.75,929,955.79,984.35,97.29,64.62,41.47,8.08,41.89,5.96,-71.31
Gokul Agro,539725,GOKULAGRO,Agricultural Food & other Products,5844.95,0,19550.75,22012.91,245.56,293.97,4810.1,4924.35,6638.19,133.72,186.15,71.61,101.15,19.88,38.01,41.51
Gokul Refoils,532980,GOKUL,Agricultural Food & other Products,386.49,24.23,3510.42,3855.91,13.9,14.6,855.97,926.43,1062.65,13.85,8.36,3.86,3.52,26.47,24.15,-31.52
Goldiam Intl.,526729,GOLDIAM,Consumer Durables,4218.14,0,780.98,900.74,117.37,137.9,136.98,229.73,192.81,41.16,38.33,33.69,31.36,30.59,40.76,41.64
Goldkart Jewels,,GOLDKART,Consumer Durables,436.25,0,82.35,94.31,3.32,4.35,34.5,47.85,46.46,2.87,4.82,1.48,2.87,100.29,34.67,56.83
Goodluck India,530655,GOODLUCK,Industrial Products,3792.83,0,3935.89,4021.27,165.73,165.43,976.21,983.29,991.38,92.24,91.81,40.15,42.37,22.93,1.55,18.37
Goodricke Group,500166,,Agricultural Food & other Products,364.18,20.14,929.44,807.13,7.32,-21.26,315.94,174.51,216.56,2.91,32.78,3.19,33.43,,-31.46,-44.53
Goodyear India,500168,GOODYEAR,Auto Components,1990.36,1.28,2608.05,2487.1,55.12,41.53,682.25,656.22,596.46,28.23,26.85,14.11,13.07,47.93,-12.57,-16.96
Gopal Snacks,544140,GOPAL,Food Products,4012.24,0.24,1468.02,1408.89,45.4,25.29,402.64,322.17,375.66,15.2,24.15,2.42,9.87,158.65,-6.7,-65.84
GP Eco Solutions,,GPECO,Electrical Equipment,588.82,0,246.42,284.6,10.36,16.07,83.31,163.13,121.47,8.7,15.06,5.67,10.4,36.64,45.8,112.68
GPT Healthcare,544131,GPTHEALTH,Healthcare Services,1170.72,0,407.09,429.63,49.66,43.42,105.66,107.11,118.91,17.37,22.74,7.68,10.6,26.96,12.54,-28.48
GPT Infraproject,533761,GPTINFRA,Construction,1386.98,0,1188.07,1250.12,80.88,90.94,287.52,312.63,278.67,37.02,39.55,23.48,21.8,15.25,-3.08,23.65
Grand Continent,,GCHOTELS,Leisure Services,376.53,0,72.62,96.49,10.64,6.72,31.84,40.78,55.71,8.51,5.01,4.41,2.31,56.03,74.97,-62.86
Grand Oak Canyon,523862,,Finance,2267.01,0,0.08,0.15,-5.01,4.39,0,0.08,0.07,-0.04,0.04,-0.04,4.86,516.4,,203.4
Granules India,532482,GRANULES,Pharmaceuticals & Biotechnology,13606.48,93.96,4481.61,4842.21,481.07,510.83,966.62,1210.1,1296.98,246.71,278.23,131.72,130.61,26.64,34.18,34.33
Graphite India,509488,GRAPHITE,Industrial Products,10520.78,0,2560.03,2583,458.83,241,643,665,729,43,43,134,77,43.65,13.37,-60.51
Grasim Inds,500300,GRASIM,Cement & Cement Products,186973.07,4,148477.89,159663.26,3680.65,4327.58,34222.54,40118.08,39899.58,8822.26,7671.37,1432.88,553.48,43.2,16.59,68.24
Grauer & Weil,505710,GRAUWEIL,Chemicals & Petrochemicals,3583.31,0,1133.64,1159.35,153.36,151.04,254.69,253.26,291.18,52.57,43.33,43.61,38.57,23.72,14.33,2.55
Gravita India,533282,GRAVITA,Minerals & Mining,13234.24,0,3868.77,4108.93,307.7,362.31,927.42,1039.94,1035.5,100.63,102.01,93.26,95.99,36.53,11.65,33.32
Greaves Cotton,501455,GREAVESCOT,Industrial Products,4315.74,0,2918.44,3134.32,58.55,103.5,705.31,745.43,815.46,56.93,51.88,33.33,26.74,41.7,15.62,364.75
Greenlam Industr,538979,GREENLAM,Consumer Durables,6149.07,0,2569.34,2765.86,66.9,31.76,680.81,673.79,808.26,44.08,104.39,-15.36,32.33,193.61,18.72,-6.61
Greenpanel Inds.,542857,GREENPANEL,Consumer Durables,2955.04,0,1435.77,1458.11,72.1,-2.85,336.87,328.19,395.97,-15.83,24.77,-34.62,-6.12,,17.54,-133.08
Greenply Industr,526797,GREENPLY,Consumer Durables,3555.54,0,2487.58,2552.6,91.28,81.87,640.48,600.81,688.57,52.46,50.88,24.93,16,43.43,7.51,-9.25
Gretex Corporate,543324,GCSL,Capital Markets,779.04,0,262.19,227.11,1.3,-1.42,93.68,21.98,79.56,1.72,31.75,0.77,11.45,,-15.07,15.42
Grindwell Norton,506076,GRINDWELL,Industrial Products,17349.88,0,2811.59,2890.32,345.62,380.69,693.87,703.46,774.74,129.89,140.67,94.45,106.88,45.57,11.65,11.12
GRM Overseas,531449,GRMOVER,Agricultural Food & other Products,2898.99,58.27,1346.76,1351.84,60.6,67.87,315.49,326.78,362.43,23.97,14.81,19.09,14.76,42.71,14.88,60.61
GRP,509152,GRPLTD,Industrial Products,931.96,50.8,550.46,548.71,31.25,27.54,131.65,123.75,132.36,9.93,10.62,1.75,1.96,33.84,0.54,-21.91
GTL Infra.,532775,GTLINFRA,Telecom - Services,1652.37,0,1344.07,1366.51,-867.86,-884.93,336.38,334.53,356.49,79.85,113.38,-232.42,-193.47,,5.98,9.61
GTPL Hathway,540602,GTPL,Entertainment,1111.59,0,3477.2,3641.01,47.98,40.68,855.56,903.7,959.05,106.86,104.25,10.56,9.21,27.33,12.1,-27.93
Gufic BioScience,509079,GUFICBIO,Pharmaceuticals & Biotechnology,3567.03,20.17,819.81,870.14,69.84,54.3,204.18,226.91,230.42,32.34,35.79,12.07,14.94,65.69,12.85,-31.4
Guj Apollo Inds,522217,GUJAPOLLO,Industrial Manufacturing,575.46,0,41.46,47.15,0.77,-2.94,9.83,11.08,12.89,-2.34,-2.34,1.15,2.34,,31.13,-51.15
Guj Inds. Power,517300,GIPCL,Power,2409.73,0,1256.26,1353.16,211.43,187.7,276.06,371.52,321.4,112.67,107.75,57.47,21.3,12.84,16.42,-38.65
Guj Pipavav Port,533248,GPPL,Transport Infrastructure,8806.94,0,987.67,1064.46,399.32,429.87,227.04,250.45,299.35,148.14,177.84,100.73,126.11,20.49,31.85,37.83
Guj. Ambuja Exp,524226,GAEL,Agricultural Food & other Products,5304.49,25.84,4612.58,5175.42,247.78,206.33,1124.64,1291.23,1486.69,96.27,75.85,65.02,38.02,25.71,32.19,-45.15
Guj. Themis Bio.,506879,GUJTHEM,Pharmaceuticals & Biotechnology,4110.21,0,150.8,155.48,48.77,48.29,34.72,35.87,42.35,13.92,20.94,9.06,14.26,85.12,21.98,34.91
Guj.Nat.Resour.,513536,,Oil,1132.13,0,20.05,20.71,-3.76,1.59,4.93,3.35,8.65,0.27,4.84,1.93,3.84,712.03,75.46,934.78
Guj.St.Petronet,532702,GSPL,Gas,16553.93,0,17370.11,16765.77,1111.08,1029.89,3992.12,4106.91,4007.87,717.85,608.89,314.68,260.77,16.07,0.39,-7.42
Gujarat Alkalies,530001,GUJALKALI,Chemicals & Petrochemicals,3793.2,0,4072.91,4293.19,-66.36,0.15,990.73,1105.12,1083.19,95.05,73.9,-13.78,16.34,25288.01,9.33,189.88
Gujarat Fluoroch,542812,FLUOROCHEM,Chemicals & Petrochemicals,37246.55,118.29,4737.49,4864,546.56,680,1188,1281,1210,344,364,184,179,54.77,1.85,47.93
Gujarat Gas,539336,GUJGASLTD,Gas,28020.73,0,16486.95,15906.19,1154.95,1116.32,3781.75,3870.89,3780.4,519.87,447.25,327.64,279.81,25.1,-0.04,-9.37
Gulf Oil Lubric.,538567,GULFOILLUB,Petroleum Products,5666.96,8.56,3554.36,3773.1,351.24,373.58,849.33,996.36,956.78,126.57,118.46,96.66,87.13,15.17,12.65,3.19
Gulshan Polyols,532457,GULPOLY,Agricultural Food & other Products,870.7,5.97,2019.67,2259.59,23.62,42.66,440.47,593.23,541.72,36.6,41.86,13.17,15.69,20.41,22.99,1116.28
GVK Power Infra.,532708,GVKPIL,Construction,530.82,0,802.16,267.87,78.93,-331.58,390.87,80.53,0,-283.13,-2.51,-202.78,-1.21,,-100,-100.63
H P C L,500104,HINDPETRO,Petroleum Products,95837.18,2.5,434106.17,431921.7,6747.59,13929.32,99957.23,110825.33,100855.6,7460.67,6852.18,4110.93,3859.3,6.88,0.9,2605.05
H T Media,532662,HTMEDIA,Media,531.57,0,1805.63,1867.02,0.56,21.47,423.75,412.15,451.5,-29.55,-4.1,-13.33,-4.58,24.75,6.55,39.61
H U D C O,540530,HUDCO,Finance,45072.6,0,10344.63,11761.56,2708.75,2802.83,2517.72,2937.31,3219.03,2828.32,3072.47,630.23,709.83,16.08,27.85,3.08
H.G. Infra Engg.,541019,HGINFRA,Construction,5383.96,0,5056.18,5012.43,493.89,402.62,902.41,1482.2,904.5,259.45,205.78,98.82,52.18,13.37,0.23,-35.37
Haldyn Glass,515147,,Industrial Products,494.3,15.8,381.6,419.59,18.43,20.68,105.9,115.02,115.71,16.72,13.54,5.4,6.8,23.9,9.26,30.02
Haleos Labs Limited,540679,HALEOSLABS,Pharmaceuticals & Biotechnology,386.05,0,344.73,337.58,20.09,18.7,78.46,82.5,81.37,11.71,13.58,4.16,6.1,20.64,3.71,30.62
Hampton Sky,526407,,Realty,384.71,0,59.89,23.16,5.49,-15.99,5.16,2.33,3.65,-1.8,-2.03,-2.32,-5.6,,-29.26,-521.05
Happiest Minds,543227,HAPPSTMNDS,IT - Software,7684.55,85.67,2060.84,2198.85,192.67,202.73,521.64,549.9,573.57,94.02,98.65,57.13,54.02,37.91,9.96,9.09
Happy Forgings,544057,HAPPYFORGE,Industrial Products,9822.34,0,1408.89,1437.48,267.66,271.42,361.13,353.8,377.39,101.15,115.8,65.69,73.44,36.19,4.5,2.81
Hardwyn India,541276,HARDWYN,Consumer Durables,876.35,0,141.1,145.88,10.75,13.34,39.87,31.95,43.14,5.45,6.44,3.51,4.15,65.69,8.2,7.24
Hariom Pipe,543517,HARIOMPIPE,Industrial Products,1093.18,0,1604.11,1496.41,61.55,62.5,314.28,460.96,335.87,57.59,42.72,23.61,10.42,17.49,6.87,-33.84
Harri. Malayalam,500467,HARRMALAYA,Industrial Products,304.16,0,511.93,529.82,14.22,28.77,137.3,116.46,134.4,8.21,-0.68,5.96,6.42,10.57,-2.11,56.2
Harsha Engg Intl,543600,HARSHA,Industrial Products,3390.08,51.22,1407.65,1455.54,106.33,116.77,352.58,365.29,378.34,55.43,53.51,37.93,36.44,29.03,7.31,25.83
Hathway Cable,533162,HATHWAY,Entertainment,2246.28,0,2039.65,2091.47,96.15,98.3,512.74,530.5,536.67,87.61,80.88,31.03,18.25,22.85,4.67,-29.04
Hatsun Agro,531531,HATSUN,Food Products,23022.56,0,8667.24,9136.31,281.02,358.84,2072.1,2534.91,2381.32,370.29,330.68,148.08,120.18,64.16,14.92,86.85
Havells India,517354,HAVELLS,Consumer Durables,90083.45,3.67,21778.06,21667.22,1483.41,1462.85,4539.31,5455.35,4779.33,515.67,438.43,347.72,319,61.58,5.29,18.93
Hawkins Cookers,508486,,Consumer Durables,4227.08,6.57,1115.76,1147.91,114.69,113.45,295.85,239.08,316.47,34.99,44.01,25.94,31.95,37.26,6.97,-6.19
Haz.Multi Proj.,532467,,Realty,903.28,0,637.68,696.47,39.47,23.36,153.08,180.02,102.11,25.92,-3.94,13.79,-9.93,38.67,-33.3,-190.11
HBL Engineering,517271,HBLENGINE,Industrial Products,22383.5,0,1967.2,2750.81,278.18,661,520.96,601.77,1222.9,191.87,544.05,145.57,405.02,33.86,134.74,364.85
HCL Infosystems,500179,HCL-INSYS,IT - Hardware,461.22,0,24.61,22.45,-26.95,-24.99,6.79,7.03,5.07,-10.13,-17.41,-4.5,-5.5,,-25.33,29.85
HCL Technologies,532281,HCLTECH,IT - Software,456599.46,96.87,117055,122427,17238.99,16976,28862,30349,31942,6035,6545,3843,4235,26.9,10.67,0
HDB FINANC SER,544429,HDBFS,Finance,62188.88,0,16300.28,17420.5,2175.78,2152.3,4006.8,4465.4,4545.4,2523.6,2528.6,567.7,581.4,28.89,13.44,-1.62
HDFC AMC,541729,HDFCAMC,Capital Markets,110436.92,0,4049.61,3829.38,2460.99,2746.17,887.21,967.76,1026.04,773.68,800.67,747.92,718.06,40.21,15.65,24.47
HDFC Bank,500180,HDFCBANK,Banks,1543249.91,0,336367.43,346185.22,70677.36,72360.07,83001.72,87371.87,86993.84,22875.24,41832.96,16257.91,19610.67,21.33,4.81,10.01
HDFC Life Insur.,540777,HDFCLIFE,Insurance,165579.89,0,92921.74,91604.78,1664.04,1893.31,28496.97,29463.18,20650.68,439.32,314.66,548.35,448.29,87.46,-27.53,3.01
Health.Global,539787,HCG,Healthcare Services,10156.96,0,2218.14,2403.74,44.89,35.36,553.54,613.16,646.85,107.79,123.31,4.75,16.27,287.24,16.86,-9.56
HEG,509631,HEG,Industrial Products,10041.6,66.45,2157.5,2336.78,115.11,257.89,567.6,616.93,699.22,105.43,118.35,104.83,143.33,38.94,23.19,74.2
Heidelberg Cem.,500292,HEIDELBERG,Cement & Cement Products,3992.51,0,2148.88,2264.48,107.08,128.8,461.41,597.54,511.66,88.52,57.53,48.23,24.93,31,10.89,122.39
Hemant Surgical,543916,,Healthcare Equipment & Supplies,384.11,0,106.52,121.92,8,10.36,48.87,57.66,64.26,5.55,7.58,4.95,5.41,37.08,31.49,70.13
Hemisphere Prop,543242,HEMIPROP,Commercial Services & Supplies,3795.63,0,0.91,0.96,-7.52,-9.64,0.23,0.24,0.24,-2.27,-2.52,-2.64,-3.62,,4.35,-77.45
Heranba Inds,543266,HERANBA,Fertilizers & Agrochemicals,984.32,30.4,1409.73,1650.2,3.08,-47.03,437.42,452.43,521.71,31.24,48.84,6.1,-1.45,,19.27,-103.82
Hercules Investments,505720,HERCULES,Industrial Manufacturing,532.86,,0,0,5.58,7.92,0,0,0,-0.13,-0.24,-0.01,5.2,67.28,,96.23
Heritage Foods,519552,HERITGFOOD,Food Products,4473.7,0.05,4134.6,4331.69,179.9,171.86,1019.52,1136.76,1112.52,72.58,77.19,40.55,43.96,26.03,9.12,-9.6
Hero Motocorp,500182,HEROMOTOCO,Automobiles,127046.8,9.05,40923.42,42175.84,4262.94,5283.06,10482.93,9727.75,12218.39,1412.9,1766.01,1705.29,1308.89,24.05,16.56,23.05
Hester Bios,524669,HESTERBIO,Pharmaceuticals & Biotechnology,1418.04,16.12,311.1,300.23,27.8,43.84,83.69,84.11,70.97,22.81,11.72,16.44,14.45,32.35,-15.2,76.22
Heubach Colorant,506390,HEUBACHIND,Chemicals & Petrochemicals,1004.41,0,825.06,827.12,57.84,68.99,218.42,210.72,183.14,24.42,17.79,17.09,16.67,14.56,-16.15,-9.45
Hexa Tradex,534328,HEXATRADEX,Finance,907.06,0,4.56,4.61,-24.95,21.45,3.06,0,3.11,0.39,0.12,-0.16,-0.89,42.29,1.63,98.05
Hexaware Tech.,544362,HEXT,IT - Software,46122.28,0,11974.4,13106.6,1166.09,1396.2,3135.7,3260.7,3483.6,404.4,601.3,379.9,370.2,33.03,11.09,22.34
HFCL,500183,HFCL,Telecom - Services,9965.85,0,4064.52,3727.03,177.41,27.84,1093.61,871.02,1043.34,28.4,190.13,-32.24,67.86,357.97,-4.6,-8.16
Hi-Green Carbon,,HIGREEN,Other Utilities,361.73,2.34,96.73,129.7,10.04,10.55,36.09,60.69,69.01,12.03,10.68,5.82,4.73,34.29,91.22,-10.92
Hi-Tech Pipes,543411,HITECH,Industrial Products,1983.56,0.34,3067.64,3144.89,72.88,77.96,705.9,791.36,858.77,41.03,44.33,20.92,20.26,25.44,21.66,11.87
High Energy Bat.,504176,,Household Products,506.01,0,81,79.31,16.2,13.45,14.95,13.27,17.3,0.74,-0.74,0.78,2.01,37.62,15.72,11.67
Highway Infra,544477,HILINFRA,Transport Infrastructure,454.7,0,418.38,418.38,19.39,19.39,96.77,113.6,88.01,10.96,-6.56,7.2,9.6,15.83,-9.05,3592.31
Hikal,524735,HIKAL,Pharmaceuticals & Biotechnology,2997.22,61.68,1859.8,1699,90.43,10.1,452.9,380.4,318.5,25.1,7.2,-22.4,-34.9,296.75,-29.68,-290.71
Himadri Special,500184,HSCL,Chemicals & Petrochemicals,24097.24,26.71,4612.63,4464.62,555.53,655.99,1136.92,1118.29,1071.03,245.01,232.78,181.69,176.66,36.73,-5.8,30.51
Himatsing. Seide,514043,HIMATSEIDE,Textiles & Apparels,1466.04,0,2778.2,2634.92,18.02,170.77,694.33,656.94,629.57,120.67,99.07,10.9,42,8.58,-9.33,93.55
Hind Rectifiers,504036,HIRECT,Industrial Manufacturing,2605.94,0,655.37,795.91,36.59,47.72,165.85,214.77,227.15,24.27,25.9,12.81,14.75,54.61,36.96,44.75
Hind. Unilever,500696,HINDUNILVR,Diversified FMCG,549486.57,0,63121,64243,10423.69,10578.2,15926,16514,16241,3717,3726,2861.97,2547.02,51.95,1.98,-2.14
Hind.Aeronautics,541154,HAL,Aerospace & Defense,297275.56,0,30980.95,32104.78,8358.42,8469.33,5976.29,4819.01,6628.61,1282.4,1557.89,1383.77,1669.07,35.1,10.92,10.82
Hind.Composites,509635,HINDCOMPOS,Auto Components,612.99,0,325.08,346.64,43.26,38.91,76.95,87.08,88.58,13.76,10.53,7.46,5.28,15.75,15.11,-43.16
Hind.Construct.,500185,HCC,Construction,4292.62,0,5603.37,4432.58,-2.58,-66.97,1406.91,1091.33,960.74,179.47,145.52,50.73,47.78,,-31.71,-25.26
Hind.Oil Explor.,500186,HINDOILEXP,Oil,2043.45,0,420.87,583.57,147.21,109.29,94.81,78.65,315.01,32.18,22.75,11.98,2.83,18.7,232.25,-73.82
Hind.Urban Infra,539984,,Electrical Equipment,307.48,1.92,546.02,515.42,-34.37,-48.32,145.83,140.46,115.23,-26.85,0.68,-16.56,-13.74,,-20.98,-159.74
Hindalco Inds.,500440,HINDALCO,Non - Ferrous Metals,185048.57,67.29,238496,253570,16116.16,17916.87,58203,64232,66058,7906,8966,4004,4872.94,10.33,13.5,14.25
Hinduja Global,532859,HGS,Commercial Services & Supplies,2177.39,0,4404.18,4372.38,121.33,-58.42,1087.15,1056.23,1091.04,28.72,26.06,-40.06,-19.53,,0.36,56.89
Hindustan Copper,513599,HINDCOPPER,Non - Ferrous Metals,35993.23,7.16,2070.97,2293.58,463.19,573.74,518.19,516.37,718.04,212.01,282.12,134.28,186.02,62.73,38.57,82.95
Hindustan Foods,519126,HNDFDS,Diversified FMCG,6232.05,3.65,3564.38,3846.38,107.38,126.41,883.2,994.69,1038.59,80.01,85.68,31.73,35.23,49.3,17.59,53.64
Hindustan Media,533217,HMVL,Media,479.09,0,732.89,778.58,74.79,83.71,171.99,182.99,196.87,-9,-9.7,10.24,10.08,5.72,14.47,-27.33
Hindustan Motors,500500,HINDMOTORS,Automobiles,359.73,0,2.25,0.59,0.97,6.83,0.79,0,0,-0.92,-0.77,4.16,0.04,52.67,-100,-99.18
Hindustan Zinc,500188,HINDZINC,Non - Ferrous Metals,210569.11,0,33969,33845,10327.71,10459,8242,7723,8525,3816,4426,2204,2632,20.13,3.43,11.58
Hindware Home In,542905,HINDWAREAP,Consumer Durables,2523.6,0,2522.99,2500.72,-44.4,-1.29,629.83,531.16,676.31,48.75,56.41,17.93,4.62,,7.38,131.73
Hitachi Energy,543187,POWERINDIA,Electrical Equipment,86214.15,27.03,6384.93,6815.4,384.43,717.23,1553.74,1478.9,1832.55,154.9,298.99,131.6,264.36,120.2,17.94,405.57
Hitech Corp.,526217,HITECHCORP,Industrial Products,308.74,0.95,561.43,601.57,7.95,12.14,146.51,164.9,164.38,20.48,19.93,4.75,4.17,25.43,12.2,50
HLE Glascoat,522215,HLEGLAS,Industrial Manufacturing,3129.28,0,1027.59,1199.47,46.71,57.2,235.78,283.95,350.78,37.6,38.24,14.76,13.61,54.7,48.77,7.28
HLV,500193,HLVLTD,Leisure Services,584.11,0,203.31,193.56,25.37,10.24,43.37,40.74,35.83,-1.71,-6.21,-3.47,-8.8,57.04,-17.39,-845.76
HMA Agro Inds.,543929,HMAAGRO,Food Products,1500.3,91.4,5133.02,6232.49,86.43,124.08,1465.86,1122.61,2155.34,5.3,95.46,0.81,89.76,12.09,47.04,72.81
HMT,500191,HMT,Industrial Manufacturing,1653.27,0,142.31,119.35,-143.22,-151.47,41.59,24.55,25.83,-21.03,-37.48,-27.77,-39.08,,-37.89,-44.26
Home First Finan,543259,HOMEFIRST,Finance,11360.83,0,1539.08,1751.54,382.07,452.81,372.91,453.61,477.32,359.51,378.66,118.89,131.85,25.09,28,42.96
Honasa Consumer,544014,HONASA,Personal Products,8949.26,0,1865.71,2103.44,64.08,124.44,417.48,583.63,526.69,41.52,43.53,39.9,38.35,71.92,26.16,357.04
Honda India,522064,HONDAPOWER,Industrial Manufacturing,2446.78,0,794.23,803.38,79.35,75.9,177.2,154.91,175.61,8.44,11.33,9.48,11.17,32.24,-0.9,30.8
Honeywell Auto,517174,HONAUT,Industrial Manufacturing,30865.96,41.88,4189.6,4537.8,523.74,516.1,1023.9,1183.1,1149.4,141.5,131.6,124.6,119.5,59.81,12.26,3.82
HP Adhesives,543433,HPAL,Chemicals & Petrochemicals,401.41,0,251.25,263.17,17.32,16.09,58.87,66.13,65.13,6.61,6.4,4.22,3.79,24.95,10.63,-8.01
HP Telecom,,HPTL,Commercial Services & Supplies,368.16,,487.96,525.34,4.58,2.19,201.14,286.81,238.53,5.42,-0.34,3.39,-1.2,168.11,18.59,-200.84
HPL Electric,540136,HPL,Industrial Manufacturing,2514.46,0,1700.24,1702.5,94.35,95.92,422.32,383.03,434.45,58,65.91,18.43,22.27,26.21,2.87,3.49
Hubtown,532799,HUBTOWN,Realty,4252.11,0,408.47,585.13,44.11,127.76,98.94,187.41,208.51,40.77,31.31,79.28,24.06,33.28,110.74,44.5
Huhtamaki India,509820,HUHTAMAKI,Industrial Products,1615.87,0,2521.18,2466,60.35,98.94,652.5,612.23,624.73,42.59,55.48,24.73,36.77,16.33,-4.26,243.64
Hyundai Motor I,544274,HYUNDAI,Automobiles,187929.61,19.49,67653.81,66889.41,5494.7,5612.65,16876.17,16024.9,17061.03,2134.85,2382.99,1335.75,1570.25,33.48,1.1,17.38
I G Petrochems,500199,IGPL,Chemicals & Petrochemicals,1223.45,7.84,2206.23,1973.52,105.68,32.51,582.96,470.05,465.34,-0.69,20.21,-12.99,-2,37.63,-20.18,-107.64
I O B,532388,IOB,Banks,72712.91,0,28131.01,29979.65,3333.38,4262.19,6850.67,7385.55,7848.79,4672.28,5151.78,1111.04,1226.42,17.06,14.57,57.81
I O C L,530965,IOC,Petroleum Products,231193.42,5.85,758105.81,760253.58,12047.66,24391.08,174976.12,192340.65,178628.15,13267.46,16245,6813.71,7817.55,9.48,2.09,1388.14
I R C T C,542830,IRCTC,Leisure Services,54032.04,0,4674.77,4798.86,1280.85,1337.24,1064,1159.68,1145.99,397.38,404.27,330.45,337.64,40.41,7.71,9.69
I R F C,543257,IRFC,Finance,149765.08,0,27152.94,26774.19,6502.04,6835.2,6899.66,6915.38,6371.89,6868.55,6322.73,1745.69,1776.98,21.91,-7.65,10.19
I T D C,532189,ITDC,Leisure Services,4788.94,0,570.4,549.71,81.06,72.76,145.63,87.75,118.49,8.98,19.1,9.99,16.62,65.82,-18.64,-30.75
ICE Make Refrig.,,ICEMAKE,Industrial Manufacturing,1095.51,0,479.52,549.9,23.16,15.19,103.39,111.5,147.49,4.4,9.61,-1.42,2.03,72.12,42.65,-57.88
ICICI Bank,532174,ICICIBANK,Banks,995685.53,0,186331.46,192684.91,50998.53,53300.25,46325.78,49079.96,48180.91,17088.47,13116.29,13557.6,13357.06,18.68,4,3.16
ICICI Lombard,540716,ICICIGI,Insurance,98345.24,0,23960.92,25477.17,2508.6,2800.59,6147.3,6395.57,6869.33,980.74,1044.25,747.08,819.54,35.12,11.75,18.1
ICICI Pru Life,540133,ICICIPRULI,Insurance,90730.53,0,70778.14,57561.03,1195.86,1307.01,25158.31,25401.34,11935.93,212.9,-19.16,300.99,295.83,69.42,-52.56,17.87
ICRA,532835,ICRA,Capital Markets,5873.89,32.47,498.02,518.15,169.99,188.02,126.12,124.49,136.58,39.75,48.53,42.44,47.81,31.24,8.29,30.2
IDBI Bank,500116,IDBI,Banks,104717.67,0,28917.07,28937.85,7633.01,9284.32,7445.01,7026.62,7109.01,4935.98,5458.42,2019.18,3229.58,11.28,-4.51,73.56
Ideaforge Tech,543932,IDEAFORGE,Aerospace & Defense,1925.53,0.32,161.22,91.46,-65.19,-92.91,37.1,12.78,40.76,-19.08,-11.28,-23.56,-19.62,,9.87,-42.9
IDFC First Bank,539437,IDFCFIRSTB,Banks,69474.93,0,36501.64,38335.01,1482.16,1437.04,8957.02,9642.15,9936.93,3053.28,3356.33,453.47,347.8,48.35,10.94,64.1
IFB Agro Inds.,507438,IFBAGRO,Beverages,1149.31,0,1059.22,1221.96,25.33,55.65,266.79,292.78,401.98,22.95,38.15,18.19,23.79,20.65,50.67,758.84
IFB Industries,505726,IFBIND,Consumer Durables,6378.93,0,4942.28,5149.37,128.73,131.76,1176.56,1300.99,1319.94,60.12,95.83,25.36,49.75,48.41,12.19,49.4
IFCI,500106,IFCI,Finance,13307.2,0,1879.02,2010.62,171.68,380.79,617.14,407.18,732.28,192.6,489.47,40.58,142.96,34.95,18.66,71.83
IFGL Refractori.,540774,IFGLEXPOR,Industrial Products,1469.1,0,1653.03,1770.01,42.95,29.75,411.12,454.01,488.63,36,37.99,10.81,12.69,49.38,18.85,5.05
Igarashi Motors,517380,IGARASHI,Auto Components,1374.5,54.65,838.42,824.12,24.17,15.27,216.07,204.71,219.14,19.61,23.47,2.51,4.54,90.01,1.42,-41.72
IIFL Capital,542773,IIFLCAPS,Capital Markets,9919.75,0,2519.87,2309.18,678.06,584.84,645.37,617.37,572.08,221.06,212.96,175.34,84.41,16.96,-11.36,-58.84
IIFL Finance,532636,IIFL,Finance,24194.65,0,10234.06,11291.77,564.22,858.06,2556.04,2952.83,3305.11,1685.65,1981.9,233.35,376.33,28.2,29.31,25.08
IIRM Holdings,526530,,Commercial Services & Supplies,502.9,0,219.45,233.08,22.45,18.38,47.92,67.96,59.31,15.99,13.52,7.64,5.25,27.36,23.77,-30.83
IKIO Tech,543923,IKIO,Consumer Durables,1406.03,19.83,485.88,518.17,30.9,17.69,125.04,120.14,164.22,11.3,18.39,2.12,10.03,79.48,31.33,-22.79
IL&FS Engg.,532907,IL&FSENGG,Construction,377.5,0,321.38,265.72,-33.66,-29.29,65.89,41.22,54.53,-26.85,-8.83,-9.29,-1.26,,-17.24,88.26
Imagica. Enter.,539056,IMAGICAA,Leisure Services,2684.44,0,410.22,376.17,76.42,23.59,39.97,148.1,41.81,72.6,-9.1,45.29,-39.26,113.8,4.6,-492.16
Ind-Swift Labs.,532305,INDSWFTLAB,Pharmaceuticals & Biotechnology,784.76,72.28,561.71,568.27,1.77,29.64,11.96,152.73,152.64,3.6,1.47,8.77,7.99,26.48,1176.25,1848.78
Indag Rubber,509162,,Auto Components,331.8,0,228.42,208.3,6.48,6.1,62.09,45.01,52.53,0.26,3.06,1.34,3.23,54.39,-15.4,-8.5
Indef Manufactur,544364,BAJAJINDEF,Industrial Manufacturing,1077.71,0,178.63,186.74,34.16,29.06,42.77,39.71,49.31,3.71,6.28,5.65,6.26,37.09,15.29,-44.5
Indegene,544172,INDGN,Healthcare Services,12827.04,0,2839.3,3041,416.47,445.8,686.8,760.8,804.2,155.3,140.6,116.4,102.1,28.77,17.09,11.34
India Cements,530005,INDIACEM,Cement & Cement Products,12897.92,0,4148.78,4279.89,-695.97,-262.12,1021.84,1024.74,1117.04,83.19,81.13,-10.75,14.78,,9.32,111.61
India Finsec,535667,,Finance,499.18,0,71.7,75.33,11.76,12.73,18.03,18.58,20.17,14.04,15.23,3.81,3.93,39.21,11.87,38.87
India Glycols,500201,INDIAGLYCO,Beverages,7135.97,14.38,3768.26,3971.08,238.18,259.14,961.2,1040.46,1092.2,149.64,157.64,73.25,65.06,27.54,13.63,30.88
India Homes,513361,,Industrial Products,443.87,0,-0.04,0.03,-15.65,-11.36,0,0.02,0,-0.98,-1.3,-1.48,-3.15,,,30.16
India Motor Part,590065,IMPAL,Auto Components,1307.69,0,788.81,795.92,75.51,88.32,190.4,196.69,198.71,14.06,14.58,20.41,25.5,14.81,4.36,12.83
India Nipp.Elec.,532240,INDNIPPON,Auto Components,1840.85,3.94,844.83,945.69,82.28,89.39,209.85,224.7,272.56,22.74,29.53,23.21,23.2,20.59,29.88,9.64
India Pesticides,543311,IPL,Fertilizers & Agrochemicals,1984.6,37.95,829.02,944.91,84.23,107.11,228.78,275.41,289.63,45.64,49.1,35.38,32.04,18.53,26.6,21
India Power Corp,,DPSCLTD,Power,996.19,0,620.37,657.39,7.03,7.61,152.92,163.67,197.94,5.77,6.78,3.05,3.78,130.91,29.44,20
INDIA SHELTE FIN,544044,INDIASHLTR,Finance,9273.66,0,1164.51,1360.79,377.16,444.91,282.28,360.93,368.91,264.1,270.57,119.23,121.83,20.84,30.69,35.56
Indiabulls,533520,IBULLSLTD,Commercial Services & Supplies,4420.97,0,-5.8,327.89,-68.2,17.68,114.89,91.62,236.27,13.52,107.21,0.4,74.6,250.05,105.65,736.52
Indiamart Inter.,542726,INDIAMART,Retailing,13897.28,0,1388.34,1472.5,527.87,537.8,347.7,372.1,391,119.4,116.3,153.5,82.7,25.84,12.45,-38.79
Indian Bank,532814,INDIANB,Banks,108969.44,0,62039.43,64543.17,11259.77,11785.54,15369.01,16285.1,16628.28,11404.95,11519.89,2786.2,3107.97,9.25,8.19,11.01
Indian Energy Ex,540750,IEX,Capital Markets,12959.81,0,535.37,564.8,414.65,449.79,139.24,139.99,152.24,113.9,132.01,113.04,121.61,28.81,9.34,14.64
Indian Hotels Co,500850,INDHOTEL,Leisure Services,104088.6,0,8334.54,9040.16,1661.72,1687.62,1826.12,2041.08,2040.89,576.03,570.12,296.37,284.92,61.68,11.76,-9.12
Indian Hume Pipe,504741,INDIANHUME,Industrial Manufacturing,2156.2,0,1491.23,1444.93,101.09,106.92,354.37,307.43,364.78,33.74,51.55,21.92,34.69,20.17,2.94,161.61
Indian Link Ch.,504746,,Industrial Products,566.27,,0,0,0.11,0.07,0,0,0,-0.03,-0.1,0.03,-0.03,8089.63,,-175
Indian Metals,533047,IMFA,Ferrous Metals,7135.56,8.28,2564.57,2570.56,378.83,330.41,691.92,641.54,718.65,125.46,138.33,92.29,97.48,21.6,3.86,-22.03
Indian Renewable,544026,IREDA,Finance,37475.15,0,6754.02,7606.77,1699.02,1722.85,1629.55,1947.29,2056.88,1520.6,1918.89,246.68,549,21.75,26.22,41.59
Indigo Paints,543258,INDIGOPNTS,Consumer Durables,5892.37,0.23,1277.19,1288.05,143.83,145.25,288.55,294.85,298.5,43.61,45.8,26.36,25.53,40.57,3.45,5.85
IndiGrid Trust,540565,INDIGRID,Power,17985.17,0,3287.64,3343.63,345.02,284.1,835.78,839.85,826.72,696.04,713.85,72.37,43.13,63.31,-1.08,-54.9
Indiqube Spaces,544454,INDIQUBE,Commercial Services & Supplies,4268.64,0,1059.29,1059.29,-139.69,-139.69,252.19,309.29,350.14,188.12,207.88,-36.76,-29.87,,38.84,43.13
Indl. Inv. Trust,501295,IITL,Finance,375.03,0,16.58,5.15,4.01,-5.71,14.48,15.53,-0.82,13.44,-3.41,10.28,-3.29,,-105.66,-135.15
Indl.& Prud.Inv.,501298,,Finance,979.36,0,7.31,6.85,59.7,61.37,3.83,2.94,1.77,2.67,1.57,13.76,16.71,15.96,-53.79,-8.29
Indo Amines,524648,INDOAMIN,Chemicals & Petrochemicals,857.11,0,1078.68,1108.89,55.26,70.11,269.23,287.59,277.05,31.31,31.97,28.84,18.11,12.23,2.9,31.33
Indo Borax & Ch.,524342,INDOBORAX,Chemicals & Petrochemicals,812.05,0,175.26,199.05,42.51,39.04,37.87,53.57,57.85,12.21,10.5,10.2,9.53,20.8,52.76,3.81
Indo Count Inds.,521016,ICIL,Textiles & Apparels,5892.83,89.23,4151.39,4194.96,246.74,164.72,1035.85,958.71,1062.14,111.01,103.65,39.02,39.03,35.77,2.54,-51.44
Indo Farm Equip.,544328,INDOFARM,"Agricultural, Commercial & Construction Vehicles",938.8,6.98,367.97,426.29,23.57,27.9,86.09,96.26,103.89,13.17,12.76,5.43,4.98,33.65,20.68,38.33
Indo National,504058,NIPPOBATRY,Household Products,317.4,0,467.47,457.78,123.74,-9.84,127.57,119.44,119.6,2.79,3.96,1.02,1.13,,-6.25,-47.93
Indo Rama Synth.,500207,INDORAMA,Textiles & Apparels,1282.07,7.74,4258.93,4890.45,2.44,141.96,950.53,1305.71,1220.64,90.86,68.39,52.75,24.55,9.03,28.42,155.69
Indo Tech.Trans.,532717,INDOTECH,Electrical Equipment,1689.33,0,611.78,730.19,63.88,84.2,146.23,163.93,182.86,24,30.95,19.17,24.78,20.06,25.05,39.84
Indo Thai Sec.,533676,INDOTHAI,Capital Markets,4895.15,0,26.75,49.14,8.25,21.36,9.32,14.04,23.71,10.09,19.97,8.57,14.41,229.17,154.4,218.1
Indoco Remedies,532612,INDOCO,Pharmaceuticals & Biotechnology,2325.1,0,1664.92,1725.1,-74.83,-110.89,432.66,439.67,484.67,17.53,43.05,-35.79,-7.47,,12.02,21.91
Indogulf Cropsci,544432,IGCL,Fertilizers & Agrochemicals,519.55,13.63,592.38,592.38,31.14,31.14,,185.14,246.29,8.65,29.95,2.94,19.21,16.68,,
Indokem,504092,,Chemicals & Petrochemicals,2333.27,0,178.09,179.7,3.14,5.66,43.29,41.57,40.3,1.79,1.21,0.7,0.41,412.24,-6.91,
Indosolar,533257,WAAREEINDO,Electrical Equipment,2081.79,0,323.91,693.03,54.71,213.41,28.1,194.68,202.55,63.56,70.72,116.79,46.34,9.75,620.82,388.82
Indostar Capital,541336,INDOSTAR,Finance,3492.09,0,1408.37,1445.85,-15.57,-437,351.83,343.51,356.55,-278.81,184.55,-471.45,10.49,,1.34,-41.2
Indrapr.Medical,532150,INDRAMEDCO,Healthcare Services,4339.36,0,1356.36,1404.77,161.37,174.74,349.82,365.06,381.03,73.15,71.31,51.46,49.46,24.83,8.92,16.65
Indraprastha Gas,532514,IGL,Gas,26853.42,0,14927.8,15643.8,1659.05,1597.03,3697.6,3914,4023.4,510.61,441.11,429.05,386.29,16.81,8.81,-15.08
Indus Inf. Trust,544137,INDUSINVIT,Transport Infrastructure,5257.67,0,744.6,771.27,462.79,446.2,156.01,186.4,123.42,149.35,81.34,120.55,59.38,11.78,-20.89,-43.08
Indus Towers,534816,INDUSTOWER,Telecom - Services,109709.36,0,30122.8,31520.3,9676.12,9358.4,7465.3,8057.6,8188.2,4390.1,4572.1,1736.8,1839.3,11.72,9.68,-17.28
IndusInd Bank,532187,INDUSINDBK,Banks,67763.85,0,48667.66,47307.12,2574.41,-759.35,12686.28,12263.88,11608.63,6274.47,4964.13,604.07,-436.88,,-8.49,-132.82
Infibeam Avenues,539807,INFIBEAM,Financial Technology (Fintech),4941.3,0,3992.58,5475.99,230.52,236.64,1016.65,1280.21,1964.91,70.99,89.69,61.25,66.52,20.88,93.27,50.94
Infinium Pharma,,INFINIUM,Pharmaceuticals & Biotechnology,373.68,0,155.71,156.78,10.05,9.34,82.98,72.73,84.05,7.95,10.44,3.74,5.6,40.01,1.29,26.98
Influx Health.,,INFLUX,Pharmaceuticals & Biotechnology,548.44,0,104.85,123.55,13.37,17.66,48.06,56.79,66.76,11.47,14.67,7.65,10.01,31.06,38.91,78.11
Info Edg.(India),532777,NAUKRI,Retailing,90181.81,0,2849.55,3068.34,378.55,1317.5,700.82,790.86,805.45,259.96,279.85,299.1,298.44,68.45,14.93,1813.56
InfoBeans Tech.,543644,INFOBEAN,IT - Software,1661.94,83.25,394.78,436.84,38.83,64.35,98.27,111.85,125.44,23.21,31.35,23.32,22.61,25.83,27.65,78.59
Infollion Resea.,,INFOLLION,Commercial Services & Supplies,399.42,0,77.29,93.2,10.95,13.63,35.19,42.11,51.09,7.42,8.47,6.45,7.18,29.3,45.18,20.88
Infosys,500209,INFY,IT - Software,671386.35,96.92,162990,169458,26516.13,28124,40986,42279,44490,9943,10535,6921,7364,23.87,8.55,13.19
Ingersoll-Rand,500210,INGERRAND,Industrial Products,11488.04,14.58,1336.29,1341.12,267.72,264.65,322.1,315.32,321.94,74.24,75.85,58.98,60.35,43.41,-0.05,0
Innova Captab,544067,INNOVACAP,Pharmaceuticals & Biotechnology,4070.11,25.67,1243.68,1363.12,128.39,124.46,318.2,351.54,380.38,52.1,51.87,31.02,29.67,32.7,19.54,-15.23
Innovana Think.,544302,INNOVANA,IT - Software,915.29,60.89,103.48,120.32,42.26,48.73,22.85,32.09,32.72,16.08,14.22,12.95,12.69,18.78,43.19,16.42
Innovators,541353,,Industrial Manufacturing,366.03,0,221.37,190.92,16.01,12.91,114.05,107.32,83.6,15.5,12.63,7.67,5.24,28.35,-26.7,-37.17
Inox Green,543667,INOXGREEN,Power,7743.7,0,235.55,271.58,16.89,60.1,55.18,56.2,85.87,6.12,8.58,22.03,27.9,128.85,55.62,335.26
Inox India,544046,INOXINDIA,Industrial Products,10330.65,0,1306,1400.87,220.75,238.93,306.56,339.62,358.22,76.13,77.91,61.12,59.34,43.24,16.85,19.9
Inox Wind,539083,INOXWIND,Electrical Equipment,22515.51,0,3557.09,4131.52,459.13,509.56,733.01,826.25,1119.18,183.69,227.72,105.86,91.75,44.19,52.68,257.2
Insecticid.India,532851,INSECTICID,Fertilizers & Agrochemicals,2092.3,5.17,1999.95,2045.45,141.85,148.48,627.09,691.13,637.7,84.59,89.49,58.11,59.11,14.09,1.69,-3.87
Insolation Ener,543620,,Power,2829.87,0,1333.76,1498.48,126.36,145,612.03,721.73,776.75,80.68,101.7,64.93,80.07,19.52,26.91,30.68
Inspirisys Sol.,532774,INSPIRISYS,IT - Services,347.41,0,388.15,404.16,30.56,33.12,84.15,84.6,119.71,8.56,12.21,6.04,7.34,10.49,42.26,94.69
Integ. Industrie,531889,,Finance,693.86,0,765.78,975.75,56.42,75.14,186.6,249.85,286.86,25.51,30.68,19.69,23.75,9.23,53.73,100.93
Integra Engg.,505358,,Industrial Manufacturing,596.76,0,165.86,175.8,18.49,18.79,41.49,45.73,41.04,9.08,6.49,5.08,3.47,31.76,-1.08,-34.65
Intellect Design,538835,INTELLECT,IT - Software,14709.96,79.97,2500,2795.32,332.64,402.27,558.13,701.69,758.09,142.09,153.48,94.49,102.27,36.57,35.83,93.66
Interarch Build.,544232,INTERARCH,Construction,3951.83,0.07,1453.83,1698.99,107.74,127.54,323.28,380.77,491.09,31.64,41.65,28.38,32.28,30.99,51.91,56.17
Interglobe Aviat,539448,INDIGO,Transport Services,207576.22,0,80803,83314.3,5832.66,5062.4,16969.6,20496.3,18555.3,5204.6,545.4,2161.1,-2614.1,41,9.34,-164.37
Interiors & More,,INM,Consumer Durables,387.55,0,58.87,63.26,11.97,10.91,17.95,40.95,22.31,11.63,5.55,7.81,3.1,35.52,24.29,-25.48
International Ge,544311,IGIL,Commercial Services & Supplies,13681.47,25.96,1053.16,1174.43,427.31,510.83,250.13,300.91,303.74,173.51,176.17,126.53,129.79,26.78,21.43,18.42
Intl. Conveyors,509709,INTLCONV,Industrial Manufacturing,551.22,0,151.85,161.45,83.69,67.74,30.77,35.46,45.3,5.41,10.81,52.07,-17.36,8.14,47.22,-164.75
Intl. Travel Hse,500213,,Leisure Services,310.58,0,235.63,235.33,27.02,26.27,60.94,57.01,59.38,9.34,9.4,6.87,6.39,11.82,-2.56,-14
Inv.& Prec.Cast.,504786,,Industrial Products,498.95,0,165.07,172.04,6,7.47,41.9,44.9,45.03,6.4,7.33,2.17,3.03,66.79,7.47,96.75
Inventurus Knowl,544309,IKS,IT - Services,28281.86,0,2663.99,2902.31,484.4,609.74,642.78,740.1,781.09,237.76,270.34,151.54,180.72,46.38,21.52,59.93
IOL Chemicals,524164,IOLCP,Pharmaceuticals & Biotechnology,2478.23,0,2079.21,2170.3,101.13,116.13,525.75,551.69,567.53,62.15,57.1,33.96,30,21.34,7.95,56.66
ION Exchange,500214,IONEXCHANG,Other Utilities,4976.44,0,2737.11,2842.2,207.63,210.14,644.47,583.19,733.94,62.54,68.49,48.7,49.53,23.68,13.88,-2.77
Ipca Labs.,524494,IPCALAB,Pharmaceuticals & Biotechnology,36953.21,55.01,8896.81,9357.41,846.67,989.84,2354.9,2308.85,2556.5,416.42,544.92,233.21,324.69,37.33,8.56,41.49
IRB Infra.Devl.,532947,IRB,Construction,25846.92,0,7613.47,8024.67,992.19,875.41,1585.84,2098.97,1751.02,951.98,924.6,202.48,140.82,29.53,10.42,41
IRB InvIT Fund,540526,IRBINVIT,Transport Infrastructure,4838.29,0,1084.06,1124.31,337.72,364.11,270.06,290.74,276.6,244.63,231.57,98.11,81.52,13.29,2.42,-4.12
Ircon Intl.,541956,IRCON,Construction,14256.34,3.15,10759.58,9787.96,691.13,600.65,2447.52,1786.28,1976.75,199.89,141.18,164.56,138.65,23.73,-19.23,-32.68
IRIS Business,540735,IRIS,IT - Software,638.85,0,125.97,121.22,13.03,8.49,26.91,25.19,28.56,0.25,0.14,0.29,1.84,75.25,6.13,-50.69
Iris Clothings,,IRISDOREME,Textiles & Apparels,633.43,0,144.14,155.3,13.12,13.6,41.26,37.4,44.32,5.26,7.03,2.63,4.12,46.58,7.42,7.29
IRM Energy,544004,IRMENERGY,Gas,1183.15,0,975.49,1040.55,43.28,41.07,231.52,262.5,259.44,25.87,26.8,13.92,12.66,28.81,12.06,5.41
ISGEC Heavy,533033,ISGEC,Construction,5770.62,13.75,6422.28,6273.14,246.58,244.79,1643.89,1340.99,1691.09,120.2,147.4,56.98,76.53,23.57,2.87,-7
IST,508807,,Auto Components,928.58,0.02,115.03,113.65,140.36,141.05,30.68,29.39,28.69,21.21,20.23,72.35,28.63,6.58,-6.49,-39.24
ITC,500875,ITC,Diversified FMCG,507352.33,19.25,75323.34,78551.59,19746.69,20174.47,19990.36,21494.79,19501.63,6816.47,6694.69,5244.2,5061.41,25.15,-2.44,2.91
ITC Hotels,544325,ITCHOTELS,Leisure Services,42879.73,0,3559.81,3731.04,639.2,737.74,777.95,815.54,839.48,244.67,245.75,133.1,132.77,58.12,7.91,74.31
ITI,523610,ITI,Telecom -  Equipment & Accessories,29039.29,0,3616.42,3121.65,-268.19,-246.62,1016.2,498.01,543.4,-7.33,-1.21,-59.71,-52.53,,-46.53,24.09
Ivalue Infosolut,544523,IVALUE,IT - Services,1609.12,5.57,895.76,895.76,83.03,83.03,210.91,214.57,312.81,9.87,38.29,10.17,27.46,17.68,48.31,41.11
IZMO,532341,IZMO,IT - Services,1295.31,0,224.61,235.1,23.41,31.51,58.55,56.51,60.11,9.67,13.52,6,12.56,41.11,2.66,-60.7
J & K Bank,532209,J&KBANK,Banks,11358.7,0,12541.08,12985.51,2081.08,2089.96,3123.65,3269.45,3293,2208.8,2335.05,484.53,494.92,5.43,5.42,-10.47
J B Chemicals &,506943,JBCHEPHARM,Pharmaceuticals & Biotechnology,28572.65,0,3917.99,4091.81,639.54,718.38,1000.62,1093.94,1084.9,300.87,309.6,202.38,207.82,39.77,8.42,19.05
J K Cements,532644,JKCEMENT,Cement & Cement Products,43513.35,5.44,11879.15,12883.19,794.41,1034.93,2560.12,3352.53,3019.2,687.66,446.56,324.42,160.53,42.04,17.93,275.56
J Kumar Infra,532940,JKIL,Construction,4264.92,0,5693.49,5935.25,390.45,408.06,1292.37,1478.66,1336.97,216.14,194.25,102.73,91.46,10.45,3.45,1.44
J.G.Chemicals,544138,JGCHEM,Chemicals & Petrochemicals,1452.12,0,847.33,871.62,62.79,62.48,212.08,218.01,220.28,19.8,17.96,15.77,14.39,23.24,3.87,-12.84
Jagatjit Inds.,507155,,Beverages,774.48,0,491.5,461.52,-22.97,-28.81,120.26,115.35,90.28,-6.1,-6.33,-6.76,-9.86,,-24.93,-130.91
Jagran Prakashan,532705,JAGRAN,Media,1526.85,0,1888.13,1924.91,120.29,172.66,446.51,460.05,467.36,63.79,66.59,67.24,58.63,8.84,4.67,36.44
Jagsonpal Pharma,507789,JAGSNPHARM,Pharmaceuticals & Biotechnology,1391.2,1.3,268.72,282.67,39.7,43.75,74.69,75.61,74.47,14.2,16.44,10.8,12.57,31.8,-0.29,9.69
Jai Balaji Inds.,532976,JAIBALAJI,Ferrous Metals,5896.19,5.78,6350.8,5786.44,557.84,292.93,1556.57,1357.17,1353.35,127.02,71.93,70.55,26.48,20.13,-13.06,-82.71
Jai Corp,512237,JAICORPLTD,Industrial Products,2282.46,10.01,517.7,539.02,49.58,167.08,135.37,131.25,146.36,8.2,16.95,104.33,26.83,13.66,8.12,55.63
Jain Irrigation,500219,JISLJALEQS,Industrial Products,3066.85,0,5731.97,6087.49,33.56,59.12,1191.97,1545.65,1432.33,200.95,197.95,13.93,15.33,51.88,20.16,254.69
Jain Resource,544537,JAINREC,Diversified Metals,12630.89,56.59,6143.25,6143.25,209.36,209.36,1343.4,1469.69,2054.91,88.08,156.11,59.15,98.64,49.85,52.96,80.53
Jainam Ferro,,JAINAM,Ferrous Metals,322.06,0,221.39,215.39,10.73,7.84,114.21,107.18,108.21,3.09,7.31,2.33,5.51,41.08,-5.25,-34.4
Jamna Auto Inds.,520051,JAMNAAUTO,Auto Components,4886.66,1.93,2270.14,2304.4,182.55,179.64,512.81,573.33,530.88,76.26,68.92,45.75,39.74,27.2,3.52,-0.13
Jana Small Finan,544118,JSFB,Banks,4667.62,0,4709.79,4933.52,501.42,411.06,1166.05,1252.05,1304.78,492.89,513.83,101.93,74.99,11.36,11.9,-22.47
Jaro Institute,544534,JARO,Other Consumer Services,1232.2,0,252.26,252.26,51.67,51.67,74.29,60.67,80.41,13.96,26.54,7.53,17.02,25.36,8.24,-15.37
Jash Engineering,544402,JASH,Industrial Manufacturing,2775.06,63.38,735.19,766.21,87.62,77.26,139.58,127.61,157.54,-4.1,20.24,-5.09,11.16,35.92,12.87,-30.29
Jay Bharat Maru.,520066,JAYBARMARU,Auto Components,916.29,0,2290.12,2340.8,30.71,64.55,555.43,556.83,582.65,65.8,61.39,23.07,18.03,14.2,4.9,503.01
Jay Ushin,513252,,Auto Components,363.73,0,855.2,903.81,11.66,14.34,212.02,214.13,242.27,9.19,9.23,4.58,3.49,25.36,14.27,2.95
Jayant Agro Org.,524330,JAYAGROGN,Chemicals & Petrochemicals,646.08,82.72,2528.15,2385.56,54.93,51.45,598.05,672.17,499.6,30.37,22.53,16.15,9.65,12.56,-16.46,-29.66
Jayaswal Neco,522285,JAYNECOIND,Industrial Products,6432.05,0.7,5953.62,6762.46,112.68,376.72,1230.06,1649.35,1781,314.59,326.95,93.02,105.13,17.07,44.79,407.31
Jaybharat Text,512233,,Textiles & Apparels,1001.89,0,30.87,30.97,-21.05,-39.03,1.54,8.5,8.38,0.1,-2.68,-4.7,-7.47,,444.16,-56.28
Jaykay Enter.,500306,JAYKAY,Aerospace & Defense,2640.25,0,80.64,151.21,-0.06,30.08,30.81,55.45,63.07,6.88,11.03,20.22,8.49,87.77,104.71,1921.43
JBM Auto,532605,JBMA,Auto Components,13981.03,0,5472.33,5663.97,202.35,208.11,1285.98,1253.88,1368.24,120.14,150.3,36.8,52.33,67.18,6.4,5.65
JD Cables,544524,,Industrial Products,404.45,0,250.53,264.31,22.15,23.64,107.48,143.05,121.26,18.69,19.06,11.71,11.93,17.11,12.82,15.71
Jeena Sikho,544476,JSLL,Pharmaceuticals & Biotechnology,8508.41,0,469.05,619.07,88.25,153.95,214.13,254.94,364.13,65.6,170.86,43.85,110.1,55.27,70.05,134.85
Jenburkt Pharma,524731,,Pharmaceuticals & Biotechnology,482.46,12.56,151.69,159.03,31.47,33,41.22,35.53,45.56,8.95,13.11,7.79,10.16,14.62,10.53,5.83
Jeyyam Global,,JEYYAM,Food Products,327.49,0,762.4,767.64,22.08,23.47,375.43,386.97,380.67,19.67,19.95,12.54,10.93,13.95,1.4,14.57
Jindal Drilling,511034,JINDRILL,Oil,1559.41,0,827.95,976.59,212.63,336.19,172.5,254.09,238.03,106.81,92.57,66.11,132.52,4.64,37.99,284.45
Jindal Photo,532624,JINDALPHOT,Finance,1511.9,0,2.46,12.5,225.94,153.65,0.81,0.54,10.94,0.45,10.81,52.38,47.44,9.84,1250.62,-61.95
Jindal Poly Film,500227,JINDALPOLY,Industrial Products,2234.2,0,5334.94,5185.27,87.1,54.69,1233.08,1419.69,1083.41,56.43,3.55,-92.52,26.49,40.85,-12.14,-62.31
Jindal Poly Inve,536773,JPOLYINVST,Finance,1159.98,0,31.69,43.09,295.84,220.38,7.9,8.35,19.11,8.27,19.01,62.76,57.54,5.26,141.9,-58.84
Jindal Saw,500378,JINDALSAW,Industrial Products,10328.16,0,20828.89,18636.17,1753.39,1373.63,5571.92,4084.68,4233.6,670.11,451.12,424.04,151.89,7.52,-24.02,-69.6
Jindal Stain.,532508,JSL,Ferrous Metals,62276.66,13.05,39312.21,41205.54,2506.82,2759.27,9776.83,10207.14,10892.78,1296.14,1374.06,714.16,793.92,22.57,11.41,29.87
Jindal Steel,532286,JINDALSTEL,Ferrous Metals,102758.66,91.8,50128.66,48914.16,3514.76,3597.33,11213.31,12294.48,11685.88,3005.6,2081.1,1493.97,638.23,28.57,4.21,-25.86
Jindal Worldwide,531543,JINDWORLD,Textiles & Apparels,3173.13,9.9,2288.07,2343.07,75.94,69.82,570.81,539.9,573.34,40.34,30.57,17.44,11.91,45.45,0.44,-31.31
Jinkushal Indus.,544547,JKIPL,"Agricultural, Commercial & Construction Vehicles",425.38,0,380.56,380.56,18.3,18.3,69.89,48.82,72.82,5.24,7.03,5.98,4.42,20.19,4.19,167.88
Jio Financial,543940,JIOFIN,Finance,193044.87,0,2043.29,2525.44,1612.59,1608.45,693.5,612.46,981.39,456.88,688.46,302.52,695.04,120.02,41.51,0.87
JITF Infra Logis,540311,JITFINFRA,Other Utilities,732.01,0,2264.81,2406.92,52.44,-73.25,480.59,550.16,537.53,129.95,115.69,-11.13,-17.93,,11.85,-345.62
JK Lakshmi Cem.,500380,JKLAKSHMI,Cement & Cement Products,9315.8,0,6192.62,6667.15,298.28,466.16,1234.29,1740.93,1531.77,311.19,208.25,150.17,80.9,19.98,24.1,363.69
JK Paper,532162,JKPAPER,"Paper, Forest & Jute Products",6260.24,0,6718.07,6744.18,368.65,297.57,1682.93,1674.16,1748.53,247.08,224.01,81.23,74.75,21.04,3.9,-41.83
JK Tyre & Indust,530007,JKTYRE,Auto Components,12726.78,23.57,14692.92,15312.53,516.82,545.66,3621.56,3868.94,4011.31,402.13,521.38,156.39,226.74,23.32,10.76,58.99
JM Financial,523405,JMFINANCIL,Finance,13565.39,0,4410.07,4252.68,820.74,1142.26,1190.51,1111.34,1031.28,850.22,604.81,453.81,270,11.88,-13.37,16.3
JNK,544167,JNKINDIA,Industrial Manufacturing,1234.88,14.7,473.29,559.75,30.14,30.92,102.78,98.83,178.31,3.34,17.08,1.17,13.58,39.94,73.49,82.28
John Cockerill,500147,,Industrial Manufacturing,2393.33,0,388.73,327.86,-5.2,8.42,76.04,82.12,96.98,1.93,11.32,1.72,8.92,284.24,27.54,218.93
Johnson Con. Hit,523398,JCHAC,Consumer Durables,4006.57,0,2756.46,2621.99,60.96,40.27,396.28,852.63,405.14,36.43,-35.74,17.62,-30.08,99.49,2.24,-0.1
Josts Engg. Co.,505750,,Industrial Manufacturing,355.68,3.59,238.91,229.26,18.01,10.35,62.58,55.61,53.75,3.39,4.16,0.32,0.81,34.37,-14.11,-84.21
JP Associates,532532,JPASSOCIAT,Construction,951.86,4.94,5795.77,3972.04,-1390.91,-1343.97,1359.64,672.42,684.63,-18.73,-40.72,-198.65,-243.36,,-49.65,8.84
JP Power Ven.,532627,JPPOWER,Power,12939.53,0,5462.19,5502.54,813.49,742.58,1226.41,1583.16,1438.3,601.36,470.73,278.13,182.1,17.43,17.28,-0.31
JSW Cement,544480,JSWCEMENT,Cement & Cement Products,15206.98,0,5785.29,5785.29,-115.74,-115.74,1223.71,1559.82,1436.43,322.65,267.52,34.94,86.43,433.49,17.38,234.23
JSW Energy,533148,JSWENERGY,Power,80746.94,0,11745.39,15949.06,1785.1,2023.68,3237.66,5143.37,5177.42,2788.66,2996.46,743.12,704.68,39.9,59.91,-17.41
JSW Holdings,532642,JSWHL,Finance,22545.49,0,248.09,172.32,174.7,117.75,162.18,30.07,83.57,26.35,79.96,19.67,59.61,191.47,-48.47,-49.6
JSW Infrast,543994,JSWINFRA,Transport Infrastructure,56532.01,7.51,4476.14,4954.45,1439.3,1585.05,1001.36,1223.85,1265.59,581.16,609.68,384.68,361.24,35.67,26.39,-2.76
JSW Steel,500228,JSWSTEEL,Ferrous Metals,284235.36,13.56,168824,174496,3882.08,6113.96,39684,43147,45152,7476,7027,2184,1623,46.49,13.78,166.16
JTEKT India,520057,JTEKTINDIA,Auto Components,3973.85,0,2399.34,2446.25,73.82,69.96,605.31,566.02,639.11,30.85,46.27,10.82,18.23,56.8,5.58,-3.7
JTL Industries,534600,JTLIND,Industrial Products,2389.7,10.14,1911.15,1792.72,97.62,77.52,479.55,504.16,370.91,20.84,29.46,15.87,19.91,30.83,-22.65,-24.47
Jubilant Agri,544355,JUBLCPL,Chemicals & Petrochemicals,3389.67,20.5,1541.24,1750.71,88.31,123.76,407.08,441.95,512.95,63.39,63.91,44.13,42.28,27.39,26.01,69.26
Jubilant Food.,533155,JUBLFOOD,Leisure Services,39161.9,0,8141.73,8854.95,221.37,299.66,1954.72,2260.86,2340.15,437.98,476.18,94.54,105.06,130.69,19.72,52.58
Jubilant Ingrev.,543271,JUBLINGREA,Chemicals & Petrochemicals,10964.11,0,4177.62,4266.71,251.37,288,1045.24,1037.95,1120.73,142.08,135.44,75.1,69.47,38.07,7.22,17.75
Jubilant Pharmo,530019,JUBLPHARMA,Pharmaceuticals & Biotechnology,17129.34,96.67,7234.5,7617.6,558.06,497.03,1752.3,1900.7,1966.4,289.5,341.3,102.9,123.95,34.46,12.22,9.81
Juniper Hotels,544129,JUNIPER,Leisure Services,5166.28,0,944.27,981.12,70.98,124.57,214.52,220.74,230.32,79.84,82.63,17.64,19.49,41.47,7.37,170.06
Jupiter Life Lin,543980,JLHL,Healthcare Services,9389.72,0,1261.55,1395.34,188.72,198.5,335.05,352.95,393.63,78.42,92.25,43.89,57.35,47.3,17.48,11.04
Jupiter Wagons,533272,JWL,Industrial Manufacturing,11330.05,0,3870.63,3120.18,370.96,280.75,973.63,410.85,707.25,50.75,88.03,32.86,52.7,40.36,-27.36,-40.53
Just Dial,535648,JUSTDIAL,Retailing,6206.14,0,1141.93,1177.46,266.8,568,284.83,297.86,303.07,86.44,87.06,159.65,119.44,10.93,6.4,-22.48
Jyothy Labs,532926,JYOTHYLAB,Household Products,10647.47,0,2843.92,2856.94,366.23,351.61,733.07,751.21,736.06,124.15,118.27,96.79,87.76,30.28,0.41,-16.36
Jyoti CNC Auto.,544081,JYOTICNC,Industrial Manufacturing,21624.44,0,1817.7,1943.26,322.82,346.13,430.67,410.17,507.9,100.21,124.58,71.42,85.5,62.47,17.93,12.68
Jyoti Resins,514448,,Chemicals & Petrochemicals,1385.52,0,284.12,299.18,73.85,73.38,65.25,75.1,74.38,20.64,20.48,17.38,17.16,18.88,13.99,5.34
Jyoti Structures,513250,JYOTISTRUC,Electrical Equipment,1304.24,0,497.83,608.8,35.61,44.29,107.49,156.16,150.6,6.9,8.79,11.16,9.72,29.45,40.11,37.68
K C P,590066,KCP,Cement & Cement Products,2346.33,0,2528.94,2513.49,161.48,156.84,602.46,676.51,601.53,111.09,82.15,63.49,32.05,14.96,-0.15,-52.17
K P R Mill Ltd,532889,KPRMILL,Textiles & Apparels,33566.13,0,6387.88,6696.5,797.45,837.53,1480.02,1766.27,1632.03,310.25,314.23,212.7,218.03,40.08,10.27,6.36
K.P. Energy,539686,KPEL,Power,2362.74,0,936.44,1133.13,113.32,133.54,198.62,219.47,300.69,48.38,65.67,25.42,35.94,17.69,51.39,44.11
Kabra Extrusion,524109,KABRAEXTRU,Industrial Manufacturing,816.33,0,476.85,481.28,24.3,3.77,128,85.97,134.6,-2.97,8.97,-7.61,0.33,216.53,5.16,-97.32
Kajaria Ceramics,500233,KAJARIACER,Consumer Durables,16801.62,1.18,4635.07,4666.22,300.67,401.11,1179.27,1102.74,1186.01,186.86,213.45,111.2,133.53,41.89,0.57,58.45
Kaka Industries,543939,,Industrial Products,312.81,0,197.78,227.22,12.88,15.2,95.45,102.33,124.89,13.34,16.76,6.35,8.85,20.58,30.84,35.74
Kalpat.,544423,KALPATARU,Realty,6857.97,0,2221.62,2421.85,21.51,-51.79,506.26,443.2,793.77,-28.26,5.99,-49.42,5.44,,56.79,-81.94
Kalpataru Proj.,522287,KPIL,Construction,19898.43,0,22315.78,25498.99,580.17,821.04,4929.93,6171.17,6528.57,525.05,561.46,213.62,240.05,24.24,32.43,91.27
Kalyan Jewellers,543278,KALYANKJIL,Consumer Durables,50874.21,13.01,25045.07,28584.13,717.24,931.02,6065.48,7268.48,7856.03,508.02,497.01,264.08,260.51,54.64,29.52,99.46
Kalyani Cast-Tec,544023,,Industrial Manufacturing,340.39,0,139.21,161.43,13.94,15.76,70.2,69.03,92.4,8.64,11.35,6.23,9.53,21.6,31.62,18.98
Kalyani Invest.,533302,KICL,Finance,2189.2,0,78.22,76.77,71.54,44.66,46.35,5.78,43.93,-4.04,27.06,-3.18,18.93,49.02,-5.22,-50.79
Kalyani Steels,500235,KSL,Industrial Products,3339.44,0,1981.9,1927.18,252.51,257.46,492.1,442.77,456.07,85.34,85.41,60.97,61.82,12.97,-7.32,-7.44
Kama Holdings,532468,,Finance,8719.33,0,14828.16,15404.48,631.19,820.53,3451.86,3856.72,3672.21,855.16,791.95,221.06,197.02,10.63,6.38,90.1
Kamat Hotels,526668,KAMATHOTEL,Leisure Services,698.2,0,356.97,361.05,45.04,37.5,85.38,82.65,75.13,18.09,7.84,3.45,-3.36,18.62,-12.01,-140.24
Kamdhenu,532741,KAMDHENU,Industrial Products,718.24,0,747.49,759.7,60.87,69.66,190.18,195.78,191.14,21.32,23.61,21.42,18.7,10.31,0.5,17.68
Kanoria Chem.,506525,KANORICHEM,Industrial Manufacturing,326.53,0,1536.72,1190.16,-66.34,-28.54,176.57,201.38,209.84,18.13,6.23,-0.31,-0.61,,18.84,93.28
Kanpur Plastipa.,507779,KANPRPLA,Industrial Products,473.72,0,626.56,689.51,20.66,34.31,151.63,179.5,165.24,12.8,15.48,6.91,7.56,13.81,8.98,425
Kansai Nerolac,500165,KANSAINER,Consumer Durables,18443.97,2.85,7822.97,7854.75,624.98,651,1951.37,2162.03,1954.18,303.15,215.26,220.91,134.93,28.33,0.14,9.89
Kapston Services,,KAPSTON,Commercial Services & Supplies,607.73,0,688.7,767.17,17.8,23.69,168.11,190.19,209.89,9.09,9.91,6.1,7.02,25.65,24.85,78.17
Karnataka Bank,532652,KTKBANK,Banks,8048.69,0,9013.6,8941.94,1272.41,1147.49,2234.13,2261.28,2179.18,1503.81,1527.66,292.4,319.12,7.01,-2.46,-5.04
Karnika Industri,,KARNIKA,Textiles & Apparels,634.85,0,170.8,178.42,16.73,20.14,97.14,75.41,103.01,10.99,19.43,7.68,12.46,31.52,6.04,20.39
Karur Vysya Bank,590003,KARURVYSYA,Banks,23950.29,0,9678.04,10381.07,1939.34,2104.8,2386.53,2568.55,2807.97,1729.31,1777.48,521.45,573.96,11.38,17.66,21.19
Kaveri Seed Co.,532899,KSCL,Agricultural Food & other Products,5018.32,1.82,1202.43,1341.73,260.09,303.15,137.44,858.53,218.9,338.17,-6.32,326.08,-15.43,16.55,59.27,-2202.99
Kaya Ltd,539276,KAYA,Leisure Services,579.36,0,217.17,219.45,82.23,-55.39,52.52,52.79,53.85,3.72,-3.36,-14.09,-18.76,,2.53,-73.22
Kaycee Inds.,504084,,Electrical Equipment,308.48,0,52.97,56.06,5.88,5.74,13.34,13.9,14.91,2.03,2.22,1.4,1.5,53.74,11.77,-2.6
Kaynes Tech,543664,KAYNES,Industrial Manufacturing,29180.02,7.4,2721.73,3225.35,286.2,378.68,572.12,673.47,906.22,113.04,148.01,74.61,121.41,77.06,58.4,101.64
KDDL Ltd,532054,KDDL,Consumer Durables,2894.71,16.16,1647.88,1873.33,94.87,92.59,396.34,465,516.72,68.46,71.98,20.43,19.38,31.26,30.37,-21.09
KEC International,532714,KEC,Construction,18743.07,32.52,21846.7,23335.94,567.42,683.11,5113.31,5022.88,6091.56,350.1,430.41,124.6,160.75,27.44,19.13,88.21
KEI Industries,517569,KEI,Industrial Products,39792.38,13.08,9735.88,10703.71,695.9,790.62,2283.82,2590.32,2726.35,258.01,269.34,195.75,203.51,50.33,19.38,31.46
Kellton Tech,519602,KELLTONTEC,IT - Services,985.46,90.98,1097.82,1160.36,79.72,86.82,270.69,295.47,299.69,35.12,36.56,22.65,24.05,11.35,10.71,22.33
Keltech Energies,506528,,Chemicals & Petrochemicals,381.17,15.3,487.79,517.78,24.92,27.04,102.75,143.46,117.29,12.56,8.25,8.21,6.2,14.1,14.15,11.51
Kennametal India,505890,KENNAMET,Industrial Manufacturing,4776.86,15.65,1170.3,1196,95.55,109.3,270.4,323.4,296,49.4,52.7,31.3,31.4,43.7,9.47,25.6
Kerala Ayurveda,530163,,Pharmaceuticals & Biotechnology,412.34,0,125.6,125.9,-13.96,-22.78,30.41,28.61,34.84,-4.18,-4.95,1.99,-6.34,,14.57,-285.38
Kernex Microsys.,532686,KERNEX,Transport Services,1688.59,0,189.77,222.93,50.24,53.8,41.22,55.93,47.12,12.58,14.27,7.46,6.57,31.39,14.31,-4.09
Kesar India,543542,,Realty,2231.97,0,80.66,59.98,17.8,3.86,50.49,30.17,29.81,3.65,4.09,2.51,1.35,578.23,-40.96,-91.57
Kewal Kir.Cloth.,532732,KKCL,Textiles & Apparels,3135.13,0,840.35,905.05,111.07,124.16,253.17,181.28,287.84,32.94,57.63,30.54,42.55,25.25,13.69,-34
Keystone Realtor,543669,RUSTOMJEE,Realty,6850.6,0,2004.1,1821.27,171.96,102.93,533.07,273.12,499.28,11.67,14.98,14.51,8.55,66.56,-6.34,-87.1
KFin Technolog.,543720,KFINTECH,Capital Markets,18385.7,7.07,1090.75,1156.01,318.17,345.8,280.47,274.06,309.23,113.6,135.67,77.26,93.31,53.17,10.25,4.47
Khadim India,540775,KHADIM,Consumer Durables,345.7,0,418.03,401.34,5.4,14.36,160.58,95.7,101.6,12.33,13.79,0.86,1.68,24.07,-36.73,-28.81
Khaitan Chemical,507794,KHAICHEM,Fertilizers & Agrochemicals,832.76,0,720.17,902.36,1.4,64.07,230.65,234.32,308.6,31.72,31.1,21.41,21.48,13,33.8,799.67
Khazanchi Jewell,543953,,Consumer Durables,1837.45,0,1771.93,1968.04,44.92,63.62,375.16,403.75,548.6,21.06,32.29,15.15,23.55,28.88,46.23,118.46
Khemani Distrib.,539788,,Retailing,303.95,0,86.33,100.58,11.14,19.38,37.31,51.02,49.56,13.76,3.28,9.93,9.45,15.68,32.83,150.66
Kilburn Engg.,522101,,Industrial Manufacturing,2937.88,23.86,424.46,518.06,62.38,83.77,103.77,129.25,153.6,33.31,39.78,21.31,26.88,35.07,48.02,76.61
Kilitch Drugs,524500,KILITCH,Pharmaceuticals & Biotechnology,585.84,55.97,198.32,209.46,23.87,27.58,47.47,43.14,48.92,3.26,5.04,3.03,8.19,21.24,3.05,-4.99
Kinetic Engg.,500240,,Auto Components,714.09,0,141.73,142.08,-4.1,4.31,35.47,35.34,39.3,-2.03,1.67,0.63,-0.07,165.68,10.8,-103.26
Kingfa Science,524019,KINGFA,Industrial Products,5333.01,0,1744.69,1837.54,152.86,157.46,418.33,461.93,465.69,57.91,60.6,39.79,41.14,33.87,11.32,10.41
Kings Infra,530215,,Food Products,371.5,0,123.82,142.52,13.14,14.76,30.47,34.12,43.13,6.94,7.64,3.64,4.38,25.17,41.55,26.22
KIOCL,540680,KIOCL,Ferrous Metals,20621.36,0,590.52,660.49,-204.63,-139.6,16.14,90.94,142.54,-41.72,-21.59,-37.79,-17.16,,783.15,75.21
Kiran Vyapar,537750,,Finance,551,0,113.36,104.06,60.18,11.79,41.48,27.25,33.3,18.46,12.97,16.39,0.07,46.73,-19.72,-99.78
Kiri Industries,532967,KIRIINDUS,Chemicals & Petrochemicals,3675.09,23.72,740.03,799.21,258.01,122.04,173,202.12,213.44,-16.21,-13.69,10.14,19.65,30.11,23.38,-75.53
Kirl. Brothers,500241,KIRLOSBROS,Industrial Products,12668.53,0,4492.24,4432.2,411.99,396.05,1035.8,979,1027.7,111.7,108.4,66.91,69.07,31.99,-0.78,-27.77
Kirl. Electric,533193,KECL,Electrical Equipment,689.71,0,543.82,523.23,-6.03,7.12,161.47,132.24,142.11,6.88,6.41,0.42,9.98,96.87,-11.99,305.35
Kirl. Ferrous,500245,KIRLFER,Ferrous Metals,7878.44,0,6566.26,6758.49,321.34,344.92,1667.11,1685.05,1728,213.88,213.55,95.77,92.34,22.84,3.65,8.75
Kirl.Pneumatic,505283,KIRLPNU,Industrial Products,6697.24,0,1628.63,1572.73,213.43,190.75,430.7,272,378.1,35.8,58.1,28.1,43.2,35.11,-12.21,-36.09
Kirloskar Indus.,500243,KIRLOSIND,Industrial Products,3401.48,0,6628.91,6848.76,146.6,159.68,1687.74,1705.48,1781.92,218.6,233.42,42.97,49.95,21.3,5.58,1.24
Kirloskar Oil,533293,KIRLOSENG,Industrial Products,16414.35,0,6349.13,6915.2,443.72,486.77,1504.59,1763.8,1948.38,326.67,381.75,137.14,162.46,33.72,29.5,33.6
Kisan Mouldings,530145,,Industrial Products,330.32,0,273.35,262.56,3.38,0.43,51.47,61.49,47.45,2.01,-1.32,0.07,-0.56,768.18,-7.81,-19.15
Kitex Garments,521248,KITEX,Textiles & Apparels,3985.24,78.68,982.8,895.28,138.67,89.91,215.88,196.69,122.1,34.19,-15.96,20.76,-4.93,44.33,-43.44,-113.21
KMC Speciality,524520,,Healthcare Services,1222.6,0,231.6,263.74,21.42,30.41,56.23,66.55,74.9,16.45,20.85,7.54,10.84,40.2,33.2,179.38
KN Agri Resource,,KNAGRI,Agricultural Food & other Products,490.98,0,1710.78,1791.17,37.02,36.73,754.06,970.79,820.38,35.51,23.69,22.71,14.02,13.37,8.8,-2.3
Knowledge Marine,543273,KMEW,Engineering Services,3707.71,0,200.71,203.73,49.61,49.31,52.48,48.47,50.17,19.94,19.98,11.27,11.2,75.19,-4.4,-10.9
Knowledge Realty,544481,KRT,Realty,54770.32,0,3930.1,3930.1,317.99,317.99,,0,0,-0.91,-19.61,-0.91,1116.07,172.24,,
KNR Construct.,532942,KNRCON,Construction,4190.12,0,4753.17,3082.53,1102.52,689.58,1944.86,612.72,646.5,182.95,192.56,123.41,104.66,6.08,-66.76,-76.81
Kody Technolab,,KODYTECH,IT - Software,1341.68,0,71.77,71.77,17.62,17.62,,,31.68,,8.09,,4.64,76.15,,
Kokuyo Camlin,523207,KOKUYOCMLN,Household Products,922.49,3.41,762.53,762.36,5.85,18.15,172.51,227.39,174.38,19.63,16.13,10.06,7.86,50.83,1.08,173.94
Kolte Patil Dev.,532924,KOLTEPATIL,Realty,3329.48,0,1717.38,1289.36,104.06,63.17,308.29,82.36,138.66,-25.95,-37.23,-16.99,-10.43,52.71,-55.02,-207.08
Kopran,524280,KOPRAN,Pharmaceuticals & Biotechnology,654.3,0,629.6,591.73,38.55,17.61,151.56,135.22,117.91,14.13,-5.28,7.45,-9.92,37.16,-22.2,-234.42
Kotak Mah. Bank,500247,KOTAKBANK,Banks,428536.31,0,65668.83,67852.12,22091.71,18574.23,16426.97,17248.31,17198.74,4124.88,5592.68,4472.18,4468.27,23.07,4.7,-11.42
Kothari Indl,509732,,Fertilizers & Agrochemicals,3518.27,0,86.64,86.64,-16.17,-16.17,21.71,39.2,49.5,-0.47,-4.99,-1.92,-6.56,,128.01,-7388.89
Kothari Petroche,,KOTHARIPET,Chemicals & Petrochemicals,725.51,24.87,577.34,587.88,65.83,66.32,149.62,160.67,143.02,22.88,25.02,17.58,18.61,10.94,-4.41,13.96
Kothari Products,530299,KOTHARIPRO,Commercial Services & Supplies,453.75,65.12,957.86,975.59,-75.58,46.1,265.9,248.41,282.86,0.22,-18.9,21.25,3.99,9.84,6.38,103.32
Kovai Medical,523323,KOVAI,Healthcare Services,6481.62,0,1371.11,1477.94,209.6,228.59,343.99,373.92,392,105.8,107,57.23,58.86,28.35,13.96,16.12
KP Green Engg.,544150,,Electrical Equipment,2175.75,0,694.57,964.35,74.03,104.93,262.36,432.28,532.07,68.28,98.16,46.52,58.41,20.74,102.8,112.55
KPI Green Energy,542323,KPIGREEN,Power,8370.7,0,1735.45,2265.01,321.47,397.03,359.68,602.94,634.3,206.07,225.53,104.19,109.11,21.08,76.35,54.5
KPIT Technologi.,542651,KPITTECH,IT - Software,34764.14,0,5842.35,6132.77,839.6,772.69,1471.41,1538.76,1587.71,294.76,297.94,171.9,169.09,44.99,7.9,-17.01
KRBL,530813,KRBL,Agricultural Food & other Products,9034.13,26.33,5593.81,6219.58,475.69,609.51,1270.48,1584.35,1511.08,192.65,226.45,150.58,172.11,14.82,18.94,67.63
Krishana Phosch.,,KRISHANA,Fertilizers & Agrochemicals,3011.28,0,1355.21,1780.31,86.54,117.14,300.56,395.54,607.86,65.56,73.17,30.58,33.17,25.71,102.24,98.15
Krishival Foods,544416,KRISHIVAL,Food Products,1024.84,1.33,202.23,244.63,13.54,15.15,73.79,128.44,116.19,9.63,12.83,5.25,9.9,67.65,57.46,19.42
Krishna Defence,,KRISHNADEF,Aerospace & Defense,1106.55,0,194.32,221.29,21.91,26.94,94.04,100.82,120.47,16.17,21.62,11.32,15.62,41.07,28.11,47.36
Krishna Institu.,543308,KIMS,Healthcare Services,28187.74,0,3035.1,3401.6,366.52,328.68,777.3,871.6,960.7,192.6,204,78.6,67.18,85.76,23.59,-37.45
Kriti Industries,526423,KRITI,Industrial Products,423.22,0,721.91,657.18,-4.27,-16.97,117.36,224.06,85.73,15.1,-4.07,7.26,-9.68,,-26.95,-171.91
Kriti Nutrients,533210,KRITINUT,Agricultural Food & other Products,362.01,0,734.34,814.94,36.29,31.64,173.55,229.04,212.93,11.37,11.24,9.21,9.23,11.44,22.69,-3.45
KRN Heat Exchan,544263,KRN,Industrial Products,4859.67,15.7,429.65,510.32,52.88,59.04,91.1,115.28,152.07,17.59,30.26,12.42,18.02,82.31,66.93,46.39
Kronox Lab,544187,KRONOX,Chemicals & Petrochemicals,506.05,0,100.19,99.96,25.47,25.81,24.86,24.29,25.53,7.97,8.65,6.28,6.68,19.61,2.7,3.25
Kross Ltd,544253,KROSS,Auto Components,1066.08,0,620.41,605.29,48,49.53,139,139.36,130.92,16.17,14.75,10.7,8.08,21.52,-5.81,-16.01
Krsnaa Diagnost.,543328,KRSNAA,Healthcare Services,2436.95,0,681.7,698.31,79.33,85.47,178.72,175.62,182.88,50.1,58.01,19.56,23.24,28.51,2.33,5.78
Krystal Integrat,544149,KRYSTAL,Commercial Services & Supplies,770.03,0,1113.24,1159.34,60.18,57.8,246.18,284.72,244.1,18.83,15.86,15.01,12.28,13.32,-0.84,-14.78
KSB,500249,KSB,Industrial Products,13038.95,13.82,2533.09,2638.1,247.01,262.6,616.5,666.7,649.6,91.4,84.8,70.4,67.5,49.65,5.37,9.4
KSE,519421,,Food Products,737.44,0,1649.5,1647.14,88.62,127.21,414.35,416,427.39,49.59,42.9,38.55,32.87,5.8,3.15,114.84
Ksolves India,543599,KSOLVES,IT - Software,709.71,77.73,137.43,148.38,34.32,31.02,34.82,37.67,39.67,9.94,12.07,6.43,8.41,22.88,13.93,-8.49
Kuantum Papers,532937,KUANTUM,"Paper, Forest & Jute Products",807.63,6.49,1107.04,1050.05,117.68,64.92,278.86,222.92,279.7,40.4,34.34,12.06,5.77,12.44,0.3,-80.7
Kwality Pharma,539997,,Pharmaceuticals & Biotechnology,929.4,52.79,370.2,422.62,39.83,49.07,90.03,111.48,111.05,24.17,25.35,11.93,14.12,18.94,23.35,66.71
L G Balakrishnan,500250,LGBBROSLTD,Auto Components,5993.56,0,2578.29,2790.14,284.7,303.46,660.93,657.05,787.02,97.11,136.54,60.82,93.2,19.75,19.08,24
L T Foods,532783,LTFOODS,Agricultural Food & other Products,13771.85,0,8681.47,9732.83,603.3,636.13,2107.79,2463.92,2765.74,265.41,309.45,168.5,163.85,21.65,31.22,10.42
L. T. Elevator,544518,,Industrial Manufacturing,356.44,0,56.52,83.86,8.94,14.31,19.56,36.97,46.89,12.16,9.91,7.86,6.45,24.91,139.72,497.22
L&T Finance Ltd,533519,LTF,Finance,77481.35,0,15924.24,16715.82,2644.02,2698.51,4019.34,4259.57,4335.75,2619.62,2674.06,701.1,734.84,28.71,7.87,5.64
L&T Technology,540115,LTTS,IT - Services,48215.22,0,10670.1,11480.9,1264.09,1277.9,2572.9,2866,2979.5,462.4,490.8,315.7,328.7,37.73,15.8,2.85
La Opala RG,526947,LAOPALA,Consumer Durables,2356.62,13.07,331.87,324.57,91.62,100.99,90.61,65.27,90.9,24.13,35.19,25.35,26.78,23.34,0.32,11.31
Lakshmi Mills,502958,,Textiles & Apparels,567.59,0,263.16,239.69,-5.24,-24.04,72.55,55.07,58.63,5.17,7,-22.03,2.52,,-19.19,157.14
Lancer Containe.,539841,LANCER,Transport Services,357.06,0,699.14,522.45,-3.38,-26.21,202.09,107.09,93.67,6.13,5.51,-4.62,6.77,,-53.65,-54.19
Landmark Cars,543714,LANDMARK,Automobiles,2162.4,0,4025.5,4558.89,16.89,20.8,907.27,1061.72,1210.92,61.04,54.26,6.91,1.19,103.97,33.47,200
Larsen & Toubro,500510,LT,Construction,555291.92,0,255734.45,270722.51,15224.79,16074.88,61554.58,63678.92,67983.53,8024.01,8513.24,3617.19,3926.09,34.54,10.44,15.63
Last Mile Enter.,526961,,Finance,388.67,0,385.16,2371.86,13.44,19.73,31.7,1240.31,785.64,7.51,3.33,4.66,2.48,19.7,2378.36,-74.03
Latent View,543398,LATENTVIEW,IT - Software,9318.7,95.74,847.84,953.58,166.39,190.61,208.95,236.02,257.54,50.43,56.14,50.84,44.39,48.89,23.25,11.28
Laurus Labs,540222,LAURUSLABS,Pharmaceuticals & Biotechnology,55441.18,68.42,5553.96,6358.39,319.75,683.96,1223.7,1569.57,1653.47,382.13,403.26,163.02,194.97,81.06,35.12,882.71
Laxmi Dental,544339,LAXMIDENTL,Healthcare Equipment & Supplies,1482.34,0,239.11,260.21,26.19,25.76,57.12,65.6,72.27,11.91,11.02,8.39,8.53,57.54,26.52,44.82
Laxmi Goldorna,,LGHL,Consumer Durables,1380.8,0,87.82,87.82,10.56,10.56,15.85,27.72,28.67,5.28,5.21,0.6,2.24,117.41,80.88,115.38
Laxmi India Fin.,544465,LAXMIINDIA,Finance,700.61,0,245.73,280.81,35.99,39.9,59.42,69.68,75.67,46.05,46.55,9.78,9.4,17.56,27.35,8.55
Laxmi Organic,543277,LXCHEM,Chemicals & Petrochemicals,4777.1,38,2985.44,2888.71,109.82,83.48,771.25,692.93,699.75,30.75,37.09,21.39,11.02,57.22,-9.27,-60.77
Le Merite Export,,LEMERITE,Textiles & Apparels,1252.95,66.92,480,433.95,5,11.09,262.45,221.34,212.61,6.01,13.33,2.54,8.55,112.98,-18.99,209.78
Le Travenues,544192,IXIGO,Leisure Services,10188.04,1.21,914.25,1123.11,52.59,48.15,206.47,314.47,282.74,23.19,-5.19,19.09,-3.18,211.59,36.94,-125.44
Leela Palaces Hotels,544408,THELEELA,Leisure Services,13247.13,0,1300.57,1300.57,48.04,48.04,277.15,274.79,310.65,101.43,135.52,8.77,74.72,76.16,12.09,246.02
Lehar Footwears,532829,,Consumer Durables,415.81,0,277.22,459.09,10.87,21.78,37.65,142.2,140.52,12.68,12.61,7.27,7.29,19.09,273.23,474.02
Lemon Tree Hotel,541233,LEMONTREE,Leisure Services,13042.88,0,1286.08,1355.75,196.52,220.06,284.37,315.77,306.28,140.11,130.72,38.33,34.6,59.27,7.7,16.73
Lenskart Solut.,544600,LENSKART,Retailing,72405.56,39.65,6652.52,6652.52,246.75,246.75,1735.69,1894.46,2096.15,336.05,413.31,65.19,102.22,274.78,20.77,19.6
LG Electronics,544576,LGEINDIA,Consumer Durables,108562.68,0,24366.64,24366.64,2200.92,2200.92,6113.89,6262.94,6174.03,716.27,547.56,513.26,389.43,52.84,0.98,-27.3
Liberty Shoes,526596,LIBERTSHOE,Consumer Durables,487.86,0,675.48,694.78,15.54,13.33,171.8,172.79,174.23,15.97,15.15,3.3,1.96,36.6,1.41,-23.44
LIC Housing Fin.,500253,LICHSGFIN,Finance,29799.69,0,28110.6,28804.92,5442.15,5521.36,6937.72,7250.16,7179.25,6775.23,6728.87,1363.89,1349.25,5.4,3.48,1.62
Life Insurance,543526,LICI,Insurance,550148.79,0,889970.02,913081.59,48001.19,51102.85,231132.12,224671.49,241524.29,10473.63,9492.25,10957.05,10098.48,10.77,4.5,30.66
Likhami Consult.,539927,,Commercial Services & Supplies,326.86,0,0.67,0.73,0.22,0.29,0.12,0.15,0.15,0.02,0.04,0.01,0.04,1127.1,25,33.33
Likhitha Infra.,543240,LIKHITHA,Construction,732.88,0,512.22,486.44,69.37,60.35,125.4,122.41,102.24,19.23,16.58,13.91,11.53,12.14,-18.47,-33.66
Linc,531241,LINC,Household Products,709.81,17.35,531.47,539.02,38.47,39.01,134.64,134.3,135.63,12.72,15.29,7.33,10.17,18.2,0.74,15.83
Lincoln Pharma.,531633,LINCOLN,Pharmaceuticals & Biotechnology,985.18,0,623.23,632.16,81.04,80.01,161.21,154.07,163.36,23.81,25.43,27.68,19.98,12.31,1.33,-24.12
Linde India,523457,LINDEINDIA,Chemicals & Petrochemicals,50365.75,0,2485.38,2413.01,444.75,505.97,634.42,571.08,644.19,197.03,282.33,105.07,169.01,99.54,1.54,61.9
LKP Finance,507912,,Finance,1364.04,0,7.42,-25.46,-0.59,-22.55,16.05,11.04,-7.52,9.23,-12.91,4.7,5.03,,-146.85,-66.91
Lloyds Engineeri,539992,LLOYDSENGG,Industrial Manufacturing,7175.6,0,845.74,1031.84,103.13,135.99,,217.01,316.66,26.51,48.63,30.18,51.84,52.77,,
Lloyds Enterpris,512463,LLOYDSENT,Metals & Minerals Trading,7906.97,0,1488.06,1517.09,49.6,282.06,385.48,330.9,406.57,22.41,23.71,229.73,23.46,28.03,5.47,6.3
Lloyds Metals,512455,LLOYDSME,Minerals & Mining,64490.43,0,6721.4,8903.34,1448.88,1805.12,1435.66,2383.52,3651.35,794.19,1043.09,641.59,572.36,35.73,154.33,89.95
LMW,500252,LMW,Industrial Manufacturing,16067.4,0,3012.01,3086.08,83.19,120.27,768.99,694.14,821.88,13.75,44.05,12.23,40.92,133.59,6.88,67.29
Lodha Developers,543287,LODHA,Realty,111121.92,0,13779.5,15597.5,2764.3,3329.5,2625.7,3491.7,3798.5,984.2,1108.3,674.7,788.7,33.37,44.67,86.5
Logica Infoway,543746,,Retailing,402.22,13.11,1111.63,1183.39,10.51,13.69,514.94,596.69,586.7,14.85,14.63,7.27,6.42,29.38,13.94,98.15
Lords Chloro,500284,LORDSCHLO,Chemicals & Petrochemicals,442.82,0,270.22,343.1,5.63,23.36,60.62,100.2,98.34,20.41,18.66,10.45,9.04,18.96,62.22,2411.11
Lotus Chocolate,523475,,Food Products,1037.48,0,573.75,623.29,17.23,9.57,128.29,158.71,160.44,4.95,3.55,2.99,1.44,108.41,25.06,-72.52
LS Industries,514446,,Metals & Minerals Trading,2817.23,0,0.29,1.46,-23.83,1.92,0.01,0,1.18,-0.73,-0.72,-0.23,-0.2,1467.31,11700,60
LTIMindtree,540005,LTIM,IT - Software,186624,0,38008.1,39667.5,4598.7,4869.1,9432.9,9840.6,10394.3,1649.4,1930.1,1254.1,1401.1,38.33,10.19,12
Ludlow Jute,526179,,"Paper, Forest & Jute Products",331.23,16.79,300.9,395.33,-10.56,11.27,79.17,113.03,135.15,11.3,13.78,4.49,6.86,29.39,70.71,295.44
Lumax Auto Tech.,532796,LUMAXTECH,Auto Components,10418.01,1.24,3636.67,4221.21,174.58,211.47,842.26,1026.37,1156.36,124.88,154.51,41.42,66.85,49.26,37.29,55.9
Lumax Industries,517206,LUMAXIND,Auto Components,5308.29,0.76,3400.39,3741.57,139.7,149.28,811.82,922.52,1008.6,81.81,88.71,36.19,35.64,35.56,24.24,26.03
Lupin,500257,LUPIN,Pharmaceuticals & Biotechnology,95867.54,62.55,22707.9,24750.69,3247.61,4324.63,5672.73,6268.34,7047.51,1727.24,2341.33,1219.03,1477.92,22.17,24.23,73.34
Lux Industries,539542,LUXIND,Textiles & Apparels,3483.18,0,2578.5,2755.57,163.22,128.57,670.96,604.49,778.84,35.41,44.13,23.92,23.84,27.09,16.08,-53
M & B Engineer.,544470,MBEL,Construction,2081.4,6.53,988.55,988.55,76.85,76.85,206.58,237.65,306.85,29.48,34.48,17.95,22.2,27.68,48.54,-6.96
M & M,500520,M&M,Automobiles,462257.29,0,159210.82,175704.22,12929.1,14232.39,37923.74,45529.19,46105.67,8227.8,8929.09,4083.32,3673.32,32.48,21.57,15.85
M & M Fin. Serv.,532720,M&MFIN,Finance,51088.39,0,18518.85,19699.23,2258.72,2467.14,4465.15,4990.61,5026.19,3026.45,3011.65,527.87,564.48,20.71,12.56,44.95
M B Agro Prod.,,MBAPL,Fertilizers & Agrochemicals,3566.42,0,1057.61,1440.39,57.47,90.82,278.31,409.69,450.19,56.97,61.84,28.21,30.46,39.27,61.76,120.09
M M Forgings,522241,MMFL,Auto Components,1697.55,0,1476.96,1445.49,136.26,107.94,389.43,348.81,377.68,62.54,63.14,22.34,17.71,15.73,-3.02,-50.71
M R P L,500109,MRPL,Petroleum Products,26949.61,0,94681.62,86471.53,58.56,1036.63,24967.87,17356.23,22648.57,179.59,1488.6,-270.66,627.36,26,-9.29,190.02
M T N L,500108,MTNL,Telecom - Services,2296.99,0,698.02,688.9,-3333.88,-3567.3,266.64,159.2,189.76,-92.05,-108.45,-943.15,-960.2,,-28.83,-7.85
M.V.K. Agro,,MVKAGRO,Agricultural Food & other Products,1268.63,0,149.73,145.02,9.43,10.09,56.3,93.43,51.59,7.77,11.06,5.65,4.44,125.73,-8.37,20.33
Maan Aluminium,532906,MAANALU,Non - Ferrous Metals,807.25,0,810.17,830.22,17.91,15.49,205.44,211.19,191.08,4.94,7.96,2.73,5.77,52.11,-6.99,12.48
Mac Charles(I),507836,,Leisure Services,906.85,0,9.83,50.24,-111.8,-96.52,3.3,21.8,23.75,13.26,17.4,-20.93,-16.56,,619.7,30.6
Macfos,543787,,Retailing,762.58,0,254.99,236.04,17.94,17.81,89.87,59.27,68.48,6.99,7.2,5.04,5.12,42.82,-23.8,-18.47
Macpower CNC,,MACPOWER,Industrial Manufacturing,945.69,0,261.82,286.86,26,27.56,71.1,61.03,85.71,7.92,14.16,4.56,9.38,34.31,20.55,13.01
Madhav Infra,539894,,Construction,310.29,0,610.24,649.93,25.19,34.88,86.77,87.54,106.82,17.08,16.27,7.48,12.54,8.9,23.11,200.72
Madhuveer Com,531910,,Entertainment,502.1,0,4.38,6.97,-1.66,0.85,0.64,1.79,1.47,-0.15,-1.31,-0.51,0.31,590.71,129.69,147.69
Madras Fertilize,590134,MADRASFERT,Fertilizers & Agrochemicals,1232.98,0,2541.85,2537.02,64.26,79.2,532.42,672.37,510.37,64.97,12.25,44.06,12.95,15.57,-4.14,719.62
Mafatlal Inds.,500264,,Textiles & Apparels,1138.91,1.15,2807.47,3630.04,100.66,115.23,995.52,1240.28,1029.69,43.4,24.38,45.71,21.82,9.88,3.43,-15.85
Magadh Sugar,540650,MAGADSUGAR,Agricultural Food & other Products,666.39,0,1322.29,1296.5,109.01,82.53,323.85,333.04,324.41,19.08,1.8,0.22,-10.35,8.07,0.17,-292.74
Magellanic Cloud,538891,MCLOUD,IT - Software,1573.82,66.3,599.97,636.17,102.69,107.24,157.3,163.96,164.44,56.82,53.87,27.75,27.83,14.68,4.54,14.43
Magna Electrocas,517449,,Industrial Products,387.39,49.2,176.45,189.5,23.03,21.75,45.64,48.52,52.33,9.79,9.46,6.66,5.41,17.81,14.66,-19.49
Mah. Scooters,500266,MAHSCOOTER,Finance,16661.88,0,183.91,312.73,175.09,309.75,163.17,29.27,271.02,28.19,269.8,35.36,267.07,53.79,66.1,76.68
Mah. Seamless,500265,MAHSEAMLES,Industrial Products,7644.95,0,5268.66,5129.82,778.26,783.69,1291.81,1145.27,1158.67,165.33,119,230.32,125.26,9.76,-10.31,-43.08
Mahamaya Lifesc.,544611,,Fertilizers & Agrochemicals,344.64,0,263.96,263.96,12.93,12.93,146.29,,163.39,,15.42,,8.37,24.53,11.69,15.45
Mahamaya Steel,513554,MAHASTEEL,Industrial Products,1273.94,0,801.76,831.62,7.27,9.5,154.74,207.05,188.57,4.89,5.07,1.27,1.84,134.1,21.86,1944.44
Mahanagar Gas,539957,MGL,Gas,11558.48,0,6923.68,7753.14,977.51,990.49,1786.25,2081.38,2049.33,500.71,337.95,319.56,193.37,11.67,14.73,-32.57
Mahindra EPC,523754,MAHEPC,Industrial Manufacturing,339.72,0.43,272.67,288.96,7.21,14.01,50.02,62.04,49.58,2.74,1.35,0.98,0.43,24.25,-0.88,115.58
Mahindra Holiday,533088,MHRIL,Leisure Services,6333.81,0,2780.85,2876,127.82,133.64,670.75,701.4,717.34,121.91,152.12,7.87,17.85,47.39,6.95,29.63
Mahindra Life.,532313,MAHLIFE,Realty,8786.63,0,372.27,226.05,41.25,161.73,7.61,31.97,17.56,-55.02,-52.47,51.24,47.9,54.33,130.75,441.65
Mahindra Logis.,540768,MAHLOG,Transport Services,3121.69,0,6104.83,6473.57,-37.03,-36.93,1521.1,1624.59,1685.27,76.25,85.08,-10.8,-10.35,,10.79,3.72
Maithan Alloys,590078,MAITHANALL,Ferrous Metals,2748.76,58.7,1802.1,2089.45,757.43,445,464.22,632.31,490.82,65.39,32.12,536.14,-120.95,6.18,5.73,-184.08
Majestic Auto,500267,,Commercial Services & Supplies,348.51,0,64.31,60.62,6.77,10.52,16.15,15.39,13.12,8.92,1.66,13.11,8.18,33.12,-18.76,8.97
Mallcom (India),539400,MALLCOM,Industrial Products,727.64,0,486.78,517.08,36.89,31.57,129.08,122.43,139.34,17.65,9.86,9.85,3.74,23.05,7.95,-62.97
Mamata Machinery,544318,MAMATA,Industrial Manufacturing,1035.25,68.86,254.58,276.51,40.75,43.07,42.79,38.66,53.37,3.09,6.62,2.65,4.53,24.04,24.73,-2.58
Man Industries,513269,MANINDS,Industrial Products,3321.8,0,3505.35,3526.65,150.75,166.87,806.23,742.13,834.09,49.12,121.1,27.62,36.98,19.91,3.46,16.07
Man Infra,533169,MANINFRA,Construction,5413.77,0,1108.07,867.78,282.21,271.47,230.32,182.9,148.75,40.59,36.58,55.57,55.21,19.94,-35.42,23.96
Manaksia,532932,MANAKSIA,Industrial Products,386.74,74.64,731.05,819.84,41.96,52.11,169.47,173.39,189.99,9.93,7.01,15,10.99,7.42,12.11,180.86
Manaksia Coated,539046,MANAKCOAT,Industrial Products,1456.65,39.2,781.63,883.05,15.63,38.3,174.91,249.78,220.33,24.51,26.09,14.1,14.02,38.03,25.97,792.99
Manaksia Steels,539044,MANAKSTEEL,Ferrous Metals,386.11,0,584.18,777.2,11.29,17.36,95.45,200.98,243.79,10.03,11.15,6.35,4.01,22.24,155.41,68.49
Manali Petrochem,500268,MANALIPETC,Chemicals & Petrochemicals,1059.34,0,897.12,909.19,31.45,51.6,230.22,234.67,248.04,22.83,20.3,14.34,19,20.53,7.74,9400
Manappuram Fin.,531213,MANAPPURAM,Finance,23674.77,0,10007,9432.22,1215.54,449.14,2633.1,2262.39,2283.46,1029.04,1255.19,138.38,219.88,52.71,-13.28,-61.47
Manba Finance,544262,MANBA,Finance,708.58,0,250.45,281.43,37.8,42.13,64.59,67,77.62,43.71,51.28,9.75,11.4,16.82,20.17,-2.06
Mangal Credit,505850,MANCREDIT,Finance,357.62,0,49.58,56.34,13.31,12.3,11.66,14.47,15.82,10.82,11.49,3,2.98,29.07,35.68,-7.45
Mangal Electrica,544492,MEIL,Electrical Equipment,1023.69,6.59,549.04,549.04,47.3,47.3,132.7,89.66,154.33,9.97,21.84,3.73,13.3,22.1,16.3,-6.86
Mangalam Cement,502157,MANGLMCEM,Cement & Cement Products,2147.54,0,1680.99,1787.9,47.38,77.09,359.14,451.74,394.88,75.19,42.7,32.26,20.11,27.86,9.95,513.11
Mangalam Global,544273,MGEL,Agricultural Food & other Products,488.4,12.75,2281.45,2603.23,24.8,26.12,562.62,858.54,705.8,12.56,11.47,6.43,7.98,18.7,25.45,12.08
Mangalam Organic,514418,MANORG,Chemicals & Petrochemicals,416.98,8.1,530.01,578.36,12.6,26.91,138.32,146.55,158.1,21.61,0.28,12.23,5.9,15.5,14.3,174.42
Mangalam World.,,MWL,Metals & Minerals Trading,773.43,2.54,1059.87,1186.67,27.56,35.31,237.73,275.73,317.11,15.8,20.57,10.11,10.53,21.9,33.39,52.39
Mankind Pharma,543904,MANKIND,Pharmaceuticals & Biotechnology,90959.64,12.55,12207.44,13545.67,1738.87,1748.55,3061.43,3570.35,3697.16,846.77,921.33,438.32,511.51,52.02,20.77,-22
Manoj Vaibhav,543995,MVGJL,Consumer Durables,916.17,0,2382.42,2507.49,100.42,104.3,642.23,548.94,755.82,37.4,55.43,20.59,31.73,8.78,17.69,19.02
Manomay Tex Indi,540396,MANOMAY,Textiles & Apparels,409.36,39.06,696.92,695.12,19.25,19.38,176.5,163.94,166.15,20.32,22.58,4.45,5.57,21.12,-5.86,16.28
Manorama Indust.,541974,MANORAMA,Food Products,8043.86,72.56,770.84,1054.87,111.98,177.26,195.42,289.55,323.31,78.97,87.67,50.58,54.88,45.38,65.44,105.47
Maple Inf. Trust,543925,,Transport Infrastructure,10022.49,0,788.09,788.09,-120.59,-120.59,196.82,242.14,218.37,162.36,155.67,-15.12,-19.34,,10.95,48.92
Marathon Nextgen,503101,MARATHON,Realty,3709.24,0,580.14,529.59,144.22,227.12,145.99,140.81,116.85,30.92,42.02,59.88,66.05,16.33,-19.96,36.41
Marble City,531281,,Other Construction Materials,309.66,,59,59,2.38,2.38,10.79,19.85,24.97,5.91,7.76,1.94,2.54,64.78,131.42,1714.29
Marico,531642,MARICO,Agricultural Food & other Products,95654.55,25.12,10831,12265,1613.81,1666,2664,3259,3482,655,560,504,420,57.42,30.71,-0.71
Marine Electric.,,MARINE,Industrial Manufacturing,2857.1,16.53,767.1,833.77,37.8,46.67,184.1,166.98,222.25,16.91,25.89,11.61,16.49,61.22,20.72,29.64
Markolines Pavem,543364,MARKOLINES,Construction,334.32,0,300.15,345.02,22.56,25.91,105.86,194.63,150.39,26.85,14.27,18.13,7.78,12.9,42.06,75.62
Marksans Pharma,524404,MARKSANS,Pharmaceuticals & Biotechnology,8332.42,100,2622.85,2730.71,380.09,351.68,641.92,619.99,720.41,100.13,144.5,58.32,98.25,23.69,12.23,1.58
Marsons,517467,,Electrical Equipment,2745.86,0,168.36,206.8,24.93,32.59,38.51,47.03,59.8,7.31,8.57,8.03,9.2,84.25,55.28,23.16
Maruti Suzuki,532500,MARUTI,Automobiles,511807.87,0,152913,160633.8,14451.43,14779.4,37449.2,38605.2,42344.2,4622.6,5086,3792.4,3349,34.63,13.07,7.95
MAS FINANC SER,540749,MASFIN,Finance,5790.22,0,1597.23,1794.08,310.38,337.83,384.27,465.98,480.23,333.91,346.37,85.55,90.34,17.14,24.97,17.75
Mason Infratech,,MASON,Realty,463.6,0,112.08,126.87,17.08,20.19,37.05,75.06,51.81,19.2,13.78,12.38,7.81,22.96,39.84,65.82
Mastek,523704,MASTEK,IT - Software,6693.38,84.32,3455.23,3630.02,367.15,368.63,867.39,914.7,940.37,137.32,145.51,92.05,97.45,18.16,8.41,-19.18
Master Trust,511768,MASTERTR,Capital Markets,1560.86,0,583.88,528.38,131.23,118.21,153.72,131.66,126.86,51.81,59.3,27.11,31.4,13.2,-17.47,-14.88
Matrimony.com,540704,MATRIMONY,Retailing,1025.02,0,455.84,449.67,45.23,34.31,115.5,115.33,114.59,12.43,12.04,8.4,7.76,29.88,-0.79,-41.03
Mawana Sugars,523371,MAWANASUG,Agricultural Food & other Products,317.73,0,1446.49,1506.8,57.51,51.13,382.5,400.53,428.97,-0.59,-10.13,-13.54,-16.13,6.21,12.15,20.11
Max Estates,544008,MAXESTATES,Realty,7456.57,0,160.49,180.06,34.63,55.81,40.18,51.47,48.77,13.91,10.09,11.45,7.27,133.61,21.38,238.14
Max Financial,500271,MFSL,Insurance,58374.49,0,46469.34,43911.67,331.88,163.31,13371.86,12821.65,9791.59,118.59,21.01,70.07,4.15,357.44,-26.77,-96.33
Max Healthcare,543220,MAXHEALTH,Healthcare Services,106874.96,0,7028.46,7941.09,1131.61,1409.01,1707.46,2027.57,2135.47,522.91,575.15,307.97,491.3,75.85,25.07,74.34
Max India Ltd,543223,MAXIND,Finance,1014.94,0,162.6,158.09,-127.85,-145.18,42.77,36.67,45.16,-27.92,-31.01,-33.21,-34.04,,5.59,-49.76
Maxvolt Energy,,MAXVOLT,Auto Components,475.41,0,107.45,197.23,10.12,18.26,40.28,67.19,130.04,8.56,18.42,5.34,12.92,26.04,222.84,170.29
Mayur Uniquoters,522249,MAYURUNIQ,Consumer Durables,2177.41,34.76,820.21,853.28,139.6,154.19,216.36,206.41,237.76,43.42,59.49,41.23,48.1,14.12,9.89,16.1
Mazagon Dock,543237,MAZDOCK,Industrial Manufacturing,105538.31,0,11431.88,11872.86,2412.94,2333.96,2756.83,2625.59,2929.24,301.69,694.66,452.15,749.48,45.22,6.25,28.1
Mazda,523792,MAZDA,Industrial Manufacturing,470.86,26.83,193.26,200.77,24.85,25.47,56.79,49.63,50.84,3.23,10.46,4.91,7.58,18.49,-10.48,-15.59
MBL Infrast,533152,MBLINFRA,Construction,565.96,0,128.32,139.42,-108.93,-99.57,32.95,27.69,50.11,-21.81,-20.77,-12.26,-9.29,,52.08,43.53
Mcleod Russel,532654,MCLEODRUSS,Agricultural Food & other Products,481.91,0,1185.41,1114.62,-217.19,-276.16,452.62,215.76,362.83,7.17,98.47,-43.48,29.06,,-19.84,-65.63
Medi Assist Ser.,544088,MEDIASSIST,Insurance,3493.86,0,723.32,797.95,88.02,81.38,180.77,190.56,232.55,42.01,39.71,22.4,7.95,42.93,28.64,-62.12
Media Matrix,512267,,Entertainment,1285.67,0.03,1883.65,1150.01,3.5,3.47,1125.6,233.65,386.22,4.72,6.32,1.48,1.43,370.51,-65.69,-4.03
Medicamen Biotec,531146,MEDICAMEQ,Pharmaceuticals & Biotechnology,515.29,0,162.55,164.96,7.11,10.69,44.74,43.04,47.17,4.61,5.16,2.15,2.67,48.2,5.43,82.88
Medico Remedies,540937,MEDICO,Pharmaceuticals & Biotechnology,446.03,90.23,150.94,171.68,10.09,11.35,39.35,38.25,52.64,2.82,2.73,1.82,2.57,39.3,33.77,65.81
Medplus Health,543427,MEDPLUS,Retailing,9704.46,0,6136.06,6293.02,146.02,195.09,1576.17,1542.63,1679.33,130.73,148.85,42.36,55.5,49.74,6.54,43.26
Meesho,,,,50095.75,0,9387.55,9387.55,-4833.99,-4833.99,,,,,,,,,,
Megasoft,532408,MEGASOFT,Telecom - Services,1458.88,,0,0,-29.94,137.89,0,0,0,-15.96,-1.99,136.23,0.56,10.58,,103.93
Megastar Foods,541352,MEGASTAR,Food Products,310.37,0,350.12,453.73,3.78,5.84,90,107.34,137.97,6.77,9.15,1.62,2.38,53.15,53.3,48.75
Megatherm Indu.,,MEGATHERM,Industrial Products,423.92,0,320.51,331.61,21.31,24.04,147.95,172.56,159.05,20.58,15.57,12,12.04,17.63,7.5,29.32
Meghmani Organi.,543331,MOL,Fertilizers & Agrochemicals,1651.63,82.9,2079.75,2312.85,-12.13,39.66,543.89,613.62,577.26,66.89,52.09,12.68,11.55,41.64,6.14,224.6
Meghna Infracon,538668,,Realty,1152.55,0,40,41.34,9.24,9.76,3.29,10.47,8.78,2.05,1.35,1.39,1.05,118.09,166.87,250
Menon Bearings,523828,MENONBE,Auto Components,593.89,0,242.52,251.93,24.77,27.3,59.39,67.21,62.51,12.92,9.79,8.43,6.79,21.75,5.25,1.34
Mercury EV-Tech,531357,,Automobiles,720,0,89.49,122.86,7.48,8.82,19.48,22.57,34.01,2.12,3.01,1.27,1.72,81.63,74.59,7.5
Methodhub Software,,,,365.76,0,134.86,134.86,11.5,11.5,,,79.94,,14.78,,10.35,31.81,,
Metro Brands,543426,METROBRAND,Consumer Durables,29673.34,0,2507.39,2625.24,339.62,355.53,585.45,628.24,651.14,193.9,170.72,98.51,67.69,83.46,11.22,-2.67
Metropolis Healt,542650,METROPOLIS,Healthcare Services,9980.37,0,1331.2,1483.31,139.87,158.23,349.79,386.06,429.19,89.76,108.22,45.06,52.67,63.08,22.7,13.22
MIC Electronics,532850,MICEL,Industrial Products,1076.59,0,94.76,106.1,9.6,9.58,27.46,11.61,37.89,4.11,3.81,1.67,2.17,112.38,37.98,1.88
Midwest,544587,MIDWESTLTD,Consumer Durables,5181.12,0,626.18,626.18,104.08,104.08,141.21,142.27,158.69,38.97,46.53,23.21,27.78,44.29,12.38,86.82
Midwest Gold,526570,,Other Construction Materials,3580.26,32.05,0.78,0.78,-5.53,-5.53,,0.49,1.2,-2.72,-2.04,-3.46,-3.2,,,
Minda Corp,538962,MINDACORP,Auto Components,14014.83,0,5056.2,5495.06,252.74,266.78,1290.01,1385.88,1535.36,156.29,177.91,65.31,84.64,52.53,19.02,13.86
Mindspace Busine,543217,MINDSPACE,Realty,30064.19,0,2660.47,2859.92,477.91,519.63,648.88,740.26,772.01,550.13,575.05,156.71,138.87,57.86,18.98,10.54
Mindteck (India),517344,MINDTECK,IT - Software,635.46,0,424.42,410.97,30.04,29.58,108.23,101.3,101.63,9.62,7.21,8.75,6.1,21.48,-6.1,-19.42
Mini Diamonds(I),523373,,Consumer Durables,337.63,0,405.57,462.35,4.49,4.15,103.99,100.46,149.44,2.55,3.25,1.82,2.78,81.36,43.71,35.61
MIRC Electronics,500279,MIRCELECTR,Consumer Durables,865.57,0,746.69,671.69,-2.3,-41.15,151.37,140.85,163.31,-8.04,-17.3,-12.49,-22.34,,7.89,-1754.81
Mirza Internatio,526642,MIRZAINT,Consumer Durables,554.32,0,581.23,542.8,-4.36,-5.48,201.39,142.11,164.36,12.69,12.67,2.46,2.15,,-18.39,-63.56
Mishra Dhatu Nig,541195,MIDHANI,Aerospace & Defense,5836.71,0,1074.1,1028.75,110.03,106.98,262.12,170.5,209.73,34.17,32.75,12.8,12.77,54.56,-19.99,-45.77
Mishtann Foods,539594,,Food Products,538.81,0.12,1375.3,1426.65,333.33,334.55,341.87,386.05,386.47,83.8,96.49,82.66,95.45,1.61,13.05,-10.43
MKVentures Cap.,514238,,Finance,432.1,0,27.52,22.84,9.38,7.73,6.82,6.03,6.07,5.53,4.91,4.24,3.49,55.9,-11,-17.49
MMP Industries,,MMP,Non - Ferrous Metals,646.88,0,691.86,762.49,39.21,40.6,144.83,183.3,187.68,12.76,12.86,11.88,7.01,15.93,29.59,20.24
MMTC,513377,MMTC,Commercial Services & Supplies,8486.85,0,1.17,2.94,97.59,70.3,1.56,1.36,1.1,-23.1,-22.05,44.25,20.5,120.72,-29.49,-2.38
Mobavenue AI Tech,539682,,IT - Software,1889.55,0,4.52,4.52,0.77,0.77,10.05,46.41,54.32,8.73,11.04,6,7.3,253.29,440.5,1096.72
Modern Insulator,515008,,Electrical Equipment,770.33,0,503.27,602.41,32.26,49.36,114.92,141.38,176.49,12.89,18.77,15.22,16.59,15.61,53.58,117.43
Modi Naturals,519003,,Agricultural Food & other Products,535.25,0,662.67,670.83,31.01,36.54,146.56,155.03,146.99,17.65,15.34,10.49,10.07,14.65,0.29,32.85
Modi's Navnirman,543539,MODIS,Realty,654.54,0,74.97,133.31,8.2,19.74,36.62,49.92,83.39,9.49,15.64,7.74,12,33.16,127.72,164.32
Modison,506261,MODISONLTD,Electrical Equipment,494.8,0,490.24,530.58,25.48,31.71,122.48,134.14,145.16,8.56,18.45,5.61,10.89,15.6,18.52,72.04
MOIL,533286,MOIL,Minerals & Mining,6652.94,0,1582.07,1496.32,374.7,301.28,291.89,348.06,348.05,78.81,99.5,51.51,70.44,22.08,19.24,40.99
Mold-Tek Pack.,533080,MOLDTKPAC,Industrial Products,1937.4,1.17,781.32,843.62,60.43,67.18,191.3,240.56,209.76,46.79,39.11,21.79,15.48,28.84,9.65,9.71
Mold-Tek Technol,526263,MOLDTECH,Construction,450.21,0,145.85,137,10.31,2.9,43.08,33.29,40.23,0.47,4.44,0.68,3.24,155.24,-6.62,-59.5
Monarch Networth,511551,MONARCH,Capital Markets,2432.38,0,327.55,318.72,149.53,155.47,104.04,97.98,83.12,62.59,63.77,45.25,44.97,15.65,-20.11,2.27
Monarch Surve.,544453,,Commercial Services & Supplies,328.56,0.85,154.14,176.64,34.83,39.49,50.69,103.44,73.2,36.03,21.89,25.19,14.3,8.32,44.41,48.34
Moneyboxx Fin.,538446,MONEYBOXX,Finance,442.26,0,199,217.84,1.25,-4.57,49.49,59.02,55,23.4,23.61,0.24,0.28,,11.13,-86.21
Monika Alcobev,544451,,Beverages,620.76,0,236.14,268.71,22.12,27.11,84.31,151.84,116.87,31.47,17.6,17.14,9.97,22.9,38.62,99.8
Monolithisch Ind,,MONOLITH,Industrial Products,1129.41,0,97.26,113.63,14.36,17.58,41,56.35,57.28,12.31,11.98,8.76,8.82,64.24,39.71,57.22
Monte Carlo Fas.,538836,MONTECARLO,Textiles & Apparels,1454.49,0,1100.41,1141.94,79.74,84.91,219.7,138.53,248.7,-5.87,41.54,-16.32,16.17,17.13,13.2,101.87
Morepen Labs.,500288,MOREPENLAB,Pharmaceuticals & Biotechnology,2327.16,39.21,1811.58,1755.45,118.02,75.53,437.73,425.24,411.58,24.17,30.7,10.75,17.77,30.81,-5.97,-49.02
Morganite Crucib,523160,,Industrial Products,864.36,52.04,174.19,175.45,27.76,25.28,44.31,42.54,45.93,9.13,12.77,5.77,8.78,34.19,3.66,-1.57
MOS Utility,,MOS,Financial Technology (Fintech),584.39,0,616.46,624.06,11.16,15.59,308.22,308.25,315.81,13.42,12.91,7.21,8.38,37.49,2.46,54.33
Moschip Tech.,532407,MOSCHIP,IT - Hardware,3913.57,46.96,466.84,543.4,33.37,42.8,125.63,135.59,146.94,16.58,16.82,10.9,12.15,91.44,16.96,24.87
Motherson Wiring,543498,MSUMI,Auto Components,30247.02,0,9319.4,10065.69,605.75,613.35,2325.64,2494.03,2761.86,244.25,279.68,143.1,165.34,49.31,18.76,8.72
Motil.Oswal.Fin.,532892,MOTILALOFS,Capital Markets,53195.5,0,8339.54,7769.82,2501.57,2024.23,2841.06,2737.03,1849.11,1719.53,839.91,1162.06,362.42,26.28,-34.91,-67.64
Motisons Jewel,544053,MOTISONS,Consumer Durables,1620.42,0.08,462.11,441.57,43.15,55.9,109.34,87.05,90.47,12.76,30.53,8.03,21.43,28.99,-17.26,106.06
Mphasis,526299,MPHASIS,IT - Software,56233.12,0,14229.99,14905.78,1678.45,1785.07,3536.15,3732.49,3901.91,702.86,721.62,441.7,469.07,31.5,10.34,10.8
MPS,532440,MPSLTD,Other Consumer Services,3563.63,99.23,726.89,749.19,142.89,164.16,177.7,186.28,194.44,50.29,60.47,35.69,45.18,21.71,9.42,28.21
MRF,500290,MRF,Auto Components,64998.9,0,28152.5,29130.05,1868.45,1853.67,6881.09,7675.69,7378.72,1071.24,1125.9,500.47,525.64,35.06,7.23,11.67
Mrs Bectors,543253,BECTORFOOD,Food Products,7845.15,0,1873.88,1962.57,142.97,136.26,496.29,472.96,551.42,58.23,69.26,30.88,36.51,57.57,11.11,-6.24
MSP Steel & Pow.,532650,MSPL,Industrial Products,2075.51,0,2905.25,2864.64,-28.35,18.35,656.32,710.86,676.86,44.9,22.77,17.84,26.12,113.11,3.13,374.08
MSTC,542597,MSTCLTD,Commercial Services & Supplies,3290.55,0,310.96,332.43,196.56,220.97,71.92,77.43,85.01,43.67,49.88,42.34,47.5,14.89,18.2,10.77
MTAR Technologie,543270,MTARTECH,Aerospace & Defense,7333.65,78.67,675.96,649.72,52.87,46.35,190.18,156.58,135.59,28.45,17,11.23,4.59,158.22,-28.7,-75.56
Mufin Green,542774,MUFIN,Finance,1861.71,0,161.6,183.05,20.29,20.13,40.32,48.01,51.42,31.32,34.75,4.11,6.06,92.48,27.53,6.13
Mukand,500460,MUKANDLTD,Ferrous Metals,1922.37,0,4889.99,4658.49,72.68,64.74,1262.84,1128.71,1160.62,47.25,69.14,29.03,9.88,29.69,-8.09,-60.9
Mukka Proteins,544135,MUKKA,Food Products,778.46,0,1006.42,1100.07,46.44,47.25,149.2,170.77,244.58,14.1,20.27,1.52,5.88,16.48,63.93,182.69
Multi Comm. Exc.,534091,MCX,Capital Markets,52772.12,0,1112.66,1340.15,560.01,696.16,285.58,373.21,374.23,241.16,242.13,203.19,197.47,75.8,31.04,28.54
Munjal Auto Inds,520059,MUNJALAU,Auto Components,801.5,0,2066.37,2109.08,41.42,27.12,522.49,491.02,584.09,28.37,26.4,9.92,11.2,29.55,11.79,-39.88
Munjal Showa,520043,MUNJALSHOW,Auto Components,494.13,0,1250.45,1240.63,4.69,25.91,317.72,286.04,332.62,1.57,3.13,8.28,2.73,19.07,4.69,33.17
Muthoot Cap.Serv,511766,MUTHOOTCAP,Finance,441.54,0,473.74,561.85,45.63,17.14,108.65,145.31,153.55,67.93,84.44,-4.67,2.83,25.76,41.33,-82.28
Muthoot Finance,533398,MUTHOOTFIN,Finance,152584.71,0,20214.17,24544.4,5332.97,7303.69,4928.82,6450.13,7282.79,5008.8,5803.23,2016.2,2420.63,20.89,47.76,90.36
Muthoot Microfin,544055,MUTHOOTMF,Finance,3151.02,0,2562.17,2370.76,-222.52,-360.65,662.41,558.62,576.33,226.08,258.38,6.18,30.52,,-12.99,-50.46
N R Agarwal Inds,516082,NRAIL,"Paper, Forest & Jute Products",778.79,16.88,1659.03,1860.47,18.06,24.28,428.41,452.14,524.68,16.51,43.84,16.55,1.82,32.08,22.47,-78.18
N S D L,544467,,Capital Markets,21327,0,1420.15,1420.15,327.99,327.99,356.7,312.03,400.04,94.77,126.58,89.63,110.39,62.33,12.15,14.75
NACL Industries,524709,NACLIND,Fertilizers & Agrochemicals,3479.66,25.08,1234.52,1374.5,-120.77,-86.35,440.31,448.36,456.94,37.98,44.73,13.04,16.1,,3.78,8.05
Naga Dhunseri,,NDGL,Finance,303,0,70.77,345.9,34.29,28.76,3.74,119.61,168.51,28.11,26.24,27.35,-3.98,10.54,4405.61,-134.61
Nahar Capital,532952,NAHARCAP,Finance,451.53,0,46.36,23.22,49.81,59.56,11.66,5.67,9.62,2.97,6.36,11.48,20.38,7.58,-17.5,95.4
Nahar Indl. Ent.,519136,NAHARINDUS,Textiles & Apparels,476.08,0,1530.08,1548.56,10.92,42.68,355.91,388.52,340.24,15.2,-3.32,4.09,17.14,11.15,-4.4,868.61
Nahar Poly,523391,NAHARPOLY,Industrial Products,598.89,0,665.94,698.64,45.5,60.67,168.58,196.75,172.3,27.78,27.77,18.24,20.78,9.87,2.21,19.43
Nahar Spinning,500296,NAHARSPING,Textiles & Apparels,718.78,0,3284.56,3286.32,10.52,36.57,775.92,819.28,779.27,57.96,25.79,16.13,-4.41,19.65,0.43,72.69
Nalwa Sons Invst,532256,NSIL,Finance,3365.52,0,125.3,87.65,46.71,24.06,59.75,37.09,24.73,32.76,21.39,25.79,15.72,139.88,-58.61,-55.09
Namo eWaste,,NAMOEWASTE,Other Utilities,409.67,0,149.83,170.32,8.53,10.11,66.83,83,87.32,6.78,10.9,3.12,6.99,40.52,30.66,30.9
Nandan Denim,532641,NDL,Textiles & Apparels,438.22,0,3546.68,3807.17,33.47,37.84,850.25,1047.68,784.69,32.41,23.43,11.2,9.45,11.58,-7.71,7.63
Naperol Invest.,500298,,Finance,463.52,0,20.14,23.73,10.55,9.62,1.73,3.23,2.94,0.03,0.04,0.08,-0.01,48.18,69.94,-100.75
Narayana Hrudaya,539551,NH,Healthcare Services,39231.63,0,5482.98,5961.09,788.23,850.33,1366.68,1507.27,1643.79,336.51,401.22,195.99,258.16,46.14,20.28,29.64
Natco Pharma,524816,NATCOPHARM,Pharmaceuticals & Biotechnology,16728.74,87.2,4429.5,4387.7,1884.27,1538.7,1371.1,1328.9,1363,571,579.2,480.7,518.4,10.87,-0.59,-23.46
National High,543385,NHIT,Transport Infrastructure,28859.07,0,2413.21,3257.78,325.01,420.04,566.77,1022.75,1001.55,833.49,799.9,121.47,112.09,68.71,76.71,58.27
National Standar,504882,,Realty,2691.2,0,22.33,35.75,13.2,11,3.8,0,17.25,-2.85,-0.36,0.99,4.26,244.65,353.95,-11.25
Natl. Aluminium,532234,NATIONALUM,Non - Ferrous Metals,50158.28,32.86,16787.63,18029.33,5267.49,6112.97,4001.48,3806.94,4292.34,1477.76,1922.64,1049.48,1429.94,8.21,7.27,36.71
Natl.Fertilizer,523630,NFL,Fertilizers & Agrochemicals,4353.23,0,19797.55,20609.6,170.69,105.35,4390.36,3534.17,6763.07,81.26,102.59,-39.44,-35.81,41.32,54.04,-396.69
Nava,513023,NAVA,Power,14904.23,62.55,3983.55,4017.64,1091.49,925.28,900.48,1193.22,963.73,588.33,315.26,308.28,129.78,16.11,7.02,-47.98
Navin Fluo.Intl.,532504,NAVINFLUOR,Chemicals & Petrochemicals,29581.67,0,2349.38,2790.96,288.58,444.09,518.56,725.4,758.42,206.79,246.17,117.16,148.37,66.61,46.26,152.24
Navkar Corporat.,539332,NAVKARCORP,Transport Services,1459.7,0,484.49,534.6,-38.27,-23.13,135.94,138.46,162.39,20.45,24.39,2.45,4.35,,19.46,437.21
Navneet Educat.,508989,NAVNETEDUL,Printing & Publication,3163.57,36.03,1780.59,1757.34,196.73,191.88,272,794,247,227,1,157,-15,16.49,-9.19,-200
Nazara Technolo.,543280,NAZARA,Entertainment,8933.76,0,1623.91,2080.12,70.46,857.95,318.94,498.77,526.46,23.19,-163.88,53.46,757.95,10.41,65.07,3080.67
NBCC,534309,NBCC,Construction,30261.58,3.67,12038.57,12751.71,600.7,667.83,2445.73,2391.19,2910.2,110.16,100.72,132.13,153.52,45.31,18.99,25.71
NBI Indl. Fin.,,NBIFIN,Finance,674.83,0,13.94,15.7,8.49,10.03,6.79,0.42,8.59,-0.29,7.91,-0.35,6.03,67.28,26.51,36.73
NCC,500294,NCC,Construction,10559.73,0,22199.36,21197.4,796.53,793.84,5195.98,5178.99,4543.01,456.12,393.31,192.14,154.7,13.3,-12.57,-5.07
NCL Industries,502168,NCLIND,Cement & Cement Products,890.87,0,1798.97,1407.78,29.33,56.39,330.38,338.47,345.05,50.7,49.16,20.21,26.38,15.8,4.44,213.67
NDL Ventures,500189,NDLVENTURE,Finance,325.78,0,4.2,0,0.59,0.73,0,0,0,-0.84,-0.82,0.24,0.28,446.27,,33.33
NDR Auto Compon.,543214,NDRAUTO,Auto Components,1996.17,0,712.78,752.42,52.98,58.23,174.23,185.22,199.96,19.87,21.77,13.6,14.85,34.28,14.77,24.37
NDR INVIT Trust,,NDRINVIT,Commercial Services & Supplies,4732.34,0,324.11,379.03,133.25,144.82,75.08,101.56,103.61,87.85,91.06,38.24,37.05,32.68,38,39.07
NDTV,532529,NDTV,Entertainment,926.36,0,465.03,489.71,-210.21,-261.06,111.32,107.65,122.27,-57.62,-56.87,-70.38,-74.11,,9.84,-40.44
Nectar Lifesci.,532649,NECLIFE,Pharmaceuticals & Biotechnology,469.82,0,1664.34,896.63,-113.7,-123.26,5.74,5.24,5.71,-0.84,-0.33,-0.68,-0.33,,-0.52,-43.48
Neetu Yoshi,544434,,Industrial Products,459.34,0,70.59,79.53,16.41,20.02,35.21,35.38,44.15,11.78,14.19,8.48,11.54,22.94,25.39,45.52
Nelcast,532864,NELCAST,Industrial Products,934.21,0,1251.68,1251.76,34.75,36.78,330.42,331.86,298.74,28.23,17.09,12.5,4.76,25.4,-9.59,-44.13
NELCO,504112,NELCO,IT - Hardware,1848.22,0,304.87,297.36,9.6,4.29,82.55,74.79,74.33,7.74,7.47,1.8,1.62,430.82,-9.96,-60.49
Neogen Chemicals,542665,NEOGEN,Chemicals & Petrochemicals,2781.69,0,777.56,799.64,43.32,32.85,193.36,186.73,208.66,31.51,29.96,10.26,3.37,84.68,7.91,-69.25
Neptune Pet.,,NEPTUNE,Chemicals & Petrochemicals,401.65,0,947.94,1013.69,25.1,26.76,340.82,607.12,406.57,9.03,14.2,12.21,14.55,15.01,19.29,12.88
NESCO,505355,NESCO,Commercial Services & Supplies,8632.42,0,732.01,831.07,389.68,413.61,192.1,193.34,239.18,110.34,136.12,96.14,118.91,20.87,24.51,11.26
Nestle India,500790,NESTLEIND,Food Products,240489.9,3.88,20201.56,21023.38,3095.99,2993.97,5104,5096.16,5643.61,1100.26,1236.64,659.23,753.2,80.32,10.57,-1.88
Netweb Technol.,543945,NETWEB,IT - Services,17451.91,5.42,1149.02,1353.57,114.03,134.84,251.06,301.21,303.72,44.8,45.47,30.48,31.43,129.43,20.98,20.05
Network People,544396,NPST,IT - Services,2863.23,0,173.21,127.89,45.2,28.18,66.75,33.62,46.68,9.83,13.64,7.19,9.84,101.61,-30.07,-45.79
Netwrk.18 Media,532798,NETWORK18,Entertainment,6666.08,0,6887.92,2887.49,-333.91,8.93,1825.18,467.86,497.81,4.16,-0.5,-1.78,40.68,746.49,-72.73,142.45
Neuland Labs.,524558,NEULANDLAB,Pharmaceuticals & Biotechnology,21674.13,0,1476.84,1533.41,208.22,195.8,310.84,292.75,514.27,34.48,155.55,13.9,96.85,110.7,65.45,194.91
New India Assura,540769,NIACL,Insurance,26291.46,0,43353.86,47535.83,1041.88,1161.99,10785.91,11719.01,13449.68,189.3,131.13,400.33,54.06,22.63,24.7,-39.73
Newgen Software,540900,NEWGEN,IT - Software,12495.86,69.15,1486.88,1532.45,308.25,328.8,361.16,320.66,400.79,45,102.4,49.72,81.74,38,10.97,16.22
Nexus Select,543913,NXST,Realty,24600.01,0,2282.89,2426.24,419.68,484.9,557.37,613.58,630.89,421.27,428.37,119.58,132.32,50.73,13.19,20.03
NGL Fine Chem,524774,NGLFINE,Pharmaceuticals & Biotechnology,804.42,0,368.26,408.52,21.12,20.69,93.48,104.19,120.26,10.98,17.16,9.24,9.63,38.88,28.65,-1.83
NHPC Ltd,533098,NHPC,Power,77427.15,0,10379.86,11212.76,2950.64,3171.33,3051.93,3213.77,3365.26,1801.51,2026.87,1065.02,1021.44,24.41,10.27,13.49
NIBE,535136,NIBE,Aerospace & Defense,1444.79,1.99,507.32,417.14,26.73,3.17,135.99,82.5,73.37,7.5,-4.47,1.9,-8.44,455.77,-46.05,-192.54
Nicco Parks,526721,,Leisure Services,397.8,0,75.02,74.29,21.83,11.25,13.77,26.29,11.5,11.11,-0.24,3.24,0.24,35.36,-16.49,-95.59
Nidhi Granites,512103,,Other Construction Materials,324.8,0,47.29,56.88,1.95,3.59,12.1,19.81,13.18,3.23,2.12,2.24,1.29,90.47,8.93,17.27
NIIT,500304,NIITLTD,Other Consumer Services,1245.19,0,357.58,373.47,46.12,34.88,90.71,84.12,104.95,-9.84,-1.18,6.06,1.92,35.69,15.7,-85.27
NIIT Learning,543952,NIITMTS,Other Consumer Services,5037.76,0,1653.26,1775.66,235.63,218.75,397.45,451.35,475.72,90.41,92.71,53.51,51.05,23.03,19.69,-14.12
Nikhil Adhesives,526159,,Chemicals & Petrochemicals,431.86,0,584.59,530.25,16.82,14.4,147.69,123.47,131.05,8.37,8.25,3.57,3.17,29.99,-11.27,-30.94
Nikita Greentech Recycling,,NIKITA,"Paper, Forest & Jute Products",331.78,0,363.28,376.82,23.02,19.21,165.96,198.46,178.36,24.45,16.02,12.9,6.31,17.27,7.47,-37.65
Nila Infrastruct,530377,NILAINFRA,Realty,369.48,0,246.88,332.4,20.36,23.06,39.81,92.6,74.04,8.82,8.1,6.71,6.08,16.02,85.98,16.03
Nila Spaces,542231,NILASPACES,Realty,628.26,0,135.8,155.79,13.89,19.79,31.91,40.83,42.18,12.09,9.88,5.86,5.46,31.75,32.18,47.57
NILE,530129,,Minerals & Mining,461.06,0.15,919.58,941.8,36.39,46.39,251.68,245.32,273.99,22.22,17.5,14.92,11.6,9.94,8.86,38.59
Nilkamal Ltd,523385,NILKAMAL,Consumer Durables,2059.25,1.44,3312.74,3599.14,105.99,104.43,821.76,883.14,967.71,58,85.28,15.24,33.57,19.72,17.76,3.2
Nimbus Projects,511714,,Realty,540.92,0,176,11.29,23.64,-82.38,5.86,3.9,4.37,-47.23,5.57,-39.61,17.46,,-25.43,-73.33
NINtec Systems,539843,NINSYS,IT - Software,748.14,95.79,139.8,153.56,25.23,29.6,33.88,38.83,41.69,8.43,10.24,7.65,7.87,25.28,23.05,20.89
Nippon Life Ind.,540767,NAM-INDIA,Capital Markets,51876.1,0,2518.21,2419.16,1286.39,1334.72,571.3,606.61,658.12,388.13,429.54,396.12,344.64,38.87,15.2,-4.29
Nirlon,500307,,Commercial Services & Supplies,4401.91,0,636.07,647.67,218.56,317.91,160.21,163,165.31,127.79,129.37,58.41,147.66,13.85,3.18,161.39
Nisus Finance,544296,,Finance,681.36,0,65.62,172.19,32.22,44.92,32.92,31.81,140.38,17.78,60.05,13.38,31.54,15.17,326.43,67.41
Nitco,532722,NITCO,Consumer Durables,1887.22,0,314.39,436.09,-280.46,-141.35,66.01,150.22,107.7,49.62,-13.71,47.53,1,,63.16,102.18
Nitin Spinners,532698,NITINSPIN,Textiles & Apparels,1802.12,63.97,3300.26,3233.55,175.42,166.93,822.52,793.31,760.08,111.25,99.56,40.99,34.79,10.8,-7.59,-17.48
Nitta Gelatin,506532,,Chemicals & Petrochemicals,735.48,44.57,532.72,540.64,75.08,74.67,132.34,138.79,138.07,27.48,25.73,19.69,18.94,9.85,4.33,-5.68
Niva Bupa Health,544286,NIVABUPA,Insurance,13568.92,0,5374.28,5873.92,208.81,92.61,1321.28,1371.08,1574.03,-93.01,-53.21,-91.44,-35.27,146.52,19.13,-370.89
Niyogin Fintech,538772,,Finance,635.77,0,304.39,332.91,-15.89,-6.45,72.52,81.75,70.1,1.33,2.74,-1.52,0.28,,-3.34,106.68
NLC India,513683,NLCINDIA,Power,33166.78,0,15322.48,16251.48,2550.09,2612.76,3657.27,3825.61,4178.41,934.76,1399.81,797.59,665.12,12.69,14.25,-27.06
NMDC,526371,NMDC,Minerals & Mining,67222.24,1.87,23905.52,26689.39,6532.38,7027.1,4918.91,6738.86,6378.11,2478.49,1993.33,1967.8,1699.14,9.57,29.67,40.22
NMDC Steel,543768,NSLNISP,Ferrous Metals,12047.77,0,8503.05,11712.91,-2373.93,-1320.39,1522.35,3365.22,3389.9,407.66,207.27,25.56,-114.78,,122.68,80.72
NOCIL,500730,NOCIL,Chemicals & Petrochemicals,2836,0,1392.69,1314.6,102.86,63.07,362.7,336.22,320.56,30.58,22.32,17.26,12.12,44.97,-11.62,-71.23
Northern ARC,544260,NORTHARC,Finance,4153.07,0,2344.27,2411.48,304.55,286.14,585.27,605.43,627.45,322.67,332.9,81.05,91.71,14.51,7.21,-6.1
Nova Agritech,544100,NOVAAGRI,Fertilizers & Agrochemicals,396.52,0,294.13,308.67,27.42,26.38,82.69,46.75,92.39,5.37,11.99,3.25,6.76,15.03,11.73,-0.15
Novartis India,500672,NOVARTIND,Pharmaceuticals & Biotechnology,1936.62,0,356.27,354.76,100.82,106.59,87.1,87.55,90.33,27.24,23.88,27.62,24.22,18.17,3.71,18.67
NRB Bearings,530367,NRBBEARING,Auto Components,2724.02,21.64,1198.61,1243.06,113.23,140.36,301.51,310.05,325.2,51.42,53.56,32.09,40.63,19.41,7.86,15.23
NTPC,532555,NTPC,Power,313541.76,0,188138.06,186754.31,20909.64,23751.11,44706.05,47065.36,44785.82,12579.94,12815.75,6010.6,5066.78,13.2,0.18,-3.94
NTPC Green Ene.,544289,NTPCGREEN,Power,76839.69,0,2209.64,2419.85,475.52,606.9,503.85,680.21,612.29,603.55,529.6,220.48,87.59,126.61,21.52,130.26
Nucleus Soft.,531209,NUCLEUS,IT - Software,2397.44,0,832.25,865.89,133.82,161.23,202.2,217.72,213.51,33.98,23.41,35.2,26.29,14.87,5.59,-20.48
Nupur Recyclers,,NRL,Metals & Minerals Trading,402.33,0,158.31,171.28,14.43,12.63,51.18,50.99,48.76,4.03,3.42,3.54,3.87,31.86,-4.73,-18.7
Nureca,543264,NURECA,Healthcare Equipment & Supplies,305.66,0,109.66,130.12,-2.16,4.11,31.19,34.18,37.74,-0.56,3.27,0.81,3.63,74.37,21,856.25
Nuvama Wealth,543988,NUVAMA,Capital Markets,26073.83,0,4162.3,4411.52,985.64,1025.6,1053.1,1122.65,1134.71,611.58,593.38,263.96,254.13,25.42,7.75,-1.36
Nuvoco Vistas,543334,NUVOCO,Cement & Cement Products,12553.99,0,10356.67,10781.88,21.81,273.76,2268.58,2872.7,2457.57,518.59,366.99,133.16,36.43,45.86,8.33,142.77
Nxt-Infra Trust,,NXT-INFRA,Construction,2851.43,0,288.63,288.63,193.52,193.52,81.95,81.05,76.34,38.07,34.24,43.34,45.67,15.36,-6.85,-14.75
O N G C,500312,ONGC,Oil,303449.02,1.77,612065.37,657927.61,36267.27,36628.52,159331.05,163108.12,157911.08,25679.28,26521.19,9815.59,10785,8.28,-0.89,5.19
Oberoi Realty,533273,OBEROIRLTY,Realty,60258.04,0,5286.27,5327.81,2167.08,2233.06,1319.89,987.55,1779.04,520.34,1020.29,421.25,760.26,26.98,34.79,28.98
OBSC Perfection,,OBSCP,Auto Components,803.63,20.17,142.31,163.79,16.73,20,67.64,75.15,88.64,13.35,15.96,9.49,10.51,40.18,31.05,44.57
OCCL,544278,OCCLLTD,Chemicals & Petrochemicals,479.31,48.14,306.73,446.4,21.47,35.78,103.06,123.09,119.64,26.33,19.23,13.14,8.69,13.4,16.09,15.71
Oil Country,500313,OILCOUNTUB,Oil,344.66,0,122.9,110.16,-31.86,-39.28,22.36,24.57,10.05,8.79,-2.31,-8.81,-21.57,,-55.05,-63.91
Oil India,533106,OIL,Oil,67073.85,0,31703.16,33468.01,6504.51,5974.2,7247.03,7928.66,8394.11,2350.93,2303.48,1896.42,1428.83,11.23,15.83,-29.13
Ola Electric,544225,OLAELEC,Automobiles,15658.45,0,4514,3174,-2252,-2280,1214,828,690,-237,-203,-428,-418,,-43.16,15.56
Olectra Greentec,532439,OLECTRA,Automobiles,10003.89,0,1801.9,1968.13,140.02,142.91,523.67,347.22,656.62,47.84,88.69,26.03,49.55,70,25.39,4.18
Om Freight Forwa,544564,OMFREIGHT,Transport Services,300.39,,490.14,490.14,21.65,21.65,129.96,94.43,113.84,5.53,7.82,2.99,3.88,14.08,-12.4,-7.4
Om Infra,531092,OMINFRAL,Construction,1013.81,5.73,712.66,532.87,24.53,24.75,238.43,104.34,123.79,-0.75,6.71,-0.98,6.3,40.96,-48.08,60.31
Omaxe,532880,OMAXE,Realty,1239.89,0,1560.88,1433.26,-695.84,-651.27,389.18,282.24,320.82,-169.64,-169.06,-185.75,-166.61,,-17.57,30.48
One 97,543396,PAYTM,Financial Technology (Fintech),86060.47,0,6900.4,7718.3,-1457.64,108.52,1659,1918,2061,72,140,139.6,202,793.04,24.23,149.74
One Global Serv,514330,,Healthcare Services,1013.6,0,146.93,311.64,18.22,43.88,19.41,87.83,134.98,13.24,26.11,9.82,19.79,23.1,595.41,771.81
One Mobikwik,544305,MOBIKWIK,Financial Technology (Fintech),1849.52,0,1163.98,1071.9,-122.57,-163.06,289.54,269.78,268.3,-41.23,-14.98,-39.83,-15.15,,-7.34,-420.62
One Point One,,ONEPOINT,Commercial Services & Supplies,1425.82,0,256.36,272.61,27.65,36.46,62.48,69.01,70.87,15.08,17.03,9.44,9.85,39.11,13.43,17.54
Onesource Indus.,530805,,Commercial Services & Supplies,417.29,0,70.25,102.58,1.13,2.89,14.84,20.18,31.32,1.33,1.91,0.98,1.42,144.39,111.05,173.08
OneSource Speci.,544292,ONESOURCE,Pharmaceuticals & Biotechnology,19270.13,39.41,1444.85,1521.54,104.93,137.94,334.05,327.27,375.76,88.48,106.49,2.55,10.49,139.7,12.49,127.55
Onix Solar,513119,,Non - Ferrous Metals,463.36,0,29.39,117.57,1.45,1.44,0.13,45.2,43.37,1.24,-0.6,0.93,-0.76,321.78,33261.54,-606.67
OnMobile Global,532944,ONMOBILE,Media,611.77,0,573.02,573.72,-31.44,11.68,129.3,125.33,128.16,6.26,8.43,15.68,6.01,52.36,-0.88,166.11
Onward Technolog,517536,ONWARDTEC,IT - Services,652.72,46.17,491.32,522.8,27.06,41.12,123.04,133.15,138.97,17.14,19.87,12.73,11.94,15.87,12.95,237.29
Optiemus Infra.,530135,OPTIEMUS,Telecom -  Equipment & Accessories,4877.12,0.49,1890,1774.38,63.27,68.77,476.58,435.35,418.27,26.76,33.5,14.53,16.78,70.92,-12.24,22.21
Oracle Fin.Serv.,532466,OFSS,IT - Software,71510.17,90.81,6846.8,7072.5,2379.33,2373.2,1673.9,1852.2,1788.8,846.3,755.2,641.9,546.1,30.13,6.86,-5.47
Orbit Exports,512626,ORBTEXP,Textiles & Apparels,513.13,62.58,217.78,230.08,33.28,38.27,60.17,67.04,58.28,18.94,11.87,15.01,10.05,13.41,-3.14,-37.19
Orchid Pharma,524372,ORCHPHARMA,Pharmaceuticals & Biotechnology,4400.89,0,921.93,821.27,99.98,52.26,222.7,172.93,193.52,14.18,-1.47,14.91,-5.72,84.21,-13.1,-121
Oriana Power Ltd,,ORIANA,Electrical Equipment,4385.99,0,987.17,1408.8,158.55,231.4,359.54,627.62,781.18,159.1,180.45,109.96,121.44,18.95,117.27,149.88
Oricon Enterpris,513121,ORICONENT,Industrial Products,893.23,42.48,172.19,116.05,135.83,24.08,17.61,7.78,9.45,-10.69,-10.29,11.35,6.11,37.09,-46.34,167.98
Orient Bell,530365,ORIENTBELL,Consumer Durables,412.16,0.9,669.77,669.28,2.84,6.54,160.35,142.91,165.09,4.97,9.27,-0.37,3.19,63.02,2.96,228.87
Orient Cement,535754,ORIENTCEM,Cement & Cement Products,3362.58,0,2708.83,2978.34,90.83,306.67,544.03,866.48,643.32,182.6,165.37,205.37,49.09,10.96,18.25,2015.95
Orient Ceratech,504879,ORIENTCER,Industrial Products,554.84,42.98,327.1,370.69,9.9,16.96,70.33,98.45,113.55,9.31,12.71,4.3,7.49,32.71,61.45,304.86
Orient Electric,541301,ORIENTELEC,Consumer Durables,3834.58,4.15,3093.68,3150.36,83.59,88.01,660.15,769.08,702.61,46.08,37.93,17.52,12.06,43.57,6.43,15.52
Orient Green,533263,GREENPOWER,Power,1414.67,0,263.45,294.36,35.81,55.77,121.32,87.38,131.01,60.13,99.87,29.08,67.83,25.36,7.99,7.76
Orient Paper,502420,ORIENTPPR,"Paper, Forest & Jute Products",518.81,10.09,895.79,887.46,-48.54,-25.19,208.13,238.34,199.75,1.4,-32.35,33.99,-30.6,,-4.03,-55.65
Orient Tech.,544235,ORIENTTECH,IT - Services,1428.65,0.96,839.53,952.9,50.44,50.3,223.14,212.56,272.8,15.4,20.65,10.03,14.17,28.4,22.26,-5.91
Oriental Aromat.,500078,OAL,Chemicals & Petrochemicals,1026.24,0,934.72,972.58,34.41,9.8,236.77,225.52,271.33,18.06,17.24,0.5,0.74,104.72,14.6,-94.99
Oriental Hotels,500314,ORIENTHOT,Leisure Services,2006.38,0,439.7,472.56,38.96,49.44,103.3,107.65,110.48,25.63,26.32,6.63,7.96,40.58,6.95,39.4
Oriental Rail,531859,,Industrial Products,969,0,602.22,544.32,29.22,29.43,186.13,117.9,133.39,14.59,21.67,5.87,10.67,32.93,-28.34,2.01
Orissa Minerals,590086,ORISSAMINE,Minerals & Mining,2889.36,0,64.62,70.11,-39.72,-40.93,13.87,6.73,19.37,-36.25,0.89,-31.44,-2.79,,39.65,-34.13
Orkla India,544595,ORKLAINDIA,Food Products,8656.65,20.3,2394.71,2394.71,258.02,258.02,619.76,597,650.28,111.75,106.28,78.92,76.68,34.35,4.92,-7.27
OSEL Devices,,OSELDEVICE,Healthcare Equipment & Supplies,1228.1,0,186.47,245.98,20.05,27.23,87.35,99.12,146.86,19.97,24.66,12.04,15.19,45.1,68.13,89.64
Oswal Agro Mills,500317,OSWALAGRO,Commercial Services & Supplies,775.52,0,161.77,180.18,112.84,126.23,0.36,19.23,0,14.73,-5.39,17.46,1.77,6.14,-100,-13.66
Oswal Green Tech,539290,OSWALGREEN,Finance,844.48,0,92.56,72.57,8.54,12.08,14.96,20.19,17.23,1.04,1.91,6.66,5.5,69.91,15.17,39.59
Oswal Pumps,544418,OSWALPUMPS,Industrial Products,5925.57,0,1430.31,1797.98,280.7,336.47,310.32,513.95,539.64,140.79,127.98,94.68,97.5,17.61,73.9,48.24
Owais Metal,,OWAIS,Ferrous Metals,557.38,0,213.39,230.9,49.8,50.43,105.13,108.28,122.62,30.82,35.92,25.22,25.21,11.05,16.64,1.98
P & G Health Ltd,500126,PGHL,Pharmaceuticals & Biotechnology,9495.56,0,934.17,1284.42,234.51,306.8,313.41,338.74,324.92,90.34,120.27,66.18,88.54,30.95,3.67,7.54
P & G Hygiene,500459,PGHH,Personal Products,40856.07,0,3374.42,4326.46,636.76,826.61,1135.16,937.03,1150.17,266.17,284.76,192.06,209.86,49.43,1.32,-0.96
P I Industries,523642,PIIND,Fertilizers & Agrochemicals,51515.93,0,7977.8,7460.7,1662.73,1512.5,2221,1900.5,1872.3,519.1,541.3,400,409.3,34.06,-15.7,-19.46
P N Gadgil Jewe.,544256,PNGJL,Consumer Durables,8415.26,0,7586,7916.15,219,296.68,2001.31,1714.56,2177.62,109.97,107.13,69.34,79.31,28.36,8.81,127.12
Pace Digitek,544550,PACEDIGITK,Telecom - Services,4481.13,0,2438.78,2438.78,268.2,268.2,846.19,367.08,533.45,80.05,94.09,54.15,64.08,18.9,-36.96,-32.7
Page Industries,532827,PAGEIND,Textiles & Apparels,41736.55,0.34,4934.91,5018.54,729.1,764.23,1246.27,1316.56,1290.86,294.69,279.51,200.8,194.76,54.61,3.58,-0.26
Paisalo Digital,532900,PAISALO,Finance,3384.46,0,764.42,840.24,199.72,206.86,187.03,218.71,224.01,160.07,168.95,47.17,51.54,16.36,19.77,3.25
Pakka,516030,PAKKA,"Paper, Forest & Jute Products",478.81,30.86,406.04,356.46,39.2,8.44,111.09,81.97,76.32,5.93,1.73,-1.53,-2.11,56.73,-31.3,-112.5
Panacea Biotec,531349,PANACEABIO,Pharmaceuticals & Biotechnology,2122.93,71.68,559.09,603.85,-41.26,-45.88,147.35,166.7,141.13,-1.18,-17.79,-4.67,-16.6,,-4.22,-905.95
Panache Digilife,,PANACHE,IT - Services,546.54,0,115.93,149.32,5.86,6.66,23.43,29.54,39.02,1.98,2.54,0.96,1.48,82.06,66.54,-3.27
Panama Petrochem,524820,PANAMAPET,Petroleum Products,1733.15,0,2792.89,2889.64,187.02,188.38,698.91,693.22,773.22,54.86,68.68,42.62,52.99,9.2,10.63,20.19
Panchmahal Steel,513511,,Industrial Products,587.28,19.81,383.1,366.1,3.33,-1.74,99.05,87.54,92.63,-0.2,3.18,-1.92,0.55,,-6.48,-69.1
Panorama Studios,539469,,Entertainment,1260.91,0,364.15,460.63,41.9,39.41,82.14,136.35,77.86,7.58,2.49,5.11,2.04,31.99,-5.21,-66.06
Pansari Develop.,,PANSARI,Realty,541.98,0,39.69,39.69,7.48,7.48,7.63,18.68,17.74,6.75,5.64,5.39,4.14,50.75,132.5,340.43
Paradeep Phosph.,543530,PARADEEP,Fertilizers & Agrochemicals,16002.44,0,13820.21,18974.64,540.08,977.47,4619.16,4503.5,6872.2,580.19,656.64,316.75,341.94,16.37,48.78,33.92
Parag Milk Foods,539889,PARAGMILK,Food Products,3870.84,2.55,3432.21,3662.44,119.45,135.51,871.31,851.52,1007.95,57.88,71.24,27.58,45.65,28.56,15.68,56.28
Paramount Comm.,530555,PARACABLES,Industrial Products,1117.68,30.69,1573.7,1777.78,85.77,73.09,355.89,451.12,428,15.16,6.2,18.5,13.25,15.29,20.26,-34.83
Paras Defence,543367,PARAS,Aerospace & Defense,5570.43,14.78,364.66,392.91,62.5,70.27,87.09,93.19,105.72,21.88,29.69,14.87,20.64,79.27,21.39,48.92
Parin Enterpris.,,PARIN,Consumer Durables,664.52,0,167.66,239.23,6.92,8.39,37.1,130.55,108.68,15.19,9.21,5.79,2.6,79.21,192.94,136.3
Parsvnath Devl.,532780,PARSVNATH,Realty,528.35,0,253.93,236.08,-462.22,-507.82,47.05,63.26,53.96,5.37,-24.46,-123.27,-153.75,,14.69,-20.29
Parth Electrical,,PARTH,,319.83,0,174.67,174.67,10.1,10.1,69.9,,80.4,,9.74,,6.1,26.48,15.02,48.06
Pashupati Cotsp.,544448,PASHUPATI,Textiles & Apparels,1279.84,0,636.7,639.94,14.11,13.63,395.39,292.01,347.93,9.72,12.67,7.56,6.07,93.9,-12,-24.88
Pasupati Acrylon,500456,PASUPTAC,Chemicals & Petrochemicals,489.15,0,621.43,838.49,35.38,39.35,124.44,216.05,280.25,6.02,27.15,1.75,16.2,12.43,125.21,493.41
Patanjali Foods,500368,PATANJALI,Agricultural Food & other Products,59658.08,0.67,34156.97,37377.35,1300.93,1426.56,8101.56,8766.03,9798.84,321.18,552.09,180.39,516.7,41.82,20.95,67.23
Patel Engineerin,531120,PATELENG,Construction,3236.32,0,5093.36,5259.3,360.68,388.94,1174.33,1233.45,1208.47,165.33,158.68,77.83,92.6,8.32,2.91,15.13
Patel Retail,544487,PATELRMART,Retailing,741.97,33.18,820.68,820.68,25.25,25.25,195.33,182.45,222.44,15.14,16.56,6.92,10.14,25.12,13.88,73.33
Patil Automation,,PATILAUTOM,Industrial Manufacturing,423.97,0,118.05,130.76,11.16,13.11,58.35,59.7,71.06,6.98,10.47,5.58,7.53,32.34,21.78,23.04
Paushak,532742,PAUSHAKLTD,Chemicals & Petrochemicals,1422.68,10.59,210.95,216.28,42.65,45.5,57.31,55.88,58.78,17.85,14.8,12.03,8.61,31.27,2.56,-39.37
Pavna Industries,543915,PAVNAIND,Auto Components,404.35,0,306.29,280.22,6.89,3.86,83.73,60.4,74.15,5.04,6.97,0.19,1.27,104.75,-11.44,-53.65
PB Fintech.,543390,POLICYBZR,Financial Technology (Fintech),87477.89,5.04,4977.21,5761.03,315.32,461.62,1167.23,1347.99,1613.55,34.39,97.82,84.6,134.86,189.5,38.24,166.15
PC Jeweller,534809,PCJEWELLER,Consumer Durables,8105.3,0,2244.11,2888.63,578.51,614.21,504.97,724.91,825.25,127.31,177.83,161.93,209.54,13.2,63.43,17.14
PCBL Chemical,506590,PCBL,Chemicals & Petrochemicals,12356.67,37.06,8404.25,8375.11,432.76,349.19,2163.2,2114.05,2163.57,319.05,266.16,94.05,61.54,35.39,0.02,-50.12
PDS,538730,PDSL,Textiles & Apparels,4804.67,0,12577.99,13069.24,155.97,108.17,3306.29,2999.42,3419.17,50.54,103,12.99,30.03,44.42,3.41,-55.5
Pearl Global Ind,532808,PGIL,Textiles & Apparels,7370.16,99.73,4506.29,4792.42,238,263.36,1201.92,1227.92,1312.93,112.42,121.02,68.09,73.3,27.99,9.24,17.96
Pelatro,,PELATRO,Media,368.84,84.58,85.77,108.07,12.08,15.07,38.44,47.33,60.74,9.7,11.65,6.86,8.21,24.48,58.01,63.22
Peninsula Land,503031,PENINLAND,Realty,884.42,0,251.95,238.56,-29.15,-37.66,60.74,37.47,37.57,9.12,3.34,0.81,-7.2,,-38.15,-304.45
Pennar Industrie,513228,PENIND,Industrial Manufacturing,2791.49,26.85,3226.58,3497.75,117.64,130.24,747.61,845.67,906.56,85.79,81.39,31.94,32.28,21.43,21.26,20.22
Permanent Magnet,504132,,Electrical Equipment,745.62,0,205.05,197.31,15.74,12.16,56.1,53.55,49.13,10.69,6,6.17,2.37,61.32,-12.42,-66.62
Persistent Systems,533179,PERSISTENT,IT - Software,102902.35,9.38,11938.72,13218.7,1357.83,1665.16,2897.15,3333.59,3580.72,611.59,683.08,424.94,471.47,61.8,23.59,45.07
Petro Carbon,,PCCL,Minerals & Mining,482.02,0,295.97,379.92,8.98,4.12,176.45,119.52,260.4,4.06,15.57,1.19,2.93,117,47.58,-64.61
Petronet LNG,532522,PETRONET,Gas,41212.67,0,50982.03,47431.6,3944.93,3668.78,13024.29,11879.86,11009.13,1159.2,1116.67,841.88,830.3,11.23,-15.47,-4.63
Pfizer,500680,PFIZER,Pharmaceuticals & Biotechnology,22865.64,0,2281.35,2375.29,640.84,706.7,588.59,603.05,642.34,210.02,229.93,191.75,189.02,32.36,9.13,19.37
PG Electroplast,533581,PGEL,Consumer Durables,15782.8,0.06,4869.53,5036.77,287.83,254.51,671.3,1503.85,655.37,121.24,30.09,66.98,2.76,62.01,-2.37,-85.72
Phantom Digital,,PHANTOMFX,Entertainment,415.1,28.15,102.16,151.6,20.2,32.62,35.54,66.62,84.98,22.27,25.3,11.93,20.69,12.73,139.11,150.18
Phoenix Mills,503100,PHOENIXLTD,Realty,61714.19,0,3806.71,4059.89,932.04,1069.86,917.97,952.99,1115.43,564.29,666.92,240.69,303.99,57.68,21.51,39.38
Physicswallah,544609,PWL,Other Consumer Services,38866.08,0,2886.64,2886.64,-98.92,-98.92,,,,,,,,,,
Piccadily Agro,530305,PICCADIL,Beverages,5730.18,7.21,796.95,863.64,102.34,109.75,184.92,213.91,212.21,37.92,46.29,18.43,26.69,52.21,14.76,8.32
Pidilite Inds.,500331,PIDILITIND,Chemicals & Petrochemicals,150122.99,0,13140.31,13817.59,2093.39,2244.67,3234.91,3753.1,3554.44,940.98,850.38,672.41,579.23,66.88,9.88,8.36
Pilani Invest.,539883,PILANIINVS,Finance,5695.6,0,305.18,296.73,98.48,28.97,122.83,49.69,129.47,46.13,108.25,-4.02,44.71,196.6,5.41,-42.46
Pine Labs,544606,PINELABS,Financial Technology (Fintech),28502.93,0,2274.27,2274.27,-114.13,-114.13,551.57,615.91,649.9,44.65,75.29,4.79,5.97,,17.83,118.65
Piramal Finance.,544597,PIRAMALFIN,Finance,33680.62,,10269.56,10150.2,485.45,620.66,2364.9,2639.25,2871.55,1720.62,1949.15,276.37,407.79,54.27,21.42,150.22
Piramal Pharma,543635,PPLPHARMA,Pharmaceuticals & Biotechnology,23946.25,0,9151.18,8935.72,88.82,-35.5,2241.75,1933.71,2043.72,106.7,158.69,-93.46,-99.22,,-8.83,-539.22
Pitti Engg.,513519,PITTIENG,Industrial Manufacturing,3003.61,0,1524.55,1564.32,108.05,107.42,379.38,382.47,396.22,67.49,69.31,17.57,35.58,27.96,4.44,4.49
Pix Transmission,500333,PIXTRANS,Industrial Products,1976.24,0,589.45,562.78,112.86,96.3,160.44,121.54,138.79,27.57,34.36,27.86,23.54,20.52,-13.49,-41.92
Plastiblends (I),523648,PLASTIBLEN,Chemicals & Petrochemicals,426.74,18.72,758.41,775.77,31.58,32.64,185.35,199.63,192.61,13.48,10.86,8.92,7.44,13.07,3.92,17.91
Platinum Industr,544134,PLATIND,Chemicals & Petrochemicals,1383.47,0,392.26,403.73,50.06,42.7,99.64,115.38,98.38,15.16,13.59,12.72,11.96,32.4,-1.26,-16.19
PNB Gilts,532366,PNBGILTS,Finance,1513.54,0,1676.16,1787.81,231.37,178.61,500.76,563.27,443.41,537.76,291.83,160.04,-45.68,8.47,-11.45,-140.03
PNB Housing,540173,PNBHOUSING,Finance,23542.07,0,7651.36,8184.49,1948.95,2196.76,1867.53,2063.88,2167.91,1928.14,2083.84,531.73,626.49,10.72,16.08,32.82
PNC Infratech,539150,PNCINFRA,Construction,6385.98,0,6768.68,5724.56,775.95,415.65,1427.05,1422.8,1127.64,367.42,253.02,163.16,95.62,15.36,-20.98,14.57
PNGS Gargi FJ,543709,,Consumer Durables,1109.33,0,126.35,132.7,28.81,28.84,22.95,27.31,46.45,6.35,13.01,5.31,10.27,38.46,102.4,101.77
POCL Enterprises,539195,,Chemicals & Petrochemicals,550.56,0,1450.1,1448.46,31.14,37.53,372.93,372.43,362.55,20.58,18.13,11.64,9.76,14.67,-2.78,1.46
Pokarna,532486,POKARNA,Consumer Durables,2602.75,0,925.15,775.71,187.55,144.07,251.28,170.96,118.46,57.6,23.79,28.29,6.33,18.07,-52.86,-85.9
Polo Queen Ind.,540717,,Commercial Services & Supplies,1154.98,0,80.17,69.29,2.36,2.76,23.25,17.22,20.67,1.21,1.15,0.72,0.73,418.47,-11.1,8.96
Poly Medicure,531768,POLYMED,Healthcare Equipment & Supplies,19322.49,0,1669.03,1712.13,334.02,361.98,420.02,403.21,443.88,105.71,114.68,93.08,91.84,53.38,5.68,5.02
Polycab India,542652,POLYCAB,Industrial Products,109169.9,0,22408.31,24595.05,1931.05,2461.81,5498.42,5905.98,6477.21,857.6,1020.76,592.12,685.46,44.35,17.8,55.85
Polyplex Corpn,524051,POLYPLEX,Industrial Products,2587.37,0,6885.18,6993.43,208.05,73.27,1738.86,1738.67,1794.04,-0.61,102.53,-19.31,24.7,35.31,3.17,-71.87
Polysil Irrigati,,POLYSIL,Industrial Products,760.9,0,13.86,20.52,-1.85,-1.81,8.73,5.15,15.37,-2.24,2.65,-3.24,1.43,,76.06,2.88
Pondy Oxides,532626,POCL,Diversified Metals,3966.6,0,2028.27,2249.73,65.06,96.28,572.43,596.17,634.51,41.31,53.52,27.55,35.58,41.2,10.84,104.6
Poonawalla Fin,524000,POONAWALLA,Finance,38277.4,0,4189.76,5079.57,-104.52,217.86,988.87,1313.97,1542.3,651.53,758.7,62.6,74.2,175.7,55.97,115.75
Popular Vehicles,544144,PVSL,Automobiles,912.89,0,5541.23,5578.31,-14.51,-32.36,1512.75,1310.9,1530.38,33.21,45.25,-8.76,-0.12,,1.17,-101.59
Power Fin.Corpn.,532810,PFC,Finance,116394.62,0,107106.4,113492.35,22998.22,24754.75,25721.79,28539.04,28890.24,28327.34,27375.93,6866.26,5743.25,4.7,12.32,8.31
Power Grid Corpn,532898,POWERGRID,Power,250883.68,0,45792.32,46180.55,15284.24,15201.16,11277.76,11196.22,11475.95,9102.3,9055.07,3630.58,3566.08,16.5,1.76,-5.98
Power Mech Proj.,539302,POWERMECH,Construction,6987.95,0,5234.14,5722.53,326.5,326.71,1035.49,1293.41,1237.87,170.08,146.26,52.52,74.92,21.39,19.54,11.7
Powergrid Infra.,543290,PGINVIT,Power,8618.62,0,1266.49,1260.86,1175.68,1352.24,319.96,313.28,316.63,291.94,409.47,190.76,279.29,6.37,-1.04,177.79
PPAP Automotive,532934,PPAP,Auto Components,327.12,0,553.98,540.06,6.75,1.72,144.86,116.63,136.96,9.3,12.72,-2.27,-0.05,190.19,-5.45,-101.75
Prabha Energy,544379,PRABHA,Oil,2586.32,0,3.95,4.94,-1.45,-1.5,0.97,1.13,1.77,-0.27,-0.31,-0.23,-0.2,,82.47,-66.67
Pradeep Metals,513532,,Auto Components,429.08,53.01,311.86,329.37,25.72,26.67,74.18,77.53,85.66,10.25,14.42,5.57,7.39,16.09,15.48,14.22
Praj Industries,522205,PRAJIND,Industrial Manufacturing,5711.03,23.56,3228.04,3194.54,186.96,105.53,816.19,640.2,841.63,31.43,55.85,5.34,19.28,54.12,3.12,-64.18
Prakash Industri,506022,PRAKASH,Ferrous Metals,2346.56,0,4014.35,3530.83,353.72,327.54,1076.9,1037.08,723.16,137.98,108.21,91.4,61.57,7.16,-32.85,-31.88
Prakash Pipes,542684,PPL,Industrial Products,560.76,0,780.48,759.86,82.89,53.07,200.21,203.42,180.99,16.29,15.39,10.31,9.36,10.57,-9.6,-61.48
Pramara Promotio,,PRAMARA,Media,317.35,18.32,86.42,108.84,5.9,9.82,30.76,55.66,53.18,7.55,8.23,3.69,6.13,32.32,72.89,177.38
Prataap Snacks,540724,DIAMONDYD,Food Products,2586.81,0.13,1707.7,1688.09,-8.66,-10.7,441.09,411,431.89,18.01,22.9,0.69,4.14,,-2.09,223.44
Praveg,531637,,Leisure Services,700.83,0,167.18,189.23,16.68,-2.66,31.44,39.39,37.5,5.75,3.61,-6.14,-9.67,,19.27,-780.99
Prec. Wires (I),523539,PRECWIRE,Industrial Products,4284.89,0,4014.83,4389.62,89.55,111.23,1043.79,1115.58,1237.4,58.95,70.35,27.09,35.61,38.52,18.55,84.8
Precision Camshf,539636,PRECAM,Auto Components,1529.79,0,865.36,778.16,30.27,33.5,225.07,195,198.18,14.57,13.14,18.82,6.36,45.67,-11.95,-24.29
Precot,,PRECOT,Textiles & Apparels,481.74,0,868.19,859.68,32.7,45.18,253.58,206.38,213.55,28.54,25.22,11.3,7.03,10.66,-15.79,-33.11
Prem. Explosives,526247,PREMEXPLN,Chemicals & Petrochemicals,2843.47,18.8,417.45,457.73,28.55,50.05,94.6,142.15,75.58,20.88,6.6,18.42,18.74,56.81,-20.11,123.36
Premier Energies,544238,PREMIERENE,Electrical Equipment,40854.45,4.15,6518.75,6991.77,928.82,1194.26,1527.22,1820.74,1836.87,548.28,560.84,307.79,353.44,34.21,20.28,71.61
Premier Polyfilm,514354,PREMIERPOL,Industrial Products,467.47,0,263.16,272.69,25.95,26.27,70.5,65.09,73.6,9.65,12.29,6,8.01,17.79,4.4,1.91
Prestige Estates,533274,PRESTIGE,Realty,72868.32,0,7349.4,7921.9,464.52,765.5,2304.4,2307.3,2431.7,877.3,909.8,292.5,430.3,95.19,5.52,123.88
Prevest Denpro,543363,,Healthcare Equipment & Supplies,525.8,0,63.07,67.85,18.2,19.91,16.26,15.72,18.66,5.53,6.7,4.63,5.57,26.41,14.76,15.08
Pricol Ltd,540293,PRICOLLTD,Auto Components,7338.43,5.99,2691.92,3305.36,163.75,190.28,668.83,895.34,1006.86,98.96,118,49.89,63.99,38.57,50.54,41.98
Prime Focus,532748,PFOCUS,Entertainment,14439.95,0,3598.88,3972.5,-106.45,120.38,897.04,1023.15,1060.94,244.29,253.99,61.85,3.6,119.95,18.27,-89.22
Prime Fresh,540404,,Agricultural Food & other Products,321.66,0,206.77,228.54,9.12,9.47,97.98,108.79,119.75,5.55,7.86,3.63,5.84,33.97,22.22,6.18
Prime Securities,500337,PRIMESECU,Finance,961.09,0,88.98,112.03,35.38,33.25,29.83,46.91,31.23,17.07,6.24,10.48,13.77,28.91,4.69,-19.94
Primo Chemicals,506852,PRIMO,Chemicals & Petrochemicals,570.21,0,549.49,575.95,3.45,10.12,134.36,141.94,134.74,20.39,15.3,4.08,4.16,56.34,0.28,-67.83
Prince Pipes,542907,PRINCEPIPE,Industrial Products,2867.95,0,2523.92,2472.36,42.67,23.21,622.07,580.42,594.57,39.57,55.1,4.82,14.63,123.57,-4.42,-0.54
Prism Johnson,500338,PRSMJOHNSN,Cement & Cement Products,6684.62,1.98,7310.21,7699.83,-57.36,75,1640.4,1921.75,1855.1,168.41,186.17,2.19,2.81,89.13,13.09,103.17
Privi Speci.,530117,PRIVISCL,Chemicals & Petrochemicals,12503.97,0,2101.19,2341.94,186.15,266.8,532.79,558.81,678.71,132.06,182.03,61.93,93.91,46.87,27.39,110.28
Pro Fin Capital,511557,,Commercial Services & Supplies,408.89,0,31.14,68.45,2.92,15.04,6.97,10.52,42.61,4.02,17.93,2.54,13.37,27.19,511.33,443.5
PropsharePlatina,544295,,,341.16,,,25.12,,8.6,0,7.63,7.71,7.3,7.29,4.17,4.16,39.67,,
PropshareTitania,544462,,Realty,468.95,0,39.51,39.51,8.97,8.97,,0,0,-0.01,-0.43,-0.01,3.14,52.28,,
Prostarm Info,544410,PROSTARM,Electrical Equipment,1110.02,0.04,345.89,269.15,30.52,24.65,98.51,50.98,64.61,3.42,11.33,1.56,8.46,45.03,-34.41,-39.66
Protean eGov,544021,PROTEAN,IT - Services,3165.05,0,840.7,885.8,90.29,91.04,219.7,210.84,250.5,16.41,29.33,23.85,23.86,34.77,14.02,-14.91
Proventus Agro.,,PROV,Food Products,441.18,0,580.92,677.74,5.59,9.16,293.42,288.14,389.6,4.53,8.9,2.53,6.63,48.16,32.78,37.27
Prozone Realty,534675,PROZONER,Realty,754,0,178.73,182.11,-38.35,-29.76,48.86,38.24,46.19,18.35,17.48,0.73,1.52,,-5.46,214.29
Prudent Corp.,543527,PRUDENT,Capital Markets,10597.52,0,1133.32,1181.62,195.57,205.25,286.08,293.76,319.79,67.26,72.18,51.78,53.54,51.63,11.78,3.92
PSP Projects,540544,PSPPROJECT,Construction,3416.61,0,2468.28,2484.75,57.3,26.11,578.09,512.76,693.69,24.46,48.09,0.19,14.89,130.85,20,33.54
PTC India,532524,PTC,Power,4635.77,6.24,16240.66,15812.72,672.03,658.72,5127.99,4009.17,5458.73,288.24,275.42,195.05,191.19,7.04,6.45,26.42
PTC India Fin,533344,PFS,Finance,2120.18,0,637.93,582.5,217.03,350.07,163.43,141.91,131.84,213.15,177.06,136.63,88.14,6.06,-19.33,86.19
PTC Industries,539006,PTCIL,Industrial Products,28304.24,85.66,308.07,410.62,61.7,62.84,72.37,97.15,124.63,8.78,25.73,5.16,18.14,450.42,72.21,4.79
PTL Enterprises,509220,PTL,Commercial Services & Supplies,531.64,0,64.34,64.33,36.3,41.15,16.09,16.08,16.09,14.61,14.65,9.22,14.78,12.92,0,6.25
Pudumjee Paper,539785,PDMJEPAPER,"Paper, Forest & Jute Products",920.06,0,809.08,787.35,90,91.59,222.47,196.45,207.13,33.67,28.13,36.24,16.92,10.05,-6.9,-43.15
Pun. & Sind Bank,533295,PSB,Banks,20108.92,0,11481.3,11999.61,1015.98,1158.42,2738.95,2910.66,2998.87,1864.54,2031.82,269.16,294.52,17.36,9.49,22.93
Pune e,544141,,Capital Markets,338.68,0,73.75,49.21,16.46,15.62,40.32,22.82,26.39,9.8,9.64,5.41,10.21,21.68,-34.55,-20.85
Punjab Chemicals,506618,PUNJABCHEM,Fertilizers & Agrochemicals,1640.28,38.64,900.52,990.84,41.76,54.76,242.13,319.51,255.16,34.36,26.24,20.63,18.54,29.95,5.38,49.88
Punjab Natl.Bank,532461,PNB,Banks,139857.21,0,124009.85,129502.98,18477.4,17035.45,30447.42,32572.33,32512.76,23375.24,24213.92,2119.88,5125.28,8.21,6.78,8.72
Puravankara,532891,PURVA,Realty,5697.35,0,2013.61,2028.34,-181.65,-288.45,495.54,524.4,644.2,66.69,103.92,-67.68,-41.79,,30,-149.05
Purple United,,PURPLEUTED,Textiles & Apparels,448.63,0,103.13,133.36,10.47,12.23,30.5,72.63,60.73,13.59,12.6,7.18,5.05,36.68,99.11,53.5
PVP Ventures,517556,PVP,Realty,905.91,0,27.2,55.81,-1.47,-2.45,3.18,17.21,17.09,5.04,2.39,0.29,-3.18,,437.42,-21.37
PVR Inox,532689,PVRINOX,Entertainment,10712.64,0,5779.9,6259.2,-300.7,-37.4,1622.1,1469.1,1823,397.2,611.5,-54,105.7,,12.39,995.76
Pyramid Technopl,543969,PYRAMID,Industrial Products,587.9,0,591.34,649.2,26.31,27.46,133.14,163.81,160.82,13.34,11.93,7.91,6.15,21.41,20.79,7.71
Quadrant Future,544336,QUADFUTURE,Industrial Products,1148.82,0,150.25,148.61,-19.68,-36.25,39.63,28.73,34.4,-10.11,-12.89,-13.5,-15.89,,-13.2,-346.35
Qualitek Labs,544091,,Commercial Services & Supplies,460.26,0,70.23,70.23,6.29,6.29,,,54.24,,11.22,,4.77,73.15,,
Quality Power El,544367,QPOWER,Electrical Equipment,5557.35,0,336.65,563.39,63.72,82.55,94.31,176.72,205.76,31,36.24,24.14,24.33,67.32,118.17,103.51
Quess Corp,539978,QUESS,Commercial Services & Supplies,3010.48,0,14967.2,15158.58,177.87,212.2,3704.78,3651.42,3831.61,69.75,76.69,52.71,51.6,14.19,3.42,1.52
Quest Capital,500069,,Capital Markets,308.2,0,25.81,26.17,19.63,19.69,1.54,2.17,1.16,2.04,1.02,1.54,0.76,15.65,-24.68,-28.3
Quick Heal Tech,539678,QUICKHEAL,IT - Software,1568.56,6.89,279.53,276.5,2.75,-0.74,73.49,57.23,83.52,-9.73,9.23,-5.51,7.91,,13.65,90.6
R C F,524230,RCF,Fertilizers & Agrochemicals,7835.76,0,16933.64,16911.18,235.1,309.74,4289.56,3370.58,5292.58,157.73,213.99,54.43,105.35,25.3,23.38,33.42
R K Swamy,544136,RKSWAMY,Media,578.12,0,294.29,311.52,18.61,19.37,65.62,77.57,73.65,6.11,5.95,2.87,0.54,29.85,12.24,3.85
R M Drip & Sprin,544456,RMDRIP,Industrial Products,2025.15,0,130.34,157.87,23.93,31.43,34.09,96.21,61.66,29.82,17.09,20.47,10.96,64.43,80.87,221.41
R R Kabel,543981,RRKABEL,Industrial Products,15467.87,25.53,7618.23,8222.35,302.99,403.73,1810.14,2058.59,2163.77,142.08,175.8,89.77,116.26,38.31,19.54,134.73
R Systems Intl.,532735,RSYSTEMS,IT - Services,4975.72,97.65,1741.73,1852.07,131.19,188.78,444.09,462.02,498.62,70.2,72.08,75.85,35.34,26.36,12.28,-11.23
R&B Denims,538119,RNBDENIMS,Textiles & Apparels,1069.6,0,366.76,410.29,21.27,33.07,93.35,102.61,112.63,11.28,11.99,8.23,7.13,32.34,20.65,53.66
RACL Geartech,520073,RACLGEAR,Auto Components,1226.84,0,417.37,427.77,26.11,34.65,101.51,99.91,117.28,18.76,24.23,8.29,12.02,35.41,15.54,140.88
Radhika Jeweltec,540125,RADHIKAJWE,Consumer Durables,923.96,0,587.79,594.77,60.12,70.48,131.48,99.15,133.05,25.31,25.7,18.21,18.41,13.11,1.19,74.01
Radiant Cash,543732,RADIANTCMS,Commercial Services & Supplies,568.33,0,427.15,425.02,46.47,39.02,107.04,100.09,104.73,9.67,11.79,7.34,8.51,14.57,-2.16,-31.81
Radico Khaitan,532497,RADICO,Beverages,42910.05,0,4842.64,5598.29,345.16,464.24,1116.3,1506.04,1493.93,232.15,237.63,138.59,138.96,92.43,33.83,69.07
Raghav Product.,539837,RPEL,Industrial Products,4576.51,46.47,199.65,227.72,36.08,45.46,49.12,58.44,63.59,15.92,18.67,11.68,13.84,100.67,29.46,58.17
Raghuvir Synth,514316,,Textiles & Apparels,423.73,0,332.75,355.78,9.06,11.01,83.84,82.67,99.4,6.42,4.88,4.32,2.33,38.49,18.56,-44.39
Rail Vikas,542649,RVNL,Construction,64781.75,1.76,19923.02,20026,1281.39,1135.41,4854.95,3908.77,5122.97,52.88,216.91,134.53,230.29,57.06,5.52,-19.73
Railtel Corpn.,543265,RAILTEL,Telecom - Services,10724.08,0,3477.5,3771.07,314.89,323.44,843.49,743.81,951.36,115.85,154.48,63.57,87.37,33.16,12.79,5.4
Rain Industries,500339,RAIN,Chemicals & Petrochemicals,3517.57,0,15374.39,16320.84,-564.83,-132.4,3934.28,4401.38,4475.71,629.26,626.87,60.7,106.01,,13.76,159.19
Rainbow Child.,543524,RAINBOW,Healthcare Services,13728.28,0,1515.87,1565.92,237.61,253.78,417.46,352.93,444.8,103.62,148.86,53.5,75.25,54.1,6.55,-4.59
Raj Rayon Inds.,530699,RAJRILTD,Textiles & Apparels,1195.71,0,849.38,1014.69,13.81,35.68,211.98,260.19,319.32,15.34,15.59,6.07,8.02,33.51,50.64,286.08
Rajapalayam Mill,532503,,Textiles & Apparels,753.94,0,898.48,881.35,16.31,54.11,229.19,188.57,241.45,22.88,41.6,8.34,17.1,13.93,5.35,422.03
Rajasthan Gases,526873,,Petroleum Products,330.55,,0,8.22,-0.16,50.92,0,0,0,-0.16,-0.15,9.6,34.24,6.49,,
Rajesh Exports,531500,RAJESHEXPO,Consumer Durables,5443.33,0,423099.32,602573.72,94.87,131.97,66923.67,131541.8,175211.76,42.09,176.11,-9.53,104.05,41.25,161.81,128.38
Rajesh Power,544291,,Other Utilities,2047.98,0,1071.94,1396.83,86.55,117.67,313.06,759.01,637.82,85.46,83.93,59.61,58.06,17.4,103.74,119.76
Rajoo Engineers,522257,RAJOOENG,Industrial Manufacturing,1247.53,54.2,253.64,323.3,37.86,53.91,56.81,85.07,92.25,18.57,18.31,15.02,14.18,23.14,62.38,78.81
Rajratan Global,517522,RAJRATAN,Auto Components,2269.21,13.78,935.25,1010.46,58.56,58.58,245.33,246.51,294.17,30.94,40.02,13.52,20.55,38.74,19.91,7.87
Rallis India,500355,RALLIS,Fertilizers & Agrochemicals,4970.62,0,2662.94,2770,124.12,170.77,928,957,861,150,154,95,97.62,29.11,-7.22,-0.39
Ram Ratna Wires,522281,RAMRAT,Electrical Equipment,2830.93,0,3676.75,3991.28,67.71,71.19,939.8,982.47,1163.39,42.88,54.24,15.46,21.3,39.77,23.79,26.56
Rama Phosphates,524037,RAMAPHO,Fertilizers & Agrochemicals,563.87,0,743.69,816.51,13.66,42.22,209.46,190.31,245.66,26.7,26.84,16.03,17.28,13.36,17.28,461.04
Rama Steel Tubes,539309,RAMASTEEL,Industrial Products,1613.14,0,1048.05,1156.95,16.15,19.05,263.05,268.13,320.45,1.57,4.91,5.32,1.39,84.68,21.82,-65.68
Ramco Inds.,532369,RAMCOIND,Other Construction Materials,2675.64,8.49,1658.67,1654.65,181.01,231.05,353.17,526.83,365.48,67.96,52.41,65.63,40.82,11.58,3.49,141.82
Ramco Systems,532370,RAMCOSYS,IT - Software,2242.64,79.93,591.34,648.95,-34.09,8.67,142.51,161.32,175.78,29.06,39.4,0.94,12.59,258.67,23.35,229.26
Ramkrishna Forg.,532527,RKFORGE,Auto Components,9616.35,36.88,4034.11,3943.78,408.32,223.02,1053.63,1015.26,907.53,141.95,117.7,11.79,-9.5,43.12,-13.87,-116.38
Ramky Infra,533262,RAMKY,Construction,3861.56,0,2044.54,1798.87,196.54,201.33,527.42,379.24,471.64,75.83,82.71,74.4,75.2,19.18,-10.58,-3.82
Rane (Madras),532661,RML,Auto Components,2077.47,0,3405.92,3539.41,56.78,55.49,849.26,880.88,919.52,75.7,79.12,19.48,24.02,37.44,8.27,20.4
Rane Holdings,505800,RANEHOLDIN,Finance,1986.19,0,4382.43,5354.28,80.65,73.8,916.5,1340.82,1399.22,101.98,97.09,38.37,24.3,26.91,52.67,-1.45
Rashi Peripheral,544119,RPTECH,IT - Hardware,2142.72,96.95,13772.73,13107.03,206.11,201.06,3706.17,3152.14,4155.41,103.51,103.65,61.32,58.51,10.66,12.12,-16.1
Rategain Travel,543417,RATEGAIN,IT - Software,7862.07,98.88,1076.67,1107.38,207.87,209.29,277.26,272.92,295.06,49.67,53.63,46.93,51.01,37.57,6.42,-2.3
Ratnabhumi Dev.,540796,,Realty,316.2,0,210.18,118.83,5.71,5.36,80.57,28.29,10.18,5.68,4.63,1.97,0.23,58.99,-87.37,-58.18
Ratnamani Metals,520111,RATNAMANI,Industrial Products,16859.78,35.65,5186.47,5374.76,542.62,606.49,971.33,1151.62,1191.69,188.15,211.24,131.82,136.22,27.8,22.69,35.69
Ratnaveer Precis,543978,RATNAVEER,Industrial Products,847.41,5.6,891.88,1008.16,46.81,52.4,229.99,264.62,285.87,27.03,28.31,14.95,15.43,16.17,24.3,25.65
RattanIndia Ent,534597,RTNINDIA,Retailing,5670.04,0,6866.45,7863.15,84.44,-419.86,1800.62,2313.18,2123.92,608.82,-436.31,502.72,-396.55,,17.95,-64.36
RattanIndia Pow.,533122,RTNPOWER,Power,5209,0,3283.83,3145.25,221.91,85.61,682.43,821.96,653.72,96.67,51.7,-13.11,-31.55,60.85,-4.21,-2237.04
Ravinder Heights,543251,RVHL,Realty,333.58,0,-0.11,55.42,-2.97,37.29,0.14,0.13,55.01,-1.94,52.35,-0.52,39.87,8.95,39192.86,66550
Ravindra Energy,504341,RELTD,Electrical Equipment,2739.69,0,250.42,495.1,26.24,82.22,15.58,162.64,120.33,27.87,37.25,22.61,30.79,33.32,672.34,2099.29
Raymond,500330,RAYMOND,Realty,3031.43,54.88,1946.84,2075.55,24.4,186.45,473.58,524.29,527.69,54.24,43.03,20.61,137.31,16.26,11.43,6800.19
Raymond Lifestyl,544240,RAYMONDLSL,Textiles & Apparels,6291.63,0,6176.74,6511.19,64.53,79.25,1708.26,1430.43,1832.4,77,225.97,-19.82,78.61,79.39,7.27,-13.6
Raymond Realty,544420,RAYMONDREL,Realty,3235.48,0,565.18,565.18,17.03,17.03,226.19,374.35,696.5,23.68,91.77,16.5,60.18,44.76,207.93,1123.17
RBL Bank,540065,RBLBANK,Banks,18867.19,0,14039.07,13960.46,694.85,480.18,3530.93,3441.09,3507.47,1151.58,1252.78,200.33,178.52,39.29,-0.66,-19.77
RBM Infracon,,RBMINFRA,Commercial Services & Supplies,439.78,0,321.75,502.37,29.47,46.49,103.37,218.38,283.99,28.6,38.08,19.57,26.92,9.46,174.73,171.92
RBZ Jewellers Lt,544060,RBZJEWEL,Consumer Durables,533.01,0,530.15,551.76,38.8,47.34,116.6,75.58,145.08,12.98,28.2,7.12,18.56,11.26,24.43,129.99
RDB Infrastruc.,533285,,Realty,1036.14,0,107.71,130.58,5.54,8.66,32.48,67.56,18.5,2.5,0.76,2.72,3.05,119.65,-43.04,79.41
REC Ltd,532955,RECLTD,Finance,93071.38,0,56368.53,59513.92,15885.47,17266.97,13682.43,14737.45,15152.67,14520.76,14676.57,4465.71,4414.93,5.39,10.75,9.34
Redington,532805,REDINGTON,Commercial Services & Supplies,21010.19,49.66,99333.65,108183.36,1170.88,1366.24,24895.56,25951.99,29075.61,400.24,588.89,275.27,387.83,15.38,16.79,32.42
Redtape,543957,REDTAPE,Consumer Durables,6990.22,0,2020.91,2123,169.24,180.68,415.8,464.31,492.4,77.02,72.79,38.6,27.54,38.69,18.42,9.85
Refex Industries,532884,REFEX,Chemicals & Petrochemicals,4548.59,0,2467.66,2136.51,158.65,175.3,427.99,366.01,426.85,37.2,70.49,30.12,46.54,25.95,-0.27,41.07
Regaal Resources,544485,REGAAL,Agricultural Food & other Products,744.53,7.16,915.16,915.16,47.67,47.67,204.52,246.57,320.02,24.46,35.04,9.07,16.71,14.51,56.47,27.75
Rel. Indl. Infra,523445,RIIL,Transport Services,1264.43,0,49.49,49.48,11.97,12.1,12.24,12.46,12.17,-1.99,-2.1,3.1,3.06,104.5,-0.57,-1.92
Relaxo Footwear,530517,RELAXO,Consumer Durables,10059.71,0,2789.61,2645.08,170.33,174.29,679.37,654.49,628.54,99.45,81.16,48.9,36.16,57.72,-7.48,-1.55
Reliance Communi,532712,RCOM,Telecom - Services,329.1,0,358,344,-9348.02,-213.61,88,83,87,-2,-54,-34,-85,,-1.14,-174.19
Reliance Industr,500325,RELIANCE,Petroleum Products,2081017.65,0,962820,999629,68732.22,76642.42,231535,243632,254623,42905,45885,20530.42,18165,27.15,9.97,9.67
Reliance Infra.,500390,RELINFRA,Power,6355.13,0,24441.39,21283.29,4347.59,4733.82,7258.49,5907.82,6234.91,239.68,1055.39,59.72,791.94,1.34,-14.1,50.47
Reliance Power,532939,RPOWER,Power,15575.42,0,7582.89,7690.46,-151.42,299.52,1759.81,1885.58,1974.03,565.04,617.67,44.68,87.32,52,12.17,138.49
Religare Enterp.,532915,RELIGARE,Finance,7782.34,0,7385.14,7618.44,125.09,105.03,1951.86,1861.38,2064.22,15.3,60.87,10.22,38.83,74.1,5.76,-24.35
Remsons Ind,530919,REMSONSIND,Auto Components,412.8,0,376.58,423.98,14.44,16.84,91.31,99.63,115.59,10.59,13.32,3.64,4.06,24.51,26.59,29.71
Remus Pharma.,,REMUS,Pharmaceuticals & Biotechnology,766.72,55.47,620.36,747.95,28.95,33.51,272.68,347.75,400.2,24.52,26.91,16.01,17.5,22.88,46.77,24.91
Renaiss. Global,532923,RGL,Consumer Durables,1383.74,0,2080.98,2301.23,76.4,83.96,411.6,530.32,546.36,36.21,40.63,15.31,19.28,16.48,32.74,72.61
Repco Home Fin,535322,REPCOHOME,Finance,2542.17,0,1716.43,1743.63,461.41,458.62,422.75,440.26,441.29,397.66,390.34,115.14,109.66,5.54,4.39,-4.75
Repro India,532687,REPRO,Printing & Publication,647.36,7.25,465.95,473.25,-1.97,-2.46,104.66,116.47,107.78,6.91,7.54,-2.73,-2.03,,2.98,54.38
Responsive Ind,505509,RESPONIND,Consumer Durables,5461.53,17.4,1417.91,1400.94,198.86,204.33,349.52,338.71,313.75,72.57,76.6,49.87,53.26,26.73,-10.23,8.08
Restaurant Brand,543248,RBA,Leisure Services,3661.85,0,2550.72,2672.76,-216.24,-207.22,632.43,697.72,703.43,72.77,70.96,-41.94,-58.6,,11.23,2.61
Rhetan TMT Ltd,543590,RHETAN,Industrial Products,1913.3,0,37.16,22.67,3.1,5.5,4.95,5.04,4.76,0.61,1.1,0.76,2.87,347.87,-3.84,26.43
RHI Magnesita,534076,RHIM,Industrial Products,9224.4,11.08,3674.5,3924.35,203.52,157.34,867.07,960.32,1035.36,102.23,109.43,35.27,38.35,58.63,19.41,-16.47
Rico Auto Inds,520008,RICOAUTO,Auto Components,1502.15,0,2212.4,2267.77,25.26,43.77,575.78,543.46,627.36,53.88,60.99,16.76,17.58,34.32,8.96,164.11
Riddhi Siddhi Gl,524480,,Commercial Services & Supplies,348.36,0,135.51,259.06,-14.61,39.73,48.9,154.61,32.1,-0.25,1.56,9.84,15.1,8.77,-34.36,-1.21
RIR Power Electr,517035,,Electrical Equipment,1685.74,0,86.21,92.98,7.63,9.13,18.82,21.01,25.64,2.88,4.36,1.87,3.35,184.64,36.24,134.27
Rishabh Instrum.,543977,RISHABH,Electrical Equipment,1578.9,63,720.34,755.3,22.66,56.63,182.36,190.33,196.33,28.4,33.37,19.7,22.15,27.88,7.66,436.32
Ritco Logistics,542383,RITCO,Transport Services,806.58,0,1186.67,1373.08,42.31,42.66,279.09,354.33,360.38,25.18,25.86,9.71,10.13,18.91,29.13,-4.43
Rites,541556,RITES,Construction,11033.23,0.17,2217.81,2229.67,384.71,411.11,540.86,489.74,548.74,114.15,129.61,80.1,98.21,26.84,1.46,34.57
RMC Switchgears,540358,,Electrical Equipment,502.44,0,316.3,406.48,31.41,40.64,104.78,211.52,194.96,32.84,33.13,21.16,19.48,12.36,86.07,90.05
RNFI Services,,RNFI,Finance,869.85,0,916.68,930.09,18.11,22.82,458.11,458.67,471.42,20.28,25.16,9.81,13.01,38.12,2.91,55.25
RNIT AI Solution,517286,,Auto Components,432,,32.23,40.47,7.21,8.93,7.14,6.25,13.72,2.24,5.49,0.82,3.25,48.38,92.16,103.12
Roadstar Infra,544374,ROADSTAR,Transport Infrastructure,3097.24,0,930.38,1166.29,5.83,-102.89,347.21,583.19,583.1,344.61,209.62,39.81,-142.7,,67.94,-229.56
Robust Hotels,543901,RHL,Leisure Services,349.67,0,136.28,141.76,20.95,22.68,34,33.24,35.99,9.96,12.02,4.03,5.84,15.42,5.85,155.02
Rolex Rings,543325,ROLEXRINGS,Auto Components,2972.79,0,1154.8,1106.73,187.63,179.61,300.27,291.58,271.38,61.57,54.84,49.16,44.34,16.55,-9.62,-9.99
Rossari Biotech,543213,ROSSARI,Chemicals & Petrochemicals,3346.16,0,2080.29,2222.12,136.43,136.62,498.35,543.72,586.11,67.86,71.93,33.6,36.88,24.49,17.61,4.39
Rossell Techsys,544294,ROSSTECH,Aerospace & Defense,2697.55,0,259.67,376.06,7.91,21.02,51.1,87.22,125.17,10.98,15.04,3.3,5.67,128.33,144.95,5770
Roto Pumps,517500,ROTO,Industrial Products,1136.26,67.85,297.94,282.32,33.2,29.09,84.59,65.88,64.76,13.57,11.67,6.3,5.96,39.06,-23.44,-47.81
Route Mobile,543228,ROUTE,Telecom - Services,4286.11,82.84,4575.62,4529.04,331.75,293.49,1113.41,1050.83,1119.42,93.9,135.95,53.21,84.32,14.6,0.54,-12.82
Royal Orch.Hotel,532699,ROHLTD,Leisure Services,1120.31,0,319.47,334.01,47.24,46.16,70.41,78.77,79.19,19.64,13.2,10.94,4.28,24.27,12.47,-42.93
RPG LifeScience.,532983,RPGLIFE,Pharmaceuticals & Biotechnology,3652.72,0,653.43,666.4,115.58,111.46,172.21,168.92,181.68,35.47,39.03,26.29,28.49,32.77,5.5,38.23
RPP Infra Proj.,533284,RPPINFRA,Construction,531.66,0,1439.44,1364.73,66.3,55.51,394.28,346.96,316.79,19.11,20.37,10.84,14.13,9.58,-19.65,-25.32
RPSG Ventures,542333,RPSGVENT,Commercial Services & Supplies,2595.13,0,9608.35,10565.98,-53.95,6.3,2165.73,2971.41,2668.26,600.27,305.81,83.09,-44.44,411.93,23.2,42.92
RRP Defense,530929,,Commercial Services & Supplies,1297.46,0,10.45,14.12,1.14,2.5,0.07,0,5.3,-0.2,1.58,-0.2,1.59,518.98,7471.43,15800
RRPSemiconductor,504346,,Finance,15422.64,0,31.59,14,8.46,-2.47,5.66,0,-6.82,-0.14,-6.93,-0.29,-7.15,,-220.49,-492.86
RSWM Ltd,500350,RSWM,Textiles & Apparels,734.94,31.47,4825.83,4773.2,-41.34,8.06,1166.08,1170.31,1151.05,72.78,72.42,8.37,7.43,91.18,-1.29,142.34
Rubfila Intl.,500367,RUBFILA,Industrial Products,406.16,22.53,468.41,494.66,24.65,27.38,114.46,123.39,128.21,8.69,9.54,5.96,7.16,14.83,12.01,55.65
Rubicon Research,544578,RUBICON,Pharmaceuticals & Biotechnology,10479.86,0,1284.27,1284.27,133.7,133.7,296.01,352.49,412.02,79.12,94.3,43.3,53.85,68.46,39.19,56.18
Ruby Mills,503169,RUBYMILLS,Textiles & Apparels,714.4,0,242.71,300.91,35.03,53.76,51.38,69.57,85.64,10.92,16.1,12.06,10.99,13.29,66.68,292.5
Ruchira Papers,532785,RUCHIRA,"Paper, Forest & Jute Products",355.4,0,659.23,664.77,67.33,67.46,165.44,168.53,166.68,27.44,24.7,16.98,15.6,5.27,0.75,-11.71
Rudra Ecovation,514010,,Textiles & Apparels,316.57,0,26.59,28.94,-3.29,-3.07,7.24,5.28,9.64,-0.26,-0.53,-0.87,-0.82,,33.15,50.3
Rupa & Co,533552,RUPA,Textiles & Apparels,1332.34,2.51,1239.32,1235.98,82.89,75.56,297.1,183.9,320.16,12.23,22.32,6.67,14.5,17.63,7.76,-21.37
Rushil Decor,533470,RUSHIL,Consumer Durables,667.23,33.46,891.18,849.73,46.76,15.01,228.63,177.29,233.24,-2,23.06,-13.68,5.97,44.45,2.02,-48.53
S A I L,500113,SAIL,Ferrous Metals,54741.84,0.48,102479.06,106431.98,2631.87,2783.77,24675.2,25921.76,26704.17,2768.66,2528.29,744.58,636.64,19.66,8.22,-29.04
S C I,523598,SCI,Transport Services,10814.89,0,5605.83,5295.7,834.85,803.99,1450.76,1316.04,1338.87,488.99,406.47,354.17,189.16,13.45,-7.71,-35.09
S Chand & Compan,540497,SCHAND,Printing & Publication,568.19,3.4,719.66,723.52,61.56,51.27,37.45,102.62,49.35,-9.1,-60.15,-13.29,-52.72,11.08,31.78,-2.01
S H Kelkar & Co.,539450,SHK,Chemicals & Petrochemicals,2275.18,0,2123.4,2245.11,95.65,99.69,542.5,580.63,553.89,73.01,52.39,24.52,8.74,22.82,2.1,-78.03
S J Logistics (I,,SJLOGISTIC,Transport Services,575.86,0,502.49,560.48,52.49,61.43,124.2,125.76,157.14,22.22,28.42,14.26,18.12,9.37,26.52,42.45
S P Apparels,540048,SPAL,Textiles & Apparels,1915.12,83.58,1395.13,1589.31,94.66,110.7,391.3,403.44,427.34,52.93,62.07,21.4,34.71,17.3,9.21,58.13
S P I C,590030,SPIC,Fertilizers & Agrochemicals,1694.67,0,3086.33,3170.33,157.51,185.9,759.58,780.63,817.29,93.29,76.87,66.71,61.22,9.12,7.6,74.07
S T C,512531,STCINDIA,Commercial Services & Supplies,679.24,,0,0,38.79,34.38,0,0,0,-13.74,-12.95,3.14,9.82,19.76,,-64.17
S.A.L Steel,532604,SALSTEEL,Ferrous Metals,381.63,0,544.12,504.17,-2.27,-9.6,123.52,127.68,65.73,-5.32,12.97,-9.68,3.73,,-46.79,6116.67
Saakshi Medtech,,SAAKSHI,Electrical Equipment,347.29,0,92.43,106.28,4.71,7.89,44.46,47.97,58.31,3.81,10.65,1.26,6.63,44.02,31.15,92.17
Saatvik Green,544526,SAATVIKGL,Electrical Equipment,4824.36,1.39,2158.39,2158.39,215.56,215.56,475.3,915.73,768.03,177.04,108.37,118.82,83.24,20.3,61.59,36.01
Sacheerome,,SACHEEROME,Chemicals & Petrochemicals,756.87,0,107.54,133.64,15.97,23.88,50.46,57.08,76.56,12.64,19.45,8.94,14.94,31.69,51.72,111.91
Safari Inds.,523025,SAFARI,Consumer Durables,11656,0,1771.58,1925.15,140.3,166.16,457.79,527.83,533.55,79.28,74.04,50.49,46.94,70.15,16.55,58.26
Safe Enterprises,,SAFEENTP,Consumer Durables,1286.52,0,138.31,192.93,39.19,55.48,57.76,80.55,112.38,27.65,41.74,22.23,33.25,23.19,94.56,96.05
Sagar Cements,502090,SAGCEM,Cement & Cement Products,2675.69,0,2257.64,2494.44,-188.46,-140.61,475.12,670.66,601.86,121.45,51.33,1.22,-42.31,,26.68,23.85
Sagility,544282,SAGILITY,IT - Services,23088.18,0,5569.92,6218.99,545.08,798.87,1325.05,1538.94,1658.5,346.1,415.14,148.56,250.83,28.9,25.17,113.76
Sahaj Solar,,SAHAJSOLAR,Electrical Equipment,337.27,0.87,307.06,314.58,25.8,26.45,94.74,212.32,102.26,31.1,10.29,21.39,5.06,12.75,7.94,14.48
Sahana Systems,,SAHANA,IT - Services,884.82,0,167.45,228.97,35.47,63.14,52.64,114.81,114.16,36.5,37.85,35.47,27.67,14.01,116.87,95.55
Sahasra Electro.,,SAHASRA,Industrial Products,760.66,0,95.84,110.2,2.75,0.73,46.3,49.55,60.65,-0.56,10.59,-3.5,4.23,1042,30.99,2.17
Sai Life,544306,SAILIFE,Pharmaceuticals & Biotechnology,18429.33,0,1694.57,2053.18,171.48,286.42,395.56,496.42,537.47,120.93,145.82,60.46,83.84,64.34,35.88,101.98
Sai Silks,543989,KALAMANDIR,Retailing,2388.68,0,1462.01,1670.75,85.34,129.66,347.31,379.02,444.33,57.12,72.02,30.05,40.08,18.42,27.93,68.62
Saint-Gob. Sekur,515043,,Auto Components,982.62,0,208.41,222.12,29.99,41.57,51.62,54.85,60.39,11.63,12.68,10.71,10.77,23.64,16.99,30.23
Sakar Healthcare,,SAKAR,Pharmaceuticals & Biotechnology,836.38,55.49,177.56,203.96,17.75,19.54,42.78,52.74,57.56,12.71,11.36,4.67,4.54,42.8,34.55,-5.42
Saksoft,590051,SAKSOFT,IT - Software,2594.02,0,883.01,974.27,106.5,125.37,215.29,249.07,258.49,45.84,50.63,32.35,35.97,20.69,20.07,37.5
Sakuma Exports,532713,SAKUMA,Commercial Services & Supplies,360.58,0,2289.55,1839.58,11.34,10.25,339.39,375.77,254.38,2.24,-2.47,1.65,0.73,35.18,-25.05,-41.13
Salasar Techno,540642,SALASAR,Industrial Manufacturing,1567.97,0,1447.43,1585.83,25.34,27.43,281.49,300.17,427.17,29.94,41.89,8.51,15.78,57.16,51.75,64.38
Salzer Electron.,517059,SALZERELEC,Electrical Equipment,1254.75,15.76,1382.93,1540.56,52.67,53.96,336.4,432.41,408.74,41.31,34.67,17.59,12.98,23.25,21.5,-50.46
Sambhv Steel,544430,SAMBHV,Industrial Products,2803.09,0,1511.36,2003.1,57.99,91.17,316.28,558.63,580.17,72.72,60.26,33.4,29.97,30.75,83.44,445.9
Samhi Hotels,543984,SAMHI,Leisure Services,3999.15,0,1130.01,1179.76,104.94,137.52,262.13,272.21,292.97,90.5,107.13,19.82,29.6,29.08,11.77,109.95
Sammaan Capital,535789,SAMMAANCAP,Finance,12285.46,0,8675.63,8774.88,-1802.26,1269.25,2422.49,2400.33,2250.6,1676.16,1722.35,334.3,308.47,9.68,-7.1,111.17
Samvardh. Mothe.,517334,MOTHERSON,Auto Components,123550.26,87.59,113662.6,117367.72,3711.6,3348.88,27811.86,30212,30172.97,2458.34,2610.72,568.57,851.18,36.89,8.49,-3.25
Sanathan Textile,544314,SANATHAN,Textiles & Apparels,3835.7,0,2998.61,3038.64,156.53,138.37,742.17,745.34,817.99,69.56,63.15,40.43,20.12,27.72,10.22,-38.21
Sandesh,526725,SANDESH,Media,798.63,0,292.34,304.48,77.09,51.06,69.95,72.9,77.4,18.47,5.2,58.14,4.29,15.64,10.65,-88.7
Sandhar Tech,541163,SANDHAR,Auto Components,3305.92,0,3884.5,4348.23,137.42,172.17,984.16,1090.09,1270.37,82.4,118.1,28.01,73.38,19.2,29.08,83.36
Sandur Manganese,504918,SANDUMA,Consumable Fuels,9787.91,2.97,3135.06,4640.86,444.61,598.84,260.25,1135.38,1232.34,299.33,272.72,166.63,138.52,16.34,373.52,330.99
Sangam India,514234,SANGAMIND,Textiles & Apparels,2147.7,0,2843.01,3032.91,30.2,41.63,675.1,785.76,775.92,56.28,75.18,5.65,24.91,51.59,14.93,286.8
Sanghi Industrie,526521,SANGHIIND,Cement & Cement Products,1589.24,0,968.7,1124.52,-396.9,-445.82,151.5,245.38,284.93,25.43,24.87,-115.4,-116.55,,88.07,-56.48
Sanghvi Movers,530073,SANGHVIMOV,Commercial Services & Supplies,2611.27,0,782.12,958.64,131.74,173.44,156.13,273.36,209.9,99.55,80.79,50.26,36.27,15.06,34.44,24.55
Sanofi Consumer,544250,SANOFICONR,Pharmaceuticals & Biotechnology,10729.71,0,724.5,798.1,201.39,214.89,159.9,220.9,233.9,70.2,85,55.64,62.9,49.93,46.28,37.13
Sanofi India,500674,SANOFI,Pharmaceuticals & Biotechnology,9974.96,0,2013.2,1932.5,442.27,369.29,524,406.3,475.4,94.9,134.2,69.5,94.97,27.01,-9.27,15.54
Sansera Enginee.,543358,SANSERA,Auto Components,10313.3,30.49,3016.75,3100.96,215.22,248.91,763.37,766.31,825.2,131.04,142.11,62.23,71.74,41.43,8.1,41.64
Sanstar,544217,SANSTAR,Agricultural Food & other Products,1616.32,35.66,953.42,811.65,43.96,20.08,195.33,168.85,196.43,-1.74,1.35,-0.33,0.63,80.49,0.56,-91.61
Sapphire Foods,543397,SAPPHIRE,Leisure Services,7865.43,0,2881.86,2987.15,27.83,2.16,695.7,776.83,742.44,112.86,102.09,-1.8,-12.77,3641.91,6.72,-631.69
Sar Auto Prod.,538992,,Auto Components,1000.55,0,13.97,10.5,0.42,0.06,4.35,2.27,2.41,0.38,0.42,0.12,0.14,16675.83,-44.6,-56.25
Sar Televenture,,SARTELE,Telecom - Services,1156.96,0,349.9,349.9,46.71,46.71,117.02,,241.76,,45.49,,36.26,17.27,106.6,126.77
Saraswati Commer,512020,,Finance,1413.79,0,75.42,33.63,53.41,21.52,78.31,31.47,73.27,29.66,72.46,23.58,60.3,65.7,-6.44,-4.78
Saraswati Saree,544230,SSDL,Textiles & Apparels,319.22,0,603.59,671.65,30.58,31.77,164.75,144.77,208.39,8.97,14.06,6.35,10.51,10.05,26.49,9.82
Sarda Energy,504614,SARDAEN,Ferrous Metals,16773.3,18.33,4642.85,5718.87,683.64,1063.4,1158.66,1633.11,1527.78,617.19,511.85,434.36,323.18,15.77,31.86,65.39
Saregama India,532163,SAREGAMA,Entertainment,7133.92,35.52,1171.36,1161.05,190.9,199.22,241.83,206.77,230.03,55.29,68.77,36.66,43.76,35.81,-4.88,-2.54
Sarla Performanc,526885,SARLAPOLY,Textiles & Apparels,733.33,0,425.05,411.91,63.7,67.86,113.91,102.39,107.11,10.79,23.04,22.42,18.96,10.81,-5.97,-1.4
Sarveshwar Foods,543688,SARVESHWAR,Agricultural Food & other Products,512.41,0,1133.65,1268.08,26.92,30.89,271.31,301.35,334.86,16.77,17.37,7.02,8.2,16.59,23.42,0.74
Sasken Technol.,532663,SASKEN,IT - Services,1909.21,73.83,550.91,821.55,46.47,39.28,135.03,273.53,255.49,14.65,15,9.44,9.75,48.61,89.21,-19.09
Sastasundar Ven.,533259,SASTASUNDR,Healthcare Services,991.44,0,1158.62,1166.88,33.16,-1.16,273.53,298.43,301.32,6.06,-22.61,23.91,-12.56,,10.16,-151.27
Sathlokhar Sys.,,SSEGL,Construction,1154.64,0,399.37,506.48,42.77,54.32,141.87,257.49,248.99,34.44,37.78,26.34,27.98,21.26,75.51,70.09
Satia Industries,539201,SATIA,"Paper, Forest & Jute Products",691.49,5.19,1504.75,1454.55,117.74,62.31,340.12,370.92,311.13,63.24,6.58,31.6,-24.52,11.1,-8.52,-298.86
Satin Creditcare,539404,SATIN,Finance,1595.38,0,2373.49,2548.43,216.56,166.88,600.45,641.43,715.9,326.17,384.88,42.6,51.88,9.56,19.23,24.83
Saurashtra Cem.,502175,SAURASHCEM,Cement & Cement Products,942.49,0.01,1537.62,1664.76,2.19,28.83,296.28,423.57,385.64,34.81,-9.73,16.85,-10.98,32.69,30.16,65.07
Savita Oil Tech,524667,SOTL,Petroleum Products,2507.1,0,3812.68,4016.04,100.72,152.29,907.2,989.12,1075.89,59.86,51.37,58.97,43.66,16.46,18.59,37.25
Savy Infra,,SAVY,Construction,378.3,0,283.39,401.17,23.88,32.73,,185.47,215.7,25.5,25.75,14.44,18.29,11.56,,
Sayaji Hotels,523710,,Leisure Services,496.9,0,138.28,149.39,2.08,-12.88,28.13,35.53,31.67,3.55,-2.05,-5.13,-9.85,,12.58,-657.69
SBC Exports,542725,SBC,Textiles & Apparels,1310.98,0,298.53,325.5,12.2,22.51,65.98,72.46,84.7,5.43,10.27,3.47,11.37,58.24,28.37,111.73
SBFC Finance,543959,SBFC,Finance,11654.42,0,1305.12,1492.95,345.56,392.51,313.89,388.43,410.78,265.7,279.7,100.89,109.14,29.69,30.87,29.96
SBI,500112,SBIN,Banks,896801.79,0,490937.79,505419.84,77572.88,78596.36,121044.68,125728.68,128040.5,66232.44,55775.15,21201.47,18941.27,11.41,5.78,-4.25
SBI Cards,543066,SBICARD,Finance,84127.93,0,18073.95,19130.54,1916.41,1918.14,4421.04,4876.92,4960.98,1437.74,1219.35,555.96,444.77,43.86,12.21,9.98
SBI Life Insuran,540719,SBILIFE,Insurance,203105.05,0,116888.43,104044.75,2413.3,2453.29,40301.73,38996.5,23115.32,663.93,515.53,594.37,494.59,82.79,-42.64,-6.58
Schaeffler India,505790,SCHAEFFLER,Auto Components,61427.63,0,8076.29,8834.57,977.48,1117.62,2072.83,2282.1,2360.14,430.88,466.94,296.23,306.65,54.96,13.86,24.08
Schneider Elect.,534139,SCHNEIDER,Electrical Equipment,18007.9,0,2636.71,2715.86,254.78,245.47,599.71,621.63,650.14,69.33,83.81,41.24,52.32,73.36,8.41,-3.59
Scoda Tubes,544411,SCODATUBES,Industrial Products,974.85,0,484.89,496.38,31.74,37.62,139.34,97.42,145.27,14.19,22.34,7.08,13.97,25.91,4.26,34.46
Sealmatic India,543782,,Industrial Products,428.97,60.37,100.97,110.67,15.93,15.96,43.93,57.04,53.63,13.63,9.15,9.46,6.5,26.88,22.08,0.62
SEAMEC Ltd,526807,SEAMECLTD,Transport Services,2574.01,0,651.82,657.3,76.14,87.9,87.87,210.92,97.42,96.88,7.84,75.77,-27.48,29.28,10.87,-25081.82
Sejal Glass,532993,SEJALLTD,Industrial Products,843.87,0,243.58,310.34,10.93,19.56,61.57,77.15,103.99,11.68,16.83,4.37,8.03,43.14,68.9,231.82
Senco Gold,543936,SENCO,Consumer Durables,5052.34,3.63,6258.68,6763.93,165.24,251.78,1458.68,1824.57,1554.32,182.2,108.33,103.52,53.07,20.07,6.56,215.33
Senores Pharma.,544319,SENORES,Pharmaceuticals & Biotechnology,3587.47,59.02,398.25,516.98,58.56,87.12,100.63,137.99,161.76,34.16,49.51,19.73,32.38,41.18,60.75,152.18
SEPC,532945,SEPC,Construction,1658.76,0,597.65,690.54,34.65,52.06,170.99,202.28,237.42,28.24,10.57,16.55,8.3,31.86,38.85,262.45
Sequent Scien.,512529,SEQUENT,Pharmaceuticals & Biotechnology,5046.05,0,1551.37,1657.92,21.81,43.25,368.65,441.42,423.99,52.19,55.68,14.78,15.67,116.66,15.01,504
Servotech Renew,,SERVOTECH,Electrical Equipment,1890.55,4.14,587,532.89,33.47,27.17,182.34,123.44,102,12.54,8.81,7.55,2.27,69.58,-44.06,-80.05
Seshaasai Tech.,544533,STYL,Financial Technology (Fintech),5043.24,0.35,1462.21,1462.21,222.21,222.21,394.7,310.87,351.35,71.24,94.32,36.68,57.88,23.44,-10.98,-10.91
Seshasayee Paper,502450,SESHAPAPER,"Paper, Forest & Jute Products",1503.55,0,1754.38,1665.4,109.17,81.54,398.47,385.4,346.32,20.49,26.3,15.43,22.41,18.44,-13.09,-21.29
SG Finserve,539199,SGFIN,Finance,2215.16,0,171.04,238.92,80.99,100.4,30.89,67.59,74.72,58.81,68.94,24.52,28.4,22.06,141.89,101.13
SG Mart,512329,SGMART,Metals & Minerals Trading,4331.85,8.09,5856.17,5777.76,103.43,120.03,1792.83,1143.77,1704.25,35.9,28.02,32.31,26.54,36.09,-4.94,66.39
Sh. Digvijay Cem,502180,SHREDIGCEM,Cement & Cement Products,1332.9,0,725.15,760.48,25.21,37.55,145.17,195.95,161.35,23.79,19.42,13.79,10.23,35.5,11.15,2457.5
Sh. Jagdamba Pol,512453,,Industrial Products,594.4,93.87,481.48,486.66,47.66,48.1,125.52,140.65,111.77,16.15,16.54,10.41,7.95,12.36,-10.95,-9.86
Sh. Rama Multi.,532310,SHREERAMA,Industrial Products,681.27,0,207.84,229.43,51.67,56.38,52.8,55.35,62.02,11.14,10.5,7.35,7.17,12.08,17.46,35.54
Sh.Pushkar Chem.,539334,SHREEPUSHK,Chemicals & Petrochemicals,1286.17,0,806.28,946.06,57.96,71.62,175.62,254.51,255.09,29.11,26.24,20.96,18.2,17.96,45.25,36.64
Sh.Renuka Sugar,532670,RENUKA,Agricultural Food & other Products,5629.83,0,10907.27,9727.4,-292.2,-743.6,2566.2,2010.2,2422.8,-86.1,-182.2,-263,-368.6,,-5.59,-1552.91
Shaily Engineer.,501423,SHAILY,Industrial Products,11455.05,0,786.8,918.75,93.08,146.16,192,246.69,256.65,68.3,79.33,41.12,51.25,78.37,33.67,133.8
Shakti Pumps,531431,SHAKTIPUMP,Industrial Products,7436.6,82.64,2516.24,2602.94,408.69,401.82,634.59,622.5,666.35,143.57,135.95,96.83,90.71,18.51,5,-10.56
Shalby,540797,SHALBY,Healthcare Services,2148.18,0,1086.96,1122.38,6.15,4.48,267.54,296.43,285.43,41.53,41.61,8.92,8.39,479.5,6.69,147.49
Shalibhadra Fin.,511754,,Finance,322.16,0,36.48,38.26,16,18.46,8.23,9.47,9.49,6.94,7.12,4.57,4.75,17.45,15.31,37.68
Shalimar Paints,509874,SHALPAINTS,Consumer Durables,518.8,2.34,599.06,614.36,-80.16,-64.41,144.74,154.56,133.81,-7.63,-6.26,-16.77,-14.14,,-7.55,27.93
Shankar Lal Ram.,542232,SRD,Chemicals & Petrochemicals,433.44,0,401.78,443.61,11.39,11.99,94.42,122.27,112.7,6.19,3.79,4.24,2.37,36.15,19.36,-6.32
Shanthi Gears,522034,SHANTIGEAR,Industrial Manufacturing,3599.16,9.79,604.62,577.52,95.98,92.94,155.08,134.89,131.91,30.51,26.52,22.69,21.51,38.73,-14.94,-16.07
Shanti Educat.,539921,,Other Consumer Services,2939.87,0,58.99,65.97,7.05,7,9.77,15.16,11.42,4.02,1.9,2.9,2.62,419.98,16.89,4.8
Shanti Gold,544459,SHANTIGOLD,Consumer Durables,1439.54,5.36,1106.41,1106.41,55.85,55.85,266.07,292.78,430.08,38.43,60.6,24.64,43.82,15.92,61.64,373.73
Sharat Industrie,519397,,Food Products,528.21,0,380.53,455.28,9.96,14.28,100.34,115.2,149.73,11.24,11.94,5.37,5.74,36.99,49.22,53.89
Sharda Cropchem,538666,SHARDACROP,Fertilizers & Agrochemicals,7835.59,99.67,4319.85,4671.78,298.97,451.81,776.89,984.81,929.11,215.29,132.87,142.78,74.31,17.34,19.59,75.22
Sharda Motor,535602,SHARDAMOTR,Auto Components,5581.41,0.84,2836.57,2983.3,279.16,314.54,711.29,756.25,787.21,98.43,101.02,81.91,75.39,17.74,10.67,-4.48
Shardul Sec.,512393,,Capital Markets,319.35,0,62.63,-62.82,32.99,-77.77,40.11,94.15,-39.31,89.44,-44.37,70.37,-38.5,,-198.01,-233.91
Share India Sec.,540725,SHAREINDIA,Capital Markets,3472.45,0,1448.8,1264.01,324.81,277.81,452.76,341.41,340.96,138.25,159.15,84.18,92.91,12.5,-24.69,-25.13
Sheela Foam,540203,SFL,Consumer Durables,6493.68,0,3439.19,3513.06,60.15,61.21,812.71,821.41,874.94,75.23,87.13,6.54,14.39,106.08,7.66,-27.82
Shera Energy,,SHERA,Industrial Products,307.08,0,1277.3,1456.58,17.82,22.26,601.37,675.93,780.65,30.13,39.4,10.24,12.02,13.8,29.81,58.99
Shilchar Tech.,531201,SHILCTECH,Electrical Equipment,4536.3,43.48,623.15,715.63,147.26,177.56,130.56,158.75,171.28,52.42,53.6,41.49,45.94,25.55,31.19,40.36
Shilpa Medicare,530549,SHILPAMED,Pharmaceuticals & Biotechnology,6476.76,62.93,1280.66,1341.53,88.09,154.69,343.8,321.46,369.97,90.9,108.17,46.89,44.07,41.87,7.61,145.65
Shipping Land,544142,SCILAL,Finance,2192.98,0,18.3,22.67,-189.38,-195.71,3.99,5.71,6.13,-1.55,-14.87,14.34,4.19,,53.63,-67.42
Shish Industries,540693,,Industrial Products,368.59,53.37,116.25,133.44,8.58,8.98,22.64,33.12,29.77,2.88,5.33,2.55,2.15,41.05,31.49,16.85
Shiv Aum Steels,,SHIVAUM,Commercial Services & Supplies,383.53,0,548.2,520.51,9.67,4.76,248.6,299.6,220.91,5.97,6.53,2.15,2.61,80.57,-11.14,-65.25
Shiv Texchem,544272,,Chemicals & Petrochemicals,403.2,0,2201.62,2673.98,48.11,70.44,1030.62,1170.99,1502.99,50.99,73.08,27.49,42.95,5.72,45.83,108.19
Shiva Cement,532323,,Cement & Cement Products,684.11,0,311.17,351.75,-137.34,-150.23,50.53,105.61,82.11,-1.97,4.01,-30.28,-32.73,,62.5,2.62
Shivalik Bimetal,513097,SBCL,Industrial Products,2515.23,0,508.35,529.72,76.96,86.92,126.65,136.6,137.4,31.96,31.07,22.78,24.85,28.94,8.49,24.62
Shivalik Rasayan,539148,SHIVALIK,Fertilizers & Agrochemicals,602.27,0,311.77,337.85,16.7,14.05,82.44,89.31,93.84,10.98,12.04,1.6,3.05,42.87,13.83,-23.94
Shivam Autotech,532776,SHIVAMAUTO,Auto Components,363.32,0,453.98,424.54,-48.11,-56.7,120.43,90.73,113.23,5.32,10.27,-17.66,-12.42,,-5.98,-11.99
Shoppers Stop,532638,SHOPERSTOP,Retailing,4440.28,0,4627.64,4861.17,10.56,16.32,1114.87,1161.08,1256.62,171.51,170.39,-15.74,-20.11,272.08,12.71,-8.23
Shraddha Prime,531771,,Realty,833.47,0,155.58,284.94,24.64,33.48,37.6,58.7,134.33,10.69,11.88,8.97,8.74,24.9,257.26,19.89
Shradha Infrapr.,,SHRADHA,Realty,338.98,0,106.59,110.26,15.55,19.73,12.35,26.18,18.89,6.75,4.39,3.78,6.36,17.18,52.96,65.19
Shree Cement,500387,SHREECEM,Cement & Cement Products,94117.74,0,19282.83,20146.65,1117.62,1718.89,4054.17,5280.88,4761.07,1332.6,973.96,642.66,308.51,54.75,17.44,303.6
Shree Ganesh Rem,540737,,Pharmaceuticals & Biotechnology,571.34,59.94,108.6,106.47,22.73,20.44,32.33,24.67,30.32,7.3,9.62,3.45,4.96,27.95,-6.22,-22.74
Shree Karni,,SHREEKARNI,Textiles & Apparels,370.12,0,166.88,197.47,15.11,16.41,76.81,90.17,107.3,17.27,14.03,10.24,6.17,22.55,39.7,26.69
Shree Rama News.,500356,RAMANEWS,"Paper, Forest & Jute Products",445.67,0,44.13,39.76,-28.62,-29.66,9,9.17,6.83,1.01,0.22,-8.11,-7.95,,-24.11,-3.52
Shree Refrigerat,544458,,Industrial Manufacturing,735.94,0,98.73,98.15,13.76,6.16,50.96,47.76,50.39,11.51,5.66,4.68,1.48,119.47,-1.12,-82.19
Shree Tirupati,,TIRUPATI,Industrial Products,721.26,77.42,208.3,197.46,14.37,9.15,104.39,103.91,93.55,13.02,6.05,7.28,1.87,78.83,-10.38,-73.62
Shree TirupatiBa,544249,BALAJEE,Industrial Products,328.18,0,579.4,548.37,25.37,19.02,155.57,125.41,142.65,10.49,6.17,5.14,2.09,17.25,-8.3,-70.52
Shree Vasu Logis,,SVLL,Transport Services,793.07,0,145.99,183.51,2.18,4.57,34.6,49.75,55.97,12.44,13.6,1.87,1.22,173.54,61.76,2540
Shreeji Ship. Gl,544490,SHREEJISPG,Transport Services,5368.26,0,607.61,607.61,124.93,124.93,145.72,161.19,162.19,59.87,53.11,37.2,42.71,39.67,11.3,32.19
Shrem InvIT,,SHREMINVIT,Construction,6322.24,0,2457.83,2528.33,1084.41,962.3,488.74,535.9,569.63,356.87,314.92,233.75,204.92,6.57,16.55,-24.86
Shri Ahimsa,,SHRIAHIMSA,Food Products,586.29,40.2,95.81,115.61,22.13,27.08,40.72,55.09,60.52,16.72,18.01,12.25,14.83,21.65,48.62,52.73
Shri Keshav,530977,,Cement & Cement Products,311.64,0,121.45,142.65,-6.17,0.01,24.48,40.71,35.41,10.41,8.37,3.09,0.69,31163.82,44.65,116.51
Shri Venkatesh,543373,,Agricultural Food & other Products,649.21,0,701.64,949.19,18.12,25.27,308.32,393.32,555.87,20.65,28.23,10.87,14.4,25.69,80.29,99.72
Shringar House,544512,SHRINGARMS,Consumer Durables,2113.52,1.37,1429.82,1429.82,61.09,61.09,416.07,332.61,528.8,41.21,32.56,28.51,22.85,31.13,27.09,42.46
Shriram AMC,531359,,Capital Markets,671.12,0,6.73,9.08,-16.51,-17.52,1.92,3.6,2.97,-2.71,-4.36,-2.76,-4.4,,54.69,-21.21
Shriram Finance,511218,SHRIRAMFIN,Finance,160733.6,0,43940.61,45601.3,8208.8,8760.03,10089.54,11536.32,11912.44,8473.98,8803.4,2159.45,2314.22,18.35,18.07,12.22
Shriram Pistons,544344,SHRIPISTON,Auto Components,12517.83,0,3549.83,3816.09,501.13,540.01,876.5,963.3,1016.5,195.1,207.3,133.7,139.9,23.18,15.97,12.1
Shriram Properti,543419,SHRIRAMPPS,Realty,1472.06,0,823.44,976.55,76.52,89.91,140.56,242.32,205.31,22.37,-5.04,20.59,8.57,16.37,46.07,965.66
Shukra Pharma.,524632,,Pharmaceuticals & Biotechnology,1757.21,0,32.59,35.12,9.58,11.96,5.56,5.39,5.88,1.32,-0.41,1.03,2.38,146.92,5.76,340.74
Shyam Metalics,543299,SHYAMMETL,Industrial Products,22429.69,0,15137.5,16767.73,908.1,970.37,3634.02,4418.84,4457.02,579.62,539.43,292.15,261.76,23.11,22.65,21.47
Sical Logistics,520086,SICALLOG,Transport Services,553.94,0,221.82,318.28,-47.37,-1.59,48.92,97.54,89.81,22.93,18.1,-4.4,11.71,,83.59,174.63
Siemens,500550,SIEMENS,Electrical Equipment,118450.93,0,17364.2,17364.2,1687.44,1687.44,4457,4346.8,5171.2,521.4,617.1,422.9,484.9,70.2,16.02,-7.14
Siemens Ener.Ind,544390,ENRIN,Electrical Equipment,110375.97,0,7826.7,7826.7,1100.1,1100.1,,1784.6,2645.7,340.3,479.3,262.7,359.6,100.33,,
Sigachi Indust.,543389,SIGACHI,Pharmaceuticals & Biotechnology,1327.89,65.83,488.24,506.35,69.56,60.76,124.9,128.25,110.48,24.11,7.52,19.81,6.33,21.86,-11.55,-70.94
Sigma Solve,543917,SIGMA,IT - Services,536.28,0,76.17,89.37,18.96,22.88,17.05,20.66,25.59,4.97,7.63,5.18,6.65,23.44,50.09,61.8
SignatureGlobal,543990,SIGNATURE,Realty,15827.38,0,2498.02,2552.28,99.6,77.78,749.29,865.67,338.49,33.19,-74.38,34.42,-46.86,203.49,-54.83,-1240.15
Signpost India,544117,SIGNPOST,Media,1104.18,0,453.22,494.72,34.04,37.57,129.7,137.65,134.02,31.76,34.46,15.28,15.62,29.39,3.33,-1.58
Sika Interplant,523606,,Aerospace & Defense,1898.32,0,147.66,203.59,25.02,34.35,33.24,68.01,51.58,12.5,10.64,10.35,8.94,55.26,55.17,44.43
SIL Investments,521194,SILINV,Finance,562.48,0,54.82,64.15,30.93,38.58,24.74,12.57,28.65,10.09,26.1,7.92,19.54,14.58,15.8,19.66
Silver Touch,543525,SILVERTUC,IT - Software,937.87,13.76,288.38,308.77,21.7,25.97,74.85,63.2,85.52,9.03,13.8,4.04,7.46,36.11,14.26,69.55
Simplex Castings,513472,,Industrial Products,426.53,0,171.88,215.63,15.13,20.2,29.38,45.2,55.41,9.15,9.64,4.74,5.58,21.12,88.6,53.3
Simplex Infra,523838,SIMPLEXINF,Construction,2170.33,0,1075.6,1002.3,-16.61,34.41,268.06,242.59,247.99,7.65,15.96,4.64,8.29,63.07,-7.49,176.93
Sinclairs Hotels,523023,SINCLAIR,Leisure Services,431.35,0,53.42,53.47,13.8,9.04,8.08,15.69,8.98,5.95,-0.3,6.18,-2.04,47.72,11.14,-191.07
Sindhu Trade,532029,SINDHUTRAD,Transport Services,3555.7,0,1731.1,1097.89,5.44,-36.84,369.55,165.34,124.33,13.24,-2.03,18.79,10.82,,-66.36,-90.72
Singer India,505729,,Consumer Durables,441.08,0,431.67,457.22,7.42,7.03,105.76,92.1,137.9,-3.74,4.26,-2.36,3.83,62.74,30.39,201.57
Sintercom India,,SINTERCOM,Auto Components,317.65,1.53,90.01,95.61,0.67,1,20.91,23.89,23.49,4.05,4.35,0.26,0.27,317.65,12.34,125
Sirca Paints,543686,SIRCA,Consumer Durables,2851.57,0,372.19,435.04,49.18,57.93,105.46,114.24,131.17,22.56,27.4,14.21,18.1,49.22,24.38,36.3
SIS,540673,SIS,Other Consumer Services,4631.91,0,13189.04,14097.39,10.76,329.14,3268.81,3548.49,3758.52,152.08,168.26,92.95,80.73,14.07,14.98,17.32
Siyaram Silk,503811,SIYSIL,Textiles & Apparels,3012.86,9.37,2220.32,2400.3,198.73,209.9,607.56,388.5,705.55,20.68,107.52,4.6,86.98,14.35,16.13,27.16
SJS Enterprises,543387,SJS,Auto Components,5318.44,7.39,760.49,830.49,116.04,138.57,192.79,209.66,241.76,55.92,68.36,34.57,43.03,38.38,25.4,48.38
SJVN,533206,SJVN,Power,29088.7,0,3072.01,3125.24,821.31,557.11,1026.25,917.45,1032.4,706.75,859.96,227.77,307.91,52.21,0.6,-30.2
SKF India,500472,SKFINDIA,Industrial Products,9285.44,0,4919.92,5061.68,565.88,555.21,1244.23,1283.15,1309.06,167.33,165.69,118.21,124.22,16.72,5.21,31.88
Skipper,538562,SKIPPER,Electrical Equipment,5084.21,0,4624.48,4938.65,147.09,169.5,1109.74,1253.86,1261.79,127.16,130.69,44.66,44.54,30,13.7,31.23
SKM Egg Prod.,532143,SKMEGGPROD,Food Products,1057.3,58.51,497.83,630.16,34.24,54.91,127.46,175.7,201.93,24.77,37.37,16.28,24.75,19.26,58.43,186.46
Sky Gold & Diam.,541967,SKYGOLD,Consumer Durables,5211.17,0,3548.02,4671.84,118.13,185.29,768.85,1131.24,1484.46,71.37,99.9,43.59,66.99,28.12,93.08,82.48
Smartworks Cowor,544447,SMARTWORKS,Commercial Services & Supplies,5118.5,0,1374.06,1374.06,-64.72,-64.72,350.37,379.21,424.78,241.02,270.14,-4.2,-3.14,,21.24,80.16
SMC Global Sec.,543263,SMCGLOBAL,Capital Markets,1537.42,0,1778.4,1742.3,146.3,97.78,450.83,425.09,440.27,100.29,84.38,29.74,20.66,15.72,-2.34,-54.39
SML Mahindra,505192,SMLMAH,"Agricultural, Commercial & Construction Vehicles",4877.55,0,2398.99,2503.62,121.55,141.49,549.71,845.89,555.11,105.01,41.92,66.96,21.05,34.47,0.98,-3.44
SMS Pharma.,532815,SMSPHARMA,Pharmaceuticals & Biotechnology,2955.48,0,782.75,860.03,68.37,81.14,196.75,196.05,242.43,38.86,48.39,18.21,25.14,36.42,23.22,76.3
Snowman Logistic,538635,SNOWMAN,Transport Services,689.58,0,552.53,587.21,5.49,2.92,143.45,162.7,155.65,24.35,19.99,2.54,-2.91,236.16,8.5,-577.05
Sobha,532784,SOBHA,Realty,16470.88,0,4038.69,4724.26,94.7,148.7,933.59,851.93,1407.62,23.82,95.65,13.62,72.53,110.77,50.77,178
Sobhagya Mercant,512014,,Commercial Services & Supplies,765.95,0,157.28,208.45,15.53,21.55,27.59,52.32,51.22,7.79,6.92,5.62,4.7,35.54,85.65,122.75
Softsol India,532344,,Realty,343.92,0,12.74,13.25,7.8,10.11,3.07,3.39,3.39,2.54,2.17,4.44,1.86,34.02,10.42,-17.33
Softtech Enginee,543470,SOFTTECH,IT - Software,433.88,0,95.25,106.37,1.29,1.35,22.95,27.01,26.81,7.38,6.98,0.95,0.18,321.4,16.82,-60.87
Solar Industries,532725,SOLARINDS,Chemicals & Petrochemicals,116005.92,51.08,7540.26,8376.3,1255.34,1320.77,1715.83,2154.45,2082.22,534.85,551.85,338.7,344.97,87.83,21.35,20.67
Solara Active,541540,SOLARA,Pharmaceuticals & Biotechnology,2454.93,0,1283.76,1206.01,0.54,6.41,346.95,319.15,313.54,57.02,34.73,10.52,-10.1,382.98,-9.63,-226.09
Solarium Green,544354,,Construction,595.49,0,229.73,265.01,18.64,20.28,82,148.08,116.93,14.25,13.45,11.06,9.22,29.36,42.6,22.44
Solarworld Ene.,544532,SOLARWORLD,Construction,2487.09,0,544.77,544.77,76.94,76.94,141.94,68.24,137.88,8.63,15.07,12.91,9.29,38.89,-2.86,-58.28
Solex Energy,,SOLEX,Electrical Equipment,1638.09,0,660.04,784.76,39.6,52.39,273.16,386.96,397.8,44.54,53.61,26.52,25.87,31.27,45.63,97.03
Som Distilleries,507514,SDBL,Beverages,2123.92,0,1442.9,1438.06,105.85,103.49,289.73,528.38,269.59,70.35,40.09,42.06,19.5,20.52,-6.95,4.28
Soma Textiles,521034,SOMATEX,Textiles & Apparels,359.28,0,9.49,6.51,-1.36,-1.92,3.64,2.05,0,-2.34,-3.09,2.36,-2.48,,-100,-375.56
Somany Ceramics,531548,SOMANYCERA,Consumer Durables,1711.26,0,2658.77,2703.45,60.96,57.08,666.33,604.44,685.16,48.18,53.51,10.37,14.99,29.98,2.83,-12.65
Sona BLW Precis.,543300,SONACOMS,Auto Components,30647.65,59.18,3546.02,3724.86,585.32,626.99,922.19,853.91,1138.29,205.55,283.83,131.47,174.02,48.88,23.43,14.34
Sonata Software,532221,SONATSOFTW,IT - Software,10110.97,0,10157.25,10544.47,424.94,442.07,2169.83,2965.18,2119.3,159.65,172.7,109.34,120.19,22.87,-2.33,12.87
South Ind.Bank,532218,SOUTHBANK,Banks,10389.7,0,9413.31,9513.67,1304.63,1357.38,2354.72,2362.44,2407.05,1340.92,1554.83,321.95,351.37,7.65,2.22,8.22
South West Pinn.,543986,SOUTHWEST,Commercial Services & Supplies,610.65,0,179.19,224.25,13.35,22.27,27.35,40.11,62.42,5.76,14.53,2.07,7.6,27.42,128.23,2351.61
Spacenet Enterpr,,SPCENET,Commercial Services & Supplies,417.78,0,157.05,179.37,11.89,14.55,45.06,53.39,48.42,4.43,3.51,3.8,4.85,28.71,7.46,41.81
Spandana Sphoort,542759,SPANDANA,Finance,2045.18,0,2180.72,1345.02,-956.73,-1351.05,636.18,261.87,199.32,-298.73,-179.8,-328.91,-218.07,,-68.67,-6.93
SPARC,532872,SPARC,Pharmaceuticals & Biotechnology,4968.13,0,71.77,59.6,-345.25,-268.69,12.86,9.64,7.86,-52.33,-65.89,-52.03,-75.97,,-38.88,29.45
Speciality Rest.,534425,SPECIALITY,Leisure Services,571.98,0,413.08,430.83,17.51,22.21,97.94,103.06,109.76,18.02,19.16,5.68,4.76,25.75,12.07,88.89
Spectrum Electr.,544386,SPECTRUM,Industrial Manufacturing,1779.3,0,397.09,442.56,24.28,30.77,82.09,84.55,116.06,11.6,14.76,6.09,7.93,57.83,41.38,81.88
Spel Semiconduct,517166,,Electrical Equipment,803.64,97.84,7.86,7.8,-8.31,-7.76,1.39,1.93,1.53,-0.55,-0.64,-2.43,-1.12,,10.07,53.91
Spencer's Retail,542337,SPENCERS,Retailing,383.56,0,1995.19,1789.83,-266.87,-241.15,518.03,415.84,445.15,-6.67,-3.51,-61.61,-63.79,,-14.07,26.83
Spice LoungeFood,539895,,Leisure Services,3878.09,0,105.4,165.78,5.65,7.07,17.98,32.29,46.21,1.28,1.96,-1.18,3.44,548.53,157.01,309.52
SpiceJet,500285,SPICEJET,Transport Services,4397.69,0,5284,4564.73,59.01,-519.04,911.04,1106.06,781.22,-89.57,-454.06,-235.08,-633.8,,-14.25,-43.48
SPML Infra,500402,SPMLINFRA,Construction,1409.88,0,770.64,718.97,47.88,49.11,188.57,155.91,187.76,7.2,8.8,12.12,15.04,28.71,-0.43,15.16
Sportking India,539221,SPORTKING,Textiles & Apparels,1141.72,50.98,2523.64,2451.73,108.3,114.78,651.65,585.8,627.39,69.49,65.41,34.1,28.27,9.95,-3.72,-5.48
Spunweb Nonwoven,,SPUNWEB,Textiles & Apparels,347.69,0,226.31,260.5,10.79,18.09,102.85,123.5,137,19.83,24.18,7.35,10.74,19.22,33.2,212.21
Sr.Rayala.Hypo,532842,SRHHYPOLTD,Chemicals & Petrochemicals,846.95,44.83,637.82,661.6,95.12,99.95,170.24,180.26,182.39,28.5,27.01,26.86,24.37,8.47,7.14,-6.09
Sreeleathers,535601,SREEL,Consumer Durables,538.06,0,216.94,233.38,22.59,23.06,62.66,50.1,74.71,4.26,11.68,2.93,8.61,23.33,19.23,33.49
SRF,503806,SRF,Chemicals & Petrochemicals,85512.35,0,14693.07,15263.46,1249.67,1617.64,3424.3,3818.62,3640.19,829.84,774.15,432.32,388.18,52.86,6.3,92.72
SRG Housing,534680,SRGHFL,Finance,416.46,0,154.53,171.21,24.4,26.96,36.06,41.71,47.81,25.06,29.29,6.78,8.25,15.45,32.58,25
Sri Adhik. Bros.,530943,SABTNL,Entertainment,3463.62,0,6.11,5.05,0.45,-1.46,1.09,1.39,0.03,0.37,-0.71,0.44,-1.86,,-97.25,-3820
Sri Lotus,544469,LOTUSDEV,Realty,7527.36,0,547.73,547.73,227.41,227.41,122.74,61.32,176.11,29.46,50.43,25.61,46.15,33.73,43.48,-8.4
SRM Contractors,544158,SRM,Construction,1170.42,0,526.59,711.74,50.15,69.27,95.25,143.09,191.52,20.57,28.43,13.06,19.44,16.9,101.07,118.43
Stallion India,544342,STALLION,Chemicals & Petrochemicals,1472.91,0,377.45,452.75,32.33,44.84,67.56,110.47,105.56,14.3,15.58,10.36,11.42,32.85,56.25,1243.53
Standard Glass,544333,SGLTL,Industrial Manufacturing,3091.56,0,613.66,662.32,64.34,71.15,165.36,173.07,182.78,29.56,28.62,20.87,20.19,43.45,10.53,3.59
Stanley Lifesty.,544202,STANLEY,Consumer Durables,1286.85,0,426.2,436.6,28.84,32.6,103,108.7,105.4,22.5,24.8,7.9,5.6,39.47,2.33,-9.68
Star Cement,540575,STARCEMENT,Cement & Cement Products,9010,0,3163.39,3493.78,169.11,302.63,641.55,911.99,810.94,228.22,190.17,98.45,71.95,29.77,26.4,1153.48
Star Health Insu,543412,STARHEALTH,Insurance,26957.34,0,16101.23,16837.84,630.08,533.07,4058.37,4232.86,4377.78,351.16,74.56,262.52,54.9,50.57,7.87,-50.67
Steel Exchange,534748,STEELXIND,Industrial Products,1076.36,0,1140.01,1150.69,16.63,32.96,261.06,300,231.76,31.4,27.47,10.23,2.11,32.66,-11.22,-22.43
Steel Str. Wheel,513262,SSWL,Auto Components,3008.66,12.67,4429,4695.96,210.05,202.01,1095.1,1186.78,1200.57,122.03,111.93,49.94,38.53,14.89,9.63,-23.26
Steelcast,513517,STEELCAS,Industrial Products,2193.81,51.76,376.17,435.24,72.16,89.07,75.35,106.69,106.65,27.3,30.22,19.88,23.21,24.63,41.54,74.64
STEL Holdings,533316,STEL,Finance,1015.72,0,21.91,23.28,15.87,17.07,7.78,0.47,9.07,0.24,8.88,0.35,6.65,59.5,16.58,16.26
Sterling & Wils.,542760,SWSOLAR,Construction,5159.39,0,6301.86,7866.54,80.95,203.71,1030.49,1761.63,1748.6,85.46,3.92,31.97,101.53,25.33,69.69,1340.16
Sterling Tools,530759,STERTOOLS,Auto Components,1004.2,1.24,1026.3,860.63,58.12,41.77,283.98,192.08,207.91,22.03,23.61,8.99,10.37,24.04,-26.79,-40.64
Sterlite Tech.,532374,STLTECH,Telecom -  Equipment & Accessories,4827.62,0,3996,4105,-126,4,1074,1020,1034,132,129,10,4,1206.9,-3.72,123.53
STL Networks,544395,STLNETWORK,Telecom - Services,1072.98,,1179.72,1179.72,-31.95,-31.95,356.52,189.95,230.79,4.18,6.44,-22.42,-19.29,,-35.27,-481.98
Stove Kraft,543260,STOVEKRAFT,Consumer Durables,1901.55,0,1447.73,1531.58,39.56,45.38,418.31,340.11,474.42,35.62,56.77,10.43,21.36,41.9,13.41,27.75
Stovec Inds.,504959,,Industrial Manufacturing,416.7,0,234.57,202.71,13.06,8.27,57.39,56.75,40.88,3.65,1.86,2.96,1.2,50.39,-28.77,-61.17
Strides Pharma,532531,STAR,Pharmaceuticals & Biotechnology,8130.48,95.85,4565.34,4684.63,3523.66,434.42,1166.93,1119.74,1220.83,218.08,230.52,106.44,134.77,18.72,4.62,79.67
String Metaverse,534535,,IT - Services,3033.65,0,407.36,700.9,35.09,62.48,87.81,198.86,232.5,21.62,25.06,18.1,21.42,48.55,164.78,217.33
Studds Accessor.,544599,STUDDS,Auto Components,2110.89,16.63,583.82,583.82,69.74,69.74,145.05,149.22,154.44,30.3,29.85,20.25,20.62,28.97,6.47,17.9
Stylam Industrie,526951,STYLAMIND,Consumer Durables,3632.29,71.3,1025.09,1095.18,121.54,124.97,262.7,282.98,292.4,52.93,56.59,28.26,37.33,29.07,11.31,9.47
Styrenix Perfor.,506222,STYRENIX,Chemicals & Petrochemicals,3645.88,7.86,2982.42,3372.93,232.87,200.5,653.22,943.5,798.93,96.46,85.47,51.92,44.72,18.18,22.31,-36.2
Suba Hotels,,SUBAHOTELS,Leisure Services,355.4,0,79.24,79.24,15.15,15.15,29.42,,43.79,,8.77,,5.24,20.82,48.84,57.83
Subam Papers,544267,,Industrial Products,464.9,0,538.98,566.7,26.72,22.28,269.88,269.29,297.41,26.74,27.69,9.2,13.08,20.87,10.2,-25.39
Subex,532348,SUBEXLTD,IT - Software,666.83,0,285.61,278.6,-35.93,-5.18,74.16,66.4,68.91,3.93,6.28,12.81,2.86,,-7.08,332.52
Subros,517168,SUBROS,Industrial Products,5747.27,0.01,3367.57,3487.52,148.38,160.69,828.31,878.25,879.83,82.01,68.47,40.83,40.74,35.77,6.22,11.86
Sudarshan Chem.,506655,SUDARSCHEM,Chemicals & Petrochemicals,7820.4,54.56,3345.58,6910.17,70.45,102.69,696.09,2506.9,2387.4,192.4,132.2,47.2,11.7,76.16,242.97,-66.46
Sudarshan Pharma,543828,,Chemicals & Petrochemicals,636.07,0,505.05,591.38,18.03,19.75,128.58,145.26,168.87,11.04,9.21,4.04,4.18,32.21,31.33,-38.07
Sudeep Pharma,544619,SUDEEPPHRM,Pharmaceuticals & Biotechnology,7481.84,59.27,502,502,138.76,138.76,,,,,,,,53.92,,
Sukhjit Starch,524542,SUKHJITS,Agricultural Food & other Products,465.67,0,1497.95,1418.75,36.49,22.89,367.81,369.13,314.61,19.04,18.21,5.01,4.3,20.34,-14.46,-65.74
Sula Vineyards,543711,SULA,Beverages,1876.41,0,579.15,566.41,69.89,49.05,132.36,109.64,130.91,18.3,25.46,1.94,6.02,38.26,-1.1,-58.43
Sumeet Industrie,514211,SUMEETINDS,Textiles & Apparels,1617.4,0,1003.37,1012.55,-5.73,22.46,241.89,248.47,269.3,13.6,14.52,7.98,9.86,72.01,11.33,618.95
Sumit Woods,,SUMIT,Realty,326.98,0,140.83,117.82,11.51,11.3,45.72,42.27,12.82,6.49,1.61,3.43,0.29,28.94,-71.96,-87.11
Sumitomo Chemi.,542920,SUMICHEM,Fertilizers & Agrochemicals,23285.31,30.47,3090.37,3249.74,501.95,540.43,971.35,1048.07,914.44,219.65,216.95,179.81,177.9,43.09,-5.86,-6.78
Summit Securitie,533306,SUMMITSEC,Finance,2230.71,0,119.03,158.03,79.86,101.35,106.68,27.54,119.68,26.58,118.5,20.19,90.66,22.01,12.19,20.64
Sun Pharma.Inds.,524715,SUNPHARMA,Pharmaceuticals & Biotechnology,433080.49,65.93,52578.44,54964.01,11453.96,11543.96,13291.39,13851.4,14478.31,4301.66,4527.05,2868.6,3117.95,37.52,8.93,2.56
Sun TV Network,532733,SUNTV,Entertainment,21629.25,0,4015.09,4359.52,1740.38,1659.01,935.7,1290.28,1299.87,616.62,754.26,529.1,354.33,13.04,38.92,-13.42
Sundaram Clayton,544066,SUNCLAY,Auto Components,2727.79,0,2259.3,2122.66,-152.39,-185.58,562.6,511.64,494.75,16.19,14.83,-57.76,-64.35,,-12.06,-25.32
Sundaram Finance,590071,SUNDARMFIN,Finance,54136.14,0,8512.82,9183.93,1853.94,1971.78,2084.67,2348.93,2385.64,1790.12,1871.06,475.21,488.12,27.46,14.44,11.92
Sundram Fasten.,500403,SUNDRMFAST,Auto Components,19816.23,30.45,5955.42,6026.12,539.78,554.01,1486.04,1533.39,1521.02,247.07,252.46,148.35,150.87,35.77,2.35,5.89
Sundrop Brands,500215,SUNDROP,Agricultural Food & other Products,2778.14,1.5,898.87,1267.59,36.36,37.88,206.06,372.12,383.3,13.66,3.92,4.31,-2.09,73.34,86.01,-4280
Sunflag Iron,500404,SUNFLAG,Industrial Products,4591.2,0,3535.59,3771.33,162.06,201.53,865.74,1023.23,972.99,119.79,100.97,62.61,45.53,22.78,12.39,11.62
Sunita Tools Ltd,544001,,Industrial Manufacturing,516.88,0,29.62,29.55,4.86,4.72,15.33,14.29,15.26,3.52,4.29,1.68,3.04,109.51,-0.46,-10.85
Sunlite Recycli.,,SUNLITE,Industrial Products,325.8,0,1396.7,1882.23,14.17,21.55,636.79,759.92,1122.31,11.88,21.9,7.21,14.34,15.12,76.24,103.12
Sunrakshakk Inds,539300,,Textiles & Apparels,677.19,0,180.16,375.5,11,22.11,26.61,125.24,120.97,11.62,11.67,6.52,6.95,30.63,354.6,271.66
Sunrise Efficie.,543515,,Commercial Services & Supplies,573.85,0,132.91,144.41,9.03,10.21,54.86,74.24,70.17,6.82,6.8,5,5.21,56.2,27.91,23.46
Sunshield Chem.,530845,,Chemicals & Petrochemicals,885.73,0,365.79,431.2,14.58,21.42,92.91,113.88,122.4,12.62,14.02,6.82,7.23,41.35,31.74,126.65
Sunteck Realty,512179,SUNTECK,Realty,5937.09,0,853.13,808.74,150.37,175.31,169.05,188.32,252.37,47.74,77.84,33.43,48.97,33.87,49.29,41.41
Suprajit Engg.,532509,SUPRAJIT,Auto Components,6299.59,0,3276.95,3512.44,85.93,159.69,833.6,862.92,941.02,81.74,99.59,48.09,50.95,39.45,12.89,10514.58
Supreme Holdings,530677,SUPREME,Realty,312.49,0,66.23,20.1,10.31,2.97,23.18,0.16,0.1,-1.13,-0.62,0.06,0.28,105.21,-99.57,-93.17
Supreme Inds.,509930,SUPREMEIND,Industrial Products,42821.39,0,10446.25,10540.03,922.73,847.95,2272.95,2609.21,2393.87,318.88,297.4,202.3,164.74,50.5,5.32,-20.26
Supreme Petroch.,500405,SPLPETRO,Chemicals & Petrochemicals,11818.38,9.15,6023.38,5431.01,368.95,307.36,1505.56,1386.54,1100.15,114.72,77.55,80.92,48.2,38.45,-26.93,-46.65
Supreme Power,,SUPREMEPWR,Electrical Equipment,521.82,0,144.8,170.63,18.6,20.88,54.83,89.97,80.66,14.23,12.52,11.47,9.41,24.99,47.11,31.98
Supriya Lifesci.,543434,SUPRIYA,Pharmaceuticals & Biotechnology,6000.8,92.82,696.48,714.66,187.97,182.38,166.1,145.07,199.83,51.7,72.65,34.79,50.43,32.9,20.31,9.27
Suraj,531638,SURAJLTD,Industrial Products,499.6,0,233.74,222.89,12.78,4.71,56.64,50.34,50.19,4.84,3.67,2.74,0.83,106.07,-11.39,-87.17
Suraj Estate,544054,SURAJEST,Realty,1338.55,0,549.09,583.36,99.16,92.65,109.09,132.47,144.56,49.58,64.74,21.28,33.1,14.45,32.51,3.99
Suraksha Diagno.,544293,SURAKSHA,Healthcare Services,1459.82,0,252.09,275.92,32.01,31.93,66.75,72.59,78.73,23.74,24.12,9.4,8.99,45.72,17.95,-13.06
Suratwwala Busi.,543218,SBGLP,Realty,484.12,0,35.63,66.58,10.6,20.21,2.24,15.95,25.98,6.99,11.06,5.33,8.16,23.95,1059.82,3609.09
Surya Roshni,500336,SURYAROSNI,Industrial Products,5593.24,0,7435.22,7462.84,344.35,327.66,1528.72,1604.41,1845.01,69.77,118.2,33.6,74.13,17.07,20.69,105.57
Suryoday Small,543279,SURYODAY,Banks,1453.83,0,1953.75,1973.26,114.92,65.21,507.2,495.17,519.66,186.21,220.91,35.28,30.41,22.29,2.46,-33
Sustainable Ener,,SEITINVIT,Power,3564,,721.9,718.66,138.9,131.04,159.69,200.54,161.84,170.87,129.11,50.74,8.64,27.2,1.35,-44.9
Sutlej Textiles,532782,SUTLEJTEX,Textiles & Apparels,553.68,34.95,2642.36,2551.78,-65.82,-77.56,675.99,598.49,638.66,-0.07,14.09,-25.68,-17.1,,-5.52,3.39
Suven Life Scie.,530239,SUVEN,Healthcare Services,3875.68,0,6.66,5.87,-165.73,-211.89,2.57,1.87,0.92,-50.75,-79.77,-51.52,-77.31,,-64.2,-55.74
Suyog Telematics,537259,SUYOG,Telecom - Services,706.09,0,192.57,202.71,40.55,37,47.74,51.62,52.25,39.24,39.7,17.01,16.59,19.08,9.45,-18.15
Suzlon Energy,532667,SUZLON,Electrical Equipment,70374.11,3.01,10889.74,13767.27,2077.4,3172.9,2103.38,3131.72,3870.78,599.07,720.84,324.32,1279.44,22.18,84.03,539.08
Swan Corp,503310,SWANCORP,Chemicals & Petrochemicals,14031.58,88.78,4937.87,5115.46,-304.32,581.26,1032.19,1213.18,1138.34,26.75,5.04,19.13,-3.82,24.14,10.28,-107.45
Swan Defence,533107,SWANDEF,Industrial Manufacturing,6017.36,0,7.03,46.06,-178.81,-124.18,0.96,0.42,39.57,-31.62,-7.69,-30.79,-19.86,,4021.88,62.8
Swaraj Engines,500407,SWARAJENG,Industrial Products,4535.86,0,1681.89,1787.8,165.19,177.02,464.24,484.1,504.04,67.1,68.03,49.97,49.68,25.62,8.57,9.38
Swaraj Suiting,,SWARAJ,Textiles & Apparels,554.87,0,416.57,459.23,33.42,41.37,161.51,255.06,204.17,48.37,52.26,23.46,17.91,13.41,26.41,80.91
Swelect Energy,532051,SWELECTES,Electrical Equipment,995.6,0,621.67,626.27,4.93,33.79,197.64,177.22,138.86,41.72,40.76,20.54,15.17,29.46,-29.74,84.33
Swiggy,544285,SWIGGY,Retailing,98361.68,0,15226.76,18925.07,-3107.41,-4172.57,3601,4961,5561,-955,-799,-1197,-1092,,54.43,-75.28
Swiss Military,523558,,Consumer Durables,479.14,0,212.67,232.92,9.37,9.15,53.77,54.29,65.05,2.76,3.21,1.97,2.24,52.36,20.98,16.67
Symphony,517385,SYMPHONY,Consumer Durables,6000.12,0,1575.7,1037,244.22,171.1,289,251,163,26,24,35.1,25,35.07,-43.6,-64.29
Syncom Formul.,524470,SYNCOMF,Pharmaceuticals & Biotechnology,1422.23,82.62,460.53,513.48,48.55,62.82,101.49,116.55,121.44,15.78,18.73,15.7,16.84,22.64,19.66,53.79
Synergy Green,541929,SGIL,Industrial Products,869.13,0,362.27,350.15,16.89,15.53,88.91,83.56,72,11.33,9.32,3.38,2.36,55.96,-19.02,-43.27
Syngene Intl.,539268,SYNGENE,Healthcare Services,25778.05,0,3642.4,3746.8,473.2,468.2,891,874.5,910.6,206.4,199.5,86.7,67.1,55.06,2.2,-36.76
Syrma SGS Tech.,543573,SYRMA,Industrial Manufacturing,14321.2,23.25,3786.69,3883.93,158.87,229.67,832.74,943.98,1145.89,86.62,115.24,49.74,64.06,62.36,37.6,76.77
Systango Tech,,SYSTANGO,IT - Software,519.79,0,67.14,83.85,21.12,32.33,28.78,38.36,45.49,14.44,19.2,14.03,18.3,16.08,58.06,88.66
Systematic Inds.,544541,,Industrial Products,433.78,7.14,446.51,535.51,18.46,20.54,164.68,281.83,253.68,20.54,17.93,11.26,9.28,21.12,54.04,36.47
Systematix Corp.,526506,SYSTMTXC,Capital Markets,2160.04,0,168.28,166.79,46.18,46.84,36.67,39.17,55.72,15.53,20.62,10.46,14.5,46.12,51.95,-34.51
T B Z,534369,TBZ,Consumer Durables,1122.75,0,2620.49,2769.03,68.47,93.4,567.05,624.01,687.83,53.15,64.17,22.5,31.53,12.02,21.3,163.41
T N Merc. Bank,543596,TMB,Banks,8462.31,0,5291.27,5472.33,1182.21,1214.54,1337.41,1386.24,1413.39,979.38,1040.61,304.89,317.51,6.97,5.68,4.73
T N Newsprint,531426,TNPL,"Paper, Forest & Jute Products",969.72,14.18,4490.91,4712.88,-2.86,-20.08,913.71,1142.1,1110.15,101.47,123.13,-7.41,8.1,,21.5,212.74
T N Petro Prod.,500777,TNPETRO,Chemicals & Petrochemicals,943.96,0,1826.78,1835.42,45.2,100.1,449.68,463.01,457.34,47.29,41.3,35.45,34.48,9.43,1.7,476.59
T R I L,532928,TARIL,Electrical Equipment,7110.93,0,2016.93,2225.2,211.8,247.63,461.54,529.33,460.03,88.19,51.52,67.35,33.91,28.72,-0.33,-25.06
T.V. Today Netw.,532515,TVTODAY,Entertainment,818.42,11.94,993.02,866.94,74.24,26.14,206.77,198.44,187.55,4.21,3.49,7.35,1.89,31.31,-9.3,-77.15
TAAL Enterprises,539956,,Transport Services,924.39,0,185.14,182.66,44.58,51.48,49.12,45.77,48.83,15.28,15.15,13.71,14.27,17.96,-0.59,-1.79
TAC Infosec,,TAC,IT - Software,1511.47,0,30.5,47.59,14.31,19.56,12.4,18.1,29.49,9.18,18.36,7.88,11.68,77.27,137.82,78.87
TajGVK Hotels,532390,TAJGVK,Leisure Services,2397.43,0,449.68,465.27,94.87,122.22,105.17,106.39,107.18,31.86,33.64,36.22,23.51,19.62,1.91,19.64
Take Solutions,532890,TAKE,Healthcare Services,494.11,0,0,0,37.52,3.99,0,0,0,-0.44,-0.3,-0.58,-0.63,123.84,,53.33
Talbros Auto.,505160,TALBROAUTO,Auto Components,1752.09,0,827.05,827.24,93.18,95.7,215.38,206.76,213.15,31.05,31.81,22.2,23.1,18.31,-1.04,-1.32
Talbros Engg.,538987,,Auto Components,308.83,0,446.09,492.68,20.04,22.78,102.62,122.12,130.7,12.84,14.51,5.58,6.54,13.56,27.36,36.53
Taneja Aerospace,522229,,Aerospace & Defense,794.34,0,40.62,39.56,18.08,17.92,10.12,8.52,9.69,5.58,5.78,3.54,3.86,44.33,-4.25,-5.62
Tanfac Inds.,506854,,Chemicals & Petrochemicals,3984.11,5.54,556.98,694.82,86.93,94.07,111.51,176,168.69,28.97,26.87,19.35,17.18,42.35,51.28,-11.03
Tankup Engi.,,TANKUP,Industrial Products,424.44,0,20.3,35.21,1.52,3.04,6.75,13.55,21.66,1.63,2.61,1,2.04,139.62,220.89,292.31
Tanla Platforms,532790,TANLA,IT - Software,7307.37,0,4027.72,4143.93,507.28,479.3,1000.72,1040.66,1078.48,163.92,177.48,118.41,125.05,15.25,7.77,-3.96
Tara Chand Infra,,TARACHAND,Commercial Services & Supplies,567.46,0,247.82,272.73,21.17,27.03,56.16,61.07,65.67,22.45,24.88,6.45,7.48,20.99,16.93,3.6
TARC Ltd,543249,TARC,Realty,4440.16,0,33.69,103.93,-231.22,-94.72,4.31,75.89,6.87,-120.31,-35.64,54.23,-15.76,,59.4,76.6
Tarsons Products,543399,TARSONS,Healthcare Equipment & Supplies,1176.61,0,392.41,402.06,29.53,20.56,99.25,91.36,102.33,24.7,27.45,1.78,3.32,57.23,3.1,-67.74
Tasty Bite Eat.,519091,TASTYBITE,Food Products,2062.05,0,554.41,566.4,25.66,31.03,156.7,121.11,132.87,15.68,8.74,8.19,3.62,66.45,-15.21,-64.09
Tata Capital,544574,TATACAP,Finance,138127.82,0,28323.85,28323.85,3658.33,3658.33,7184.78,7664.81,7737.18,5539.02,5601.82,989.89,1097.32,37.54,7.69,2.01
Tata Chemicals,500770,TATACHEM,Chemicals & Petrochemicals,19718.44,0,14887,14695,263.24,325.83,3999,3719,3877,649,537,252,98.21,60.52,-3.05,-49.38
Tata Comm,500483,TATACOMM,Telecom - Services,52412.79,0,23108.59,23848.02,1326.36,998.02,5727.85,5959.85,6099.75,1136.81,1173.62,244.11,193.87,52.52,6.49,-18.24
Tata Consumer,500800,TATACONSUM,Agricultural Food & other Products,115094.15,0,17618.3,18796.59,1263.28,1332.38,4214.45,4778.91,4965.9,606.94,671.78,334.15,404.46,86.38,17.83,4.48
Tata Elxsi,500408,TATAELXSI,IT - Software,32506.9,0,3729.05,3657.71,785.39,670.62,955.09,892.1,918.1,186.71,193.33,144.37,154.82,48.47,-3.87,-32.52
Tata Inv.Corpn.,501301,TATAINVEST,Finance,35861.8,0,304.48,319.58,312.09,351.79,142.48,145.46,153.98,134.42,143.62,146.3,148.16,101.94,8.07,19.78
Tata Motors,544569,TMCV,"Agricultural, Commercial & Construction Vehicles",132361.09,,0,0,-0.08,-0.08,15518,15682,16861,1987,2077,1419.68,933,489.43,8.65,40.83
Tata Motors PVeh,500570,TMPV,Automobiles,130207.24,0,439695,392137,28226.02,13507.54,83656,87677,72349,8162,-1404,2608.66,-3412.33,9.64,-13.52,-214.83
Tata Power Co.,500400,TATAPOWER,Power,122860.81,0,65478.24,66066.92,3739.39,4041.12,15697.67,18035.07,15544.91,3565.17,3301.95,1059.86,919.44,30.4,-0.97,-8.03
Tata Steel,500470,TATASTEEL,Ferrous Metals,208637.24,42.18,218542.51,221733.82,3565.78,7351.87,53904.71,53178.12,58689.29,7427.54,8896.54,2164.15,3394.27,28.38,8.88,310.38
Tata Technolog.,544028,TATATECH,IT - Services,27054.82,59.86,5168.45,5170.65,676.95,693.29,1296.45,1244.29,1323.33,200.14,207.82,170.28,165.5,39.02,2.07,5.14
Tata Tele. Mah.,532371,TTML,Telecom - Services,9616.07,0,1308.04,1211.42,-1281.52,-1263.53,343.5,284.25,286.13,146.55,139.8,-321.18,-320.82,,-16.7,2.9
Tatva Chintan,543321,TATVA,Chemicals & Petrochemicals,3251.81,61.53,382.71,434.14,5.74,17.74,83.49,116.86,123.52,17.32,22.22,6.65,9.92,183.3,47.95,1603.03
TBO Tek,544174,TBOTEK,Leisure Services,17657.23,0,1737.47,1947.11,214.17,222.36,450.69,511.28,567.51,74.07,88.06,56.66,67.55,79.41,25.92,12.41
TCC Concept,512038,,Commercial Services & Supplies,1578.33,0,83.22,103.63,42.1,47.27,16.83,22.11,26.93,17.92,21.16,9.42,10.45,33.39,60.01,12.73
TCI Express,540212,TCIEXP,Transport Services,2197.36,0,1208.27,1199.09,88.14,87.54,311.48,286.75,308.53,29.99,35.4,21.04,25.15,25.1,-0.95,-4.45
TCPL Packaging,523301,TCPLPACK,Industrial Products,2782.76,0,1696.38,1714.4,140.52,124.57,438.51,409.47,437.7,71.32,67.01,22.73,28.33,22.34,-0.18,-20.89
TCS,532540,TCS,IT - Software,1171717.95,0,255324,257688,48519.92,50289.69,64259,63437,65799,16875,17978,12760,12925.69,23.3,2.4,8.54
TD Power Systems,533553,TDPOWERSYS,Electrical Equipment,10869.25,0,1278.76,1522.91,174.63,208.21,306.44,371.9,452.47,68.83,82.62,50.07,60.19,52.2,47.65,45.84
Team Lease Serv.,539658,TEAMLEASE,Commercial Services & Supplies,2745.89,0,11155.87,11702.66,103.8,117.45,2796.83,2891.4,3032.07,30.65,38.3,26.54,27.52,23.38,8.41,11.96
Tech Mahindra,532755,TECHM,IT - Software,153959,0,52988.3,54015.7,3950.43,4485,13313.2,13351.2,13994.9,1935.2,2165.2,1140.6,1194.5,34.33,5.12,-4.45
TechD Cybersec.,,TECHD,IT - Services,523.39,0,29.8,35.1,8.4,9.44,12.88,16.92,18.18,4.45,8.9,3.07,6.37,55.44,41.15,48.83
Techera Enginee.,,TECHERA,Aerospace & Defense,353.47,0,49.5,56.23,3.18,5.72,17.57,31.93,24.3,8.15,4.76,4.33,1.39,61.79,38.3,213.01
Techno Elec.Engg,542141,TECHNOE,Construction,12773.72,0,2268.66,2821.27,378.12,445.57,441.42,525.97,843.43,92.39,111.27,110.95,103.98,28.67,91.07,10.37
Technocraf.Inds.,532804,TIIL,Industrial Products,5170.04,64.67,2595.58,2731.46,249.17,262.62,628.56,632.85,752,111.73,123.87,79.4,76.64,19.69,19.64,10.82
Technvision Ven.,501421,,IT - Software,4404.48,0,227.81,248.16,0.11,1.27,55.09,56.62,71.23,1.29,2.3,0.03,0.71,3468.09,29.3,127.52
Tega Inds.,543413,TEGA,Industrial Manufacturing,14329.89,79.27,1638.65,1706.82,200.18,236.44,353.3,356.09,405.35,55.6,69.2,35.34,44.94,60.61,14.73,522.44
Tejas Cargo,,TEJASCARGO,Transport Services,604.49,0,501.13,550.08,19.12,22.94,252.57,248.59,301.49,53.66,43.32,10.39,12.55,26.35,19.37,43.59
Tejas Networks,540595,TEJASNET,Telecom -  Equipment & Accessories,8770.38,0,8923.21,5012.98,446.77,-407.13,2811.26,201.98,261.82,-135.67,-293.7,-193.87,-307.13,,-90.69,-211.61
Tembo Global,,TEMBO,Industrial Products,1089.35,,743.25,932.02,50.97,70.07,163.85,248.12,245.41,28.17,33.17,19.02,20.08,15.55,49.78,37.72
Tenneco Clean,544612,TENNIND,Auto Components,19786.7,5.97,4890.43,4890.43,552.08,552.08,1168.65,1285.62,1280.64,228.88,216.79,167.82,150.5,34.97,9.58,10
Tera Software,533982,TERASOFT,IT - Services,612.21,0,107.64,161.62,9.45,16.34,25.34,32.74,71.43,7.51,9.66,4.65,6.56,37.47,181.89,325.97
Texmaco Infrast.,505400,TEXINFRA,Commercial Services & Supplies,1337.98,0,15.87,16.58,-7.21,-0.88,4.78,4.05,5.22,-0.45,-0.27,3.37,5.95,,9.21,126.24
Texmaco Rail,533326,TEXRAIL,Industrial Manufacturing,4990.99,0,5106.57,4841.2,242.31,211.11,1345.88,910.6,1258.1,70.92,124.41,29.99,64.63,23.64,-6.52,-11.3
TGV Sraac,507753,,Chemicals & Petrochemicals,1229.93,5.77,1749.04,1932.79,91.06,121.49,428.06,490.94,499.94,94.54,92.96,38.79,37.09,10.12,16.79,12.46
Thangamayil Jew.,533158,THANGAMAYL,Consumer Durables,10023.61,0,4910.58,5781.95,118.71,183.81,1181.05,1557.86,1710.9,86.97,105.65,45.71,58.51,54.53,44.86,435.3
The Anup Enginee,542460,ANUP,Industrial Manufacturing,4376.17,62.34,732.79,800.95,115.62,120.06,193.14,175.23,232.28,40.35,51.47,26.26,32.05,36.45,20.27,-1.48
The Hi-Tech Gear,522073,HITECHGEAR,Auto Components,1271.05,48.35,926.96,876.23,39.9,28.6,246.39,215.55,240.74,26.15,27.8,6,6.01,44.44,-2.29,-37
The Invest.Trust,530023,THEINVEST,Finance,614.29,0,361.53,320.14,42.53,21.82,111.19,70.1,79.06,17.63,16.55,9.15,2.91,28.15,-28.9,-85.72
The Ramco Cement,500260,RAMCOCEM,Cement & Cement Products,24078.87,0.4,8518.4,8693.48,104.4,189.56,2044.13,2074.02,2238.74,397.53,388.01,85.03,77.34,127.03,9.52,200.93
Thejo Engg.,,THEJO,Industrial Manufacturing,1814.94,0,551.82,577.44,49.99,52.9,133.44,135.56,153.11,16.35,21.07,9.42,15.1,34.31,14.74,26.78
Themis Medicare,530199,THEMISMED,Pharmaceuticals & Biotechnology,975.07,0,405.51,341.08,29.83,-26.98,117.01,97.58,77.99,-10.22,-3.1,-14.22,-3.62,,-33.35,-125.33
Thermax,500411,THERMAX,Electrical Equipment,33912.44,0,10388.69,10224.12,636.21,593.67,2615.69,2157.53,2473.9,224.92,171.9,152.38,119.66,57.12,-5.42,-39.27
Thirumalai Chem.,500412,TIRUMALCHM,Chemicals & Petrochemicals,2677.93,4.75,2049.51,1865.13,-47.59,-149.42,525.14,450.05,445.37,-26.74,-3.65,-59.96,-33.38,,-15.19,-782.62
Thomas Cook (I),500413,THOMASCOOK,Leisure Services,6662.55,0,8139.57,8511.67,257.45,241.78,2003.76,2407.96,2073.84,126.52,108.2,72.05,50.97,27.56,3.5,-21.45
Thomas Scott,533941,THOMASCOTT,Textiles & Apparels,496.62,0,144.18,203.84,12.83,15.35,40.67,53.89,56.93,6.11,8.47,3.47,4.72,32.35,39.98,66.78
Thyrocare Tech.,539871,THYROCARE,Healthcare Services,6527.95,0,687.35,762.64,86.69,127.73,177.36,193.03,216.53,57.77,71.35,38.93,47.99,51.11,22.09,79.94
Tierra Agrotech,543531,,Agricultural Food & other Products,329.93,0,65.64,71.72,-11.58,-9.32,6.04,51.91,10.16,7.72,-4.05,5.4,-3.44,,68.21,34.97
Tiger Logistics,536264,TIGERLOGS,Transport Services,403.75,0,536.31,546.22,27.01,28.19,160.17,102.52,168.73,5.89,11.14,4.71,8.62,14.32,5.34,14.32
TIL,505196,TIL,"Agricultural, Commercial & Construction Vehicles",1839.57,0,315.28,321.84,0.52,-7.89,67.64,62.91,78.27,-6.75,0.08,-6.22,-7.73,,15.72,-261.21
Tilaknagar Inds.,507205,TI,Beverages,11164.7,0,1434.15,1553.6,227.5,272.47,374.86,409.14,398.22,94.46,60.21,88.51,52.68,40.98,6.23,-9.53
Time Technoplast,532856,TIMETECHNO,Industrial Products,8986.65,0,5457.04,5720.24,387.2,420.82,1370.52,1352.65,1511.11,194.87,222.75,95.1,115.44,21.36,10.26,17.36
Timex Group,500414,,Consumer Durables,3526.69,2.85,538.1,667.96,31.47,56.08,174.08,168.94,243.67,21.64,42.54,14.67,30.23,62.89,39.98,69.74
Timken India,522113,TIMKEN,Industrial Products,23277.47,18.37,3147.81,3193.03,445.92,454.83,752.89,808.82,772.99,142.34,138.41,104.22,89.47,51.18,2.67,-0.53
Tinna Rubber,530475,TINNARUBR,Industrial Products,1450.68,5.6,505.35,501.5,47.72,44.27,117.63,130.27,119.52,20.79,21.44,11.74,11.77,32.77,1.61,-2.97
Tips Music,532375,TIPSMUSIC,Entertainment,6748,68.66,310.69,333.45,161.21,173.87,80.61,88.07,89.22,56.52,67.83,45.84,53.19,38.81,10.68,10.44
Tirupati Forge,,TIRUPATIFL,Industrial Products,401.93,55.54,114.98,125.61,7.84,5.36,32.28,32.3,39.67,3.68,3.23,1.41,1.34,74.99,22.89,-49.24
Titagarh Rail,532966,TITAGARH,Industrial Manufacturing,10623.74,0,3867.75,3386.08,276.22,196.94,1056.95,679.3,799.03,64.07,73.54,31.41,36.93,53.94,-24.4,-54.39
Titan Biotech,524717,,Chemicals & Petrochemicals,777.9,0,156.45,174.3,21.53,23.06,39.89,46.5,54.35,8.74,9.33,6.86,7.76,33.73,36.25,15.82
Titan Company,500114,TITAN,Consumer Durables,338557.31,0,60456,67904,3336.26,4129,14534,16523,18725,1830,1875,1091,1120,81.99,28.84,59.09
Tolins Tyres,544254,TOLINS,Auto Components,544.25,20.15,292.45,295.11,38.68,36.42,76.88,89.74,66.1,13.44,8.94,9.3,6.95,14.94,-14.02,-27.6
Torrent Pharma.,500420,TORNTPHARM,Pharmaceuticals & Biotechnology,127925.78,41.06,11516.09,12248,1915.63,2166.53,2889,3178,3302,1032,1083,548,600.17,59.05,14.3,32.49
Torrent Power,532779,TORNTPOWER,Power,64986.01,0,29165.26,28738.09,2824.21,2990.38,7175.81,7906.37,7876,1483.06,1505.84,731.44,723.71,21.73,9.76,50.45
Tour. Fin. Corp.,526650,TFCILTD,Finance,3001.02,0,252.5,255.42,98.17,112.46,64.58,63.71,66.45,57.74,60.1,30.56,29.07,26.69,2.9,13.64
TPL Plastech,526582,TPLPLASTEH,Industrial Products,525.04,0,349.33,380.49,23.6,26.08,88.95,90.4,106.87,10.01,11.87,5.47,6.85,20.13,20.15,27.8
Tracxn Technolo.,543638,TRACXN,Commercial Services & Supplies,437.7,0,84.47,84.98,-7.26,-10.6,21.39,21.2,21.25,-0.2,-0.57,1.12,-5.56,,-0.65,-19.31
TransIndia Real,543955,TREL,Transport Services,624.55,0,82.63,84.52,19.22,33.58,20.02,20.96,20.14,13.92,8.79,10.22,8.57,18.6,0.6,29.85
Transpek Inds.,506687,,Chemicals & Petrochemicals,718.81,0,649.85,649.8,55.01,58.12,162.7,154.23,160.27,24.05,26.68,15.58,12.64,12.37,-1.49,32.36
Transport Corp.,532349,TCI,Transport Services,8001.72,0,4491.78,4670.1,411.51,434.2,1120.8,1139.3,1204.9,121,126.7,106.5,112.6,18.43,7.5,5.83
Transrail Light,544317,TRANSRAILL,Electrical Equipment,7644.47,56.89,5307.75,6524.38,325.49,416.61,1088.4,1659.84,1560.96,198.85,183.86,105.82,90.98,18.35,43.42,65.09
Transteel Seatin,,TRANSTEEL,Consumer Durables,314.52,0,88.13,132.42,12.67,18.09,34.36,54.29,78.13,13.26,15.13,8.03,10.06,17.39,127.39,116.81
Transworld Shipp,520151,TRANSWORLD,Transport Services,388.88,0,446.27,420.63,44.76,3.32,124.72,94.89,98.09,18.38,15.66,-7.81,-12.84,117.13,-21.35,-160.34
Travel Food,544443,TRAVELFOOD,Leisure Services,17275.33,0,1687.74,1687.74,362.47,362.47,500.43,375.05,355.89,145.81,135.2,91.77,95.77,49.2,-28.88,-10.62
Trejhara Solutio,542233,TREJHARA,IT - Software,380.56,100,115.75,82.55,4.24,5.51,25.78,32.64,33.93,2.11,2.19,0.67,3.57,69.07,31.61,176.74
Trent,500251,TRENT,Retailing,148732.18,0,17134.61,18574.66,1448.37,1621.95,4156.67,4883.48,4817.68,847.86,815.98,429.69,376.86,91.7,15.9,11.25
TRF,505854,TRF,Industrial Manufacturing,321.16,0,120.73,96.18,19.82,22.75,32.7,23.42,22.34,3.2,5.07,3.51,4.45,14.12,-31.68,-26.08
Trident,521064,TRIDENT,Textiles & Apparels,14176.97,0,6987.08,7025.49,367.92,443.85,1712.94,1706.89,1787.17,291.86,214.23,139.96,90.93,31.94,4.33,9.3
Trident Lifeline,543616,,Pharmaceuticals & Biotechnology,352.98,71.05,86.92,102.98,11.75,15.27,29.25,49.62,53.36,9.45,12.02,7.26,8.01,23.12,82.43,48.61
Trident Techlabs,,TECHLABS,IT - Software,566.91,0,76.57,119,11.49,19.42,21.07,55.5,63.5,12.61,16.84,8.04,11.38,29.19,201.38,228.9
Trident Texofab,540726,,Textiles & Apparels,498.01,0,122.06,128.61,0.83,2.95,26.45,28.08,30.63,2.07,2.48,1.02,1.13,168.82,15.8,13
Triton Valves,505978,,Auto Components,345.75,3.69,488.37,530.38,5.12,5.04,118.45,134.73,131.61,8.47,8.9,1.54,1.94,68.6,11.11,-1.02
Triven.Engg.Ind.,532356,TRIVENI,Agricultural Food & other Products,7675.62,0,5689.24,6201.98,244.45,261.43,1490.95,1598.22,1706.15,53.4,66.1,4.41,25.9,29.36,14.43,234.9
Triveni Turbine,533655,TRITURBINE,Electrical Equipment,17319.82,0,2005.84,1918.9,332.81,342,501.1,371.3,506.2,73.5,114.6,64.5,91.2,50.64,1.02,0.33
TruAlt Bioenergy,544545,TRUALT,Agricultural Food & other Products,3600.37,0,1907.72,1907.72,146.64,146.64,388.22,303.89,114.86,41.54,-4.55,4.73,-37.94,28.27,-70.41,-103.32
True Colors,544531,,Industrial Manufacturing,606.5,0.4,233.62,291.88,24.69,36.39,92.59,140.77,151.11,33.05,22.62,21.67,14.72,16.67,63.2,475
Tsf Investments,,TSFINV,Finance,10536.61,0,154.63,510.78,412.1,471.72,29.86,178.79,250.06,46.81,50.48,158.38,100.5,22.34,737.44,13.05
TTK Healthcare,507747,TTKHLTCARE,Diversified,1528.72,0,801.49,825.1,71.2,70.62,198.49,226.43,203.57,2.67,5.34,13,20.39,21.65,2.56,18.55
TTK Prestige,517506,TTKPRESTIG,Consumer Durables,8786.78,0,2714.78,2819.79,147.06,161.48,750.06,609.3,833.7,40.36,96.5,26.63,64.24,54.42,11.15,21.51
Tube Investments,540762,TIINDIA,Auto Components,51657.46,12.81,19464.65,20793.88,678.96,626.78,4924.55,5309.06,5522.64,546.1,544.21,198.87,186.66,82.42,12.15,-9.73
Tuticorin Alkali,506808,,Chemicals & Petrochemicals,620.75,0,309.49,318.9,44.31,31.57,74.42,76.15,79.99,18.66,16.2,9.88,9.56,19.66,7.48,-31.07
TVS Elec.,532513,TVSELECT,IT - Hardware,884.2,0,430.49,438.8,-5.38,-3.22,104.61,96.74,127.5,1.26,4.77,-3.55,1.55,,21.88,217.42
TVS Holdings,520056,TVSHLTD,Finance,29696.27,0,44993.16,50450.82,1136.58,1440.16,11554.44,12742.19,14549.15,2001.62,2260.98,335.55,442.87,20.62,25.92,59.15
TVS Infra. Trust,,TVSINVIT,Commercial Services & Supplies,2169.2,,187.46,187.46,16.29,16.29,,,56.7,,43.57,,12.23,133.16,,
TVS Motor Co.,532343,TVSMOTOR,Automobiles,174105.01,20.36,44089.01,48838.15,2169.93,2605.48,11301.68,12210.05,14051.22,1802.92,2110.1,610.04,795.48,66.82,24.33,41.93
TVS Srichakra,509243,TVSSRICHAK,Auto Components,3515.53,0,3253.83,3367.01,27.01,24.37,841.74,819.41,926.49,48.27,65.83,1.57,12.65,144.24,10.07,22.7
TVS Supply,543965,TVSSCS,Transport Services,4621.42,0,9995.72,10198.39,-13.06,118.68,2512.88,2592.31,2662.63,177.17,181.57,132.45,15.64,38.94,5.96,67.63
Twamev Constr.,532738,TICL,Construction,398.35,0,84.86,88.91,100.22,100.97,12.34,11.74,12.37,0.75,3.48,1.1,3.22,3.95,0.24,1050
U P Hotels,509960,,Leisure Services,831.6,0,152.91,158.62,29.44,30.54,27.25,28.86,25.35,5.1,-1.98,3.26,-1.99,27.23,-6.97,-268.64
UCO Bank,532505,UCOBANK,Banks,36929.09,0,25066.91,25937.73,2444.73,2518.46,6078.36,6436.01,6537.17,3981.78,4145.29,607.44,619.76,14.66,7.55,2.82
Uday Jewellery,539518,,Consumer Durables,339.81,10.42,287.2,431.97,10.87,19.2,62.27,112.9,135.63,10.89,7.71,7.76,5.87,17.7,117.81,118.22
Uflex,500148,UFLEX,Industrial Products,3472.34,0,15036.09,15281.55,240.5,317.2,3833.38,3900.56,3832.03,453.55,386.36,58.02,26.91,10.95,-0.04,583.99
Ugar Sugar Works,530363,UGARSUGAR,Agricultural Food & other Products,462.95,0,1329.83,1547.39,-17.81,9.71,240.37,356.34,417.39,5.31,-9.06,-13.73,-32.17,47.68,73.64,46.41
Ugro Capital,511742,UGROCAP,Finance,2533.62,0,1395.9,1643.7,143.93,155.5,330.16,414,455.4,258.49,288.01,34.13,43.31,16.29,37.93,21.93
Ujaas Energy,533644,UEL,Power,4882.04,0,26.94,23.45,8.45,6.82,4.7,2.65,4.86,-3.24,0.53,2.49,0.1,715.84,3.4,-87.5
Ujjivan Small,542904,UJJIVANSFB,Banks,10347.56,0,6354.39,6465.58,726.47,416.95,1612.79,1618.84,1682.31,649.44,664.56,103.22,121.72,24.82,4.31,-47.77
Ultramarine Pig.,506685,,Chemicals & Petrochemicals,1233.85,0,694.71,753.73,74.86,79.42,160.89,184.38,196.07,31.79,31.65,20.19,19.36,15.54,21.87,3.92
UltraTech Cem.,532538,ULTRACEMCO,Cement & Cement Products,341863.13,4.33,75955.13,81724.53,6084.9,7334.75,16294.42,21275.45,19606.93,4406.03,3088.66,2254.24,1231.58,46.61,20.33,75.23
Uni Abex Alloy,504605,,Industrial Products,677.08,70.12,193.09,197.47,33.46,34.69,46.6,39.18,55.78,6.82,14.72,5.56,11.2,19.52,19.7,33.49
Unichem Labs.,506690,UNICHEMLAB,Pharmaceuticals & Biotechnology,3113.06,95.87,2110.97,2225.83,136.68,145.65,507.36,526.6,578.96,22.49,66.18,-10.47,45.3,21.37,14.11,83.92
Unicommerce,544227,UNIECOM,IT - Software,1329.81,4.38,134.79,174.32,17.21,19.36,29.31,44.93,51.38,8.4,9.14,3.88,5.78,68.69,75.3,29.31
Unified Data,544406,,IT - Services,723.84,0,220.26,263.44,29.5,29.37,105.85,114.41,149.03,14.51,18.81,12.1,17.27,24.65,40.79,-21.39
Unifinz Capital,541358,,Finance,495.8,0,121.98,294.67,20.06,54.38,23.74,82.99,129.07,26.03,41.8,16.81,24.05,9.12,443.68,391.82
Unihealth Hosp,,UNIHEALTH,Healthcare Services,450.27,0,55.59,122.47,15.14,24.12,43.27,55.8,66.67,21.42,31.71,9.01,15.11,18.67,54.08,195.12
Unimech Aero.,544322,UNIMECH,Aerospace & Defense,5027.7,94.75,242.93,247.24,77.41,79.56,61.45,62.99,61.98,19.8,18.54,19.12,15.67,63.19,0.86,-13.19
Union Bank (I),532477,UNIONBANK,Banks,117084.62,0,108417.27,109143.51,18025.26,18488.14,26886.58,27474.93,26664.81,18630.77,17609.1,4427.94,4425.95,6.33,-0.82,-6.84
Uniparts India,543689,UNIPARTS,Auto Components,2154.68,0,963.7,1011.59,87.66,115.82,241.41,273.65,276.83,52.29,58.05,34.46,39.39,18.6,14.67,86.24
Uniphos Enter.,500429,UNIENTER,Chemicals & Petrochemicals,968.63,0,111.51,83.86,0.28,18.98,30.48,5.86,0,-0.84,-1.1,-0.74,23.16,51.03,-100,500
Unitech,507878,UNITECH,Realty,1627.24,0,321.69,415.58,-2593.21,-2050.74,72.84,105,136.05,-9.66,3.07,-591.77,-571.87,,86.78,9.3
United Breweries,532478,UBL,Beverages,44532.3,0,8915.09,9240.39,459.84,380.09,2116.72,2864.32,2052.83,310.91,129.68,183.87,46.52,117.16,-3.02,-64.8
United Drilling,522014,UNIDT,Industrial Manufacturing,393.34,0,172.16,153.16,14.9,15.15,51.88,31.67,55.6,5.53,8.57,2.91,5.72,25.96,7.17,39.51
United Foodbrands,543283,UFBL,Leisure Services,704.77,0,1233.05,1223.4,-27.79,-54.33,305.7,296.98,304.76,46.02,37.74,-16.41,-22.22,,-0.31,-207.76
United Polyfab,,UNITEDPOLY,Textiles & Apparels,886.16,0,602.22,637.21,17.69,22.48,158.69,146.18,185.22,13.36,12.67,5.93,7.6,39.42,16.72,52.92
United Spirits,532432,UNITDSPR,Beverages,105869.49,1.5,12069,12658,1502.53,1714.4,2844,3021,3173,638,659,427.05,486.12,61.75,11.57,42.56
Universal Cables,504212,UNIVCABLES,Industrial Products,3147.73,0,2407.17,2696.05,89.68,146.11,638.12,600.19,814.29,57.81,73.73,32.91,47.68,21.54,27.61,160.83
Uno Minda,532539,UNOMINDA,Auto Components,73419.41,10.09,16774.61,18015.43,934.4,1093.46,4244.79,4489.09,4814.03,543.12,551.76,290.7,303.99,67.14,13.41,27.14
Updater Services,543996,UDS,Commercial Services & Supplies,1140.84,6.12,2736.06,2833.49,118.43,113.8,679.99,700.24,729.34,39.3,31.57,28.59,19.89,10.02,7.26,-29.27
UPL,512070,UPL,Fertilizers & Agrochemicals,64024.65,0,46637,47715,889.05,2372.46,11090,9216,12019,1396,1947,-88.36,484.1,26.99,8.38,209.91
Urban Company,544515,URBANCO,Retailing,18802.31,0,1144.47,1114.57,239.53,-45.45,558.1,367.27,747.3,-13.4,-92.02,6.94,-52.39,,33.9,-586.9
Urja Global,526987,URJA,Electrical Equipment,621.09,0,67.25,71.89,1.27,1.53,19.49,19.01,15.5,0.63,0.67,0.5,0.42,405.94,-20.47,31.25
Usha Martin,517146,USHAMART,Industrial Products,13181.46,54.49,3474.16,3551.37,406.09,421.99,891.17,887.19,907.56,144.61,173,100.93,127.5,31.24,1.84,16.2
UTI AMC,543238,UTIAMC,Capital Markets,14403.52,0,1851.09,1758.93,731.69,588.01,538.4,546.89,418.55,339.95,177.25,236.85,113.01,24.5,-22.26,-52.75
Utkarsh Small F.,543942,UTKARSHBNK,Banks,2808.03,0,3764.93,3532.93,23.6,-753.02,986.95,880.91,839.97,22.47,-72.82,-239.48,-348.46,,-14.89,-778.07
Utssav CZ Gold,,UTSSAV,Consumer Durables,545.19,1.86,646.32,837.2,25.52,44.61,284.53,361.79,475.41,23.61,43.98,15.19,29.42,12.22,67.09,198.07
Uttam Sug.Mills,532729,UTTAMSUGAR,Agricultural Food & other Products,876.88,0,1846.01,2201.75,88.28,112.6,400.75,628.77,581.54,50.44,22.93,14.56,0.99,7.79,45.11,106.81
UVS Hospitality,531652,,Finance,451.58,0,101.37,117.64,16.83,16.5,28.63,24.02,33.56,2.62,7.95,1.17,6.37,27.37,17.22,-0.31
V I P Inds.,507880,VIPIND,Consumer Durables,4909.96,0,2178.43,1963.05,-78.31,-205.83,544.26,561.43,406.34,24.65,-106.39,-14.89,-147.42,,-25.34,-302.46
V-Guard Industri,532953,VGUARD,Consumer Durables,14960.27,0.24,5577.82,5613.73,309.96,290.49,1293.99,1466.08,1340.92,123.59,109.26,73.85,65.29,51.5,3.63,3
V-Marc India,,VMARCIND,Industrial Products,1565.73,0,896.05,1251.2,36.02,61.17,345.21,559.66,691.54,62.78,78.29,24.73,36.44,25.6,100.32,220.49
V-Mart Retail,534976,VMART,Retailing,6050.49,0,3253.86,3498.9,23.98,100.75,660.97,885.22,806.87,126.17,71.51,33.6,-8.87,60.05,22.07,84.3
V2 Retail,532867,V2RETAIL,Retailing,8209.56,0,1884.5,2430.31,72.29,99.52,380.01,632.22,708.64,87.24,85.44,24.66,17.23,82.49,86.48,992.75
Va Tech Wabag,533269,WABAG,Other Utilities,8515.92,0,3294,3535.7,289.01,320.3,700.3,734,834.5,95.6,89.3,65.8,84.8,26.59,19.16,20.11
Vadilal Enterp.,519152,,Food Products,868.6,0,1119.12,1141.15,4.13,3.72,245.99,516.7,264.39,32.32,20.03,20.1,10.69,233.49,7.48,179.11
Vadilal Inds.,519156,VADILALIND,Food Products,3831.21,33.9,1238.08,1325.53,148.5,134.33,295.51,505.91,341.3,99.76,51.27,66.98,33.42,28.52,15.5,-14.26
Vaibhav Global,532156,VAIBHAVGBL,Consumer Durables,3913.1,0,3379.58,3518.2,152.76,183.08,796.43,813.74,877.32,61.54,77.58,37.63,47.55,21.37,10.16,71.04
Vakrangee,511431,VAKRANGEE,IT - Services,864.37,0,255.01,268.98,6.66,9.69,65.25,68.84,69.08,7.82,7.27,3.19,2.77,89.24,5.87,300.81
Valiant Commun.,526775,,Telecom -  Equipment & Accessories,753.18,20.39,50.85,62.97,9.15,13.68,12.72,18.32,20.17,6.3,6.93,4.72,5.27,55.06,58.57,88.21
Valiant Laborato,543998,VALIANTLAB,Pharmaceuticals & Biotechnology,385.94,0,133.38,186.04,-3.36,5.07,21.48,46.82,46.2,2.39,0.08,1.82,0.2,76.12,115.08,104.22
Valiant Organics,540145,VALIANTORG,Chemicals & Petrochemicals,751.07,0,718.76,752.29,-2.99,21.79,160.18,204.41,157.21,24.83,21.15,7.58,5.6,34.47,-1.85,150.18
Valor Estate,533160,DBREALTY,Leisure Services,6501.61,0,1133.08,1843.77,-125.59,-2.95,3.48,840.33,136.85,-29.94,42.32,4.51,10.05,,3832.47,110.02
Vardhman Acrylic,,VARDHACRLC,Textiles & Apparels,300.72,0,281.57,312.68,11.7,10.18,70.62,69.39,89.4,-0.63,0.17,1.75,2.5,29.54,26.59,60.26
Vardhman Hold.,500439,VHL,Finance,1167.56,0,22.78,14.93,258,244.19,7.4,3.41,2.75,3.09,2.39,62.58,46.12,4.78,-62.84,-6.6
Vardhman Special,534392,VSSL,Industrial Products,2704.7,3.33,1764.41,1720.78,92.06,95.65,494.82,433.7,432.27,31.82,45.26,19.9,34.56,28.28,-12.64,33.85
Vardhman Textile,502986,VTL,Textiles & Apparels,12516.74,0,9784.88,9839.63,849.68,842.12,2502.42,2385.66,2480.1,325.7,334.44,207.17,187.03,14.86,-0.89,-4.99
Varroc Engineer,541578,VARROC,Auto Components,9750.82,10.77,8154.08,8409.35,112.84,193.79,2080.77,2027.55,2207.34,194.58,202.98,60.39,60.95,50.32,6.08,9.46
Varun Beverages,540180,VBL,Beverages,162386.22,0,20007.65,21169.75,2648.01,2969.85,4804.68,7017.37,4896.65,1997.59,1145.69,1317.02,741.19,54.68,1.91,19.62
Varvee Global,514274,VGL,Textiles & Apparels,376.73,0,42.45,40.72,-92.09,19.88,15.48,-0.55,27.83,-1.11,13.85,25.48,10.21,18.95,79.78,23.46
Vasa Denticity,,DENTALKART,Healthcare Equipment & Supplies,1031.54,0,249.15,268.37,17.09,16.17,59.39,60.02,72.72,3.16,6.07,2.87,4.99,63.79,22.44,-7.08
Vascon Engineers,533156,VASCONEQ,Realty,1073.07,0,1077.41,1128.68,68.29,81.95,199.8,221.18,225.63,12.76,15.67,22.47,11.43,13.09,12.93,43.59
Vashu Bhagnani,532011,,Entertainment,419.78,0,15.99,8.82,6.23,2.72,1.03,1.46,1.77,0.94,1.5,0.95,1.44,154.33,71.84,620
Vedant Fashions,543463,MANYAVAR,Retailing,14507.72,5.23,1386.48,1423.06,377.05,385.43,267.95,281.19,263.15,120.59,110.79,70.26,56.08,37.64,-1.79,-16.17
Vedanta,500295,VEDL,Diversified Metals,205138.58,0,152968,157262,13839.8,12764.26,37634,37824,39868,9918,11396,3185,2549.26,16.07,5.94,-22.44
Veedol Corporat,590005,VEEDOL,Petroleum Products,2815.83,23.6,1970.49,2037.54,171.98,193.91,476.22,513.62,509.23,58.77,53.07,49.67,40.94,14.52,6.93,18.32
Veefin Solutions,543931,,IT - Services,850.96,0,78.6,169.55,13.16,17.03,19.09,59.51,110.04,18.61,20.14,9.86,7.17,49.97,476.43,103.69
Veljan Denison,505232,,Auto Components,536.13,0,141.58,148.21,22.5,25.65,33.96,38.53,35.72,10.34,9.76,7.11,6.64,20.9,5.18,19.42
Venky's (India),523261,VENKEYS,Food Products,1873.17,0,3306.99,3391.47,116.76,22.98,774.2,865.83,800.87,23.58,-31.14,15.83,-26.53,81.51,3.44,-441.88
Ventive Hospital,544321,VENTIVE,Leisure Services,17030.27,0,1604.71,2228.71,122.02,231.49,257.89,507.45,489.33,207.77,189.63,26.93,52.57,73.57,89.74,193.44
Venus Pipes,543528,VENUSPIPES,Industrial Products,2589.62,0,958.53,1057.39,92.71,92.53,228.95,276.41,291.54,44.8,47.51,24.76,26.09,27.99,27.34,10.27
Venus Remedies,526953,VENUSREM,Pharmaceuticals & Biotechnology,1010.79,0,640.05,701.76,37.56,63.36,170.1,137.18,192.75,15.38,30.96,9.6,20.13,15.95,13.32,473.5
Veranda Learning,543514,VERANDA,Other Consumer Services,1968.59,0,470.87,445.67,-246.88,-178.1,105.86,105.67,126.74,31.53,46.19,-3.81,14.7,,19.72,154.52
Veritas (India),512229,,Commercial Services & Supplies,526.28,0,4099.05,4021.08,113.56,53.58,915.51,586.66,1006.4,35.86,15.63,24.15,0.6,9.82,9.93,-98.36
Vertis Infra.,,VERTIS,Transport Infrastructure,16458.82,0,2174.37,3045.59,437.73,600.5,511.93,841.54,1001.66,655.01,752.01,107.01,243.81,27.41,95.66,77.33
Vertoz,,VERTOZ,Media,616.3,0,254.42,274.13,24.39,27.39,63.65,70.49,72.26,9.99,10.43,6.38,6.79,22.5,13.53,3.35
Vesuvius India,520113,VESUVIUS,Industrial Products,9747.2,0,1868.57,2062.2,253.28,243.78,444.16,524.3,547.04,91.32,92.39,63,61.54,39.98,23.16,-10.11
Viceroy Hotels,523796,VHLTD,Leisure Services,840.76,0,132.49,129.25,75.75,16.39,32.31,25.37,30.8,3.75,7.76,-3.02,4.38,51.3,-4.67,-92.66
Vidhi Specialty,531717,VIDHIING,Chemicals & Petrochemicals,1677.12,0,382.3,370.94,43.57,48.15,91.29,87.9,74.99,20.54,17.69,12.72,10.7,34.83,-17.86,2.98
Vidya Wires,,,,1106,0,1479.12,1479.12,41.05,41.05,,,,,,,,26.94,,
Vijaya Diagnost.,543350,VIJAYA,Healthcare Services,10463.8,0,681.39,731.83,138,152.42,182.95,188.05,201.56,73.54,81.83,38.59,43.28,68.65,10.17,2.75
Vikas Lifecare,542655,VIKASLIFE,Commercial Services & Supplies,341.81,0,480.02,480.31,-3.97,-11.28,92.09,135.2,92.38,-22.75,-4.21,-2.9,-3.96,,0.31,-40.43
Vikram Solar,544488,VIKRAMSOLR,Electrical Equipment,8983.91,1,3423.45,3423.45,139.83,139.83,572.95,1133.58,1109.91,242.19,235.02,133.36,128.49,34.43,93.72,1645.79
Vikram Thermo,530477,,Chemicals & Petrochemicals,518.18,0,126.23,124.67,7.67,33.16,33.66,28.6,34.64,11.31,15.49,7.94,11.08,15.63,2.91,1.74
Vikran Engg.,544496,VIKRAN,Construction,2474.14,0,915.85,915.85,77.77,77.77,159.24,159.16,176.29,22.65,25.44,5.65,9.14,29.17,10.71,339.42
Vilas Transcore,,VILAS,Industrial Products,984.59,0,353.05,419.38,33.87,44.96,162.43,190.62,228.76,26.84,31.12,20.58,24.38,21.9,40.84,74.39
Vimta Labs,524394,VIMTALABS,Healthcare Services,2681.72,39.64,343.98,383.77,67.32,74.65,84.74,97.56,101.85,33.69,34.22,18.89,19.92,35.92,20.19,17.04
Vinati Organics,524200,VINATIORGA,Chemicals & Petrochemicals,16441.33,0,2248.1,2258.65,415.23,464.92,553.27,542.26,546.27,165.82,178.61,112.78,129.02,35.36,-1.27,21.59
Vindhya Telelink,517015,VINDHYATEL,Telecom - Services,1740.43,0,4054.4,4135.69,202.71,266.77,952.67,907.52,959.83,60.63,72.24,58.62,59.12,6.52,0.75,142.69
Vinsys IT Serv.,,VINSYS,Other Consumer Services,610.61,0,211.62,239.58,30.03,27.93,92.12,119.57,120.01,24.67,12.77,19.09,8.84,21.86,30.28,-19.2
Vintage Coffee,538920,VINCOFE,Commercial Services & Supplies,2445.76,67.48,308.52,430.51,40,60.16,71.56,101.61,135.61,18.04,22.34,14.23,17.83,40.65,89.51,137.42
Vinyas Innovativ,,VINYAS,Industrial Manufacturing,1483.68,0,396.64,459.07,19.42,21.75,149.5,247.14,211.93,24.07,21.42,12.41,9.34,68.22,41.76,33.05
Vinyl Chemicals,524129,VINYLINDIA,Chemicals & Petrochemicals,438.29,0,625.25,622.4,18.95,19.61,150.34,151.23,151.89,1.97,2.67,4.45,2.88,22.35,1.03,-43.86
VIP Clothing,532613,VIPCLOTHNG,Textiles & Apparels,318.31,3.55,236.89,259.06,5.46,8.88,59.23,65.45,66.07,6.24,6.14,2.22,2.24,35.85,11.55,176.54
Vipul Organics,530627,,Chemicals & Petrochemicals,407.43,0,162.8,162.53,4.14,5.32,39.24,37.6,39.43,3.78,4.32,1.27,1.81,76.59,0.48,70.75
Virat Industries,530521,,Textiles & Apparels,790.07,89.35,31.63,29.89,0.9,3,11.59,8.61,7.24,0.3,0.74,0.88,1.82,263.36,-37.53,366.67
Virtual Galaxy,,VGINFOTECH,IT - Software,406.23,0,120.14,134.66,32.12,35,71.61,48.53,86.13,24.48,38.42,12.98,22.02,11.61,20.28,15.11
Virtuoso Optoel.,543597,,Consumer Durables,1313.07,0,697.32,689.09,14.09,8.05,305.26,388.07,301.02,30.98,30.17,5.51,2.54,163.11,-1.39,-65.95
Visa Steel,532721,VISASTEEL,Ferrous Metals,605.5,0,566.49,527.97,-47.24,-44.55,150.62,170.98,75.85,17.77,-8.59,4.32,-20.22,,-49.64,-73.41
Visaka Industrie,509055,VISAKAIND,Cement & Cement Products,594.75,0,1540.81,1606.23,0.14,20.4,307.35,505.18,323.99,51.39,12.12,22.86,-8.19,29.15,5.41,49.04
Vishal Fabrics,538598,VISHAL,Textiles & Apparels,672.51,0.1,1519.83,1625.4,29,36.8,384.78,397.17,433.09,28.45,29.64,9.16,10.7,18.27,12.56,64.62
Vishal Mega Mart,544307,VMM,Retailing,62192.84,0,10716.35,11805.64,608.93,736.21,2436.22,3140.32,2981.49,459.18,394.55,206.07,152.31,84.48,22.38,46.47
Vishnu Chemicals,516072,VISHNU,Chemicals & Petrochemicals,3333.97,45.54,1446.56,1511.92,126.53,138.44,343.84,346.92,401.15,55.72,58.2,32.22,32.88,24.08,16.67,43.96
Vishnu Prakash R,543974,VPRPL,Construction,957.39,0,1237.42,1218.09,58.61,30.76,334.87,276.41,295.69,31.91,24.33,7.01,3.65,31.12,-11.7,-84.62
Vishnusurya Pro.,,VISHNUINFR,Other Construction Materials,389.45,0,270.63,299.64,29.42,30.69,139.13,131.5,168.14,17.39,37.79,7.59,23.1,12.69,20.85,5.87
Vision Infra,,VIESL,Commercial Services & Supplies,681.48,0,443.27,531.27,31.08,40.97,193.83,249.44,281.83,65.91,72.02,19.36,21.61,16.63,45.4,47.01
Viviana Power,,VIVIANA,Construction,765.84,0,218.96,261.47,19.77,24.14,41.9,31.68,58.94,6.46,11.23,3.27,5.58,31.72,40.67,40.91
VLS Finance,511333,VLSFINANCE,Finance,1133.38,0,101.07,2.62,46.23,-19.89,79.18,98.57,10.53,93.49,4.95,71.15,7.1,,-86.7,-86.11
Vodafone Idea,532822,IDEA,Telecom - Services,117010.48,0,43571.3,44348,-27480.5,-25945.3,10932.2,11022.5,11194.7,4612.1,4685.1,-6608.1,-5561.8,,2.4,22.49
Voith Paper,522122,,Textiles & Apparels,784.93,15.28,190.23,199.73,39.91,43.45,51.42,52.78,53.24,15.67,14.15,12.58,11.52,18.07,3.54,12.06
Volt.Transform.,532757,VOLTAMP,Electrical Equipment,7961.36,0,1934.23,2014.47,318.82,328.63,397.74,423.58,482.56,72.64,93.57,79.55,78.85,24.23,21.33,4.11
Voltas,500575,VOLTAS,Consumer Durables,43944.77,0,15412.79,14158.57,830.56,547.9,2619.11,3938.58,2347.32,152.65,33.89,140.46,34.29,80.21,-10.38,-74.41
Vraj Iron,544204,VRAJ,Ferrous Metals,420.32,0,475.03,544.18,44.09,33.59,87.55,138.31,132.98,13.22,13.41,7.59,7.75,12.51,51.89,-24.68
VRL Logistics,539118,VRLLOG,Transport Services,4785.35,0,3160.95,3175.55,177.08,233.6,799.48,744.34,796.96,151.61,151.15,50.04,49.89,20.49,-0.32,39.28
VST Industries,509966,VSTIND,Cigarettes & Tobacco Products,4285.58,0,1397.76,1350.41,211.87,222.21,360.03,297.9,336.12,76.93,78.62,56.13,59.21,19.29,-6.64,24.5
VST Till. Tract.,531266,VSTTILLERS,"Agricultural, Commercial & Construction Vehicles",4803.03,0,994.55,1118.13,91.92,96.67,283.43,282.45,315.15,37.5,40.9,44.56,25.43,49.68,11.19,-43.4
VTM,532893,,Textiles & Apparels,724.9,0,344.53,374.08,43.54,37.29,73.17,71.99,89.88,8.43,5,4.6,2.32,19.44,22.84,-76.25
VVIP Infratech,544219,,Other Utilities,332.09,0,370.4,392.99,36.08,36.87,170.92,199.75,193.24,35.29,40.08,18.58,18.29,9.01,13.06,4.39
W S Inds.,504220,WSI,Construction,494.81,0,239.04,155.36,-17.77,-23.56,62.07,26.05,24.05,3.3,2.42,1.2,0.41,,-61.25,-89.41
Waaree Energies,544277,WAAREEENER,Electrical Equipment,82637.52,16.64,14444.5,17952.69,1860.28,2702.29,3574.38,4425.83,6065.64,997.32,1406.4,745.2,842.55,30.58,69.7,132.97
Waaree Renewab.,534618,WAAREERTL,Electrical Equipment,10275.43,0,1597.75,2214.9,230.09,353.17,524.47,603.19,774.78,117.54,157.94,86.44,116.3,29.09,47.73,117.22
Wakefit Innovati,,,,6373.16,0.26,1273.69,1273.69,-42.04,-42.04,,,724,,85.89,,35.57,,,
Walchan. Inds.,507410,WALCHANNAG,Industrial Manufacturing,1084.74,3.75,259.18,213.36,-92.73,-95.54,67.86,49.43,51.78,-2.37,-3.03,-10.39,-11.9,,-23.7,21.45
Wanbury,524212,WANBURY,Pharmaceuticals & Biotechnology,837.3,0,599.51,629.82,33.37,42.99,131.11,172,163.18,29.63,24.44,20.26,13.49,19.48,24.46,1197.12
Wardwizard Inno.,538970,,Automobiles,302.57,0,302.3,261,6.79,11.62,58.18,32.27,33.43,4.03,5.06,1.12,0.17,26.04,-42.54,102.85
Wealth First Por,544536,WEALTH,Finance,1047.72,0,59.84,58.37,35.29,33.15,19.51,24.81,20.57,21.5,15.16,15.96,11.07,31.61,5.43,-26.98
Websol Energy,517498,WEBELSOLAR,Electrical Equipment,4593.05,0,575.46,707.27,154.63,203.33,143.55,218.75,168.22,103.48,72.29,67.18,46.32,22.59,17.19,10.34
Welspun Corp,532144,WELCORP,Industrial Products,21791.06,0,13977.54,15463.58,1212.32,1773.93,3301.83,3551.49,4373.61,525.01,591.1,350.42,439.68,12.28,32.46,48.67
Welspun Enterp,532553,WELENT,Construction,7208.64,0,3584.1,3549.8,322.41,365.96,815.3,845.05,783.92,181.26,172.18,102.04,88.09,19.7,-3.85,26.7
Welspun Investme,533252,WELINV,Finance,473.8,0,5.26,5.19,3.7,3.36,4.88,0.04,4.9,-0.2,4.57,-0.2,3.49,141.01,0.41,-3.32
Welspun Living,514162,WELSPUNLIV,Textiles & Apparels,12919.78,74.53,10545.09,9836.99,637.82,353.18,2873.09,2260.57,2440.91,225.42,153.33,87.55,12.98,36.58,-15.04,-93.54
Welspun Special.,500365,,Industrial Products,2417.21,0,723.72,834.6,-4.44,8.86,167.42,201.32,239.08,4.31,14.46,-0.75,9.65,272.82,42.8,251.97
Wendt India,505412,WENDT,Industrial Products,1555.22,0,233.72,237.75,34.43,27.59,55.66,52.17,56.58,7.28,6.68,3.78,2.7,56.37,1.65,-74.74
West Coast Paper,500444,WSTCSTPAPR,"Paper, Forest & Jute Products",2714.38,0,4062.29,4054.81,319.49,180.07,1044.82,954.65,1043.02,110.45,68.01,54.39,17.49,15.07,-0.17,-80.37
Western Carriers,544258,WCIL,Transport Services,1239.32,0,1725.72,1727.02,65.13,47.02,431.43,415.82,439.62,20.8,18.83,10.79,8.95,26.36,1.9,-52.8
Westlife Food,505533,WESTLIFE,Leisure Services,8741.67,0,2491.19,2556.34,7.75,-4.56,618.01,657.63,641.85,85.32,67.15,1.23,-14.32,,3.86,-4077.78
Wework India,544570,WEWORK,Commercial Services & Supplies,8022.06,0,1941.81,1941.81,176.41,176.41,468.7,533.95,573.03,334.73,380.7,-14.61,7.39,45.47,22.26,-96.38
Wheels India,590073,WHEELS,Auto Components,2028.38,25.35,4415.33,4604.75,105.85,112.77,1083.89,1182.87,1173.02,84.99,84.18,26.44,27.77,17.99,8.22,26.69
Whirlpool India,500238,WHIRLPOOL,Consumer Durables,12054.48,3.87,7919.37,7789.11,353.75,338.99,1712.99,2432.32,1647.27,211.13,57.82,145.73,35.26,35.56,-3.84,-32.22
Wim Plast,526586,,Consumer Durables,572.8,0,367.38,373.04,58.58,60.5,78.2,89.88,84.32,13.39,12.98,16.89,12.5,9.47,7.83,-33.9
Windlas Biotech,543329,WINDLAS,Pharmaceuticals & Biotechnology,1620.04,4.29,759.88,830.22,60.98,67.32,187,210.09,222.4,26.53,28.56,17.66,17.8,24.06,18.93,13.67
Windsor Machines,522029,WINDMACHIN,Industrial Manufacturing,2423.57,16.36,368.72,478.45,-11.92,2.77,59.41,113.34,136.64,7.98,8.5,-0.66,2.46,874.93,129.99,111.07
Wipro,507685,WIPRO,IT - Software,272514.05,0,89088.4,89654.9,13089.91,13500,22301.6,22134.6,22697.3,4233.1,4372.4,3330.4,3246.2,20.19,1.77,1.17
Wise Travel,,WTICAB,Transport Services,359.68,0,548.59,684.52,22.95,27.15,243.64,304.95,379.57,32.52,43.7,13.04,14.11,13.25,55.79,36.99
Wockhardt,532300,WOCKPHARMA,Pharmaceuticals & Biotechnology,22108.06,77.72,3012,2984,-47,54.87,809,738,782,72,178,-12.13,78,402.94,-3.34,454.55
Wonder Electric.,543449,WEL,Consumer Durables,2368.71,0.01,894.39,783.53,19.02,18.09,129.58,154.74,95.23,5.1,4.31,1.11,0.26,130.94,-26.51,-49.02
Wonderla Holiday,538268,WONDERLA,Leisure Services,3530.12,0,458.57,466.68,105.81,82.13,67.38,168.24,80.15,76.68,7.48,52.57,-1.75,42.98,18.95,-111.89
Workmates Core2,544610,,IT - Software,592.78,5.7,107.65,107.65,13.93,13.93,,,,,,,,42.55,,
WPIL,505872,,Industrial Manufacturing,3729.07,0,1806.89,1758.07,131.38,96.07,490.89,378.58,426.02,49.2,80.36,22.41,41.02,38.82,-13.21,-31.92
Xchanging Sol.,532616,XCHANGING,IT - Software,944.7,0,184.9,199.18,49.56,59.16,44.46,49.99,52.81,16.36,17.01,13.77,16.26,15.97,18.78,65.58
XPRO India,590013,XPROINDIA,Industrial Products,2310.99,0,532.98,527.57,38.39,13.53,133.98,144.9,119.91,-2.52,7.33,-5.48,4.97,170.81,-10.5,-50
XT Global Infot.,531225,XTGLOBAL,IT - Software,494.1,0,234.14,322.82,9.15,9.94,48.74,92.31,94.41,6.55,6.89,2.93,2.74,49.71,93.7,1.11
Yamuna Syndicate,540980,,Commercial Services & Supplies,952.86,0,64.82,64.49,115.07,87.31,15.2,19.33,14.88,0.46,0.19,24.32,20.42,10.91,-2.11,-51.77
Yash Highvoltage,544310,,Electrical Equipment,1355.76,,150.14,150.14,21.41,21.41,57.05,,100.14,,21.27,,14.02,46.69,75.53,119.41
Yasho Industries,541167,YASHO,Chemicals & Petrochemicals,1910.78,64.42,668.5,715.66,5.83,12.71,167.07,198.64,183.3,33.49,33.12,3.64,4.86,150.34,9.71,11.47
Yatharth Hospit.,543950,YATHARTH,Healthcare Services,6610.37,0,860.1,988.13,129.28,152.49,217.77,257.77,279.42,64.49,64.52,42.04,41.24,43.35,28.31,33.25
Yatra Online,543992,YATRA,Leisure Services,2706.42,0,791.44,1014.91,36.49,55.51,236.4,209.81,350.87,23.08,23.88,16,14.28,48.76,48.42,95.62
Yes Bank,532648,YESBANK,Banks,70879.62,0,30918.81,30449.57,2457.94,2836.87,7737.2,7604.62,7388.75,4495.05,4259.3,808.65,664.31,24.99,-4.5,17.25
Yogi Ltd,511702,,Finance,779.26,0,111.07,335.95,1.46,17.32,,90.29,134.59,7.69,12.72,6.32,9.29,44.99,,
Yuken India,522108,YUKEN,Industrial Products,1152.37,2.13,457.36,448.58,24.64,21.51,115.66,104.55,112.53,12.5,13.41,4.05,5.12,53.57,-2.71,-27.07
Z F Steering,505163,,Auto Components,721.43,0,493.87,508.09,14.89,10.59,111.17,132.93,120.56,18.14,12.36,7.97,-0.39,68.12,8.45,-122.67
Z-Tech (India),,ZTECH,Other Utilities,725.97,0,94.4,114.11,19.57,23.36,19.04,20.48,34.5,5,7.02,3.04,6.06,31.08,81.2,102
Zaggle Prepaid,543985,ZAGGLE,IT - Services,4735.87,0,1302.65,1510.36,87.47,111.32,302.56,331.49,430.98,30.9,43.95,25.88,33.24,42.54,42.44,79.09
Zee Entertainmen,505537,ZEEL,Entertainment,9364.11,8.42,8294.1,7956.9,751.98,639.31,2000.7,1824.8,1969.2,238.9,159,143.7,76.5,14.65,-1.57,-62.13
Zee Media,532794,ZEEMEDIA,Entertainment,562.25,0,621.92,676.33,-115.94,-72.48,130.7,182.36,178.72,19.78,17.1,-8.81,-15.53,,36.74,68.85
Zelio E-Mobility,544563,,Automobiles,1154.15,0,171.97,230.23,16.01,20.78,75.28,96.91,133.32,11.77,15.27,8.96,11.82,55.54,77.1,67.66
Zen Technologies,533339,ZENTEC,Aerospace & Defense,12534.98,0,973.64,808.97,280.24,247.25,241.84,158.22,173.57,64.22,64.64,47.75,58.73,50.7,-28.23,-6.29
Zensar Tech.,504067,ZENSARTECH,IT - Software,16946.21,100,5280.6,5490.8,627.07,700.4,1308,1385,1421.3,210.6,220,182,182.2,24.2,8.66,17.02
ZF Commercial,533023,ZFCVINDIA,Auto Components,28090.33,0,3804.09,3824.11,452.52,476.74,906.7,963.23,901.8,127.93,132.13,120.17,106.47,58.92,-0.54,-2.62
Zim Laboratories,541400,ZIMLAB,Pharmaceuticals & Biotechnology,347.28,0,379.03,365.53,12.17,6.59,92.14,71.76,88.71,4.25,5.76,-1.87,-0.42,52.7,-3.72,-117.65
Zodiac Energy,543416,ZODIAC,Construction,476.38,0,407.78,470.5,19.8,20.52,52.77,98.05,96.78,9.68,10.28,2.69,2.68,23.22,83.4,7.63
Zota Health Care,,ZOTA,Pharmaceuticals & Biotechnology,4838.97,0,291.89,401.92,-56.39,-61.84,67.28,103.58,128.95,3.95,6.32,-14.32,-15.95,,91.66,-31.82
Zuari Agro Chem.,534742,ZUARI,Fertilizers & Agrochemicals,1237.75,0,4436.09,4884.8,160.84,345.8,1123.32,1246.05,1422.63,140.74,173.76,98.99,172.44,3.58,26.65,112.29
Zuari Industries,500780,ZUARIIND,Agricultural Food & other Products,951.09,0,970.33,1005.95,-74.75,126.26,237.29,257.46,241.17,25.24,10.82,0.05,171.66,7.53,1.64,4046.85
Zydus Lifesci.,532321,ZYDUSLIFE,Pharmaceuticals & Biotechnology,93780.79,0,23241.5,24493.9,4643.81,5029.35,5237,6573.7,6123.2,2088.5,2015.8,1466.8,1283.6,18.65,16.92,40.92
Zydus Wellness,531335,ZYDUSWELL,Food Products,13036.66,0,2708.9,2886.4,332.01,281.58,492.9,860.9,650.5,155.6,23,127.9,-24.62,46.3,31.97,-256.82